Date,Open,High,Low,Close,Volume
2005-01-03 00:00:00+09:00,991.5467529296876,991.5467529296876,991.5467529296876,991.5467529296875,0
2005-01-04 00:00:00+09:00,979.8471700094391,982.7720869348404,941.823249979222,962.2976684570312,84000
2005-01-05 00:00:00+09:00,959.3727686850891,1006.1714403282642,959.3727686850891,985.697021484375,159800
2005-01-06 00:00:00+09:00,979.8470560709635,1000.3214721679688,979.8470560709635,982.77197265625,91000
2005-01-07 00:00:00+09:00,982.7721068967145,991.5468578511494,962.2976880030329,968.1475219726562,69400
2005-01-10 00:00:00+09:00,968.1475219726562,968.1475219726562,968.1475219726562,968.1475219726562,0
2005-01-11 00:00:00+09:00,971.0724365958829,994.4717724174704,971.0724365958829,985.697021484375,119400
2005-01-12 00:00:00+09:00,982.7722031937317,1000.3217068221912,982.7722031937317,997.3967895507812,85000
2005-01-13 00:00:00+09:00,997.3964947259914,1000.3214111328125,991.5466619123492,1000.3214111328125,82400
2005-01-14 00:00:00+09:00,997.3968368392807,997.3968368392807,968.147662738422,973.9974975585938,115200
2005-01-17 00:00:00+09:00,988.6217455055281,1000.3214111328125,985.6968290987071,1000.3214111328125,41800
2005-01-18 00:00:00+09:00,994.4716696049964,1000.321502955614,985.6969195790699,991.5467529296875,37800
2005-01-19 00:00:00+09:00,994.4717407226562,1000.3215744916131,988.6219069536994,994.4717407226562,34200
2005-01-20 00:00:00+09:00,997.3966576071347,1000.3215744916131,982.7720731847427,994.4717407226562,61200
2005-01-21 00:00:00+09:00,1000.3216063728673,1000.3216063728673,985.6970214843751,985.697021484375,43800
2005-01-24 00:00:00+09:00,985.6971204651417,1009.096458636421,985.6971204651417,997.3967895507812,34000
2005-01-25 00:00:00+09:00,997.3968270564424,1009.0964965820311,994.4719096750453,1009.0964965820312,29200
2005-01-26 00:00:00+09:00,1014.9461589140051,1014.9461589140051,950.5979874554803,994.4717407226562,34800
2005-01-27 00:00:00+09:00,991.5468238381778,1003.2464913760914,982.7720731847427,994.4717407226562,25000
2005-01-28 00:00:00+09:00,994.4719096750453,1012.0214139634284,991.546992293648,1009.0964965820312,44600
2005-01-31 00:00:00+09:00,994.4719096750453,1014.9463313448256,994.4719096750453,1009.0964965820312,80200
2005-02-01 00:00:00+09:00,1020.7960327503293,1020.7960327503293,997.3966967560525,1006.1714477539062,43800
2005-02-02 00:00:00+09:00,1012.0212420295267,1012.0212420295267,988.6219069536994,994.4717407226562,77400
2005-02-03 00:00:00+09:00,1003.2463275396336,1003.2463275396336,991.5466619123492,1000.3214111328125,67200
2005-02-04 00:00:00+09:00,1012.0214139634284,1014.9463313448256,1000.3217444378396,1009.0964965820312,91000
2005-02-07 00:00:00+09:00,1014.9461050925105,1050.0451058449894,1006.1713549043908,1032.49560546875,138000
2005-02-08 00:00:00+09:00,1026.6455475115843,1032.4953796911375,1012.0209670627014,1020.7957153320312,76800
2005-02-09 00:00:00+09:00,1038.3456938145525,1038.3456938145525,1032.4958589198225,1035.4207763671875,64000
2005-02-10 00:00:00+09:00,1044.1955287092824,1044.1955287092824,1032.4958589198225,1035.4207763671875,68400
2005-02-11 00:00:00+09:00,1035.4207763671875,1035.4207763671875,1035.4207763671875,1035.4207763671875,0
2005-02-14 00:00:00+09:00,1050.0452495736135,1050.0452495736135,1035.420663924956,1038.3455810546875,37200
2005-02-15 00:00:00+09:00,1029.5706887393767,1044.1952723862428,1029.5706887393767,1032.49560546875,35400
2005-02-16 00:00:00+09:00,1041.2703353142806,1041.2703353142806,979.847085197427,1026.645751953125,155000
2005-02-17 00:00:00+09:00,1009.0962935467156,1012.0212103396046,991.5467927893815,1003.2464599609375,175800
2005-02-18 00:00:00+09:00,988.6218362543788,994.4716696049964,973.9972528778347,991.5467529296875,77200
2005-02-21 00:00:00+09:00,982.7723569249259,1000.3218632985854,973.9976037380962,988.6221923828125,87800
2005-02-22 00:00:00+09:00,988.6221923828125,1006.1716987564719,971.072686009153,988.6221923828125,146200
2005-02-23 00:00:00+09:00,979.7948455810546,994.5064798990885,959.1985575358073,988.621826171875,155000
2005-02-24 00:00:00+09:00,997.4489807688861,1006.2759628995842,956.2563974922949,962.1410522460938,190000
2005-02-25 00:00:00+09:00,982.7371921982876,1020.9874421940294,982.7371921982876,1012.1604614257812,167000
2005-02-28 00:00:00+09:00,1020.9873966724948,1038.641357421875,1006.2757627146779,1038.641357421875,107400
2005-03-01 00:00:00+09:00,1023.9297743371902,1023.9297743371902,997.4488318974353,1009.2181396484375,87600
2005-03-02 00:00:00+09:00,1003.3334400850184,1003.3334400850184,985.6794792624081,1000.39111328125,79600
2005-03-03 00:00:00+09:00,1000.3913075825167,1009.2182897082447,994.5066528320312,994.5066528320312,50800
2005-03-04 00:00:00+09:00,1000.3908333235871,1000.3908333235871,979.7945514610427,982.7368774414062,70000
2005-03-07 00:00:00+09:00,991.5641530354817,991.5641530354817,970.9678649902343,988.621826171875,93600
2005-03-08 00:00:00+09:00,985.6792034217697,994.5061813628602,973.9098995003158,982.7368774414062,87600
2005-03-09 00:00:00+09:00,988.6220320736069,994.5066870264259,973.9103946915591,976.8527221679688,94000
2005-03-10 00:00:00+09:00,982.7372489677176,994.5065573385886,979.7949218749999,979.794921875,85800
2005-03-11 00:00:00+09:00,1000.3911639654148,1012.1604717767726,985.6795292012175,1006.2758178710938,179600
2005-03-14 00:00:00+09:00,1015.1029663085939,1018.0452937471695,1012.1606388700181,1015.1029663085938,72000
2005-03-15 00:00:00+09:00,1023.9297691167787,1029.8144229622774,1012.1604614257812,1012.1604614257812,185600
2005-03-16 00:00:00+09:00,1023.9299486243207,1023.9299486243207,1012.1606388700181,1015.1029663085938,102200
2005-03-17 00:00:00+09:00,1015.102798729612,1018.0451256824515,1003.3334909182543,1006.2758178710938,167600
2005-03-18 00:00:00+09:00,1029.8143635625424,1082.7762451171875,1029.8143635625424,1082.7762451171875,291000
2005-03-21 00:00:00+09:00,1082.7762451171875,1082.7762451171875,1082.7762451171875,1082.7762451171875,0
2005-03-22 00:00:00+09:00,1082.7765561137603,1082.7765561137603,1044.5262973380025,1079.834228515625,167200
2005-03-23 00:00:00+09:00,1071.007101779514,1071.007101779514,1050.4108113606771,1059.23779296875,113200
2005-03-24 00:00:00+09:00,1047.4682521713512,1073.9491911307393,1047.4682521713512,1053.3529052734375,81400
2005-03-25 00:00:00+09:00,1050.4105787223943,1053.3529052734375,1029.8142928650925,1053.3529052734375,97000
2005-03-28 00:00:00+09:00,1038.6417115977113,1050.4110227772887,1038.6417115977113,1044.5263671875,26200
2005-03-29 00:00:00+09:00,1032.7564697265625,1047.468100349448,1023.9294913528312,1032.7564697265625,97600
2005-03-30 00:00:00+09:00,1026.872075398763,1032.7567291259766,1009.2181142171223,1023.9297485351562,67000
2005-03-31 00:00:00+09:00,1029.8144770603553,1056.2954207561932,1020.9874958284095,1050.4107666015625,86200
2005-04-01 00:00:00+09:00,1035.6993526785716,1038.6416803850448,1026.8723695591518,1029.814697265625,72000
2005-04-04 00:00:00+09:00,1044.526200727983,1044.526200727983,1020.9875821200285,1035.69921875,160400
2005-04-05 00:00:00+09:00,1038.6415025499132,1071.007101779514,1038.6415025499132,1059.23779296875,196400
2005-04-06 00:00:00+09:00,1059.2380964949325,1097.4883610905829,1059.2380964949325,1088.661376953125,256600
2005-04-07 00:00:00+09:00,1082.7765917157203,1085.7189194106,1023.9300378181267,1062.1802978515625,481400
2005-04-08 00:00:00+09:00,1068.0644915723424,1123.9686936105643,1068.0644915723424,1121.0263671875,263000
2005-04-11 00:00:00+09:00,1115.1419677734375,1138.6805845074414,1103.3726594064356,1115.1419677734375,138600
2005-04-12 00:00:00+09:00,1115.141886502906,1115.141886502906,1091.603271484375,1091.603271484375,158600
2005-04-13 00:00:00+09:00,1103.3728348581415,1121.0268002158718,1079.8342143811678,1118.08447265625,290600
2005-04-14 00:00:00+09:00,1118.0843615658068,1118.0843615658068,1097.4880706948577,1112.19970703125,151800
2005-04-15 00:00:00+09:00,1100.430397962136,1121.0266888330852,1100.430397962136,1112.19970703125,207000
2005-04-18 00:00:00+09:00,1056.2955100319602,1106.3150745738637,1056.2955100319602,1068.0648193359375,287600
2005-04-19 00:00:00+09:00,1073.94926485808,1097.4878788823667,1050.4106508337932,1082.7762451171875,638400
2005-04-20 00:00:00+09:00,1088.661023947683,1123.968949048689,1073.9493884889305,1115.1419677734375,333400
2005-04-21 00:00:00+09:00,1115.1417143413712,1121.0263671875,1094.5454293799212,1121.0263671875,201000
2005-04-22 00:00:00+09:00,1141.6227368352345,1144.5650634765625,1121.026450345939,1144.5650634765625,246200
2005-04-25 00:00:00+09:00,1165.16143291483,1191.642374571985,1150.4497986608549,1168.103759765625,358400
2005-04-26 00:00:00+09:00,1156.3344523624448,1168.103759765625,1141.6228181084698,1168.103759765625,138200
2005-04-27 00:00:00+09:00,1150.4496878708464,1162.218994140625,1138.6803816010681,1162.218994140625,124200
2005-04-28 00:00:00+09:00,1173.9881416112553,1194.5844247974178,1165.1611631029,1185.7574462890625,229000
2005-04-29 00:00:00+09:00,1185.7574462890625,1185.7574462890625,1185.7574462890625,1185.7574462890625,0
2005-05-02 00:00:00+09:00,1171.0458154418036,1209.2960556446765,1171.0458154418036,1185.7574462890625,164800
2005-05-03 00:00:00+09:00,1185.7574462890625,1185.7574462890625,1185.7574462890625,1185.7574462890625,0
2005-05-04 00:00:00+09:00,1185.7574462890625,1185.7574462890625,1185.7574462890625,1185.7574462890625,0
2005-05-05 00:00:00+09:00,1185.7574462890625,1185.7574462890625,1185.7574462890625,1185.7574462890625,0
2005-05-06 00:00:00+09:00,1197.5271028217517,1250.488989433033,1197.5271028217517,1229.8927001953125,240400
2005-05-09 00:00:00+09:00,1221.065708705357,1235.77734375,1215.1810546875,1235.77734375,170000
2005-05-10 00:00:00+09:00,1232.8351175242456,1279.912353515625,1232.8351175242456,1279.912353515625,322200
2005-05-11 00:00:00+09:00,1250.4889430769954,1250.4889430769954,1212.2386930534637,1221.065673828125,223000
2005-05-12 00:00:00+09:00,1235.7772118446385,1250.4888453189794,1226.950231760034,1241.661865234375,95600
2005-05-13 00:00:00+09:00,1200.4693042652027,1226.9502448004644,1182.8153439083615,1197.5269775390625,221400
2005-05-16 00:00:00+09:00,1182.8151201196106,1206.3537294752248,1182.8151201196106,1185.7574462890625,96400
2005-05-17 00:00:00+09:00,1206.3540088259604,1206.3540088259604,1147.5074718100598,1168.103759765625,114000
2005-05-18 00:00:00+09:00,1182.8154505437344,1194.5847585093436,1150.4498536383087,1171.046142578125,71400
2005-05-19 00:00:00+09:00,1197.5270643851056,1200.469391324627,1176.9307758084578,1182.8154296875,106000
2005-05-20 00:00:00+09:00,1188.7000835665424,1191.6424105060635,1171.0461219294154,1182.8154296875,126400
2005-05-23 00:00:00+09:00,1179.8729248046875,1182.8152513004597,1165.161292325826,1179.8729248046875,84800
2005-05-24 00:00:00+09:00,1171.045869090673,1176.9305216991688,1147.5072586566896,1150.4495849609375,116400
2005-05-25 00:00:00+09:00,1159.2765107639964,1188.6997724585142,1150.449532255641,1185.7574462890625,171400
2005-05-26 00:00:00+09:00,1185.757577796232,1209.2961897624102,1179.8729248046875,1179.8729248046875,135800
2005-05-27 00:00:00+09:00,1185.7574462890625,1206.3537294752248,1185.7574462890625,1185.7574462890625,69400
2005-05-30 00:00:00+09:00,1200.4692558453237,1229.8925219199639,1197.5269292378596,1226.9501953125,118000
2005-05-31 00:00:00+09:00,1224.0083744840802,1247.5469970703125,1212.239063190964,1247.5469970703125,134400
2005-06-01 00:00:00+09:00,1232.8351937699488,1238.7198486328125,1206.3542468870621,1238.7198486328125,104800
2005-06-02 00:00:00+09:00,1235.7774101748955,1253.431373177394,1226.9504286736462,1232.8350830078125,58000
2005-06-03 00:00:00+09:00,1226.9503762838724,1262.25830078125,1221.065722200976,1262.25830078125,80400
2005-06-06 00:00:00+09:00,1256.3739805401497,1259.3163083634288,1238.7200136004753,1247.5469970703125,81000
2005-06-07 00:00:00+09:00,1238.71981547429,1247.5467975323018,1209.296541947585,1224.0081787109375,91800
2005-06-08 00:00:00+09:00,1218.123215490108,1238.719501742356,1212.23856227518,1226.9501953125,77800
2005-06-09 00:00:00+09:00,1244.6043916761448,1253.431373177394,1221.0657743394802,1232.8350830078125,88600
2005-06-10 00:00:00+09:00,1247.5468195921985,1250.489146996897,1229.892855164007,1244.6044921875,94400
2005-06-13 00:00:00+09:00,1253.4311330396076,1282.854399073401,1244.6041532294694,1265.200439453125,83600
2005-06-14 00:00:00+09:00,1253.4316527168705,1265.2009640099868,1241.6623414237545,1247.5469970703125,99400
2005-06-15 00:00:00+09:00,1265.2006278226982,1271.0852819055945,1247.5466655740092,1262.25830078125,42000
2005-06-16 00:00:00+09:00,1279.912353515625,1303.4509715113147,1271.0853717672414,1279.912353515625,100000
2005-06-17 00:00:00+09:00,1300.5082239221642,1309.3352028175636,1271.0849609375,1271.0849609375,151800
2005-06-20 00:00:00+09:00,1297.565974308894,1312.277606670673,1291.6813213641826,1300.50830078125,82400
2005-06-21 00:00:00+09:00,1294.6239905934697,1312.2779541015625,1288.739336090772,1312.2779541015625,91000
2005-06-22 00:00:00+09:00,1291.6814525257457,1306.3930863813919,1276.9698186700994,1294.623779296875,98600
2005-06-23 00:00:00+09:00,1294.6239678246013,1297.5662950242026,1288.7393134253987,1291.681640625,60800
2005-06-24 00:00:00+09:00,1282.8547689909299,1297.56640625,1276.9701140873017,1297.56640625,84000
2005-06-27 00:00:00+09:00,1297.565974308894,1309.3352801983172,1288.738994891827,1300.50830078125,141000
2005-06-28 00:00:00+09:00,1303.4506272536057,1303.4506272536057,1285.7966684194712,1300.50830078125,88400
2005-06-29 00:00:00+09:00,1306.3926015357447,1309.3349272148794,1285.7963217818028,1288.7386474609375,74200
2005-06-30 00:00:00+09:00,1282.8548583984375,1294.624169025946,1276.9702030846831,1282.8548583984375,81200
2005-07-01 00:00:00+09:00,1282.8546590261958,1297.5662950242026,1279.9123318265945,1291.681640625,83800
2005-07-04 00:00:00+09:00,1294.6232988192066,1300.5079501774758,1271.08469338613,1288.7386474609375,122800
2005-07-05 00:00:00+09:00,1288.7389120831585,1318.1621749161075,1285.7965857998638,1315.2198486328125,108400
2005-07-06 00:00:00+09:00,1324.047078628207,1362.297327566355,1324.047078628207,1347.585693359375,237200
2005-07-07 00:00:00+09:00,1341.7010138061253,1353.4703209447755,1315.2200727441623,1326.9893798828125,92000
2005-07-08 00:00:00+09:00,1312.2779541015625,1321.1049358556088,1306.3932995988648,1312.2779541015625,107600
2005-07-11 00:00:00+09:00,1326.989375936574,1382.8935846789132,1326.989375936574,1365.2396240234375,195800
2005-07-12 00:00:00+09:00,1388.7781135351154,1429.9706846992924,1377.0088074882076,1403.48974609375,193800
2005-07-13 00:00:00+09:00,1391.7205512379307,1421.143818705963,1391.7205512379307,1409.37451171875,176600
2005-07-14 00:00:00+09:00,1400.5476281117585,1429.9708976099048,1385.8359933626855,1388.7783203125,227200
2005-07-15 00:00:00+09:00,1403.490380704529,1412.3173642309725,1391.7210693359375,1391.7210693359375,62200
2005-07-18 00:00:00+09:00,1391.7210693359375,1391.7210693359375,1391.7210693359375,1391.7210693359375,0
2005-07-19 00:00:00+09:00,1406.4322820113878,1406.4322820113878,1382.8936664128707,1388.7783203125,105200
2005-07-20 00:00:00+09:00,1403.4902812250134,1403.4902812250134,1377.0093325226546,1379.95166015625,76600
2005-07-21 00:00:00+09:00,1382.8940858094938,1400.5480528623812,1379.951757967346,1391.7210693359375,36800
2005-07-22 00:00:00+09:00,1382.8935081596292,1394.6628146120515,1368.1818750941013,1374.0665283203125,72600
2005-07-25 00:00:00+09:00,1359.3551581693778,1377.0091212624866,1341.701195076269,1362.2974853515625,196400
2005-07-26 00:00:00+09:00,1362.297802838044,1388.7787536491508,1362.297802838044,1385.83642578125,118600
2005-07-27 00:00:00+09:00,1397.6053327961542,1403.4899868289801,1371.1243896484375,1371.1243896484375,79000
2005-07-28 00:00:00+09:00,1379.9514594419402,1379.9514594419402,1353.470514591242,1356.412841796875,85600
2005-07-29 00:00:00+09:00,1365.2401307059447,1391.7210815170515,1362.297802838044,1385.83642578125,90200
2005-08-01 00:00:00+09:00,1400.5474195820232,1421.1437051641117,1397.605093070296,1403.48974609375,137400
2005-08-02 00:00:00+09:00,1412.316753292872,1427.0283861396726,1409.3744267235118,1424.0860595703125,171000
2005-08-03 00:00:00+09:00,1424.0866070839925,1424.0866070839925,1382.894019275778,1394.663330078125,66000
2005-08-04 00:00:00+09:00,1424.0866070839925,1424.0866070839925,1388.7786746769514,1394.663330078125,120000
2005-08-05 00:00:00+09:00,1379.9514594419402,1406.4324042926382,1341.7012057687093,1356.412841796875,102600
2005-08-08 00:00:00+09:00,1326.9895697405436,1359.355169002508,1303.4509520954787,1356.412841796875,104000
2005-08-09 00:00:00+09:00,1415.259521484375,1424.0865039468554,1400.5478840469075,1415.259521484375,160000
2005-08-10 00:00:00+09:00,1406.4330379298476,1435.8563232421875,1406.4330379298476,1435.8563232421875,136800
2005-08-11 00:00:00+09:00,1444.6833088358894,1453.5102944295916,1435.8563232421875,1435.8563232421875,138600
2005-08-12 00:00:00+09:00,1453.5094254849676,1479.9903664350984,1447.624771940494,1474.105712890625,213200
2005-08-15 00:00:00+09:00,1488.8170609012727,1491.7593871085876,1453.5091464134955,1459.393798828125,72200
2005-08-16 00:00:00+09:00,1456.4517522572044,1474.105712890625,1456.4517522572044,1474.105712890625,77000
2005-08-17 00:00:00+09:00,1465.278706291909,1485.8749933281408,1450.5670726946007,1453.5093994140625,99800
2005-08-18 00:00:00+09:00,1532.9524518181295,1600.6259765624998,1532.9524518181295,1600.6259765625,370800
2005-08-19 00:00:00+09:00,1680.068808034929,1700.665098150944,1547.6640858605476,1568.2603759765625,542800
2005-08-22 00:00:00+09:00,1580.0297525454084,1641.8186255499775,1577.0874252594767,1630.04931640625,210200
2005-08-23 00:00:00+09:00,1659.4724866832387,1659.4724866832387,1609.4529259144176,1618.2799072265625,292600
2005-08-24 00:00:00+09:00,1647.7036854918574,1685.953949619347,1632.992045442823,1671.2423095703125,330000
2005-08-25 00:00:00+09:00,1674.1846839641703,1709.4926210600756,1659.4730435075433,1706.55029296875,386600
2005-08-26 00:00:00+09:00,1721.2864611688806,1721.2864611688806,1656.4434780426557,1691.8123779296875,258800
2005-08-29 00:00:00+09:00,1665.2859058045503,1700.6548099986292,1665.2859058045503,1680.02294921875,154400
2005-08-30 00:00:00+09:00,1682.9710143094237,1718.3399322984133,1682.9710143094237,1706.55029296875,107600
2005-08-31 00:00:00+09:00,1682.9701754453954,1682.9701754453954,1665.2857252655838,1671.1805419921875,203200
2005-09-01 00:00:00+09:00,1700.6549605645675,1700.6549605645675,1656.4438264077764,1659.3912353515625,213800
2005-09-02 00:00:00+09:00,1650.5489384107468,1650.5489384107468,1606.3378061318876,1618.12744140625,318200
2005-09-05 00:00:00+09:00,1588.6529337565105,1603.3899739583335,1568.0210774739585,1591.600341796875,461400
2005-09-06 00:00:00+09:00,1591.6009157095384,1624.0224158443623,1579.811279296875,1579.811279296875,202400
2005-09-07 00:00:00+09:00,1570.9682591707929,1588.6527048650232,1538.5467753980372,1553.2838134765625,457000
2005-09-08 00:00:00+09:00,1535.6001035819932,1547.3897396939471,1482.5467410782007,1517.9156494140625,496200
2005-09-09 00:00:00+09:00,1485.4943514737217,1562.1269965894296,1482.5469420461945,1556.232177734375,448000
2005-09-12 00:00:00+09:00,1606.3382130959353,1624.022670487817,1591.6011652693671,1612.2330322265625,311800
2005-09-13 00:00:00+09:00,1615.179835353388,1641.7065114814545,1573.9161169319511,1576.863525390625,248600
2005-09-14 00:00:00+09:00,1579.8113862197765,1621.0751164568603,1579.8113862197765,1615.1802978515625,198200
2005-09-15 00:00:00+09:00,1621.0752085092904,1635.812255859375,1618.1277990392737,1635.812255859375,224800
2005-09-16 00:00:00+09:00,1635.812255859375,1641.7070747994087,1624.0226179793074,1635.812255859375,119200
2005-09-19 00:00:00+09:00,1635.812255859375,1635.812255859375,1635.812255859375,1635.812255859375,0
2005-09-20 00:00:00+09:00,1659.3910788455019,1659.3910788455019,1621.0747661900994,1629.9169921875,175800
2005-09-21 00:00:00+09:00,1650.5491943359375,1650.5491943359375,1621.0751015799385,1650.5491943359375,116600
2005-09-22 00:00:00+09:00,1650.548661394817,1703.6020112253648,1650.548661394817,1691.8123779296875,289400
2005-09-23 00:00:00+09:00,1691.8123779296875,1691.8123779296875,1691.8123779296875,1691.8123779296875,0
2005-09-26 00:00:00+09:00,1682.9696044921875,1691.811826582339,1665.2851603118843,1682.9696044921875,97400
2005-09-27 00:00:00+09:00,1700.6549171650304,1700.6549171650304,1665.2860107421875,1665.2860107421875,108200
2005-09-28 00:00:00+09:00,1656.4438158118205,1656.4438158118205,1603.3904551630435,1626.9697265625,299200
2005-09-29 00:00:00+09:00,1650.5488623903507,1697.7074013157894,1635.8118189761512,1680.02294921875,194000
2005-09-30 00:00:00+09:00,1709.49755859375,1730.1294256802264,1680.0234627559269,1709.49755859375,238200
2005-10-03 00:00:00+09:00,1712.444766773897,1718.3395852481617,1688.8654928768383,1703.6025390625,172000
2005-10-04 00:00:00+09:00,1733.0758699426328,1848.024779683726,1715.391422290157,1830.34033203125,327800
2005-10-05 00:00:00+09:00,1830.3410727585417,1880.4470280514488,1818.5514362190343,1862.7625732421875,338400
2005-10-06 00:00:00+09:00,1842.1304993710278,1842.1304993710278,1736.0237826072564,1738.97119140625,518200
2005-10-07 00:00:00+09:00,1741.9185090017793,1794.9718646058943,1741.9185090017793,1786.129638671875,398600
2005-10-10 00:00:00+09:00,1786.1296386718752,1786.1296386718752,1786.1296386718752,1786.129638671875,0
2005-10-11 00:00:00+09:00,1803.8140730947819,1901.078557428324,1800.8666644786138,1874.5518798828125,452400
2005-10-12 00:00:00+09:00,1895.1840689855676,1948.2374332806535,1889.2892507305583,1930.552978515625,491600
2005-10-13 00:00:00+09:00,1933.4999737247758,1971.8162841796875,1921.710339738649,1971.8162841796875,261400
2005-10-14 00:00:00+09:00,1945.2897039108727,2004.2378767566568,1939.3948866262942,1992.4482421875,234200
2005-10-17 00:00:00+09:00,1977.7109387849507,1989.5005718030427,1939.3946314761513,1960.0264892578125,211800
2005-10-18 00:00:00+09:00,1948.2371132980084,1962.9741565150887,1889.2889404296875,1889.2889404296875,230800
2005-10-19 00:00:00+09:00,1868.656635278281,1868.656635278281,1797.9188446683777,1830.34033203125,462000
2005-10-20 00:00:00+09:00,1815.6036873282965,1895.183719078076,1812.6562787449714,1877.499267578125,265600
2005-10-21 00:00:00+09:00,1874.5520406179296,1974.7639421603976,1862.7624051423452,1954.132080078125,401800
2005-10-24 00:00:00+09:00,1974.763885989545,2036.6594704757845,1954.1320244941319,2013.0802001953125,338000
2005-10-25 00:00:00+09:00,2030.764038964141,2063.1855257981115,2024.8692231761465,2048.448486328125,268800
2005-10-26 00:00:00+09:00,2063.1863219690185,2092.6604122828617,2048.4492768120967,2057.29150390625,279800
2005-10-27 00:00:00+09:00,2077.923512178309,2083.8183306525734,2039.6071920955883,2054.34423828125,212800
2005-10-28 00:00:00+09:00,2066.133036295573,2069.0804443359375,2030.764139811198,2051.39599609375,235600
2005-10-31 00:00:00+09:00,2069.0813407099895,2130.976936372254,2060.2391127582373,2113.29248046875,298000
2005-11-01 00:00:00+09:00,2125.082003079928,2154.556094662174,2119.187184763479,2145.7138671875,103600
2005-11-02 00:00:00+09:00,2151.608568862535,2154.5559778609763,2128.029296875,2128.029296875,138400
2005-11-03 00:00:00+09:00,2128.029296875,2128.029296875,2128.029296875,2128.029296875,0
2005-11-04 00:00:00+09:00,2198.7665195312497,2234.13541796875,2195.819111328125,2210.55615234375,368200
2005-11-07 00:00:00+09:00,2266.5571468855983,2313.7156831016837,2242.977878777556,2281.294189453125,553800
2005-11-08 00:00:00+09:00,2293.0839076450893,2304.8735421316965,2219.398692103795,2269.504638671875,293400
2005-11-09 00:00:00+09:00,2240.0301309954007,2298.978292337385,2240.0301309954007,2242.9775390625,138800
2005-11-10 00:00:00+09:00,2242.9787421369424,2242.9787421369424,2139.819404456531,2163.398681640625,284800
2005-11-11 00:00:00+09:00,2166.3449293179206,2254.767171330897,2163.3975212508212,2242.9775390625,174800
2005-11-14 00:00:00+09:00,2272.4518521216605,2287.1888939642135,2189.924417803364,2192.871826171875,93600
2005-11-15 00:00:00+09:00,2175.188158885542,2240.0311663319944,2163.3985211680056,2201.71484375,107800
2005-11-16 00:00:00+09:00,2160.4502128906247,2210.55615234375,2139.81835546875,2210.55615234375,182200
2005-11-17 00:00:00+09:00,2269.5045498369914,2322.5579029500636,2240.030464774173,2316.6630859375,267400
2005-11-18 00:00:00+09:00,2322.5574329067717,2331.399656636112,2284.2411300796293,2296.03076171875,159800
2005-11-21 00:00:00+09:00,2325.5054277292556,2325.5054277292556,2242.977985427077,2248.872802734375,153600
2005-11-22 00:00:00+09:00,2263.6098214285716,2281.294273158482,2219.398692103795,2269.504638671875,151600
2005-11-23 00:00:00+09:00,2269.504638671875,2269.504638671875,2269.504638671875,2269.504638671875,0
2005-11-24 00:00:00+09:00,2275.399191942402,2290.1362333409925,2248.872517424939,2254.767333984375,96400
2005-11-25 00:00:00+09:00,2269.5043753829655,2269.5043753829655,2216.4510263480392,2254.767333984375,138400
2005-11-28 00:00:00+09:00,2284.241706578166,2293.083932539114,2234.135759466129,2248.872802734375,115400
2005-11-29 00:00:00+09:00,2269.5041708669355,2287.188618951613,2245.9249067540322,2284.2412109375,135000
2005-11-30 00:00:00+09:00,2301.926102438807,2325.50537109375,2284.2416509475997,2325.50537109375,140400
2005-12-01 00:00:00+09:00,2331.400623451791,2475.823670922256,2313.7161686594895,2416.87548828125,255000
2005-12-02 00:00:00+09:00,2505.2972787185754,2670.3521582576814,2490.5602359025834,2637.9306640625,471400
2005-12-05 00:00:00+09:00,2664.457571102528,2682.1420240080756,2593.719759480337,2623.19384765625,296000
2005-12-06 00:00:00+09:00,2593.7201286764707,2614.351993336397,2555.40380859375,2605.509765625,255000
2005-12-07 00:00:00+09:00,2578.9831681685014,2608.4572615189986,2549.509074818004,2593.72021484375,157400
2005-12-08 00:00:00+09:00,2596.6674490220653,2608.457085567001,2449.2969922103703,2517.08740234375,264400
2005-12-09 00:00:00+09:00,2487.613215023348,2578.9828947220726,2484.6658060008085,2564.245849609375,170800
2005-12-12 00:00:00+09:00,2741.0904604428774,2800.0386423878854,2720.4585967621247,2723.406005859375,438800
2005-12-13 00:00:00+09:00,2708.668914694204,2711.616323741749,2640.8785066006603,2679.19482421875,246400
2005-12-14 00:00:00+09:00,2661.510162284937,2670.3523887377105,2596.6671682979286,2623.19384765625,352400
2005-12-15 00:00:00+09:00,2578.9829975849875,2637.93118038693,2576.0355884448904,2617.29931640625,269800
2005-12-16 00:00:00+09:00,2593.7197688283027,2599.614586484731,2573.087907030805,2587.824951171875,192800
2005-12-19 00:00:00+09:00,2705.7208566481627,2705.7208566481627,2584.8771146845734,2596.666748046875,457400
2005-12-20 00:00:00+09:00,2605.5093032129553,2679.1945210640006,2549.508537646161,2670.352294921875,341600
2005-12-21 00:00:00+09:00,2693.9315487441195,2752.8797226772513,2670.352279170867,2741.090087890625,334600
2005-12-22 00:00:00+09:00,2711.6159494535523,2735.195218579235,2667.4048198428964,2696.87890625,276200
2005-12-23 00:00:00+09:00,2696.8789062500005,2696.8789062500005,2696.8789062500005,2696.87890625,0
2005-12-26 00:00:00+09:00,2705.7207031249995,2726.3525603383714,2652.6673560049016,2705.720703125,119000
2005-12-27 00:00:00+09:00,2685.0895570920043,2741.0903272179626,2685.0895570920043,2690.984375,112800
2005-12-28 00:00:00+09:00,2688.0362735306066,2723.4051718665355,2676.2466407519637,2720.457763671875,75600
2005-12-29 00:00:00+09:00,2746.985576141389,2850.144905717514,2741.090757308468,2832.46044921875,271800
2005-12-30 00:00:00+09:00,2882.5652051675356,2917.93410339045,2838.3540823888925,2897.30224609375,215800
2006-01-02 00:00:00+09:00,2897.30224609375,2897.30224609375,2897.30224609375,2897.30224609375,0
2006-01-03 00:00:00+09:00,2897.30224609375,2897.30224609375,2897.30224609375,2897.30224609375,0
2006-01-04 00:00:00+09:00,2941.514717845272,2979.831041825221,2900.2509843284047,2965.093994140625,215800
2006-01-05 00:00:00+09:00,3047.6214611743603,3082.99037561739,2962.1465846037063,2965.093994140625,315800
2006-01-06 00:00:00+09:00,2947.409573494781,2956.2518022152653,2891.40879159838,2894.356201171875,270000
2006-01-09 00:00:00+09:00,2894.356201171875,2894.356201171875,2894.356201171875,2894.356201171875,0
2006-01-10 00:00:00+09:00,2888.460584765206,2888.460584765206,2746.9849642869103,2749.932373046875,506200
2006-01-11 00:00:00+09:00,2761.721539688934,2770.563764469155,2593.7192688647406,2729.300048828125,506200
2006-01-12 00:00:00+09:00,2758.775017416401,2820.6706107558716,2746.985380589835,2776.45947265625,351400
2006-01-13 00:00:00+09:00,2773.5110248898236,2885.512532802484,2773.5110248898236,2873.722900390625,364800
2006-01-16 00:00:00+09:00,2858.9865224149216,2867.828748772906,2802.985755481021,2814.775390625,333600
2006-01-17 00:00:00+09:00,2758.7749551309125,2814.775728792758,2596.6674524255704,2617.29931640625,281600
2006-01-18 00:00:00+09:00,2614.3507391408107,2614.3507391408107,2322.5573646482057,2484.664794921875,486800
2006-01-19 00:00:00+09:00,2396.2426814969167,2649.719767116517,2396.2426814969167,2643.824951171875,356800
2006-01-20 00:00:00+09:00,2667.404360989912,2679.193993524674,2402.137628957766,2570.139892578125,315600
2006-01-23 00:00:00+09:00,2452.2442797911544,2540.6665494951626,2375.611646047681,2399.19091796875,243200
2006-01-24 00:00:00+09:00,2369.7165738538065,2570.140363682238,2369.7165738538065,2555.4033203125,498800
2006-01-25 00:00:00+09:00,2614.3515711495534,2629.088614955357,2561.2982134486606,2578.982666015625,308000
2006-01-26 00:00:00+09:00,2584.8776812886085,2614.351771155069,2472.8761397960575,2534.771728515625,218000
2006-01-27 00:00:00+09:00,2537.7192811977043,2576.0356001937207,2508.245189662307,2531.824462890625,211600
2006-01-30 00:00:00+09:00,2637.931267233456,2782.354319852941,2590.7727194393383,2755.82763671875,331600
2006-01-31 00:00:00+09:00,2699.827125702712,2791.1968210048776,2688.0374875992065,2785.302001953125,214000
2006-02-01 00:00:00+09:00,2755.8273557419293,2767.616991488419,2652.668042960146,2676.247314453125,218000
2006-02-02 00:00:00+09:00,2758.773967633929,2770.5635999742444,2682.141357421875,2682.141357421875,201000
2006-02-03 00:00:00+09:00,2682.141897170608,2741.0900707347973,2608.4566802153718,2726.35302734375,115400
2006-02-06 00:00:00+09:00,2755.827036351128,2758.774444946156,2664.4573699052617,2702.773681640625,233600
2006-02-07 00:00:00+09:00,2749.9327897964768,2800.0387463093816,2702.7742424902135,2776.45947265625,261400
2006-02-08 00:00:00+09:00,2835.407365155461,2929.724450067077,2805.933276120581,2917.934814453125,683600
2006-02-09 00:00:00+09:00,2858.986945308375,2876.6714006401794,2717.51130265394,2791.196533203125,368600
2006-02-10 00:00:00+09:00,2741.0899703823966,2779.406281796344,2564.2454561641775,2602.561767578125,315400
2006-02-13 00:00:00+09:00,2484.665778682624,2605.5095472781018,2354.9797831167457,2399.19091796875,545600
2006-02-14 00:00:00+09:00,2381.5056966145835,2443.4012654622397,2216.450846354167,2405.0849609375,527000
2006-02-15 00:00:00+09:00,2464.033585995657,2472.8758117827233,2296.031296041408,2375.611328125,252800
2006-02-16 00:00:00+09:00,2316.6637166848504,2381.5067214775563,2301.926670141054,2363.822265625,203000
2006-02-17 00:00:00+09:00,2304.87306703629,2334.3471471774196,2281.2938029233874,2284.2412109375,341000
2006-02-20 00:00:00+09:00,2077.92285768212,2237.082906355644,2077.92285768212,2234.135498046875,687200
2006-02-21 00:00:00+09:00,2210.5565799689443,2372.6640625,2181.0824922360252,2372.6640625,285000
2006-02-22 00:00:00+09:00,2357.9276524777633,2375.6121098713465,2278.347594206639,2319.611328125,193600
2006-02-23 00:00:00+09:00,2366.949256491546,2476.4206596042795,2361.031883350317,2449.79248046875,203200
2006-02-24 00:00:00+09:00,2402.4535940759088,2508.9663149955304,2369.90804046158,2482.338134765625,171400
2006-02-27 00:00:00+09:00,2511.9253991168475,2633.231572690217,2503.0493376358695,2585.892578125,390600
2006-02-28 00:00:00+09:00,2526.718521610383,2615.4791254140264,2369.9081215572796,2568.14013671875,269200
2006-03-01 00:00:00+09:00,2420.2063452300076,2423.165032693614,2355.1152210306677,2381.743408203125,389800
2006-03-02 00:00:00+09:00,2384.701453026305,2423.1643796880194,2219.0149997143035,2224.932373046875,297600
2006-03-03 00:00:00+09:00,2254.5189768026585,2375.825115974455,2174.6344461285485,2358.072998046875,254400
2006-03-06 00:00:00+09:00,2393.578749476629,2432.0416960071557,2272.2725334957368,2429.0830078125,330800
2006-03-07 00:00:00+09:00,2426.122987903834,2473.4619730336653,2366.949256491546,2449.79248046875,266600
2006-03-08 00:00:00+09:00,2378.7842863097085,2443.8753986216657,2355.1147909235424,2384.70166015625,148600
2006-03-09 00:00:00+09:00,2381.74347143379,2470.5040976984037,2372.867408807329,2467.54541015625,247200
2006-03-10 00:00:00+09:00,2526.718320589539,2529.6770071476067,2470.503275986259,2503.048828125,230800
2006-03-13 00:00:00+09:00,2532.6356213642166,2615.4788426237938,2514.8835025228786,2606.602783203125,123800
2006-03-14 00:00:00+09:00,2603.644637542517,2627.314134247449,2574.057766661352,2609.56201171875,193400
2006-03-15 00:00:00+09:00,2574.0582631953394,2603.6451397837914,2559.264824901113,2582.934326171875,157600
2006-03-16 00:00:00+09:00,2574.0575946080203,2588.8510290597906,2458.6688058842124,2559.26416015625,199400
2006-03-17 00:00:00+09:00,2544.471151194853,2556.305900735294,2473.462653952206,2514.88427734375,240800
2006-03-20 00:00:00+09:00,2511.9249997225675,2609.5616604891693,2485.2968195134945,2603.644287109375,202200
2006-03-21 00:00:00+09:00,2603.644287109375,2603.644287109375,2603.644287109375,2603.644287109375,0
2006-03-22 00:00:00+09:00,2624.3556275785636,2656.9011877852877,2577.016630914238,2633.231689453125,138800
2006-03-23 00:00:00+09:00,2645.065846309727,2656.9005928256543,2559.263934069255,2600.685546875,125600
2006-03-24 00:00:00+09:00,2597.7270897308526,2618.437897963331,2529.67729125271,2559.26416015625,105800
2006-03-27 00:00:00+09:00,2588.8511367322662,2630.2727549199826,2547.42951854455,2565.181640625,138400
2006-03-28 00:00:00+09:00,2529.676898395846,2544.4703305502076,2470.5031697783993,2497.13134765625,172600
2006-03-29 00:00:00+09:00,2514.8842447535494,2559.2645549550825,2455.710497818172,2526.718994140625,242600
2006-03-30 00:00:00+09:00,2520.8010014665733,2553.3465543024095,2494.1728218736166,2506.007568359375,195000
2006-03-31 00:00:00+09:00,2529.676898395846,2529.676898395846,2485.296601932761,2497.13134765625,88200
2006-04-03 00:00:00+09:00,2526.7193982830154,2621.3974085231284,2506.008583542991,2618.438720703125,247200
2006-04-04 00:00:00+09:00,2653.9429626464844,2775.2491627228565,2633.232147999299,2769.331787109375,470800
2006-04-05 00:00:00+09:00,2763.4135298793094,2763.4135298793094,2636.1899947777993,2639.148681640625,395800
2006-04-06 00:00:00+09:00,2742.702446246969,2748.6198193780306,2698.3221477640086,2745.6611328125,249400
2006-04-07 00:00:00+09:00,2716.074331559806,2716.074331559806,2562.2226265041304,2574.057373046875,1397000
2006-04-10 00:00:00+09:00,2597.7270958702843,2656.9008338172157,2588.8510351782447,2627.31396484375,389800
2006-04-11 00:00:00+09:00,2656.9009950854024,2656.9009950854024,2597.7272535467523,2636.190185546875,303200
2006-04-12 00:00:00+09:00,2606.603548195642,2615.47961022128,2585.892736802487,2594.768798828125,328600
2006-04-13 00:00:00+09:00,2609.562260691029,2615.479635431825,2538.553763801477,2541.512451171875,296000
2006-04-14 00:00:00+09:00,2514.884171395932,2553.347105781987,2503.0494223540686,2508.966796875,266000
2006-04-17 00:00:00+09:00,2506.0084319657476,2523.760557812022,2411.330427452284,2417.247802734375,215000
2006-04-18 00:00:00+09:00,2387.660926323918,2437.9586162216956,2369.908800477643,2417.247802734375,326800
2006-04-19 00:00:00+09:00,2473.4627852405574,2497.1322855777876,2455.7106599876347,2467.54541015625,217600
2006-04-20 00:00:00+09:00,2467.544799506227,2485.296920365984,2402.4536896871177,2420.205810546875,207800
2006-04-21 00:00:00+09:00,2402.453681456368,2423.1644890551297,2337.3625718602593,2352.156005859375,316200
2006-04-24 00:00:00+09:00,2307.775453340023,2307.775453340023,2227.890918416714,2257.477783203125,411200
2006-04-25 00:00:00+09:00,2251.561219579024,2491.21491049348,2251.561219579024,2467.54541015625,436000
2006-04-26 00:00:00+09:00,2437.9586850084984,2437.9586850084984,2346.239365548227,2393.578369140625,331000
2006-04-27 00:00:00+09:00,2337.362824651121,2361.0323216096135,2298.899892093571,2325.528076171875,285400
2006-04-28 00:00:00+09:00,2355.1147909235424,2387.6603470795208,2337.362669383918,2384.70166015625,217600
2006-05-01 00:00:00+09:00,2381.742944398699,2381.742944398699,2290.023650887693,2301.8583984375,252400
2006-05-02 00:00:00+09:00,2287.0655498454835,2301.8589880721684,2242.685235165429,2266.354736328125,366400
2006-05-03 00:00:00+09:00,2266.354736328125,2266.354736328125,2266.354736328125,2266.354736328125,0
2006-05-04 00:00:00+09:00,2266.354736328125,2266.354736328125,2266.354736328125,2266.354736328125,0
2006-05-05 00:00:00+09:00,2266.354736328125,2266.354736328125,2266.354736328125,2266.354736328125,0
2006-05-08 00:00:00+09:00,2221.974626813616,2224.9333147321427,2130.255301339286,2153.9248046875,877200
2006-05-09 00:00:00+09:00,2136.1720183616458,2136.1720183616458,2005.9897900958392,2035.57666015625,1091200
2006-05-10 00:00:00+09:00,2074.039741908482,2085.8744907924106,2020.7833719308037,2071.0810546875,806200
2006-05-11 00:00:00+09:00,2041.494348517672,2091.792035365209,2029.6595986711927,2032.6182861328125,641000
2006-05-12 00:00:00+09:00,2003.0308229258362,2115.4609134297975,1976.4026435959506,2100.66748046875,503200
2006-05-15 00:00:00+09:00,2041.4944966634114,2136.1725023057725,2041.4944966634114,2130.255126953125,639600
2006-05-16 00:00:00+09:00,2159.8416713169645,2162.8003585379465,2065.163680245536,2071.0810546875,446800
2006-05-17 00:00:00+09:00,2068.1221856795296,2079.9569335231895,2023.741881265806,2047.411376953125,392600
2006-05-18 00:00:00+09:00,1955.691636558295,2106.584637260977,1929.063459963704,2088.83251953125,613200
2006-05-19 00:00:00+09:00,2035.5766756465518,2148.006782731681,2011.9071794181036,2145.048095703125,319800
2006-05-22 00:00:00+09:00,2145.0483992293075,2192.387398384713,2044.4530260240708,2079.957275390625,328600
2006-05-23 00:00:00+09:00,2011.9070046828288,2038.5351856271604,1979.3614501953125,1979.3614501953125,479000
2006-05-24 00:00:00+09:00,1997.1136017517897,2035.5765303781204,1997.1136017517897,2014.86572265625,242200
2006-05-25 00:00:00+09:00,1997.1137319292343,2011.907166980562,1970.4855488368444,1988.2376708984375,319800
2006-05-26 00:00:00+09:00,1982.3202130353009,2003.031021231192,1940.8985966435184,1997.1136474609375,265600
2006-05-29 00:00:00+09:00,2000.0720402079419,2000.0720402079419,1949.774370557742,1967.5264892578125,254600
2006-05-30 00:00:00+09:00,1923.1464914353833,1955.6920474442898,1884.6835616066755,1943.8572998046875,388600
2006-05-31 00:00:00+09:00,1923.1473137350645,2068.1230343089387,1899.4778083352483,2011.907958984375,619400
2006-06-01 00:00:00+09:00,1952.7333533653843,2005.9897175480767,1911.311736778846,1923.146484375,308600
2006-06-02 00:00:00+09:00,1902.4359538383542,1932.0228271484373,1861.0143312042376,1932.0228271484375,409800
2006-06-05 00:00:00+09:00,2005.9906102960758,2201.2640325372868,1991.1971692171962,2082.91650390625,605800
2006-06-06 00:00:00+09:00,2053.3285597323684,2079.9567399018083,1982.3200792805287,2050.369873046875,312200
2006-06-07 00:00:00+09:00,2053.328343982447,2091.7912668524355,2014.8654211124592,2038.534912109375,344800
2006-06-08 00:00:00+09:00,2011.9074230659298,2011.9074230659298,1899.4773023651867,1940.89892578125,430400
2006-06-09 00:00:00+09:00,1943.8580314911994,1988.2383518448796,1908.353775208255,1964.56884765625,344800
2006-06-12 00:00:00+09:00,1964.5677527440132,2050.369657607833,1932.0222026232539,2038.534912109375,180600
2006-06-13 00:00:00+09:00,2023.7418834076832,2053.328753048146,1997.1137007312661,2000.0723876953125,279400
2006-06-14 00:00:00+09:00,1970.4851958734123,2029.6589254792204,1952.7330769916698,2008.9481201171875,195600
2006-06-15 00:00:00+09:00,2071.0806798453286,2071.0806798453286,2003.030886078982,2050.369873046875,314200
2006-06-16 00:00:00+09:00,2076.9978349793632,2142.088935220882,2003.0306756140014,2038.534912109375,367200
2006-06-19 00:00:00+09:00,2053.328666676034,2106.585029788669,2050.3699798364432,2056.287353515625,257800
2006-06-20 00:00:00+09:00,2059.2461039376863,2065.163477799576,1958.650748285558,1985.2789306640625,142400
2006-06-21 00:00:00+09:00,1982.3197747155818,1982.3197747155818,1905.3939327116937,1926.104736328125,287000
2006-06-22 00:00:00+09:00,1970.4851757078243,1976.4025486078478,1926.104878957648,1967.5264892578125,158000
2006-06-23 00:00:00+09:00,1937.940201810454,1949.7749511344873,1923.1467651554124,1932.0228271484375,200800
2006-06-26 00:00:00+09:00,1911.3118364674176,1920.1878976274832,1902.4357753073523,1908.3531494140625,231000
2006-06-27 00:00:00+09:00,1911.3119680031296,1952.7335896007207,1887.6424699473635,1949.77490234375,251800
2006-06-28 00:00:00+09:00,1890.6011572043342,1952.7335896007207,1887.6424699473635,1949.77490234375,185400
2006-06-29 00:00:00+09:00,1920.1882469177247,1920.1882469177247,1884.683995819092,1893.56005859375,318400
2006-06-30 00:00:00+09:00,1896.5186962210355,1946.8163839523268,1881.7252586530087,1911.3121337890625,338600
2006-07-03 00:00:00+09:00,1923.1462210281536,1979.3612644120533,1923.1462210281536,1955.6917724609375,178200
2006-07-04 00:00:00+09:00,2011.9076314786587,2065.1640099589763,1997.1141930119038,2062.205322265625,437200
2006-07-05 00:00:00+09:00,2000.0723876953125,2041.4940051919612,1997.1137007312661,2000.0723876953125,183800
2006-07-06 00:00:00+09:00,1985.2793074979127,1991.1966824830033,1920.1881826619156,1937.9403076171875,263600
2006-07-07 00:00:00+09:00,1967.5268090783927,2011.907113042567,1943.8573136308332,1985.2789306640625,309800
2006-07-10 00:00:00+09:00,1937.9398880238198,1940.8985748757646,1917.2290800602063,1934.981201171875,251000
2006-07-11 00:00:00+09:00,1934.9813203403578,1940.8986944086769,1855.0967704180493,1866.9315185546875,266200
2006-07-12 00:00:00+09:00,1819.5924915986902,1875.8075441846659,1790.0056218165976,1810.7164306640625,234200
2006-07-13 00:00:00+09:00,1798.8817319157392,1872.8489083925376,1798.8817319157392,1861.01416015625,294000
2006-07-14 00:00:00+09:00,1861.0142709379288,1908.3532667010556,1810.7165879396064,1887.6424560546875,406000
2006-07-17 00:00:00+09:00,1887.6424560546877,1887.6424560546877,1887.6424560546877,1887.6424560546875,0
2006-07-18 00:00:00+09:00,1834.3853223646008,1843.2613803760426,1745.6247422501847,1751.5421142578125,355400
2006-07-19 00:00:00+09:00,1751.5427216058877,1790.0056529925034,1677.5755458623958,1683.492919921875,453600
2006-07-20 00:00:00+09:00,1713.0800615267992,1730.8321865167143,1680.5344990452884,1718.9974365234375,337600
2006-07-21 00:00:00+09:00,1674.6171515076874,1695.327964335521,1645.0302760393538,1665.7410888671875,352200
2006-07-24 00:00:00+09:00,1517.8061228785023,1656.8643836490473,1511.8887500797557,1630.2362060546875,522600
2006-07-25 00:00:00+09:00,1671.6580657689872,1701.2449341896772,1627.277763137952,1677.575439453125,424400
2006-07-26 00:00:00+09:00,1656.8653798591713,1659.8240680374913,1541.4765409046934,1588.8155517578125,484800
2006-07-27 00:00:00+09:00,1647.9886499429585,1647.9886499429585,1576.980162333208,1600.649658203125,371600
2006-07-28 00:00:00+09:00,1627.278112373559,1653.9062996669445,1579.9391127408737,1636.1541748046875,291200
2006-07-31 00:00:00+09:00,1686.4514772619757,1730.8317792951855,1671.6580432509056,1710.1209716796875,294600
2006-08-01 00:00:00+09:00,1680.5345458984375,1698.2866713832802,1662.782420413595,1680.5345458984375,156800
2006-08-02 00:00:00+09:00,1686.4521647974389,1739.708548948937,1662.7826607301065,1721.9564208984375,304200
2006-08-03 00:00:00+09:00,1778.171583844384,1778.171583844384,1704.2043798575128,1713.0804443359375,249200
2006-08-04 00:00:00+09:00,1772.253499947342,1813.6751176422717,1757.460065056296,1810.7164306640625,540000
2006-08-07 00:00:00+09:00,1807.757559668939,1807.757559668939,1748.5838261282208,1787.0467529296875,315000
2006-08-08 00:00:00+09:00,1795.9233174812894,1801.840692497702,1718.9974422679227,1760.4190673828125,272200
2006-08-09 00:00:00+09:00,1784.087646484375,1790.0050184461804,1739.7073567708333,1784.087646484375,130200
2006-08-10 00:00:00+09:00,1784.0880662526517,1790.0054396067235,1763.3772595134003,1787.0467529296875,89800
2006-08-11 00:00:00+09:00,1790.0052740378458,1816.633451668161,1760.4184100041625,1804.7987060546875,174000
2006-08-14 00:00:00+09:00,1775.2121737170778,1804.799043279029,1769.2947998046875,1769.2947998046875,182800
2006-08-15 00:00:00+09:00,1781.1295543323865,1801.8403631036933,1772.2534934303978,1790.005615234375,287200
2006-08-16 00:00:00+09:00,1813.6749892302173,1890.6008452171434,1810.7163024614895,1884.6834716796875,421600
2006-08-17 00:00:00+09:00,1982.3198516459404,1982.3198516459404,1843.2615933961506,1869.8897705078125,608400
2006-08-18 00:00:00+09:00,1869.8898828125,1878.7659423828125,1837.3443310546875,1849.1790771484375,197200
2006-08-21 00:00:00+09:00,1855.0964004144437,1866.9311461906125,1795.9226715336004,1819.5921630859375,180000
2006-08-22 00:00:00+09:00,1822.5508984374999,1863.9725097656249,1822.5508984374999,1849.1790771484375,155200
2006-08-23 00:00:00+09:00,1849.1794333472988,1911.311862307768,1840.3033720672317,1875.8076171875,202000
2006-08-24 00:00:00+09:00,1878.765829545033,1887.6418885822538,1852.1376524333712,1869.8897705078125,175800
2006-08-25 00:00:00+09:00,1852.137768633954,1872.848574353503,1798.8814110693993,1822.5509033203125,343600
2006-08-28 00:00:00+09:00,1819.5825793735369,1840.360847000967,1804.740959639658,1822.5509033203125,294400
2006-08-29 00:00:00+09:00,1840.361328125,1855.2029517389112,1810.6780808971773,1840.361328125,308000
2006-08-30 00:00:00+09:00,1843.3300247933103,1852.2350007584953,1810.6784462542983,1834.425048828125,225600
2006-08-31 00:00:00+09:00,1816.6142974028717,1870.0441296794268,1816.6142974028717,1867.0758056640625,151200
2006-09-01 00:00:00+09:00,1870.0449526888654,1870.0449526888654,1828.4883981846683,1834.425048828125,85400
2006-09-04 00:00:00+09:00,1864.107355536631,1881.9172984239237,1843.3290888347897,1878.948974609375,115800
2006-09-05 00:00:00+09:00,1864.1077880859375,1873.0127615959022,1855.202814575973,1864.1077880859375,46200
2006-09-06 00:00:00+09:00,1846.2983501150386,1855.2033260802236,1834.4250488281252,1834.425048828125,115800
2006-09-07 00:00:00+09:00,1837.3927091564285,1837.3927091564285,1813.646115177024,1819.582763671875,186600
2006-09-08 00:00:00+09:00,1822.5507852523053,1825.5191090067879,1789.8992239529969,1810.677490234375,281600
2006-09-11 00:00:00+09:00,1786.931438156654,1804.7413860452584,1709.7549973060343,1721.6282958984375,277400
2006-09-12 00:00:00+09:00,1730.533422894697,1748.3433723584503,1641.4836755759304,1680.0718994140625,363400
2006-09-13 00:00:00+09:00,1721.6282661939385,1721.6282661939385,1668.1984234499887,1671.166748046875,163000
2006-09-14 00:00:00+09:00,1668.1985955036862,1700.8501694370325,1659.2936207945918,1686.008544921875,115400
2006-09-15 00:00:00+09:00,1671.1666887493743,1688.9766356987461,1641.483443833755,1668.1983642578125,191000
2006-09-18 00:00:00+09:00,1668.1983642578125,1668.1983642578125,1668.1983642578125,1668.1983642578125,0
2006-09-19 00:00:00+09:00,1650.3883716659132,1677.1032913511528,1632.5784252090868,1641.4833984375,97000
2006-09-20 00:00:00+09:00,1582.116729955879,1677.1031002346558,1573.2117577422437,1650.38818359375,238600
2006-09-21 00:00:00+09:00,1647.4205632499568,1659.2938646067132,1611.8006591796875,1611.8006591796875,82600
2006-09-22 00:00:00+09:00,1588.0534522380303,1626.6416669653095,1588.0534522380303,1617.7366943359375,85000
2006-09-25 00:00:00+09:00,1638.515074028029,1653.3566960753844,1605.8635055238472,1641.4833984375,189600
2006-09-26 00:00:00+09:00,1677.1034411450366,1706.7866878909665,1650.3885190736999,1697.8817138671875,254000
2006-09-27 00:00:00+09:00,1739.4381961633665,1804.7413366336634,1727.5648978960396,1798.8046875,287800
2006-09-28 00:00:00+09:00,1816.6145414062498,1870.0443808593748,1810.6778925781248,1855.2027587890625,262200
2006-09-29 00:00:00+09:00,1840.36132029998,1873.012892111754,1837.3929955898188,1852.234619140625,156600
2006-10-02 00:00:00+09:00,1855.202386194099,1884.8856243732048,1849.2657385582781,1873.0123291015625,168400
2006-10-03 00:00:00+09:00,1875.9801029265873,1875.9801029265873,1855.2018422929066,1870.04345703125,103200
2006-10-04 00:00:00+09:00,1873.012989931886,1923.4745126400353,1873.012989931886,1887.8546142578125,204600
2006-10-05 00:00:00+09:00,1914.5694619945566,1923.4744362363917,1855.202967048989,1908.6328125,243200
2006-10-06 00:00:00+09:00,1819.582900428772,1923.4742568969727,1766.1530599594116,1899.7276611328125,551800
2006-10-09 00:00:00+09:00,1899.7276611328125,1899.7276611328125,1899.7276611328125,1899.7276611328125,0
2006-10-10 00:00:00+09:00,1878.9488115812603,1878.9488115812603,1792.8674284282483,1804.74072265625,350000
2006-10-11 00:00:00+09:00,1783.9631174476915,1816.614688648897,1706.7866764266598,1715.691650390625,376800
2006-10-12 00:00:00+09:00,1718.6599340691137,1730.5332324046517,1641.4834948881173,1683.0400390625,547000
2006-10-13 00:00:00+09:00,1706.7866357335758,1718.6599340691137,1668.1984161430776,1683.0400390625,443400
2006-10-16 00:00:00+09:00,1683.0404285548889,1727.5653076171875,1674.1354527424292,1727.5653076171875,351400
2006-10-17 00:00:00+09:00,1727.5650979840714,1745.3750474478247,1674.1352495928113,1680.0718994140625,290400
2006-10-18 00:00:00+09:00,1665.230310058594,1665.230310058594,1602.8954856178977,1632.5787353515625,987400
2006-10-19 00:00:00+09:00,1644.4515948475369,1656.3248915612376,1644.4515948475369,1653.3565673828125,636000
2006-10-20 00:00:00+09:00,1656.3248317361733,1665.2298039498087,1632.578239166479,1650.38818359375,317200
2006-10-23 00:00:00+09:00,1653.3565076649616,1662.261479878597,1641.4832113801144,1650.38818359375,320800
2006-10-24 00:00:00+09:00,1656.3252753586064,1656.3252753586064,1623.6737018300316,1629.6103515625,308200
2006-10-25 00:00:00+09:00,1632.578936554011,1647.4205632499568,1608.8323338404982,1611.8006591796875,304600
2006-10-26 00:00:00+09:00,1602.8952494154883,1635.546819310989,1596.958600343579,1626.641845703125,338000
2006-10-27 00:00:00+09:00,1641.483651027436,1647.4203007599042,1620.7053769637976,1629.6103515625,425600
2006-10-30 00:00:00+09:00,1632.578542898367,1647.420166015625,1605.8636212873027,1647.420166015625,440200
2006-10-31 00:00:00+09:00,1686.0084038440746,1739.4382476278656,1680.0717545347643,1715.691650390625,712800
2006-11-01 00:00:00+09:00,1712.7232106703914,1745.3747796779726,1694.9132639389836,1703.8182373046875,372600
2006-11-02 00:00:00+09:00,1703.8182108216367,1751.3114013671875,1694.913237594346,1751.3114013671875,351200
2006-11-03 00:00:00+09:00,1751.3114013671875,1751.3114013671875,1751.3114013671875,1751.3114013671875,0
2006-11-06 00:00:00+09:00,1810.6774962974698,1822.5507913551583,1778.025934888827,1792.8675537109375,469800
2006-11-07 00:00:00+09:00,1801.7727760823566,1801.7727760823566,1751.3112650553385,1780.9945068359375,410600
2006-11-08 00:00:00+09:00,1780.9946731407883,1780.9946731407883,1697.8815883942182,1703.8182373046875,332400
2006-11-09 00:00:00+09:00,1703.8183670847038,1703.8183670847038,1614.7686266447367,1691.945068359375,559000
2006-11-10 00:00:00+09:00,1653.3564972573138,1691.9447099401596,1644.451525099734,1674.134765625,270800
2006-11-13 00:00:00+09:00,1674.1350132409364,1677.1033377324984,1620.7051723928214,1668.1983642578125,353800
2006-11-14 00:00:00+09:00,1727.5646268005892,1757.2478678109085,1697.8813857902696,1748.3428955078125,267800
2006-11-15 00:00:00+09:00,1700.8502108410285,1736.4701105445054,1700.8502108410285,1712.7235107421875,260600
2006-11-16 00:00:00+09:00,1751.311704374207,1766.1533289875476,1742.4067296062026,1754.280029296875,234600
2006-11-17 00:00:00+09:00,1757.2478678109085,1769.1211642150363,1748.3428955078127,1748.3428955078125,238600
2006-11-20 00:00:00+09:00,1748.3428069469974,1760.2161027496936,1659.2930884267769,1665.229736328125,343000
2006-11-21 00:00:00+09:00,1650.3884906390765,1659.2934645094313,1611.800270534206,1647.420166015625,683800
2006-11-22 00:00:00+09:00,1662.2614766270663,1798.804383635718,1662.2614766270663,1795.8360595703125,495400
2006-11-23 00:00:00+09:00,1795.8360595703127,1795.8360595703127,1795.8360595703127,1795.8360595703125,0
2006-11-24 00:00:00+09:00,1855.2026660080662,1920.5057998515501,1843.3293689456148,1917.5374755859375,980800
2006-11-27 00:00:00+09:00,1890.8225754217394,1905.6641968928675,1855.2026838910315,1881.9176025390625,583200
2006-11-28 00:00:00+09:00,1878.9492601329696,1923.4741241171632,1864.107638804905,1917.5374755859375,438600
2006-11-29 00:00:00+09:00,1929.410913413399,2003.6190254677604,1902.6959930738287,1991.7457275390625,546800
2006-11-30 00:00:00+09:00,1979.8725434027779,2021.4290885416667,1965.030920138889,2003.619140625,344400
2006-12-01 00:00:00+09:00,2012.5233630283274,2071.8898339141188,2000.6500688511692,2062.98486328125,575600
2006-12-04 00:00:00+09:00,2065.9532384251065,2098.604798227802,2039.2383258592645,2095.636474609375,267400
2006-12-05 00:00:00+09:00,2104.5422206649887,2196.5602867307357,2101.5738959531905,2128.288818359375,614800
2006-12-06 00:00:00+09:00,2098.605324161863,2157.971811408309,2095.6369997995407,2140.161865234375,320200
2006-12-07 00:00:00+09:00,2152.035488171524,2155.003812982795,2104.542291191187,2113.447265625,237800
2006-12-08 00:00:00+09:00,2113.447519420904,2160.94072210452,2095.637568414548,2101.57421875,366600
2006-12-11 00:00:00+09:00,2071.890672096631,2101.5739195478723,2060.017373116135,2092.6689453125,324400
2006-12-12 00:00:00+09:00,2092.668991946103,2131.2572144926266,2086.7323423235603,2113.447265625,136200
2006-12-13 00:00:00+09:00,2116.414914772727,2128.2882102272724,2089.7,2122.3515625,184200
2006-12-14 00:00:00+09:00,2119.383544921875,2125.32019350709,2113.44689633666,2119.383544921875,116400
2006-12-15 00:00:00+09:00,2119.383532748658,2152.0350997798,2119.383532748658,2143.130126953125,160200
2006-12-18 00:00:00+09:00,2166.876297746099,2175.781268832727,2086.731557966449,2116.414794921875,475600
2006-12-19 00:00:00+09:00,2143.130070247305,2166.8766638234524,2119.383476671158,2134.22509765625,385000
2006-12-20 00:00:00+09:00,2134.2249680091595,2160.9398841594825,2128.2883199757543,2152.034912109375,216000
2006-12-21 00:00:00+09:00,2140.1620317851025,2169.845277718322,2137.1937071917805,2166.876953125,279000
2006-12-22 00:00:00+09:00,2190.623239916424,2208.433184956395,2166.8766465297963,2169.844970703125,261400
2006-12-25 00:00:00+09:00,2199.5283329691765,2202.496657305167,2166.8767652732777,2175.78173828125,133000
2006-12-26 00:00:00+09:00,2184.6871041666664,2226.24365234375,2178.7504544270832,2226.24365234375,211000
2006-12-27 00:00:00+09:00,2211.4014755147973,2241.084716796875,2211.4014755147973,2241.084716796875,133400
2006-12-28 00:00:00+09:00,2252.9580078125,2252.9580078125,2232.1797389657445,2252.9580078125,153800
2006-12-29 00:00:00+09:00,2255.9263606937343,2336.0711129815377,2252.9580365349266,2321.2294921875,195800
2007-01-04 00:00:00+09:00,2309.3563959143967,2315.2930447470817,2261.863205252918,2288.578125,102000
2007-01-05 00:00:00+09:00,2110.4790671764968,2211.402116802377,2086.732467264525,2107.5107421875,712600
2007-01-09 00:00:00+09:00,2226.243208335044,2276.704721057305,2211.401586946144,2258.894775390625,607400
2007-01-10 00:00:00+09:00,2282.641432912726,2282.641432912726,2249.989864951686,2255.926513671875,285800
2007-01-11 00:00:00+09:00,2258.89483803197,2285.609757272821,2238.1165675113075,2255.926513671875,179200
2007-01-12 00:00:00+09:00,2282.641552862533,2282.641552862533,2235.1483606053152,2261.86328125,202600
2007-01-15 00:00:00+09:00,2232.1802688479115,2282.641790883037,2232.1802688479115,2273.73681640625,202600
2007-01-16 00:00:00+09:00,2273.73681640625,2285.6101157086327,2244.053568150294,2273.73681640625,210000
2007-01-17 00:00:00+09:00,2285.609494540358,2297.4827906158926,2258.8945783704057,2291.546142578125,140600
2007-01-18 00:00:00+09:00,2327.1657130281687,2342.0073310959506,2303.419124119718,2318.2607421875,184200
2007-01-19 00:00:00+09:00,2306.388238994892,2333.1031606820916,2306.388238994892,2315.293212890625,106000
2007-01-22 00:00:00+09:00,2324.1979608535767,2327.16628519694,2258.8948252995806,2279.673095703125,264200
2007-01-23 00:00:00+09:00,2309.35619555227,2327.166140505115,2288.577926440617,2321.2294921875,179000
2007-01-24 00:00:00+09:00,2300.4515417180423,2315.2931645678364,2288.5782434382077,2294.514892578125,196200
2007-01-25 00:00:00+09:00,2309.356267029973,2309.356267029973,2125.3201634877387,2178.75,572600
2007-01-26 00:00:00+09:00,2149.066355572844,2152.0346792683863,2080.7949105753637,2116.414794921875,714000
2007-01-29 00:00:00+09:00,2143.130225803541,2208.4333628778872,2143.130225803541,2184.686767578125,226800
2007-01-30 00:00:00+09:00,2155.0039426888993,2202.497142527773,2125.320692789603,2187.655517578125,259200
2007-01-31 00:00:00+09:00,2211.4013924434266,2211.4013924434266,2131.2566439924567,2152.034912109375,223000
2007-02-01 00:00:00+09:00,2122.352240058813,2131.2572144926266,2104.542291191187,2113.447265625,459000
2007-02-02 00:00:00+09:00,2113.446590909091,2149.0664772727273,2113.446590909091,2122.3515625,173200
2007-02-05 00:00:00+09:00,2166.8765529960774,2166.8765529960774,2095.6367759112745,2104.541748046875,296000
2007-02-06 00:00:00+09:00,2107.510616002458,2131.2572144926266,2107.510616002458,2113.447265625,167000
2007-02-07 00:00:00+09:00,2104.542163050192,2107.510487680728,1997.6824763508876,2027.36572265625,661600
2007-02-08 00:00:00+09:00,1988.7781695197611,2048.144682042739,1973.9365413890166,2018.46142578125,487000
2007-02-09 00:00:00+09:00,1991.7459039782802,2107.5105690381206,1988.777579233156,2092.6689453125,342400
2007-02-13 00:00:00+09:00,2092.669252915816,2113.4475291859017,2057.0493507385254,2089.700927734375,308600
2007-02-14 00:00:00+09:00,2110.4785274326546,2110.4785274326546,2060.017015524982,2086.73193359375,350600
2007-02-15 00:00:00+09:00,2107.5103867134644,2196.560121363329,2089.700439783491,2193.591796875,364600
2007-02-16 00:00:00+09:00,2196.55999599359,2211.401617588141,2146.0984825721152,2199.5283203125,418000
2007-02-19 00:00:00+09:00,2199.5287285156246,2238.1169518229167,2184.6871041666664,2226.24365234375,309000
2007-02-20 00:00:00+09:00,2166.8771995232005,2252.958622517958,2166.8771995232005,2247.02197265625,248400
2007-02-21 00:00:00+09:00,2276.704095892137,2309.355653981855,2258.8941551159273,2300.45068359375,344800
2007-02-22 00:00:00+09:00,2300.4512791724724,2342.0078184091362,2294.5146307100918,2330.134521484375,368400
2007-02-23 00:00:00+09:00,2342.0682844614344,2470.3599229733345,2336.101231507392,2440.524658203125,619200
2007-02-26 00:00:00+09:00,2440.5251521183895,2440.5251521183895,2297.3158522385816,2327.151123046875,499800
2007-02-27 00:00:00+09:00,2291.3488636363636,2315.217080965909,2273.4477006392044,2297.31591796875,421800
2007-02-28 00:00:00+09:00,2148.1394282576257,2297.3157774421834,2148.1394282576257,2249.579345703125,494600
2007-03-01 00:00:00+09:00,2225.7110521924365,2234.66163283128,2139.188772683615,2172.007568359375,382600
2007-03-02 00:00:00+09:00,2148.1399221805736,2309.2504163441167,2148.1399221805736,2288.36572265625,536600
2007-03-05 00:00:00+09:00,2258.530475046082,2258.530475046082,2174.99169921875,2174.99169921875,628200
2007-03-06 00:00:00+09:00,2154.1061058974847,2222.727214534108,2112.336735423018,2201.842529296875,441000
2007-03-07 00:00:00+09:00,2177.974987694789,2237.6455353028655,2177.974987694789,2225.71142578125,196600
2007-03-08 00:00:00+09:00,2255.546537642045,2297.31591796875,2210.7936301491477,2297.31591796875,283400
2007-03-09 00:00:00+09:00,2336.1014466736933,2354.0026071846028,2312.2332326591472,2333.117919921875,327200
2007-03-12 00:00:00+09:00,2356.9860540574596,2356.9860540574596,2291.3484677419356,2312.233154296875,370000
2007-03-13 00:00:00+09:00,2312.233320871989,2318.2003746032715,2276.4309984842935,2291.3486328125,147200
2007-03-14 00:00:00+09:00,2231.678364880453,2252.5630554608847,2210.793674300021,2222.727783203125,180600
2007-03-15 00:00:00+09:00,2282.3982064783336,2306.2664230166693,2240.6288275362467,2276.43115234375,191600
2007-03-16 00:00:00+09:00,2252.562479158727,2258.529532083651,2180.9578440596415,2201.842529296875,367800
2007-03-19 00:00:00+09:00,2201.8431796874997,2255.546671875,2180.95848828125,2237.6455078125,156800
2007-03-20 00:00:00+09:00,2267.4806106547226,2279.4147191318525,2231.6782852233323,2258.530029296875,158600
2007-03-22 00:00:00+09:00,2297.316033230991,2318.2007244421816,2276.4313420197996,2300.299560546875,162000
2007-03-23 00:00:00+09:00,2285.3815136332755,2294.332093973876,2243.612138710474,2264.496826171875,132600
2007-03-26 00:00:00+09:00,2267.480623965232,2285.3817867860103,2225.7112440500828,2252.56298828125,218200
2007-03-27 00:00:00+09:00,2240.6290626832692,2279.414918628519,2210.7937888792308,2225.71142578125,172600
2007-03-28 00:00:00+09:00,2213.776611328125,2252.562454922823,2204.826032037041,2213.776611328125,148200
2007-03-29 00:00:00+09:00,2180.9584285514716,2228.694864744117,2166.04079224127,2210.793701171875,216200
2007-03-30 00:00:00+09:00,2213.7774167640187,2264.497384533545,2201.843306700601,2234.662109375,142000
2007-04-02 00:00:00+09:00,2210.793124112216,2216.7601770787805,2109.3532236806163,2133.221435546875,395200
2007-04-03 00:00:00+09:00,2195.876064861673,2234.6619192681974,2160.0737377171895,2210.793701171875,342400
2007-04-04 00:00:00+09:00,2210.793674300021,2222.727783203125,2177.9748748164848,2222.727783203125,407400
2007-04-05 00:00:00+09:00,2192.8923469741217,2216.760562995609,2163.057076947263,2186.92529296875,432000
2007-04-06 00:00:00+09:00,2222.727381423136,2252.5626482878765,2174.9909544395523,2180.9580078125,392200
2007-04-09 00:00:00+09:00,2195.876038171141,2228.694837654677,2183.941929268037,2222.727783203125,285600
2007-04-10 00:00:00+09:00,2222.727665132495,2291.3487876802096,2213.777083930619,2276.43115234375,274000
2007-04-11 00:00:00+09:00,2252.5627190510745,2279.4144600728755,2243.612138710474,2264.496826171875,224800
2007-04-12 00:00:00+09:00,2234.661558369874,2294.332093973876,2234.661558369874,2264.496826171875,236000
2007-04-13 00:00:00+09:00,2267.480800653595,2309.25018382353,2267.480800653595,2282.3984375,313400
2007-04-16 00:00:00+09:00,2327.1510709965896,2368.9204491939645,2312.2334359260985,2351.019287109375,350800
2007-04-17 00:00:00+09:00,2345.052285531851,2348.0358126126803,2300.299379319411,2327.151123046875,512600
2007-04-18 00:00:00+09:00,2306.26684693928,2356.98681640625,2285.3821536293513,2356.98681640625,252400
2007-04-19 00:00:00+09:00,2371.903873272796,2431.5744109651932,2362.9532926189363,2398.755615234375,621200
2007-04-20 00:00:00+09:00,2371.9037902590785,2374.8873170392785,2243.612138710474,2264.496826171875,539200
2007-04-23 00:00:00+09:00,2351.0196324865674,2374.8878521057204,2345.052577581779,2359.97021484375,506200
2007-04-24 00:00:00+09:00,2300.2988616710404,2345.0517578125,2300.2988616710404,2345.0517578125,255600
2007-04-25 00:00:00+09:00,2345.0522591727117,2354.0028403145925,2318.2005157470703,2339.085205078125,268800
2007-04-26 00:00:00+09:00,2342.0691783277293,2377.871509716179,2300.299791707872,2356.98681640625,475400
2007-04-27 00:00:00+09:00,2359.969549560547,2386.8212890625,2309.2495971679687,2386.8212890625,663600
2007-05-01 00:00:00+09:00,2356.9872586811007,2386.8225404365576,2333.119033276735,2374.888427734375,575000
2007-05-02 00:00:00+09:00,2345.0520905015383,2362.953251497733,2291.3486075129535,2303.28271484375,506400
2007-05-07 00:00:00+09:00,2401.739689638107,2425.60791015625,2401.739689638107,2425.60791015625,813020
2007-05-08 00:00:00+09:00,2437.542450137028,2458.4271467722288,2437.542450137028,2449.4765625,414260
2007-05-09 00:00:00+09:00,2446.49184523587,2494.228271484375,2431.5742120332125,2494.228271484375,377500
2007-05-10 00:00:00+09:00,2425.6076257726645,2446.4923162774726,2416.657044127747,2443.5087890625,341920
2007-05-11 00:00:00+09:00,2464.393493129399,2467.3770203607905,2431.574693584092,2437.541748046875,233180
2007-05-14 00:00:00+09:00,2434.5583164694895,2440.5253711667183,2383.8383515430414,2395.7724609375,206000
2007-05-15 00:00:00+09:00,2336.101995224597,2371.9043246533265,2336.101995224597,2359.97021484375,277660
2007-05-16 00:00:00+09:00,2359.970430117433,2386.8221796383646,2356.986902392885,2371.904541015625,314540
2007-05-17 00:00:00+09:00,2431.574693584092,2437.541748046875,2422.6241118899175,2437.541748046875,444360
2007-05-18 00:00:00+09:00,2392.7895967876493,2392.7895967876493,2354.0037305055553,2374.888427734375,394000
2007-05-21 00:00:00+09:00,2404.7233741684718,2425.6080684850713,2383.8386798518723,2410.6904296875,323800
2007-05-22 00:00:00+09:00,2401.739548327876,2434.558349609375,2386.82191138174,2434.558349609375,169600
2007-05-23 00:00:00+09:00,2422.6234993409994,2452.458764111209,2422.6234993409994,2440.524658203125,116000
2007-05-24 00:00:00+09:00,2398.7561901266995,2422.62441092398,2398.7561901266995,2413.673828125,135160
2007-05-25 00:00:00+09:00,2443.5082574659777,2443.5082574659777,2398.75535897759,2404.722412109375,158360
2007-05-28 00:00:00+09:00,2401.7388855434824,2407.7059386752676,2395.7718324116972,2404.722412109375,195020
2007-05-29 00:00:00+09:00,2401.73974609375,2413.6738566333465,2395.772690823952,2401.73974609375,141400
2007-05-30 00:00:00+09:00,2425.6077068569934,2425.6077068569934,2401.7394883393354,2407.70654296875,109580
2007-05-31 00:00:00+09:00,2434.5583086222628,2452.45947265625,2428.591253944267,2452.45947265625,190700
2007-06-01 00:00:00+09:00,2476.3273023200754,2476.3273023200754,2449.475560487689,2461.40966796875,190940
2007-06-04 00:00:00+09:00,2428.591090977045,2446.4922538097994,2407.706401005498,2416.656982421875,185580
2007-06-05 00:00:00+09:00,2237.645303049395,2252.5629384030576,2124.271274361559,2219.744140625,1281540
2007-06-06 00:00:00+09:00,2174.991019913957,2237.645082216005,2174.991019913957,2207.809814453125,917200
2007-06-07 00:00:00+09:00,2160.0735371492347,2198.8593879544005,2157.090010164222,2192.892333984375,413940
2007-06-08 00:00:00+09:00,2127.254754245448,2142.1723892682076,2124.271227240896,2130.23828125,460400
2007-06-11 00:00:00+09:00,2133.2214117779686,2160.0731498283203,2130.2378853279292,2145.155517578125,377880
2007-06-12 00:00:00+09:00,2186.925127019109,2222.727448334565,2183.941600242821,2207.809814453125,364400
2007-06-13 00:00:00+09:00,2154.107005261917,2198.859920883702,2154.107005261917,2174.99169921875,287880
2007-06-14 00:00:00+09:00,2169.024557377093,2172.0080849663327,2154.106919430896,2160.073974609375,225980
2007-06-15 00:00:00+09:00,2204.8265982849957,2204.8265982849957,2163.057217532641,2177.974853515625,237400
2007-06-18 00:00:00+09:00,2237.6455078125,2252.5631445312497,2222.72787109375,2237.6455078125,409800
2007-06-19 00:00:00+09:00,2201.84313287593,2213.7772419972093,2186.925496474332,2204.82666015625,284940
2007-06-20 00:00:00+09:00,2166.040886670392,2174.991468846716,2157.0903044940683,2169.0244140625,311340
2007-06-21 00:00:00+09:00,2139.1890665690103,2157.0902303059893,2139.1890665690103,2148.1396484375,354000
2007-06-22 00:00:00+09:00,2130.23828125,2139.1888622636557,2121.287700236345,2130.23828125,293620
2007-06-25 00:00:00+09:00,2148.138927576602,2169.0236115947077,2133.2212961350974,2142.171875,252400
2007-06-26 00:00:00+09:00,2133.2217952792207,2145.1559032248388,2130.238268292816,2136.205322265625,195860
2007-06-27 00:00:00+09:00,2112.3367859661494,2121.287365567701,2109.3532594322987,2115.3203125,138040
2007-06-28 00:00:00+09:00,2157.0896233782814,2160.0731498283203,2142.1719911280857,2145.155517578125,322400
2007-06-29 00:00:00+09:00,2121.28747408302,2207.809747990766,2115.320420710072,2180.9580078125,428600
2007-07-02 00:00:00+09:00,2177.974634932421,2180.9581618295883,2148.139365960744,2166.04052734375,200800
2007-07-03 00:00:00+09:00,2169.024643802512,2180.958754634988,2163.057588386274,2174.99169921875,176000
2007-07-04 00:00:00+09:00,2234.6617734016627,2282.3982064783336,2216.760610997911,2276.43115234375,479800
2007-07-05 00:00:00+09:00,2276.4309332926755,2279.4144600728755,2249.5791922708745,2264.496826171875,228200
2007-07-06 00:00:00+09:00,2267.480912049399,2267.480912049399,2234.662109375,2234.662109375,261060
2007-07-09 00:00:00+09:00,2210.794258974453,2279.4154033150903,2192.893090885591,2231.678955078125,434000
2007-07-10 00:00:00+09:00,2210.793124112216,2219.743703562063,2127.2543825803104,2133.221435546875,547400
2007-07-11 00:00:00+09:00,2136.205593837781,2142.1726485691715,2124.271484375,2124.271484375,274200
2007-07-12 00:00:00+09:00,2148.139104372355,2148.139104372355,2091.452100229196,2115.3203125,438200
2007-07-13 00:00:00+09:00,2145.156019138991,2163.0571820247123,2124.2713291056484,2139.18896484375,357200
2007-07-17 00:00:00+09:00,2142.172509905936,2142.172509905936,2070.567857764233,2076.534912109375,319000
2007-07-18 00:00:00+09:00,2004.9303993055555,2028.7986183449075,1992.9962897858798,2013.8809814453125,468840
2007-07-19 00:00:00+09:00,2010.897778614458,2040.7330572289159,1969.128388554217,1981.0625,491600
2007-07-20 00:00:00+09:00,2028.7983209181202,2028.7983209181202,1915.4242971021076,1924.3748779296875,487400
2007-07-23 00:00:00+09:00,1918.4084741093372,1918.4084741093372,1828.902635503925,1858.7379150390625,678800
2007-07-24 00:00:00+09:00,1864.7047761198764,1909.4576907467533,1822.9353891347912,1837.85302734375,516600
2007-07-25 00:00:00+09:00,1897.5227340964243,1900.5062604078967,1867.6874709817007,1882.6051025390625,434800
2007-07-26 00:00:00+09:00,1900.506773347308,1900.506773347308,1873.655029296875,1873.655029296875,259580
2007-07-27 00:00:00+09:00,1822.935118817808,1840.8362820140549,1781.1657380265651,1796.0833740234375,403000
2007-07-30 00:00:00+09:00,1784.1487743573796,1802.049932628524,1712.5441412728026,1799.06640625,457200
2007-07-31 00:00:00+09:00,1745.363762240361,1754.3143456364655,1739.3967066429582,1748.3472900390625,326200
2007-08-01 00:00:00+09:00,1721.4952671910191,1724.4787945171736,1646.9070840371621,1655.857666015625,449400
2007-08-02 00:00:00+09:00,1706.5780254558435,1727.4627215715618,1667.792161240938,1697.62744140625,480800
2007-08-03 00:00:00+09:00,1700.610080539965,1700.610080539965,1623.038392655686,1652.8736572265625,378800
2007-08-06 00:00:00+09:00,1429.1098872302828,1590.220396437872,1387.340495954241,1566.3521728515625,1391000
2007-08-07 00:00:00+09:00,1581.2699285768995,1584.2534567440257,1509.66525256587,1521.599365234375,514200
2007-08-08 00:00:00+09:00,1548.4499880420917,1548.4499880420917,1447.0101044323978,1461.927734375,818200
2007-08-09 00:00:00+09:00,1455.9611751501789,1476.8458641379889,1426.1259051675931,1458.9447021484375,1044240
2007-08-10 00:00:00+09:00,1533.53303326835,1608.1212158203125,1521.5989240600359,1608.1212158203125,983940
2007-08-13 00:00:00+09:00,1578.2856507734818,1599.1703380237925,1569.3350705233486,1575.3021240234375,895860
2007-08-14 00:00:00+09:00,1563.368125368514,1602.153975807046,1563.368125368514,1581.269287109375,323960
2007-08-15 00:00:00+09:00,1542.4831379066727,1560.384296180251,1476.8455575702185,1488.7796630859375,560840
2007-08-16 00:00:00+09:00,1461.9285390074824,1491.7638153137575,1420.159152178697,1482.813232421875,688200
2007-08-17 00:00:00+09:00,1467.895356629184,1476.845938072045,1420.1589222672594,1426.1259765625,486200
2007-08-20 00:00:00+09:00,1485.7964451327646,1488.779972131023,1438.0600131606275,1458.9447021484375,493400
2007-08-21 00:00:00+09:00,1461.927734375,1515.6312021683673,1444.0265784438775,1461.927734375,354800
2007-08-22 00:00:00+09:00,1447.01070063714,1452.977755072757,1393.3072107165863,1411.2083740234375,561200
2007-08-23 00:00:00+09:00,1411.2086254055216,1420.159208653337,1393.3074589098915,1408.22509765625,520920
2007-08-24 00:00:00+09:00,1402.2577232442875,1420.1588856686828,1378.3895066784273,1387.340087890625,439400
2007-08-27 00:00:00+09:00,1447.0106135866768,1452.977667663323,1429.1094513567386,1449.994140625,361760
2007-08-28 00:00:00+09:00,1455.9982003277612,1492.0228980678296,1428.97967702271,1483.0167236328125,396200
2007-08-29 00:00:00+09:00,1437.9858035253098,1465.004325929752,1425.9775713455576,1452.99609375,328000
2007-08-30 00:00:00+09:00,1468.0066581555845,1486.0190097893953,1465.0045995499495,1480.014892578125,299460
2007-08-31 00:00:00+09:00,1468.0065164508705,1501.0291579252255,1462.0023998191696,1498.027099609375,365780
2007-09-03 00:00:00+09:00,1501.028662612758,1519.0410065641108,1440.9875161082475,1455.997802734375,281200
2007-09-04 00:00:00+09:00,1561.0704620303638,1603.0992821619507,1516.0395833179496,1588.0889892578125,448400
2007-09-05 00:00:00+09:00,1579.0825478158345,1579.0825478158345,1449.994050560928,1477.0125732421875,766200
2007-09-06 00:00:00+09:00,1434.9842888944893,1434.9842888944893,1365.9369277133737,1395.95751953125,653400
2007-09-07 00:00:00+09:00,1398.958896720987,1404.9630121575576,1350.9259732284208,1362.9342041015625,401200
2007-09-10 00:00:00+09:00,1317.9034937517674,1359.9323067643525,1308.897319534785,1326.90966796875,363400
2007-09-11 00:00:00+09:00,1320.9058243189104,1323.907883010544,1254.8605331029648,1287.8831787109375,569600
2007-09-12 00:00:00+09:00,1338.91796875,1374.9426674607623,1317.903561168722,1338.91796875,434800
2007-09-13 00:00:00+09:00,1290.8852866843895,1299.8914631031178,1275.8749926531757,1296.889404296875,411260
2007-09-14 00:00:00+09:00,1221.8377435593377,1263.8665602911085,1200.8233351934523,1260.864501953125,643400
2007-09-18 00:00:00+09:00,1275.8750493802017,1275.8750493802017,1179.809163309222,1194.8194580078125,598800
2007-09-19 00:00:00+09:00,1221.8378678661284,1242.8522783699684,1209.8296332925054,1239.8502197265625,283820
2007-09-20 00:00:00+09:00,1158.794734615306,1164.7988524112402,1140.7823812275033,1146.7864990234375,491220
2007-09-21 00:00:00+09:00,1107.7595738790121,1107.7595738790121,996.6834106445312,996.6834106445312,1330800
2007-09-25 00:00:00+09:00,1131.7757922864942,1131.7757922864942,1062.7284627836045,1095.7510986328125,728200
2007-09-26 00:00:00+09:00,1080.740943888237,1128.7738747277144,1080.740943888237,1119.7677001953125,369800
2007-09-27 00:00:00+09:00,1266.8686690815234,1269.8707275390627,1236.848084506132,1269.8707275390625,392200
2007-09-28 00:00:00+09:00,1254.8604736328125,1326.9098788174715,1185.8131269975142,1188.815185546875,821600
2007-10-01 00:00:00+09:00,1218.835875334563,1296.889404296875,1197.8214636908638,1296.889404296875,650000
2007-10-02 00:00:00+09:00,1305.8955308607408,1332.9140590854458,1254.8605331029648,1287.8831787109375,639800
2007-10-03 00:00:00+09:00,1362.934155426344,1437.985595703125,1350.9259249820589,1437.985595703125,867600
2007-10-04 00:00:00+09:00,1452.996297636175,1452.996297636175,1380.9468944476043,1401.9613037109375,654400
2007-10-05 00:00:00+09:00,1480.0149420461346,1510.035529105894,1474.0108246341829,1489.0211181640625,1059100
2007-10-09 00:00:00+09:00,1504.0311601240555,1639.123779296875,1504.0311601240555,1639.123779296875,933000
2007-10-10 00:00:00+09:00,1639.1236286875308,1642.12568661553,1516.039253639566,1528.0474853515625,1189200
2007-10-11 00:00:00+09:00,1504.0314777832032,1516.0397131347656,1459.0005952148438,1501.0294189453125,660800
2007-10-12 00:00:00+09:00,1501.0295477439101,1525.0460205078127,1501.0295477439101,1525.0460205078125,660960
2007-10-15 00:00:00+09:00,1537.0537959381045,1561.0702614996374,1534.0517377429128,1552.0640869140625,258000
2007-10-16 00:00:00+09:00,1504.931748091354,1504.931748091354,1483.0167236328125,1483.0167236328125,258060
2007-10-17 00:00:00+09:00,1424.7770522821145,1465.004638671875,1424.7770522821145,1465.004638671875,258060
2007-10-18 00:00:00+09:00,1468.006399015101,1528.047560529011,1443.9899344095368,1477.0125732421875,499800
2007-10-19 00:00:00+09:00,1424.3271312060297,1462.0020751953125,1424.3271312060297,1462.0020751953125,499860
2007-10-22 00:00:00+09:00,1386.9508167613635,1465.004325929752,1368.9384684917354,1452.99609375,370800
2007-10-23 00:00:00+09:00,1469.5075123593122,1492.02294921875,1469.5075123593122,1492.02294921875,370920
2007-10-24 00:00:00+09:00,1498.0267885993508,1636.1214424582088,1495.024730906767,1633.119384765625,847200
2007-10-25 00:00:00+09:00,1628.916538783482,1628.916538783482,1618.109130859375,1618.109130859375,847240
2007-10-26 00:00:00+09:00,1613.174536798795,1756.2044677734377,1613.174536798795,1756.2044677734375,847240
2007-10-29 00:00:00+09:00,1792.229005816916,1876.2866476307747,1702.1672467306387,1726.1837158203125,829200
2007-10-30 00:00:00+09:00,1729.4856268827793,1771.2142333984373,1729.4856268827793,1771.2142333984375,829360
2007-10-31 00:00:00+09:00,1741.1937085087436,1762.2081153355732,1717.1772435637954,1738.191650390625,436400
2007-11-01 00:00:00+09:00,1738.191424128985,1783.2222900390625,1738.191424128985,1783.2222900390625,436500
2007-11-02 00:00:00+09:00,1788.6266108586237,1788.6266108586237,1717.1776123046875,1717.1776123046875,436500
2007-11-05 00:00:00+09:00,1720.1794216086648,1756.204121537642,1642.1259050958806,1651.132080078125,327000
2007-11-06 00:00:00+09:00,1673.947654461424,1673.947654461424,1639.123779296875,1639.123779296875,327160
2007-11-07 00:00:00+09:00,1639.12353515625,1639.12353515625,1597.0947265625,1597.0947265625,327160
2007-11-08 00:00:00+09:00,1597.0951877688813,1597.0951877688813,1570.07666015625,1570.07666015625,327160
2007-11-09 00:00:00+09:00,1570.0766791233502,1570.0766791233502,1507.033447265625,1507.033447265625,327160
2007-11-12 00:00:00+09:00,1507.0335305166427,1567.0747070312498,1507.0335305166427,1567.07470703125,327160
2007-11-13 00:00:00+09:00,1567.0743148053277,1648.1298828125,1567.0743148053277,1648.1298828125,327160
2007-11-14 00:00:00+09:00,1648.1298828125,1648.1298828125,1648.1298828125,1648.1298828125,327160
2007-11-15 00:00:00+09:00,1609.1031692216982,1615.1072855247644,1591.0908203125002,1591.0908203125,327160
2007-11-16 00:00:00+09:00,1568.9549425423816,1600.0970458984375,1568.9549425423816,1600.0970458984375,327160
2007-11-19 00:00:00+09:00,1605.5010600005985,1605.5010600005985,1567.0747070312498,1567.07470703125,327160
2007-11-20 00:00:00+09:00,1538.254816816074,1588.0889892578125,1538.254816816074,1588.0889892578125,327160
2007-11-21 00:00:00+09:00,1589.2892921614819,1645.1275634765623,1589.2892921614819,1645.1275634765625,327160
2007-11-22 00:00:00+09:00,1642.4265908104028,1642.4265908104028,1627.1160888671877,1627.1160888671875,327160
2007-11-26 00:00:00+09:00,1648.1296568618857,1702.1666947917836,1630.1173108852531,1672.1461181640625,296400
2007-11-27 00:00:00+09:00,1621.1113229027408,1684.1545410156252,1621.1113229027408,1684.154541015625,327160
2007-11-28 00:00:00+09:00,1684.1546042644918,1738.1916503906252,1684.1546042644918,1738.191650390625,327160
2007-11-29 00:00:00+09:00,1732.4880163931396,1744.196044921875,1732.4880163931396,1744.196044921875,327160
2007-11-30 00:00:00+09:00,1743.3234539981981,1753.20166015625,1743.3234539981981,1753.20166015625,327160
2007-12-03 00:00:00+09:00,1753.2022804054054,1777.21875,1753.2022804054054,1777.21875,327160
2007-12-04 00:00:00+09:00,1781.721241503206,1781.721241503206,1675.148193359375,1675.148193359375,327160
2007-12-05 00:00:00+09:00,1680.5520331862876,1741.1936035156248,1680.5520331862876,1741.193603515625,327160
2007-12-06 00:00:00+09:00,1748.6985385540836,1748.6985385540836,1747.1975097656252,1747.197509765625,327160
2007-12-07 00:00:00+09:00,1753.2019409812178,1753.2019409812178,1738.1916503906252,1738.191650390625,327160
2007-12-10 00:00:00+09:00,1743.8955460155908,1743.8955460155908,1714.1751708984373,1714.1751708984375,327160
2007-12-11 00:00:00+09:00,1738.191967010498,1738.191967010498,1717.1775563557944,1729.185791015625,117000
2007-12-12 00:00:00+09:00,1693.1604046145114,1741.1933238943557,1690.158347159521,1735.189208984375,82880
2007-12-13 00:00:00+09:00,1695.8626730346682,1695.8626730346682,1681.1525878906252,1681.152587890625,82880
2007-12-14 00:00:00+09:00,1686.856545731394,1711.1732177734375,1686.856545731394,1711.1732177734375,82880
2007-12-17 00:00:00+09:00,1715.676328832453,1715.676328832453,1585.0867919921875,1585.0867919921875,82880
2007-12-18 00:00:00+09:00,1585.0867735623888,1705.1691048928728,1564.0723655795541,1690.1588134765625,587000
2007-12-19 00:00:00+09:00,1690.1592827173827,1732.1881103515625,1690.1592827173827,1732.1881103515625,82880
2007-12-20 00:00:00+09:00,1719.2786196785178,1719.2786196785178,1684.1545410156252,1684.154541015625,82880
2007-12-21 00:00:00+09:00,1684.4545899947204,1699.1646728515627,1684.4545899947204,1699.1646728515625,82880
2007-12-25 00:00:00+09:00,1694.0611747175562,1699.1646728515627,1694.0611747175562,1699.1646728515625,82880
2007-12-26 00:00:00+09:00,1714.1748067994433,1735.1892089843752,1714.1748067994433,1735.189208984375,82880
2007-12-27 00:00:00+09:00,1738.491856202437,1738.491856202437,1738.1916503906252,1738.191650390625,82880
2007-12-28 00:00:00+09:00,1708.171159496642,1738.1917422645972,1699.1649846662556,1711.1732177734375,63660
2008-01-04 00:00:00+09:00,1699.1649137676889,1717.177262676887,1591.0908203125002,1591.0908203125,232160
2008-01-07 00:00:00+09:00,1582.0849846018025,1591.0911609847349,1555.0664554530051,1564.0726318359375,82880
2008-01-08 00:00:00+09:00,1564.0719862039377,1564.0719862039377,1558.06787109375,1558.06787109375,82880
2008-01-09 00:00:00+09:00,1558.0681323711688,1561.0701904296875,1558.0681323711688,1561.0701904296875,82880
2008-01-10 00:00:00+09:00,1587.488577541647,1588.0889892578125,1587.488577541647,1588.0889892578125,82880
2008-01-11 00:00:00+09:00,1588.989404296875,1588.989404296875,1422.9755859375,1422.9755859375,82880
2008-01-15 00:00:00+09:00,1428.7385766125242,1428.7385766125242,1380.94677734375,1380.94677734375,82880
2008-01-16 00:00:00+09:00,1317.903355189732,1362.9342215401784,1263.8663155691963,1344.921875,328060
2008-01-17 00:00:00+09:00,1434.9839079258807,1434.9839079258807,1386.9509737693656,1416.9715576171875,328060
2008-01-18 00:00:00+09:00,1416.9714930206237,1516.0394152021504,1416.9714930206237,1492.02294921875,255140
2008-01-21 00:00:00+09:00,1410.9673699629934,1452.9961852384868,1410.9673699629934,1425.9776611328125,224140
2008-01-22 00:00:00+09:00,1468.006190493856,1537.0535164271046,1434.9835563518673,1462.0020751953125,567760
2008-01-23 00:00:00+09:00,1455.3974422589656,1455.3974422589656,1443.9896240234375,1443.9896240234375,567760
2008-01-24 00:00:00+09:00,1498.0272430123634,1546.0601806640625,1480.0148913929763,1546.0601806640625,383260
2008-01-25 00:00:00+09:00,1501.0290479845573,1549.061977520063,1501.0290479845573,1543.057861328125,383260
2008-01-28 00:00:00+09:00,1534.6523592006847,1534.6523592006847,1480.0148925781252,1480.014892578125,383260
2008-01-29 00:00:00+09:00,1508.2344576025196,1519.0418701171873,1508.2344576025196,1519.0418701171875,383260
2008-01-30 00:00:00+09:00,1510.3073148666515,1519.0418701171873,1510.3073148666515,1519.0418701171875,383260
2008-01-31 00:00:00+09:00,1492.0235321469622,1510.0358886718752,1483.0173538845056,1510.035888671875,383260
2008-02-01 00:00:00+09:00,1335.9159820074424,1404.9633248977145,1281.8789310498378,1329.911865234375,1175480
2008-02-04 00:00:00+09:00,1263.8665728702724,1296.889214916764,1263.8665728702724,1284.8809814453125,1038780
2008-02-05 00:00:00+09:00,1314.9015608162717,1332.9139109644398,1287.8830355940195,1305.8953857421875,760720
2008-02-06 00:00:00+09:00,1185.813265014956,1206.8276773063603,1176.80708831864,1191.8173828125,754380
2008-02-07 00:00:00+09:00,1196.6206470588234,1275.875,1196.6206470588234,1275.875,754380
2008-02-08 00:00:00+09:00,1275.2743513343978,1275.2743513343978,1233.845947265625,1233.845947265625,754380
2008-02-12 00:00:00+09:00,1234.4465537875308,1234.4465537875308,1224.8399658203125,1224.8399658203125,754380
2008-02-13 00:00:00+09:00,1203.8256180848125,1203.8256180848125,1146.7864990234375,1146.7864990234375,754380
2008-02-14 00:00:00+09:00,1206.8275368430398,1215.8337124911222,1173.804892800071,1188.815185546875,692400
2008-02-15 00:00:00+09:00,1257.862460392388,1269.870693904487,1242.852168502264,1263.8665771484375,740300
2008-02-18 00:00:00+09:00,1268.9701885675981,1268.9701885675981,1239.8502197265625,1239.8502197265625,740300
2008-02-19 00:00:00+09:00,1257.8624436151413,1260.864501953125,1257.8624436151413,1260.864501953125,740300
2008-02-20 00:00:00+09:00,1280.0778055481992,1280.0778055481992,1239.8502197265625,1239.8502197265625,740300
2008-02-21 00:00:00+09:00,1248.856502199636,1269.8709144962645,1227.8420899030075,1236.8482666015625,211060
2008-02-22 00:00:00+09:00,1221.8378133430756,1257.862515456385,1212.8316378147483,1251.8583984375,194940
2008-02-25 00:00:00+09:00,1260.8645571195163,1260.8645571195163,1248.8563232421875,1248.8563232421875,194940
2008-02-26 00:00:00+09:00,1218.4704699982378,1221.5090497239194,1197.200411918468,1212.393310546875,405300
2008-02-27 00:00:00+09:00,1182.0076436924394,1206.3162841796875,1182.0076436924394,1206.3162841796875,405300
2008-02-28 00:00:00+09:00,1188.0846107718871,1188.0846107718871,1178.9688720703125,1178.9688720703125,405300
2008-02-29 00:00:00+09:00,1206.3164693354327,1206.3164693354327,1160.7377614260336,1175.9306640625,229800
2008-03-03 00:00:00+09:00,1112.120133329029,1121.2358721268079,1096.9272353327308,1103.00439453125,229800
2008-03-04 00:00:00+09:00,1107.3610960537897,1107.3610960537897,1033.116943359375,1033.116943359375,229800
2008-03-05 00:00:00+09:00,1037.1981849975634,1037.1981849975634,993.6158447265626,993.6158447265625,229800
2008-03-06 00:00:00+09:00,1057.4257756536533,1075.6572545442334,1045.2714563932664,1060.46435546875,645260
2008-03-07 00:00:00+09:00,1060.46435546875,1060.46435546875,1060.46435546875,1060.46435546875,645260
2008-03-10 00:00:00+09:00,1056.2102649319556,1056.2102649319556,1036.1556396484375,1036.1556396484375,645260
2008-03-11 00:00:00+09:00,1036.1555026741914,1045.271240234375,1036.1555026741914,1045.271240234375,645260
2008-03-12 00:00:00+09:00,1045.2714238556339,1078.69580078125,1045.2714238556339,1078.69580078125,645260
2008-03-13 00:00:00+09:00,1069.5388152739029,1078.69580078125,1069.5388152739029,1078.69580078125,645260
2008-03-14 00:00:00+09:00,1127.3130368396064,1130.3516164537293,1081.7343426277625,1099.9658203125,645260
2008-03-17 00:00:00+09:00,1094.630968850146,1130.3515625,1094.630968850146,1130.3515625,645260
2008-03-18 00:00:00+09:00,1154.660289300182,1154.660289300182,1136.4288110480738,1148.5831298828125,645260
2008-03-19 00:00:00+09:00,1148.5829325831214,1148.5829325831214,1045.271240234375,1045.271240234375,645260
2008-03-21 00:00:00+09:00,1050.1331354748604,1087.8115234375,1050.1331354748604,1087.8115234375,645260
2008-03-24 00:00:00+09:00,1154.660289300182,1160.7374487175514,1148.5831298828125,1148.5831298828125,645260
2008-03-25 00:00:00+09:00,1178.9690849562198,1257.97216796875,1178.9690849562198,1257.97216796875,645260
2008-03-26 00:00:00+09:00,1252.7513154011529,1252.7513154011529,1245.817626953125,1245.817626953125,645260
2008-03-27 00:00:00+09:00,1309.6276603488748,1324.820556640625,1309.6276603488748,1324.820556640625,645260
2008-03-28 00:00:00+09:00,1324.8203835028664,1373.437645282788,1318.7432257803762,1358.2447509765625,704720
2008-03-31 00:00:00+09:00,1406.86276166867,1422.0556640625,1406.86276166867,1422.0556640625,704720
2008-04-01 00:00:00+09:00,1416.5858611124424,1485.865478515625,1416.5858611124424,1485.865478515625,704720
2008-04-02 00:00:00+09:00,1485.865340814358,1494.9810791015625,1485.865340814358,1494.9810791015625,704720
2008-04-03 00:00:00+09:00,1498.323782904092,1498.323782904092,1419.016845703125,1419.016845703125,704720
2008-04-04 00:00:00+09:00,1286.5346791512102,1286.5346791512102,1267.0877685546875,1267.0877685546875,704720
2008-04-07 00:00:00+09:00,1294.7390877609619,1294.7390877609619,1270.1265869140625,1270.1265869140625,704720
2008-04-08 00:00:00+09:00,1166.8148499340368,1166.8148499340368,1151.6219482421875,1151.6219482421875,704720
2008-04-09 00:00:00+09:00,1151.9258001708984,1154.6605224609375,1151.9258001708984,1154.6605224609375,704720
2008-04-10 00:00:00+09:00,1139.4674183536151,1139.4674183536151,1133.3902587890625,1133.3902587890625,704720
2008-04-11 00:00:00+09:00,1133.9980732520023,1209.3548583984375,1133.9980732520023,1209.3548583984375,704720
2008-04-14 00:00:00+09:00,1210.2664803135422,1309.6280517578125,1210.2664803135422,1309.6280517578125,704720
2008-04-15 00:00:00+09:00,1278.6343494841153,1279.2420654296875,1278.6343494841153,1279.2420654296875,704720
2008-04-16 00:00:00+09:00,1279.849989594006,1297.4737548828125,1279.849989594006,1297.4737548828125,704720
2008-04-17 00:00:00+09:00,1282.2806396484375,1282.2806396484375,1282.2806396484375,1282.2806396484375,704720
2008-04-18 00:00:00+09:00,1242.7791033559502,1282.2806396484375,1242.7791033559502,1282.2806396484375,704720
2008-04-21 00:00:00+09:00,1314.4898041271772,1314.4898041271772,1297.4737548828125,1297.4737548828125,704720
2008-04-22 00:00:00+09:00,1298.0812880295973,1298.0812880295973,1264.0491943359375,1264.0491943359375,704720
2008-04-23 00:00:00+09:00,1297.473572070782,1306.5893114530122,1264.0491943359375,1264.0491943359375,704720
2008-04-24 00:00:00+09:00,1285.3192304338727,1291.3963899158296,1276.2034912109375,1276.2034912109375,704720
2008-04-25 00:00:00+09:00,1333.9363051501944,1391.6693115234375,1333.9363051501944,1391.6693115234375,704720
2008-04-28 00:00:00+09:00,1395.9232492719377,1395.9232492719377,1361.283447265625,1361.283447265625,704720
2008-04-30 00:00:00+09:00,1390.3679746636005,1391.6693115234375,1390.3679746636005,1391.6693115234375,704720
2008-05-01 00:00:00+09:00,1330.8979436574602,1333.9365234375,1330.8979436574602,1333.9365234375,704720
2008-05-02 00:00:00+09:00,1324.820556640625,1324.820556640625,1324.820556640625,1324.820556640625,704720
2008-05-07 00:00:00+09:00,1338.1576858999995,1367.36083984375,1338.1576858999995,1367.36083984375,200
2008-05-08 00:00:00+09:00,1367.3610923132665,1425.0941162109375,1367.3610923132665,1425.0941162109375,200
2008-05-09 00:00:00+09:00,1422.0552455357144,1422.0552455357144,1382.5537109375002,1382.5537109375,200
2008-05-12 00:00:00+09:00,1358.2451009114584,1367.36083984375,1358.2451009114584,1367.36083984375,200
2008-05-13 00:00:00+09:00,1415.978242975385,1431.171142578125,1415.978242975385,1431.171142578125,200
2008-05-14 00:00:00+09:00,1431.1713139314827,1467.6342773437498,1431.1713139314827,1467.63427734375,200
2008-05-15 00:00:00+09:00,1418.7132255358574,1422.0556640625,1418.7132255358574,1422.0556640625,200
2008-05-16 00:00:00+09:00,1385.5923177083334,1385.5923177083334,1367.36083984375,1367.36083984375,200
2008-05-19 00:00:00+09:00,1367.3607491158152,1367.3607491158152,1349.1292724609377,1349.1292724609375,200
2008-05-20 00:00:00+09:00,1355.2061721153175,1358.2447509765625,1355.2061721153175,1358.2447509765625,200
2008-05-21 00:00:00+09:00,1297.4734042185657,1297.4734042185657,1288.357666015625,1288.357666015625,200
2008-05-22 00:00:00+09:00,1294.434925685419,1300.5120849609377,1285.3191867721416,1300.5120849609375,200
2008-05-23 00:00:00+09:00,1337.2791312728846,1337.2791312728846,1309.6280517578125,1309.6280517578125,200
2008-05-26 00:00:00+09:00,1310.8433002580916,1310.8433002580916,1276.2034912109375,1276.2034912109375,200
2008-05-27 00:00:00+09:00,1257.97216796875,1257.97216796875,1257.97216796875,1257.97216796875,200
2008-05-28 00:00:00+09:00,1206.316195827006,1206.316195827006,1188.084716796875,1188.084716796875,200
2008-05-29 00:00:00+09:00,1245.210050135807,1245.210050135807,1236.7020263671875,1236.7020263671875,200
2008-05-30 00:00:00+09:00,1236.0944458869485,1291.3966064453125,1236.0944458869485,1291.3966064453125,200
2008-06-02 00:00:00+09:00,1312.6665382922533,1312.6665382922533,1294.43505859375,1294.43505859375,200
2008-06-03 00:00:00+09:00,1300.0610137668245,1303.55078125,1300.0610137668245,1303.55078125,200
2008-06-04 00:00:00+09:00,1262.6902848574039,1267.0877685546875,1262.6902848574039,1267.0877685546875,200
2008-06-05 00:00:00+09:00,1267.0877519880023,1282.2806506928944,1245.8176938011534,1276.2034912109375,303960
2008-06-06 00:00:00+09:00,1283.799929505841,1283.799929505841,1282.2806396484375,1282.2806396484375,303960
2008-06-09 00:00:00+09:00,1267.0878197165098,1267.0878197165098,1239.7406005859375,1239.7406005859375,303960
2008-06-10 00:00:00+09:00,1239.740771484375,1239.740771484375,1215.43212890625,1215.43212890625,303960
2008-06-11 00:00:00+09:00,1215.4319239026718,1215.4319239026718,1194.161865234375,1194.161865234375,303960
2008-06-12 00:00:00+09:00,1191.123228859088,1191.123228859088,1157.6988525390625,1157.6988525390625,303960
2008-06-13 00:00:00+09:00,1136.4288110480738,1148.5831298828125,1136.4288110480738,1148.5831298828125,303960
2008-06-16 00:00:00+09:00,1151.621873552266,1151.621873552266,1127.313232421875,1127.313232421875,303960
2008-06-17 00:00:00+09:00,1126.7054518427544,1126.7054518427544,1096.9273681640625,1096.9273681640625,303960
2008-06-18 00:00:00+09:00,1073.9708686631163,1078.69580078125,1073.9708686631163,1078.69580078125,303960
2008-06-19 00:00:00+09:00,1078.6959615567835,1121.236083984375,1078.6959615567835,1121.236083984375,303960
2008-06-20 00:00:00+09:00,1098.750539434524,1098.750539434524,1084.7730712890625,1084.7730712890625,303960
2008-06-23 00:00:00+09:00,1042.232882094109,1069.5801005747126,1042.232882094109,1057.42578125,584560
2008-06-24 00:00:00+09:00,1057.4257189470513,1057.4257189470513,1024.0013427734375,1024.0013427734375,584560
2008-06-25 00:00:00+09:00,1020.3549884314904,1020.3549884314904,987.538330078125,987.538330078125,584560
2008-06-26 00:00:00+09:00,1010.9356543573432,1010.9356543573432,981.46142578125,981.46142578125,584560
2008-06-27 00:00:00+09:00,934.9711045788181,941.9598388671875,934.9711045788181,941.9598388671875,584560
2008-06-30 00:00:00+09:00,942.5675287748638,942.5675287748638,923.7283325195312,923.7283325195312,584560
2008-07-01 00:00:00+09:00,924.0323064285028,926.7670288085938,924.0323064285028,926.7670288085938,584560
2008-07-02 00:00:00+09:00,926.7668020230132,951.0754394531249,926.7668020230132,951.075439453125,584560
2008-07-03 00:00:00+09:00,951.3796147202002,1002.7316284179689,951.3796147202002,1002.7316284179688,584560
2008-07-04 00:00:00+09:00,1003.6429289536669,1051.3486328125,1003.6429289536669,1051.3486328125,584560
2008-07-07 00:00:00+09:00,1051.3486271838979,1054.38720703125,1051.3486271838979,1054.38720703125,584560
2008-07-08 00:00:00+09:00,985.1074664963943,987.538330078125,985.1074664963943,987.538330078125,584560
2008-07-09 00:00:00+09:00,953.2024895583527,960.1912231445312,953.2024895583527,960.1912231445312,584560
2008-07-10 00:00:00+09:00,960.1911513610456,966.268310546875,960.1911513610456,966.268310546875,584560
2008-07-11 00:00:00+09:00,966.2681594899666,966.2681594899666,908.53515625,908.53515625,584560
2008-07-14 00:00:00+09:00,942.2638170814514,972.3457641601562,942.2638170814514,972.3457641601562,584560
2008-07-15 00:00:00+09:00,948.0370171264251,948.0370171264251,932.8441162109375,932.8441162109375,584560
2008-07-16 00:00:00+09:00,879.6687261829086,900.9387817382812,879.6687261829086,900.9387817382812,584560
2008-07-17 00:00:00+09:00,934.6656777296855,954.11376953125,934.6656777296855,954.11376953125,584560
2008-07-18 00:00:00+09:00,954.1142022161201,954.1142022161201,920.6898193359375,920.6898193359375,584560
2008-07-22 00:00:00+09:00,951.0755792433216,951.0755792433216,917.6511978641634,941.9598388671875,313160
2008-07-23 00:00:00+09:00,932.8438011589174,938.9209594726562,932.8438011589174,938.9209594726562,313160
2008-07-24 00:00:00+09:00,999.6928901672363,1020.9629516601562,999.6928901672363,1020.9629516601562,313160
2008-07-25 00:00:00+09:00,1020.9630698107799,1020.9630698107799,993.6158447265626,993.6158447265625,313160
2008-07-28 00:00:00+09:00,1025.2166729718,1025.2166729718,1011.8469238281251,1011.846923828125,313160
2008-07-29 00:00:00+09:00,955.3294240123821,966.268310546875,955.3294240123821,966.268310546875,313160
2008-07-30 00:00:00+09:00,979.9422732266513,1002.7316284179689,979.9422732266513,1002.7316284179688,313160
2008-07-31 00:00:00+09:00,998.592976011761,1011.8469238281251,998.592976011761,1011.846923828125,313160
2008-08-01 00:00:00+09:00,1012.7585560674253,1048.3099365234375,1012.7585560674253,1048.3099365234375,313160
2008-08-04 00:00:00+09:00,1048.3103455888465,1048.3103455888465,999.6930541992188,999.6930541992188,313160
2008-08-05 00:00:00+09:00,999.6925810831457,999.6925810831457,990.5768432617189,990.5768432617188,313160
2008-08-06 00:00:00+09:00,990.5768339269301,1033.116943359375,990.5768339269301,1033.116943359375,313160
2008-08-07 00:00:00+09:00,1025.9101516509772,1036.1556396484375,1025.9101516509772,1036.1556396484375,313160
2008-08-08 00:00:00+09:00,1026.4320690199909,1033.116943359375,1026.4320690199909,1033.116943359375,313160
2008-08-11 00:00:00+09:00,1067.4532000158588,1067.4532000158588,1066.5416259765625,1066.5416259765625,313160
2008-08-12 00:00:00+09:00,1090.2422296393408,1109.0814208984375,1090.2422296393408,1109.0814208984375,313160
2008-08-13 00:00:00+09:00,1108.473934248555,1108.473934248555,1051.3486328125,1051.3486328125,313160
2008-08-14 00:00:00+09:00,1049.2215160904643,1049.2215160904643,975.384033203125,975.384033203125,313160
2008-08-15 00:00:00+09:00,975.38379070716,1014.8853149414062,975.38379070716,1014.8853149414062,313160
2008-08-18 00:00:00+09:00,1036.1558527265277,1036.1558527265277,1020.9629516601562,1020.9629516601562,313160
2008-08-19 00:00:00+09:00,1004.8583235357464,1005.7698974609376,1004.8583235357464,1005.7698974609375,313160
2008-08-20 00:00:00+09:00,1005.4660608154996,1060.46435546875,1005.4660608154996,1060.46435546875,313160
2008-08-21 00:00:00+09:00,1036.1555026741914,1051.3483986078306,1033.1169234874637,1045.271240234375,313160
2008-08-22 00:00:00+09:00,1045.8790315017484,1072.6185302734375,1045.8790315017484,1072.6185302734375,313160
2008-08-25 00:00:00+09:00,1073.2263144585056,1103.00439453125,1073.2263144585056,1103.00439453125,313160
2008-08-26 00:00:00+09:00,1106.0769780124654,1109.1494140625,1106.0769780124654,1109.1494140625,313160
2008-08-27 00:00:00+09:00,1099.6248114577863,1099.6248114577863,1096.859619140625,1096.859619140625,313160
2008-08-28 00:00:00+09:00,1093.787109375,1093.787109375,1093.787109375,1093.787109375,313160
2008-08-29 00:00:00+09:00,1094.4016763879429,1127.583984375,1094.4016763879429,1127.583984375,313160
2008-09-01 00:00:00+09:00,1127.58412816969,1127.58412816969,1087.6424560546875,1087.6424560546875,313160
2008-09-02 00:00:00+09:00,1189.0325711763821,1213.6120558518628,1173.6703932542066,1198.2498779296875,1164140
2008-09-03 00:00:00+09:00,1201.0151441178966,1201.3223876953125,1201.0151441178966,1201.3223876953125,1164140
2008-09-04 00:00:00+09:00,1201.3226324524544,1216.684814453125,1201.3226324524544,1216.684814453125,1164140
2008-09-05 00:00:00+09:00,1176.4356831713183,1207.46728515625,1176.4356831713183,1207.46728515625,1164140
2008-09-08 00:00:00+09:00,1207.467146951956,1232.046630859375,1207.467146951956,1232.046630859375,1164140
2008-09-09 00:00:00+09:00,1232.046630859375,1232.046630859375,1232.046630859375,1232.046630859375,1164140
2008-09-10 00:00:00+09:00,1275.060727101452,1339.5818723282725,1271.9882916144604,1302.712646484375,961040
2008-09-11 00:00:00+09:00,1302.7128512673173,1302.7128512673173,1219.757080078125,1219.757080078125,961040
2008-09-12 00:00:00+09:00,1204.7019178846501,1204.7019178846501,1195.1773681640625,1195.1773681640625,961040
2008-09-16 00:00:00+09:00,1195.484908060812,1222.82958984375,1195.484908060812,1222.82958984375,20
2008-09-17 00:00:00+09:00,1198.2500949789899,1201.3225311199617,1176.7430419921875,1176.7430419921875,20
2008-09-18 00:00:00+09:00,1176.742981706849,1250.4814453125,1176.742981706849,1250.4814453125,20
2008-09-19 00:00:00+09:00,1233.275679221082,1235.119140625,1233.275679221082,1235.119140625,20
2008-09-22 00:00:00+09:00,1241.26435546875,1241.26435546875,1213.6124267578125,1213.6124267578125,20
2008-09-24 00:00:00+09:00,1185.9606698354085,1185.9606698354085,1179.8157958984375,1179.8157958984375,20
2008-09-25 00:00:00+09:00,1165.9896606445313,1213.6124267578125,1165.9896606445313,1213.6124267578125,20
2008-09-26 00:00:00+09:00,1213.6121307919398,1213.6121307919398,1201.3223876953125,1201.3223876953125,20
2008-09-29 00:00:00+09:00,1201.3220271551231,1256.6258544921875,1201.3220271551231,1256.6258544921875,20
2008-09-30 00:00:00+09:00,1257.240699894267,1257.240699894267,1225.90185546875,1225.90185546875,20
2008-10-01 00:00:00+09:00,1225.9022199105525,1271.98876953125,1225.9022199105525,1271.98876953125,20
2008-10-02 00:00:00+09:00,1273.217139953759,1287.350341796875,1273.217139953759,1287.350341796875,20
2008-10-03 00:00:00+09:00,1339.8893231131017,1339.8893231131017,1336.5096435546875,1336.5096435546875,20
2008-10-06 00:00:00+09:00,1329.749977010091,1474.7689208984375,1329.749977010091,1474.7689208984375,20
2008-10-07 00:00:00+09:00,1507.0674464199815,1507.0674464199815,1474.7689208984375,1474.7689208984375,20
2008-10-08 00:00:00+09:00,1351.2573593139648,1351.2573593139648,1327.2923583984375,1327.2923583984375,20
2008-10-09 00:00:00+09:00,1335.8954252506587,1335.8954252506587,1311.930419921875,1311.930419921875,20
2008-10-10 00:00:00+09:00,1305.7855224609375,1305.7855224609375,1305.7855224609375,1305.7855224609375,20
2008-10-14 00:00:00+09:00,1440.0505167300578,1459.4068603515625,1440.0505167300578,1459.4068603515625,20
2008-10-15 00:00:00+09:00,1497.1981532884681,1554.6527099609375,1497.1981532884681,1554.6527099609375,20
2008-10-16 00:00:00+09:00,1554.6524301946417,1554.6524301946417,1431.7550048828123,1431.7550048828125,20
2008-10-17 00:00:00+09:00,1470.4679535347186,1508.566162109375,1470.4679535347186,1508.566162109375,20
2008-10-20 00:00:00+09:00,1534.0670873084434,1597.6665039062498,1534.0670873084434,1597.66650390625,20
2008-10-21 00:00:00+09:00,1567.864724336512,1567.864724336512,1566.9429931640625,1566.9429931640625,20
2008-10-22 00:00:00+09:00,1566.9425024414063,1566.9425024414063,1536.2181396484375,1536.2181396484375,20
2008-10-23 00:00:00+09:00,1485.7240192891952,1539.2901611328125,1485.7240192891952,1539.2901611328125,20
2008-10-24 00:00:00+09:00,1497.8123938805597,1497.8123938805597,1422.5377197265625,1422.5377197265625,20
2008-10-27 00:00:00+09:00,1422.537809284201,1422.537809284201,1268.916015625,1268.916015625,20
2008-10-28 00:00:00+09:00,1326.7449360487012,1422.5377197265625,1326.7449360487012,1422.5377197265625,20
2008-10-29 00:00:00+09:00,1423.7663872134842,1423.7663872134842,1394.885498046875,1394.885498046875,20
2008-10-30 00:00:00+09:00,1465.5517578125,1465.5517578125,1465.5517578125,1465.5517578125,20
2008-10-31 00:00:00+09:00,1468.624267578125,1468.624267578125,1468.624267578125,1468.624267578125,20
2008-11-04 00:00:00+09:00,1470.1606750488281,1603.8116455078125,1470.1606750488281,1603.8116455078125,489380
2008-11-05 00:00:00+09:00,1602.889874342315,1602.889874342315,1505.49365234375,1505.49365234375,489380
2008-11-06 00:00:00+09:00,1507.0295245975437,1507.0295245975437,1496.2760009765623,1496.2760009765625,489380
2008-11-07 00:00:00+09:00,1496.2763467191446,1520.8558349609375,1496.2763467191446,1520.8558349609375,489380
2008-11-10 00:00:00+09:00,1633.9212102633805,1646.825439453125,1633.9212102633805,1646.825439453125,489380
2008-11-11 00:00:00+09:00,1648.361555890339,1648.361555890339,1637.6080322265625,1637.6080322265625,489380
2008-11-12 00:00:00+09:00,1613.0282363450597,1613.0282363450597,1594.5936279296877,1594.5936279296875,489380
2008-11-13 00:00:00+09:00,1558.9540237546905,1560.7974853515625,1558.9540237546905,1560.7974853515625,489380
2008-11-14 00:00:00+09:00,1562.0262369469367,1562.0262369469367,1551.5799560546873,1551.5799560546875,489380
2008-11-17 00:00:00+09:00,1551.5801004964517,1551.5801004964517,1542.36279296875,1542.36279296875,489380
2008-11-18 00:00:00+09:00,1544.2064739746095,1544.2064739746095,1536.2181396484375,1536.2181396484375,489380
2008-11-19 00:00:00+09:00,1540.5195504394533,1540.5195504394533,1536.2181396484375,1536.2181396484375,489380
2008-11-20 00:00:00+09:00,1538.0615066799185,1557.72509765625,1538.0615066799185,1557.72509765625,489380
2008-11-21 00:00:00+09:00,1558.9541381077736,1558.9541381077736,1483.9866943359375,1483.9866943359375,489380
2008-11-25 00:00:00+09:00,1486.7512921221844,1486.7512921221844,1419.4649658203125,1419.4649658203125,5180
2008-11-26 00:00:00+09:00,1420.6942540597706,1420.6942540597706,1407.1755371093748,1407.175537109375,5180
2008-11-27 00:00:00+09:00,1400.194901454024,1422.5377197265625,1400.194901454024,1422.5377197265625,5180
2008-11-28 00:00:00+09:00,1423.4594025184367,1425.610107421875,1423.4594025184367,1425.610107421875,5180
2008-12-01 00:00:00+09:00,1427.1463344911986,1456.33447265625,1427.1463344911986,1456.33447265625,5180
2008-12-02 00:00:00+09:00,1456.9489597755141,1456.9489597755141,1456.33447265625,1456.33447265625,5180
2008-12-03 00:00:00+09:00,1469.2386831393098,1551.5799560546873,1469.2386831393098,1551.5799560546875,5180
2008-12-04 00:00:00+09:00,1551.5797855289838,1609.9560546875,1551.5797855289838,1609.9560546875,5180
2008-12-05 00:00:00+09:00,1611.185237789154,1611.185237789154,1573.0870361328125,1573.0870361328125,5180
2008-12-08 00:00:00+09:00,1575.5451859016491,1606.884033203125,1575.5451859016491,1606.884033203125,5180
2008-12-09 00:00:00+09:00,1550.0436957969591,1570.0145263671875,1550.0436957969591,1570.0145263671875,5180
2008-12-10 00:00:00+09:00,1571.2430776742788,1571.2430776742788,1477.841064453125,1477.841064453125,5180
2008-12-11 00:00:00+09:00,1477.5342297748768,1477.5342297748768,1459.4068603515625,1459.4068603515625,5180
2008-12-12 00:00:00+09:00,1460.6358186141306,1460.6358186141306,1413.3203125,1413.3203125,5180
2008-12-15 00:00:00+09:00,1448.0387342071533,1474.7689208984375,1448.0387342071533,1474.7689208984375,5180
2008-12-16 00:00:00+09:00,1583.2260736703872,1583.2260736703872,1573.0870361328125,1573.0870361328125,338860
2008-12-17 00:00:00+09:00,1574.6235025340113,1603.8116455078125,1574.6235025340113,1603.8116455078125,337300
2008-12-18 00:00:00+09:00,1640.6805733559092,1662.1876220703125,1640.6805733559092,1662.1876220703125,363460
2008-12-19 00:00:00+09:00,1663.7236572740608,1663.7236572740608,1579.231689453125,1579.231689453125,307080
2008-12-22 00:00:00+09:00,1579.2319292769218,1579.2319292769218,1563.8697509765625,1563.8697509765625,220120
2008-12-24 00:00:00+09:00,1565.406241565199,1600.7392578124998,1565.406241565199,1600.7392578125,338300
2008-12-25 00:00:00+09:00,1524.8427245366356,1524.8427245366356,1523.9283447265625,1523.9283447265625,310960
2008-12-26 00:00:00+09:00,1539.2903730708397,1539.2903730708397,1502.421142578125,1502.421142578125,277800
2008-12-29 00:00:00+09:00,1523.9280526911468,1536.2177950515593,1517.7831815109405,1527.00048828125,271920
2008-12-30 00:00:00+09:00,1527.000510026569,1527.000510026569,1511.6383318572875,1517.783203125,83400
2009-01-05 00:00:00+09:00,1548.5075594635628,1557.7248663651317,1511.6383318572875,1517.783203125,100600
2009-01-06 00:00:00+09:00,1437.8997010926942,1437.8997010926942,1364.1612548828125,1364.1612548828125,634480
2009-01-07 00:00:00+09:00,1364.1616809082032,1364.1616809082032,1228.9744873046875,1228.9744873046875,1549720
2009-01-08 00:00:00+09:00,1228.9742526398402,1345.726806640625,1228.9742526398402,1345.726806640625,754120
2009-01-09 00:00:00+09:00,1347.2629289106887,1351.87158203125,1347.2629289106887,1351.87158203125,365480
2009-01-13 00:00:00+09:00,1357.4019543740915,1357.4019543740915,1321.147216796875,1321.147216796875,430660
2009-01-14 00:00:00+09:00,1319.611191440636,1319.611191440636,1308.857666015625,1308.857666015625,195600
2009-01-15 00:00:00+09:00,1275.3678445820592,1287.350341796875,1275.3678445820592,1287.350341796875,434580
2009-01-16 00:00:00+09:00,1291.0374868094639,1296.56787109375,1291.0374868094639,1296.56787109375,246660
2009-01-19 00:00:00+09:00,1244.3363037109375,1244.3363037109375,1244.3363037109375,1244.3363037109375,377800
2009-01-20 00:00:00+09:00,1269.2232369056114,1278.13330078125,1269.2232369056114,1278.13330078125,278340
2009-01-21 00:00:00+09:00,1288.579611660572,1299.640380859375,1288.579611660572,1299.640380859375,364500
2009-01-22 00:00:00+09:00,1299.640246750018,1339.5819091796875,1299.640246750018,1339.5819091796875,384980
2009-01-23 00:00:00+09:00,1339.5819229836475,1385.66845703125,1339.5819229836475,1385.66845703125,408460
2009-01-26 00:00:00+09:00,1385.6683501163939,1385.6683501163939,1361.0888671875,1361.0888671875,132080
2009-01-27 00:00:00+09:00,1293.49560546875,1293.49560546875,1293.49560546875,1293.49560546875,336780
2009-01-28 00:00:00+09:00,1294.4173596833882,1294.4173596833882,1284.2783203125,1284.2783203125,271140
2009-01-29 00:00:00+09:00,1284.8928264770507,1284.8928264770507,1228.9744873046875,1228.9744873046875,729440
2009-01-30 00:00:00+09:00,1228.9740802032018,1247.40869140625,1228.9740802032018,1247.40869140625,503620
2009-02-02 00:00:00+09:00,1247.4090637062054,1293.49560546875,1247.4090637062054,1293.49560546875,298280
2009-02-03 00:00:00+09:00,1293.4954353802577,1296.56787109375,1293.4954353802577,1296.56787109375,220540
2009-02-04 00:00:00+09:00,1296.567775510392,1302.712646484375,1296.567775510392,1302.712646484375,584480
2009-02-05 00:00:00+09:00,1302.712836502259,1302.712836502259,1275.0609130859375,1275.0609130859375,260140
2009-02-06 00:00:00+09:00,1275.6755461165048,1275.6755461165048,1265.84375,1265.84375,529340
2009-02-09 00:00:00+09:00,1218.5285017013548,1218.5285017013548,1179.8157958984375,1179.8157958984375,457300
2009-02-10 00:00:00+09:00,1182.887939453125,1207.467429104099,1161.3808860085226,1182.887939453125,311480
2009-02-12 00:00:00+09:00,1207.4673361982445,1219.757080078125,1207.4673361982445,1219.757080078125,183560
2009-02-13 00:00:00+09:00,1228.9744621545226,1228.9744621545226,1222.82958984375,1222.82958984375,236220
2009-02-16 00:00:00+09:00,1222.829516048095,1222.829516048095,1219.757080078125,1219.757080078125,226560
2009-02-17 00:00:00+09:00,1213.612283181316,1238.1917724609375,1213.612283181316,1238.1917724609375,246660
2009-02-18 00:00:00+09:00,1218.8354246532353,1238.1917724609375,1218.8354246532353,1238.1917724609375,335420
2009-02-19 00:00:00+09:00,1229.2817057700613,1229.2817057700613,1222.82958984375,1222.82958984375,188040
2009-02-20 00:00:00+09:00,1179.815348525469,1179.815348525469,1146.0185546875,1146.0185546875,399280
2009-02-23 00:00:00+09:00,1148.7838587267647,1148.7838587267647,1069.207763671875,1069.207763671875,379500
2009-02-24 00:00:00+09:00,1069.5201419033847,1137.9869384765625,1069.5201419033847,1137.9869384765625,638920
2009-02-25 00:00:00+09:00,1137.9870882601351,1156.7451171875,1137.9870882601351,1156.7451171875,399060
2009-02-26 00:00:00+09:00,1156.7448187934028,1266.1666259765625,1156.7448187934028,1266.1666259765625,585760
2009-02-27 00:00:00+09:00,1266.1671057765004,1266.1671057765004,1259.9144287109375,1259.9144287109375,446180
2009-03-02 00:00:00+09:00,1259.9140985518538,1259.9140985518538,1206.766357421875,1206.766357421875,283340
2009-03-03 00:00:00+09:00,1206.7667055153208,1284.9251708984375,1206.7667055153208,1284.9251708984375,851180
2009-03-04 00:00:00+09:00,1309.935799714222,1316.1884765625,1309.935799714222,1316.1884765625,322980
2009-03-05 00:00:00+09:00,1313.9997710301327,1313.9997710301327,1300.5565185546875,1300.5565185546875,273100
2009-03-06 00:00:00+09:00,1338.072749332187,1338.072749332187,1334.9464111328125,1334.9464111328125,395720
2009-03-09 00:00:00+09:00,1334.94653748129,1338.0728759765625,1334.94653748129,1338.0728759765625,492280
2009-03-10 00:00:00+09:00,1319.3145603371122,1319.3145603371122,1309.935546875,1309.935546875,193160
2009-03-11 00:00:00+09:00,1324.9420965866814,1324.9420965866814,1313.06201171875,1313.06201171875,325940
2009-03-12 00:00:00+09:00,1313.062138138361,1316.1884765625,1313.062138138361,1316.1884765625,105680
2009-03-13 00:00:00+09:00,1316.1881973340314,1316.1881973340314,1294.3038330078125,1294.3038330078125,210800
2009-03-16 00:00:00+09:00,1291.1778355018764,1291.1778355018764,1275.546142578125,1275.546142578125,252680
2009-03-17 00:00:00+09:00,1275.5456380208334,1275.5456380208334,1266.1666259765625,1266.1666259765625,396920
2009-03-18 00:00:00+09:00,1266.7920557941131,1291.177490234375,1266.7920557941131,1291.177490234375,214780
2009-03-19 00:00:00+09:00,1291.1776763415728,1334.9464111328125,1291.1776763415728,1334.9464111328125,243020
2009-03-23 00:00:00+09:00,1356.5180012839182,1400.599365234375,1356.5180012839182,1400.599365234375,304000
2009-03-24 00:00:00+09:00,1380.903785551264,1391.220703125,1380.903785551264,1391.220703125,230920
2009-03-25 00:00:00+09:00,1400.5994965277778,1406.8521728515625,1400.5994965277778,1406.8521728515625,225540
2009-03-26 00:00:00+09:00,1407.164806667752,1407.164806667752,1406.8521728515625,1406.8521728515625,168560
2009-03-27 00:00:00+09:00,1436.5521569609116,1436.5521569609116,1419.3572998046875,1419.3572998046875,207620
2009-03-30 00:00:00+09:00,1419.6699335711644,1419.6699335711644,1419.3572998046875,1419.3572998046875,319320
2009-03-31 00:00:00+09:00,1419.3572634839904,1419.3572634839904,1397.472900390625,1397.472900390625,231620
2009-04-01 00:00:00+09:00,1435.5696079807897,1453.74755859375,1435.5696079807897,1453.74755859375,331860
2009-04-02 00:00:00+09:00,1454.9977065373564,1454.9977065373564,1359.95703125,1359.95703125,509180
2009-04-03 00:00:00+09:00,1306.8093673384442,1334.9464111328125,1306.8093673384442,1334.9464111328125,770380
2009-04-06 00:00:00+09:00,1288.051509513762,1288.051509513762,1284.9251708984375,1284.9251708984375,809400
2009-04-07 00:00:00+09:00,1284.299314542581,1284.299314542581,1228.6505126953125,1228.6505126953125,997580
2009-04-08 00:00:00+09:00,1231.7774144379182,1284.9251708984375,1231.7774144379182,1284.9251708984375,324740
2009-04-09 00:00:00+09:00,1246.471173019977,1259.9144287109375,1246.471173019977,1259.9144287109375,325280
2009-04-10 00:00:00+09:00,1241.15625,1241.15625,1241.15625,1241.15625,261040
2009-04-13 00:00:00+09:00,1254.2865440538194,1266.1666259765625,1254.2865440538194,1266.1666259765625,286840
2009-04-14 00:00:00+09:00,1259.601565205992,1269.293212890625,1259.601565205992,1269.293212890625,231600
2009-04-15 00:00:00+09:00,1292.1155462937127,1313.06201171875,1292.1155462937127,1313.06201171875,440880
2009-04-16 00:00:00+09:00,1313.3745135001589,1313.3745135001589,1306.8092041015625,1306.8092041015625,292240
2009-04-17 00:00:00+09:00,1308.0597191557215,1308.0597191557215,1294.3038330078125,1294.3038330078125,132720
2009-04-20 00:00:00+09:00,1292.4281801060267,1313.06201171875,1292.4281801060267,1313.06201171875,278140
2009-04-21 00:00:00+09:00,1269.6060992670994,1275.546142578125,1269.6060992670994,1275.546142578125,284180
2009-04-22 00:00:00+09:00,1268.04286483076,1316.1884765625,1268.04286483076,1316.1884765625,250580
2009-04-23 00:00:00+09:00,1320.8778062140805,1359.95703125,1320.8778062140805,1359.95703125,348400
2009-04-24 00:00:00+09:00,1376.526593287897,1376.526593287897,1341.198974609375,1341.198974609375,270920
2009-04-27 00:00:00+09:00,1342.449667756454,1366.2098388671875,1342.449667756454,1366.2098388671875,300300
2009-04-28 00:00:00+09:00,1346.8264870174633,1346.8264870174633,1328.6937255859375,1328.6937255859375,235120
2009-04-30 00:00:00+09:00,1375.5887451171875,1375.5887451171875,1375.5887451171875,1375.5887451171875,225180
2009-05-01 00:00:00+09:00,1322.7535319398864,1322.7535319398864,1309.935546875,1309.935546875,365600
2009-05-07 00:00:00+09:00,1247.0960576490054,1247.40869140625,1247.0960576490054,1247.40869140625,653520
2009-05-08 00:00:00+09:00,1247.40886123023,1278.6722412109375,1247.40886123023,1278.6722412109375,331600
2009-05-11 00:00:00+09:00,1279.2972428385417,1279.2972428385417,1266.1666259765625,1266.1666259765625,225920
2009-05-12 00:00:00+09:00,1270.1555746448244,1275.546142578125,1270.1555746448244,1275.546142578125,189340
2009-05-13 00:00:00+09:00,1275.5458162747898,1300.5565185546875,1275.5458162747898,1300.5565185546875,211560
2009-05-14 00:00:00+09:00,1278.6722267789792,1278.6722267789792,1269.293212890625,1269.293212890625,359320
2009-05-15 00:00:00+09:00,1273.6700860385236,1273.6700860385236,1269.293212890625,1269.293212890625,214920
2009-05-18 00:00:00+09:00,1271.4816250694066,1271.4816250694066,1253.6614990234375,1253.6614990234375,264040
2009-05-19 00:00:00+09:00,1281.7988322831127,1284.9251708984375,1281.7988322831127,1284.9251708984375,207740
2009-05-20 00:00:00+09:00,1285.8629014026367,1334.9464111328125,1285.8629014026367,1334.9464111328125,311600
2009-05-21 00:00:00+09:00,1331.1946390106348,1331.1946390106348,1306.8092041015625,1306.8092041015625,290460
2009-05-22 00:00:00+09:00,1304.3082741687647,1319.314697265625,1304.3082741687647,1319.314697265625,188120
2009-05-25 00:00:00+09:00,1315.8755023795115,1331.81982421875,1315.8755023795115,1331.81982421875,198220
2009-05-26 00:00:00+09:00,1331.820030418602,1388.0941162109375,1331.820030418602,1388.0941162109375,418720
2009-05-27 00:00:00+09:00,1369.3361313259295,1369.3361313259295,1334.9464111328125,1334.9464111328125,252760
2009-05-28 00:00:00+09:00,1335.8845088658707,1391.220703125,1335.8845088658707,1391.220703125,388560
2009-05-29 00:00:00+09:00,1387.469000907272,1409.9786376953125,1387.469000907272,1409.9786376953125,248200
2009-06-01 00:00:00+09:00,1402.1624067677747,1402.1624067677747,1397.472900390625,1397.472900390625,121460
2009-06-02 00:00:00+09:00,1393.6997450213762,1393.6997450213762,1381.8411865234375,1381.8411865234375,260820
2009-06-03 00:00:00+09:00,1378.7150831742722,1378.7150831742722,1375.5887451171875,1375.5887451171875,146300
2009-06-04 00:00:00+09:00,1359.9570071198218,1359.9570071198218,1344.3253173828125,1344.3253173828125,177080
2009-06-05 00:00:00+09:00,1375.588495693337,1375.588495693337,1372.462158203125,1372.462158203125,250520
2009-06-08 00:00:00+09:00,1346.8264163515983,1363.0833740234375,1346.8264163515983,1363.0833740234375,178200
2009-06-09 00:00:00+09:00,1376.2140127286045,1376.2140127286045,1375.5887451171875,1375.5887451171875,104540
2009-06-10 00:00:00+09:00,1381.5286090775041,1416.23095703125,1381.5286090775041,1416.23095703125,259080
2009-06-11 00:00:00+09:00,1397.4736675370964,1441.2424177507862,1397.4736675370964,1428.737060546875,244760
2009-06-12 00:00:00+09:00,1453.7474490434695,1469.379142043937,1450.621110443376,1463.12646484375,263960
2009-06-15 00:00:00+09:00,1510.0211332344713,1519.400146484375,1494.3894444846321,1519.400146484375,228480
2009-06-16 00:00:00+09:00,1497.5160094077544,1510.0213623046875,1478.7579800623546,1510.0213623046875,193080
2009-06-17 00:00:00+09:00,1556.9165963912933,1585.0536433140276,1531.9058880155296,1535.0322265625,478660
2009-06-18 00:00:00+09:00,1544.4107820752643,1566.295145384023,1544.4107820752643,1553.789794921875,228660
2009-06-19 00:00:00+09:00,1513.1477186136422,1535.0320864448313,1510.0213803520437,1522.5267333984375,272800
2009-06-22 00:00:00+09:00,1572.5483357098947,1588.1800289078062,1566.29565843073,1569.4219970703125,243240
2009-06-23 00:00:00+09:00,1547.5375976562502,1569.4219677241163,1544.4112590751263,1547.53759765625,193260
2009-06-24 00:00:00+09:00,1503.7689528514027,1541.285018203205,1503.7689528514027,1528.7796630859375,217980
2009-06-25 00:00:00+09:00,1547.5369927190964,1566.2950168732673,1541.2843180010395,1550.663330078125,103400
2009-06-26 00:00:00+09:00,1566.2952785346345,1656.9590770925274,1556.9162648907145,1638.2010498046875,362200
2009-06-29 00:00:00+09:00,1656.958553483261,1675.7165748434488,1591.3054787226035,1622.56884765625,345000
2009-06-30 00:00:00+09:00,1638.2010201119087,1641.3273579365498,1588.179614917652,1619.4429931640625,238200
2009-07-01 00:00:00+09:00,1713.233127903294,1731.9911548511402,1600.6849662162163,1619.4429931640625,593000
2009-07-02 00:00:00+09:00,1631.948844557542,1638.2015221228967,1610.064473078801,1625.6961669921875,211800
2009-07-03 00:00:00+09:00,1619.4432898179539,1678.8437193672612,1619.4432898179539,1656.9593505859375,376800
2009-07-06 00:00:00+09:00,1716.3598548010455,1775.760286934415,1672.5911153343523,1710.107177734375,510200
2009-07-07 00:00:00+09:00,1728.8652089343866,1731.9915474677218,1675.7174538676875,1710.107177734375,326000
2009-07-08 00:00:00+09:00,1719.4857075266596,1738.2437334269503,1700.7276816263686,1713.2330322265625,253400
2009-07-09 00:00:00+09:00,1750.7492335838608,1757.0019094180889,1706.9805027442642,1728.8648681640625,221600
2009-07-10 00:00:00+09:00,1731.9915474677218,1735.117886001057,1681.970130934358,1710.107177734375,168000
2009-07-13 00:00:00+09:00,1685.0960874815244,1719.485803552576,1600.6849662162163,1619.4429931640625,186200
2009-07-14 00:00:00+09:00,1641.3270864913711,1694.4748207206155,1635.074411876166,1675.716796875,319000
2009-07-15 00:00:00+09:00,1716.359506818214,1728.8648584161608,1685.0961278233467,1722.6121826171875,451800
2009-07-16 00:00:00+09:00,1719.486001380404,1725.7386777490601,1647.58022314086,1663.2119140625,300600
2009-07-17 00:00:00+09:00,1675.7172528503072,1688.2226054835185,1650.706547583885,1653.8328857421875,236200
2009-07-21 00:00:00+09:00,1703.8545006677045,1716.3598548010455,1678.8437924010227,1710.107177734375,241200
2009-07-22 00:00:00+09:00,1713.2327172983057,1794.5174812577145,1697.6010319214965,1741.3697509765625,374200
2009-07-23 00:00:00+09:00,1725.7380599426708,1772.633115919374,1722.6117228775572,1738.243408203125,191800
2009-07-24 00:00:00+09:00,1744.4969016010627,1769.5076098677446,1694.4754850676989,1710.107177734375,174400
2009-07-27 00:00:00+09:00,1678.8431341826026,1710.1065072586287,1663.2114476445895,1675.716796875,243200
2009-07-28 00:00:00+09:00,1688.222734559257,1688.222734559257,1653.8330121886056,1656.9593505859375,227000
2009-07-29 00:00:00+09:00,1628.8219610487783,1641.3273119973294,1588.1795704659874,1591.305908203125,441800
2009-07-30 00:00:00+09:00,1594.4322459402629,1600.6849214145384,1578.800557254574,1591.305908203125,464400
2009-07-31 00:00:00+09:00,1597.5587110332415,1616.31673895144,1578.8006831150428,1594.432373046875,354800
2009-08-03 00:00:00+09:00,1597.5589426255085,1606.937957944249,1575.6745735484467,1585.0535888671875,320600
2009-08-04 00:00:00+09:00,1616.316827842554,1653.8328857421877,1597.558798892737,1653.8328857421875,443800
2009-08-05 00:00:00+09:00,1635.0751833402194,1644.4541996882513,1603.8117955134464,1625.6961669921875,181200
2009-08-06 00:00:00+09:00,1625.6960105895994,1635.0750260353086,1594.4326257705688,1600.685302734375,210400
2009-08-07 00:00:00+09:00,1603.8117836337947,1616.317138671875,1597.5591061147545,1616.317138671875,219000
2009-08-10 00:00:00+09:00,1597.5591925673596,1613.1908872108759,1569.4221422090304,1588.18017578125,173600
2009-08-11 00:00:00+09:00,1594.43252208621,1616.3168900364128,1594.43252208621,1613.1905517578125,117400
2009-08-12 00:00:00+09:00,1594.43252208621,1635.0749197080154,1594.43252208621,1613.1905517578125,119000
2009-08-13 00:00:00+09:00,1625.696023589199,1625.696023589199,1597.5589770270783,1610.0643310546875,121000
2009-08-14 00:00:00+09:00,1613.1904201878647,1622.5694342587244,1603.811406117005,1606.937744140625,187000
2009-08-17 00:00:00+09:00,1625.6958423174624,1678.84359100861,1606.9378133676455,1653.8328857421875,380460
2009-08-18 00:00:00+09:00,1656.9593549538017,1678.8437237928142,1653.8330165482284,1660.085693359375,241000
2009-08-19 00:00:00+09:00,1663.2121161099137,1663.2121161099137,1619.4433762122844,1631.94873046875,125800
2009-08-20 00:00:00+09:00,1675.717030957397,1675.717030957397,1653.8326667471324,1669.46435546875,261400
2009-08-21 00:00:00+09:00,1681.9697365089698,1697.6014255099824,1666.338047507957,1688.222412109375,294800
2009-08-24 00:00:00+09:00,1691.34849440564,1700.727506389405,1675.7168077660315,1681.969482421875,365000
2009-08-25 00:00:00+09:00,1675.717030957397,1678.8433687017205,1656.959004491456,1669.46435546875,118400
2009-08-26 00:00:00+09:00,1701.0229146580082,1760.98476137137,1688.3993679815107,1738.8935546875,344400
2009-08-27 00:00:00+09:00,1719.9589384888573,1767.2972578968074,1719.9589384888573,1754.6737060546875,212000
2009-08-28 00:00:00+09:00,1767.2971074322825,1789.388321275186,1754.673556664909,1776.7647705078125,331000
2009-08-31 00:00:00+09:00,1783.076765063777,1817.7915339411247,1783.076765063777,1795.7003173828125,210800
2009-09-02 00:00:00+09:00,1767.2972578968074,1779.9208097389276,1738.8942662520374,1754.6737060546875,254600
2009-09-03 00:00:00+09:00,1748.3613987972863,1808.32325182463,1748.3613987972863,1798.8555908203125,151000
2009-09-04 00:00:00+09:00,1773.6089842890349,1802.0119751406387,1773.6089842890349,1792.5443115234375,150800
2009-09-07 00:00:00+09:00,1792.5443362850312,1798.8561121170208,1773.6090087890627,1773.6090087890625,99600
2009-09-08 00:00:00+09:00,1795.6993485845019,1795.6993485845019,1776.764030321748,1786.231689453125,77400
2009-09-09 00:00:00+09:00,1738.8938963968694,1776.7645438683076,1726.2703472397232,1760.985107421875,270600
2009-09-10 00:00:00+09:00,1776.764988904259,1808.3238697018483,1760.9855485054647,1795.7003173828125,125120
2009-09-11 00:00:00+09:00,1820.9470359709044,1855.661797488547,1805.1675989174303,1808.323486328125,242800
2009-09-14 00:00:00+09:00,1814.635599070582,1836.7268150592672,1798.856159078664,1830.4150390625,135600
2009-09-15 00:00:00+09:00,1846.194225193299,1865.1295505798969,1824.103012242268,1836.7265625,138000
2009-09-16 00:00:00+09:00,1836.726911212804,1868.2857928487626,1836.726911212804,1849.3504638671875,206200
2009-09-17 00:00:00+09:00,1858.8180353299736,1887.221027380856,1814.6356032508231,1827.2591552734375,171600
2009-09-18 00:00:00+09:00,1824.1026835800678,1855.6615535382005,1795.6997006177485,1802.011474609375,255400
2009-09-21 00:00:00+09:00,1802.011474609375,1802.011474609375,1802.011474609375,1802.011474609375,0
2009-09-24 00:00:00+09:00,1814.6353721618652,1830.414810180664,1795.7000465393066,1817.791259765625,186400
2009-09-25 00:00:00+09:00,1798.8555876135617,1827.258570575881,1789.387926626122,1802.011474609375,135400
2009-09-28 00:00:00+09:00,1802.0115337824418,1868.2851628707626,1802.0115337824418,1861.973388671875,153200
2009-09-29 00:00:00+09:00,1846.1943680946706,1846.1943680946706,1811.4796021988734,1820.947265625,121200
2009-09-30 00:00:00+09:00,1820.9469620932632,1874.5970458984375,1820.9469620932632,1874.5970458984375,115800
2009-10-01 00:00:00+09:00,1887.2204821178352,1890.3763692116777,1843.0380628040398,1865.1292724609375,151000
2009-10-02 00:00:00+09:00,1833.570454950747,1852.505778065557,1808.323357464334,1814.6351318359375,185600
2009-10-05 00:00:00+09:00,1811.479396972656,1906.1560205078124,1811.479396972656,1893.532470703125,304000
2009-10-06 00:00:00+09:00,1861.9737627717102,1871.4414259722444,1811.4795590355284,1855.6619873046875,305000
2009-10-07 00:00:00+09:00,1833.5703478361431,1849.349782843339,1786.232042814556,1798.8555908203125,251000
2009-10-08 00:00:00+09:00,1808.3236474262462,1808.3236474262462,1770.452995124126,1776.7647705078125,152000
2009-10-09 00:00:00+09:00,1773.6081439446223,1798.8552349616275,1773.6081439446223,1786.231689453125,132200
2009-10-13 00:00:00+09:00,1827.2589225769043,1827.2589225769043,1802.0118217468262,1817.791259765625,122000
2009-10-14 00:00:00+09:00,1824.1027631367724,1852.505747337864,1814.6351017364084,1843.0380859375,261200
2009-10-15 00:00:00+09:00,1855.6619873046875,1855.6619873046875,1830.4148854365965,1855.6619873046875,101060
2009-10-16 00:00:00+09:00,1852.506099571176,1861.9737627717102,1833.570773170108,1855.6619873046875,90960
2009-10-19 00:00:00+09:00,1877.7532918021182,1884.0650675728816,1858.817964489828,1880.9091796875,149700
2009-10-20 00:00:00+09:00,1868.28515955478,1880.90870793015,1846.1939498978822,1865.1292724609375,122380
2009-10-21 00:00:00+09:00,1843.0380859375,1855.6616344713186,1839.8821988040454,1843.0380859375,109060
2009-10-22 00:00:00+09:00,1827.2589225769043,1836.7265853881836,1805.167709350586,1817.791259765625,121120
2009-10-23 00:00:00+09:00,1814.6351318359373,1824.1027933933422,1808.323357464334,1814.6351318359375,120760
2009-10-26 00:00:00+09:00,1802.0117115067355,1817.7911485602094,1802.0117115067355,1808.323486328125,128580
2009-10-27 00:00:00+09:00,1808.3228940930046,1817.7905532243815,1783.0758030759991,1786.231689453125,126800
2009-10-28 00:00:00+09:00,1795.7002117325776,1811.4796512029868,1773.6089964740045,1783.07666015625,118820
2009-10-29 00:00:00+09:00,1688.3997949862435,1716.8027821916194,1644.2173704445472,1675.7762451171875,554720
2009-10-30 00:00:00+09:00,1697.8675614542035,1713.6469997576812,1682.0881231507258,1691.5557861328125,172020
2009-11-02 00:00:00+09:00,1628.4381155031538,1729.4265257669153,1628.4381155031538,1719.9588623046875,210840
2009-11-04 00:00:00+09:00,1701.023449114899,1710.4911120969857,1678.9322354900303,1691.5557861328125,155140
2009-11-05 00:00:00+09:00,1685.2441488853972,1704.1794764009635,1666.3088213698309,1678.932373046875,152820
2009-11-06 00:00:00+09:00,1710.4911120969857,1710.4911120969857,1669.4645725079436,1691.5557861328125,118340
2009-11-09 00:00:00+09:00,1685.2436555500997,1694.7113165363362,1656.84067259139,1682.0877685546875,159440
2009-11-10 00:00:00+09:00,1719.9584092272357,1719.9584092272357,1669.4642173967113,1685.24365234375,198820
2009-11-11 00:00:00+09:00,1704.1792588561548,1704.1792588561548,1650.5291710773497,1653.68505859375,171500
2009-11-12 00:00:00+09:00,1653.6848342483108,1656.840721336571,1631.59362463049,1634.74951171875,113380
2009-11-13 00:00:00+09:00,1612.6590292836527,1637.906137374199,1609.5031407723343,1631.5943603515625,110440
2009-11-16 00:00:00+09:00,1609.5025598932853,1637.9055462443432,1600.034897776266,1612.658447265625,97240
2009-11-17 00:00:00+09:00,1609.5024447637832,1625.2818804967615,1590.5671218842092,1606.3465576171875,107340
2009-11-18 00:00:00+09:00,1622.126213132873,1641.0615385780038,1609.5026628361193,1628.43798828125,117260
2009-11-19 00:00:00+09:00,1615.814723320158,1622.1264995831275,1587.411730136796,1596.87939453125,141980
2009-11-20 00:00:00+09:00,1577.9444477947586,1593.723892272706,1574.788558899169,1584.2562255859375,109120
2009-11-24 00:00:00+09:00,1577.9443206148667,1593.7237638210154,1495.8912159428935,1508.5147705078125,267920
2009-11-25 00:00:00+09:00,1483.2672119140625,1511.6702010783745,1454.8642227497508,1483.2672119140625,279200
2009-11-26 00:00:00+09:00,1495.8903565466157,1574.7875272505512,1489.5785828903008,1521.137451171875,295240
2009-11-27 00:00:00+09:00,1521.1381099887208,1540.0734391587048,1480.1115634537553,1486.42333984375,171080
2009-11-30 00:00:00+09:00,1505.3583869934082,1524.2937126159668,1492.7348365783691,1514.8260498046875,129320
2009-12-01 00:00:00+09:00,1555.852958859421,1618.9707259531096,1549.5411821500522,1603.1912841796875,285960
2009-12-02 00:00:00+09:00,1530.6059909964206,1562.164877408718,1508.5147705078125,1508.5147705078125,243040
2009-12-03 00:00:00+09:00,1492.7351162337447,1508.5145572087315,1476.955675258758,1486.42333984375,505060
2009-12-04 00:00:00+09:00,1483.2667439339227,1486.422630623144,1435.928443595606,1461.175537109375,317540
2009-12-07 00:00:00+09:00,1476.9553519870924,1480.1112394913382,1442.240589440387,1451.708251953125,224300
2009-12-08 00:00:00+09:00,1473.799568422379,1499.0466702368954,1467.48779296875,1467.48779296875,253200
2009-12-09 00:00:00+09:00,1483.2676613779747,1508.5147705078125,1483.2676613779747,1508.5147705078125,186920
2009-12-10 00:00:00+09:00,1483.2672316028227,1502.2025579637098,1451.7083543346776,1467.48779296875,184120
2009-12-11 00:00:00+09:00,1476.9556178042765,1476.9556178042765,1426.4614086485747,1439.0849609375,179660
2009-12-14 00:00:00+09:00,1439.0847319206305,1442.2406194906318,1420.1494065006223,1426.461181640625,122420
2009-12-15 00:00:00+09:00,1442.2404890018413,1451.708150855245,1423.305165295034,1432.7728271484375,124540
2009-12-16 00:00:00+09:00,1445.3964806517224,1470.6435807504424,1435.9288181147024,1448.5523681640625,238440
2009-12-17 00:00:00+09:00,1470.6431971770385,1489.578517312365,1454.8637637309328,1461.175537109375,174100
2009-12-18 00:00:00+09:00,1499.046600531347,1533.761363912073,1483.267162631017,1524.293701171875,352000
2009-12-21 00:00:00+09:00,1552.6969250337577,1552.6969250337577,1524.2939325026525,1533.7615966796875,176260
2009-12-22 00:00:00+09:00,1549.5408018124028,1549.5408018124028,1502.202488111413,1524.293701171875,174080
2009-12-24 00:00:00+09:00,1527.4493310446612,1543.228766282726,1514.8257828542094,1536.9169921875,168620
2009-12-25 00:00:00+09:00,1549.5411421795282,1562.1646952726403,1536.9175890864158,1546.38525390625,81680
2009-12-28 00:00:00+09:00,1562.164646537004,1596.8794164600488,1546.385205662893,1581.0999755859375,188220
2009-12-29 00:00:00+09:00,1555.8524780273438,1609.5025634765625,1549.540703268612,1609.5025634765625,319040
2009-12-30 00:00:00+09:00,1631.5941035344051,1653.6853196364184,1628.4382155198318,1641.061767578125,169700
2010-01-04 00:00:00+09:00,1663.1524955130913,1663.1524955130913,1631.59362463049,1634.74951171875,158580
2010-01-05 00:00:00+09:00,1634.7504426565606,1637.906331541998,1577.944442718688,1587.412109375,211280
2010-01-06 00:00:00+09:00,1606.3471725343718,1609.5030608890563,1587.4118424062654,1603.1912841796875,142100
2010-01-07 00:00:00+09:00,1609.5033315730616,1615.8151093439365,1568.4767760623756,1587.412109375,203700
2010-01-08 00:00:00+09:00,1576.3661925023916,1576.3661925023916,1535.3396449497768,1546.38525390625,214840
2010-01-12 00:00:00+09:00,1540.0732027202073,1541.6511465754534,1517.9819887467615,1522.7158203125,251600
2010-01-13 00:00:00+09:00,1538.4949195675733,1557.4302416545588,1530.6052020313293,1552.6964111328125,175240
2010-01-14 00:00:00+09:00,1555.8525769725347,1560.5864083426338,1517.9819260117429,1524.293701171875,239060
2010-01-15 00:00:00+09:00,1517.9816476922288,1559.0081787109375,1514.8257606907896,1559.0081787109375,184980
2010-01-18 00:00:00+09:00,1547.9625742059006,1571.6317267166942,1546.384630705181,1559.0081787109375,111920
2010-01-19 00:00:00+09:00,1562.1640657123767,1571.6317267166942,1555.8522917094983,1559.0081787109375,49940
2010-01-20 00:00:00+09:00,1573.2102335451148,1603.1911707942193,1563.7425691506608,1596.87939453125,216620
2010-01-21 00:00:00+09:00,1596.8797811682957,1596.8797811682957,1571.6326700035795,1584.2562255859375,171200
2010-01-22 00:00:00+09:00,1577.9439697265623,1581.0998576660154,1560.5865860595702,1577.9439697265625,129020
2010-01-25 00:00:00+09:00,1560.5870538487823,1596.879776031312,1547.9634983070328,1587.412109375,147160
2010-01-26 00:00:00+09:00,1609.5029470571887,1653.6853808979743,1593.7235063997653,1596.87939453125,313580
2010-01-27 00:00:00+09:00,1628.438211334873,1647.3735393736504,1606.3469952896323,1644.2176513671875,655400
2010-01-28 00:00:00+09:00,1644.2179143968358,1653.6855799307907,1603.1913637496978,1631.5943603515625,368960
2010-01-29 00:00:00+09:00,1631.59362463049,1644.2171729835304,1628.4377375422298,1634.74951171875,169800
2010-02-01 00:00:00+09:00,1637.9053727646747,1672.620130183579,1637.9053727646747,1659.99658203125,328680
2010-02-02 00:00:00+09:00,1644.2176555926985,1669.464759709285,1641.0617675781252,1641.061767578125,180660
2010-02-03 00:00:00+09:00,1656.841056577621,1669.4646074848793,1637.905730216734,1663.15283203125,192040
2010-02-04 00:00:00+09:00,1672.6199802862147,1710.4906213492989,1656.8405465099297,1688.3994140625,289780
2010-02-05 00:00:00+09:00,1666.3087118974481,1691.555813592864,1647.3733856258862,1669.464599609375,176740
2010-02-08 00:00:00+09:00,1650.5291785463062,1672.6203912610752,1644.2174034849438,1647.373291015625,115520
2010-02-09 00:00:00+09:00,1644.2175866000987,1653.6852502465483,1596.87926836785,1600.03515625,224480
2010-02-10 00:00:00+09:00,1609.502748325893,1666.3087276785714,1581.0997586495537,1656.841064453125,242140
2010-02-12 00:00:00+09:00,1644.2171729835304,1647.3730600717906,1615.8141891891892,1634.74951171875,199160
2010-02-15 00:00:00+09:00,1644.2179143968358,1650.5296914194723,1628.4384718402441,1631.5943603515625,50140
2010-02-16 00:00:00+09:00,1644.2179143968358,1644.2179143968358,1628.4384718402441,1631.5943603515625,82400
2010-02-17 00:00:00+09:00,1641.0620258855174,1647.373802908154,1631.5943603515625,1631.5943603515625,71600
2010-02-18 00:00:00+09:00,1650.5291453790753,1682.0880200517154,1647.3732579118114,1675.7762451171875,196280
2010-02-19 00:00:00+09:00,1666.3083561074145,1669.4642431454968,1647.3730338789212,1659.99658203125,101540
2010-02-22 00:00:00+09:00,1707.3354664949952,1716.8031308193667,1691.556025954376,1694.7119140625,132060
2010-02-23 00:00:00+09:00,1691.5558719180046,1723.1147501254302,1675.776432814292,1719.9588623046875,201460
2010-02-24 00:00:00+09:00,1726.3522733935272,1732.746170702392,1703.9736328125,1703.9736328125,200580
2010-02-25 00:00:00+09:00,1713.5650132390595,1723.1558621937556,1703.9741642843633,1716.761962890625,114280
2010-02-26 00:00:00+09:00,1729.5490709363658,1764.7155030626136,1729.5490709363658,1761.5185546875,290340
2010-03-01 00:00:00+09:00,1767.912451437727,1771.1093998128404,1739.1399160617061,1761.5185546875,136520
2010-03-02 00:00:00+09:00,1771.1099354237049,1793.4885808171452,1764.7160367398649,1774.306884765625,224920
2010-03-03 00:00:00+09:00,1764.7161238621225,1819.0642653578761,1719.9588308656193,1799.882568359375,356560
2010-03-04 00:00:00+09:00,1819.0642590589925,1841.4429054797533,1806.2764611042721,1815.8673095703125,306980
2010-03-05 00:00:00+09:00,1838.2457361812085,1867.0182781388273,1806.2762451171875,1806.2762451171875,212780
2010-03-08 00:00:00+09:00,1822.260794132314,1828.654691655585,1793.4882552775932,1803.0791015625,202980
2010-03-09 00:00:00+09:00,1790.2913065159576,1812.669947847407,1777.503511469415,1803.0791015625,157860
2010-03-10 00:00:00+09:00,1777.5039157061508,1819.0642590589925,1777.5039157061508,1815.8673095703125,137680
2010-03-11 00:00:00+09:00,1806.2762722680575,1809.4732214225144,1780.7006790324037,1796.6854248046875,142380
2010-03-12 00:00:00+09:00,1777.5038286481586,1806.2763726370677,1774.3068793160576,1790.2916259765625,303260
2010-03-15 00:00:00+09:00,1793.4887177913563,1796.685667377437,1739.1405748279817,1742.3375244140625,320740
2010-03-16 00:00:00+09:00,1758.3223663107324,1771.1101653384467,1732.7467682553036,1751.928466796875,133260
2010-03-17 00:00:00+09:00,1764.716229555418,1780.7009780115359,1751.9284307905236,1777.5040283203125,176400
2010-03-18 00:00:00+09:00,1774.307057074261,1774.307057074261,1761.5192584647168,1771.110107421875,91840
2010-03-19 00:00:00+09:00,1771.1099575186547,1780.7008056640625,1764.7160587550493,1780.7008056640625,103680
2010-03-23 00:00:00+09:00,1761.5192438156992,1777.5039919446983,1742.3375460609002,1748.7314453125,98440
2010-03-24 00:00:00+09:00,1758.3226521809895,1771.1104532877603,1742.337900797526,1764.716552734375,288500
2010-03-25 00:00:00+09:00,1777.504064852304,1777.504064852304,1745.5345672830179,1751.928466796875,166420
2010-03-26 00:00:00+09:00,1774.306573306813,1774.306573306813,1726.3523415958182,1739.14013671875,191600
2010-03-29 00:00:00+09:00,1742.3377476476173,1745.5346976433011,1726.3529976691989,1735.94384765625,67660
2010-03-30 00:00:00+09:00,1758.3223301729709,1777.5040283203123,1735.9436823344058,1777.5040283203125,113520
2010-03-31 00:00:00+09:00,1793.4885753086635,1803.0794233049664,1774.3068793160576,1790.2916259765625,178380
2010-04-01 00:00:00+09:00,1883.00332443706,1883.00332443706,1841.442979415529,1873.4124755859375,313560
2010-04-02 00:00:00+09:00,1873.4123755214978,1889.3971227529098,1844.639830504956,1879.8062744140625,297400
2010-04-05 00:00:00+09:00,1883.0026870100464,1911.7752238234427,1863.8209958011157,1867.0179443359375,377680
2010-04-06 00:00:00+09:00,1860.6240982002867,1883.0027385566475,1841.442406466263,1847.8363037109375,203540
2010-04-07 00:00:00+09:00,1835.0485765233714,1898.9875513151264,1828.6546790441957,1883.0028076171875,426780
2010-04-08 00:00:00+09:00,1879.805882177982,1898.9875748532677,1860.6241895026967,1889.396728515625,244000
2010-04-09 00:00:00+09:00,1863.8214556354476,1886.2001009003673,1863.8214556354476,1876.6092529296875,119540
2010-04-12 00:00:00+09:00,1892.5939615885418,1940.5482004801434,1886.2000630696616,1918.1695556640625,395020
2010-04-13 00:00:00+09:00,1905.3817968417268,1911.7756954888468,1870.2153542825674,1876.6092529296875,333300
2010-04-14 00:00:00+09:00,1873.4124825193633,1876.6094321482358,1851.0338351172547,1857.427734375,252980
2010-04-15 00:00:00+09:00,1873.4123755214978,1889.3971227529098,1851.0337293975208,1879.8062744140625,241000
2010-04-16 00:00:00+09:00,1889.396987279256,1895.7908857133652,1838.2457998063828,1841.4427490234375,213380
2010-04-19 00:00:00+09:00,1819.0640415427958,1831.8518379684042,1793.488448691579,1806.2762451171875,301640
2010-04-20 00:00:00+09:00,1812.6703663583758,1822.2612148576263,1793.4886693598744,1799.882568359375,235980
2010-04-21 00:00:00+09:00,1812.6706079943428,1860.624856883082,1803.0797582165949,1854.23095703125,293860
2010-04-22 00:00:00+09:00,1835.0490869728917,1867.018583261618,1793.4887417975474,1857.427734375,253100
2010-04-23 00:00:00+09:00,1873.4126442944091,1930.9577425833158,1863.8217945795914,1924.5638427734375,384040
2010-04-26 00:00:00+09:00,1934.1544626420746,1959.7300588423004,1927.7605635920183,1946.9422607421875,272900
2010-04-27 00:00:00+09:00,1934.1544129418546,1959.7300084848873,1924.5635646132173,1950.13916015625,267420
2010-04-28 00:00:00+09:00,1927.7606631535086,1959.7301600548935,1924.56371346337,1940.5484619140625,204740
2010-04-30 00:00:00+09:00,1943.7453112171593,1956.5331093172722,1927.7605635920183,1946.9422607421875,229660
2010-05-06 00:00:00+09:00,1950.1392537501276,1966.124001731686,1908.5789089980756,1959.7301025390625,137700
2010-05-07 00:00:00+09:00,1950.1387553206957,1956.5326528791243,1886.1997797364106,1889.396728515625,430660
2010-05-10 00:00:00+09:00,1873.4121508173582,1927.7602848854388,1867.0182526917017,1902.1846923828125,164080
2010-05-11 00:00:00+09:00,1911.7757688768868,1921.366617215734,1879.8062744140625,1879.8062744140625,136340
2010-05-12 00:00:00+09:00,1870.2153597173003,1886.2001063815508,1844.6397650544995,1860.62451171875,261880
2010-05-13 00:00:00+09:00,1838.2457998063828,1857.4274951087102,1809.4732568528916,1841.4427490234375,317780
2010-05-14 00:00:00+09:00,1854.2310697115386,1886.2005709134617,1831.8524188701924,1870.2158203125,248500
2010-05-17 00:00:00+09:00,1854.23095703125,1886.2004562904096,1838.2462074016703,1854.23095703125,493920
2010-05-18 00:00:00+09:00,1847.8368706786257,1854.2307698851262,1828.6551730591245,1835.049072265625,207340
2010-05-19 00:00:00+09:00,1825.4582234558743,1841.4429714721252,1809.4734754396231,1835.049072265625,141320
2010-05-20 00:00:00+09:00,1815.8673746461236,1876.6094171078778,1809.4734754396231,1835.049072265625,395940
2010-05-21 00:00:00+09:00,1790.2917904478975,1790.2917904478975,1729.549747557701,1748.7314453125,334340
2010-05-24 00:00:00+09:00,1719.9587057565004,1729.5495535581167,1627.2471770075442,1675.201416015625,569960
2010-05-25 00:00:00+09:00,1668.8076111650557,1710.3679539718482,1646.4289650383214,1684.7923583984375,408140
2010-05-26 00:00:00+09:00,1675.2015509104451,1694.3832480582746,1590.4823885075314,1643.2320556640625,685820
2010-05-27 00:00:00+09:00,1624.0501933976716,1646.4288377948835,1604.8684982000614,1630.444091796875,175720
2010-05-28 00:00:00+09:00,1678.3978765410495,1687.9887215498554,1633.6405998332882,1659.2161865234375,188120
2010-05-31 00:00:00+09:00,1656.0199190579929,1678.3985666128306,1646.4290701059197,1662.413818359375,88600
2010-06-01 00:00:00+09:00,1665.6106011442437,1678.3983984658885,1646.4289051617764,1649.6258544921875,97120
2010-06-02 00:00:00+09:00,1630.4437747498157,1649.6254662174606,1620.8529290159934,1627.246826171875,242760
2010-06-03 00:00:00+09:00,1640.0346204836383,1649.6254662174606,1620.8529290159934,1627.246826171875,178980
2010-06-04 00:00:00+09:00,1649.626005116959,1668.8077028508771,1636.8382066276804,1640.03515625,249740
2010-06-07 00:00:00+09:00,1614.4598388671875,1646.429340626934,1601.672038163289,1614.4598388671875,127560
2010-06-08 00:00:00+09:00,1608.0661110045417,1624.0508635990202,1580.8920315939283,1611.2630615234375,135060
2010-06-09 00:00:00+09:00,1598.4749693164651,1601.6719192550981,1582.4902196233004,1587.28564453125,118940
2010-06-10 00:00:00+09:00,1584.0881217480667,1614.459135182187,1580.8911729655276,1588.883544921875,127260
2010-06-11 00:00:00+09:00,1611.262616495448,1630.44431431087,1598.4748179518333,1624.0504150390625,152760
2010-06-14 00:00:00+09:00,1630.444091796875,1649.6257869944852,1608.065447399663,1630.444091796875,153960
2010-06-15 00:00:00+09:00,1649.625954713339,1652.8229042379774,1624.050358516233,1643.2320556640625,173600
2010-06-16 00:00:00+09:00,1659.2169723053892,1659.2169723053892,1593.6795003742513,1601.671875,428600
2010-06-17 00:00:00+09:00,1614.4597340593434,1614.4597340593434,1577.6948094223485,1582.490234375,320120
2010-06-18 00:00:00+09:00,1590.4826636270195,1592.0811386658406,1548.9223126176703,1552.1192626953125,384940
2010-06-21 00:00:00+09:00,1563.308087977343,1590.4821549462742,1563.308087977343,1584.0882568359375,303500
2010-06-22 00:00:00+09:00,1584.0881478622375,1593.6789943679623,1572.8988269388917,1579.292724609375,209000
2010-06-23 00:00:00+09:00,1568.103565375822,1585.6867857826865,1555.315768716284,1564.9066162109375,257220
2010-06-24 00:00:00+09:00,1566.505685127516,1620.8538415503074,1564.9072099386105,1608.0660400390625,288840
2010-06-25 00:00:00+09:00,1620.8539130801246,1643.2325667123946,1604.869160485646,1611.2630615234375,350820
2010-06-28 00:00:00+09:00,1617.6569425423306,1627.2477939803287,1598.4752396663346,1604.869140625,133340
2010-06-29 00:00:00+09:00,1604.869140625,1620.8538930216632,1592.0813387076691,1604.869140625,188800
2010-06-30 00:00:00+09:00,1577.6946735069398,1596.876371665079,1560.1114501953123,1560.1114501953125,314680
2010-07-01 00:00:00+09:00,1492.9751271765215,1544.12630926394,1456.2102150511896,1467.3995361328125,915520
2010-07-02 00:00:00+09:00,1470.59683712655,1470.59683712655,1403.460894562077,1417.84716796875,690520
2010-07-05 00:00:00+09:00,1419.4454079295604,1476.9904920348126,1393.8698149938925,1472.195068359375,351400
2010-07-06 00:00:00+09:00,1475.391845703125,1496.172012544014,1438.626935138475,1475.391845703125,281580
2010-07-07 00:00:00+09:00,1473.7933456043124,1505.7628324937768,1448.2177560927407,1484.982666015625,280640
2010-07-08 00:00:00+09:00,1552.1186478178379,1552.1186478178379,1497.7705180281298,1508.9598388671875,360860
2010-07-09 00:00:00+09:00,1488.1798135300878,1497.7706608782946,1425.8393057667436,1429.0362548828125,451740
2010-07-12 00:00:00+09:00,1432.2332816027088,1446.6195534045216,1411.4531112223124,1416.24853515625,303660
2010-07-13 00:00:00+09:00,1432.2332836146682,1432.2332836146682,1358.7034498576652,1373.0897216796875,634700
2010-07-14 00:00:00+09:00,1398.6654052734375,1405.0593042689732,1365.097435546875,1398.6654052734375,293920
2010-07-15 00:00:00+09:00,1398.6653246450094,1400.2637993017465,1374.688204793952,1384.279052734375,190860
2010-07-16 00:00:00+09:00,1392.2712011163885,1417.846791492809,1392.2712011163885,1406.657470703125,353720
2010-07-21 00:00:00+09:00,1438.6269060485565,1470.5963928496355,1424.240636988071,1425.839111328125,343580
2010-07-22 00:00:00+09:00,1408.2561619330206,1422.6424337348335,1406.6576872883747,1416.24853515625,236660
2010-07-23 00:00:00+09:00,1476.9904403686523,1476.9904403686523,1425.839256286621,1432.233154296875,296700
2010-07-26 00:00:00+09:00,1446.6195705837674,1446.6195705837674,1424.2409252929688,1438.627197265625,131340
2010-07-27 00:00:00+09:00,1446.6194343778118,1451.4148579171858,1425.8392657071913,1443.4224853515625,141520
2010-07-28 00:00:00+09:00,1446.6192990738825,1451.4147221647352,1430.634555437707,1448.2177734375,112280
2010-07-29 00:00:00+09:00,1451.4146877182263,1451.4146877182263,1430.634521484375,1430.634521484375,165800
2010-07-30 00:00:00+09:00,1417.8470432325341,1417.8470432325341,1387.4760242681393,1390.6729736328125,291780
2010-08-02 00:00:00+09:00,1392.2712764914977,1421.0438172226652,1387.475853036303,1393.8697509765625,161700
2010-08-03 00:00:00+09:00,1422.6422221206103,1438.6269661893814,1409.8544268655937,1433.83154296875,287560
2010-08-04 00:00:00+09:00,1432.2334485461802,1435.4303982081137,1395.4685274339458,1401.8624267578125,197800
2010-08-05 00:00:00+09:00,1438.6271611469342,1438.6271611469342,1406.6576686770022,1437.0286865234375,195820
2010-08-06 00:00:00+09:00,1417.8470484640745,1449.8165422287661,1406.6577256464325,1445.0211181640625,198720
2010-08-09 00:00:00+09:00,1445.0210667453778,1499.369204211465,1445.0210667453778,1491.3768310546875,263200
2010-08-10 00:00:00+09:00,1489.7784094346307,1491.3768841228655,1443.422643475828,1445.0211181640625,210060
2010-08-11 00:00:00+09:00,1451.4150029932125,1462.6043257035126,1429.0363575726124,1449.8165283203125,121020
2010-08-12 00:00:00+09:00,1427.4378387824581,1440.2256357704307,1400.2637701830158,1437.0286865234375,176560
2010-08-13 00:00:00+09:00,1435.4301221239698,1461.0057145003434,1405.059106177026,1454.61181640625,82080
2010-08-16 00:00:00+09:00,1440.2256357704307,1446.619534264417,1424.240889535465,1437.0286865234375,80060
2010-08-17 00:00:00+09:00,1432.2330685618729,1453.013235851275,1429.0361197481188,1433.83154296875,81300
2010-08-18 00:00:00+09:00,1429.0361197481188,1445.0208638168897,1421.0437477137334,1433.83154296875,127620
2010-08-19 00:00:00+09:00,1427.4373428444026,1476.990038956582,1424.2403947081327,1473.7930908203125,155800
2010-08-20 00:00:00+09:00,1441.8240885229156,1449.8164615191624,1382.6805283506897,1387.4759521484375,336120
2010-08-23 00:00:00+09:00,1385.8774645652445,1387.4759391495181,1301.1583115987416,1305.9537353515625,445920
2010-08-24 00:00:00+09:00,1302.7570588550495,1307.5524836115712,1280.3784099912818,1296.3631591796875,432420
2010-08-25 00:00:00+09:00,1281.9767346191404,1312.3477545166015,1273.984360961914,1278.77978515625,299980
2010-08-26 00:00:00+09:00,1296.3628346405214,1325.1353759765625,1288.3704620471767,1325.1353759765625,209160
2010-08-27 00:00:00+09:00,1341.315521528136,1393.0912714544331,1323.5176074909714,1372.057373046875,339580
2010-08-30 00:00:00+09:00,1373.67520805676,1375.293200056827,1320.281472054554,1323.5174560546875,252580
2010-08-31 00:00:00+09:00,1317.0452219256917,1320.2812052719466,1271.741455078125,1271.741455078125,257380
2010-09-01 00:00:00+09:00,1255.5617299462579,1274.9776329866638,1221.5838996255472,1270.1236572265625,400960
2010-09-02 00:00:00+09:00,1271.7418056146644,1273.359797733767,1226.4380262797908,1247.471923828125,305580
2010-09-03 00:00:00+09:00,1231.2919806595146,1265.2698145541924,1228.055996479069,1250.7078857421875,204180
2010-09-06 00:00:00+09:00,1250.707748021835,1266.8876671424277,1237.7638127253606,1262.03369140625,120580
2010-09-07 00:00:00+09:00,1247.4720685981183,1249.0900609049902,1232.9101378362727,1244.236083984375,225640
2010-09-08 00:00:00+09:00,1239.3819904968104,1263.651872817244,1231.2920297233327,1252.325927734375,188220
2010-09-09 00:00:00+09:00,1265.2698084577728,1292.7756738590288,1263.651816375346,1278.2137451171875,218320
2010-09-10 00:00:00+09:00,1317.045419593107,1318.663411509069,1292.7755408536764,1297.6295166015625,256960
2010-09-13 00:00:00+09:00,1320.2817024050435,1320.2817024050435,1283.0678799107836,1299.247802734375,157480
2010-09-14 00:00:00+09:00,1313.8095369101757,1317.0455209912352,1292.7756403832886,1300.8656005859375,121060
2010-09-16 00:00:00+09:00,1334.843466779311,1378.5292529648157,1329.9894905364772,1349.4053955078125,474160
2010-09-17 00:00:00+09:00,1375.2929615269045,1375.2929615269045,1346.169110576923,1367.2030029296875,249720
2010-09-21 00:00:00+09:00,1378.5289017640237,1385.0008684389722,1352.64103506423,1373.6749267578125,318340
2010-09-22 00:00:00+09:00,1355.8773967534516,1380.1472785569144,1342.933459791605,1362.349365234375,174400
2010-09-24 00:00:00+09:00,1359.1134748787715,1359.1134748787715,1308.955715686817,1313.8096923828125,266080
2010-09-27 00:00:00+09:00,1294.3934782172657,1297.629461912809,1255.5616738707477,1260.4156494140625,486460
2010-09-28 00:00:00+09:00,1271.7417936946242,1278.213762110373,1257.1798647591895,1266.8878173828125,346480
2010-09-29 00:00:00+09:00,1260.4156494140625,1270.123600500692,1250.707698327433,1260.4156494140625,447660
2010-09-30 00:00:00+09:00,1263.6518058676204,1278.213734488374,1226.43798828125,1226.43798828125,476640
2010-10-01 00:00:00+09:00,999.9190063476561,999.9190063476561,999.9190063476561,999.9190063476562,71320
2010-10-04 00:00:00+09:00,991.82919004366,1029.043009572215,985.3572214299983,996.6831665039062,1692920
2010-10-05 00:00:00+09:00,1032.2789635436823,1054.930853025832,1019.3350266967396,1045.222900390625,1652640
2010-10-06 00:00:00+09:00,1051.694806917446,1058.1667749600147,1020.9529587152435,1027.4249267578125,900260
2010-10-07 00:00:00+09:00,1045.2228950583803,1051.694863448835,1030.6609661798582,1037.1329345703125,667280
2010-10-08 00:00:00+09:00,1043.60474722726,1098.616470336914,1040.3687635149274,1087.29052734375,758280
2010-10-12 00:00:00+09:00,1088.9086637126866,1109.9425606343282,1069.4927588619403,1084.0546875,709200
2010-10-13 00:00:00+09:00,1092.1446594423799,1095.3806436185055,1056.5488335049986,1064.6387939453125,456420
2010-10-14 00:00:00+09:00,1069.4926696405178,1071.1106615764338,1050.0767664095251,1061.4027099609375,438500
2010-10-15 00:00:00+09:00,1058.1666119498495,1058.1666119498495,1029.0427602448078,1041.9866943359375,374860
2010-10-18 00:00:00+09:00,1043.6049029607668,1046.840887155994,1009.6270689108813,1037.1329345703125,411620
2010-10-19 00:00:00+09:00,1037.1328958834135,1074.3467127403846,1037.1328958834135,1051.69482421875,381460
2010-10-20 00:00:00+09:00,1056.548865882484,1080.8187479471658,1038.7509523683839,1077.582763671875,310260
2010-10-21 00:00:00+09:00,1074.3463220525036,1088.908245092372,1054.9304246660126,1082.436279296875,468700
2010-10-22 00:00:00+09:00,1085.6725354875837,1092.1445029122488,1075.964584350586,1087.29052734375,143520
2010-10-25 00:00:00+09:00,1090.5266666187958,1109.942571662454,1088.9086745318243,1100.234619140625,288460
2010-10-26 00:00:00+09:00,1084.0547322224568,1088.9087086353932,1072.7287872589386,1077.582763671875,307460
2010-10-27 00:00:00+09:00,1093.7625849865615,1113.1784888620627,1092.1445929969364,1109.9425048828125,209140
2010-10-28 00:00:00+09:00,1109.942332741743,1109.942332741743,1080.8184814453125,1080.8184814453125,373340
2010-10-29 00:00:00+09:00,1109.9424644345515,1109.9424644345515,1080.8186096826244,1088.9085693359375,229500
2010-11-01 00:00:00+09:00,1080.8187603031822,1087.2907289277523,1054.9308858049023,1058.1668701171875,429200
2010-11-02 00:00:00+09:00,1058.1668372375677,1063.0208135551713,1030.6609714378144,1045.222900390625,465760
2010-11-04 00:00:00+09:00,1059.784665788923,1096.9984784807477,1058.1666739327566,1087.29052734375,383300
2010-11-05 00:00:00+09:00,1096.9985388497541,1105.0884985757848,1066.2566918908376,1069.49267578125,345420
2010-11-08 00:00:00+09:00,1074.34691975294,1080.8188891490422,1054.931011564634,1066.2569580078125,185200
2010-11-09 00:00:00+09:00,1072.7286006382533,1090.5265110560824,1061.4026576450892,1087.29052734375,255260
2010-11-10 00:00:00+09:00,1079.2007558095204,1090.5267007730386,1069.4928029836476,1077.582763671875,129080
2010-11-11 00:00:00+09:00,1084.0547499144818,1153.6284129686949,1079.2007734223275,1145.5384521484375,454960
2010-11-12 00:00:00+09:00,1137.4485498250608,1171.4263870175591,1132.5945730832752,1163.33642578125,310660
2010-11-15 00:00:00+09:00,1182.7519176586254,1207.0217928499787,1177.8979426203546,1197.3138427734375,389020
2010-11-16 00:00:00+09:00,1195.6959307433158,1205.4038814665364,1168.190070360858,1176.280029296875,318740
2010-11-17 00:00:00+09:00,1155.2465364674008,1161.718505859375,1143.9205900314457,1161.718505859375,192220
2010-11-18 00:00:00+09:00,1169.8081120082309,1184.3700387137276,1168.1901201520648,1177.8980712890625,118120
2010-11-19 00:00:00+09:00,1190.8418760557431,1202.1678178117081,1177.8979426203546,1197.3138427734375,226640
2010-11-22 00:00:00+09:00,1203.7863540444873,1211.876316101238,1184.3704451082858,1207.0223388671875,173580
2010-11-24 00:00:00+09:00,1185.987998992558,1253.9436551421998,1181.1340235532978,1228.0557861328125,328920
2010-11-25 00:00:00+09:00,1234.5279920125745,1274.977795158465,1234.5279920125745,1255.5618896484375,423080
2010-11-26 00:00:00+09:00,1266.8875896468935,1271.7415650861535,1219.9658270673788,1228.0557861328125,266940
2010-11-29 00:00:00+09:00,1223.201753532744,1232.909703957607,1207.0218361579723,1218.3477783203125,192320
2010-11-30 00:00:00+09:00,1213.4940011160713,1213.4940011160713,1184.3701450892856,1189.22412109375,331640
2010-12-01 00:00:00+09:00,1182.7520661591523,1207.021944397712,1182.7520661591523,1202.16796875,257300
2010-12-02 00:00:00+09:00,1195.6962800202546,1200.5502567997685,1174.662380642361,1179.516357421875,389320
2010-12-03 00:00:00+09:00,1171.4263039172533,1177.898272447183,1142.3024455325703,1148.7744140625,489100
2010-12-06 00:00:00+09:00,1135.830395203903,1182.7521636667423,1126.1224431081432,1169.8082275390625,435020
2010-12-07 00:00:00+09:00,1168.1898909527781,1169.807882491494,1150.3919840269048,1166.5718994140625,153900
2010-12-08 00:00:00+09:00,1148.774098156206,1161.7180316565575,1139.0661480309423,1150.39208984375,411700
2010-12-09 00:00:00+09:00,1148.7743803414191,1173.044261616238,1148.7743803414191,1171.42626953125,317340
2010-12-10 00:00:00+09:00,1173.0442786649016,1174.6622707734048,1155.2463654713652,1160.100341796875,621460
2010-12-13 00:00:00+09:00,1164.9540511421535,1197.3138858961022,1161.7180676667585,1190.8419189453125,422820
2010-12-14 00:00:00+09:00,1198.9321564705142,1205.4041249264953,1190.8421959005377,1203.7861328125,287400
2010-12-15 00:00:00+09:00,1215.1121408168485,1216.730133015007,1177.8983202592087,1185.98828125,484260
2010-12-16 00:00:00+09:00,1168.1903553228267,1173.0443318684895,1121.2685820480872,1126.12255859375,900440
2010-12-17 00:00:00+09:00,1127.7405458221215,1143.9204675699282,1116.414600598657,1118.0325927734375,547640
2010-12-20 00:00:00+09:00,1122.8863459837628,1130.9763052487754,1109.9424111597425,1114.79638671875,333520
2010-12-21 00:00:00+09:00,1118.0325206249436,1130.9764571878952,1109.942560273099,1119.6505126953125,203900
2010-12-22 00:00:00+09:00,1119.6505126953125,1122.8864968360504,1109.942560273099,1119.6505126953125,215620
2010-12-24 00:00:00+09:00,1124.5044777610085,1126.122469815341,1101.8525890003552,1103.4705810546875,194280
2010-12-27 00:00:00+09:00,1111.5606915773267,1113.178683850365,1101.8527379390966,1108.32470703125,205000
2010-12-28 00:00:00+09:00,1108.3248061800628,1118.0327606867495,1106.7068137622816,1111.560791015625,127620
2010-12-29 00:00:00+09:00,1119.6503728941166,1160.100169602719,1116.4143891574283,1158.482177734375,682420
2010-12-30 00:00:00+09:00,1158.4823944819425,1160.1003866530066,1135.8305040870441,1153.62841796875,295860
2011-01-04 00:00:00+09:00,1152.0099755656206,1171.4258740302098,1145.5380094107575,1166.5718994140625,252220
2011-01-05 00:00:00+09:00,1173.0440957205635,1190.842006138393,1164.954136439732,1177.8980712890625,358480
2011-01-06 00:00:00+09:00,1195.6961893524212,1200.5501657638654,1179.5162679809405,1192.460205078125,378240
2011-01-07 00:00:00+09:00,1190.8421237465423,1202.168067858262,1168.1902355231025,1169.8082275390625,387000
2011-01-11 00:00:00+09:00,1171.4261915418836,1176.280167473687,1153.6282797919378,1164.9542236328125,323320
2011-01-12 00:00:00+09:00,1177.8984293393105,1177.8984293393105,1158.482521163388,1161.718505859375,245880
2011-01-13 00:00:00+09:00,1166.5722435071425,1179.5161796348225,1152.0103153635027,1169.8082275390625,375260
2011-01-14 00:00:00+09:00,1169.808277446262,1176.2802457862138,1163.3363091063104,1171.42626953125,222900
2011-01-17 00:00:00+09:00,1173.0443612931517,1184.3703068504649,1171.4263690706782,1174.662353515625,190100
2011-01-18 00:00:00+09:00,1179.5163756817,1182.7523602514716,1168.1904296875,1168.1904296875,183180
2011-01-19 00:00:00+09:00,1181.1340742765815,1203.7859606325708,1174.6621067462988,1202.16796875,512220
2011-01-20 00:00:00+09:00,1213.4939340444712,1270.1236509665464,1210.2579502203525,1262.03369140625,875700
2011-01-21 00:00:00+09:00,1260.415848967064,1284.6857305261217,1223.2020305765088,1266.8878173828125,858040
2011-01-24 00:00:00+09:00,1283.0675352828646,1286.3035189784077,1239.3817553930319,1260.4156494140625,491620
2011-01-25 00:00:00+09:00,1247.4716658924317,1252.3256412460987,1223.2017891240964,1231.291748046875,452120
2011-01-26 00:00:00+09:00,1236.1458020578025,1244.2357614953535,1232.909818282782,1237.7637939453125,322860
2011-01-27 00:00:00+09:00,1234.5281032631976,1245.8540491646947,1234.5281032631976,1239.382080078125,129960
2011-01-28 00:00:00+09:00,1258.7976083843216,1263.6515837379886,1224.819780908652,1231.291748046875,473300
2011-01-31 00:00:00+09:00,1213.4940185546875,1223.201970703125,1211.876026529948,1213.4940185546875,256240
2011-02-01 00:00:00+09:00,1219.9662781579884,1223.2022629806886,1198.932376810437,1207.0223388671875,301980
2011-02-02 00:00:00+09:00,1228.0557287451754,1229.6737204826527,1210.2578196329266,1218.3477783203125,275320
2011-02-03 00:00:00+09:00,1207.0219354692674,1228.0558297870964,1207.0219354692674,1221.5838623046875,266900
2011-02-04 00:00:00+09:00,1223.2021034642269,1236.146041067023,1223.2021034642269,1229.674072265625,227140
2011-02-07 00:00:00+09:00,1229.674148959015,1239.3821027665863,1229.674148959015,1236.1461181640625,194140
2011-02-08 00:00:00+09:00,1249.0898659446023,1252.325850053267,1239.381913618608,1245.8538818359375,163160
2011-02-09 00:00:00+09:00,1252.3258778324102,1258.7978461933014,1249.0898936519648,1250.7078857421875,160000
2011-02-10 00:00:00+09:00,1257.1796292532517,1278.2135226641815,1245.8536866473667,1274.9775390625,292700
2011-02-14 00:00:00+09:00,1278.213943750492,1284.6859130859375,1265.2700050796009,1284.6859130859375,193580
2011-02-15 00:00:00+09:00,1291.157692565918,1294.3936767578125,1281.4497399902345,1294.3936767578125,257380
2011-02-16 00:00:00+09:00,1284.6856574233698,1287.9216414471064,1258.7977852334782,1268.5057373046875,383640
2011-02-17 00:00:00+09:00,1281.44970703125,1283.0676990855825,1263.6517944335938,1281.44970703125,272500
2011-02-18 00:00:00+09:00,1268.5057926226266,1281.449729282041,1263.651816375346,1278.2137451171875,153920
2011-02-21 00:00:00+09:00,1274.9779490742524,1312.1917724609375,1274.9779490742524,1312.1917724609375,390480
2011-02-22 00:00:00+09:00,1313.8094294032308,1313.8094294032308,1281.4495912405896,1289.53955078125,220080
2011-02-23 00:00:00+09:00,1287.9217529296875,1299.2476979931396,1260.4158863470184,1287.9217529296875,565260
2011-02-24 00:00:00+09:00,1310.9791365105489,1337.3304759378966,1294.5095493684566,1297.803466796875,606960
2011-02-25 00:00:00+09:00,1297.8035612227657,1297.8035612227657,1269.8052610441018,1294.5096435546875,230740
2011-02-28 00:00:00+09:00,1289.5686175287985,1294.5094934580277,1268.1581551688057,1291.215576171875,173780
2011-03-01 00:00:00+09:00,1292.8624039466933,1306.0380717576152,1287.9215285175978,1304.39111328125,176600
2011-03-02 00:00:00+09:00,1286.2749409090445,1291.2158177627284,1261.570556640625,1261.570556640625,260020
2011-03-03 00:00:00+09:00,1251.6885510033107,1276.3929302994288,1251.6885510033107,1274.7459716796875,216080
2011-03-04 00:00:00+09:00,1289.568673225829,1304.391301653712,1284.6277970832011,1297.803466796875,262860
2011-03-07 00:00:00+09:00,1299.4500657301683,1301.0970239883814,1279.6865666316105,1284.62744140625,267980
2011-03-08 00:00:00+09:00,1286.2748787567637,1319.2140561897154,1282.9809610134685,1312.626220703125,298100
2011-03-09 00:00:00+09:00,1319.2138811905781,1330.7425917627806,1314.273005231063,1320.86083984375,257680
2011-03-10 00:00:00+09:00,1307.685016000316,1327.4485175015802,1299.4502237081226,1302.744140625,209940
2011-03-11 00:00:00+09:00,1284.6277233981348,1292.8625164968407,1271.452054440205,1274.7459716796875,265320
2011-03-14 00:00:00+09:00,1113.3439342570755,1184.1631490101145,1111.6969757744469,1134.75439453125,317120
2011-03-15 00:00:00+09:00,1119.9317380481007,1123.2256549247127,922.6261171390382,965.7764282226562,599640
2011-03-16 00:00:00+09:00,1022.761558567237,1131.4608546468467,1021.1145995357277,1091.933837890625,512940
2011-03-17 00:00:00+09:00,1080.4048499723451,1136.4014428062776,1058.9943880064297,1116.637939453125,502100
2011-03-18 00:00:00+09:00,1116.6379776000977,1116.6379776000977,1083.6988042195637,1106.7562255859375,551580
2011-03-22 00:00:00+09:00,1146.28323489436,1170.9876149567385,1123.2258135028067,1164.3997802734375,195860
2011-03-23 00:00:00+09:00,1144.6361974526567,1152.8709902400858,1113.3439848604257,1126.5196533203125,352200
2011-03-24 00:00:00+09:00,1156.1649028870586,1170.9875298471493,1146.2831515803316,1154.5179443359375,332880
2011-03-25 00:00:00+09:00,1147.9299756073847,1157.8117257560853,1113.3438500869327,1124.87255859375,367360
2011-03-28 00:00:00+09:00,1136.4014996391588,1141.3423757245464,1108.403201821962,1123.225830078125,226240
2011-03-29 00:00:00+09:00,1106.7558738855869,1116.6376227595654,1086.9923761376301,1108.40283203125,262940
2011-03-30 00:00:00+09:00,1118.285063901155,1136.401611328125,1108.4033107591713,1136.401611328125,190140
2011-03-31 00:00:00+09:00,1136.4015723919047,1147.9302839958805,1128.1667783890648,1146.2833251953125,146500
2011-04-01 00:00:00+09:00,1159.4589955998563,1169.3407484032641,1133.1076547907687,1146.2833251953125,223460
2011-04-04 00:00:00+09:00,1152.8709857848164,1175.9284055005128,1147.930110131453,1154.5179443359375,237180
2011-04-05 00:00:00+09:00,1152.8711655560662,1175.9285888671875,1134.7546186687566,1175.9285888671875,409420
2011-04-06 00:00:00+09:00,1222.043454699757,1241.806960705683,1189.1042780232135,1207.2208251953125,615940
2011-04-07 00:00:00+09:00,1207.2209210370038,1233.5722644702807,1207.2209210370038,1218.7496337890625,387560
2011-04-08 00:00:00+09:00,1210.514827914723,1263.217514300126,1203.9269921165476,1246.7479248046875,423580
2011-04-11 00:00:00+09:00,1289.5686590316448,1291.215617727726,1231.9251046687998,1238.512939453125,435840
2011-04-12 00:00:00+09:00,1240.1598945299356,1243.4538119124852,1217.1024728520883,1223.6903076171875,445260
2011-04-13 00:00:00+09:00,1213.8086605306212,1235.2191253703743,1202.2799486938309,1207.2208251953125,368480
2011-04-14 00:00:00+09:00,1200.6329345703125,1205.5738108442645,1179.222470716521,1200.6329345703125,374260
2011-04-15 00:00:00+09:00,1203.926687193311,1218.7493139850208,1185.810143336777,1195.69189453125,209220
2011-04-18 00:00:00+09:00,1185.8098868534485,1205.5733849676726,1184.162928677263,1194.044677734375,133000
2011-04-19 00:00:00+09:00,1190.7509852696132,1197.3388192130135,1169.340524953562,1177.5753173828125,241860
2011-04-20 00:00:00+09:00,1200.6326263257245,1200.6326263257245,1169.3404179578386,1179.22216796875,218560
2011-04-21 00:00:00+09:00,1177.5755058964596,1184.1633408944817,1164.3998359004154,1170.9876708984375,116200
2011-04-22 00:00:00+09:00,1164.3998359004154,1179.2224646459651,1154.5180834033822,1170.9876708984375,135800
2011-04-25 00:00:00+09:00,1184.1631513262128,1207.220570128114,1170.9874834394122,1177.5753173828125,213300
2011-04-26 00:00:00+09:00,1177.575052953493,1194.0446341136817,1170.9872204894175,1189.103759765625,195240
2011-04-27 00:00:00+09:00,1215.4555141608134,1230.2781423822867,1203.9268033218898,1223.6903076171875,256320
2011-04-28 00:00:00+09:00,1222.0435241864625,1231.9252777513125,1202.2800170567623,1215.4556884765625,301140
2011-05-02 00:00:00+09:00,1235.2188151259845,1235.2188151259845,1220.3961893444728,1228.6309814453125,109660
2011-05-06 00:00:00+09:00,1212.1612176724138,1213.8081758485991,1162.7524723868535,1194.044677734375,613300
2011-05-09 00:00:00+09:00,1205.5739179035554,1205.5739179035554,1182.5164932441978,1184.1634521484375,219100
2011-05-10 00:00:00+09:00,1195.6919463391773,1198.9858635467233,1174.2814844901288,1187.4571533203125,247060
2011-05-11 00:00:00+09:00,1192.398137749566,1194.0450965033638,1180.8694264729818,1185.810302734375,204900
2011-05-12 00:00:00+09:00,1192.3979866219097,1195.6919037120256,1175.928401171331,1182.5162353515625,153320
2011-05-13 00:00:00+09:00,1194.0449877354044,1194.0449877354044,1172.6345258863557,1187.4571533203125,153500
2011-05-16 00:00:00+09:00,1175.928547146954,1184.1633408944817,1164.3998359004154,1170.9876708984375,110700
2011-05-17 00:00:00+09:00,1169.340822010279,1189.104328861157,1167.6938631060393,1184.1634521484375,177300
2011-05-18 00:00:00+09:00,1187.4572507418118,1205.5737968696342,1179.2224570473472,1198.9859619140625,172920
2011-05-19 00:00:00+09:00,1208.8677816654438,1210.5147404960508,1184.1633992063407,1192.398193359375,125940
2011-05-20 00:00:00+09:00,1197.3385940867458,1203.926426791487,1189.103803205819,1194.044677734375,102920
2011-05-23 00:00:00+09:00,1185.8101524416782,1190.7510280768518,1175.928401171331,1182.5162353515625,105120
2011-05-24 00:00:00+09:00,1184.1633439805773,1200.6329315185546,1180.8694264729818,1185.810302734375,116060
2011-05-25 00:00:00+09:00,1197.3390140109593,1197.3390140109593,1180.8694264729818,1185.810302734375,97840
2011-05-26 00:00:00+09:00,1182.5162353515625,1192.3979866219097,1180.8692768065046,1182.5162353515625,86860
2011-05-27 00:00:00+09:00,1184.163302156882,1189.1041782437674,1170.9876325918542,1180.869384765625,53360
2011-05-30 00:00:00+09:00,1172.634671251313,1179.222506483062,1166.0468360195641,1175.9285888671875,74220
2011-05-31 00:00:00+09:00,1166.0468520696652,1197.3390698511957,1164.3998932390582,1192.398193359375,144540
2011-06-01 00:00:00+09:00,1185.8103417148109,1187.4573005227483,1166.0468360195641,1175.9285888671875,192920
2011-06-02 00:00:00+09:00,1152.8709857848164,1162.7527370915434,1144.6361930292105,1154.5179443359375,162840
2011-06-03 00:00:00+09:00,1149.577073125114,1157.8118659125435,1123.2257362053408,1126.5196533203125,182920
2011-06-06 00:00:00+09:00,1116.6381285353302,1121.5790052102652,1088.6398273773648,1110.05029296875,249700
2011-06-07 00:00:00+09:00,1103.46240234375,1111.6971963910914,1088.6397730585354,1103.46240234375,208480
2011-06-08 00:00:00+09:00,1103.4623004318378,1105.1092590891988,1065.5822513125358,1077.1109619140625,413060
2011-06-09 00:00:00+09:00,1078.757697787867,1088.6394476912674,1055.7002813465997,1065.58203125,459020
2011-06-10 00:00:00+09:00,1078.7578967118948,1095.2274829212367,1070.523103607224,1088.6396484375,281140
2011-06-13 00:00:00+09:00,1085.3457179505742,1085.3457179505742,1034.2900013246747,1044.1717529296875,482420
2011-06-14 00:00:00+09:00,1055.7004302367225,1082.0517670289028,1054.0534716872112,1068.8760986328125,309180
2011-06-15 00:00:00+09:00,1077.111163843458,1077.111163843458,1054.053738317757,1057.34765625,192040
2011-06-16 00:00:00+09:00,1054.0534577546296,1070.5230430320457,1050.7595406991463,1067.2291259765625,230640
2011-06-17 00:00:00+09:00,1088.639425568154,1095.227258703211,1049.1124267578125,1049.1124267578125,417980
2011-06-20 00:00:00+09:00,1054.0537655279502,1072.1703146229618,1054.0537655279502,1060.6416015625,104720
2011-06-21 00:00:00+09:00,1072.1703560061571,1083.6990695115996,1065.5825197173326,1080.4051513671875,156140
2011-06-22 00:00:00+09:00,1080.4045921828217,1103.4620072598943,1078.757633963031,1100.1680908203125,191780
2011-06-23 00:00:00+09:00,1101.8152652774845,1108.4030994495472,1088.6395969333591,1096.8743896484375,148600
2011-06-24 00:00:00+09:00,1096.8743021977705,1123.2256367851044,1095.2273437860622,1114.9908447265625,277960
2011-06-27 00:00:00+09:00,1105.1093611532183,1106.7563199626866,1098.5215259153451,1103.46240234375,135980
2011-06-28 00:00:00+09:00,1105.1092844317036,1123.225830078125,1105.1092844317036,1123.225830078125,142760
2011-06-29 00:00:00+09:00,1133.1075617836675,1154.5180244336495,1121.5788511259848,1149.5771484375,228180
2011-06-30 00:00:00+09:00,1157.8120786042002,1161.1059963242692,1139.6955311438217,1151.2242431640625,136960
2011-07-01 00:00:00+09:00,1105.1091823635159,1119.931809250657,1070.5230529601868,1096.8743896484375,1018780
2011-07-04 00:00:00+09:00,1103.4623637001894,1113.3441162109375,1096.874528693024,1113.3441162109375,291620
2011-07-05 00:00:00+09:00,1113.3439428746788,1121.5787353515625,1096.8743579209113,1121.5787353515625,244380
2011-07-06 00:00:00+09:00,1133.1076936141305,1136.401611328125,1118.285063901155,1136.401611328125,206220
2011-07-07 00:00:00+09:00,1138.0485036008984,1147.9302561647266,1131.460668558346,1142.9893798828125,193300
2011-07-08 00:00:00+09:00,1152.871598260251,1154.518557686337,1139.6959228515625,1139.6959228515625,165120
2011-07-11 00:00:00+09:00,1138.0483028898964,1147.9300537109375,1133.107427479376,1147.9300537109375,120360
2011-07-12 00:00:00+09:00,1136.4014471462199,1136.4014471462199,1116.63794371759,1131.4605712890625,166220
2011-07-13 00:00:00+09:00,1118.2848605328834,1131.46052899277,1118.2848605328834,1126.5196533203125,112580
2011-07-14 00:00:00+09:00,1123.2256002356332,1128.1664753099835,1119.9316835193997,1124.87255859375,84020
2011-07-15 00:00:00+09:00,1128.1665606007348,1136.4013530138789,1123.2256851528484,1134.75439453125,115840
2011-07-19 00:00:00+09:00,1147.9303391810824,1164.3999279785155,1144.636421421596,1152.8712158203125,304840
2011-07-20 00:00:00+09:00,1167.6937922484485,1167.6937922484485,1157.8120394226505,1161.10595703125,159780
2011-07-21 00:00:00+09:00,1167.6938631060393,1187.4573699569173,1166.0469042017994,1184.1634521484375,245660
2011-07-22 00:00:00+09:00,1185.8100013093576,1190.7508763148132,1169.3404179578386,1179.22216796875,223800
2011-07-25 00:00:00+09:00,1185.8100013093576,1189.1039179796612,1174.2812929632944,1179.22216796875,224620
2011-07-26 00:00:00+09:00,1182.5164240989366,1184.1633829068737,1172.634671251313,1175.9285888671875,132520
2011-07-27 00:00:00+09:00,1175.9285862699467,1179.222503878546,1161.10595703125,1161.10595703125,84000
2011-07-28 00:00:00+09:00,1147.9300029352519,1159.4587117165242,1139.695210948629,1156.164794921875,118980
2011-07-29 00:00:00+09:00,1147.9307199819928,1147.9307199819928,1139.6959228515625,1139.6959228515625,99040
2011-08-01 00:00:00+09:00,1129.81356606912,1161.1057785404223,1123.2257318646355,1154.5179443359375,152800
2011-08-02 00:00:00+09:00,1136.401479114434,1151.2241071028832,1134.7545204490507,1149.5771484375,186720
2011-08-03 00:00:00+09:00,1146.283095240764,1152.8709291214582,1138.0483028898964,1147.9300537109375,177040
2011-08-04 00:00:00+09:00,1149.5772454011524,1166.046833444149,1146.283327792553,1161.10595703125,134820
2011-08-05 00:00:00+09:00,1133.1075158299927,1141.342308822943,1116.6379298440916,1129.8135986328125,177440
2011-08-08 00:00:00+09:00,1101.8155920796805,1106.7564691742082,1086.9929607960973,1091.933837890625,171480
2011-08-09 00:00:00+09:00,1063.9353748668323,1086.9927978515625,1042.5249106667259,1086.9927978515625,181180
2011-08-10 00:00:00+09:00,1106.7561409065315,1108.4030994495472,1072.1700115032024,1096.8743896484375,199020
2011-08-11 00:00:00+09:00,1077.11067574324,1106.755923699476,1070.5228428640764,1100.1680908203125,134380
2011-08-12 00:00:00+09:00,1101.8152652774845,1110.0500579925629,1090.2865554763748,1096.8743896484375,191200
2011-08-15 00:00:00+09:00,1118.2848884426817,1131.4605572314026,1096.8744266610104,1129.8135986328125,221460
2011-08-16 00:00:00+09:00,1121.5786783733959,1123.2256367851044,1108.4030110797291,1114.9908447265625,102160
2011-08-17 00:00:00+09:00,1110.05029296875,1114.9911696436852,1100.16853961888,1110.05029296875,85060
2011-08-18 00:00:00+09:00,1093.5804443359375,1096.8743613369495,1086.992610333914,1093.5804443359375,110960
2011-08-19 00:00:00+09:00,1070.523062013203,1093.5804818104102,1068.8761034562594,1083.69873046875,137400
2011-08-22 00:00:00+09:00,1086.9929876560118,1095.2277830170422,1077.1112332227754,1080.4051513671875,163160
2011-08-23 00:00:00+09:00,1077.1109619140625,1095.2275071450329,1073.8170445993405,1077.1109619140625,277320
2011-08-24 00:00:00+09:00,1086.9926617033384,1096.8744131733686,1077.110910233308,1085.345703125,175500
2011-08-25 00:00:00+09:00,1091.93345478041,1123.2256654000598,1091.93345478041,1118.2847900390625,272740
2011-08-26 00:00:00+09:00,1131.4605572314026,1134.7544744285826,1123.225764238452,1129.8135986328125,234160
2011-08-29 00:00:00+09:00,1146.5268731858757,1200.009176308249,1144.8555512133016,1192.9896240234375,456120
2011-08-30 00:00:00+09:00,1206.694530200647,1231.7643611604942,1206.694530200647,1228.7559814453125,503600
2011-08-31 00:00:00+09:00,1205.0232148852424,1218.3937914720411,1196.6666045184932,1203.6861572265625,241360
2011-09-01 00:00:00+09:00,1211.7083860247324,1213.3797079364906,1184.9672354366003,1189.981201171875,201280
2011-09-02 00:00:00+09:00,1188.3099132702841,1188.3099132702841,1164.911405835989,1166.9169921875,198880
2011-09-05 00:00:00+09:00,1163.2400838763963,1191.6525571894692,1149.8695081996561,1166.9169921875,229640
2011-09-06 00:00:00+09:00,1215.0508599489078,1243.463328475911,1213.3795382708488,1242.7947998046875,532420
2011-09-07 00:00:00+09:00,1213.3799225322357,1225.0791779836486,1176.610833970653,1207.493408203125,491340
2011-09-08 00:00:00+09:00,1245.1349381657556,1258.5055146829716,1221.7364292606271,1257.16845703125,441500
2011-09-09 00:00:00+09:00,1323.686897335485,1358.784655976956,1298.617069734434,1327.029541015625,748080
2011-09-12 00:00:00+09:00,1303.6311239976453,1313.6590557207041,1281.9039385976846,1290.9290771484375,291440
2011-09-13 00:00:00+09:00,1285.2466613282756,1303.631203948056,1271.8760848775264,1299.2857666015625,200320
2011-09-14 00:00:00+09:00,1301.959445762131,1318.672660726985,1260.1764083499959,1266.8616943359375,307140
2011-09-15 00:00:00+09:00,1310.3164488727534,1323.6870248816592,1298.617194864961,1301.9598388671875,250520
2011-09-16 00:00:00+09:00,1303.6309310263275,1311.9875395585477,1283.5750705489995,1302.96240234375,309600
2011-09-20 00:00:00+09:00,1288.5890142485853,1303.6309093565453,1266.861832425976,1273.547119140625,223980
2011-09-21 00:00:00+09:00,1270.2047839042468,1306.9738697541065,1268.5334618201623,1303.6312255859375,246880
2011-09-22 00:00:00+09:00,1291.931934862013,1305.3025111607142,1278.5613585633116,1286.91796875,173020
2011-09-26 00:00:00+09:00,1281.9042257738363,1301.9600937129314,1250.1491015369354,1276.8902587890625,233720
2011-09-27 00:00:00+09:00,1286.9178313810582,1295.2744406757404,1260.1766816380753,1280.2325439453125,255440
2011-09-28 00:00:00+09:00,1285.2465134349059,1317.001628851373,1283.5751915708813,1308.64501953125,161360
2011-09-29 00:00:00+09:00,1306.9738208007811,1337.0576171875,1301.959854736328,1337.0576171875,176020
2011-09-30 00:00:00+09:00,1303.6308836026956,1327.0293866417182,1296.9455970201177,1313.6588134765625,260220
2011-10-03 00:00:00+09:00,1266.8620331725676,1286.9178964945606,1178.2819701670978,1281.9039306640625,431040
2011-10-04 00:00:00+09:00,1266.8621106684602,1296.945907491722,1253.4915343025664,1261.84814453125,377480
2011-10-05 00:00:00+09:00,1253.4917405814178,1253.4917405814178,1194.995459354285,1213.3800048828125,485500
2011-10-06 00:00:00+09:00,1171.5969044571862,1225.0792167861875,1171.5969044571862,1221.736572265625,324660
2011-10-07 00:00:00+09:00,1236.778327047414,1250.1489035560346,1198.3379195851294,1211.70849609375,385400
2011-10-11 00:00:00+09:00,1235.107174343533,1236.7784966362847,1200.0094061957464,1203.35205078125,276160
2011-10-12 00:00:00+09:00,1189.9810869660364,1208.3656262309612,1178.2818347065388,1193.32373046875,135040
2011-10-13 00:00:00+09:00,1203.3518785658714,1218.3937770479447,1194.995268298053,1208.3658447265625,223220
2011-10-14 00:00:00+09:00,1184.9672354366003,1196.666488818908,1179.9532697013256,1189.981201171875,106180
2011-10-17 00:00:00+09:00,1194.995005245292,1194.995005245292,1146.5266763612174,1148.197998046875,294660
2011-10-18 00:00:00+09:00,1153.2122156062908,1171.5967581739274,1146.5269273998776,1151.5408935546875,152700
2011-10-19 00:00:00+09:00,1153.2122156062908,1154.883537657894,1141.5129612450676,1151.5408935546875,217940
2011-10-20 00:00:00+09:00,1144.8556053482741,1159.8975038127041,1144.8556053482741,1151.5408935546875,110960
2011-10-21 00:00:00+09:00,1153.212171185492,1154.8834931727174,1129.8136633643371,1131.4849853515625,85760
2011-10-24 00:00:00+09:00,1134.8275944224574,1153.2121357164883,1134.8275944224574,1143.1842041015625,132460
2011-10-25 00:00:00+09:00,1159.8977364421762,1163.2403812157847,1141.513190187329,1144.8558349609375,230180
2011-10-26 00:00:00+09:00,1128.14208984375,1129.8134114583333,1099.7296223958333,1103.072265625,307700
2011-10-27 00:00:00+09:00,1109.7575844404942,1126.470801073634,1109.7575844404942,1116.44287109375,236340
2011-10-28 00:00:00+09:00,1126.4711125805775,1128.142434706068,1111.4292134511632,1118.114501953125,246360
2011-10-31 00:00:00+09:00,1118.114367711579,1148.1981623585275,1118.114367711579,1139.841552734375,204960
2011-11-01 00:00:00+09:00,1121.4572246789226,1136.499124860905,1109.7579689818251,1126.47119140625,151080
2011-11-02 00:00:00+09:00,1124.7997904550868,1131.4850789570487,1108.086569200182,1118.114501953125,243060
2011-11-04 00:00:00+09:00,1119.7856135526813,1123.1282571752265,1098.0584300061366,1106.4150390625,213880
2011-11-07 00:00:00+09:00,1116.44287109375,1118.114192757064,1101.400976123924,1116.44287109375,173760
2011-11-08 00:00:00+09:00,1118.114501953125,1128.142434706068,1113.1005355766536,1118.114501953125,128800
2011-11-09 00:00:00+09:00,1124.7998326507434,1144.8556989090034,1114.7718995216135,1138.17041015625,303840
2011-11-10 00:00:00+09:00,1124.7997760514568,1128.1424202596334,1106.415232906485,1111.42919921875,102680
2011-11-11 00:00:00+09:00,1116.4430353271116,1121.4570010546286,1093.0445285986991,1108.08642578125,148700
2011-11-14 00:00:00+09:00,1108.0864105919245,1109.7577324781867,1091.3731917293012,1101.401123046875,147260
2011-11-15 00:00:00+09:00,1116.4428718415008,1116.4428718415008,1089.7017252105668,1091.373046875,84620
2011-11-16 00:00:00+09:00,1093.0446490119486,1098.05861529182,1076.3314280790441,1079.674072265625,69280
2011-11-17 00:00:00+09:00,1086.3589004731514,1086.3589004731514,1046.2471872249118,1067.974365234375,221080
2011-11-18 00:00:00+09:00,1057.9464369223151,1078.0022935464349,1056.2751155369717,1067.974365234375,91520
2011-11-21 00:00:00+09:00,1069.6459651898736,1084.687861575356,1052.9327469837817,1056.275390625,142220
2011-11-22 00:00:00+09:00,1051.26123046875,1076.3310531349364,1036.2193368690382,1051.26123046875,161940
2011-11-24 00:00:00+09:00,1051.2612220971018,1052.9325435948715,1041.233293110484,1047.9185791015625,106900
2011-11-25 00:00:00+09:00,1041.2335551868787,1042.9048771053167,1027.8629798393745,1029.5343017578125,96040
2011-11-28 00:00:00+09:00,1036.219596986246,1041.233562778115,1024.520343471885,1032.876953125,72640
2011-11-29 00:00:00+09:00,1036.219328617175,1047.9185791015625,1031.2053641238663,1047.9185791015625,118960
2011-11-30 00:00:00+09:00,1046.2475950612961,1062.9608154296875,1046.2475950612961,1062.9608154296875,113100
2011-12-01 00:00:00+09:00,1071.3174835445375,1072.988805671752,1054.6042622723917,1061.28955078125,121380
2011-12-02 00:00:00+09:00,1051.2614018741888,1052.9327236577726,1024.5202533368486,1046.2474365234375,172600
2011-12-05 00:00:00+09:00,1067.9748033184871,1076.331413673092,1056.2755488220405,1072.98876953125,169840
2011-12-06 00:00:00+09:00,1086.359338760376,1106.4152034759522,1064.6321519851685,1069.6461181640625,210900
2011-12-07 00:00:00+09:00,1076.3311038133575,1096.386962890625,1066.3031742747237,1096.386962890625,142760
2011-12-08 00:00:00+09:00,1094.7158549744406,1096.387176890432,1076.331313898534,1083.0166015625,91540
2011-12-09 00:00:00+09:00,1084.6878738989294,1089.7018394177226,1079.6739083801363,1088.030517578125,163200
2011-12-12 00:00:00+09:00,1101.400976123924,1123.128157747006,1098.058332797296,1116.44287109375,192480
2011-12-13 00:00:00+09:00,1103.0724296278627,1113.1003608062977,1089.7018547232824,1094.7158203125,156540
2011-12-14 00:00:00+09:00,1089.7018209497733,1111.429004496318,1089.7018209497733,1106.4150390625,106800
2011-12-15 00:00:00+09:00,1109.7577476904223,1123.1283229638009,1103.072460053733,1108.08642578125,146620
2011-12-16 00:00:00+09:00,1116.4430781309366,1124.799687997186,1099.7298583984375,1099.7298583984375,122720
2011-12-19 00:00:00+09:00,1093.0444984494275,1106.4150733540075,1089.7018547232824,1094.7158203125,86300
2011-12-20 00:00:00+09:00,1094.715971105239,1094.715971105239,1074.6601059857537,1079.674072265625,131280
2011-12-21 00:00:00+09:00,1093.0443359375001,1103.072265625,1089.7016927083334,1103.072265625,45700
2011-12-22 00:00:00+09:00,1096.3870118683003,1098.0583335327335,1089.7017252105668,1091.373046875,77660
2011-12-26 00:00:00+09:00,1084.6880385454965,1089.7020048253678,1078.0027501723346,1079.674072265625,50100
2011-12-27 00:00:00+09:00,1076.3314069634703,1099.7299158105022,1076.3314069634703,1098.05859375,101100
2011-12-28 00:00:00+09:00,1084.6879082910764,1086.3592301836666,1066.3033674725834,1076.331298828125,111960
2011-12-29 00:00:00+09:00,1036.219250545771,1066.3030352390356,1029.5339650583792,1064.6317138671875,141140
2011-12-30 00:00:00+09:00,1064.631963607368,1098.0583988854644,1062.9606418434632,1093.04443359375,105700
2012-01-04 00:00:00+09:00,1111.4289068482008,1113.100228512634,1083.016438552833,1091.373046875,157060
2012-01-05 00:00:00+09:00,1079.674013361855,1086.3593013702878,1042.9049293154762,1052.932861328125,294820
2012-01-06 00:00:00+09:00,1054.6041534521955,1057.946797361711,1032.8769680403436,1039.562255859375,200080
2012-01-10 00:00:00+09:00,1059.61782958595,1066.3031155770286,1046.2472576037928,1047.9185791015625,140680
2012-01-11 00:00:00+09:00,1041.2337577684682,1042.9050800120774,1032.8771465504228,1037.89111328125,204080
2012-01-12 00:00:00+09:00,1036.2196119498592,1044.5762217236486,1031.2056460855858,1039.562255859375,148700
2012-01-13 00:00:00+09:00,1046.2472576037928,1052.9325435948715,1039.5619716127144,1047.9185791015625,141300
2012-01-16 00:00:00+09:00,1044.5759361060232,1047.9185791015625,1039.5619716127144,1047.9185791015625,105940
2012-01-17 00:00:00+09:00,1047.9186111942415,1047.9186111942415,1027.862752606792,1036.2193603515625,127100
2012-01-18 00:00:00+09:00,1039.562263293144,1049.5901950933994,1037.8909413264348,1042.9049072265625,102580
2012-01-19 00:00:00+09:00,1047.9186111942415,1056.2752189390121,1034.5480388026083,1036.2193603515625,116280
2012-01-20 00:00:00+09:00,1047.9186111942415,1049.5899327431955,1034.5480388026083,1036.2193603515625,134000
2012-01-23 00:00:00+09:00,1041.2334711726862,1051.2614018741888,1036.219505821935,1046.2474365234375,166560
2012-01-24 00:00:00+09:00,1046.247459701345,1057.9467124456094,1042.9048160601267,1056.275390625,107680
2012-01-25 00:00:00+09:00,1057.9465080881803,1057.9465080881803,1039.5619716127144,1047.9185791015625,157060
2012-01-26 00:00:00+09:00,1044.5762217236486,1047.9188656331642,1036.2196119498592,1039.562255859375,93720
2012-01-27 00:00:00+09:00,1042.9048997688906,1047.9188656331642,1037.8909339046172,1039.562255859375,97800
2012-01-30 00:00:00+09:00,1047.9189308129767,1052.9328969891153,1039.5623205194122,1041.233642578125,102560
2012-01-31 00:00:00+09:00,1042.90485,1046.24749375,1039.56220625,1044.576171875,104600
2012-02-01 00:00:00+09:00,1047.9188731266902,1052.9328390268179,1039.562263293144,1042.9049072265625,184700
2012-02-02 00:00:00+09:00,1037.8909113500026,1039.5622332684407,1027.8629798393745,1029.5343017578125,327080
2012-02-03 00:00:00+09:00,1029.5342750987788,1032.8769188490994,1012.8210563471752,1017.8350219726562,253760
2012-02-06 00:00:00+09:00,1027.8627848041776,1031.205428006793,1019.5061767976397,1024.5201416015625,190080
2012-02-07 00:00:00+09:00,1019.5063438478167,1024.5203094732976,1012.8210563471752,1017.8350219726562,204560
2012-02-08 00:00:00+09:00,1017.834855196332,1024.5201416015625,1017.834855196332,1024.5201416015625,145440
2012-02-09 00:00:00+09:00,1027.8629798393745,1034.5482675131266,1026.1916579209364,1029.5343017578125,178460
2012-02-10 00:00:00+09:00,1029.534309263754,1034.548275055623,1024.520343471885,1032.876953125,173820
2012-02-13 00:00:00+09:00,1036.219328617175,1047.9185791015625,1034.5480071194054,1047.9185791015625,194180
2012-02-14 00:00:00+09:00,1041.2335852598533,1049.5901950933994,1041.2335852598533,1042.9049072265625,129180
2012-02-15 00:00:00+09:00,1046.2475659801703,1051.261531951321,1042.9049219994029,1049.5902099609375,214400
2012-02-16 00:00:00+09:00,1052.9323256072273,1057.9462890625,1051.26100445547,1057.9462890625,180120
2012-02-17 00:00:00+09:00,1062.9609443879801,1071.3175555859987,1057.9469776691687,1066.3035888671875,202040
2012-02-20 00:00:00+09:00,1067.974445579541,1069.64576709062,1051.26123046875,1051.26123046875,296780
2012-02-21 00:00:00+09:00,1039.5623205194122,1047.9189308129767,1036.2196764019864,1041.233642578125,288800
2012-02-22 00:00:00+09:00,1037.8906583801172,1052.9325519798292,1037.8906583801172,1051.26123046875,274540
2012-02-23 00:00:00+09:00,1044.5762291932717,1051.2615170601086,1042.9049072265625,1042.9049072265625,328580
2012-02-24 00:00:00+09:00,1044.5759444244336,1059.6178380241454,1044.5759444244336,1051.26123046875,542680
2012-02-27 00:00:00+09:00,1041.0049341787208,1049.551772718776,1032.4580956386656,1035.8768310546875,629140
2012-02-28 00:00:00+09:00,1037.5864427078025,1054.6801238067776,1037.5864427078025,1047.8426513671875,378820
2012-02-29 00:00:00+09:00,1052.970914100859,1056.3896508349528,1044.424072265625,1044.424072265625,265240
2012-03-01 00:00:00+09:00,1047.8424050107649,1049.551772718776,1034.1674633466766,1035.8768310546875,306380
2012-03-02 00:00:00+09:00,1029.0398074314246,1032.4585443331903,1006.8180175699488,1020.8348388671875,700180
2012-03-05 00:00:00+09:00,1025.6210693276867,1032.4585431232047,1010.2367532877713,1011.604248046875,688520
2012-03-06 00:00:00+09:00,1011.6041310751665,1011.9460047254116,983.5704917550706,986.3054809570312,931320
2012-03-07 00:00:00+09:00,988.0149819298264,1019.4673619774195,986.6474871451484,1019.12548828125,816000
2012-03-08 00:00:00+09:00,1008.5275997643585,1008.8694735269905,993.4851542085511,1001.6901245117188,401300
2012-03-09 00:00:00+09:00,999.9805741245972,999.9805741245972,988.6987420062684,991.0918579101562,848560
2012-03-12 00:00:00+09:00,997.9293631204745,997.9293631204745,977.7588141570939,981.1775512695312,914220
2012-03-13 00:00:00+09:00,985.9636896536181,997.5873947327523,984.5961949384258,992.4592895507812,623680
2012-03-14 00:00:00+09:00,993.8265902587974,1001.0059361120601,992.8009694226171,1000.6640625,614340
2012-03-15 00:00:00+09:00,992.8011494814117,998.9548756145609,989.3824127407732,991.4336547851562,450360
2012-03-16 00:00:00+09:00,991.7753687012062,997.245346605108,973.6560668945312,973.6560668945312,807360
2012-03-19 00:00:00+09:00,983.9123554269556,987.6729655415131,977.7586297849524,982.5448608398438,382500
2012-03-21 00:00:00+09:00,987.3311275501943,993.1429797553028,982.5448963224579,989.7242431640625,360700
2012-03-22 00:00:00+09:00,991.7753191982172,1001.6896536541801,989.3822039847089,999.9802856445312,466060
2012-03-23 00:00:00+09:00,994.8524053023677,999.6386368055406,989.3824264415987,992.4592895507812,212440
2012-03-26 00:00:00+09:00,996.2197374601265,1003.3990835434012,987.3310232617863,988.0147705078125,325300
2012-03-27 00:00:00+09:00,996.2197944342527,1014.6809711327597,993.4848052937331,1013.3134765625,404180
2012-03-28 00:00:00+09:00,1020.1512632699732,1021.176884513207,1009.211303342145,1018.44189453125,280020
2012-03-29 00:00:00+09:00,1020.1509813588477,1023.911591544822,1013.6553819467102,1023.2278442382812,185360
2012-03-30 00:00:00+09:00,1025.2791465547002,1047.8428089997187,1023.9116518610628,1044.424072265625,356280
2012-04-02 00:00:00+09:00,1052.9705430592921,1058.0986463534123,1025.6206588239859,1032.4581298828125,457760
2012-04-03 00:00:00+09:00,1025.6207975794057,1046.133213530994,1017.0739575995774,1042.7144775390625,418700
2012-04-04 00:00:00+09:00,1049.551842572285,1056.389313859401,1022.5438309881774,1029.0394287109375,497400
2012-04-05 00:00:00+09:00,1008.1855757017958,1008.1855757017958,974.3400782469033,999.6387329101562,1006860
2012-04-06 00:00:00+09:00,998.6130060219666,1003.0573638029613,981.8611959243711,988.6986694335938,501360
2012-04-09 00:00:00+09:00,986.3054364631353,1010.9203381703608,983.5704473845547,996.5616455078125,360960
2012-04-10 00:00:00+09:00,991.4335636049769,993.142931818089,978.100491542703,980.1517333984375,466280
2012-04-11 00:00:00+09:00,976.04931244099,983.5705330622516,971.6049548011537,978.7843017578125,312000
2012-04-12 00:00:00+09:00,980.4938648817742,994.5106879153003,980.1519911492493,990.408203125,404380
2012-04-13 00:00:00+09:00,991.0916196333576,995.1941030537096,975.0235595703125,975.0235595703125,433420
2012-04-16 00:00:00+09:00,975.0234971206438,993.1427977333346,970.9210139630535,988.3565673828125,382340
2012-04-17 00:00:00+09:00,991.4334297510053,995.5359129085957,981.8609690499611,988.3565673828125,269960
2012-04-18 00:00:00+09:00,1005.4503432984516,1011.9459422520968,999.6384916030847,1008.8690795898438,566140
2012-04-19 00:00:00+09:00,1013.9971033236512,1013.9971033236512,995.8778024213743,999.9802856445312,246200
2012-04-20 00:00:00+09:00,997.587182600534,1007.159643571341,991.7753312968297,1002.3734130859375,226240
2012-04-23 00:00:00+09:00,1007.5017583937873,1013.6554847769187,997.5874214431867,1005.108642578125,265640
2012-04-24 00:00:00+09:00,1010.2367606865294,1020.4929714549205,1005.4505289946135,1016.7323608398438,373560
2012-04-25 00:00:00+09:00,1018.7835181161975,1024.2534967369556,1018.0997707886028,1022.5441284179688,328920
2012-04-26 00:00:00+09:00,1022.2019607796284,1022.2019607796284,1004.7664089402434,1012.9713745117188,255920
2012-04-27 00:00:00+09:00,1018.4416962756509,1018.7835699568445,1002.7155069407466,1008.1854858398438,209720
2012-05-01 00:00:00+09:00,1046.133106928727,1054.679946037622,1025.2788195030237,1029.0394287109375,642460
2012-05-02 00:00:00+09:00,1030.7491403638446,1061.5177714194817,1022.5441720823414,1054.6802978515625,568220
2012-05-07 00:00:00+09:00,1054.6803184972803,1058.099055348163,1030.7491605411021,1041.00537109375,464220
2012-05-08 00:00:00+09:00,1042.7148798892372,1049.5523545114618,1027.3305619892321,1039.296142578125,365400
2012-05-09 00:00:00+09:00,1041.005511233681,1042.7148798892372,1027.3305619892321,1039.296142578125,285720
2012-05-10 00:00:00+09:00,1030.749054569114,1030.749054569114,1011.2622565225337,1019.4672241210938,429060
2012-05-11 00:00:00+09:00,1025.2790803576072,1032.4584270356697,1022.2022174955803,1027.330322265625,212820
2012-05-14 00:00:00+09:00,1029.039686319414,1032.458422818814,1016.0484876216938,1019.4672241210938,346320
2012-05-15 00:00:00+09:00,1018.7836209352107,1020.1511157284123,999.9805675286883,1015.0230102539062,275880
2012-05-16 00:00:00+09:00,1014.3391507142343,1025.27910785035,1010.2366667881909,1018.7835083007812,315780
2012-05-17 00:00:00+09:00,1018.7834809822172,1032.4584270356697,1018.0997336795446,1027.330322265625,373220
2012-05-18 00:00:00+09:00,1023.9118084263157,1024.2536821520007,1008.1856170448096,1011.9462280273438,396140
2012-05-21 00:00:00+09:00,1010.2366371530171,1029.0396879291309,1003.0572904930465,1007.5016479492188,431240
2012-05-22 00:00:00+09:00,1007.8436009660286,1010.5785903852037,991.433664450978,995.1942749023438,434760
2012-05-23 00:00:00+09:00,992.4592885853745,997.9292674408226,968.1862574143233,972.630615234375,487700
2012-05-24 00:00:00+09:00,973.656360683958,979.8100876826629,968.1863811295539,971.2632446289062,322840
2012-05-25 00:00:00+09:00,973.6563656856165,996.5619051873498,963.742027692329,986.9894409179688,387680
2012-05-28 00:00:00+09:00,982.8866844846492,984.254179002193,968.1861184210527,974.33984375,174640
2012-05-29 00:00:00+09:00,976.0493479400111,980.835579418526,968.1862533681651,975.3656005859375,208620
2012-05-30 00:00:00+09:00,978.7840776514627,979.4678248241147,958.9554096445521,962.3741455078125,212120
2012-05-31 00:00:00+09:00,953.8275614319498,964.7675191257929,944.255098449837,963.4000244140625,364280
2012-06-01 00:00:00+09:00,964.0836193201125,976.7329434033905,957.5880204665372,974.6817016601562,280500
2012-06-04 00:00:00+09:00,936.7340828244867,951.4346541972798,936.7340828244867,946.9902954101562,392120
2012-06-05 00:00:00+09:00,946.9898341231406,965.1091341984209,941.519856741924,962.3741455078125,323200
2012-06-06 00:00:00+09:00,962.3742084338273,964.0835764772266,947.6736432605929,949.0411376953125,298020
2012-06-07 00:00:00+09:00,948.6995411927448,949.0414149012828,933.9989717256141,937.7595825195312,544460
2012-06-08 00:00:00+09:00,938.1015081670937,941.178371714289,930.9221598903048,933.9990234375,472920
2012-06-11 00:00:00+09:00,936.3922851831871,940.8366443315557,928.1873144477375,929.5548095703125,470580
2012-06-12 00:00:00+09:00,929.2127405944483,931.2639828474162,915.1959185325012,917.930908203125,516120
2012-06-13 00:00:00+09:00,917.9307485234433,921.007611367656,908.7001599908053,912.118896484375,570860
2012-06-14 00:00:00+09:00,912.4608335802866,921.0076754085021,895.7090235969843,900.1533813476562,413280
2012-06-15 00:00:00+09:00,908.0164597502346,917.930796095399,905.6233440807122,911.0933227539062,490000
2012-06-18 00:00:00+09:00,911.0932348315157,923.7425592925911,911.0932348315157,919.6400756835938,296740
2012-06-19 00:00:00+09:00,917.5889383035379,927.8451484932198,909.3839701517924,910.75146484375,349040
2012-06-20 00:00:00+09:00,908.699930676675,927.5029766462826,908.0161835505073,926.4773559570312,247540
2012-06-21 00:00:00+09:00,930.5799352112375,937.7592807804646,927.5030728244259,935.0242919921875,232300
2012-06-22 00:00:00+09:00,934.6826771178456,934.6826771178456,920.6658556980095,925.4520874023438,241360
2012-06-25 00:00:00+09:00,931.6057425931936,932.9732372612203,921.69140625,921.69140625,209380
2012-06-26 00:00:00+09:00,922.3752241638432,932.2895612656785,919.6402346185093,925.4520874023438,256620
2012-06-27 00:00:00+09:00,928.8706638038379,928.8706638038379,914.5119711723469,919.6400756835938,352040
2012-06-28 00:00:00+09:00,921.3496795902407,927.8452802997823,914.5122051591444,925.1102905273438,242500
2012-06-29 00:00:00+09:00,923.058921939037,944.5969634509478,921.3495535650758,938.4432373046875,361760
2012-07-02 00:00:00+09:00,960.6648159565899,971.9466447560801,954.511091156868,968.18603515625,466940
2012-07-03 00:00:00+09:00,959.2973861747133,992.1172539839695,959.2973861747133,988.0147705078125,372440
2012-07-04 00:00:00+09:00,988.3568280898178,991.7755649562648,976.7331227438981,977.4168701171875,221000
2012-07-05 00:00:00+09:00,974.6817016601562,977.4166906511352,965.1092401917296,974.6817016601562,164660
2012-07-06 00:00:00+09:00,971.263018690255,988.0148271787529,970.5792714050101,980.1517333984375,168940
2012-07-09 00:00:00+09:00,974.3398539047482,982.544821095525,970.9211175752578,978.1004638671875,105160
2012-07-10 00:00:00+09:00,980.8355955762675,987.6730692296399,973.6562482402264,981.1986694335938,202600
2012-07-11 00:00:00+09:00,976.04947673901,983.2288249041655,966.4770125188024,971.2632446289062,141140
2012-07-12 00:00:00+09:00,972.9724613846755,977.4168190789836,964.7674933336452,970.579345703125,173680
2012-07-13 00:00:00+09:00,975.0236287591014,980.4936070410599,970.9211450476325,980.1517333984375,172360
2012-07-17 00:00:00+09:00,974.6819726088021,974.6819726088021,961.3488975713615,967.5026245117188,258040
2012-07-18 00:00:00+09:00,968.5280117275479,977.4167262721705,944.9387308206644,948.6993408203125,277440
2012-07-19 00:00:00+09:00,944.5971567405844,953.4858741040499,937.4178081008622,942.2040405273438,269920
2012-07-20 00:00:00+09:00,938.4431031744703,943.5712075634017,929.896262526251,936.0499877929688,278020
2012-07-23 00:00:00+09:00,930.2382058063185,935.366310579231,908.0164184570312,908.0164184570312,322860
2012-07-24 00:00:00+09:00,907.6746017868454,918.6145593225061,905.9652334218985,910.75146484375,256040
2012-07-25 00:00:00+09:00,907.6745390427344,917.9307485234433,904.2558025491649,912.118896484375,223460
2012-07-26 00:00:00+09:00,911.4353526350463,925.7940491131678,911.0934789093767,918.2728271484375,214140
2012-07-27 00:00:00+09:00,929.5544807476389,931.6057227058903,922.0332602340501,924.7682495117188,140340
2012-07-30 00:00:00+09:00,923.0588110127579,932.631272756594,922.3750637453411,931.6056518554688,166840
2012-07-31 00:00:00+09:00,931.6056635855322,938.4431363457929,927.5031799293757,933.4010009765625,123600
2012-08-01 00:00:00+09:00,938.4431060735831,945.9643258672511,933.9987489227792,945.2805786132812,182140
2012-08-02 00:00:00+09:00,945.2809471895798,949.7253060732921,937.7597244632974,943.9134521484375,227260
2012-08-03 00:00:00+09:00,935.3663726200331,935.7082462942362,923.0589203487168,929.212646484375,134120
2012-08-06 00:00:00+09:00,936.7338198284771,946.9900295346283,933.9988305735034,940.8363037109375,135040
2012-08-07 00:00:00+09:00,940.1527143557242,960.3232635000835,939.1270932127908,951.7083129882812,273460
2012-08-08 00:00:00+09:00,962.3741839565128,973.3141391560183,958.9554479566672,968.18603515625,223780
2012-08-09 00:00:00+09:00,968.5283779131413,978.1008433496285,960.6652813045984,968.2955932617188,216140
2012-08-10 00:00:00+09:00,970.2375254132837,988.698704543769,969.5537780380805,982.4620971679688,207080
2012-08-13 00:00:00+09:00,986.3053089715808,1004.0827356844135,984.5959410184238,1002.031494140625,206440
2012-08-14 00:00:00+09:00,1007.501759235045,1008.1855066115195,990.4080748231847,994.5105590820312,229520
2012-08-15 00:00:00+09:00,1008.1857147250087,1008.1857147250087,985.9639204024838,1004.2779541015625,140200
2012-08-16 00:00:00+09:00,991.4336685143871,997.2455210539542,984.9380686172238,992.4592895507812,183240
2012-08-17 00:00:00+09:00,994.8520977701319,994.8520977701319,980.151534126106,993.8264770507812,113340
2012-08-20 00:00:00+09:00,991.4337886298036,1011.946211842834,990.7500411893693,1003.0574951171875,193100
2012-08-21 00:00:00+09:00,1004.7664089402434,1016.7319837319782,1003.0570411128527,1012.9713745117188,180280
2012-08-22 00:00:00+09:00,1010.5787331246041,1024.2536821520007,1007.1599958677549,1011.9462280273438,167000
2012-08-23 00:00:00+09:00,1010.9201547082745,1022.8857297555486,1003.0570625343514,1020.4926147460938,179680
2012-08-24 00:00:00+09:00,1018.0997295213338,1020.8347187208539,1009.5528882728337,1019.4672241210938,132100
2012-08-27 00:00:00+09:00,1022.5441165954753,1023.9116112348541,1015.3647697387369,1020.1510009765625,132660
2012-08-28 00:00:00+09:00,1023.2276297898843,1025.2788712796066,1018.4413996471985,1023.911376953125,246140
2012-08-29 00:00:00+09:00,1024.9549783211783,1030.517827592935,1012.7862455392103,1019.7398071289062,173820
2012-08-30 00:00:00+09:00,1014.8722053232773,1020.7827320415012,1004.0941860135747,1006.8756103515625,190560
2012-08-31 00:00:00+09:00,995.054503002425,1000.2696733535907,967.9356171763632,975.5845336914062,478440
2012-09-03 00:00:00+09:00,1003.0511206629237,1005.8325449143288,985.6672190916426,989.83935546875,332180
2012-09-04 00:00:00+09:00,988.4487259017839,1002.7035263808458,960.6344810645897,994.3592529296875,404260
2012-09-05 00:00:00+09:00,989.839289069767,989.839289069767,978.0182367942588,981.1473388671875,257900
2012-09-06 00:00:00+09:00,976.9751300233784,978.0181639700226,962.0249767881452,963.7633666992188,195800
2012-09-07 00:00:00+09:00,976.9751895231518,993.6637336858248,975.5844775095957,979.408935546875,350100
2012-09-10 00:00:00+09:00,972.8030528552695,985.6671389723692,960.2866447413346,974.5414428710938,259080
2012-09-11 00:00:00+09:00,966.5447563648567,973.1506377932495,956.1144172673942,967.2401123046875,242080
2012-09-12 00:00:00+09:00,967.5877090252251,972.4552001953124,962.0248619736966,972.4552001953125,154980
2012-09-13 00:00:00+09:00,970.3693590826223,978.0182755641049,957.8529502947418,976.6275634765625,182160
2012-09-14 00:00:00+09:00,977.3228450889424,982.1903370246397,971.4123191670242,974.8890991210938,258000
2012-09-18 00:00:00+09:00,973.4985174392235,974.5415515650513,958.20068359375,958.20068359375,170280
2012-09-19 00:00:00+09:00,959.5913435719292,980.4520249539277,957.5052754337294,960.9820556640625,285240
2012-09-20 00:00:00+09:00,959.5912290523073,967.935500609284,952.6376694214936,954.0283813476562,208180
2012-09-21 00:00:00+09:00,953.6808821171063,971.4124624991597,950.204101650037,969.674072265625,285000
2012-09-24 00:00:00+09:00,971.0646411716173,981.8426590292328,966.1971492359199,974.8890991210938,291040
2012-09-25 00:00:00+09:00,961.676923118745,983.5806274414062,961.676923118745,983.5806274414062,208600
2012-09-26 00:00:00+09:00,986.362452675671,990.1869105464614,979.7565708988512,984.9717407226562,194900
2012-09-27 00:00:00+09:00,986.3620502125378,988.4481172908864,974.1933255888372,983.5806274414062,155380
2012-09-28 00:00:00+09:00,983.9284251672124,990.1866271647424,974.8888000596692,978.7132568359375,184160
2012-10-01 00:00:00+09:00,1030.864746632052,1032.2554579259906,1018.6960228100884,1024.9542236328125,1079560
2012-10-02 00:00:00+09:00,1011.7426636080331,1024.9544234764542,1001.6600047610802,1004.09375,636440
2012-10-03 00:00:00+09:00,1004.7893860531157,1007.9184879473987,974.8890790632997,984.9717407226562,476080
2012-10-04 00:00:00+09:00,986.0146567595109,1000.6171305197012,981.4948434527854,999.5740966796875,319200
2012-10-05 00:00:00+09:00,999.5740436435618,1002.0077891411287,994.3588747202041,997.4879760742188,308600
2012-10-09 00:00:00+09:00,997.8355479570637,1006.5274952389196,997.4878700657894,1004.09375,260200
2012-10-10 00:00:00+09:00,1003.3985307801444,1003.3985307801444,990.1867691136006,995.0542602539062,305580
2012-10-11 00:00:00+09:00,995.0542329036504,997.4879784069087,988.4483522519489,991.5774536132812,235400
2012-10-12 00:00:00+09:00,991.9251072754411,1009.3090033019998,990.5343955933164,1008.6136474609375,333420
2012-10-15 00:00:00+09:00,1011.7427347103076,1018.6962930244678,1010.3520230474755,1017.6532592773438,431780
2012-10-16 00:00:00+09:00,1017.6534790987903,1029.474530786306,1015.2197331631252,1028.7791748046875,276320
2012-10-17 00:00:00+09:00,1029.1266792793647,1034.3418482621994,1027.3882896184198,1031.5604248046875,318760
2012-10-18 00:00:00+09:00,1031.5606556750085,1032.6036897050135,1016.9581792549376,1029.822265625,319940
2012-10-19 00:00:00+09:00,1029.8222087771153,1031.2129207403525,1018.0011570895996,1028.7791748046875,269560
2012-10-22 00:00:00+09:00,1029.1268385283802,1030.1698724863481,1020.0872108926578,1022.1732788085938,315540
2012-10-23 00:00:00+09:00,1022.8685597669358,1037.4710341075922,1022.1732038459522,1036.080322265625,293700
2012-10-24 00:00:00+09:00,1036.0805050006848,1037.8188951097463,1029.1269445644386,1031.2130126953125,311680
2012-10-25 00:00:00+09:00,1031.212577365092,1049.9871826171875,1029.1265101148592,1049.9871826171875,218340
2012-10-26 00:00:00+09:00,1049.9872870328716,1053.4640661290068,1036.4278485579437,1038.513916015625,305760
2012-10-29 00:00:00+09:00,1040.2527247219934,1056.9412711079076,1040.2527247219934,1055.202880859375,165840
2012-10-30 00:00:00+09:00,1055.202880859375,1058.6796613564404,1046.5109296167113,1055.202880859375,252560
2012-10-31 00:00:00+09:00,1055.2028939096551,1058.6796744497199,1053.4645036396228,1056.9412841796875,188280
2012-11-01 00:00:00+09:00,1056.9412408387623,1069.109972229998,1055.2028506400143,1067.37158203125,204240
2012-11-02 00:00:00+09:00,1069.1096727621932,1069.1096727621932,1043.0338270850666,1044.772216796875,330300
2012-11-05 00:00:00+09:00,1044.7725394493225,1048.2493199466578,1033.6468418578488,1035.73291015625,373320
2012-11-06 00:00:00+09:00,1036.0805057380385,1055.2027969513244,1034.6897936497994,1040.947998046875,428380
2012-11-07 00:00:00+09:00,1041.295661964919,1043.0340520516718,1027.7362192882472,1029.474609375,175360
2012-11-08 00:00:00+09:00,1029.822299482395,1029.822299482395,1002.0080577678132,1016.6105346679688,317180
2012-11-09 00:00:00+09:00,1012.0906498262917,1016.2627857925972,1004.4417338880648,1008.9615478515625,191060
2012-11-12 00:00:00+09:00,1006.1799776664403,1011.047468919837,995.4019613196332,999.5740966796875,120340
2012-11-13 00:00:00+09:00,1002.7034954919188,1025.997924825469,1002.7034954919188,1021.1304321289062,223180
2012-11-14 00:00:00+09:00,1019.0441231714536,1022.1732248802708,1011.395207883234,1015.2196655273438,106220
2012-11-15 00:00:00+09:00,1013.4812756891121,1015.2196655273438,1001.6602247891361,1015.2196655273438,135860
2012-11-16 00:00:00+09:00,1016.2627530467753,1028.0838045704122,1013.1336511728715,1022.1732788085938,163260
2012-11-19 00:00:00+09:00,1028.7792400933085,1035.385122337909,1017.3058656684761,1027.7362060546875,123300
2012-11-20 00:00:00+09:00,1030.8650020041273,1039.5569497444656,1022.5207321734024,1038.513916015625,156360
2012-11-21 00:00:00+09:00,1046.5106065086834,1051.7257756441088,1036.775624122556,1044.772216796875,127720
2012-11-22 00:00:00+09:00,1048.249086477162,1048.249086477162,1035.0373235298546,1037.4710693359375,113740
2012-11-26 00:00:00+09:00,1046.5103759765625,1056.9407119497507,1041.2952079899683,1046.5103759765625,144560
2012-11-27 00:00:00+09:00,1046.5107555484299,1051.725925426578,1038.514161735269,1048.2491455078125,152480
2012-11-28 00:00:00+09:00,1049.9873184077996,1055.2024872078382,1044.7721496077609,1051.7257080078125,82180
2012-11-29 00:00:00+09:00,1048.2492444837417,1056.9411951013515,1020.4350025073902,1029.126953125,383800
2012-11-30 00:00:00+09:00,1032.6036293275895,1041.9909350487494,1028.083815461846,1034.689697265625,194340
2012-12-03 00:00:00+09:00,1040.6001085069445,1041.2954644097222,1029.4744140625,1032.603515625,138000
2012-12-04 00:00:00+09:00,1032.9514857583815,1038.5143345541185,1022.1734662166415,1035.73291015625,170860
2012-12-05 00:00:00+09:00,1034.3418402339807,1043.0337884712412,1030.1697050800958,1033.646484375,148940
2012-12-06 00:00:00+09:00,1037.1234099121093,1053.4642749023437,1033.9943081054687,1043.033935546875,235880
2012-12-07 00:00:00+09:00,1044.7723242347854,1067.3713928122434,1043.0339343442117,1058.679443359375,202460
2012-12-10 00:00:00+09:00,1070.8478203251211,1077.8013775999596,1062.1558737315731,1076.06298828125,163760
2012-12-11 00:00:00+09:00,1074.3250156837175,1100.4008655789532,1072.5866256907018,1098.6624755859375,254560
2012-12-12 00:00:00+09:00,1100.4006072949683,1100.4006072949683,1083.0167114451267,1096.923828125,190420
2012-12-13 00:00:00+09:00,1098.6624369959677,1098.6624369959677,1072.586588016633,1077.8017578125,327760
2012-12-14 00:00:00+09:00,1079.5399706951982,1084.7551396357549,1065.6328535203809,1070.8480224609375,393340
2012-12-17 00:00:00+09:00,1074.3247603996738,1074.3247603996738,1056.9408646003262,1065.6328125,267060
2012-12-18 00:00:00+09:00,1063.8944229200652,1076.0631499796084,1060.4176437601957,1065.6328125,150080
2012-12-19 00:00:00+09:00,1060.4178600654664,1067.3714198036007,1051.7259103927986,1062.15625,205760
2012-12-20 00:00:00+09:00,1062.15625,1074.3249795417348,1051.7259103927986,1062.15625,182600
2012-12-21 00:00:00+09:00,1069.109972229998,1077.8019232237377,1060.418021236258,1067.37158203125,133500
2012-12-25 00:00:00+09:00,1067.3713928122434,1070.8481725933907,1058.679443359375,1058.679443359375,123840
2012-12-26 00:00:00+09:00,1063.8946932164633,1070.8482533028455,1060.4179131732724,1069.10986328125,84860
2012-12-27 00:00:00+09:00,1076.0635330249897,1076.0635330249897,1067.37158203125,1067.37158203125,108920
2012-12-28 00:00:00+09:00,1069.1095947652536,1100.4006072949683,1063.894426010301,1096.923828125,197600
2013-01-04 00:00:00+09:00,1107.354246421979,1109.0926361337874,1043.0338270850666,1044.772216796875,623620
2013-01-07 00:00:00+09:00,1046.5105217918356,1048.2489113629183,1032.6034052231732,1040.2523193359375,572020
2013-01-08 00:00:00+09:00,1040.5998522584225,1048.2487653054272,1035.0370064060553,1046.5103759765625,651740
2013-01-09 00:00:00+09:00,1043.034065436931,1044.7724555459924,1025.9978423681277,1031.2130126953125,331980
2013-01-10 00:00:00+09:00,1031.2129207403525,1033.6466666760175,1018.6965130712181,1028.7791748046875,273580
2013-01-11 00:00:00+09:00,1030.5173548876548,1055.2024872078382,1025.9975419276213,1051.7257080078125,348260
2013-01-15 00:00:00+09:00,1060.4175188683516,1060.4175188683516,1044.7720144916054,1049.9871826171875,263600
2013-01-16 00:00:00+09:00,1037.8186579496412,1055.2025550677256,1023.2161843704504,1044.772216796875,587600
2013-01-17 00:00:00+09:00,1043.033531868812,1053.4638671875,1035.0369414578176,1053.4638671875,312040
2013-01-18 00:00:00+09:00,1053.4641653559172,1056.9409447795342,1040.6000814885347,1044.772216796875,321080
2013-01-21 00:00:00+09:00,1048.2486995281558,1058.679034846844,1044.7719210885932,1053.4638671875,196020
2013-01-22 00:00:00+09:00,1056.9410953047263,1058.6794852641092,1043.0339756296642,1048.2491455078125,266480
2013-01-23 00:00:00+09:00,1058.6796613564404,1067.371612599104,1051.7261003623096,1055.202880859375,198740
2013-01-24 00:00:00+09:00,1053.4639613675756,1055.2023507427696,1043.0336251164115,1049.9871826171875,246460
2013-01-25 00:00:00+09:00,1053.4641259924158,1072.5864121077896,1051.7257363455635,1070.8480224609375,256540
2013-01-28 00:00:00+09:00,1072.5865478515625,1081.278497185854,1069.109768117846,1072.5865478515625,203240
2013-01-29 00:00:00+09:00,1076.0633678805443,1081.2785376764111,1074.3249779485886,1077.8017578125,169040
2013-01-30 00:00:00+09:00,1083.016912764045,1093.447252212816,1079.540132947788,1091.7088623046875,283360
2013-01-31 00:00:00+09:00,1086.4939613947793,1100.4010841006325,1084.7555710565475,1095.1859130859375,341520
2013-02-01 00:00:00+09:00,1098.6623938853347,1110.831122931533,1096.924004021592,1103.8775634765625,316960
2013-02-04 00:00:00+09:00,1119.5228271484375,1128.2147745641862,1114.3076586989882,1119.5228271484375,239240
2013-02-05 00:00:00+09:00,1124.738499273256,1128.2152797965116,1116.0465479651164,1121.26171875,230880
2013-02-06 00:00:00+09:00,1122.999782986111,1133.4301215277778,1117.7846137152778,1126.4765625,312560
2013-02-07 00:00:00+09:00,1128.214869989413,1135.168428510149,1116.046142578125,1116.046142578125,230640
2013-02-08 00:00:00+09:00,1122.9996595785651,1129.9532178422094,1109.0925430512764,1110.8309326171875,198980
2013-02-12 00:00:00+09:00,1112.569363317757,1129.953259619597,1112.569363317757,1116.046142578125,124780
2013-02-13 00:00:00+09:00,1119.523306572851,1121.2616968004486,1098.6626238416798,1102.139404296875,158180
2013-02-14 00:00:00+09:00,1109.0927330677905,1117.7846823865034,1103.8775634765625,1103.8775634765625,147840
2013-02-15 00:00:00+09:00,1100.4008104932177,1109.09276002318,1093.447250869248,1107.3543701171875,172380
2013-02-18 00:00:00+09:00,1107.3545966569768,1121.26171875,1102.1394258720932,1121.26171875,89820
2013-02-19 00:00:00+09:00,1124.7383079587587,1133.4302577884246,1122.9999179928254,1128.215087890625,169800
2013-02-20 00:00:00+09:00,1126.4765625,1135.1685112847222,1122.999782986111,1126.4765625,184060
2013-02-21 00:00:00+09:00,1129.9533961009395,1140.383735141871,1126.4766164206287,1133.43017578125,212540
2013-02-22 00:00:00+09:00,1131.691799379965,1136.9069689623611,1124.7382399367702,1135.1685791015625,167320
2013-02-25 00:00:00+09:00,1152.5524640229582,1154.2908538631134,1133.43017578125,1133.43017578125,558780
2013-02-26 00:00:00+09:00,1108.5586944580077,1140.536349105835,1105.0056217193603,1136.9832763671875,348140
2013-02-27 00:00:00+09:00,1133.43017578125,1135.2067121069258,1113.8882761988145,1133.43017578125,170680
2013-02-28 00:00:00+09:00,1151.1954538445725,1220.4803654185514,1147.6423814561633,1215.1507568359375,625580
2013-03-01 00:00:00+09:00,1206.2682356482762,1208.0447720778022,1188.5028713530144,1204.49169921875,383500
2013-03-04 00:00:00+09:00,1209.8211943527747,1247.1284558526402,1208.0446580908765,1236.46923828125,231460
2013-03-05 00:00:00+09:00,1268.4468430210168,1284.4356687733825,1252.458017268651,1261.3406982421875,283400
2013-03-06 00:00:00+09:00,1270.2235899049515,1309.3073926712577,1252.458225011176,1303.977783203125,355880
2013-03-07 00:00:00+09:00,1492.2905328300562,1499.396678224485,1415.899469839946,1423.005615234375,851480
2013-03-08 00:00:00+09:00,1417.6761510512408,1454.9834181841682,1391.0281030991498,1449.65380859375,601620
2013-03-11 00:00:00+09:00,1403.4639046323812,1463.8661486292178,1394.5812216916697,1447.8773193359375,280400
2013-03-12 00:00:00+09:00,1444.3241715114884,1451.4303174967847,1430.1118795408956,1446.1007080078125,172900
2013-03-13 00:00:00+09:00,1449.6538049224625,1488.7376084865484,1408.7934648327362,1417.6761474609375,423460
2013-03-14 00:00:00+09:00,1396.3575060295336,1415.8994049688783,1392.8044334951073,1407.0167236328125,290120
2013-03-15 00:00:00+09:00,1421.2289205411585,1462.0892520067168,1421.2289205411585,1456.7596435546875,365340
2013-03-18 00:00:00+09:00,1456.7599547143077,1470.9722469554229,1446.1007355334712,1449.65380859375,176800
2013-03-19 00:00:00+09:00,1474.5252964201006,1536.7040739799845,1472.7487599183896,1533.1510009765625,283700
2013-03-21 00:00:00+09:00,1527.8212419924141,1534.9273873040067,1486.9609064507567,1529.5977783203125,318720
2013-03-22 00:00:00+09:00,1545.586435546875,1611.3182724609376,1540.2568271484377,1554.4691162109375,400300
2013-03-25 00:00:00+09:00,1563.352401093405,1616.6485056761348,1561.5758642739806,1609.5423583984375,247520
2013-03-26 00:00:00+09:00,1627.3076908213568,1668.168036769928,1625.5311540409841,1661.0618896484375,353220
2013-03-27 00:00:00+09:00,1685.9334888726894,1691.2630994802953,1629.0843090582257,1639.7435302734375,242500
2013-03-28 00:00:00+09:00,1641.519540185179,1655.7318305763927,1621.9776408972602,1650.4022216796875,198580
2013-03-29 00:00:00+09:00,1652.178682787665,1655.7317552237673,1620.2010308627423,1648.6256103515625,118680
2013-04-01 00:00:00+09:00,1634.4134848458425,1634.4134848458425,1588.2235385349818,1591.776611328125,206700
2013-04-02 00:00:00+09:00,1616.6479399105563,1661.061344853154,1542.033419606992,1630.8602294921875,379240
2013-04-03 00:00:00+09:00,1581.1172162072132,1694.8155328782937,1581.1172162072132,1677.0501708984375,307440
2013-04-04 00:00:00+09:00,1669.9441800073566,1739.2290981140447,1636.1899891348676,1735.676025390625,214520
2013-04-05 00:00:00+09:00,1511.8324466099164,1614.87155577957,1486.9609375,1486.9609375,800500
2013-04-08 00:00:00+09:00,1421.2290101735705,1526.0446496738714,1394.580966232816,1522.4915771484375,1045980
2013-04-09 00:00:00+09:00,1547.3632685823259,1547.3632685823259,1486.961028476931,1506.5029296875,608760
2013-04-10 00:00:00+09:00,1506.502941313244,1510.0560142880395,1474.5252845400857,1492.2906494140625,334060
2013-04-11 00:00:00+09:00,1492.2905551792608,1513.6089916818216,1476.30172780234,1495.8436279296875,274420
2013-04-12 00:00:00+09:00,1481.6313369279803,1506.502846180968,1478.0782641775534,1495.8436279296875,238980
2013-04-15 00:00:00+09:00,1485.184401135006,1502.9497647849462,1479.854792040024,1486.9609375,124540
2013-04-16 00:00:00+09:00,1463.8660084934481,1515.3855646176107,1453.2067899850008,1508.2794189453125,194840
2013-04-17 00:00:00+09:00,1513.6086815155704,1545.5863297166036,1510.0556094932335,1526.04443359375,174240
2013-04-18 00:00:00+09:00,1513.6090254993837,1561.575508701829,1510.055952669573,1531.3743896484375,220940
2013-04-19 00:00:00+09:00,1554.4693714744628,1554.4693714744628,1526.044788681787,1540.257080078125,161760
2013-04-22 00:00:00+09:00,1554.4697247854406,1613.0954401202057,1554.4697247854406,1586.4473876953125,242540
2013-04-23 00:00:00+09:00,1581.1173929486956,1602.4358297075544,1556.2458833966937,1591.776611328125,228080
2013-04-24 00:00:00+09:00,1616.6482134007697,1671.7208448462904,1605.988994411314,1666.3912353515625,236140
2013-04-25 00:00:00+09:00,1677.0506117724867,1691.2629050925925,1653.9556351273147,1678.8271484375,221080
2013-04-26 00:00:00+09:00,1678.827257452164,1687.7099413540273,1657.5088160876921,1661.0618896484375,131160
2013-04-30 00:00:00+09:00,1669.9444451311972,1694.8159581437894,1639.743322187335,1684.15673828125,171040
2013-05-01 00:00:00+09:00,1669.9439890008223,1698.3685675370064,1653.9551635742187,1687.7093505859375,103220
2013-05-02 00:00:00+09:00,1689.485663986206,1712.5806310017904,1675.2733765920004,1705.4744873046875,142840
2013-05-07 00:00:00+09:00,1709.028037331321,1808.5140769264915,1705.4749644886365,1797.8548583984375,328600
2013-05-08 00:00:00+09:00,1776.5365585188572,1794.3019241040458,1741.0058273484801,1760.5477294921875,174020
2013-05-09 00:00:00+09:00,1762.3243464313075,1764.1008830708552,1735.6762968380922,1739.2293701171875,106280
2013-05-10 00:00:00+09:00,1769.4303092184339,1774.7599185835495,1732.1230436626233,1755.218017578125,135440
2013-05-13 00:00:00+09:00,1748.1119146671829,1753.4415241631193,1694.8158197078174,1721.4638671875,222740
2013-05-14 00:00:00+09:00,1707.2516418140788,1737.4527634694787,1677.0505201586789,1714.3577880859375,215400
2013-05-15 00:00:00+09:00,1764.1008830708552,1764.1008830708552,1721.4640037217105,1739.2293701171875,373580
2013-05-16 00:00:00+09:00,1744.5587715424297,1744.5587715424297,1664.614632316962,1673.497314453125,255300
2013-05-17 00:00:00+09:00,1693.039015669625,1707.2513054129167,1668.1675086188645,1671.7205810546875,250220
2013-05-20 00:00:00+09:00,1675.2735886225373,1730.3462092453353,1666.3909078769248,1701.921630859375,167980
2013-05-21 00:00:00+09:00,1703.6981572634525,1703.6981572634525,1671.7205067621571,1693.0389404296875,126540
2013-05-22 00:00:00+09:00,1684.1560562133789,1719.6867746988933,1678.8264484405518,1705.4744873046875,128440
2013-05-23 00:00:00+09:00,1680.603610007856,1703.6985856210717,1584.670634383729,1590.000244140625,218720
2013-05-24 00:00:00+09:00,1575.7881667253553,1632.6373452317941,1529.5982091888736,1586.4473876953125,195480
2013-05-27 00:00:00+09:00,1536.7034675214934,1581.1168625365653,1511.831966313053,1556.245361328125,122080
2013-05-28 00:00:00+09:00,1506.5026415575733,1589.9998398514483,1504.726105423661,1577.5640869140625,259800
2013-05-29 00:00:00+09:00,1595.3295147235578,1634.413311298077,1563.3518629807693,1616.64794921875,184860
2013-05-30 00:00:00+09:00,1552.692664364004,1614.871432387734,1534.9273020715095,1565.12841796875,137700
2013-05-31 00:00:00+09:00,1630.8600952148438,1645.072383626302,1577.564013671875,1598.8824462890625,241760
2013-06-03 00:00:00+09:00,1575.7877457104871,1616.6480818450318,1565.1285275884318,1602.435791015625,194520
2013-06-04 00:00:00+09:00,1593.5533197191028,1595.3298563074184,1508.2795634799534,1534.9276123046875,190920
2013-06-05 00:00:00+09:00,1545.5861465245077,1611.3179711468144,1534.9269317208905,1556.245361328125,209960
2013-06-06 00:00:00+09:00,1550.9161284134684,1579.3407080865675,1515.3854038220945,1542.033447265625,145680
2013-06-07 00:00:00+09:00,1492.2906332360692,1508.2794614493127,1453.2068309370293,1474.5252685546875,184340
2013-06-10 00:00:00+09:00,1492.2906096383426,1591.7766502808988,1492.2906096383426,1581.117431640625,253880
2013-06-11 00:00:00+09:00,1591.7767255892256,1607.7655543060816,1558.0225316314184,1582.89404296875,111040
2013-06-12 00:00:00+09:00,1542.03347463813,1577.5641998602066,1520.7150395048839,1568.6815185546875,121940
2013-06-13 00:00:00+09:00,1566.9049638571198,1586.4468624993287,1526.0446303325011,1550.9161376953125,207500
2013-06-14 00:00:00+09:00,1566.9051179465453,1582.8939456806936,1531.3743896484375,1531.3743896484375,280820
2013-06-17 00:00:00+09:00,1531.3744611140778,1618.4247495068735,1520.7152421272049,1611.318603515625,157720
2013-06-18 00:00:00+09:00,1611.318525943196,1648.625790601197,1602.435843881767,1632.636962890625,204580
2013-06-19 00:00:00+09:00,1653.9553998380543,1669.9442275486263,1598.8827710571954,1632.636962890625,83720
2013-06-20 00:00:00+09:00,1600.6593376529374,1625.5308478939376,1584.670509640866,1613.0950927734375,152240
2013-06-21 00:00:00+09:00,1577.5646609709224,1678.827257452164,1566.9054402886863,1661.0618896484375,290140
2013-06-24 00:00:00+09:00,1661.0615171808972,1662.838053562909,1623.7542531586525,1629.0838623046875,103700
2013-06-25 00:00:00+09:00,1627.3072509765625,1662.8379769804176,1604.2122790740568,1627.3072509765625,111420
2013-06-26 00:00:00+09:00,1664.6146267977629,1675.2738453258169,1627.307361949574,1641.5196533203125,100740
2013-06-27 00:00:00+09:00,1623.7543053963966,1666.3911799363457,1600.6593316872575,1659.2850341796875,145240
2013-06-28 00:00:00+09:00,1668.1674344842356,1701.9216211244916,1637.9663201219012,1693.0389404296875,186140
2013-07-01 00:00:00+09:00,1691.2626731178977,1726.7934015447443,1680.6034545898438,1719.687255859375,248820
2013-07-02 00:00:00+09:00,1758.7712033965884,1847.5980318509614,1755.2181302584133,1801.4080810546875,455740
2013-07-03 00:00:00+09:00,1797.8549181349736,1847.5979395853483,1771.2068709294156,1836.938720703125,295700
2013-07-04 00:00:00+09:00,1836.9382893409802,1876.022082731214,1812.066784456286,1844.04443359375,251800
2013-07-05 00:00:00+09:00,1833.3856201171875,1854.7040575604108,1812.0671826739645,1833.3856201171875,224640
2013-07-08 00:00:00+09:00,1840.491777420044,1851.150996208191,1780.0895376205444,1819.17333984375,309800
2013-07-09 00:00:00+09:00,1840.491389817458,1861.8098229041466,1801.4075958251954,1847.5975341796875,209300
2013-07-10 00:00:00+09:00,1847.5977680701337,1876.0223491173665,1836.9385501774213,1861.81005859375,180540
2013-07-11 00:00:00+09:00,1836.9384962280515,1851.1507863342645,1783.642408329752,1808.513916015625,274980
2013-07-12 00:00:00+09:00,1822.7262624602497,1844.0446982784981,1797.8547540056263,1815.6201171875,149200
2013-07-16 00:00:00+09:00,1783.6422792549952,1847.597580104776,1780.089206985563,1822.72607421875,296440
2013-07-17 00:00:00+09:00,1819.1734068627452,1826.2795529833027,1790.7488223805146,1812.0672607421875,124260
2013-07-18 00:00:00+09:00,1808.5142273310373,1822.726519883737,1790.7488616401627,1801.4080810546875,640180
2013-07-19 00:00:00+09:00,1812.0667519144492,1812.0667519144492,1776.5360312886758,1794.3013916015625,146020
2013-07-22 00:00:00+09:00,1797.8548638501215,1847.5978837985438,1783.6425724362864,1829.83251953125,169780
2013-07-23 00:00:00+09:00,1829.8322187576146,1840.4914355659114,1808.5137851410211,1822.72607421875,123180
2013-07-24 00:00:00+09:00,1822.726519883737,1822.726519883737,1794.3019347783375,1801.4080810546875,131000
2013-07-25 00:00:00+09:00,1808.513679851872,1819.172896039604,1790.7483195389852,1794.3013916015625,92600
2013-07-26 00:00:00+09:00,1794.3016174316408,1808.5139074707033,1774.7597186279297,1776.5362548828125,129220
2013-07-29 00:00:00+09:00,1762.3241830583756,1776.5364748572335,1723.2403806115165,1749.888427734375,179920
2013-07-30 00:00:00+09:00,1728.5704047007314,1760.5480689192443,1723.2407939976458,1756.9949951171875,192260
2013-07-31 00:00:00+09:00,1741.0056430793343,1760.5475431547145,1717.9106702629756,1744.5587158203125,187720
2013-08-01 00:00:00+09:00,1733.8995472301137,1801.4079312411222,1728.5699379660866,1797.8548583984375,203220
2013-08-02 00:00:00+09:00,1787.1956398703835,1801.4079312411222,1741.005692915483,1797.8548583984375,163780
2013-08-05 00:00:00+09:00,1780.089213955787,1783.6422862391319,1755.2177079723729,1762.3238525390625,166440
2013-08-06 00:00:00+09:00,1762.3241796092186,1776.5364713802605,1746.3353513667962,1772.9833984375,148960
2013-08-07 00:00:00+09:00,1758.770817569013,1797.8546135149911,1748.1116004928372,1751.6646728515625,215160
2013-08-08 00:00:00+09:00,1746.3353271484375,1797.8548841039865,1739.2291813614652,1746.3353271484375,155200
2013-08-09 00:00:00+09:00,1753.4412848063319,1760.5474298308764,1726.7932409642904,1730.3463134765625,105540
2013-08-12 00:00:00+09:00,1716.1336919175392,1716.1336919175392,1661.0610786158377,1696.591796875,160220
2013-08-13 00:00:00+09:00,1703.6984524266038,1748.1118635951807,1703.6984524266038,1746.3353271484375,126120
2013-08-14 00:00:00+09:00,1764.10051994362,1787.1954915038082,1737.4524758357102,1771.2066650390625,86800
2013-08-15 00:00:00+09:00,1772.9833398741725,1772.9833398741725,1705.4749561915887,1710.8045654296875,128980
2013-08-16 00:00:00+09:00,1694.8156824837884,1723.2402641606654,1675.2737825809354,1703.6983642578125,87940
2013-08-19 00:00:00+09:00,1698.3685302734375,1710.8042831101677,1657.508199524181,1698.3685302734375,140880
2013-08-20 00:00:00+09:00,1680.603271484375,1710.8043873567158,1675.2736628010207,1680.603271484375,81980
2013-08-21 00:00:00+09:00,1671.720694387061,1691.2625941089077,1645.0726493118157,1662.8380126953125,88360
2013-08-22 00:00:00+09:00,1659.2853528680648,1696.5926252558907,1650.4026689662014,1661.0618896484375,115820
2013-08-23 00:00:00+09:00,1685.9331146395145,1762.3241830583756,1662.8381404663705,1749.888427734375,210700
2013-08-26 00:00:00+09:00,1749.8883075478636,1749.8883075478636,1717.9106531967352,1726.7933349609375,128480
2013-08-27 00:00:00+09:00,1712.5808477541102,1723.2400646488454,1693.0389501137624,1701.921630859375,116860
2013-08-28 00:00:00+09:00,1664.221416766827,1698.3316723424145,1664.221416766827,1680.37890625,67780
2013-08-29 00:00:00+09:00,1680.3785450137148,1728.8510030429566,1666.0163352272727,1718.079345703125,96540
2013-08-30 00:00:00+09:00,1716.284193924642,1718.0794702781197,1660.6306269668348,1662.4259033203125,146700
2013-09-02 00:00:00+09:00,1664.2214925217527,1683.9695361223344,1637.292342157323,1673.1978759765625,51800
2013-09-03 00:00:00+09:00,1669.6068472417605,1685.7643328602292,1664.2210187022708,1674.99267578125,102600
2013-09-04 00:00:00+09:00,1669.6066031200812,1727.0554324747507,1669.6066031200812,1710.89794921875,199000
2013-09-05 00:00:00+09:00,1685.7648326671265,1705.5128765002878,1635.4970847281706,1657.0404052734375,191600
2013-09-06 00:00:00+09:00,1639.0872166922825,1657.0399791971267,1583.4336529272653,1592.4100341796875,208800
2013-09-09 00:00:00+09:00,1640.8825132308468,1678.5833149571574,1628.3155793220767,1669.60693359375,122000
2013-09-10 00:00:00+09:00,1671.402424826551,1698.3315723801472,1669.6071483229778,1683.9693603515625,145000
2013-09-11 00:00:00+09:00,1683.968761817588,1687.5593135485424,1630.1104858532728,1631.90576171875,116800
2013-09-12 00:00:00+09:00,1639.087185314874,1646.268290179342,1621.1344231537034,1624.7249755859375,81000
2013-09-13 00:00:00+09:00,1626.5199341223185,1653.449072104476,1622.9293823913642,1631.90576171875,126400
2013-09-17 00:00:00+09:00,1615.7485926996926,1633.7013548408001,1567.2761349187017,1569.0714111328125,183200
2013-09-18 00:00:00+09:00,1569.0715009064952,1610.3628561935084,1565.480948272842,1601.386474609375,97200
2013-09-19 00:00:00+09:00,1624.7249637029865,1633.7013447179202,1610.3627540790928,1622.9296875,105000
2013-09-20 00:00:00+09:00,1637.291996518154,1639.0872728301258,1613.9534044625225,1619.3392333984375,106800
2013-09-24 00:00:00+09:00,1633.7014585552795,1666.0164324607686,1617.5439716025348,1658.8353271484375,164800
2013-09-25 00:00:00+09:00,1662.425548313267,1698.3310677152815,1653.4491684627635,1682.173583984375,161200
2013-09-26 00:00:00+09:00,1683.9690773292825,1698.331286944031,1664.221039109003,1696.5360107421875,130600
2013-09-27 00:00:00+09:00,1696.5361679656596,1716.2842080160535,1692.9456152292244,1701.9219970703125,145600
2013-09-30 00:00:00+09:00,1701.9218305632696,1709.102935333579,1666.016306711724,1676.7879638671875,103800
2013-10-01 00:00:00+09:00,1603.181849790423,1606.7724026454969,1552.914109819391,1597.7960205078125,413600
2013-10-02 00:00:00+09:00,1617.5439339342545,1621.1344865068056,1543.9376061969579,1560.0950927734375,406000
2013-10-03 00:00:00+09:00,1561.8903251781799,1570.8667063573648,1527.780076697277,1534.961181640625,368200
2013-10-04 00:00:00+09:00,1531.370692210478,1547.5281789981618,1488.2840607766545,1525.98486328125,265000
2013-10-07 00:00:00+09:00,1522.394094613882,1547.527959383451,1468.5358129648062,1493.669677734375,367000
2013-10-08 00:00:00+09:00,1481.102767148854,1522.3941170208827,1461.354730253536,1515.2130126953125,230200
2013-10-09 00:00:00+09:00,1525.98480046144,1558.2997727065058,1506.2367618672333,1534.961181640625,241600
2013-10-10 00:00:00+09:00,1527.780146972089,1551.1187391114981,1513.4179364247602,1545.73291015625,203600
2013-10-11 00:00:00+09:00,1547.5280965634834,1572.661963561034,1545.7328203493726,1569.0714111328125,184200
2013-10-15 00:00:00+09:00,1583.4336844950194,1587.0242370675705,1543.9376061969579,1560.0950927734375,123400
2013-10-16 00:00:00+09:00,1567.276090116279,1572.6619186046512,1533.1658430232558,1543.9375,106400
2013-10-17 00:00:00+09:00,1552.9141207289422,1565.4810558099857,1549.3235678486442,1561.8905029296875,110200
2013-10-18 00:00:00+09:00,1569.071454572248,1596.0005985294376,1558.2997969893722,1594.205322265625,175200
2013-10-21 00:00:00+09:00,1590.614914797665,1603.181849790423,1579.8432562324438,1597.7960205078125,91800
2013-10-22 00:00:00+09:00,1597.7957911929802,1597.7957911929802,1574.4572009845435,1581.6383056640625,76400
2013-10-23 00:00:00+09:00,1590.6147257021419,1604.9769354150278,1563.6855824904803,1569.0714111328125,145200
2013-10-24 00:00:00+09:00,1567.2760992214407,1570.8666515678817,1536.7564042766933,1563.685546875,159400
2013-10-25 00:00:00+09:00,1565.4805913934126,1567.2758673009737,1520.5986937043813,1529.5750732421875,215600
2013-10-28 00:00:00+09:00,1551.1186224489795,1596.0005270337301,1549.3233462655896,1583.43359375,201600
2013-10-29 00:00:00+09:00,1574.4573414152173,1612.1581443453422,1570.8667887552053,1603.1817626953125,177200
2013-10-30 00:00:00+09:00,1612.158384076287,1696.5363841337316,1608.567830882353,1678.5836181640625,676000
2013-10-31 00:00:00+09:00,1653.4491824480444,1667.8113903303292,1642.6775265363308,1648.0633544921875,198000
2013-11-01 00:00:00+09:00,1646.2683946154552,1646.2683946154552,1588.819552055265,1603.1817626953125,128800
2013-11-05 00:00:00+09:00,1603.1816797536328,1603.1816797536328,1578.047812433867,1590.61474609375,94200
2013-11-06 00:00:00+09:00,1590.6144776495332,1612.1577888592335,1579.8428220446833,1587.02392578125,82600
2013-11-07 00:00:00+09:00,1601.3864473577748,1603.1817236440504,1556.5045402008864,1560.0950927734375,106600
2013-11-08 00:00:00+09:00,1552.9139047432388,1558.2997333146027,1534.9611428386927,1547.528076171875,80800
2013-11-11 00:00:00+09:00,1563.6856733404106,1565.4809496588268,1529.5754232905051,1545.73291015625,80200
2013-11-12 00:00:00+09:00,1547.528025824903,1572.6618916735672,1545.7327496928554,1558.2996826171875,100800
2013-11-13 00:00:00+09:00,1567.2761263001973,1569.0714025044358,1525.984773602712,1549.3233642578125,136600
2013-11-14 00:00:00+09:00,1551.118844288793,1579.8432673311781,1549.3235678486442,1561.8905029296875,116000
2013-11-15 00:00:00+09:00,1587.0241580328072,1601.386367607765,1576.252500851589,1585.2288818359375,138800
2013-11-18 00:00:00+09:00,1592.4099386343237,1597.7957670626245,1572.6619010638867,1578.0477294921875,69800
2013-11-19 00:00:00+09:00,1570.8665771484375,1581.6382336774552,1538.551607561384,1570.8665771484375,116400
2013-11-20 00:00:00+09:00,1583.4336997908774,1615.7486732559973,1570.866765665553,1599.5911865234375,125000
2013-11-21 00:00:00+09:00,1610.3628443451441,1615.7486732559973,1587.024252398113,1599.5911865234375,117600
2013-11-22 00:00:00+09:00,1597.7957184709821,1597.7957184709821,1552.913816266741,1570.8665771484375,230000
2013-11-25 00:00:00+09:00,1578.047812433867,1597.7958510422543,1578.047812433867,1590.61474609375,72400
2013-11-26 00:00:00+09:00,1579.8431794995704,1594.2053902222938,1558.2998634154853,1567.2762451171875,89600
2013-11-27 00:00:00+09:00,1556.5045605468752,1565.4809420955883,1522.3943106617648,1525.98486328125,225400
2013-11-28 00:00:00+09:00,1520.598982747396,1529.5753639914774,1472.126524029356,1481.1029052734375,385000
2013-11-29 00:00:00+09:00,1475.7170683089873,1484.693449503081,1454.1737534431627,1461.3548583984375,306800
2013-12-02 00:00:00+09:00,1504.441433017225,1504.441433017225,1477.5122904214513,1490.0792236328125,195400
2013-12-03 00:00:00+09:00,1502.6459230894584,1502.6459230894584,1472.1262328952878,1473.9215087890625,160400
2013-12-04 00:00:00+09:00,1459.559462362261,1472.1263950025264,1439.8114253561293,1443.4019775390625,282200
2013-12-05 00:00:00+09:00,1446.9925831441346,1452.3784116173758,1405.701231515952,1414.6776123046875,264400
2013-12-06 00:00:00+09:00,1412.8823361469404,1418.2681646201816,1398.5201268849637,1414.6776123046875,219000
2013-12-09 00:00:00+09:00,1430.8352168568392,1445.1974273146245,1421.8588353207238,1432.6304931640625,154000
2013-12-10 00:00:00+09:00,1445.1974697770745,1463.1502333767896,1441.6069170571313,1457.764404296875,238000
2013-12-11 00:00:00+09:00,1445.1975033085052,1454.1738853166325,1420.0636336857488,1425.449462890625,162400
2013-12-12 00:00:00+09:00,1407.496664131637,1425.4494277047447,1405.7013877743263,1420.0635986328125,105600
2013-12-13 00:00:00+09:00,1418.267993537747,1423.6538213613082,1398.5199581846898,1407.496337890625,248800
2013-12-16 00:00:00+09:00,1394.9296282041876,1402.1107331112876,1375.1815897096624,1385.9532470703125,206800
2013-12-17 00:00:00+09:00,1382.3626946167624,1398.5201806577375,1380.5674183899873,1385.9532470703125,107200
2013-12-18 00:00:00+09:00,1391.339332412779,1400.3157152025387,1382.362949623019,1387.748779296875,162800
2013-12-19 00:00:00+09:00,1398.5203328557038,1407.4967149664594,1366.2053572569841,1371.5911865234375,251800
2013-12-20 00:00:00+09:00,1353.6384223019265,1376.9770157898906,1351.8431458797754,1371.5911865234375,152200
2013-12-24 00:00:00+09:00,1375.181458401774,1387.7483907892577,1360.8192499589356,1366.205078125,203600
2013-12-25 00:00:00+09:00,1360.8193359375,1369.795716781415,1351.842955093585,1360.8193359375,135000
2013-12-26 00:00:00+09:00,1360.819660500919,1376.9771498736213,1359.0243839039522,1373.3865966796875,138400
2013-12-27 00:00:00+09:00,1371.5911071306634,1400.3155282224052,1371.5911071306634,1396.7249755859375,183000
2013-12-30 00:00:00+09:00,1359.0239739035808,1378.7720105124836,1350.047593626807,1366.205078125,428000
2014-01-06 00:00:00+09:00,1355.433715487696,1357.2289919320503,1317.73291015625,1317.73291015625,701400
2014-01-07 00:00:00+09:00,1319.5278082250065,1324.91363601368,1294.3939452111968,1297.9844970703125,416800
2014-01-08 00:00:00+09:00,1294.3942703874143,1314.14231057363,1294.3942703874143,1310.5517578125,246000
2014-01-09 00:00:00+09:00,1310.5517460910708,1315.9375751845957,1299.7800879040208,1308.7564697265625,237400
2014-01-10 00:00:00+09:00,1305.1658817848227,1305.1658817848227,1263.8745265151515,1303.37060546875,459400
2014-01-14 00:00:00+09:00,1303.3705581284626,1321.323320637119,1276.4414143654778,1296.189453125,377000
2014-01-15 00:00:00+09:00,1305.1659169975458,1308.7564697265625,1294.394258810496,1308.7564697265625,271600
2014-01-16 00:00:00+09:00,1314.1422870342549,1314.1422870342549,1297.9847998985877,1306.961181640625,233200
2014-01-17 00:00:00+09:00,1299.7797729998704,1305.1656007885438,1294.3939452111968,1297.9844970703125,292600
2014-01-20 00:00:00+09:00,1308.7563209896011,1326.7090825943967,1303.3704925081624,1323.1185302734375,291400
2014-01-21 00:00:00+09:00,1326.7089590458186,1351.842822951964,1323.1184070592265,1341.0711669921875,295000
2014-01-22 00:00:00+09:00,1342.8665292391213,1342.8665292391213,1321.32321593582,1335.6854248046875,178200
2014-01-23 00:00:00+09:00,1109.480668023722,1114.8664965092742,1084.3468017578125,1084.3468017578125,2189000
2014-01-24 00:00:00+09:00,1073.9342246266592,1075.3704455890486,1045.2098053788716,1054.904296875,2239200
2014-01-27 00:00:00+09:00,1041.6190899238384,1055.622242115162,1007.5088474065117,1017.9214477539062,1212200
2014-01-28 00:00:00+09:00,1030.488483833852,1035.1562017048764,1011.4585571289062,1011.4585571289062,597600
2014-01-29 00:00:00+09:00,1016.8443291929957,1033.360868438362,999.2506243446705,1008.5860595703125,887600
2014-01-30 00:00:00+09:00,998.8915929447268,998.8915929447268,980.5797772581053,986.6837158203125,683200
2014-01-31 00:00:00+09:00,988.8383276367188,990.9926595052084,960.4729580349393,969.4493408203125,717800
2014-02-03 00:00:00+09:00,962.2682808100062,973.7580513271406,936.4162971464539,940.3659057617188,882800
2014-02-04 00:00:00+09:00,905.5374000001549,922.0539425854075,881.8397519430533,905.1783447265625,1066000
2014-02-05 00:00:00+09:00,920.617677041706,928.5168926793493,894.0475880787238,904.1011352539062,899200
2014-02-06 00:00:00+09:00,904.1010095845902,905.5372304099827,876.8128139021323,889.0206909179688,892000
2014-02-07 00:00:00+09:00,908.4095181041166,912.3591247045694,883.6347130649135,897.27880859375,658800
2014-02-10 00:00:00+09:00,910.5639814506573,928.1576861395698,909.1277606597256,918.4631958007812,391800
2014-02-12 00:00:00+09:00,933.5435757971114,942.8790115550825,900.510495422752,901.9467163085938,691000
2014-02-13 00:00:00+09:00,902.6647872381142,926.3624308171578,899.7923455921696,906.9734497070312,558400
2014-02-14 00:00:00+09:00,904.8190480075247,909.4867653186745,862.4505370293945,876.812744140625,657000
2014-02-17 00:00:00+09:00,878.9672146158199,903.7420258120992,872.8632756254323,892.2522583007812,317400
2014-02-18 00:00:00+09:00,891.1751971474798,896.5610263002648,873.2224333048633,893.3295288085938,492400
2014-02-19 00:00:00+09:00,885.0711391283118,891.8931884765625,875.735703178074,891.8931884765625,520800
2014-02-20 00:00:00+09:00,897.2790617358729,912.0003268543886,871.7861392135652,876.453857421875,557600
2014-02-21 00:00:00+09:00,879.6852818811066,896.56087708454,877.8900057956349,891.175048828125,474200
2014-02-24 00:00:00+09:00,892.6113015943959,904.1010689520067,881.8396446966356,890.4569702148438,548200
2014-02-25 00:00:00+09:00,889.020833725527,900.8696574383471,885.7893363493034,894.047607421875,888200
2014-02-26 00:00:00+09:00,895.8611509293632,899.1254223295107,884.980246262205,891.5087890625,624600
2014-02-27 00:00:00+09:00,888.6071124574913,891.1459899216555,871.1976669889364,871.5603637695312,767600
2014-02-28 00:00:00+09:00,871.1975813885125,874.4618520931322,848.710383201132,853.062744140625,737000
2014-03-03 00:00:00+09:00,857.0522951759721,860.6792621466702,838.9174603224814,853.7880249023438,625000
2014-03-04 00:00:00+09:00,846.8971130449378,852.3375655912649,838.555085807236,848.347900390625,586400
2014-03-05 00:00:00+09:00,870.472352074795,895.4984321969454,870.472352074795,884.980224609375,1056400
2014-03-06 00:00:00+09:00,874.4619788995954,897.6745739429691,867.5707397460938,867.5707397460938,832600
2014-03-07 00:00:00+09:00,860.6794618984507,868.2960943046317,856.3271005234901,862.1302490234375,604400
2014-03-10 00:00:00+09:00,856.327189421958,860.3168544298536,848.7105562250664,852.3375244140625,657200
2014-03-11 00:00:00+09:00,852.3373655853843,874.09917066416,848.710398072255,870.8348999023438,510800
2014-03-12 00:00:00+09:00,861.0421194775845,861.0421194775845,852.3373971239779,856.6897583007812,370600
2014-03-13 00:00:00+09:00,852.7000402516109,869.0213936379666,850.1611630581777,854.876220703125,332200
2014-03-14 00:00:00+09:00,848.7103983034124,854.1508495745882,839.6429795181195,840.0056762695312,511200
2014-03-17 00:00:00+09:00,835.2907518958455,843.9954753198577,816.7932146198193,819.3320922851562,646800
2014-03-18 00:00:00+09:00,819.6948365545022,836.0161939195254,819.6948365545022,825.4979858398438,519600
2014-03-19 00:00:00+09:00,820.0573977894699,869.0214617883988,820.0573977894699,862.492919921875,786800
2014-03-20 00:00:00+09:00,862.4928918451754,867.2079497063979,835.2906349535067,838.9176025390625,1067200
2014-03-24 00:00:00+09:00,834.2023243696625,901.6639036447743,834.2023243696625,891.87109375,682000
2014-03-25 00:00:00+09:00,880.2650550690707,898.3998934512107,870.4722423427153,876.275390625,391200
2014-03-26 00:00:00+09:00,887.5189424313998,904.9283863368788,874.8245562503213,882.0784912109375,368800
2014-03-27 00:00:00+09:00,881.3532338035068,904.2031324576718,876.2754785470257,902.3896484375,296400
2014-03-28 00:00:00+09:00,905.6539043837143,933.5815578228597,899.4880588192277,929.95458984375,556200
2014-03-31 00:00:00+09:00,933.5816650390626,933.9443618786271,910.7317641464981,933.5816650390625,359800
2014-04-01 00:00:00+09:00,924.8768236492479,928.8664883787152,911.457042286494,926.6903076171875,549400
2014-04-02 00:00:00+09:00,924.87676869268,924.87676869268,898.0372075619905,900.9387817382812,610000
2014-04-03 00:00:00+09:00,896.2238053643395,899.1253798050172,879.5397523304424,880.9905395507812,753000
2014-04-04 00:00:00+09:00,880.9904592762822,902.3895688264266,880.9904592762822,900.9387817382812,221800
2014-04-07 00:00:00+09:00,878.0888284122242,888.6070341222426,855.9643267463234,863.21826171875,894000
2014-04-08 00:00:00+09:00,859.9541284243267,863.2183996836345,832.0264743169149,835.6534423828125,852800
2014-04-09 00:00:00+09:00,830.5756279708421,832.7518086554818,819.6947245476433,826.2232666015625,467800
2014-04-10 00:00:00+09:00,826.9485047043011,830.5754718301971,801.5597348230286,809.5390625,647400
2014-04-11 00:00:00+09:00,797.9328469669117,810.9899299172794,790.6789119944852,801.559814453125,530200
2014-04-14 00:00:00+09:00,800.8344706596434,817.8812189028514,797.9328964905867,798.2955932617188,213000
2014-04-15 00:00:00+09:00,809.9019387391393,815.7050874269254,791.0417055038347,792.4924926757812,261000
2014-04-16 00:00:00+09:00,797.9330774920267,810.627467361218,792.4926246909446,810.2647705078125,295600
2014-04-17 00:00:00+09:00,809.1764598479704,815.3423046787258,801.1971312434632,807.3629760742188,275000
2014-04-18 00:00:00+09:00,810.9899736602906,814.2542445739501,796.482102932915,812.0780639648438,243000
2014-04-21 00:00:00+09:00,813.8915239851052,822.2335494091949,805.5494985610154,814.9796142578125,357600
2014-04-22 00:00:00+09:00,814.9795606592502,819.6946181975547,794.3058468374535,803.7359619140625,398400
2014-04-23 00:00:00+09:00,810.9898962587464,825.1350688679106,798.2955105838555,813.1660766601562,309200
2014-04-24 00:00:00+09:00,809.5391762093321,833.4771626026188,805.9122085739857,820.7827758789062,321000
2014-04-25 00:00:00+09:00,813.5288900461678,826.585974326891,809.1765286192601,817.5185546875,238600
2014-04-28 00:00:00+09:00,817.1559213196568,819.6947990157232,802.2853519569821,808.0885009765625,257200
2014-04-30 00:00:00+09:00,808.0884380452217,820.7828255369554,802.285289477572,805.549560546875,249200
2014-05-01 00:00:00+09:00,804.4614593845699,814.9796660221499,800.8344915785078,814.2542724609375,343600
2014-05-02 00:00:00+09:00,808.0884107270698,817.1558300574903,806.2749268609857,815.3423461914062,283200
2014-05-07 00:00:00+09:00,805.1868785511363,808.8138464725379,796.8448523319129,801.922607421875,374400
2014-05-08 00:00:00+09:00,803.3734564694338,820.0575101929525,800.4718819088218,816.4305419921875,178000
2014-05-09 00:00:00+09:00,806.2749012853369,819.6946814686736,806.2749012853369,815.7050170898438,254000
2014-05-12 00:00:00+09:00,812.4406621190049,818.9692031538898,804.8240309116393,809.1763916015625,279200
2014-05-13 00:00:00+09:00,816.0675708038834,865.0316250521164,814.6167840113432,856.326904296875,492800
2014-05-14 00:00:00+09:00,848.7105680352537,862.4930473452279,838.9177537886931,843.6328125,216600
2014-05-15 00:00:00+09:00,845.0835330594392,848.710501012484,823.6844221364748,847.985107421875,179000
2014-05-16 00:00:00+09:00,844.3580372864718,844.3580372864718,828.7620769757681,840.0056762695312,176000
2014-05-19 00:00:00+09:00,845.0836514700487,867.2081590836423,843.9955609316753,857.4153442382812,367000
2014-05-20 00:00:00+09:00,862.1303970388291,869.7470307526766,854.1510664814651,861.7677001953125,208800
2014-05-21 00:00:00+09:00,855.2391259272196,855.2391259272196,816.0678682511636,825.4979858398438,495600
2014-05-22 00:00:00+09:00,821.1454231369664,830.5755384203414,810.2645208869183,824.0469970703125,315400
2014-05-23 00:00:00+09:00,830.9382166050035,832.3890035392768,807.3629289230632,813.1660766601562,443200
2014-05-26 00:00:00+09:00,817.8811966110061,826.2232221196772,810.6272613860748,825.1351318359375,169400
2014-05-27 00:00:00+09:00,826.9486208589952,832.389072312015,817.881201770629,820.7827758789062,187400
2014-05-28 00:00:00+09:00,830.5755406338271,833.8398113175409,818.6065481268768,826.5858764648438,232200
2014-05-29 00:00:00+09:00,826.9487505029873,836.0161710128884,819.6948140950664,830.9384155273438,145600
2014-05-30 00:00:00+09:00,838.9175624092352,849.4357679042062,833.8398080323526,842.9072265625,165600
2014-06-02 00:00:00+09:00,852.7000348626697,872.2856588025184,852.7000348626697,868.65869140625,267000
2014-06-03 00:00:00+09:00,877.3634341930411,902.3895098273197,868.658712233292,872.6483764648438,533800
2014-06-04 00:00:00+09:00,868.6587952465901,895.1356604044194,865.3945241997344,879.177001953125,354600
2014-06-05 00:00:00+09:00,881.3530871985326,903.8402853081249,874.0991523244707,900.2133178710938,364600
2014-06-06 00:00:00+09:00,900.9388168856892,904.9284815337337,894.0475779481577,901.301513671875,393600
2014-06-09 00:00:00+09:00,904.9285260657405,913.2705525585309,901.6642548294312,902.3896484375,180600
2014-06-10 00:00:00+09:00,900.2135094675417,904.9285681392089,883.8921525271551,886.4310302734375,367800
2014-06-11 00:00:00+09:00,877.7262295625777,895.1356754381991,867.2080226793898,875.550048828125,380200
2014-06-12 00:00:00+09:00,869.0214933560716,870.472280490222,844.7208088590529,857.7778930664062,496800
2014-06-13 00:00:00+09:00,855.6016158227642,868.2960018141998,851.9746483966397,866.84521484375,329200
2014-06-16 00:00:00+09:00,857.7779058534692,859.9540865871355,835.2907049389174,839.64306640625,592000
2014-06-17 00:00:00+09:00,843.2698646260658,849.4357087975252,838.5548073184792,845.446044921875,243000
2014-06-18 00:00:00+09:00,845.4462631513488,849.7986248664137,838.5550237691627,845.8089599609375,226600
2014-06-19 00:00:00+09:00,853.0629013327401,855.2390822034869,844.7208746615441,853.4255981445312,241200
2014-06-20 00:00:00+09:00,859.5912168446348,867.5705445959353,845.0833482059069,845.446044921875,342600
2014-06-23 00:00:00+09:00,845.446056659405,852.3372943584736,837.1040320763221,839.2802124023438,306200
2014-06-24 00:00:00+09:00,842.9071679100977,850.5237989454298,838.5548073184792,845.446044921875,257800
2014-06-25 00:00:00+09:00,850.5238776332822,869.3841086085191,846.8969101380443,865.7571411132812,464200
2014-06-26 00:00:00+09:00,865.0318437125813,880.6278056746951,863.2183597634984,866.1199340820312,462600
2014-06-27 00:00:00+09:00,868.658712233292,879.1769179346555,849.4357845721795,872.6483764648438,612000
2014-06-30 00:00:00+09:00,878.0888810474597,878.0888810474597,852.3374103517267,862.492919921875,457000
2014-07-01 00:00:00+09:00,867.9334218672012,940.835476942549,867.9334218672012,931.0426635742188,1721400
2014-07-02 00:00:00+09:00,925.239466702755,997.4161244345653,921.2498022050166,991.6129760742188,1414600
2014-07-03 00:00:00+09:00,979.64367752162,991.6126672877116,939.7470449679812,956.4310913085938,1306000
2014-07-04 00:00:00+09:00,972.3901092307053,977.4678643702913,940.1100944147662,946.2759399414062,583600
2014-07-07 00:00:00+09:00,941.1983460250025,941.5610428828155,920.8873219874687,939.74755859375,458800
2014-07-08 00:00:00+09:00,942.2865810706968,942.649277984119,925.6025230532788,929.2294921875,539000
2014-07-09 00:00:00+09:00,925.6022336269947,941.9235896274707,921.2498720268677,937.5712280273438,359800
2014-07-10 00:00:00+09:00,930.3171602136948,934.6695211971506,921.9751349954043,924.876708984375,256800
2014-07-11 00:00:00+09:00,919.4362018125277,927.0528330701462,912.1822672814624,920.5242919921875,154800
2014-07-14 00:00:00+09:00,920.1618866634179,920.1618866634179,904.565922482682,912.1825561523438,200000
2014-07-15 00:00:00+09:00,925.9649665469216,930.3173283168248,904.5658545115638,913.9959716796875,361800
2014-07-16 00:00:00+09:00,913.9958695472003,914.7212630944599,901.3014824701559,906.0165405273438,181800
2014-07-17 00:00:00+09:00,905.6535669352379,907.467050249085,891.5083970872306,891.87109375,317000
2014-07-18 00:00:00+09:00,886.793623531566,891.8713784311333,876.6381137324315,887.8817138671875,212400
2014-07-22 00:00:00+09:00,884.9802521575405,891.1460981766709,869.3842886973871,887.1564331054688,374400
2014-07-23 00:00:00+09:00,890.4205041887712,906.0164641399391,886.0681432721663,888.2443237304688,208200
2014-07-24 00:00:00+09:00,881.7159371403737,884.2548147874255,871.5604265521671,874.0993041992188,318000
2014-07-25 00:00:00+09:00,871.9230459239342,878.4515878651283,870.1095620513802,875.1873168945312,261000
2014-07-28 00:00:00+09:00,871.923135545879,871.923135545879,850.8867204619934,853.4255981445312,573200
2014-07-29 00:00:00+09:00,851.6120015591825,862.4929044751857,845.8088533373142,854.15087890625,357000
2014-07-30 00:00:00+09:00,862.8554498869244,866.1197201891447,855.2388191817435,861.4046630859375,324200
2014-07-31 00:00:00+09:00,857.7780458495052,863.2184985715951,850.5241088867188,850.5241088867188,273600
2014-08-01 00:00:00+09:00,842.5446741922741,845.4462486191093,834.2026477151229,837.4669189453125,424000
2014-08-04 00:00:00+09:00,834.5653519630432,841.4565912882488,827.6741126378378,835.6534423828125,215000
2014-08-05 00:00:00+09:00,833.4773161071885,840.3685558835317,825.13528900951,825.4979858398438,360800
2014-08-06 00:00:00+09:00,820.4199638776881,830.5754718301971,808.0882756496416,809.5390625,303600
2014-08-07 00:00:00+09:00,812.0780752324548,819.3320106967911,803.3733526752512,815.3423461914062,252800
2014-08-08 00:00:00+09:00,815.7050077729508,821.8708526516258,811.7153434396905,814.9796142578125,287400
2014-08-11 00:00:00+09:00,825.1353374978771,842.9074832286005,823.6845500912874,834.2027587890625,217000
2014-08-12 00:00:00+09:00,834.927978515625,840.3684301566911,830.9383139788431,834.927978515625,168600
2014-08-13 00:00:00+09:00,831.3011701680176,844.3582566104471,827.3115048661641,840.3685913085938,184800
2014-08-14 00:00:00+09:00,840.3683722387716,850.8865780199216,838.5548884834009,849.435791015625,189000
2014-08-15 00:00:00+09:00,854.1511256748133,861.4050630478479,850.5241569882961,859.2288818359375,265200
2014-08-18 00:00:00+09:00,861.4048531384973,861.4048531384973,844.7208012461306,847.6223754882812,251200
2014-08-19 00:00:00+09:00,848.710647779473,855.9645849399813,842.1821043350154,845.0836791992188,210800
2014-08-20 00:00:00+09:00,845.0836638100127,854.1510850955278,844.7209669585922,848.7106323242188,119000
2014-08-21 00:00:00+09:00,834.5652703749273,835.6533606883236,796.8448061771904,798.2955932617188,1358200
2014-08-22 00:00:00+09:00,800.1090948489182,803.7360626406178,768.9171718403022,775.8084106445312,937800
2014-08-25 00:00:00+09:00,775.0830559845188,776.1711463766355,764.2021520633509,769.2799072265625,546800
2014-08-26 00:00:00+09:00,765.652995140439,775.4458093843006,760.5752396065848,761.663330078125,743000
2014-08-27 00:00:00+09:00,772.7018276275326,773.8056873812861,756.1439313212283,762.76708984375,536600
2014-08-28 00:00:00+09:00,763.8711675842546,776.0136283406517,761.2954940904734,773.805908203125,515600
2014-08-29 00:00:00+09:00,774.541627148625,781.9006924897046,764.9748422052215,766.4466552734375,301200
2014-09-01 00:00:00+09:00,766.4466211331649,788.8917694236704,766.4466211331649,774.9095458984375,328200
2014-09-02 00:00:00+09:00,773.8056845589571,793.3072068041424,772.7018248092296,791.0994873046875,656600
2014-09-03 00:00:00+09:00,798.4585592932735,807.657390621537,776.3813641054411,778.2211303710938,701200
2014-09-04 00:00:00+09:00,783.7402893355672,783.7402893355672,769.3901150237892,776.3812255859375,540400
2014-09-05 00:00:00+09:00,777.4853862488286,782.2687795385754,772.701992959082,773.0699462890625,193200
2014-09-08 00:00:00+09:00,775.6454580328764,780.7968035795842,771.5979722461773,774.1736450195312,165000
2014-09-09 00:00:00+09:00,774.9095458984375,781.900657661054,773.0697796451174,774.9095458984375,141800
2014-09-10 00:00:00+09:00,776.3814136744559,782.6366193770463,775.6455071212099,779.6929931640625,219600
2014-09-11 00:00:00+09:00,783.3724848499809,801.4021944590222,779.3249990193798,796.9867553710938,394600
2014-09-12 00:00:00+09:00,794.4110787889153,795.88289181122,780.4288550770216,781.53271484375,288600
2014-09-16 00:00:00+09:00,778.5890784050778,785.2122369170302,772.7018263944533,774.9095458984375,295200
2014-09-17 00:00:00+09:00,775.2774767338835,780.060868854216,773.06975729373,777.8531494140625,198600
2014-09-18 00:00:00+09:00,777.117291012901,795.8829074152012,774.1736649105794,791.4674682617188,338000
2014-09-19 00:00:00+09:00,789.259747620612,803.9778781123716,786.684074784554,799.5624389648438,385600
2014-09-22 00:00:00+09:00,797.3547689063755,803.6099747538183,788.1559367777833,801.0343017578125,264200
2014-09-24 00:00:00+09:00,790.7314113496213,794.0429900849152,776.7491900228248,778.9569091796875,330200
2014-09-25 00:00:00+09:00,786.6841292317708,800.2984008789062,784.108456217448,800.2984008789062,290200
2014-09-26 00:00:00+09:00,794.4111214689342,803.242000077204,791.4674952661776,795.8829345703125,199200
2014-09-29 00:00:00+09:00,795.882868264711,799.9303539563023,789.259709860289,792.5712890625,187200
2014-09-30 00:00:00+09:00,792.5714514616494,795.515078022324,781.9008051792038,787.4201049804688,237600
2014-10-01 00:00:00+09:00,820.5358133826787,859.9068142938656,816.8562805872407,838.1975708007812,1838200
2014-10-02 00:00:00+09:00,822.0077436629585,854.3876368779721,817.9602570110819,846.2926635742188,825800
2014-10-03 00:00:00+09:00,844.4525619506836,900.0134930419922,838.1973577880859,883.087646484375,1482400
2014-10-06 00:00:00+09:00,887.8714266404573,890.0791467232765,849.2363251911212,857.331298828125,690200
2014-10-07 00:00:00+09:00,858.802942155388,863.5863347209493,839.3014186188689,843.7168579101562,424600
2014-10-08 00:00:00+09:00,838.9332614386408,864.3220311927049,838.1973550689578,846.6602783203125,451000
2014-10-09 00:00:00+09:00,857.3312635338825,860.6428435217816,839.3015502664317,846.2926635742188,358600
2014-10-10 00:00:00+09:00,840.4051402698864,872.7850230823864,837.0935613458807,866.161865234375,576200
2014-10-14 00:00:00+09:00,857.3310204650344,893.7583900041067,855.4912543266975,881.98388671875,702800
2014-10-15 00:00:00+09:00,890.4468759964924,911.7881647600447,884.1916706692443,901.4854736328125,656800
2014-10-16 00:00:00+09:00,892.2866725762419,905.5329901897449,874.624915758238,881.6160278320312,502400
2014-10-17 00:00:00+09:00,890.0790137246183,896.7021729834207,879.776321544259,885.66357421875,430200
2014-10-20 00:00:00+09:00,901.4854020901449,902.2213085408308,862.8503134291387,882.7197875976562,586400
2014-10-21 00:00:00+09:00,890.4468964744733,891.5507562634912,865.7940278530725,870.9453735351562,363400
2014-10-22 00:00:00+09:00,881.2479858398438,884.9275181398014,854.7553532801492,881.2479858398438,353800
2014-10-23 00:00:00+09:00,890.4467995108723,923.9305427982647,884.5595479438583,891.5506591796875,768400
2014-10-24 00:00:00+09:00,898.5418248784933,913.2599546881329,882.3518820878899,908.4765625,436200
2014-10-27 00:00:00+09:00,919.1471955758783,929.8178395597456,902.2213464980199,905.90087890625,356000
2014-10-28 00:00:00+09:00,908.8445743753575,926.5063312862957,900.3816491888664,924.6665649414062,296600
2014-10-29 00:00:00+09:00,925.0344853265924,930.185830909159,915.099747417357,920.9869995117188,277800
2014-10-30 00:00:00+09:00,920.986814302453,921.3547674843558,890.8146533864318,896.701904296875,631400
2014-10-31 00:00:00+09:00,907.0047383321908,916.2035693497586,887.8711698156496,909.9483642578125,511800
2014-11-04 00:00:00+09:00,928.3461468026164,928.3461468026164,844.0848437436393,847.3964233398438,1103000
2014-11-05 00:00:00+09:00,848.5002548013268,855.1234137720223,832.3103106507377,851.075927734375,515600
2014-11-06 00:00:00+09:00,850.340092406617,850.7080457135866,808.393415412089,810.6011352539062,821200
2014-11-07 00:00:00+09:00,813.1765693530702,824.215165317139,812.0727097566634,817.9599609375,350000
2014-11-10 00:00:00+09:00,817.9601546351686,828.998753213241,816.8562947773613,820.5358276367188,279200
2014-11-11 00:00:00+09:00,821.2717358943825,845.1886995292995,819.4319694609272,840.037353515625,407600
2014-11-12 00:00:00+09:00,842.9808570974893,852.1796879257029,840.037231232461,844.084716796875,441000
2014-11-13 00:00:00+09:00,846.2925855419303,872.4172697043117,846.2925855419303,872.04931640625,329400
2014-11-14 00:00:00+09:00,880.8802868845462,884.1918669104278,872.7853134879463,883.8239135742188,361800
2014-11-17 00:00:00+09:00,883.82387096477,886.3995441940596,856.9632787164652,858.067138671875,338800
2014-11-18 00:00:00+09:00,857.6991154169239,864.6902278977997,843.7168904551722,847.3964233398438,214000
2014-11-19 00:00:00+09:00,847.7642669068737,853.2835655195486,829.3666048646238,829.7345581054688,254600
2014-11-20 00:00:00+09:00,845.924603552012,845.924603552012,823.8474064171181,824.5833129882812,202200
2014-11-21 00:00:00+09:00,822.7435170084278,838.5655077201283,822.7435170084278,836.3577880859375,183000
2014-11-25 00:00:00+09:00,842.6130445973597,844.8207643648637,830.4705858760877,833.7821655273438,214800
2014-11-26 00:00:00+09:00,828.2627969918349,831.9423296306257,814.2805729644293,815.0164794921875,525400
2014-11-27 00:00:00+09:00,816.4884182582232,827.1590645536213,816.1204649376922,822.3756713867188,296600
2014-11-28 00:00:00+09:00,818.6961636750594,849.9721968941067,817.9602570110819,846.2926635742188,487800
2014-12-01 00:00:00+09:00,849.2362122119571,919.5152921653729,849.2362122119571,919.1473388671875,1390600
2014-12-02 00:00:00+09:00,918.7791962188767,955.20656523196,916.2035236623962,952.262939453125,965200
2014-12-03 00:00:00+09:00,952.9991211311805,961.0940943608662,929.4501080993675,959.990234375,679600
2014-12-04 00:00:00+09:00,959.9901044790756,978.0198151419636,950.0553659505455,972.8684692382812,415400
2014-12-05 00:00:00+09:00,972.1325438603449,978.0197962077201,946.007861568867,951.5271606445312,382800
2014-12-08 00:00:00+09:00,951.5272942505355,962.1979406284418,938.6489279323729,950.0554809570312,331600
2014-12-09 00:00:00+09:00,941.960281947652,957.7822710584916,939.7525625368372,955.9425048828125,374400
2014-12-10 00:00:00+09:00,956.3105614893672,1011.8715060006771,956.3105614893672,1001.936767578125,1281200
2014-12-11 00:00:00+09:00,986.1147705435056,1015.1830790781836,982.8031910901879,1006.7201538085938,1000600
2014-12-12 00:00:00+09:00,1006.7202513473816,1025.1179167594316,992.0021190177415,994.2098388671875,755400
2014-12-15 00:00:00+09:00,988.3225419682228,1022.5421981123199,982.8032425901426,1019.5985717773438,916000
2014-12-16 00:00:00+09:00,1016.2869943780828,1053.4502769386138,1012.2395081586191,1035.0526123046875,829400
2014-12-17 00:00:00+09:00,1019.2309018192359,1049.4030801402387,1002.6729990821003,1041.30810546875,504000
2014-12-18 00:00:00+09:00,1048.666845957438,1074.0556222279865,1046.091173002455,1059.7054443359375,647400
2014-12-19 00:00:00+09:00,1073.3197120887457,1080.6787776498616,1053.8181883517886,1079.94287109375,525200
2014-12-22 00:00:00+09:00,1079.9427936020159,1083.9902793702006,1052.7142529796822,1078.10302734375,362800
2014-12-24 00:00:00+09:00,1081.4146160909222,1100.916138599537,1073.6875977384523,1092.8211669921875,362000
2014-12-25 00:00:00+09:00,1084.7264028403185,1085.830262816072,1050.138790266713,1062.28125,343800
2014-12-26 00:00:00+09:00,1063.3849473211312,1070.7440127005164,1022.5421344655446,1035.7884521484375,559600
2014-12-29 00:00:00+09:00,1035.7882967862217,1061.5450217507102,1019.9663085937501,1024.0137939453125,683600
2014-12-30 00:00:00+09:00,1094.292993550361,1170.0913649933248,1079.9428164325184,1162.7322998046875,2298600
2015-01-05 00:00:00+09:00,1148.0140704719388,1175.610562550591,1129.6164090861705,1171.9310302734375,782600
2015-01-06 00:00:00+09:00,1157.2129351379006,1181.1298956415455,1149.8538703675483,1155.3731689453125,563800
2015-01-07 00:00:00+09:00,1166.411989361002,1228.9640518819392,1157.213156637335,1201.3675537109375,1222000
2015-01-08 00:00:00+09:00,1197.687801720961,1208.7263989718456,1159.0527113428655,1170.09130859375,604800
2015-01-09 00:00:00+09:00,1170.0913889339556,1181.1299869427664,1146.174426581532,1151.6937255859375,524400
2015-01-13 00:00:00+09:00,1148.0142375,1164.57213515625,1135.13587265625,1149.85400390625,441000
2015-01-14 00:00:00+09:00,1135.1361217188137,1140.6554221485649,1105.699852760141,1129.6168212890625,330000
2015-01-15 00:00:00+09:00,1125.9371392730864,1131.4564389754055,1100.1804073289309,1105.69970703125,586000
2015-01-16 00:00:00+09:00,1098.3403207993001,1113.0584490512172,1078.1028944529144,1091.7171630859375,539200
2015-01-19 00:00:00+09:00,1094.660788230015,1095.7646478483982,1056.0257015866027,1067.4322509765625,656400
2015-01-20 00:00:00+09:00,1056.3939931791124,1083.6225391544708,1034.3167937396324,1074.4237060546875,589000
2015-01-21 00:00:00+09:00,1077.7349848624663,1105.6994296728271,1075.1593123141433,1102.0198974609375,499200
2015-01-22 00:00:00+09:00,1102.0199661072425,1107.5392647688814,1074.4234727990477,1076.9991455078125,304800
2015-01-23 00:00:00+09:00,1094.6610390512567,1129.6166016428094,1070.3761218823886,1118.5780029296875,491400
2015-01-26 00:00:00+09:00,1113.0587803632363,1125.9371464170258,1103.1240408360272,1120.4178466796875,264400
2015-01-27 00:00:00+09:00,1125.9370730606156,1136.9756718161118,1092.453323502277,1098.340576171875,321000
2015-01-28 00:00:00+09:00,1097.6044805463578,1113.0585161423842,1089.5095095198676,1111.21875,202000
2015-01-29 00:00:00+09:00,1102.388025990099,1122.2575030940595,1090.981474319307,1114.8984375,204400
2015-01-30 00:00:00+09:00,1133.2964360955057,1155.3736393960673,1116.7385336200844,1146.1748046875,310600
2015-02-02 00:00:00+09:00,1122.257385040048,1124.0971512450317,1037.6281396107984,1050.1385498046875,686600
2015-02-03 00:00:00+09:00,1050.5066491831903,1054.9220886893895,1009.6638337508491,1015.5510864257812,530400
2015-02-04 00:00:00+09:00,1005.2482353469309,1012.9752532613838,973.2363039870543,1008.559814453125,552800
2015-02-05 00:00:00+09:00,1008.5599738742994,1022.1742456850798,989.058449388587,1015.5510864257812,346400
2015-02-06 00:00:00+09:00,1012.2393959191545,1023.6459467274038,997.5212658439942,1018.1266479492188,255600
2015-02-09 00:00:00+09:00,1026.2217154445752,1033.2128278839612,1007.4560978441187,1013.7113037109375,283000
2015-02-10 00:00:00+09:00,1016.6547577586441,1021.070196445978,992.0018917543628,1004.1443481445312,422600
2015-02-12 00:00:00+09:00,1010.7677971928131,1017.7589104606192,997.8894306468544,1002.3048706054688,298800
2015-02-13 00:00:00+09:00,1013.7113888371226,1019.966595229221,984.6430767797242,987.21875,441000
2015-02-16 00:00:00+09:00,986.850834569006,996.7855745143316,982.8033479246142,990.1624145507812,163800
2015-02-17 00:00:00+09:00,995.3134323270314,1015.1829056525987,994.9454791172986,1009.295654296875,260200
2015-02-18 00:00:00+09:00,1017.3906195292462,1029.1651221784093,1014.8149470747418,1022.1740112304688,244200
2015-02-19 00:00:00+09:00,1046.4591829230988,1103.491944299006,1046.4591829230988,1099.4444580078125,1375600
2015-02-20 00:00:00+09:00,1096.5006220069338,1111.2187511613893,1061.545065265102,1082.8863525390625,556200
2015-02-23 00:00:00+09:00,1101.2840354893917,1101.2840354893917,1078.1029816184155,1100.18017578125,434000
2015-02-24 00:00:00+09:00,1097.6046333539605,1129.6165686881188,1085.8301284034653,1114.8984375,1064200
2015-02-25 00:00:00+09:00,1102.5730664852174,1113.0310766009309,1077.9220426410357,1108.549072265625,610800
2015-02-26 00:00:00+09:00,1108.175293213871,1127.9708073831785,1106.307791877144,1116.018798828125,359400
2015-02-27 00:00:00+09:00,1117.1396890031697,1120.1276921833853,1094.3561647540243,1099.211669921875,247600
2015-03-02 00:00:00+09:00,1094.7292664146935,1133.5732936092102,1094.3557661532077,1114.5247802734375,364600
2015-03-03 00:00:00+09:00,1120.5009628128219,1122.36846441751,1079.4159275096852,1087.6329345703125,497400
2015-03-04 00:00:00+09:00,1120.127743634142,1174.6588041778514,1118.6337419754102,1152.248779296875,792400
2015-03-05 00:00:00+09:00,1146.6459254421222,1193.3334631229905,1146.6459254421222,1161.5859375,482400
2015-03-06 00:00:00+09:00,1161.586001450549,1221.3460529721206,1161.586001450549,1212.008544921875,706400
2015-03-09 00:00:00+09:00,1219.4787047506284,1251.2262361147336,1213.8761992157863,1230.6837158203125,670000
2015-03-10 00:00:00+09:00,1225.0810561922187,1243.7560722927099,1200.8035352615802,1212.008544921875,349200
2015-03-11 00:00:00+09:00,1206.4060278045997,1206.4060278045997,1161.5859896199086,1163.4534912109375,288600
2015-03-12 00:00:00+09:00,1157.8509169358474,1174.6584302462065,1135.440899188702,1165.3209228515625,275000
2015-03-13 00:00:00+09:00,1185.863351704162,1217.6108745056906,1169.0558396327642,1210.140869140625,624000
2015-03-16 00:00:00+09:00,1213.8761349137724,1232.5511523739842,1198.9361209456029,1206.4061279296875,288400
2015-03-17 00:00:00+09:00,1206.4061673382137,1206.4061673382137,1174.6586366187869,1185.8636474609375,203800
2015-03-18 00:00:00+09:00,1185.8632823908442,1198.935791015625,1172.7907737660632,1198.935791015625,144600
2015-03-19 00:00:00+09:00,1182.1284355731848,1198.9359488751734,1165.3209222711964,1178.3934326171875,120200
2015-03-20 00:00:00+09:00,1174.6584302462065,1180.260934682993,1157.8509169358474,1165.3209228515625,164800
2015-03-23 00:00:00+09:00,1152.2484993804096,1163.4535090988577,1137.3084864224788,1159.718505859375,150000
2015-03-24 00:00:00+09:00,1159.718505859375,1167.1885123383404,1142.910991281703,1159.718505859375,120400
2015-03-25 00:00:00+09:00,1161.5861781473568,1182.1286989827602,1159.7186762532292,1174.65869140625,162200
2015-03-26 00:00:00+09:00,1170.92333984375,1178.393345201605,1163.453334485895,1170.92333984375,128400
2015-03-27 00:00:00+09:00,1169.0558396327642,1217.6108745056906,1169.0558396327642,1210.140869140625,294200
2015-03-30 00:00:00+09:00,1215.7435103249156,1277.3710615395426,1213.8760087729572,1245.62353515625,561400
2015-03-31 00:00:00+09:00,1251.2260050945972,1262.4310140954444,1234.4184915933265,1240.02099609375,356600
2015-04-01 00:00:00+09:00,1234.418386577088,1247.4908959659529,1202.6708637755594,1210.140869140625,261200
2015-04-02 00:00:00+09:00,1288.5760664905574,1333.3961035858813,1249.3585340321492,1297.91357421875,1064200
2015-04-03 00:00:00+09:00,1288.5761136489932,1340.8661588405464,1271.7685991231367,1338.9986572265625,437800
2015-04-06 00:00:00+09:00,1340.866226808329,1378.2162609812628,1329.6612165564488,1350.2037353515625,569800
2015-04-07 00:00:00+09:00,1277.3710109511192,1281.1060139071167,1169.055925227194,1178.3934326171875,2465800
2015-04-08 00:00:00+09:00,1195.2009266263237,1240.020961374811,1183.995917939202,1234.41845703125,1297000
2015-04-09 00:00:00+09:00,1243.756062242568,1316.5886244459616,1243.756062242568,1303.51611328125,1455400
2015-04-10 00:00:00+09:00,1303.5162508056987,1318.4562651415808,1281.1062293018758,1312.853759765625,341800
2015-04-13 00:00:00+09:00,1307.251152456322,1331.5286738590821,1294.1786409317588,1296.046142578125,268000
2015-04-14 00:00:00+09:00,1322.1910385320216,1387.5535898718815,1318.4560355983153,1361.4085693359375,820400
2015-04-15 00:00:00+09:00,1350.2035086495537,1393.156040736607,1327.793491908482,1333.39599609375,469000
2015-04-16 00:00:00+09:00,1333.3960639475476,1372.6135952401225,1320.3235535166893,1370.74609375,352200
2015-04-17 00:00:00+09:00,1378.216242591595,1395.023757745151,1344.6012122844827,1353.938720703125,424200
2015-04-20 00:00:00+09:00,1346.4686112217396,1383.8186420461984,1333.396100433179,1337.131103515625,383400
2015-04-21 00:00:00+09:00,1337.1312695841802,1383.8188139132367,1335.263767811018,1378.21630859375,234000
2015-04-22 00:00:00+09:00,1372.6135952401225,1398.7586161018394,1359.5410848092642,1370.74609375,416000
2015-04-23 00:00:00+09:00,1367.0112739789604,1372.6137792001855,1301.6487130646658,1320.32373046875,665000
2015-04-24 00:00:00+09:00,1307.2509425596274,1359.5409802620127,1281.1059237084348,1340.865966796875,586600
2015-04-27 00:00:00+09:00,1355.8061149351058,1391.2886441138482,1344.601105720766,1389.421142578125,328400
2015-04-28 00:00:00+09:00,1367.0110737364969,1383.818586938175,1352.0710620016719,1361.4085693359375,222200
2015-04-30 00:00:00+09:00,1376.3487226441605,1376.3487226441605,1327.7936795115309,1357.6737060546875,374000
2015-05-01 00:00:00+09:00,1331.5286507706262,1363.276178208355,1320.323641086722,1338.9986572265625,242200
2015-05-07 00:00:00+09:00,1318.456162334519,1331.5286738590821,1284.8411326999278,1296.046142578125,387200
2015-05-08 00:00:00+09:00,1294.1784839386635,1318.4560023963872,1294.1784839386635,1316.5885009765625,156200
2015-05-11 00:00:00+09:00,1329.6611652744114,1352.0711849138677,1318.456155454683,1348.336181640625,147800
2015-05-12 00:00:00+09:00,1348.3362336429157,1355.8062404775026,1325.9262131391554,1350.2037353515625,116400
2015-05-13 00:00:00+09:00,1333.3960666386333,1338.998571120308,1314.7210516997168,1318.4560546875,172800
2015-05-14 00:00:00+09:00,1318.4563322295928,1329.6613435516572,1307.2513209075282,1324.058837890625,133800
2015-05-15 00:00:00+09:00,1312.853759765625,1322.1912687255513,1301.6487490137135,1312.853759765625,150000
2015-05-18 00:00:00+09:00,1316.5884835379466,1340.866001674107,1312.853480747768,1333.39599609375,221000
2015-05-19 00:00:00+09:00,1325.9261815310526,1359.5412114853611,1320.323676538668,1331.5286865234375,188400
2015-05-20 00:00:00+09:00,1344.6011800699303,1348.3361833479023,1325.92616368007,1335.263671875,174400
2015-05-21 00:00:00+09:00,1338.998605056848,1344.6011096805166,1314.7210850209497,1337.131103515625,211400
2015-05-22 00:00:00+09:00,1342.7337441915995,1363.2762632265196,1335.2637372698102,1359.541259765625,168000
2015-05-25 00:00:00+09:00,1352.0709920595175,1359.5409975405094,1305.3834578033186,1310.9859619140625,360800
2015-05-26 00:00:00+09:00,1310.9861922554348,1310.9861922554348,1277.3711616847827,1288.576171875,267800
2015-05-27 00:00:00+09:00,1288.5763020374206,1333.3963473256788,1275.5037888283455,1324.058837890625,459400
2015-05-28 00:00:00+09:00,1307.251186726596,1309.1186884219198,1281.1061629920641,1301.648681640625,237000
2015-05-29 00:00:00+09:00,1305.3835095042914,1342.7335383885343,1299.781005171655,1325.926025390625,321800
2015-06-01 00:00:00+09:00,1329.6613435516572,1357.6738718568186,1318.4563322295928,1324.058837890625,254800
2015-06-02 00:00:00+09:00,1350.2035773586513,1376.3485982203679,1324.0585564969347,1370.74609375,463200
2015-06-03 00:00:00+09:00,1396.8911940354567,1467.856254695012,1389.4211876502402,1456.6512451171875,878600
2015-06-04 00:00:00+09:00,1458.5187933486595,1503.3388330930486,1458.5187933486595,1497.736328125,619600
2015-06-05 00:00:00+09:00,1497.7362746436995,1523.8812968943378,1488.3987666970431,1508.9412841796875,410600
2015-06-08 00:00:00+09:00,1497.7361013793945,1507.0736082458495,1471.5910821533203,1494.0010986328125,227200
2015-06-09 00:00:00+09:00,1475.3262745423967,1520.146313262672,1475.3262745423967,1492.1337890625,267600
2015-06-10 00:00:00+09:00,1494.0010986328125,1507.0736082458495,1482.7960903930664,1494.0010986328125,179200
2015-06-11 00:00:00+09:00,1494.001367892599,1566.8339345773634,1494.001367892599,1551.8939208984375,385600
2015-06-12 00:00:00+09:00,1551.893972837008,1559.363979926476,1540.6889622028057,1553.761474609375,325400
2015-06-15 00:00:00+09:00,1555.6290913755447,1587.3766238525968,1553.7615894651299,1579.9066162109375,215000
2015-06-16 00:00:00+09:00,1576.1715905975875,1615.3891301740678,1568.7015830592104,1596.714111328125,227000
2015-06-17 00:00:00+09:00,1606.0514416672668,1624.7264584308396,1596.7139332854804,1620.991455078125,147000
2015-06-18 00:00:00+09:00,1609.7862724836482,1619.123779864644,1576.171245912064,1606.05126953125,221600
2015-06-19 00:00:00+09:00,1615.3887405737632,1701.293806546472,1611.6537377053846,1665.811279296875,337200
2015-06-22 00:00:00+09:00,1658.341549279555,1671.4140614923442,1576.171472513451,1583.6414794921875,472000
2015-06-23 00:00:00+09:00,1596.713761590344,1624.7262837235078,1592.9787586392554,1619.123779296875,296000
2015-06-24 00:00:00+09:00,1630.3291452508222,1634.0641490200107,1572.436586828399,1596.714111328125,415200
2015-06-25 00:00:00+09:00,1596.713971168046,1609.7864832126968,1587.3764625647243,1600.448974609375,291800
2015-06-26 00:00:00+09:00,1579.906460256339,1583.6414637084815,1553.7614360913403,1574.303955078125,289400
2015-06-29 00:00:00+09:00,1542.556421268779,1611.6539849333612,1540.6889195481147,1600.448974609375,433000
2015-06-30 00:00:00+09:00,1626.5937671400097,1641.5337787784943,1598.581245317851,1635.9312744140625,533600
2015-07-01 00:00:00+09:00,1897.3818359375,1897.3818359375,1889.9118287093995,1897.3818359375,671400
2015-07-02 00:00:00+09:00,1889.9116440392975,2024.3717610065203,1848.8266082993127,1987.021728515625,1533000
2015-07-03 00:00:00+09:00,1975.8161828727364,2024.3712119414427,1953.4061694564105,1998.2261962890625,578800
2015-07-06 00:00:00+09:00,1990.756470172889,2076.661533613745,1979.5514618979946,2043.0465087890625,511800
2015-07-07 00:00:00+09:00,2039.3115234375,2072.9265485491073,2031.841517857143,2065.45654296875,399200
2015-07-08 00:00:00+09:00,2065.45679345069,2087.8668129094676,1998.2267350743564,2013.166748046875,478000
2015-07-09 00:00:00+09:00,1979.5511439226675,2080.3962021979733,1979.5511439226675,2061.72119140625,475000
2015-07-10 00:00:00+09:00,2043.0459903331287,2065.4560011960148,1975.8159577444699,1994.490966796875,423200
2015-07-13 00:00:00+09:00,1998.2261547143908,2087.8662065146627,1987.0211482393568,2061.72119140625,428400
2015-07-14 00:00:00+09:00,2091.601803855751,2102.806813519264,1934.7316685665696,1964.6116943359375,621000
2015-07-15 00:00:00+09:00,2001.9614784477833,2057.986519822255,1975.8164591396967,2043.0465087890625,505000
2015-07-16 00:00:00+09:00,2035.576555144765,2061.7215751191015,2001.9615294634755,2057.986572265625,380000
2015-07-17 00:00:00+09:00,2043.0467930506995,2143.891881555944,2043.0467930506995,2136.421875,418200
2015-07-21 00:00:00+09:00,2147.6267393992002,2226.061802925084,2147.6267393992002,2218.591796875,561600
2015-07-22 00:00:00+09:00,2211.121822143152,2289.5568867799866,2207.3868190652074,2263.411865234375,524400
2015-07-23 00:00:00+09:00,2293.292546153262,2401.6076664113148,2285.822537859603,2304.49755859375,664800
2015-07-24 00:00:00+09:00,2289.5566749825384,2360.5217268987994,2237.266636728451,2255.941650390625,493400
2015-07-27 00:00:00+09:00,2241.0021085640137,2241.0021085640137,2140.157013678633,2158.83203125,508600
2015-07-28 00:00:00+09:00,2143.8922883388723,2203.6523521253216,2132.687276378913,2177.50732421875,349600
2015-07-29 00:00:00+09:00,2184.976632254464,2255.9416852678573,2166.3016183035716,2222.32666015625,306800
2015-07-30 00:00:00+09:00,2278.3516667852336,2285.8216722501033,2211.1216176014073,2255.941650390625,364800
2015-07-31 00:00:00+09:00,2293.292142177066,2330.6421770659435,2229.7970828659745,2237.26708984375,347400
2015-08-03 00:00:00+09:00,2241.0017747145434,2345.581857534555,2237.2667717566856,2330.641845703125,411600
2015-08-04 00:00:00+09:00,2297.0271175104817,2401.607213917463,2297.0271175104817,2394.13720703125,389400
2015-08-05 00:00:00+09:00,2409.0774265977207,2416.5474341220543,2244.737261062372,2278.352294921875,504600
2015-08-06 00:00:00+09:00,2263.411690848214,2308.2317243303573,2203.6516462053573,2222.32666015625,454400
2015-08-07 00:00:00+09:00,2203.652058443761,2241.0020933326377,2155.09701308822,2237.26708984375,394000
2015-08-10 00:00:00+09:00,2241.0016066028224,2364.2566949659777,2241.0016066028224,2315.70166015625,579400
2015-08-11 00:00:00+09:00,2345.582034395129,2367.992053832025,2304.496998760819,2319.43701171875,298200
2015-08-12 00:00:00+09:00,2345.5816815776207,2345.5816815776207,2274.616630701865,2315.70166015625,351800
2015-08-13 00:00:00+09:00,2315.7022888479405,2330.642303614701,2244.737218705826,2311.96728515625,235000
2015-08-14 00:00:00+09:00,2326.90667121793,2457.631765106578,2319.4366658528647,2420.28173828125,587400
2015-08-17 00:00:00+09:00,2446.42689525463,2536.066964699074,2446.42689525463,2521.126953125,411200
2015-08-18 00:00:00+09:00,2483.777466766594,2506.1874890231347,2382.932366612161,2409.077392578125,545000
2015-08-19 00:00:00+09:00,2386.667076651308,2397.8720864008446,2255.9419629067133,2267.14697265625,548200
2015-08-20 00:00:00+09:00,2274.6173866049758,2364.257480658374,2270.882382686084,2308.232421875,392000
2015-08-21 00:00:00+09:00,2214.856761185164,2241.001781974871,2170.0367255456667,2173.771728515625,322400
2015-08-24 00:00:00+09:00,2099.0716728985626,2192.4467473157583,2084.1316609918113,2095.336669921875,528000
2015-08-25 00:00:00+09:00,2035.5767707537889,2110.2768357355794,1942.2016895265508,1987.021728515625,674000
2015-08-26 00:00:00+09:00,2009.4317299447407,2028.1067460222941,1957.1416849275913,1990.7567138671875,443800
2015-08-27 00:00:00+09:00,2182.6821340641504,2269.23677041497,2114.943723006987,2137.523193359375,1029200
2015-08-28 00:00:00+09:00,2220.3147343749997,2385.897528125,2205.261753125,2352.0283203125,751800
2015-08-31 00:00:00+09:00,2352.0278930664062,2472.4517211914062,2348.2646484375,2453.635498046875,877400
2015-09-01 00:00:00+09:00,2412.2403616357037,2464.925798551304,2352.0284337321605,2389.660888671875,625600
2015-09-02 00:00:00+09:00,2359.5544414726623,2517.6107198488216,2333.211728409969,2434.8193359375,612200
2015-09-03 00:00:00+09:00,2566.53319473048,2754.6954524086677,2536.42723350197,2626.7451171875,1692400
2015-09-04 00:00:00+09:00,2589.1123046875,2698.2463989257812,2543.953369140625,2649.32421875,765600
2015-09-07 00:00:00+09:00,2622.9815063476562,2705.7728881835938,2600.4020385742188,2694.483154296875,639000
2015-09-08 00:00:00+09:00,2690.7206936225207,2735.879642326675,2468.689195827096,2513.84814453125,803400
2015-09-09 00:00:00+09:00,2604.166007254464,2645.5617096819196,2498.7951283482143,2634.27197265625,686000
2015-09-10 00:00:00+09:00,2656.8507676078407,2799.8540667142115,2619.2183204745847,2720.825927734375,748600
2015-09-11 00:00:00+09:00,2698.2469318890603,2811.1442930559665,2698.2469318890603,2781.038330078125,538800
2015-09-14 00:00:00+09:00,2803.6178114522436,2814.907547605743,2709.5366768397525,2735.87939453125,462800
2015-09-15 00:00:00+09:00,2781.038021964823,2856.3029210707723,2747.168817367146,2814.9072265625,498400
2015-09-16 00:00:00+09:00,2845.0135044642857,2875.1194674744897,2634.2717633928573,2765.9853515625,895000
2015-09-17 00:00:00+09:00,2822.43340674867,2822.43340674867,2528.9003324468085,2653.08740234375,968400
2015-09-18 00:00:00+09:00,2641.798405695167,2758.459019052076,2615.4556865500585,2622.982177734375,722400
2015-09-24 00:00:00+09:00,2611.691893140135,2702.0097684072293,2581.5859347177707,2641.7978515625,497600
2015-09-25 00:00:00+09:00,2656.8517559962893,2694.4842171293812,2574.060341503487,2630.509033203125,540400
2015-09-28 00:00:00+09:00,2668.14061997653,2765.9849868586034,2622.9816814155733,2743.405517578125,439400
2015-09-29 00:00:00+09:00,2694.4835957228534,2717.0630671953913,2577.822993114741,2607.928955078125,428600
2015-09-30 00:00:00+09:00,2645.5615142182037,2698.246949778737,2566.533360877404,2690.720458984375,373600
2015-10-01 00:00:00+09:00,2747.169330364381,2988.0170524785185,2705.7736281260136,2901.46240234375,1813000
2015-10-02 00:00:00+09:00,2931.568012662542,2972.9637098888425,2788.564694971686,2803.61767578125,867000
2015-10-05 00:00:00+09:00,2860.066462271838,2897.6989157227836,2788.5648007150426,2886.4091796875,676400
2015-10-06 00:00:00+09:00,2931.567872668851,2946.620852759577,2890.1721774193547,2916.514892578125,429000
2015-10-07 00:00:00+09:00,2935.331630277318,2935.331630277318,2807.3812771626654,2841.25048828125,586000
2015-10-08 00:00:00+09:00,2818.670683551957,2860.0663811742156,2611.6921954406653,2638.034912109375,1058800
2015-10-09 00:00:00+09:00,2634.27197265625,2653.0882010323658,2506.3216196986605,2634.27197265625,924600
2015-10-13 00:00:00+09:00,2622.9816261828782,2709.5362566021126,2600.402157377861,2671.90380859375,642200
2015-10-14 00:00:00+09:00,2671.9045221838414,2769.7489131370526,2671.9045221838414,2732.116455078125,508600
2015-10-15 00:00:00+09:00,2709.536744864206,2720.82648130114,2641.798326242601,2702.01025390625,427200
2015-10-16 00:00:00+09:00,2709.536959569464,2713.3002053466444,2581.5866031453506,2600.40283203125,519800
2015-10-19 00:00:00+09:00,2615.4556642656685,2735.879522188692,2600.4026820252907,2713.300048828125,513000
2015-10-20 00:00:00+09:00,2743.4053960143283,2845.013003274118,2713.299438307724,2720.825927734375,531400
2015-10-21 00:00:00+09:00,2702.010449356878,2732.1164153664254,2611.692551328236,2660.61474609375,483200
2015-10-22 00:00:00+09:00,2634.2711778626826,2638.0344224024866,2543.9533089073907,2577.822509765625,469200
2015-10-23 00:00:00+09:00,2634.2716794006974,2641.798169913271,2547.717038506103,2562.77001953125,360600
2015-10-26 00:00:00+09:00,2562.770445524423,2585.3499208153867,2510.08500317884,2566.53369140625,339400
2015-10-27 00:00:00+09:00,2559.007128482272,2626.7455524715087,2551.480636927912,2600.40283203125,350800
2015-10-28 00:00:00+09:00,2592.875914996603,2611.692140794837,2528.900747282609,2596.63916015625,306600
2015-10-29 00:00:00+09:00,2604.1659575131534,2626.7454311332094,2551.480519066355,2592.876220703125,544400
2015-10-30 00:00:00+09:00,2581.586121945919,2671.9040037632685,2562.769896567304,2570.29638671875,453200
2015-11-02 00:00:00+09:00,2607.928837475979,2645.5612882332084,2570.29638671875,2570.29638671875,348600
2015-11-04 00:00:00+09:00,2630.508780084203,2683.1942206009107,2589.113076821075,2660.61474609375,603200
2015-11-05 00:00:00+09:00,2664.3776191487973,2724.58954274538,2664.3776191487973,2698.246826171875,361400
2015-11-06 00:00:00+09:00,2686.957268627727,2739.6427052674862,2656.8513048335785,2717.063232421875,410200
2015-11-09 00:00:00+09:00,2724.5897372410586,2754.695701188474,2645.5615818790943,2656.851318359375,404600
2015-11-10 00:00:00+09:00,2634.2716096114013,2660.6143257075155,2581.5861774191735,2611.692138671875,385600
2015-11-11 00:00:00+09:00,2622.9815661809953,2702.0097051907524,2619.218321466245,2675.6669921875,335600
2015-11-12 00:00:00+09:00,2660.6143257075155,2709.5365127431555,2589.1126677323487,2611.692138671875,363600
2015-11-13 00:00:00+09:00,2577.8228750881326,2604.165590599982,2540.190424356919,2585.349365234375,421600
2015-11-16 00:00:00+09:00,2547.7174570511797,2596.6396534199616,2540.190965302136,2581.586669921875,373800
2015-11-17 00:00:00+09:00,2592.8755493164062,2622.9815063476562,2562.7695922851562,2574.059326171875,318000
2015-11-18 00:00:00+09:00,2596.6392268378304,2626.745188888124,2547.717038506103,2562.77001953125,359200
2015-11-19 00:00:00+09:00,2600.40283203125,2607.9293235856094,2566.5336200366314,2600.40283203125,234200
2015-11-20 00:00:00+09:00,2600.4020385742188,2664.377197265625,2596.6387939453125,2649.32421875,228400
2015-11-24 00:00:00+09:00,2649.324827372521,2690.7205278002166,2634.2718453988136,2656.851318359375,227400
2015-11-25 00:00:00+09:00,2656.851266018435,2656.851266018435,2596.639339309802,2615.45556640625,279400
2015-11-26 00:00:00+09:00,2634.2716460312076,2799.8544352103117,2634.2716460312076,2773.51171875,502800
2015-11-27 00:00:00+09:00,2811.1437991567127,2833.7232674230318,2735.8789049356496,2796.0908203125,467400
2015-11-30 00:00:00+09:00,2796.0916337783015,2822.434354419551,2717.0634718545543,2732.116455078125,359400
2015-12-01 00:00:00+09:00,2732.116272898707,2781.0384651131467,2705.773554014009,2728.35302734375,292400
2015-12-02 00:00:00+09:00,2720.8260482976466,2762.221741978524,2683.1935994968494,2743.405517578125,293600
2015-12-03 00:00:00+09:00,2686.9569112486756,2690.7201562224136,2626.7449916688734,2664.37744140625,570000
2015-12-04 00:00:00+09:00,2626.7451192982257,2668.1408160206906,2596.6391580455243,2611.692138671875,366000
2015-12-07 00:00:00+09:00,2649.3241578014186,2675.666869597739,2630.5079350897604,2653.08740234375,266200
2015-12-08 00:00:00+09:00,2660.614563852802,2705.773509773924,2638.0350908922405,2656.851318359375,208800
2015-12-09 00:00:00+09:00,2634.271745851054,2653.087972607133,2532.664121368228,2543.953857421875,411600
2015-12-10 00:00:00+09:00,2513.848591193398,2528.9015767694063,2461.1631416773685,2472.452880859375,370400
2015-12-11 00:00:00+09:00,2431.0563427037937,2483.7417742794178,2291.8162735396445,2374.607666015625,1011000
2015-12-14 00:00:00+09:00,2325.6849954608224,2348.26446143617,2272.9995748516776,2299.34228515625,604200
2015-12-15 00:00:00+09:00,2333.2121613737822,2389.6608426973416,2310.6326888443587,2318.1591796875,417200
2015-12-16 00:00:00+09:00,2363.317872658754,2382.13409775954,2310.6324423765523,2348.264892578125,268600
2015-12-17 00:00:00+09:00,2352.0281375982822,2378.370852739383,2288.052972255609,2348.264892578125,479800
2015-12-18 00:00:00+09:00,2385.8974221063345,2457.399079866619,2205.2616551329843,2224.077880859375,1259000
2015-12-21 00:00:00+09:00,2224.077330297353,2276.762749289169,2152.575690237032,2212.78759765625,652000
2015-12-22 00:00:00+09:00,2220.3148176863388,2254.1840267696894,2205.261835871516,2227.84130859375,380400
2015-12-24 00:00:00+09:00,2254.183985671322,2269.236967211698,2118.707151807937,2126.233642578125,312000
2015-12-25 00:00:00+09:00,2126.233642578125,2126.233642578125,2126.233642578125,2126.233642578125,0
2015-12-28 00:00:00+09:00,2220.3147101151317,2235.367691200658,2096.1276161595397,2145.0498046875,400800
2015-12-29 00:00:00+09:00,2137.5233041808874,2227.8411902730377,2122.470323165529,2205.26171875,386800
2015-12-30 00:00:00+09:00,2393.424269014246,2574.0600629021137,2359.555057660271,2559.007080078125,2607200
2016-01-04 00:00:00+09:00,2562.769778675028,2626.744942019339,2491.2681255255047,2517.61083984375,1041400
2016-01-05 00:00:00+09:00,2476.2155176526717,2521.374463263359,2427.2933265744273,2464.92578125,527200
2016-01-06 00:00:00+09:00,2431.0560302734375,2476.2149658203125,2355.7911376953125,2408.4765625,461600
2016-01-07 00:00:00+09:00,2408.4766834365328,2487.5048246117935,2378.3707248935757,2431.05615234375,482400
2016-01-08 00:00:00+09:00,2468.6885384466773,2510.0842304023377,2408.476622874807,2434.8193359375,581600
2016-01-12 00:00:00+09:00,2400.9500732421875,2431.0560302734375,2295.5792236328125,2303.105712890625,538200
2016-01-13 00:00:00+09:00,2336.974973497643,2453.6355599363337,2336.974973497643,2419.766357421875,448600
2016-01-14 00:00:00+09:00,2382.1343518542003,2389.6608426973416,2269.236989207082,2318.1591796875,371200
2016-01-15 00:00:00+09:00,2340.738404107863,2374.607609311996,2303.1059538810487,2333.2119140625,342600
2016-01-18 00:00:00+09:00,2246.6575837237438,2303.106266731878,2227.841356054366,2284.2900390625,476000
2016-01-19 00:00:00+09:00,2314.3958671875,2393.42401875,2306.8693765625,2352.0283203125,586200
2016-01-20 00:00:00+09:00,2404.7135099965362,2423.5297346443967,2280.526427320659,2291.816162109375,574600
2016-01-21 00:00:00+09:00,2348.2648398241204,2404.7135138583544,2242.8939816268844,2246.6572265625,533600
2016-01-22 00:00:00+09:00,2367.081225961538,2453.635865384615,2299.3428125,2446.109375,603200
2016-01-25 00:00:00+09:00,2559.0064060302393,2690.7199710465015,2532.6636930269865,2675.6669921875,1013400
2016-01-26 00:00:00+09:00,2626.74518130524,2724.589557686237,2577.822993114741,2607.928955078125,768400
2016-01-27 00:00:00+09:00,2641.798102072011,2668.140818189538,2562.7699537194294,2596.63916015625,523600
2016-01-28 00:00:00+09:00,2589.112363748242,2713.2994393350036,2577.822629603991,2675.6669921875,524800
2016-01-29 00:00:00+09:00,2660.6143739240106,2713.299807071021,2622.9819216761466,2698.246826171875,495800
2016-02-01 00:00:00+09:00,2720.8261026800637,2818.6704715177975,2702.009877903576,2814.9072265625,441800
2016-02-02 00:00:00+09:00,2796.0912522025733,2811.1442333719006,2747.169063402259,2769.74853515625,343200
2016-02-03 00:00:00+09:00,2732.115782937886,2747.1687624582046,2664.3773750964506,2743.405517578125,267000
2016-02-04 00:00:00+09:00,2698.2463989257812,2717.0626220703125,2596.6387939453125,2619.21826171875,329600
2016-02-05 00:00:00+09:00,2562.77015651513,2570.2966474300056,2453.6360382494345,2495.03173828125,414600
2016-02-08 00:00:00+09:00,2483.7418115666483,2577.822940792658,2464.9255857214466,2551.480224609375,267200
2016-02-09 00:00:00+09:00,2513.8481074370156,2540.190827125727,2400.950737342539,2427.29345703125,374400
2016-02-10 00:00:00+09:00,2453.6358215828254,2479.9785374587145,2273.000055576728,2314.395751953125,509400
2016-02-12 00:00:00+09:00,2186.4453773765294,2209.0248477108826,2111.180476262019,2152.576171875,717200
2016-02-15 00:00:00+09:00,2303.1055294854746,2333.2114841192715,2205.261176925634,2299.34228515625,341400
2016-02-16 00:00:00+09:00,2254.183894695622,2355.7915159924196,2190.2087257309713,2280.526611328125,557400
2016-02-17 00:00:00+09:00,2246.65679557956,2254.183284006962,2182.681643946641,2212.78759765625,459400
2016-02-18 00:00:00+09:00,2269.237060546875,2310.632761485541,2250.420832847481,2269.237060546875,307600
2016-02-19 00:00:00+09:00,2205.261835871516,2246.657535862278,2171.392626788165,2227.84130859375,352400
2016-02-22 00:00:00+09:00,2190.2088540566933,2246.657535862278,2171.392626788165,2227.84130859375,542600
2016-02-23 00:00:00+09:00,2224.0776363084296,2261.710083623293,2190.2084337250526,2239.130615234375,456400
2016-02-24 00:00:00+09:00,2193.9722019883457,2367.081500944544,2193.9722019883457,2295.579833984375,923400
2016-02-25 00:00:00+09:00,2303.218920361865,2307.03852056147,2162.657633016398,2224.53515625,844100
2016-02-26 00:00:00+09:00,2224.5351081566346,2264.2589493737173,2180.2277467991194,2233.7021484375,487700
2016-02-29 00:00:00+09:00,2307.0387059613004,2375.7915150793524,2223.771414918326,2236.758056640625,439900
2016-03-01 00:00:00+09:00,2274.954089277665,2290.2324914890664,2230.646722864601,2277.245849609375,317400
2016-03-02 00:00:00+09:00,2329.955929383537,2341.4147290362425,2269.606251212619,2307.038330078125,279900
2016-03-03 00:00:00+09:00,2352.874225702872,2360.513427734375,2274.190444778393,2360.513427734375,606600
2016-03-04 00:00:00+09:00,2341.4149973602043,2349.0541980041203,2281.829232337661,2303.218994140625,306800
2016-03-07 00:00:00+09:00,2322.317057291667,2322.317057291667,2282.593212890625,2291.76025390625,164000
2016-03-08 00:00:00+09:00,2291.7602327502163,2295.5798331381334,2193.2145427419573,2203.909423828125,331800
2016-03-09 00:00:00+09:00,2218.4238402436663,2291.7601655409776,2196.270158643437,2216.132080078125,264600
2016-03-10 00:00:00+09:00,2219.187168751918,2360.5123412886146,2219.187168751918,2333.775146484375,462300
2016-03-11 00:00:00+09:00,2299.398927338766,2406.347714656848,2299.398927338766,2394.888916015625,448000
2016-03-14 00:00:00+09:00,2402.5283267873683,2494.1987239938817,2402.5283267873683,2448.363525390625,295600
2016-03-15 00:00:00+09:00,2459.82231191466,2540.0339090423117,2459.82231191466,2498.018310546875,325100
2016-03-16 00:00:00+09:00,2471.281014380216,2536.214209503035,2444.5438163884673,2517.1162109375,217300
2016-03-17 00:00:00+09:00,2498.0182710973227,2536.214269126334,2482.7398718857185,2505.657470703125,235400
2016-03-18 00:00:00+09:00,2505.658020673813,2528.5756245214393,2417.8072059245787,2494.19921875,363100
2016-03-22 00:00:00+09:00,2448.3637318851383,2501.838134765625,2410.1677298276477,2501.838134765625,258200
2016-03-23 00:00:00+09:00,2509.477123159223,2608.78672011834,2509.477123159223,2589.688720703125,254700
2016-03-24 00:00:00+09:00,2551.493023335153,2643.1634313591703,2513.2970199918122,2624.0654296875,422000
2016-03-25 00:00:00+09:00,2620.245829353166,2650.8026320278386,2570.591025006823,2624.0654296875,208200
2016-03-28 00:00:00+09:00,2643.1634123883928,2673.72021484375,2624.0654108537947,2673.72021484375,154300
2016-03-29 00:00:00+09:00,2662.2610142594676,2734.8334091962392,2643.163015591896,2704.276611328125,228300
2016-03-30 00:00:00+09:00,2692.8172507982576,2742.47203698319,2654.6212614252327,2719.554443359375,247700
2016-03-31 00:00:00+09:00,2708.096214283263,2708.096214283263,2589.6886224034592,2608.78662109375,323700
2016-04-01 00:00:00+09:00,2627.884869604317,2669.9004707171766,2551.4928675809356,2654.6220703125,390600
2016-04-04 00:00:00+09:00,2601.1473720954964,2685.1785647329425,2536.2141777847423,2666.08056640625,450300
2016-04-05 00:00:00+09:00,2750.111966799525,2879.9783652317246,2711.915967260643,2815.045166015625,1304900
2016-04-06 00:00:00+09:00,2815.0450691742217,3067.138657458481,2807.4058695292442,2975.46826171875,1233400
2016-04-07 00:00:00+09:00,2921.993362022679,3036.5813370039605,2910.5345645245507,3028.942138671875,840800
2016-04-08 00:00:00+09:00,2975.4686067960674,3028.9430105125566,2921.9942030795787,2956.37060546875,702400
2016-04-11 00:00:00+09:00,2979.287625703737,3013.664021384934,2895.2564362608114,2925.813232421875,443000
2016-04-12 00:00:00+09:00,2918.1742421454405,2933.452641318977,2818.8646475174546,2837.962646484375,532400
2016-04-13 00:00:00+09:00,2864.700376297056,2983.107991850668,2845.6023737884093,2967.82958984375,500900
2016-04-14 00:00:00+09:00,2998.385975420397,3013.6643752951504,2872.3391764536796,2906.715576171875,374900
2016-04-15 00:00:00+09:00,2864.7001350068476,2891.4373362669116,2849.421734286811,2876.158935546875,213400
2016-04-18 00:00:00+09:00,2826.5042929425335,2864.7002969012165,2799.7670901714555,2845.602294921875,186100
2016-04-19 00:00:00+09:00,2883.7984630549063,2891.437664281542,2837.9632556950933,2860.880859375,176400
2016-04-20 00:00:00+09:00,2868.5192373587215,2876.158436392966,2822.684043153256,2830.3232421875,145200
2016-04-21 00:00:00+09:00,2868.5195909795916,2933.4527907754014,2853.2411910276364,2857.060791015625,202000
2016-04-22 00:00:00+09:00,2837.9628260973686,2868.5196263783632,2765.390425430007,2803.58642578125,240900
2016-04-25 00:00:00+09:00,2822.6839017116185,2822.6839017116185,2757.750713174274,2761.5703125,179200
2016-04-26 00:00:00+09:00,2757.7512915200746,2933.4528973509937,2753.9316913933158,2883.798095703125,456300
2016-04-27 00:00:00+09:00,2868.519393719595,2914.3545904235034,2845.601795367641,2895.256591796875,265000
2016-04-28 00:00:00+09:00,2891.4374366428538,2891.4374366428538,2746.29262476382,2811.225830078125,429900
2016-05-02 00:00:00+09:00,2742.4732226033198,2837.9632373179197,2734.8340214261516,2818.865234375,295300
2016-05-06 00:00:00+09:00,2792.127107105809,2818.864302385892,2757.750713174274,2761.5703125,217500
2016-05-09 00:00:00+09:00,2788.308041132108,2795.947241244799,2723.3748401742373,2753.931640625,239800
2016-05-10 00:00:00+09:00,2738.6531810444367,2776.8491807800633,2734.8335810708736,2765.390380859375,141300
2016-05-11 00:00:00+09:00,2784.488749809584,2788.3083502894324,2700.4575392529164,2742.47314453125,192900
2016-05-12 00:00:00+09:00,2734.8340066011738,2738.6536071690525,2677.5399980829925,2685.17919921875,113300
2016-05-13 00:00:00+09:00,2688.9981540084386,2738.6529494659812,2643.1629582014766,2715.7353515625,137000
2016-05-16 00:00:00+09:00,2700.457415558571,2719.5554170830305,2620.2458091558415,2627.885009765625,141900
2016-05-17 00:00:00+09:00,2612.6060947516025,2688.998085826211,2612.6060947516025,2681.35888671875,102900
2016-05-18 00:00:00+09:00,2673.720440913008,2673.720440913008,2604.9676295752447,2631.704833984375,145600
2016-05-19 00:00:00+09:00,2639.343994140625,2666.0811981333663,2616.426390718275,2639.343994140625,161600
2016-05-20 00:00:00+09:00,2646.9831325350365,2753.931945970796,2646.9831325350365,2742.47314453125,210700
2016-05-23 00:00:00+09:00,2738.6532725382194,2738.6532725382194,2643.163270008993,2654.6220703125,237600
2016-05-24 00:00:00+09:00,2658.442100947522,2673.7205038265306,2612.6068923104954,2620.24609375,116100
2016-05-25 00:00:00+09:00,2669.9006757426832,2776.84948678817,2669.9006757426832,2708.0966796875,292900
2016-05-26 00:00:00+09:00,2773.029462087971,2803.586260568279,2734.8334639875857,2788.307861328125,216700
2016-05-27 00:00:00+09:00,2773.029661051432,2792.1276614718968,2731.0140601264106,2750.112060546875,111900
2016-05-30 00:00:00+09:00,2788.308085429848,2811.225686132011,2731.01408367444,2792.127685546875,224900
2016-05-31 00:00:00+09:00,2780.669108072917,2803.5867106119795,2742.473103841146,2795.947509765625,190300
2016-06-01 00:00:00+09:00,2773.029661051432,2811.225661892361,2734.8336602105032,2750.112060546875,209200
2016-06-02 00:00:00+09:00,2750.1119612068965,2807.405960398707,2746.292361260776,2769.2099609375,234600
2016-06-03 00:00:00+09:00,2941.091583681778,3070.9579652988955,2925.81318584447,2983.107177734375,1035300
2016-06-06 00:00:00+09:00,2964.00918043774,3120.612758270146,2941.091583681778,2983.107177734375,977000
2016-06-07 00:00:00+09:00,2990.746337890625,3028.942331988845,2975.467940251337,2990.746337890625,427800
2016-06-08 00:00:00+09:00,2994.566692191377,3116.793904117556,2994.566692191377,3078.597900390625,532700
2016-06-09 00:00:00+09:00,3044.2211318969726,3101.5151306152343,3036.581932067871,3055.679931640625,262100
2016-06-10 00:00:00+09:00,3067.1390151006876,3074.77821563643,2979.2882089396467,3002.205810546875,253800
2016-06-13 00:00:00+09:00,2918.1741401701975,2971.648535408918,2902.8957415305626,2952.550537109375,210500
2016-06-14 00:00:00+09:00,2941.091630502407,3032.762018985599,2902.895635301077,2925.813232421875,375600
2016-06-15 00:00:00+09:00,2941.091738129649,2986.9269340485525,2891.4369425508366,2952.550537109375,214100
2016-06-16 00:00:00+09:00,2929.6332317280703,2944.911631893536,2837.9628307352755,2849.421630859375,160900
2016-06-17 00:00:00+09:00,2872.339497692953,2910.5355016516355,2834.14349373427,2845.602294921875,245900
2016-06-20 00:00:00+09:00,2891.4371961091692,2925.813596062911,2868.519596140008,2902.89599609375,230100
2016-06-21 00:00:00+09:00,2872.3392753802914,2899.0764760819693,2818.8648739769346,2887.61767578125,209700
2016-06-22 00:00:00+09:00,2876.15883114894,2876.15883114894,2803.5864303629774,2849.421630859375,188400
2016-06-23 00:00:00+09:00,2902.895956364829,2979.2879552165355,2883.797956651903,2910.53515625,357800
2016-06-24 00:00:00+09:00,3017.483990511155,3028.9427904751215,2765.390391303894,2857.060791015625,544100
2016-06-27 00:00:00+09:00,2910.535142389113,3025.1231401209675,2899.0763426159274,2960.18994140625,521400
2016-06-28 00:00:00+09:00,2964.009852482722,3216.1034739567685,2952.5510515066294,3177.907470703125,920800
2016-06-29 00:00:00+09:00,3177.9071148523985,3177.9071148523985,3082.41711741092,3105.334716796875,497700
2016-06-30 00:00:00+09:00,3132.071768883431,3132.071768883431,3017.4837773389154,3086.236572265625,459100
2016-07-01 00:00:00+09:00,2872.339497692953,2918.174702443372,2799.7670901714555,2845.602294921875,1247700
2016-07-04 00:00:00+09:00,2899.0765749217694,2906.7157753826964,2784.4885680078655,2822.6845703125,620200
2016-07-05 00:00:00+09:00,2715.735496105256,2753.9314946440077,2547.6731025347476,2593.50830078125,1318100
2016-07-06 00:00:00+09:00,2555.3124724113536,2559.1320725195915,2394.889267865349,2467.461669921875,1403900
2016-07-07 00:00:00+09:00,2532.395388529181,2536.214989416857,2429.2661645619296,2509.477783203125,715700
2016-07-08 00:00:00+09:00,2547.673792079885,2562.952195630589,2498.0189805400973,2509.477783203125,588600
2016-07-11 00:00:00+09:00,2509.477783203125,2509.477783203125,2509.477783203125,2509.477783203125,0
2016-07-12 00:00:00+09:00,2528.5751900540868,2528.5751900540868,2471.281190279447,2482.739990234375,611500
2016-07-13 00:00:00+09:00,2566.7710675495427,2578.229866958246,2486.5594716886194,2505.657470703125,463900
2016-07-14 00:00:00+09:00,2490.379334148378,2540.0341368231157,2478.920533531131,2501.838134765625,305300
2016-07-15 00:00:00+09:00,2501.8382981668306,2509.4774990772635,2398.7090858759843,2425.4462890625,429300
2016-07-19 00:00:00+09:00,2371.971515060565,2536.2143091790904,2364.332315334122,2498.018310546875,407100
2016-07-20 00:00:00+09:00,2540.034478635204,2643.163698068513,2540.034478635204,2620.24609375,636300
2016-07-21 00:00:00+09:00,2620.24558969351,2620.24558969351,2475.1007902644233,2482.739990234375,590600
2016-07-22 00:00:00+09:00,2498.019139738559,2540.034752180645,2482.740735214164,2524.75634765625,388500
2016-07-25 00:00:00+09:00,2505.658108074961,2505.658108074961,2417.807290261357,2433.085693359375,434600
2016-07-26 00:00:00+09:00,2459.8222067595634,2509.477002858747,2429.2654091600657,2471.281005859375,533200
2016-07-27 00:00:00+09:00,2478.920800393725,2486.5600016276044,2379.6111843532985,2406.348388671875,537800
2016-07-28 00:00:00+09:00,2406.3482867864172,2440.724690883366,2375.791483144685,2425.4462890625,288000
2016-07-29 00:00:00+09:00,2398.7086689635094,2463.641865416343,2364.3322708414207,2459.822265625,390000
2016-08-01 00:00:00+09:00,2421.626668294271,2456.0030721028647,2387.2502644856772,2429.265869140625,369800
2016-08-02 00:00:00+09:00,2371.9719831194197,2448.3639954582095,2360.5131812686013,2406.348388671875,449300
2016-08-03 00:00:00+09:00,2138.976341504205,2153.490823821555,1987.7201573549792,1998.4150390625,1719300
2016-08-04 00:00:00+09:00,1978.5530992681054,1984.6644601924856,1889.1744457490443,1910.564208984375,1515500
2016-08-05 00:00:00+09:00,1917.4395538230672,1923.5509149507902,1837.9918591626692,1876.1878662109375,1004900
2016-08-08 00:00:00+09:00,1892.229884413422,1899.105164574795,1828.0606029072744,1863.96484375,631200
2016-08-09 00:00:00+09:00,1858.617699700433,1925.0787518475508,1840.283616349504,1922.0230712890625,572200
2016-08-10 00:00:00+09:00,1895.2853964560459,1925.0782745140007,1886.1183570535982,1896.04931640625,429600
2016-08-12 00:00:00+09:00,1923.550723971604,1935.7734450135204,1899.8692019528908,1911.3280029296875,266100
2016-08-15 00:00:00+09:00,1914.3831220230147,1918.9666410701568,1866.2561720280228,1876.9510498046875,354300
2016-08-16 00:00:00+09:00,1878.4790977525026,1883.8265372337012,1841.047021384112,1860.14501953125,312300
2016-08-17 00:00:00+09:00,1850.9783323167567,1859.381453099045,1823.4772097565408,1839.51953125,276100
2016-08-18 00:00:00+09:00,1834.171843840757,1878.4792020010086,1812.7820847289115,1816.6016845703125,343400
2016-08-19 00:00:00+09:00,1812.7824231350805,1816.602023689516,1756.2523349294354,1776.1142578125,387200
2016-08-22 00:00:00+09:00,1794.4484063562898,1839.5196945534037,1770.0029619103973,1831.8804931640625,386500
2016-08-23 00:00:00+09:00,1828.0604870660522,1873.1317652678479,1821.9491273098765,1863.2008056640625,343600
2016-08-24 00:00:00+09:00,1890.7019608109085,1897.5772406684027,1827.2966021251286,1856.3255615234375,322300
2016-08-25 00:00:00+09:00,1909.800315145972,1958.6912032137088,1899.869353507213,1951.052001953125,738900
2016-08-26 00:00:00+09:00,1986.192287085352,2073.2791796729407,1975.497405539508,2049.59765625,1430100
2016-08-29 00:00:00+09:00,1972.195475949204,1992.3199195813386,1822.0361657709677,1829.0023193359375,1235300
2016-08-30 00:00:00+09:00,1796.4940148085577,1796.4940148085577,1760.8892217533257,1765.5333251953125,526200
2016-08-31 00:00:00+09:00,1763.2110040452744,1804.2339115142822,1755.470832824707,1783.33544921875,438100
2016-09-01 00:00:00+09:00,1811.9741187351567,1829.002495758725,1777.143347550585,1802.6859130859375,636700
2016-09-02 00:00:00+09:00,1805.0076278541324,1873.1211232448543,1804.233610861056,1870.799072265625,566500
2016-09-05 00:00:00+09:00,1832.0984799924383,1852.9969417414015,1820.4882234652366,1831.324462890625,539200
2016-09-06 00:00:00+09:00,1822.0364728691693,1847.57904024584,1786.431681980477,1846.031005859375,481900
2016-09-07 00:00:00+09:00,1805.7817161430748,1848.3526524430615,1796.4935118594412,1826.68017578125,485900
2016-09-08 00:00:00+09:00,1835.1945729804067,1841.3867098778524,1790.301580473927,1810.426025390625,432700
2016-09-09 00:00:00+09:00,1771.7252762036358,1776.3693791556768,1731.476383952614,1751.600830078125,786400
2016-09-12 00:00:00+09:00,1731.4762928110308,1761.662960410329,1719.86603604207,1749.2786865234375,346200
2016-09-13 00:00:00+09:00,1747.7308944729346,1763.2112389766808,1731.4765327440011,1736.8946533203125,386900
2016-09-14 00:00:00+09:00,1729.154262013528,1738.4424675391156,1706.7077653266917,1712.89990234375,479300
2016-09-15 00:00:00+09:00,1705.9338358858206,1717.5440933895807,1650.9786170346893,1696.6456298828125,735600
2016-09-16 00:00:00+09:00,1714.4478931868248,1774.8212275744422,1712.1258418642242,1773.273193359375,950300
2016-09-20 00:00:00+09:00,1773.273366507198,1773.273366507198,1719.8661808725421,1722.188232421875,431200
2016-09-21 00:00:00+09:00,1719.866396939189,1763.9853819191771,1719.866396939189,1761.663330078125,360700
2016-09-23 00:00:00+09:00,1755.4708052105832,1798.0417462540497,1723.7361037054536,1791.849609375,562700
2016-09-26 00:00:00+09:00,1811.1997283935548,1870.0250187174481,1805.007592569987,1857.6407470703125,660800
2016-09-27 00:00:00+09:00,1829.0023008173737,1868.4771706191875,1819.7140961581235,1862.2850341796875,633200
2016-09-28 00:00:00+09:00,1857.6408916719342,1883.1834539324234,1832.8723464496418,1836.742431640625,403600
2016-09-29 00:00:00+09:00,1836.742792095997,1836.742792095997,1790.301760690283,1805.7821044921875,551200
2016-09-30 00:00:00+09:00,1782.5612212963244,1815.843953608848,1753.1485741364197,1790.3013916015625,480600
2016-10-03 00:00:00+09:00,1945.1052975634636,2058.885830290017,1914.1446083861701,2033.34326171875,2418900
2016-10-04 00:00:00+09:00,2017.8631273955223,2034.8915082174253,1957.4897772087747,1976.8402099609375,1412600
2016-10-05 00:00:00+09:00,1957.4892945576685,2117.7108382403244,1955.1672431999486,1979.935791015625,1157600
2016-10-06 00:00:00+09:00,1989.2239016835063,1992.3199700129749,1958.2632183888213,1971.4215087890625,495000
2016-10-07 00:00:00+09:00,1966.0036846439189,1969.8737706373124,1908.7264119416946,1920.336669921875,513900
2016-10-11 00:00:00+09:00,1920.3364838722703,1932.7207578512932,1904.8561413984912,1909.500244140625,304100
2016-10-12 00:00:00+09:00,1904.8557482189774,1930.3983080284963,1890.149425904406,1914.91796875,372300
2016-10-13 00:00:00+09:00,1914.9186061339158,1914.9186061339158,1871.5736417266808,1890.924072265625,331100
2016-10-14 00:00:00+09:00,1878.5394360202395,1904.8560165001275,1878.5394360202395,1900.2119140625,209500
2016-10-17 00:00:00+09:00,1912.5963159838464,1924.206572859507,1890.923836482613,1921.884521484375,309400
2016-10-18 00:00:00+09:00,1904.0823124641913,1946.6532584745696,1892.472054461361,1942.0091552734375,330500
2016-10-19 00:00:00+09:00,1947.4271681344605,2010.122557887597,1946.6531509770143,2007.0264892578125,474600
2016-10-20 00:00:00+09:00,1996.1897619548752,2004.7039486092,1970.6472019919008,2003.929931640625,403300
2016-10-21 00:00:00+09:00,2004.7041240428698,2029.4726692047893,1975.2914766630902,1983.8056640625,308200
2016-10-24 00:00:00+09:00,2003.9302086246482,2099.908325994079,2000.8341403224085,2010.8963623046875,559100
2016-10-25 00:00:00+09:00,1993.0939705897806,2023.2806365521112,1991.5459364378662,2013.992431640625,335000
2016-10-26 00:00:00+09:00,2034.8906709247324,2096.812030252986,2034.8906709247324,2069.721435546875,547700
2016-10-27 00:00:00+09:00,2099.9083598936872,2165.699812378377,2098.360325717577,2113.066650390625,851400
2016-10-28 00:00:00+09:00,2106.8744840262534,2120.8067914151115,2082.1059375571717,2115.388671875,757000
2016-10-31 00:00:00+09:00,2153.3159763424896,2177.3105109458747,2108.4229761168012,2130.095458984375,519800
2016-11-01 00:00:00+09:00,2150.993592557787,2165.6999179477107,2133.965215790507,2155.6376953125,494200
2016-11-02 00:00:00+09:00,2133.96575907679,2139.3838803366875,2094.490875611822,2120.033447265625,590700
2016-11-04 00:00:00+09:00,2166.4737260938305,2260.903806330861,2153.315436224736,2254.711669921875,986200
2016-11-07 00:00:00+09:00,2250.8417634795983,2289.5426191102656,2230.7173185516513,2240.779541015625,511900
2016-11-08 00:00:00+09:00,2274.062308896821,2281.028463008486,2230.7173499797955,2244.649658203125,481400
2016-11-09 00:00:00+09:00,2246.1979231281853,2260.130232782323,2113.840981413878,2164.152099609375,514100
2016-11-10 00:00:00+09:00,2269.418189933013,2302.7009260063824,2243.1016079215115,2296.5087890625,590300
2016-11-11 00:00:00+09:00,2277.158681112197,2277.158681112197,2191.2427689424303,2202.85302734375,572300
2016-11-14 00:00:00+09:00,2226.0734189611635,2226.0734189611635,2176.5363192346285,2193.564697265625,301200
2016-11-15 00:00:00+09:00,2195.8869312491697,2202.0790692294286,2144.8017929120374,2185.82470703125,451100
2016-11-16 00:00:00+09:00,2172.6660770729964,2182.7282997313323,2129.3211179293953,2174.214111328125,499100
2016-11-17 00:00:00+09:00,2161.055550476507,2207.496572334885,2137.0610225163455,2182.72802734375,461200
2016-11-18 00:00:00+09:00,2188.920443327064,2225.299248431863,2171.892066469498,2198.982666015625,386200
2016-11-21 00:00:00+09:00,2198.982415612843,2270.1919834538785,2181.180023652584,2263.225830078125,488100
2016-11-22 00:00:00+09:00,2301.1530257349154,2376.23269055035,2283.350630984864,2349.14208984375,685500
2016-11-24 00:00:00+09:00,2303.474937882263,2337.531690996114,2246.97168839792,2277.932373046875,693400
2016-11-25 00:00:00+09:00,2300.3788746524265,2314.3111827761627,2263.2260529891305,2296.5087890625,382800
2016-11-28 00:00:00+09:00,2306.5710218439053,2349.141963522233,2298.8308506296644,2333.66162109375,246700
2016-11-29 00:00:00+09:00,2320.503130106209,2387.842613868464,2318.1810789419933,2368.4921875,348400
2016-11-30 00:00:00+09:00,2492.334781044408,2585.2168225740133,2488.464695980674,2500.074951171875,988200
2016-12-01 00:00:00+09:00,2469.1145522721854,2550.3863478798903,2449.7641247465413,2534.906005859375,640400
2016-12-02 00:00:00+09:00,2515.555765264514,2569.736966362519,2503.9455078863703,2558.126708984375,444000
2016-12-05 00:00:00+09:00,2581.3470358546774,2589.0872068767308,2426.5436154136173,2445.89404296875,631800
2016-12-06 00:00:00+09:00,2500.0752813901618,2542.6462227141433,2453.6342544912736,2480.724853515625,352600
2016-12-07 00:00:00+09:00,2461.373926244076,2476.854265402844,2426.5431631368483,2449.763671875,405200
2016-12-08 00:00:00+09:00,2453.6342045710635,2461.3743755634014,2376.2324946476865,2414.933349609375,654000
2016-12-09 00:00:00+09:00,2380.1021627115365,2434.2833501553764,2364.621823441868,2422.673095703125,455500
2016-12-12 00:00:00+09:00,2438.154028588599,2469.1147146659146,2430.41385706927,2465.24462890625,234600
2016-12-13 00:00:00+09:00,2476.8547453703704,2519.425686306424,2465.2444887514466,2507.8154296875,243400
2016-12-14 00:00:00+09:00,2480.724673162908,2523.2956113919126,2480.724673162908,2488.46484375,173600
2016-12-15 00:00:00+09:00,2492.334781044408,2519.425376490543,2457.504015470806,2500.074951171875,267900
2016-12-16 00:00:00+09:00,2476.8544407894738,2507.815121299342,2449.7638453433387,2500.074951171875,334700
2016-12-19 00:00:00+09:00,2465.2443739066093,2538.775995734279,2465.2443739066093,2523.295654296875,271500
2016-12-20 00:00:00+09:00,2523.2960350399926,2654.8789571126304,2519.4259490966797,2600.69775390625,657800
2016-12-21 00:00:00+09:00,2616.177562040441,2654.8784135499154,2565.866455078125,2565.866455078125,295300
2016-12-22 00:00:00+09:00,2592.9570751162096,2627.787841796875,2558.1263084355437,2627.787841796875,245000
2016-12-26 00:00:00+09:00,2654.8787314967103,2724.540272556391,2565.8667623648967,2573.60693359375,469900
2016-12-27 00:00:00+09:00,2577.4770587502317,2627.788172509621,2577.4770587502317,2608.437744140625,168600
2016-12-28 00:00:00+09:00,2573.60693359375,2577.4770192081764,2531.0359918350564,2573.60693359375,336900
2016-12-29 00:00:00+09:00,2581.346891935881,2604.567403707418,2534.905868392807,2577.476806640625,366100
2016-12-30 00:00:00+09:00,2306.5708749097566,2414.9332650061883,2244.649509140367,2345.271728515625,1494100
2017-01-04 00:00:00+09:00,2453.6345790207006,2608.4380224920383,2422.673890326433,2430.4140625,1046600
2017-01-05 00:00:00+09:00,2426.543180520542,2445.893604607628,2383.9722475289536,2422.673095703125,403600
2017-01-06 00:00:00+09:00,2484.594898079015,2492.335069101068,2414.933358880538,2445.89404296875,620400
2017-01-10 00:00:00+09:00,2434.2839428289344,2484.5950577045724,2418.8035997902766,2465.24462890625,521200
2017-01-11 00:00:00+09:00,2442.0235022956163,2465.244011033768,2426.5431631368483,2449.763671875,252100
2017-01-12 00:00:00+09:00,2469.114533664662,2488.464961044479,2434.2837643809908,2472.984619140625,306400
2017-01-13 00:00:00+09:00,2457.503934001776,2550.385972452237,2457.503934001776,2519.42529296875,326800
2017-01-16 00:00:00+09:00,2503.9454938075337,2542.6463515170785,2488.465150723716,2496.205322265625,252700
2017-01-17 00:00:00+09:00,2503.944976758123,2503.944976758123,2430.41336229382,2434.283447265625,238600
2017-01-18 00:00:00+09:00,2442.023966598511,2484.5949073791503,2430.4137100219727,2476.854736328125,242700
2017-01-19 00:00:00+09:00,2492.3353814446964,2507.815725428825,2453.634521484375,2453.634521484375,126200
2017-01-20 00:00:00+09:00,2442.023681640625,2457.5040219362863,2426.543341344963,2442.023681640625,200300
2017-01-23 00:00:00+09:00,2445.89381875,2453.6339890625,2403.32288203125,2418.80322265625,277900
2017-01-24 00:00:00+09:00,2391.713134765625,2442.024252487232,2376.2327908512843,2391.713134765625,392100
2017-01-25 00:00:00+09:00,2399.4532917939973,2403.3233777485034,2292.638919449619,2311.21533203125,773900
2017-01-26 00:00:00+09:00,2333.662077573115,2333.662077573115,2272.5147130197897,2317.40771484375,732700
2017-01-27 00:00:00+09:00,2318.9551892784552,2391.7127953506097,2306.570915904472,2380.1025390625,321500
2017-01-30 00:00:00+09:00,2387.842613868464,2407.193040236928,2349.141761131536,2368.4921875,214000
2017-01-31 00:00:00+09:00,2356.881984597386,2360.7520699579727,2341.401643155038,2345.271728515625,144700
2017-02-01 00:00:00+09:00,2345.271675857843,2376.232358047386,2337.5315053104573,2368.4921875,136300
2017-02-02 00:00:00+09:00,2372.3624771649565,2391.71290520056,2329.7915354866295,2333.66162109375,236200
2017-02-03 00:00:00+09:00,2322.051267999521,2325.9213534461865,2214.46289258221,2220.655029296875,914000
2017-02-06 00:00:00+09:00,2223.7511749112036,2286.446561325338,2196.660575843368,2277.932373046875,392800
2017-02-07 00:00:00+09:00,2267.0959199451263,2280.2542096819197,2253.1636131649925,2275.610107421875,248200
2017-02-08 00:00:00+09:00,2273.2885129132505,2293.412960082384,2252.3900485453046,2271.740478515625,185300
2017-02-09 00:00:00+09:00,2267.8702699523947,2277.1584758361587,2245.423772399965,2268.644287109375,151400
2017-02-10 00:00:00+09:00,2284.1247246166677,2284.1247246166677,2246.9718995466574,2280.254638671875,230400
2017-02-13 00:00:00+09:00,2294.9606188279963,2349.141813876212,2283.3503627462355,2345.271728515625,319900
2017-02-14 00:00:00+09:00,2372.362422147604,2395.5829352518217,2356.882080078125,2356.882080078125,232900
2017-02-15 00:00:00+09:00,2399.4529662093496,2426.543564214939,2353.0119410569105,2380.1025390625,253400
2017-02-16 00:00:00+09:00,2380.1028145133673,2411.0635015314274,2368.4925568815947,2383.972900390625,181600
2017-02-17 00:00:00+09:00,2356.882080078125,2387.8427642170823,2345.2718235260163,2356.882080078125,239500
2017-02-20 00:00:00+09:00,2302.70070861899,2356.881901762966,2247.7454984301,2287.994384765625,951700
2017-02-21 00:00:00+09:00,2266.3223281143637,2283.3507062627637,2247.745915588836,2274.0625,467900
2017-02-22 00:00:00+09:00,2252.389621022873,2269.417996164627,2222.2029559988555,2260.90380859375,652200
2017-02-23 00:00:00+09:00,2205.9490706937954,2247.7460004543095,2188.1466746846877,2236.1357421875,1138700
2017-02-24 00:00:00+09:00,2197.676380282632,2217.2984908208696,2175.6996164798056,2200.81591796875,671100
2017-02-27 00:00:00+09:00,2215.727953010431,2266.74542270426,2204.7395749225298,2247.908203125,393500
2017-02-28 00:00:00+09:00,2240.844761811404,2297.3564335628653,2236.135455832116,2283.228515625,454700
2017-03-01 00:00:00+09:00,2279.30385828564,2300.4957330011057,2252.6177938291275,2262.8212890625,301000
2017-03-02 00:00:00+09:00,2276.164433235192,2291.0772346943195,2254.972557477485,2265.9609375,267900
2017-03-03 00:00:00+09:00,2258.8972113523228,2276.1646674502213,2211.0192648990596,2217.29833984375,301200
2017-03-06 00:00:00+09:00,2200.0305715641507,2235.350363116197,2185.902654943332,2229.0712890625,218900
2017-03-07 00:00:00+09:00,2229.0713423542315,2272.239977505458,2214.158541120172,2258.112060546875,256400
2017-03-08 00:00:00+09:00,2251.0485984051165,2274.595131861237,2231.4264871916826,2272.240478515625,245100
2017-03-09 00:00:00+09:00,2253.4033339601124,2290.292904387185,2228.287030690616,2274.59521484375,332100
2017-03-10 00:00:00+09:00,2297.356152160686,2315.408489536735,2276.9491620834133,2302.850341796875,423400
2017-03-13 00:00:00+09:00,2291.862338017278,2331.891440496347,2279.304188219923,2299.711181640625,319700
2017-03-14 00:00:00+09:00,2284.01329485619,2308.3447079629054,2270.6702618621844,2287.15283203125,231300
2017-03-15 00:00:00+09:00,2293.4317454121315,2317.7631568110965,2280.0887133546344,2289.50732421875,211000
2017-03-16 00:00:00+09:00,2305.990009255112,2335.8156118254637,2298.14116647344,2327.181884765625,320400
2017-03-17 00:00:00+09:00,2334.245667716525,2393.8968683710164,2328.751478182559,2370.350341796875,396600
2017-03-21 00:00:00+09:00,2342.8795703289684,2362.5016772831473,2313.8388520367835,2327.181884765625,216300
2017-03-22 00:00:00+09:00,2292.647516230382,2307.560321026129,2287.9382094527773,2294.21728515625,132900
2017-03-23 00:00:00+09:00,2275.379903441759,2305.990395416312,2258.112446430473,2303.6357421875,198800
2017-03-24 00:00:00+09:00,2261.2513813682735,2297.3560545869273,2253.4025393642187,2286.36767578125,260500
2017-03-27 00:00:00+09:00,2263.6058686160395,2269.8849417606057,2197.675600598097,2206.309326171875,400700
2017-03-28 00:00:00+09:00,2197.676059274911,2215.7283983332404,2191.39698481984,2205.52490234375,296400
2017-03-29 00:00:00+09:00,2211.0192320304304,2254.187871633438,2206.30992589192,2243.984375,262700
2017-03-30 00:00:00+09:00,2244.768933955492,2250.263123653984,2182.763078786791,2186.6875,277600
2017-03-31 00:00:00+09:00,2198.4608909257518,2218.0829981278735,2176.484130859375,2176.484130859375,202800
2017-04-03 00:00:00+09:00,2170.2047501880998,2181.978012847348,2121.54193119654,2167.85009765625,287200
2017-04-04 00:00:00+09:00,2193.7520361048905,2256.5427920578036,2179.6241160154855,2196.106689453125,540300
2017-04-05 00:00:00+09:00,2040.699172334732,2105.844568990033,2039.1294037406285,2080.728271484375,1238200
2017-04-06 00:00:00+09:00,2032.8504302741944,2068.9551097308017,2012.4434375378512,2025.0015869140625,726600
2017-04-07 00:00:00+09:00,2035.990190320258,2057.1820697106386,2007.7343511330841,2031.2808837890625,620400
2017-04-10 00:00:00+09:00,2038.3448572892967,2075.234425364998,2030.4960130178708,2069.740234375,313700
2017-04-11 00:00:00+09:00,2066.60069666643,2097.2111893249908,2057.182083540719,2069.740234375,460500
2017-04-12 00:00:00+09:00,2072.8792476066515,2093.2862375490117,2064.2455210925764,2089.36181640625,424600
2017-04-13 00:00:00+09:00,2095.641240537098,2108.9842746528775,2047.763294592243,2050.90283203125,288600
2017-04-14 00:00:00+09:00,2050.903122236144,2065.815927181604,2032.8507794074294,2038.344970703125,265000
2017-04-17 00:00:00+09:00,2038.3439118408662,2087.006723752354,2038.3439118408662,2083.8671875,209000
2017-04-18 00:00:00+09:00,2093.286855833717,2093.286855833717,2076.804282165735,2079.158935546875,179800
2017-04-19 00:00:00+09:00,2089.3622545604626,2117.618092713797,2087.7924857741664,2094.8564453125,219200
2017-04-20 00:00:00+09:00,2093.2862933734514,2109.7688626126123,2070.5246501384195,2090.931640625,324400
2017-04-21 00:00:00+09:00,2116.0483332284416,2160.001859437935,2060.3215410699777,2143.519287109375,753100
2017-04-24 00:00:00+09:00,2143.518965810679,2156.0771142738686,2116.832900326401,2148.228271484375,308400
2017-04-25 00:00:00+09:00,2137.2400744056013,2186.68778820933,2120.757503137692,2174.129638671875,356700
2017-04-26 00:00:00+09:00,2195.321443874832,2203.955171398115,2174.129567226773,2185.90283203125,347800
2017-04-27 00:00:00+09:00,2180.4085219777007,2251.8329912001523,2179.623637700531,2203.170166015625,351200
2017-04-28 00:00:00+09:00,2188.2572831318844,2205.5247365855794,2156.07702896818,2173.344482421875,430400
2017-05-01 00:00:00+09:00,2188.2574014451156,2203.9550872517525,2172.5597156384792,2183.548095703125,264700
2017-05-02 00:00:00+09:00,2194.5364943735535,2242.4144364897147,2189.827188591636,2204.739990234375,459300
2017-05-08 00:00:00+09:00,2261.252169303102,2362.5022664360768,2259.682400355304,2343.6650390625,928000
2017-05-09 00:00:00+09:00,2327.1822744756178,2334.246234162053,2297.3566669106685,2303.6357421875,403400
2017-05-10 00:00:00+09:00,2327.182183248517,2401.74619923793,2319.3333394601577,2397.82177734375,562300
2017-05-11 00:00:00+09:00,2370.3506574329244,2378.1995006694574,2351.5134336652454,2358.577392578125,321400
2017-05-12 00:00:00+09:00,2354.6532496423765,2358.5776717251138,2324.827641813573,2331.8916015625,209300
2017-05-15 00:00:00+09:00,2326.3973605922597,2342.09504858546,2302.8508286024594,2337.3857421875,247500
2017-05-16 00:00:00+09:00,2358.577184485109,2382.12371211724,2331.8911198353608,2338.955078125,324000
2017-05-17 00:00:00+09:00,2319.3328542680424,2338.9549596341003,2307.5595910484076,2328.75146484375,330000
2017-05-18 00:00:00+09:00,2284.0132857342155,2320.90284739384,2282.443517152955,2307.559814453125,237200
2017-05-19 00:00:00+09:00,2315.408758812079,2335.8157512626262,2293.43199771149,2331.1064453125,182300
2017-05-22 00:00:00+09:00,2340.5253279500935,2374.2753578299908,2331.1067149603546,2366.426513671875,180000
2017-05-23 00:00:00+09:00,2358.5772558923113,2362.5016772831473,2323.2574633747895,2327.181884765625,184800
2017-05-24 00:00:00+09:00,2338.1706747026587,2374.2753578299908,2334.246252623601,2366.426513671875,277900
2017-05-25 00:00:00+09:00,2324.0423782645375,2335.815642592119,2297.3563124553534,2300.495849609375,399100
2017-05-26 00:00:00+09:00,2299.7114342144323,2303.6358564571187,2265.1765184787887,2272.240478515625,258800
2017-05-29 00:00:00+09:00,2279.3036977228517,2324.8269809418343,2279.3036977228517,2320.11767578125,280300
2017-05-30 00:00:00+09:00,2303.635489922395,2366.426235814658,2303.635489922395,2358.577392578125,259900
2017-05-31 00:00:00+09:00,2338.955456159938,2349.943837497602,2301.281005859375,2301.281005859375,471600
2017-06-01 00:00:00+09:00,2312.269660106539,2362.5022664360768,2298.926624050255,2343.6650390625,351000
2017-06-02 00:00:00+09:00,2346.0197622851697,2346.0197622851697,2310.6999599088454,2324.827880859375,307200
2017-06-05 00:00:00+09:00,2320.1179094094473,2327.181867861641,2258.8969361571003,2278.51904296875,531400
2017-06-06 00:00:00+09:00,2291.862380537015,2448.839255916262,2290.292611783222,2425.292724609375,1014400
2017-06-07 00:00:00+09:00,2425.2926240808824,2444.914732689951,2374.275141697304,2401.74609375,183900
2017-06-08 00:00:00+09:00,2405.6701316580866,2468.46086918913,2370.350341796875,2370.350341796875,374900
2017-06-09 00:00:00+09:00,2354.653025333277,2378.1995555866097,2319.333229953278,2325.6123046875,474100
2017-06-12 00:00:00+09:00,2334.245702635904,2358.577113793171,2305.204986093359,2350.728271484375,264600
2017-06-13 00:00:00+09:00,2362.502091592817,2378.1997799090486,2342.879981197528,2366.426513671875,171200
2017-06-14 00:00:00+09:00,2354.6528408971503,2358.5772622986456,2312.2690897610014,2334.245849609375,362400
2017-06-15 00:00:00+09:00,2340.5251474386705,2417.443814255904,2335.815841307003,2409.594970703125,296400
2017-06-16 00:00:00+09:00,2417.443742402755,2440.9902723612236,2405.670477423521,2421.3681640625,237800
2017-06-19 00:00:00+09:00,2433.1415683783375,2452.7636778007436,2421.368302724894,2425.292724609375,160600
2017-06-20 00:00:00+09:00,2460.612270703125,2488.08322109375,2444.914584765625,2452.763427734375,212800
2017-06-21 00:00:00+09:00,2437.0653615912242,2480.2339911846275,2437.0653615912242,2476.3095703125,248300
2017-06-22 00:00:00+09:00,2452.7636778007436,2492.0078966455553,2421.368302724894,2425.292724609375,213500
2017-06-23 00:00:00+09:00,2433.1415683783375,2440.9904121473,2413.5194589559314,2425.292724609375,170500
2017-06-26 00:00:00+09:00,2425.2924773437503,2460.612270703125,2421.368055859375,2452.763427734375,127000
2017-06-27 00:00:00+09:00,2429.217179624496,2456.6881331905242,2417.443913810484,2433.1416015625,167600
2017-06-28 00:00:00+09:00,2425.2926240808824,2425.2926240808824,2397.821672028186,2401.74609375,161500
2017-06-29 00:00:00+09:00,2417.443742402755,2421.3681640625,2386.0483691247973,2421.3681640625,83300
2017-06-30 00:00:00+09:00,2421.3677116613417,2476.3096046325877,2405.6700279552715,2456.6875,476400
2017-07-03 00:00:00+09:00,2346.8041867115458,2370.3507170129997,2269.100636716749,2298.141357421875,1297800
2017-07-04 00:00:00+09:00,2292.6470560681805,2311.4842793977377,2270.6702955170304,2295.001708984375,383800
2017-07-05 00:00:00+09:00,2260.467369699647,2265.9615612232224,2178.8393813493817,2221.22314453125,795200
2017-07-06 00:00:00+09:00,2222.007345579974,2233.780609509221,2207.879428864877,2215.728271484375,292900
2017-07-07 00:00:00+09:00,2213.3739292353293,2213.3739292353293,2192.9669355615283,2196.891357421875,243900
2017-07-10 00:00:00+09:00,2196.1065456346532,2205.5251584107846,2160.0018633261493,2185.1181640625,269200
2017-07-11 00:00:00+09:00,2193.751980804749,2204.7403628195134,2170.205447915968,2194.536865234375,185400
2017-07-12 00:00:00+09:00,2197.6760566363882,2197.6760566363882,2163.9260314809007,2170.989990234375,297600
2017-07-13 00:00:00+09:00,2195.3214701646266,2213.3738097476753,2140.3795670857835,2152.15283203125,400500
2017-07-14 00:00:00+09:00,2160.7864262969147,2170.989921953239,2138.8096664217555,2155.292236328125,251800
2017-07-17 00:00:00+09:00,2155.292236328125,2155.292236328125,2155.292236328125,2155.292236328125,0
2017-07-18 00:00:00+09:00,2172.5600761654855,2178.0542671095454,2134.8856239776446,2159.217041015625,275800
2017-07-19 00:00:00+09:00,2163.1412910296763,2182.7633999831387,2145.8738351506295,2181.978515625,233500
2017-07-20 00:00:00+09:00,2167.8504469092877,2170.2050998204854,2140.3794962786487,2163.926025390625,398900
2017-07-21 00:00:00+09:00,2144.303852614961,2149.0131582942035,2111.338712860266,2120.75732421875,635800
2017-07-24 00:00:00+09:00,2123.897089292379,2170.2052667751027,2122.3273205641513,2168.635498046875,388400
2017-07-25 00:00:00+09:00,2168.634927657508,2204.7395989105826,2162.3558543961035,2193.751220703125,330400
2017-07-26 00:00:00+09:00,2213.3735072693107,2225.1467706058497,2201.6002439327717,2212.588623046875,317500
2017-07-27 00:00:00+09:00,2193.751887141047,2193.751887141047,2169.4204708614866,2178.05419921875,312700
2017-07-28 00:00:00+09:00,2167.0652207010103,2194.5361669974736,2161.571031441718,2174.9140625,285100
2017-07-31 00:00:00+09:00,2181.978336328692,2183.548104915979,2162.3562289876068,2163.14111328125,200000
2017-08-01 00:00:00+09:00,2171.7749142658777,2187.472600671847,2159.216765141102,2185.90283203125,254900
2017-08-02 00:00:00+09:00,2170.205261005247,2174.1296828153827,2125.4668523696955,2127.03662109375,435800
2017-08-03 00:00:00+09:00,2116.8330458224177,2119.9725831540045,2054.827183523578,2097.2109375,709800
2017-08-04 00:00:00+09:00,2054.827022341826,2054.827022341826,1973.9839423948401,1975.5537109375,1333400
2017-08-07 00:00:00+09:00,1972.4142692211203,1997.5305671180865,1948.8677399427147,1992.036376953125,672300
2017-08-08 00:00:00+09:00,2021.0770416856278,2026.5712317018606,1995.9607444685637,2007.7340087890625,356100
2017-08-09 00:00:00+09:00,1999.885533590021,2003.0250713193616,1968.490156296614,1973.199462890625,450600
2017-08-10 00:00:00+09:00,1973.98419745643,1987.3272317931135,1960.6411631197461,1972.4144287109375,392900
2017-08-11 00:00:00+09:00,1972.4144287109375,1972.4144287109375,1972.4144287109375,1972.4144287109375,0
2017-08-14 00:00:00+09:00,1948.8677471043418,1950.4375157286706,1918.257258929928,1937.094482421875,431300
2017-08-15 00:00:00+09:00,1936.309503912974,1952.7920736665906,1915.9025127894483,1937.8792724609375,489400
2017-08-16 00:00:00+09:00,1938.6642340823882,1945.7281928300567,1919.8270107552719,1933.1700439453125,343800
2017-08-17 00:00:00+09:00,1937.09429790045,1941.0187190874447,1923.751265864669,1928.4605712890625,277000
2017-08-18 00:00:00+09:00,1919.0420893268895,1919.0420893268895,1890.0013705926992,1890.7862548828125,478700
2017-08-21 00:00:00+09:00,1896.2806230906315,1935.5248412837323,1896.2806230906315,1926.89111328125,418000
2017-08-22 00:00:00+09:00,1914.33278358621,1915.9025521664364,1881.3676434014535,1890.7862548828125,480800
2017-08-23 00:00:00+09:00,1897.84989172894,1902.5591966711957,1889.2161660014717,1895.4952392578125,379100
2017-08-24 00:00:00+09:00,1888.431894048159,1924.5365769767607,1888.431894048159,1919.8272705078125,510300
2017-08-25 00:00:00+09:00,1926.1063457997432,1927.676114622726,1904.9144666894772,1919.8272705078125,292400
2017-08-28 00:00:00+09:00,1921.3973388671877,1929.2461842056973,1917.4729161979328,1921.3973388671875,328400
2017-08-29 00:00:00+09:00,1929.3593875601273,1941.3034200873258,1918.2116238680753,1926.9705810546875,318500
2017-08-30 00:00:00+09:00,1933.341326320132,1935.730133560231,1915.027137479373,1930.15625,450000
2017-08-31 00:00:00+09:00,1930.1557490439586,1936.5259000309022,1918.211715943439,1932.5445556640625,256500
2017-09-01 00:00:00+09:00,1938.9147406740099,1943.6923539980526,1923.7856318145411,1926.1744384765625,181400
2017-09-04 00:00:00+09:00,1928.56335877801,1928.56335877801,1905.4715596844667,1927.76708984375,304200
2017-09-05 00:00:00+09:00,1931.7482920466243,1931.7482920466243,1874.4169330081425,1885.564697265625,531700
2017-09-06 00:00:00+09:00,1875.2127483820511,1880.7866291628047,1816.2888658426577,1879.194091796875,514200
2017-09-07 00:00:00+09:00,1867.2505945219957,1919.8043425980945,1864.0655188810201,1915.822998046875,516900
2017-09-08 00:00:00+09:00,1919.0080072754731,1925.3781583369685,1879.9908320238142,1882.379638671875,299700
2017-09-11 00:00:00+09:00,1889.5460453192659,1915.0266493859397,1882.379625425514,1907.8602294921875,159900
2017-09-12 00:00:00+09:00,1927.7668340086595,1958.821318323545,1917.415339237031,1953.2474365234375,296700
2017-09-13 00:00:00+09:00,1977.932094420897,2009.7828527851627,1959.6179083614443,1984.30224609375,555700
2017-09-14 00:00:00+09:00,1981.117225749694,1981.117225749694,1949.2664664932681,1951.6552734375,291100
2017-09-15 00:00:00+09:00,1937.322126724312,1941.303471004469,1922.193018459716,1940.5072021484375,284600
2017-09-18 00:00:00+09:00,1940.5072021484375,1940.5072021484375,1940.5072021484375,1940.5072021484375,0
2017-09-19 00:00:00+09:00,1940.5076606699963,1942.100198758359,1883.9725585331191,1923.7860107421875,669000
2017-09-20 00:00:00+09:00,1911.841097854948,1939.7105016137664,1908.6560231396545,1929.3590087890625,403800
2017-09-21 00:00:00+09:00,1926.97082090949,1934.933510252091,1914.230517961328,1927.76708984375,319800
2017-09-22 00:00:00+09:00,1926.173883814011,1988.282839141623,1919.8037345496407,1963.5985107421875,669500
2017-09-25 00:00:00+09:00,1988.2839222167968,2007.3943804199218,1981.117500390625,1990.6727294921875,298900
2017-09-26 00:00:00+09:00,1986.6908212050994,1997.0423164658876,1976.3393259443112,1981.9132080078125,327700
2017-09-27 00:00:00+09:00,1979.5243296925464,1984.301942716744,1946.8773073605294,1972.35791015625,432100
2017-09-28 00:00:00+09:00,1954.840620361328,1990.6727294921875,1950.0630058105469,1990.6727294921875,477400
2017-09-29 00:00:00+09:00,1981.1174458661417,2022.5234375,1975.5435623769683,2022.5234375,714000
2017-10-02 00:00:00+09:00,1943.6923953724556,1969.173000309743,1840.1774378147254,1872.824462890625,2447500
2017-10-03 00:00:00+09:00,1855.3061752831375,1899.1009562447566,1845.750950346057,1898.3046875,795100
2017-10-04 00:00:00+09:00,1932.5443812355236,2014.5600677898124,1911.8413923965768,1965.9876708984375,1406200
2017-10-05 00:00:00+09:00,2015.3569837492414,2067.114472466626,2008.1905622345266,2050.392822265625,1447200
2017-10-06 00:00:00+09:00,2033.6703204990174,2067.1136068972,2025.7076332613547,2051.188232421875,640500
2017-10-09 00:00:00+09:00,2051.188232421875,2051.188232421875,2051.188232421875,2051.188232421875,0
2017-10-10 00:00:00+09:00,2063.9287390081317,2114.8899424404312,2060.743663793613,2105.334716796875,781600
2017-10-11 00:00:00+09:00,2079.8545019416497,2089.4097293625146,2025.7082132234136,2032.8746337890625,661900
2017-10-12 00:00:00+09:00,2031.2821781968355,2035.2635231168606,2008.9866466446945,2017.74560546875,371500
2017-10-13 00:00:00+09:00,2010.5791664883436,2014.560511372479,1985.0985592298775,1998.6351318359375,337900
2017-10-16 00:00:00+09:00,2014.5600863928762,2080.650397527504,2011.3750111574725,2055.966064453125,737800
2017-10-17 00:00:00+09:00,2067.910376488746,2074.2805278217875,2043.2260400732082,2049.59619140625,499700
2017-10-18 00:00:00+09:00,2056.7627956856163,2112.501624836988,2056.7627956856163,2060.744140625,718800
2017-10-19 00:00:00+09:00,2063.9288233808165,2069.5027052340824,2009.7825425205172,2019.3377685546875,509500
2017-10-20 00:00:00+09:00,2018.5415377191534,2045.6146786589763,2017.745268867982,2035.26318359375,301400
2017-10-23 00:00:00+09:00,2055.9661350190077,2055.9661350190077,2001.8198541587085,2019.3377685546875,343000
2017-10-24 00:00:00+09:00,2020.1342467157344,2020.1342467157344,1968.376767000905,1980.32080078125,507200
2017-10-25 00:00:00+09:00,1977.13562434686,1986.6908508841786,1970.7654733219808,1976.33935546875,306200
2017-10-26 00:00:00+09:00,1974.7467250631312,1985.894488833649,1964.3952301333647,1970.765380859375,208000
2017-10-27 00:00:00+09:00,1989.8757950787383,2001.0235586366023,1976.3392250441889,1977.9317626953125,323300
2017-10-30 00:00:00+09:00,1974.7470070242002,1976.3395449330908,1934.9335593019382,1941.3037109375,537500
2017-10-31 00:00:00+09:00,1926.1743545408572,1968.37660373088,1905.4713643721668,1965.1915283203125,411800
2017-11-01 00:00:00+09:00,1971.5619154462931,1978.728335979014,1959.6178812250919,1966.7843017578125,251900
2017-11-02 00:00:00+09:00,1958.0251591586134,1962.8027723977154,1937.3221684558384,1955.6363525390625,234300
2017-11-03 00:00:00+09:00,1955.6363525390625,1955.6363525390625,1955.6363525390625,1955.6363525390625,0
2017-11-06 00:00:00+09:00,1899.1014548653882,1945.2850541870623,1858.491738220468,1919.0081787109375,695800
2017-11-07 00:00:00+09:00,1918.211531258499,1923.7854128354227,1910.248843291465,1921.3966064453125,255700
2017-11-08 00:00:00+09:00,1923.7856318145411,1932.5445895752862,1908.6565229550724,1926.1744384765625,260900
2017-11-09 00:00:00+09:00,1926.1743038564946,1950.8586376388637,1909.4526583910185,1928.5631103515625,419900
2017-11-10 00:00:00+09:00,1911.8414648860864,1936.5257986684558,1907.0638518959506,1928.5631103515625,234000
2017-11-13 00:00:00+09:00,1930.952056974185,1939.7110147583978,1902.286376953125,1902.286376953125,344100
2017-11-14 00:00:00+09:00,1900.6940442006523,1915.0268857572553,1891.935085471617,1909.4530029296875,245900
2017-11-15 00:00:00+09:00,1915.8223696412158,1916.6186382902772,1872.0275939428507,1895.119384765625,384800
2017-11-16 00:00:00+09:00,1891.1384235728872,1899.8973804820669,1876.8055849942293,1891.9346923828125,267800
2017-11-17 00:00:00+09:00,1906.2674313354491,1919.0077316284178,1894.323399810791,1911.0450439453125,189700
2017-11-20 00:00:00+09:00,1922.9893249813376,1945.2848533869183,1919.804249494826,1933.3408203125,184300
2017-11-21 00:00:00+09:00,1933.3406342235396,1943.6921285583444,1919.8040647087948,1922.19287109375,343700
2017-11-22 00:00:00+09:00,1922.1928357938518,1930.9517923778337,1905.47119140625,1905.47119140625,285800
2017-11-23 00:00:00+09:00,1905.47119140625,1905.47119140625,1905.47119140625,1905.47119140625,0
2017-11-24 00:00:00+09:00,1931.7480819945342,1969.1727150752197,1922.9891253160758,1948.4697265625,431600
2017-11-27 00:00:00+09:00,1969.9690861414151,1982.7093874260806,1935.7295264388763,1952.451171875,400400
2017-11-28 00:00:00+09:00,1954.0439581620067,1997.8387494003564,1950.8588824355813,1997.04248046875,297000
2017-11-29 00:00:00+09:00,2002.6165120121047,2017.7456228384387,1999.431436048666,2014.560546875,263700
2017-11-30 00:00:00+09:00,1988.2831305705326,1988.2831305705326,1940.5070040850574,1978.7279052734375,517100
2017-12-01 00:00:00+09:00,1988.2834021743463,2001.023704310826,1941.3035380460778,1950.8587646484375,398700
2017-12-04 00:00:00+09:00,1945.2846160410656,1969.9689480497734,1931.748046875,1931.748046875,327300
2017-12-05 00:00:00+09:00,1954.8398420306999,1984.301786696743,1937.3219289860256,1978.7279052734375,302400
2017-12-06 00:00:00+09:00,1979.5240398062451,1984.3016521307975,1951.654634579689,1957.228515625,214200
2017-12-07 00:00:00+09:00,1978.7279733454732,1994.6533493884951,1971.5615541261134,1989.0794677734375,285000
2017-12-08 00:00:00+09:00,1990.6718780891658,2017.7450156311784,1990.6718780891658,2013.763671875,367400
2017-12-11 00:00:00+09:00,2031.2815349748498,2036.85541609787,2011.37481667835,2023.31884765625,291300
2017-12-12 00:00:00+09:00,2012.1715836253968,2012.9678525544134,1954.0439518071719,1975.543212890625,487000
2017-12-13 00:00:00+09:00,1985.0984464946548,2003.412631921601,1978.728295041804,1997.04248046875,236200
2017-12-14 00:00:00+09:00,2003.4127283695677,2019.338107768372,1993.0612317603452,2001.8201904296875,197600
2017-12-15 00:00:00+09:00,2003.4123744197407,2004.2086432490014,1972.3578900785762,1999.4310302734375,349400
2017-12-18 00:00:00+09:00,2006.5972541360295,2007.3935228876708,1979.5241165802258,1989.8756103515625,237200
2017-12-19 00:00:00+09:00,1992.2650495948158,2012.9680437153054,1984.3023595484735,2008.1904296875,220300
2017-12-20 00:00:00+09:00,2014.5603539282788,2029.6894633056058,2001.8200512947403,2005.005126953125,193600
2017-12-21 00:00:00+09:00,1991.468475498174,2024.1154996866685,1988.283399967589,2020.1341552734375,264000
2017-12-22 00:00:00+09:00,2022.5229831593108,2033.6707476334172,2008.9864120121815,2016.15283203125,220700
2017-12-25 00:00:00+09:00,2018.5418113353358,2022.523156130869,1982.709708175537,1984.30224609375,174000
2017-12-26 00:00:00+09:00,1989.8757573941411,2001.8197895513688,1978.7279940473952,1985.09814453125,269900
2017-12-27 00:00:00+09:00,1983.5058747065655,2015.3566314260606,1975.5431855266916,2003.41259765625,231300
2017-12-28 00:00:00+09:00,1984.302014606456,1987.4870900713138,1957.2288731551641,1981.9132080078125,387500
2017-12-29 00:00:00+09:00,1833.0109615819713,1867.2505234186458,1808.3266263043688,1814.69677734375,1992400
2018-01-01 00:00:00+09:00,1814.69677734375,1814.69677734375,1814.69677734375,1814.69677734375,0
2018-01-02 00:00:00+09:00,1814.69677734375,1814.69677734375,1814.69677734375,1814.69677734375,0
2018-01-03 00:00:00+09:00,1814.69677734375,1814.69677734375,1814.69677734375,1814.69677734375,0
2018-01-04 00:00:00+09:00,1814.6968124076577,1815.4930813029662,1742.2363429346008,1785.23486328125,1821600
2018-01-05 00:00:00+09:00,1778.864679040269,1779.6609479207705,1753.3840748642222,1768.51318359375,990500
2018-01-08 00:00:00+09:00,1768.51318359375,1768.51318359375,1768.51318359375,1768.51318359375,0
2018-01-09 00:00:00+09:00,1772.4944981282192,1817.0855546849039,1769.3094226598846,1797.1788330078125,990400
2018-01-10 00:00:00+09:00,1797.1786068235494,1803.548756958502,1757.3651684800946,1770.10546875,909700
2018-01-11 00:00:00+09:00,1755.7726618505535,1789.215950647707,1751.7913179461304,1787.6234130859375,702200
2018-01-12 00:00:00+09:00,1787.6233816211202,1794.7898005229422,1766.1241249156546,1770.10546875,525600
2018-01-15 00:00:00+09:00,1780.4573374565973,1791.6051025390625,1777.27226171875,1791.6051025390625,268700
2018-01-16 00:00:00+09:00,1801.1598998215024,1811.5113934986375,1798.7710935883174,1803.5487060546875,329300
2018-01-17 00:00:00+09:00,1809.1224928467234,1809.1224928467234,1770.1053264076877,1774.086669921875,524900
2018-01-18 00:00:00+09:00,1779.6611587709247,1785.2350415948156,1766.9208551734594,1774.883544921875,326300
2018-01-19 00:00:00+09:00,1774.8831125917839,1801.9562511418605,1774.8831125917839,1787.6234130859375,349600
2018-01-22 00:00:00+09:00,1795.5861318863379,1805.141357421875,1782.8458311722884,1805.141357421875,218800
2018-01-23 00:00:00+09:00,1817.0853122084886,1867.250244140625,1816.2890434476612,1867.250244140625,763100
2018-01-24 00:00:00+09:00,1850.5290797917335,1869.639535004729,1833.8074314803623,1868.0469970703125,462900
2018-01-25 00:00:00+09:00,1831.4182284654617,1950.8585477132092,1808.3264334108972,1922.19287109375,2211800
2018-01-26 00:00:00+09:00,1924.5821134616574,1974.7470589097686,1906.2679270282201,1909.4530029296875,1261800
2018-01-29 00:00:00+09:00,1930.951936793762,1933.3407433135067,1876.00938683963,1878.398193359375,761400
2018-01-30 00:00:00+09:00,1879.9911015981256,1892.7314055479649,1841.7701897486086,1855.3067626953125,705500
2018-01-31 00:00:00+09:00,1851.3251783306273,1866.4542873148346,1835.3998004525145,1854.51025390625,693500
2018-02-01 00:00:00+09:00,1860.8803626391152,1865.6579758936443,1848.1400606270374,1862.472900390625,344900
2018-02-02 00:00:00+09:00,1854.5101824131925,1859.287795592445,1834.6034608329735,1844.9549560546875,371000
2018-02-05 00:00:00+09:00,1830.6221935120973,1840.9736891691905,1803.549051024315,1807.5303955078125,787000
2018-02-06 00:00:00+09:00,1759.75448529708,1762.939561288568,1677.738778516266,1698.4417724609375,1113500
2018-02-07 00:00:00+09:00,1745.4216304080983,1790.8089629506446,1723.1260986328125,1723.1260986328125,528500
2018-02-08 00:00:00+09:00,1738.2548410647871,1754.1802175289629,1731.884690479117,1746.217529296875,312500
2018-02-09 00:00:00+09:00,1693.6636885899293,1744.6248903152493,1689.6823447051388,1742.236083984375,432600
2018-02-12 00:00:00+09:00,1742.236083984375,1742.236083984375,1742.236083984375,1742.236083984375,0
2018-02-13 00:00:00+09:00,1767.7168002193923,1773.290682021886,1742.2361976937073,1743.8287353515625,375700
2018-02-14 00:00:00+09:00,1752.587584512759,1773.2905727896018,1736.6622089151872,1764.5316162109375,417300
2018-02-15 00:00:00+09:00,1775.6795570626348,1778.8646325013121,1748.606415833877,1754.1802978515625,315400
2018-02-16 00:00:00+09:00,1766.1245861986179,1793.994000318073,1765.3283172237761,1774.883544921875,422100
2018-02-19 00:00:00+09:00,1789.2157224274704,1817.881394882917,1774.882886199747,1784.4381103515625,710100
2018-02-20 00:00:00+09:00,1784.4385017958264,1797.9750723136885,1776.4758132559075,1779.660888671875,415600
2018-02-21 00:00:00+09:00,1773.290348841111,1807.5299020517834,1761.3463186513416,1784.4381103515625,476200
2018-02-22 00:00:00+09:00,1864.0656208972218,1939.7111715103085,1864.0656208972218,1919.0081787109375,1898700
2018-02-23 00:00:00+09:00,1907.8603313141198,1907.8603313141198,1833.0110528735825,1843.362548828125,1586500
2018-02-26 00:00:00+09:00,1812.9069569905598,1877.8253758748372,1798.4806416829426,1846.568359375,913600
2018-02-27 00:00:00+09:00,1833.744864159529,1879.4281933802865,1821.7229354172243,1871.41357421875,515000
2018-02-28 00:00:00+09:00,1839.3546379791285,1889.0452643646213,1836.1487911155484,1864.199951171875,446500
2018-03-01 00:00:00+09:00,1855.3843751760878,1898.6633195646446,1850.5756035773593,1889.0457763671875,460100
2018-03-02 00:00:00+09:00,1854.5830505816605,1883.4356823106752,1851.3772026117701,1866.60498046875,447100
2018-03-05 00:00:00+09:00,1860.9944631622354,1903.4719422955682,1860.9944631622354,1901.8690185546875,685800
2018-03-06 00:00:00+09:00,1918.7000730359878,1938.7366235062884,1895.457674490439,1897.862060546875,463800
2018-03-07 00:00:00+09:00,1904.2735578981165,1949.1554262660854,1888.2443191952705,1930.7218017578125,450400
2018-03-08 00:00:00+09:00,1939.5380813101951,1957.9717077028129,1924.310302985859,1945.1483154296875,339700
2018-03-09 00:00:00+09:00,1960.376070270006,1969.1921523521687,1935.5307480384565,1952.3614501953125,469700
2018-03-12 00:00:00+09:00,1987.6255958017678,2034.1103879616478,1965.1846616556188,1983.6182861328125,572300
2018-03-13 00:00:00+09:00,1982.0154199512306,2009.2651264932208,1979.6110340798784,1999.6475830078125,331900
2018-03-14 00:00:00+09:00,1965.1846231760073,1969.9933946845945,1934.7290702882879,1939.537841796875,467100
2018-03-15 00:00:00+09:00,1939.5381825703473,1997.2434508121096,1936.3323343346938,1988.4273681640625,401900
2018-03-16 00:00:00+09:00,1995.6403291670852,2018.08126459547,1983.6183994733074,1994.8388671875,901200
2018-03-19 00:00:00+09:00,1969.9935274322333,1987.6256908185267,1923.5087330501872,1928.3175048828125,262000
2018-03-20 00:00:00+09:00,1912.2880265017434,1924.309954581176,1887.4427084709162,1896.2587890625,307100
2018-03-21 00:00:00+09:00,1896.2587890625,1896.2587890625,1896.2587890625,1896.2587890625,0
2018-03-22 00:00:00+09:00,1871.4134710316728,1942.743577636306,1866.6046997998997,1896.2587890625,687100
2018-03-23 00:00:00+09:00,1735.966593755293,1803.2893979452488,1706.3125014335267,1774.436767578125,1896700
2018-03-26 00:00:00+09:00,1775.2381467107516,1810.5024710697915,1714.3270409996828,1718.3343505859375,828500
2018-03-27 00:00:00+09:00,1738.37089851721,1753.5986749449771,1708.7168075789266,1718.3343505859375,797200
2018-03-28 00:00:00+09:00,1700.7023559343418,1737.569607759497,1677.45995804457,1724.7462158203125,468400
2018-03-29 00:00:00+09:00,1746.3857657015049,1751.1945378879248,1727.952138986895,1739.172607421875,380400
2018-03-30 00:00:00+09:00,1751.1943628953977,1759.2089824052164,1724.7461185129957,1738.3709716796875,544200
2018-04-02 00:00:00+09:00,1729.5548253878742,1729.5548253878742,1703.106581996864,1707.1138916015625,302800
2018-04-03 00:00:00+09:00,1696.6947286904362,1712.7239656171291,1689.4815720734243,1710.319580078125,444900
2018-04-04 00:00:00+09:00,1753.5987710011548,1804.8923365148996,1750.3929231565457,1778.444091796875,791200
2018-04-05 00:00:00+09:00,1858.590550910102,1859.3920129846642,1693.4893635502567,1731.1580810546875,1867600
2018-04-06 00:00:00+09:00,1729.5548253878742,1765.6206118301607,1703.106581996864,1707.1138916015625,587400
2018-04-09 00:00:00+09:00,1707.1139009194596,1713.525596321974,1663.033495027173,1669.4451904296875,634800
2018-04-10 00:00:00+09:00,1663.033621021778,1683.8716326586773,1654.2175391753974,1663.8350830078125,661500
2018-04-11 00:00:00+09:00,1668.6436168958307,1668.6436168958307,1623.761752080189,1626.1661376953125,765300
2018-04-12 00:00:00+09:00,1618.9529808499415,1644.599760744594,1608.533976517739,1626.1661376953125,457100
2018-04-13 00:00:00+09:00,1641.394027217742,1641.394027217742,1586.8946161577778,1590.1004638671875,564700
2018-04-16 00:00:00+09:00,1588.497585541113,1590.9019713920834,1568.4610367830262,1575.6741943359375,287100
2018-04-17 00:00:00+09:00,1575.6739045831864,1578.0782899920112,1556.438821312588,1563.6519775390625,407500
2018-04-18 00:00:00+09:00,1564.4534728441658,1572.4680910452116,1558.8432401034336,1566.056396484375,390500
2018-04-19 00:00:00+09:00,1571.6669275475415,1591.703476853349,1563.6523078252185,1587.6961669921875,475900
2018-04-20 00:00:00+09:00,1587.6959894465392,1607.7325365117404,1583.688680033499,1592.5047607421875,443200
2018-04-23 00:00:00+09:00,1587.696060672883,1593.3062941028227,1560.4463554417482,1565.255126953125,383500
2018-04-24 00:00:00+09:00,1574.0712890625,1590.9019902184637,1567.6595933840376,1574.0712890625,443400
2018-04-25 00:00:00+09:00,1566.858117033962,1586.0932038926908,1566.858117033962,1570.06396484375,216800
2018-04-26 00:00:00+09:00,1570.06396484375,1573.269812653538,1559.6449594619385,1570.06396484375,285800
2018-04-27 00:00:00+09:00,1568.461022089207,1568.461022089207,1520.3733055202995,1524.380615234375,802900
2018-04-30 00:00:00+09:00,1524.380615234375,1524.380615234375,1524.380615234375,1524.380615234375,0
2018-05-01 00:00:00+09:00,1529.9909021863052,1555.6376852507167,1529.9909021863052,1546.0201416015625,342900
2018-05-02 00:00:00+09:00,1562.0494664523249,1563.6523904815217,1539.6085300435689,1549.22607421875,274400
2018-05-03 00:00:00+09:00,1549.22607421875,1549.22607421875,1549.22607421875,1549.22607421875,0
2018-05-04 00:00:00+09:00,1549.22607421875,1549.22607421875,1549.22607421875,1549.22607421875,0
2018-05-07 00:00:00+09:00,1482.7047344728248,1482.7047344728248,1387.3307542553837,1392.1395263671875,1600400
2018-05-08 00:00:00+09:00,1382.521837705964,1384.9262235106698,1346.4560506353735,1352.0662841796875,1480200
2018-05-09 00:00:00+09:00,1346.4560546875,1368.0955269949777,1342.44874500093,1346.4560546875,605900
2018-05-10 00:00:00+09:00,1343.2501630536785,1348.8603964315878,1331.2282343867305,1334.43408203125,557300
2018-05-11 00:00:00+09:00,1333.6327660523186,1358.4780880160338,1333.6327660523186,1348.05908203125,557500
2018-05-14 00:00:00+09:00,1355.272320048315,1361.6840164175558,1346.4562375406085,1356.875244140625,289100
2018-05-15 00:00:00+09:00,1358.4778867866546,1372.9042006286368,1352.0661917457737,1360.080810546875,429500
2018-05-16 00:00:00+09:00,1362.4852519427297,1369.6984091588972,1349.66186133621,1355.2720947265625,195000
2018-05-17 00:00:00+09:00,1355.2720173056493,1370.4997927809936,1352.8676317042791,1367.2939453125,275200
2018-05-18 00:00:00+09:00,1368.0955997411108,1370.4999856809018,1358.4780559819465,1366.49267578125,193300
2018-05-21 00:00:00+09:00,1372.9041598675124,1376.911469149087,1363.286617591733,1368.8968505859375,217600
2018-05-22 00:00:00+09:00,1369.6983124422525,1373.705621723827,1364.088079448048,1368.8968505859375,267800
2018-05-23 00:00:00+09:00,1365.6913266483314,1372.9044850637276,1344.051851402143,1356.875244140625,396500
2018-05-24 00:00:00+09:00,1339.2427139704257,1343.2500231085778,1267.1111494836882,1303.9783935546875,1156200
2018-05-25 00:00:00+09:00,1295.162550285681,1314.3976376661612,1282.339158698694,1288.7508544921875,440800
2018-05-28 00:00:00+09:00,1288.7507986756505,1299.1698038888244,1275.1259457045771,1293.5595703125,486700
2018-05-29 00:00:00+09:00,1297.5669784593672,1309.5889084636233,1275.1260424514226,1279.934814453125,291200
2018-05-30 00:00:00+09:00,1266.3100825260583,1266.3100825260583,1246.2735305873548,1259.096923828125,381200
2018-05-31 00:00:00+09:00,1264.7071212463181,1271.9202797325138,1240.6632596256657,1241.4647216796875,458800
2018-06-01 00:00:00+09:00,1240.6631275541843,1257.4938288969736,1218.2221924304652,1231.8470458984375,526900
2018-06-04 00:00:00+09:00,1222.229515216596,1223.030977193787,1183.7593403114176,1215.016357421875,1042100
2018-06-05 00:00:00+09:00,1202.9943189712294,1213.4133237324727,1170.935842782789,1171.7373046875,1182500
2018-06-06 00:00:00+09:00,1182.1561765767237,1198.1854128692894,1168.5313257280427,1188.56787109375,671200
2018-06-07 00:00:00+09:00,1178.1488923304896,1178.1488923304896,1162.1196557001429,1175.7445068359375,697300
2018-06-08 00:00:00+09:00,1162.1196472842391,1169.3328037156584,1151.7006435499666,1160.5167236328125,817100
2018-06-11 00:00:00+09:00,1155.708037405303,1170.1343513257577,1152.5021898674242,1163.72265625,458000
2018-06-12 00:00:00+09:00,1153.3037096106489,1186.9651104470959,1148.4949380625849,1179.751953125,758000
2018-06-13 00:00:00+09:00,1177.3474304989722,1182.1562014880762,1151.7006518904175,1175.7445068359375,589900
2018-06-14 00:00:00+09:00,1168.5315356462183,1184.5607748183202,1155.708144308537,1159.7154541015625,432200
2018-06-15 00:00:00+09:00,1162.1199804289174,1192.5755385367097,1159.7155942625127,1178.95068359375,551800
2018-06-18 00:00:00+09:00,1186.1636037122482,1205.3986891778525,1182.9577561346478,1194.17822265625,645300
2018-06-19 00:00:00+09:00,1183.7592894022346,1184.560751344958,1111.6277145571426,1119.642333984375,1460300
2018-06-20 00:00:00+09:00,1120.443830535589,1156.5096190721424,1118.8409066006311,1142.884765625,857500
2018-06-21 00:00:00+09:00,1142.884826872231,1156.50968104953,1140.4804408409432,1153.3038330078125,429700
2018-06-22 00:00:00+09:00,1142.083093150668,1147.693325888952,1128.4582422148355,1145.2889404296875,564700
2018-06-25 00:00:00+09:00,1142.0833973877968,1158.1126380528888,1123.6497706229413,1155.708251953125,577800
2018-06-26 00:00:00+09:00,1143.6863021622844,1143.6863021622844,1056.3269420111358,1073.9591064453125,1260000
2018-06-27 00:00:00+09:00,1081.97340731662,1123.64942004289,1077.9660984006327,1112.428955078125,884700
2018-06-28 00:00:00+09:00,1077.966430575025,1102.8117535102115,1076.3635065146905,1098.804443359375,464300
2018-06-29 00:00:00+09:00,1090.7896319297708,1134.068573975478,1087.5837843708296,1126.053955078125,641200
2018-07-02 00:00:00+09:00,1065.1429664479297,1065.9444284241883,963.3572954630635,968.967529296875,2490600
2018-07-03 00:00:00+09:00,977.7835534932013,978.5850154222942,944.1221524713043,963.3572387695312,1213300
2018-07-04 00:00:00+09:00,976.9819957501592,1017.8565501252684,967.3644535442511,1003.4302368164062,1488800
2018-07-05 00:00:00+09:00,982.592160066886,990.6067780119666,964.1585387932006,972.1731567382812,674500
2018-07-06 00:00:00+09:00,989.805409133814,1013.0478033563894,980.1878666968862,1006.6361083984375,714000
2018-07-09 00:00:00+09:00,1009.8421355216734,1047.5108501006564,1008.2392114970359,1043.5035400390625,691700
2018-07-10 00:00:00+09:00,1053.1212863849487,1058.7315215483388,1027.4744970665936,1052.31982421875,501100
2018-07-11 00:00:00+09:00,1043.5033847024754,1059.5326225627284,1021.8639135911337,1041.0989990234375,528500
2018-07-12 00:00:00+09:00,1041.0992111566497,1052.3196799450973,1016.2538874108021,1017.8568115234375,565500
2018-07-13 00:00:00+09:00,1041.9005190810985,1061.9370675249656,1025.8712803260046,1057.1282958984375,723900
2018-07-16 00:00:00+09:00,1057.1282958984375,1057.1282958984375,1057.1282958984375,1057.1282958984375,0
2018-07-17 00:00:00+09:00,1073.1576724356194,1089.988375289352,1062.738665907118,1081.9737548828125,599800
2018-07-18 00:00:00+09:00,1093.1941129226627,1096.3999607611456,1051.5180910223853,1065.1429443359375,713700
2018-07-19 00:00:00+09:00,1073.1578956017127,1090.7900641627566,1062.7388869065505,1083.576904296875,445200
2018-07-20 00:00:00+09:00,1089.1871397481161,1098.0032240286382,1072.3564333943925,1083.576904296875,428600
2018-07-23 00:00:00+09:00,1077.9664443260017,1114.8336981839914,1076.3635202452194,1102.811767578125,596700
2018-07-24 00:00:00+09:00,1081.9736472267066,1088.385342913976,1033.8859295721863,1085.98095703125,725600
2018-07-25 00:00:00+09:00,1088.385418644456,1123.6497473781496,1075.5620263776582,1121.245361328125,645000
2018-07-26 00:00:00+09:00,1130.8629434783827,1130.8629434783827,1102.0103099098342,1118.03955078125,402700
2018-07-27 00:00:00+09:00,1138.076063939145,1145.2892220908718,1125.2526716694078,1142.0833740234375,341000
2018-07-30 00:00:00+09:00,1147.6935989348071,1162.1199151225353,1138.8775168200846,1153.3038330078125,411900
2018-07-31 00:00:00+09:00,1166.1274230784127,1166.1274230784127,1122.848467170348,1131.66455078125,739700
2018-08-01 00:00:00+09:00,1141.281841690042,1146.8920754623948,1129.2599121778576,1142.884765625,290100
2018-08-02 00:00:00+09:00,1130.8627970551493,1136.4730306337362,1115.635020198985,1125.2525634765625,517200
2018-08-03 00:00:00+09:00,1083.5766692895684,1126.054157064973,1076.3635109880845,1114.0322265625,660600
2018-08-06 00:00:00+09:00,1118.0393436741776,1134.8700434714235,1110.0247247231084,1114.83349609375,278900
2018-08-07 00:00:00+09:00,1109.2234639012538,1118.8410083859467,1098.8044573761697,1102.811767578125,244100
2018-08-08 00:00:00+09:00,1118.840910811421,1140.4803840147938,1118.0394488409256,1137.2745361328125,407800
2018-08-09 00:00:00+09:00,1126.0539882833307,1133.2671455036511,1109.2232881025834,1128.4583740234375,275500
2018-08-10 00:00:00+09:00,1110.024930345542,1127.6570953040996,1104.4146960405467,1118.03955078125,431700
2018-08-13 00:00:00+09:00,1108.4219301168694,1110.8263160824158,1069.9517546681277,1082.775146484375,408200
2018-08-14 00:00:00+09:00,1081.9737128174365,1098.804415016819,1077.9664027699646,1090.789794921875,255600
2018-08-15 00:00:00+09:00,1093.9955748822833,1094.7970368419042,1060.3341725782132,1065.1429443359375,216100
2018-08-16 00:00:00+09:00,1046.7093880883376,1056.3269322361632,1035.4889199158747,1043.5035400390625,345800
2018-08-17 00:00:00+09:00,1046.7094813623269,1061.9372609533561,1045.9080192785884,1056.3270263671875,202800
2018-08-20 00:00:00+09:00,1049.11376953125,1063.5400856898157,1039.4962254255395,1049.11376953125,217500
2018-08-21 00:00:00+09:00,1057.9299036855916,1061.937213926825,1043.5035868171517,1049.915283203125,218400
2018-08-22 00:00:00+09:00,1053.1207169875304,1076.3631072406797,1042.7017144602564,1075.5616455078125,237400
2018-08-23 00:00:00+09:00,1077.164568973547,1079.5689541721486,1065.1426429805385,1075.5616455078125,154100
2018-08-24 00:00:00+09:00,1082.7751049876388,1091.5911865234375,1079.5692571564393,1091.5911865234375,255200
2018-08-27 00:00:00+09:00,1098.002752949787,1129.259765625,1096.3998292228532,1129.259765625,411100
2018-08-28 00:00:00+09:00,1130.8628533926815,1131.664315372407,1106.017532021191,1120.44384765625,579400
2018-08-29 00:00:00+09:00,1134.2665308623407,1135.8927194370538,1117.191550827854,1124.5093994140625,370300
2018-08-30 00:00:00+09:00,1096.051241533472,1100.9298078904458,1050.5179555350487,1063.5274658203125,1392500
2018-08-31 00:00:00+09:00,1057.0221952335564,1104.1816470208996,1057.0221952335564,1086.2935791015625,1027400
2018-09-03 00:00:00+09:00,1084.667904869596,1088.7333767769032,1052.1441296111373,1081.41552734375,400600
2018-09-04 00:00:00+09:00,1081.4152869591346,1090.3593231670673,1054.5831783353365,1057.0224609375,394600
2018-09-05 00:00:00+09:00,1081.4153070559448,1144.8366558908046,1078.97602440845,1131.8271484375,1456500
2018-09-06 00:00:00+09:00,1126.1356040645885,1139.9582071469697,1110.68681238428,1125.322509765625,506700
2018-09-07 00:00:00+09:00,1105.8079671403607,1114.7520021687017,1084.667520709736,1104.994873046875,423200
2018-09-10 00:00:00+09:00,1098.4901892020878,1154.5936851716986,1093.611624335165,1151.34130859375,564900
2018-09-11 00:00:00+09:00,1154.5936270878233,1180.6126384024785,1144.0234037412447,1178.9864501953125,826100
2018-09-12 00:00:00+09:00,1191.182812483301,1199.3137531828456,1163.537614104849,1188.7435302734375,541600
2018-09-13 00:00:00+09:00,1188.7436685307907,1193.6222335179211,1172.4817852403557,1189.5567626953125,301100
2018-09-14 00:00:00+09:00,1199.31394152882,1205.818695109993,1187.9306227617667,1191.99609375,301500
2018-09-17 00:00:00+09:00,1191.99609375,1191.99609375,1191.99609375,1191.99609375,0
2018-09-18 00:00:00+09:00,1181.4260597487103,1207.4450782703611,1151.3415695830513,1201.75341796875,386200
2018-09-19 00:00:00+09:00,1203.379319336583,1231.8376140506239,1196.061472124401,1230.21142578125,601000
2018-09-20 00:00:00+09:00,1231.8376626691593,1236.716227669829,1213.9495910000362,1232.6507568359375,362700
2018-09-21 00:00:00+09:00,1239.9686351758705,1259.4828956638842,1229.398410744863,1246.473388671875,479100
2018-09-24 00:00:00+09:00,1246.473388671875,1246.473388671875,1246.473388671875,1246.473388671875,0
2018-09-25 00:00:00+09:00,1249.7256993901544,1255.4173583984375,1228.585251645103,1255.4173583984375,515200
2018-09-26 00:00:00+09:00,1242.4079073301848,1273.3054861774015,1235.0900597084756,1264.3614501953125,458900
2018-09-27 00:00:00+09:00,1256.2304937351516,1263.548341271473,1232.6507627847832,1251.3519287109375,753700
2018-09-28 00:00:00+09:00,1242.407919420084,1265.174556686944,1224.5198472818367,1234.2769775390625,748600
2018-10-01 00:00:00+09:00,1201.753295021381,1248.099667021529,1129.3879071615008,1244.8472900390625,2339700
2018-10-02 00:00:00+09:00,1260.2960527557686,1270.053183486781,1188.7437607283443,1261.9222412109375,1584600
2018-10-03 00:00:00+09:00,1333.474700191289,1422.9150764236315,1332.661605861904,1381.447265625,3213800
2018-10-04 00:00:00+09:00,1375.7553660338408,1426.9802998755263,1333.4744682597511,1412.3446044921875,2210500
2018-10-05 00:00:00+09:00,1405.839591733871,1437.55025921659,1383.8860527073732,1411.53125,1208500
2018-10-08 00:00:00+09:00,1411.53125,1411.53125,1411.53125,1411.53125,0
2018-10-09 00:00:00+09:00,1414.7836097915167,1434.297866478296,1390.3907889330421,1410.7181396484375,942700
2018-10-10 00:00:00+09:00,1435.111117079922,1465.1955994209743,1416.4099523814302,1424.5408935546875,936300
2018-10-11 00:00:00+09:00,1382.2601689877717,1421.2886914062499,1369.2506615149457,1402.5875244140625,707800
2018-10-12 00:00:00+09:00,1391.2040521109166,1412.3444994252848,1382.260016708684,1400.961181640625,544000
2018-10-15 00:00:00+09:00,1411.5312427785482,1444.8680981667512,1410.7181487446894,1429.4193115234375,697900
2018-10-16 00:00:00+09:00,1418.8493091974842,1426.9802507974698,1391.2041077575332,1409.9052734375,487400
2018-10-17 00:00:00+09:00,1427.7933962006807,1466.8219172813372,1400.9612879577296,1455.4385986328125,739900
2018-10-18 00:00:00+09:00,1465.1955321328169,1484.7097900524548,1426.9801103735258,1482.2705078125,856200
2018-10-19 00:00:00+09:00,1466.822057391334,1522.925561803752,1465.1958688576408,1487.1494140625,1292100
2018-10-22 00:00:00+09:00,1483.8969097320655,1530.2432789675327,1483.8969097320655,1523.738525390625,709900
2018-10-23 00:00:00+09:00,1528.6169287162622,1529.4300228272814,1470.0741527228734,1491.214599609375,690000
2018-10-24 00:00:00+09:00,1519.673043482674,1522.925420247752,1457.0647907549235,1486.336181640625,629700
2018-10-25 00:00:00+09:00,1456.2516392598227,1462.756392534015,1419.6624020924903,1422.1016845703125,782900
2018-10-26 00:00:00+09:00,1431.045827404914,1476.579103731434,1416.4101314428183,1464.3826904296875,882100
2018-10-29 00:00:00+09:00,1496.9065423994416,1535.935067133376,1482.2708456242162,1499.3458251953125,849100
2018-10-30 00:00:00+09:00,1492.027750984567,1511.5420103979893,1466.0087384333376,1487.9622802734375,735000
2018-10-31 00:00:00+09:00,1483.8966959059821,1505.0371419846426,1440.8027096687126,1494.4669189453125,544200
2018-11-01 00:00:00+09:00,1503.4111078719889,1548.131286851415,1496.9063545658903,1508.2896728515625,561900
2018-11-02 00:00:00+09:00,1540.8133455136199,1559.5145101293526,1525.3645573527974,1558.701416015625,831000
2018-11-05 00:00:00+09:00,1656.2728034928002,1686.3572874050406,1624.5621312609792,1648.9549560546875,1539600
2018-11-06 00:00:00+09:00,1665.2166329625884,1679.0392319666723,1603.4214844737423,1608.300048828125,716700
2018-11-07 00:00:00+09:00,1611.5526820501675,1622.9360006922977,1569.2717842365405,1578.2158203125,442400
2018-11-08 00:00:00+09:00,1617.2443216236716,1634.319299378371,1596.9169671537913,1601.7955322265625,410800
2018-11-09 00:00:00+09:00,1594.4774977344325,1663.5904948315394,1590.4120273169556,1659.5250244140625,608600
2018-11-12 00:00:00+09:00,1636.7584868904175,1658.712028443344,1636.7584868904175,1652.207275390625,195400
2018-11-13 00:00:00+09:00,1626.1881270002464,1656.2726073497508,1604.234587285743,1651.39404296875,361500
2018-11-14 00:00:00+09:00,1642.4502128380482,1654.646625309618,1625.3752353778507,1631.06689453125,230200
2018-11-15 00:00:00+09:00,1624.5621312609792,1656.2728034928002,1608.3002480651735,1648.9549560546875,264600
2018-11-16 00:00:00+09:00,1633.506297040257,1653.0205584284931,1623.749166346139,1643.263427734375,201100
2018-11-19 00:00:00+09:00,1626.188442118418,1643.2634207606611,1613.9920288025296,1636.7586669921875,304400
2018-11-20 00:00:00+09:00,1636.7586095580148,1671.7216598367006,1629.4407618252665,1640.010986328125,477900
2018-11-21 00:00:00+09:00,1631.8800855754146,1654.6467235405923,1631.0669913623726,1635.945556640625,572400
2018-11-22 00:00:00+09:00,1638.3847979430698,1655.459775986149,1621.3098198999908,1640.010986328125,216100
2018-11-23 00:00:00+09:00,1640.010986328125,1640.010986328125,1640.010986328125,1640.010986328125,0
2018-11-26 00:00:00+09:00,1613.9918318352302,1623.7489612972063,1548.1312079668908,1571.7109375,627800
2018-11-27 00:00:00+09:00,1540.0003415530052,1564.39316639281,1461.1302079043032,1465.1956787109375,1400100
2018-11-28 00:00:00+09:00,1473.3267085808368,1508.2897596122805,1450.5600706998966,1475.7659912109375,773500
2018-11-29 00:00:00+09:00,1489.5884256565823,1555.4490492800448,1479.018202112076,1528.616943359375,737400
2018-11-30 00:00:00+09:00,1522.9254330311367,1523.738527229231,1482.2707231264078,1511.5421142578125,587100
2018-12-03 00:00:00+09:00,1514.7945717742004,1526.177891154146,1491.2148387728844,1515.607666015625,497100
2018-12-04 00:00:00+09:00,1500.1588455251228,1515.6076358042433,1458.6910400390625,1458.6910400390625,350600
2018-12-05 00:00:00+09:00,1516.420549796362,1623.748974768544,1508.2896085105904,1621.3096923828125,1376200
2018-12-06 00:00:00+09:00,1617.2445732792721,1678.2266461781887,1599.3564985622565,1670.095703125,805600
2018-12-07 00:00:00+09:00,1670.9084539624564,1723.7595729442373,1648.1418180933815,1689.609619140625,743900
2018-12-10 00:00:00+09:00,1671.7215432098765,1671.7215432098765,1625.375177469136,1646.515625,292100
2018-12-11 00:00:00+09:00,1665.2166907166907,1701.805924643571,1652.2071853204666,1690.422607421875,279000
2018-12-12 00:00:00+09:00,1700.9930545259276,1702.6192429145758,1647.32883770054,1670.9085693359375,298900
2018-12-13 00:00:00+09:00,1675.7869769636625,1737.5821299230213,1650.5810593091874,1718.06787109375,481400
2018-12-14 00:00:00+09:00,1715.62857411481,1731.0773622229528,1673.3476803451558,1680.66552734375,296400
2018-12-17 00:00:00+09:00,1674.9740078829,1696.9275507046661,1656.2728417754697,1669.2823486328125,218400
2018-12-18 00:00:00+09:00,1638.3845621744792,1649.7678792317708,1599.3560465494793,1609.92626953125,347400
2018-12-19 00:00:00+09:00,1635.9455679275284,1642.4503216767432,1604.234893400106,1618.0574951171875,153500
2018-12-20 00:00:00+09:00,1592.8511772734048,1603.4213994809363,1523.738185916468,1555.4488525390625,328100
2018-12-21 00:00:00+09:00,1535.9347751714397,1543.2526221680216,1487.9622226382926,1503.4110107421875,377300
2018-12-24 00:00:00+09:00,1503.4110107421875,1503.4110107421875,1503.4110107421875,1503.4110107421875,0
2018-12-25 00:00:00+09:00,1400.9612965907397,1452.1862308247598,1396.082731425595,1449.7469482421875,315300
2018-12-26 00:00:00+09:00,1475.7658198314346,1512.3550550338668,1463.5694080972905,1485.52294921875,250200
2018-12-27 00:00:00+09:00,1544.8788421322602,1544.8788421322602,1479.0182178097796,1529.4300537109375,340800
2018-12-28 00:00:00+09:00,1520.486085300497,1536.747968565743,1484.709942116956,1508.2896728515625,366500
2018-12-31 00:00:00+09:00,1508.2896728515625,1508.2896728515625,1508.2896728515625,1508.2896728515625,0
2019-01-04 00:00:00+09:00,1587.972861388907,1622.1228153972704,1548.9443425222057,1567.6455078125,1176500
2019-01-07 00:00:00+09:00,1631.0668504766918,1682.2917814737164,1627.001379762642,1671.7215576171875,538900
2019-01-08 00:00:00+09:00,1704.2451981884901,1774.171289335537,1688.7964106094914,1744.89990234375,870600
2019-01-09 00:00:00+09:00,1748.1527697516071,1800.1908056883992,1740.0218266364834,1794.4991455078125,607300
2019-01-10 00:00:00+09:00,1768.4799667860193,1794.4989823893077,1723.759783717867,1755.470458984375,432300
2019-01-11 00:00:00+09:00,1764.4144490654921,1774.9846738755618,1735.9561514999198,1740.834716796875,266900
2019-01-15 00:00:00+09:00,1729.4514068632116,1749.7787623740626,1713.1895224545308,1735.14306640625,229700
2019-01-16 00:00:00+09:00,1735.1431334500485,1735.1431334500485,1706.6848346352633,1726.1990966796875,176800
2019-01-17 00:00:00+09:00,1727.825111566588,1753.8441250113553,1723.759640715843,1748.1524658203125,181000
2019-01-18 00:00:00+09:00,1762.7883002273652,1762.7883002273652,1733.5169077881653,1748.9656982421875,158900
2019-01-21 00:00:00+09:00,1769.2927998707708,1771.7320822235338,1720.5071528155104,1730.2642822265625,208400
2019-01-22 00:00:00+09:00,1733.5169355652142,1733.5169355652142,1702.619354162082,1731.8907470703125,187900
2019-01-23 00:00:00+09:00,1707.4978532462285,1716.4418896203754,1657.0860118646733,1697.74072265625,415000
2019-01-24 00:00:00+09:00,1683.1049711114438,1683.1049711114438,1608.3003057287128,1633.5062255859375,527400
2019-01-25 00:00:00+09:00,1616.431334364287,1616.431334364287,1567.6456804096304,1600.9825439453125,549800
2019-01-28 00:00:00+09:00,1594.4777115465806,1646.5157398683457,1591.2253347764704,1640.010986328125,292100
2019-01-29 00:00:00+09:00,1644.889388057056,1661.9643644036692,1622.935847039982,1644.0762939453125,277000
2019-01-30 00:00:00+09:00,1626.1882648601397,1646.5156181708915,1616.431135270979,1627.814453125,253300
2019-01-31 00:00:00+09:00,1631.8798095703125,1640.8238444010417,1618.8703043619792,1622.1226806640625,205400
2019-02-01 00:00:00+09:00,1640.8241380974837,1648.1419860870164,1622.9360652341811,1636.7586669921875,156800
2019-02-04 00:00:00+09:00,1628.6276729808135,1671.7216653262867,1628.6276729808135,1658.712158203125,386000
2019-02-05 00:00:00+09:00,1520.4859926704323,1588.7858982235427,1463.5694047095071,1558.701416015625,1668400
2019-02-06 00:00:00+09:00,1580.6551744311637,1621.3098857076855,1570.084949499268,1587.9730224609375,502400
2019-02-07 00:00:00+09:00,1587.9730035189925,1601.7956051881288,1546.5051985115842,1556.2623291015625,368100
2019-02-08 00:00:00+09:00,1544.8789253010589,1550.5705844995364,1505.0373109117158,1521.2991943359375,523300
2019-02-12 00:00:00+09:00,1524.5511819141864,1546.5047189337506,1509.1023966041225,1538.373779296875,493500
2019-02-13 00:00:00+09:00,1553.8229924864688,1564.3932169251523,1532.682543609102,1535.121826171875,377600
2019-02-14 00:00:00+09:00,1531.0563229574,1549.7574888777506,1526.9908521051498,1533.49560546875,264400
2019-02-15 00:00:00+09:00,1512.3549395586995,1516.4204098263303,1489.5883060599663,1504.2239990234375,405200
2019-02-18 00:00:00+09:00,1509.9157938896856,1550.5705002410502,1505.850323254549,1541.62646484375,415600
2019-02-19 00:00:00+09:00,1540.8134170144626,1576.5895596786506,1531.0562871969569,1568.4586181640625,326400
2019-02-20 00:00:00+09:00,1582.281369767099,1602.608725493809,1565.2063909566627,1594.477783203125,521200
2019-02-21 00:00:00+09:00,1582.281270794312,1592.8514951110262,1522.92539578507,1546.505126953125,579600
2019-02-22 00:00:00+09:00,1522.1120530705518,1546.504874433862,1513.981112616115,1540.0001220703125,475100
2019-02-25 00:00:00+09:00,1557.075170975292,1568.4584881521348,1537.560912957847,1549.75732421875,737900
2019-02-26 00:00:00+09:00,1568.7576241629463,1568.7576241629463,1539.0181431361607,1561.32275390625,625000
2019-02-27 00:00:00+09:00,1578.6708617415165,1620.8017952573812,1572.8881845922801,1615.84521484375,570400
2019-02-28 00:00:00+09:00,1638.9759998713992,1666.2371934176472,1605.93212890625,1605.93212890625,511200
2019-03-01 00:00:00+09:00,1617.4974549570754,1683.585195711195,1615.019164678796,1679.4547119140625,422300
2019-03-04 00:00:00+09:00,1686.8895452845165,1717.4551247044612,1678.6285778737208,1695.1505126953125,457500
2019-03-05 00:00:00+09:00,1860.3698559704853,1948.76220703125,1851.2827918427433,1948.76220703125,2281600
2019-03-06 00:00:00+09:00,1919.0229562565023,2042.111385220006,1915.7185689017774,2034.676513671875,1575800
2019-03-07 00:00:00+09:00,2027.2414918906438,2071.8507178735676,2017.3283305611053,2054.502685546875,718900
2019-03-08 00:00:00+09:00,2020.632476584605,2058.6329238139147,2008.2410264011344,2043.76318359375,609500
2019-03-11 00:00:00+09:00,2044.5896566349222,2060.2854964232306,2014.8501707202327,2037.15478515625,315000
2019-03-12 00:00:00+09:00,2044.5895239257811,2069.3724272460936,2029.7197819335936,2065.241943359375,348400
2019-03-13 00:00:00+09:00,2044.589337533088,2088.3724627408674,2043.7632408310544,2057.806884765625,344100
2019-03-14 00:00:00+09:00,2052.0241893043303,2062.763446333701,2020.6325149107859,2060.28515625,269400
2019-03-15 00:00:00+09:00,2066.067964880676,2078.4594160894762,2048.719933188355,2053.676513671875,378400
2019-03-18 00:00:00+09:00,2054.502497957491,2073.502722104263,2051.1981111493565,2057.806884765625,179100
2019-03-19 00:00:00+09:00,2026.4150290395698,2040.4586717194202,2000.806033564549,2022.2845458984375,257200
2019-03-20 00:00:00+09:00,2010.7195479790792,2045.4156124881677,2010.7195479790792,2018.1544189453125,251100
2019-03-22 00:00:00+09:00,2074.329037026943,2086.7204888610345,2022.284939323758,2045.4156494140625,593700
2019-03-25 00:00:00+09:00,2032.198092811986,2047.8939317402087,2009.0673828125,2009.0673828125,256400
2019-03-26 00:00:00+09:00,2035.5024691786002,2079.2855985886918,2023.9371142400855,2047.8939208984375,247400
2019-03-27 00:00:00+09:00,2068.5461986472947,2132.9817431738475,2048.719877254509,2061.111328125,349800
2019-03-28 00:00:00+09:00,2059.45952683407,2085.0685301761705,2046.241976722018,2073.503173828125,261800
2019-03-29 00:00:00+09:00,2057.8071115031503,2063.5897890545443,2014.8500782642247,2028.067626953125,386000
2019-04-01 00:00:00+09:00,2069.3724656018553,2078.459530321065,2042.9373682368814,2049.546142578125,197100
2019-04-02 00:00:00+09:00,2049.5463293604103,2049.5463293604103,1987.5890642648721,1988.4151611328125,301200
2019-04-03 00:00:00+09:00,2065.24173797123,2116.4597330729166,2039.6327404203869,2081.763671875,612400
2019-04-04 00:00:00+09:00,2081.7640090996642,2099.112042508828,2031.3721025301882,2090.85107421875,361800
2019-04-05 00:00:00+09:00,2356.854077853088,2475.8120123819504,2337.8538521991723,2432.85498046875,2473000
2019-04-08 00:00:00+09:00,2428.724478285965,2444.420316751078,2358.5062535736156,2381.636962890625,696800
2019-04-09 00:00:00+09:00,2364.288706970215,2403.9413477579756,2356.85383682251,2379.158447265625,329900
2019-04-10 00:00:00+09:00,2367.5936027241896,2379.98505563447,2344.462890625,2344.462890625,312600
2019-04-11 00:00:00+09:00,2322.15768066578,2354.375449981314,2299.026974490525,2348.5927734375,198200
2019-04-12 00:00:00+09:00,2338.6802539132104,2353.549997668222,2313.897347654858,2318.02783203125,291200
2019-04-15 00:00:00+09:00,2346.11450065772,2364.2886270712656,2327.9403742441746,2335.375244140625,188000
2019-04-16 00:00:00+09:00,2322.984243060173,2349.4193411319816,2315.5493717274767,2329.593017578125,285900
2019-04-17 00:00:00+09:00,2325.4622901407515,2379.158577479703,2323.8100966841685,2340.33203125,223500
2019-04-18 00:00:00+09:00,2340.331975326162,2356.8539094971907,2328.7666214064425,2347.766845703125,165800
2019-04-19 00:00:00+09:00,2347.7671857995183,2352.7237667688346,2305.636247560329,2324.636474609375,184900
2019-04-22 00:00:00+09:00,2312.2445949119856,2349.4189453125,2304.8097248318827,2349.4189453125,206600
2019-04-23 00:00:00+09:00,2323.8103230794272,2342.810549681214,2282.5054826407595,2299.853515625,257200
2019-04-24 00:00:00+09:00,2311.418719951923,2339.5060096153848,2304.8099459134614,2308.9404296875,219000
2019-04-25 00:00:00+09:00,2304.8100950845196,2325.46251529137,2294.896933385231,2321.33203125,146800
2019-04-26 00:00:00+09:00,2305.636292264051,2319.6799386160715,2241.2007384136045,2255.244384765625,367600
2019-05-07 00:00:00+09:00,2296.548541235325,2323.8097289550246,2240.3739726007916,2269.287353515625,500900
2019-05-08 00:00:00+09:00,2268.461595648852,2321.331785787791,2264.331112044247,2289.114013671875,342400
2019-05-09 00:00:00+09:00,2364.289381596828,2420.4639720750197,2350.24573397728,2365.115478515625,754200
2019-05-10 00:00:00+09:00,2356.0284485926613,2401.463779824287,2356.0284485926613,2370.898193359375,238500
2019-05-13 00:00:00+09:00,2349.419356837095,2386.593713749074,2334.549614072303,2370.07177734375,402300
2019-05-14 00:00:00+09:00,2315.5488514297235,2346.1144267072473,2298.2008222181557,2345.288330078125,256300
2019-05-15 00:00:00+09:00,2370.071303657394,2392.3759133467456,2319.6794076925626,2335.375244140625,307900
2019-05-16 00:00:00+09:00,2335.3751672445733,2360.9841627113515,2280.852789799175,2323.809814453125,292400
2019-05-17 00:00:00+09:00,2323.810189515846,2400.63718831605,2311.4187380964586,2392.376220703125,365100
2019-05-20 00:00:00+09:00,2420.463133175405,2436.9850658250666,2381.6365914487005,2409.723876953125,302900
2019-05-21 00:00:00+09:00,2391.5504653483754,2407.246306053598,2351.897815145708,2369.245849609375,215900
2019-05-22 00:00:00+09:00,2373.375995277407,2398.9849948783817,2370.897704993442,2381.636962890625,300600
2019-05-23 00:00:00+09:00,2354.375525365902,2391.549875766416,2334.5492051522942,2349.4189453125,230500
2019-05-24 00:00:00+09:00,2351.8975528048486,2406.419940751852,2346.1148752953177,2403.941650390625,274800
2019-05-27 00:00:00+09:00,2412.202505636535,2478.2902455169883,2412.202505636535,2461.768310546875,414800
2019-05-28 00:00:00+09:00,2460.116306442002,2460.116306442002,2390.7241742253705,2436.985595703125,298400
2019-05-29 00:00:00+09:00,2421.2895318083224,2441.1158534607957,2386.5934689164937,2413.028564453125,289800
2019-05-30 00:00:00+09:00,2379.9847311735584,2385.767408410009,2287.4618953903446,2300.679443359375,474100
2019-05-31 00:00:00+09:00,2230.461370918188,2247.809403803107,2174.2867882432115,2205.678466796875,614900
2019-06-03 00:00:00+09:00,2174.2866396645695,2203.200025830322,2147.8515437415963,2150.329833984375,437400
2019-06-04 00:00:00+09:00,2175.938758048837,2176.764854767914,2120.5902778706777,2170.982177734375,694700
2019-06-05 00:00:00+09:00,2186.678222305185,2221.374287789438,1979.327926196911,2010.7196044921875,1454700
2019-06-06 00:00:00+09:00,2037.1546735261616,2058.6331899542556,1990.8932535271895,2009.0673828125,482600
2019-06-07 00:00:00+09:00,2009.0674480233513,2034.6764492111488,1996.6759958357072,2016.5023193359375,321700
2019-06-10 00:00:00+09:00,2032.1982276058948,2040.4591960107969,1986.7629013789337,1991.719482421875,266500
2019-06-11 00:00:00+09:00,1991.7190606739896,2014.8497673097722,1985.1102873494804,1999.1539306640625,346800
2019-06-12 00:00:00+09:00,2040.4591534638896,2080.111800980597,2031.3720884079776,2039.633056640625,610300
2019-06-13 00:00:00+09:00,2047.8940248732722,2061.111574045508,2016.5023455892124,2039.633056640625,296400
2019-06-14 00:00:00+09:00,2068.5461247519843,2118.938023158482,2050.371997457837,2081.763671875,655300
2019-06-17 00:00:00+09:00,2071.0243963543217,2103.2421671791394,2050.3719791589256,2084.241943359375,346100
2019-06-18 00:00:00+09:00,2073.503161030831,2089.1990016920204,2005.7632171246446,2033.0244140625,515800
2019-06-19 00:00:00+09:00,2038.806781513254,2065.241877545841,2009.8933952276122,2047.0677490234375,395000
2019-06-20 00:00:00+09:00,2064.4155519858887,2071.0243252615537,2027.2412023102725,2033.8499755859375,573500
2019-06-21 00:00:00+09:00,2033.8499994736603,2038.8065794886247,1984.284199324018,1992.545166015625,570900
2019-06-24 00:00:00+09:00,1961.9795515730575,1999.9799976245777,1929.7617820945945,1986.762451171875,582400
2019-06-25 00:00:00+09:00,2025.5895201901355,2033.0243920016003,1988.4151611328125,1988.4151611328125,477700
2019-06-26 00:00:00+09:00,1980.1541087616486,1992.545561257028,1949.5885259397126,1983.45849609375,205400
2019-06-27 00:00:00+09:00,1971.067013196812,2019.806725593548,1961.153851353408,2014.0240478515625,256600
2019-06-28 00:00:00+09:00,1972.719089342775,1981.8061538246723,1884.3267348370478,1906.63134765625,842800
2019-07-01 00:00:00+09:00,1906.6307869746768,1961.9792543608567,1819.0645549905712,1916.5439453125,2456700
2019-07-02 00:00:00+09:00,1914.0660416020626,2009.8932581863696,1914.0660416020626,1935.5445556640625,1047500
2019-07-03 00:00:00+09:00,1858.7178027212137,1871.109254739355,1792.6300586244595,1838.8914794921875,1721000
2019-07-04 00:00:00+09:00,1857.0650967294596,1900.0221185399275,1849.6302275699557,1880.19580078125,757400
2019-07-05 00:00:00+09:00,1869.45717879102,1871.1093724974194,1809.1521085074387,1813.2825927734375,671700
2019-07-08 00:00:00+09:00,1800.8909350597362,1805.0214188557447,1753.8034197852385,1765.3687744140625,866600
2019-07-09 00:00:00+09:00,1785.1953062532093,1798.4128559524465,1759.5863037109375,1759.5863037109375,495300
2019-07-10 00:00:00+09:00,1757.9338196711753,1781.890624544514,1748.020659033932,1771.1513671875,502100
2019-07-11 00:00:00+09:00,1771.1516032896284,1778.5864747586613,1743.890407903174,1756.2818603515625,467500
2019-07-12 00:00:00+09:00,1770.3254219565733,1771.1515187470338,1735.6293567572377,1740.5859375,390900
2019-07-16 00:00:00+09:00,1770.3255064597358,1784.3691525679092,1752.1513762020995,1756.2818603515625,359900
2019-07-17 00:00:00+09:00,1764.5426398463333,1767.0209300708366,1724.8899962542807,1748.8468017578125,391500
2019-07-18 00:00:00+09:00,1733.1512989666446,1752.1515276969749,1724.8903299534575,1747.1949462890625,404800
2019-07-19 00:00:00+09:00,1748.0207604410882,1814.9345986243245,1747.194663673394,1805.8475341796875,819700
2019-07-22 00:00:00+09:00,1816.5869775965075,1820.7174618566178,1751.3253262867647,1755.455810546875,477400
2019-07-23 00:00:00+09:00,1757.108074232282,1791.804143399069,1753.8036866925881,1788.499755859375,315700
2019-07-24 00:00:00+09:00,1778.5861824296298,1795.1081163119302,1752.9771849120643,1789.325439453125,533800
2019-07-25 00:00:00+09:00,1804.1952468899967,1825.6737617339252,1795.9342796423318,1807.4996337890625,390300
2019-07-26 00:00:00+09:00,1796.760632489564,1802.5433103872315,1766.1950493161783,1768.67333984375,391400
2019-07-29 00:00:00+09:00,1776.9341382241337,1798.4126540743557,1771.1514608798432,1790.977783203125,204400
2019-07-30 00:00:00+09:00,1828.15209015556,1850.4567021908967,1799.2387041838272,1824.0216064453125,493000
2019-07-31 00:00:00+09:00,1793.456064226921,1794.2821609861226,1764.5426776548609,1765.3687744140625,497100
2019-08-01 00:00:00+09:00,1748.846848266151,1798.4126540743557,1740.5858806314504,1790.977783203125,273900
2019-08-02 00:00:00+09:00,1788.499455343844,1822.3694219346512,1766.1948431986782,1785.195068359375,436600
2019-08-05 00:00:00+09:00,1824.8479950468418,1848.8048043978415,1733.9773388878773,1754.6297607421875,697500
2019-08-06 00:00:00+09:00,1733.9771631763172,1761.2383572615092,1697.6289043960608,1740.5859375,610200
2019-08-07 00:00:00+09:00,1733.1510291108632,1755.4556419735864,1696.8027711123511,1734.80322265625,375600
2019-08-08 00:00:00+09:00,1747.1948141564303,1754.6296857060322,1726.542393185314,1753.8035888671875,285700
2019-08-09 00:00:00+09:00,1752.9771936680013,1794.2820285800653,1746.368420082071,1782.7166748046875,381000
2019-08-13 00:00:00+09:00,1741.4120073425322,1807.4997495566702,1681.9330393498083,1695.9766845703125,744100
2019-08-14 00:00:00+09:00,1687.7158165833832,1741.4121103072794,1638.1500069920944,1730.6728515625,554700
2019-08-15 00:00:00+09:00,1695.9767038666505,1710.8464460340151,1670.3677034673003,1682.7591552734375,394700
2019-08-16 00:00:00+09:00,1681.9327775578959,1700.9330004870862,1667.8891345232769,1687.7154541015625,269100
2019-08-19 00:00:00+09:00,1684.4112639543719,1686.8895541906952,1648.8891039004052,1656.323974609375,495100
2019-08-20 00:00:00+09:00,1654.6718183373328,1683.585205078125,1649.715237753197,1683.585205078125,490500
2019-08-21 00:00:00+09:00,1702.5854869981752,1710.8464549118005,1676.976486465937,1697.62890625,272300
2019-08-22 00:00:00+09:00,1696.8027063549864,1716.6290281429708,1688.5417389433264,1705.8897705078125,186800
2019-08-23 00:00:00+09:00,1715.8030614586112,1752.9774176288747,1710.8464806359093,1742.2381591796875,198500
2019-08-26 00:00:00+09:00,1704.237661290779,1713.324725892911,1686.0635320865147,1710.846435546875,272900
2019-08-27 00:00:00+09:00,1736.455481553202,1760.4122888629274,1726.5423199077984,1742.2381591796875,310800
2019-08-28 00:00:00+09:00,1739.7596223250678,1739.7596223250678,1701.759174733922,1710.0201416015625,323300
2019-08-29 00:00:00+09:00,1705.0030986118827,1723.3994047273616,1690.7877711590127,1716.7098388671875,450300
2019-08-30 00:00:00+09:00,1735.942298028256,1735.942298028256,1695.8049038541922,1719.2183837890625,374200
2019-09-02 00:00:00+09:00,1714.201223374353,1740.1232906546481,1695.8049175625308,1696.64111328125,342100
2019-09-03 00:00:00+09:00,1693.2963082449776,1779.4244661458333,1684.9343511672248,1756.010986328125,563800
2019-09-04 00:00:00+09:00,1814.5447752804034,1875.587064955735,1771.062596333592,1852.173583984375,1036500
2019-09-05 00:00:00+09:00,1853.8461118455177,1867.2252448132797,1822.9068668575683,1851.3375244140625,573200
2019-09-06 00:00:00+09:00,1861.3718333016454,1895.6558607793488,1832.1049805767768,1889.802490234375,362400
2019-09-09 00:00:00+09:00,1889.8019017653642,1906.5258124004558,1857.1902760269354,1903.1810302734375,312500
2019-09-10 00:00:00+09:00,1912.3795456005246,1952.5169387744754,1910.7071542182766,1932.4482421875,457200
2019-09-11 00:00:00+09:00,1954.1895314439917,1990.1459498659394,1936.6294201216451,1978.439208984375,493000
2019-09-12 00:00:00+09:00,1978.4391292228165,1997.6716313243062,1966.732388813214,1975.9305419921875,418400
2019-09-13 00:00:00+09:00,1995.9995058597826,2021.921577364455,1985.9651555999094,2003.5252685546875,402100
2019-09-17 00:00:00+09:00,1985.9650258842225,2013.5594872965087,1978.4392636808718,1996.8355712890625,277400
2019-09-18 00:00:00+09:00,1988.4732666015625,2005.1971796932494,1969.2407665461228,1988.4732666015625,276000
2019-09-19 00:00:00+09:00,1993.4907880875733,2002.6889418916687,1958.3705644719364,1996.8355712890625,270600
2019-09-20 00:00:00+09:00,1996.8353975834689,2004.3611591321503,1978.439091575581,1992.6544189453125,259600
2019-09-24 00:00:00+09:00,1993.4904854565823,2033.6278777812113,1982.6199417019952,2029.4468994140625,308200
2019-09-25 00:00:00+09:00,2045.3349292022315,2052.0244956100883,2011.8870971629474,2032.7919921875,328700
2019-09-26 00:00:00+09:00,2031.1191443072862,2034.4639267598302,2006.033275913207,2023.5933837890625,295800
2019-09-27 00:00:00+09:00,2041.1534982837024,2048.6792588263297,2015.2314341924307,2037.8087158203125,465800
2019-09-30 00:00:00+09:00,2044.4985161597174,2064.5672132508557,2007.7059048259637,2031.119384765625,602800
2019-10-01 00:00:00+09:00,2140.66116636528,2324.6242353497964,2140.66116636528,2312.081298828125,2132700
2019-10-02 00:00:00+09:00,2307.0639122176926,2409.9159822440706,2286.159019935909,2397.373046875,1225600
2019-10-03 00:00:00+09:00,2373.123709592702,2386.502842557284,2273.616408168625,2319.607177734375,995700
2019-10-04 00:00:00+09:00,2296.1930800984096,2322.1151432750485,2244.3489537451314,2254.38330078125,712500
2019-10-07 00:00:00+09:00,2216.7545476781543,2254.3833498831777,2200.0306355870325,2236.8232421875,614000
2019-10-08 00:00:00+09:00,2230.133924449574,2240.1682728160513,2196.6860965613164,2207.556640625,312400
2019-10-09 00:00:00+09:00,2199.19482421875,2219.2635222344343,2174.1089516991447,2199.19482421875,436000
2019-10-10 00:00:00+09:00,2204.211884984653,2204.211884984653,2154.876338241825,2162.402099609375,268600
2019-10-11 00:00:00+09:00,2149.859114873977,2153.203897627573,2069.5843287876673,2107.213134765625,609600
2019-10-15 00:00:00+09:00,2123.1005999805675,2165.7465750097163,2075.4374514185774,2151.53125,527000
2019-10-16 00:00:00+09:00,2147.350836646089,2210.901718104463,2116.4115917255654,2175.781494140625,601600
2019-10-17 00:00:00+09:00,2178.289978592484,2202.5396558973525,2143.1697562888817,2167.41943359375,300100
2019-10-18 00:00:00+09:00,2164.075180504593,2176.618120113391,2147.3512610261955,2150.696044921875,304200
2019-10-21 00:00:00+09:00,2154.039836860142,2180.798095703125,2138.1521206721204,2180.798095703125,250500
2019-10-23 00:00:00+09:00,2205.0481973756196,2290.34016405454,2189.9966738440453,2256.892333984375,501400
2019-10-24 00:00:00+09:00,2273.6163594852924,2274.452555277674,2205.0483045100095,2235.987548828125,277400
2019-10-25 00:00:00+09:00,2235.987393796555,2245.185546875,2217.5910876396647,2245.185546875,215800
2019-10-28 00:00:00+09:00,2243.5136005764916,2256.8927349817186,2223.444898968651,2247.694580078125,158500
2019-10-29 00:00:00+09:00,2287.8318013025596,2315.42626381827,2264.418317955896,2286.99560546875,468600
2019-10-30 00:00:00+09:00,2299.5382218600807,2302.046809011201,2265.2541974614396,2276.9609375,359000
2019-10-31 00:00:00+09:00,2261.9096613876472,2266.0906404290295,2227.6256332483154,2233.47900390625,201600
2019-11-01 00:00:00+09:00,2199.1943986576757,2204.2115721907353,2169.0913574593196,2180.798095703125,266300
2019-11-05 00:00:00+09:00,2199.194846588375,2253.547570933715,2199.194846588375,2226.789306640625,367000
2019-11-06 00:00:00+09:00,2261.0732703784233,2282.8143595166775,2248.530334337123,2259.40087890625,261200
2019-11-07 00:00:00+09:00,2261.9093465462006,2334.6583717401077,2257.7283680867804,2324.6240234375,439400
2019-11-08 00:00:00+09:00,2312.9172166193184,2324.6239559659093,2293.684716264205,2299.5380859375,240600
2019-11-11 00:00:00+09:00,2307.0637888068923,2367.269875357851,2305.39139751381,2332.149658203125,329100
2019-11-12 00:00:00+09:00,2309.5724369242394,2353.054611696166,2298.701893231258,2343.020263671875,372800
2019-11-13 00:00:00+09:00,2341.3483231361242,2350.5464772627306,2291.176573354636,2302.047119140625,269400
2019-11-14 00:00:00+09:00,2316.2619734038576,2339.675451835377,2266.090233907745,2271.943603515625,232000
2019-11-15 00:00:00+09:00,2296.1935486789985,2309.5726807907477,2256.05615234375,2256.05615234375,169800
2019-11-18 00:00:00+09:00,2268.599227853859,2283.650752402834,2223.444654206933,2233.47900390625,173900
2019-11-19 00:00:00+09:00,2227.6254085062337,2258.5646502910427,2213.4100811997,2246.85791015625,293700
2019-11-20 00:00:00+09:00,2233.47886433099,2244.3494091592574,2182.470923213734,2198.358642578125,236200
2019-11-21 00:00:00+09:00,2189.9967112597124,2195.850081621995,2123.1010499764834,2138.98876953125,294200
2019-11-22 00:00:00+09:00,2152.3677410257274,2160.7296980615693,2125.609478511033,2133.971435546875,142000
2019-11-25 00:00:00+09:00,2148.186958931588,2169.9280492127173,2144.842175811414,2165.7470703125,97200
2019-11-26 00:00:00+09:00,2185.8157902585403,2190.8329649875195,2135.64404296875,2135.64404296875,240000
2019-11-27 00:00:00+09:00,2146.5143146067157,2162.402032556668,2133.1351837014927,2137.316162109375,232300
2019-11-28 00:00:00+09:00,2134.807739789183,2138.988718519675,2100.5237141991493,2113.066650390625,194900
2019-11-29 00:00:00+09:00,2101.359478607986,2107.2128476291787,2047.0067662683448,2051.187744140625,316600
2019-12-02 00:00:00+09:00,2160.7299273277304,2224.280807543252,2113.902962958399,2120.592529296875,592200
2019-12-03 00:00:00+09:00,2108.885850842447,2155.712816602628,2103.8686759395705,2145.678466796875,259600
2019-12-04 00:00:00+09:00,2103.868390217844,2151.5315453221433,2084.635889035407,2133.971435546875,356700
2019-12-05 00:00:00+09:00,2159.8933307431944,2174.944852211788,2125.6093096202867,2173.2724609375,268300
2019-12-06 00:00:00+09:00,2173.272335403536,2192.50483394693,2160.7294015708876,2180.798095703125,206400
2019-12-09 00:00:00+09:00,2193.341552734375,2200.8673148291555,2172.4366580266515,2193.341552734375,139900
2019-12-10 00:00:00+09:00,2196.685924635667,2197.522120267428,2164.910490628756,2174.108642578125,125100
2019-12-11 00:00:00+09:00,2192.505225636353,2223.4444679508247,2175.7813108717737,2186.65185546875,211000
2019-12-12 00:00:00+09:00,2189.99656299147,2189.99656299147,2152.367756067218,2176.617431640625,158200
2019-12-13 00:00:00+09:00,2218.427122675878,2220.099514023542,2189.9964697655955,2196.68603515625,361400
2019-12-16 00:00:00+09:00,2186.652093744703,2200.8674228436166,2155.7128480588312,2158.221435546875,163000
2019-12-17 00:00:00+09:00,2169.9277262463224,2198.358378536255,2152.367617479011,2184.979248046875,249400
2019-12-18 00:00:00+09:00,2220.0996993166304,2244.3493758816708,2179.1261078791485,2185.815673828125,436200
2019-12-19 00:00:00+09:00,2180.798717598747,2225.1170964456537,2169.928171843845,2201.70361328125,287100
2019-12-20 00:00:00+09:00,2210.065336139161,2215.918706306764,2158.221200368965,2186.65185546875,290600
2019-12-23 00:00:00+09:00,2198.358501959046,2229.2977429527637,2186.651762123585,2206.720458984375,167700
2019-12-24 00:00:00+09:00,2215.082351082476,2252.7111565935033,2212.5737640484076,2225.11669921875,254200
2019-12-25 00:00:00+09:00,2223.444654206933,2251.875311688331,2210.9017170827874,2233.47900390625,250100
2019-12-26 00:00:00+09:00,2245.1856809166156,2253.5476387598806,2204.2120874846178,2208.39306640625,186400
2019-12-27 00:00:00+09:00,2216.7551158849287,2241.0047946328214,2202.5397869637504,2231.806640625,220600
2019-12-30 00:00:00+09:00,2253.547323065237,2253.547323065237,2033.6278625954196,2081.291015625,1724000
2020-01-06 00:00:00+09:00,2055.3689652903854,2087.144400880717,2012.722985945467,2029.4468994140625,621600
2020-01-07 00:00:00+09:00,2030.2830430526167,2067.911847392554,2016.0677169686405,2025.265869140625,458800
2020-01-08 00:00:00+09:00,2006.8699338737201,2006.8699338737201,1943.3190526343856,1960.04296875,690100
2020-01-09 00:00:00+09:00,1992.654592287201,2005.1975292927855,1963.3877392741704,1996.8355712890625,393500
2020-01-10 00:00:00+09:00,1982.6200982694213,2013.5593406295936,1980.9477067904932,1990.9820556640625,368000
2020-01-14 00:00:00+09:00,1994.3267287421472,2005.1972727562554,1935.7930302046418,1946.66357421875,368200
2020-01-15 00:00:00+09:00,1929.9400657342069,1944.9915913768482,1909.0351690083164,1944.1553955078125,335300
2020-01-16 00:00:00+09:00,1939.9742694112629,1977.603080671395,1934.9570945765786,1960.04296875,283300
2020-01-17 00:00:00+09:00,1934.1209372152941,1943.3190912617135,1897.3283210296163,1907.3626708984375,505800
2020-01-20 00:00:00+09:00,1919.9053147917127,1933.2844459052437,1879.7679214511193,1895.6556396484375,302500
2020-01-21 00:00:00+09:00,1898.1643863380925,1911.543518576599,1887.2938413943061,1900.6729736328125,255400
2020-01-22 00:00:00+09:00,1914.8880853848088,1927.4310204419146,1899.0003676458084,1920.741455078125,207200
2020-01-23 00:00:00+09:00,1906.5262165475397,1906.5262165475397,1876.423171023105,1886.45751953125,317800
2020-01-24 00:00:00+09:00,1863.8801777051842,1871.4059388533883,1830.4323503798332,1846.320068359375,403500
2020-01-27 00:00:00+09:00,1806.1828830369357,1844.647888879389,1802.001904141017,1833.77734375,313800
2020-01-28 00:00:00+09:00,1825.4153668182414,1847.1564568490587,1820.3981921957452,1842.1392822265625,293100
2020-01-29 00:00:00+09:00,1834.6134033203125,1847.1563390768324,1819.5618804124886,1834.6134033203125,271500
2020-01-30 00:00:00+09:00,1852.1734070446448,1863.88014641197,1802.001666898966,1804.51025390625,293900
2020-01-31 00:00:00+09:00,1802.8379328081458,1823.742825349984,1792.8035843880632,1800.329345703125,347200
2020-02-03 00:00:00+09:00,1768.553983270417,1798.6570297941687,1764.3730045865625,1766.881591796875,411600
2020-02-04 00:00:00+09:00,1768.5540860607778,1782.7694144120937,1759.355932421691,1775.24365234375,413700
2020-02-05 00:00:00+09:00,1775.2434277206783,1809.527450582924,1774.4072320411115,1788.62255859375,506400
2020-02-06 00:00:00+09:00,1769.3901601217135,1822.9066867038448,1769.3901601217135,1796.984619140625,493800
2020-02-07 00:00:00+09:00,1804.5101957285449,1810.3635652234939,1761.0280223374957,1786.1138916015625,532200
2020-02-10 00:00:00+09:00,1772.7348969480274,1816.2170736656205,1764.3729398869518,1807.0189208984375,504500
2020-02-12 00:00:00+09:00,1820.3979999492694,1824.5789783598098,1791.9673467575951,1802.837890625,273100
2020-02-13 00:00:00+09:00,1803.6741613393403,1808.6913356407015,1782.7692684170022,1791.1312255859375,209000
2020-02-14 00:00:00+09:00,1793.6400312472335,1793.6400312472335,1762.7007859529924,1771.062744140625,264900
2020-02-17 00:00:00+09:00,1758.5195724964142,1764.3729424476624,1710.8564171791077,1712.52880859375,414500
2020-02-18 00:00:00+09:00,1719.2182968787256,1756.0109063450018,1718.3821012090375,1753.5023193359375,279400
2020-02-19 00:00:00+09:00,1765.2092003233333,1776.9159406381257,1745.976698377603,1766.881591796875,313500
2020-02-20 00:00:00+09:00,1771.8988654996142,1780.2608233358558,1743.4682088563925,1761.0283203125,492800
2020-02-21 00:00:00+09:00,1769.3902355789178,1771.8988228694361,1750.9939287817836,1763.536865234375,405300
2020-02-25 00:00:00+09:00,1673.2275051335914,1694.1323965020772,1660.6845703125,1660.6845703125,804500
2020-02-26 00:00:00+09:00,1640.6158346060963,1641.4520302404521,1600.4784441570175,1633.92626953125,772100
2020-02-27 00:00:00+09:00,1620.3739881801346,1621.2210211065226,1536.5177284677281,1554.305419921875,803600
2020-02-28 00:00:00+09:00,1500.9424651227678,1512.8009270368304,1460.2848814174106,1482.3077392578125,626400
2020-03-02 00:00:00+09:00,1456.8966040651114,1544.14099372715,1444.1911104250087,1520.424072265625,326700
2020-03-03 00:00:00+09:00,1544.9879941239315,1554.3053559306,1473.8372312366453,1486.542724609375,298500
2020-03-04 00:00:00+09:00,1472.990156188014,1486.5426820643845,1450.1202687716388,1467.907958984375,268000
2020-03-05 00:00:00+09:00,1467.908082285527,1476.378411669748,1419.6272047954662,1428.0975341796875,479700
2020-03-06 00:00:00+09:00,1418.7800447440443,1422.1681761941793,1358.6407115041475,1372.1932373046875,484200
2020-03-09 00:00:00+09:00,1314.5950344060432,1330.6886591829211,1267.1611929584024,1279.0196533203125,416900
2020-03-10 00:00:00+09:00,1186.6930979349895,1288.3370463662518,1166.364308248737,1273.0904541015625,810300
2020-03-11 00:00:00+09:00,1239.209032511843,1284.9488054138521,1225.6565072075439,1226.5035400390625,522700
2020-03-12 00:00:00+09:00,1171.446438209573,1190.9281938703252,1129.0947954688077,1149.423583984375,625300
2020-03-13 00:00:00+09:00,1023.2156333771843,1096.9074877677597,1003.7338787681816,1066.414306640625,615700
2020-03-16 00:00:00+09:00,1091.8255056573823,1108.7661651710735,1037.6153952135714,1040.156494140625,373500
2020-03-17 00:00:00+09:00,999.4989915497448,1042.6976767777423,957.1473393654336,1037.615478515625,903400
2020-03-18 00:00:00+09:00,1013.8983735115297,1057.9440839731835,996.9577156416628,997.8047485351562,686500
2020-03-19 00:00:00+09:00,995.2637261686898,1212.1041635296979,963.9235067063565,1142.6474609375,1089400
2020-03-23 00:00:00+09:00,1117.23632427509,1118.9303899676981,1003.7339228703424,1101.1427001953125,750900
2020-03-24 00:00:00+09:00,1102.8367353000071,1114.695194819362,1068.9554223875646,1107.0718994140625,405600
2020-03-25 00:00:00+09:00,1157.8940945279396,1253.6088221663135,1139.259368793035,1249.3736572265625,719800
2020-03-26 00:00:00+09:00,1173.140482461145,1187.540040729621,1101.9897239580864,1116.3892822265625,794700
2020-03-27 00:00:00+09:00,1128.247902318051,1184.9991106178327,1107.072078325595,1158.7410888671875,645300
2020-03-30 00:00:00+09:00,1126.5538160824942,1129.941947860186,1062.1793123063517,1093.51953125,560200
2020-03-31 00:00:00+09:00,1068.1085290846481,1090.978418287888,1031.686112946155,1036.768310546875,613400
2020-04-01 00:00:00+09:00,1083.3550119676006,1106.2248988504195,1046.932599524593,1053.7088623046875,512000
2020-04-02 00:00:00+09:00,1020.6747010756056,1031.686129385965,1002.8870091896407,1013.8984375,413100
2020-04-03 00:00:00+09:00,994.4165345032321,1042.6974054288576,969.0055498055345,976.6288452148438,765400
2020-04-06 00:00:00+09:00,980.8639675564236,1177.375574182581,946.982656069155,1143.4942626953125,1610900
2020-04-07 00:00:00+09:00,1140.9533120781712,1159.588035809218,1085.8961737818972,1145.1884765625,854700
2020-04-08 00:00:00+09:00,1151.1178683910862,1166.364462674412,1099.4488544309272,1147.729736328125,813700
2020-04-09 00:00:00+09:00,1142.6475375969253,1142.6475375969253,1107.9191839709254,1131.6361083984375,532200
2020-04-10 00:00:00+09:00,1135.02409467676,1193.4693652235485,1118.083436547256,1146.0355224609375,671500
2020-04-13 00:00:00+09:00,1123.1655449411396,1143.4943330848705,1104.530822476053,1116.3892822265625,386800
2020-04-14 00:00:00+09:00,1116.3893757774715,1159.5880542028517,1110.4601454053607,1138.4122314453125,360000
2020-04-15 00:00:00+09:00,1163.8229728098665,1166.3640710037746,1118.9302380508252,1130.7886962890625,254100
2020-04-16 00:00:00+09:00,1101.1428388577062,1135.024156976405,1091.8254763750642,1134.1771240234375,324800
2020-04-17 00:00:00+09:00,1135.0240254525147,1176.528635338465,1129.0947954688077,1149.423583984375,322000
2020-04-20 00:00:00+09:00,1148.5767005510704,1179.9169202563726,1144.3415357260296,1167.21142578125,221200
2020-04-21 00:00:00+09:00,1141.800504581657,1146.0356696579984,1118.0835801541448,1131.6361083984375,458300
2020-04-22 00:00:00+09:00,1144.3413926558062,1170.5994112881747,1116.38930830522,1118.0833740234375,475700
2020-04-23 00:00:00+09:00,1141.800100532521,1217.1860122145642,1127.4005443685353,1207.86865234375,642300
2020-04-24 00:00:00+09:00,1223.1154598992375,1223.1154598992375,1146.0354690053105,1166.3642578125,497800
2020-04-27 00:00:00+09:00,1184.9991046485186,1238.3621808406965,1177.3758080496361,1222.2685546875,272700
2020-04-28 00:00:00+09:00,1209.563027179966,1225.6566528917442,1190.9283026715912,1212.1041259765625,321700
2020-04-30 00:00:00+09:00,1242.5973649677476,1335.7709915161133,1241.7503319991263,1287.4901123046875,737000
2020-05-01 00:00:00+09:00,1319.6773217852447,1365.4171005890978,1287.490070034385,1308.6658935546875,984300
2020-05-07 00:00:00+09:00,1274.784455798921,1276.478521520913,1214.645122668208,1245.1383056640625,733800
2020-05-08 00:00:00+09:00,1293.4191822454559,1357.7936798555768,1288.3369850657095,1348.476318359375,689400
2020-05-11 00:00:00+09:00,1394.2162685941157,1456.8967083729522,1378.1226421644146,1447.579345703125,559800
2020-05-12 00:00:00+09:00,1439.9556888498662,1440.8027216080131,1378.9693302632836,1384.8985595703125,593500
2020-05-13 00:00:00+09:00,1385.745657265334,1409.4625756048385,1359.4876405323114,1365.4168701171875,297900
2020-05-14 00:00:00+09:00,1347.629395479983,1364.57005412838,1307.81884765625,1307.81884765625,422400
2020-05-15 00:00:00+09:00,1355.252793710443,1371.3464206357546,1306.1248799384396,1338.3121337890625,264200
2020-05-18 00:00:00+09:00,1373.0402091704448,1373.0402091704448,1349.3232900731143,1360.334716796875,149000
2020-05-19 00:00:00+09:00,1420.474183035369,1439.1089069630839,1364.5700112522238,1368.80517578125,259000
2020-05-20 00:00:00+09:00,1347.6294576950895,1361.1819852394776,1330.6887982646044,1335.77099609375,270500
2020-05-21 00:00:00+09:00,1361.1815871075887,1398.4510269537207,1354.405325317383,1389.1336669921875,281900
2020-05-22 00:00:00+09:00,1389.1337233610473,1401.839214733252,1367.9579044073728,1384.8985595703125,187700
2020-05-25 00:00:00+09:00,1408.615689802226,1441.6499723652366,1401.8394267123776,1438.2618408203125,192500
2020-05-26 00:00:00+09:00,1448.4262396364797,1517.8829365079366,1423.8622858648669,1494.166015625,471300
2020-05-27 00:00:00+09:00,1522.965089132018,1522.965089132018,1473.8371830309852,1499.2481689453125,266000
2020-05-28 00:00:00+09:00,1528.0473892363996,1567.0109035960859,1520.4240929486348,1529.741455078125,405900
2020-05-29 00:00:00+09:00,1523.8120332933206,1523.8120332933206,1469.6019331650423,1485.695556640625,474800
2020-06-01 00:00:00+09:00,1498.401200471101,1501.78933207194,1440.802963256836,1463.6728515625,286000
2020-06-02 00:00:00+09:00,1463.6729923691862,1483.154750948174,1450.967497643759,1456.896728515625,238200
2020-06-03 00:00:00+09:00,1483.1546821151405,1536.5177574853597,1469.6021550369896,1532.2825927734375,447000
2020-06-04 00:00:00+09:00,1574.6341515289494,1600.8921712693461,1490.7778949386504,1518.72998046875,494800
2020-06-05 00:00:00+09:00,1500.095096574935,1503.4832277924957,1449.2731283115268,1468.7548828125,452800
2020-06-08 00:00:00+09:00,1498.4011053923616,1527.2002221720904,1482.307481309572,1505.1773681640625,319500
2020-06-09 00:00:00+09:00,1539.058738606771,1559.3875276692709,1503.4833577473958,1524.6591796875,286200
2020-06-10 00:00:00+09:00,1543.2940658256205,1544.1410987925938,1514.4949449485232,1527.200439453125,206800
2020-06-11 00:00:00+09:00,1484.8487189422501,1507.7186079390788,1449.2733360582943,1458.5906982421875,261200
2020-06-12 00:00:00+09:00,1403.5334115989904,1445.8850534698108,1380.6635249887474,1440.8028564453125,273600
2020-06-15 00:00:00+09:00,1440.802994571585,1445.038159164682,1377.2755256751307,1378.12255859375,241500
2020-06-16 00:00:00+09:00,1410.3096617922258,1441.6498764987198,1399.2982350034576,1416.2388916015625,292700
2020-06-17 00:00:00+09:00,1406.0745281414227,1418.7800208655922,1380.6635426930836,1410.3096923828125,229300
2020-06-18 00:00:00+09:00,1385.7458444148936,1406.9216672207447,1381.5106798537233,1393.369140625,168800
2020-06-19 00:00:00+09:00,1422.1682491520407,1423.0152820580277,1381.5106696646685,1408.61572265625,204100
2020-06-22 00:00:00+09:00,1398.451224096016,1422.168143705155,1377.2754030164276,1401.83935546875,210700
2020-06-23 00:00:00+09:00,1422.1682898541246,1500.9423523654013,1415.3920264122944,1467.06103515625,449200
2020-06-24 00:00:00+09:00,1510.259804378565,1544.1411236018644,1497.5543096698277,1512.8009033203125,699900
2020-06-25 00:00:00+09:00,1546.6820874907144,1576.3282392224642,1515.3418699457218,1567.85791015625,539600
2020-06-26 00:00:00+09:00,1564.4695243014858,1578.8690813741036,1529.7411807734075,1535.67041015625,446600
2020-06-29 00:00:00+09:00,1467.9079899616618,1481.4605161240315,1442.4970034072187,1461.978759765625,413100
2020-06-30 00:00:00+09:00,1546.682183365108,1566.163941425019,1445.0382282699202,1454.3555908203125,838500
2020-07-01 00:00:00+09:00,1550.070135803951,1603.4332060529393,1408.6156480010768,1419.6270751953125,1241200
2020-07-02 00:00:00+09:00,1440.8029316702912,1450.1202933683353,1331.5356899386818,1366.2640380859375,942800
2020-07-03 00:00:00+09:00,1376.4285295369239,1405.2276495395427,1351.0175412993192,1364.570068359375,494700
2020-07-06 00:00:00+09:00,1362.0287902113969,1440.8028433766083,1359.4876917221966,1439.955810546875,504700
2020-07-07 00:00:00+09:00,1439.1088656023217,1461.1317205203088,1398.4512872921912,1429.79150390625,467900
2020-07-08 00:00:00+09:00,1423.8624130583858,1423.8624130583858,1351.017578125,1351.017578125,562600
2020-07-09 00:00:00+09:00,1345.0881305643522,1352.711426014654,1303.5835220015983,1328.9945068359375,462800
2020-07-10 00:00:00+09:00,1320.5241610098428,1320.5241610098428,1263.7729623006321,1264.6199951171875,355400
2020-07-13 00:00:00+09:00,1290.0311572720545,1364.570055394143,1287.490058472438,1363.7230224609375,565900
2020-07-14 00:00:00+09:00,1356.099852109825,1376.428644396293,1305.277871393654,1323.91259765625,300700
2020-07-15 00:00:00+09:00,1346.782508859792,1352.7117400308728,1307.8189897355464,1333.22998046875,368100
2020-07-16 00:00:00+09:00,1353.5584499116355,1391.6749269116503,1334.0766950005168,1344.2410888671875,360500
2020-07-17 00:00:00+09:00,1309.5129145008766,1330.6887378272168,1245.1384115888025,1268.00830078125,959600
2020-07-20 00:00:00+09:00,1272.2432296742804,1280.7135574350946,1217.1860992289887,1276.4783935546875,541700
2020-07-21 00:00:00+09:00,1283.2548489446888,1283.2548489446888,1251.9146315117162,1273.0904541015625,431200
2020-07-22 00:00:00+09:00,1261.231803585222,1292.5720163002343,1260.3847708091407,1276.4783935546875,269600
2020-07-27 00:00:00+09:00,1242.5971120605468,1273.9373255208334,1196.857341064453,1270.5491943359375,622200
2020-07-28 00:00:00+09:00,1270.5495158039716,1278.1728128987954,1245.9855584984282,1275.6317138671875,483300
2020-07-29 00:00:00+09:00,1270.54940282771,1277.325666309458,1244.2913818359375,1244.2913818359375,593700
2020-07-30 00:00:00+09:00,1269.7023487902145,1284.9489413707508,1217.1863076794787,1234.9739990234375,644100
2020-07-31 00:00:00+09:00,1235.8208442157659,1262.9258935748505,1223.115352328695,1230.7386474609375,586500
2020-08-03 00:00:00+09:00,1267.161339492394,1286.6430980541088,1257.8439767020088,1280.7138671875,386400
2020-08-04 00:00:00+09:00,1284.1017190755208,1289.1839158528646,1262.078866373698,1270.5491943359375,274600
2020-08-05 00:00:00+09:00,1268.0082061788326,1268.0082061788326,1233.279858514616,1245.9853515625,321200
2020-08-06 00:00:00+09:00,1239.2092983669704,1245.1385294596353,1168.905558268229,1219.7275390625,802100
2020-08-07 00:00:00+09:00,1244.2911492263845,1308.6656402687297,1223.9623625814334,1300.1953125,718400
2020-08-11 00:00:00+09:00,1329.8417555798385,1369.6523049507,1328.1476896491636,1367.1112060546875,550500
2020-08-12 00:00:00+09:00,1361.1818645567844,1396.7572462066819,1331.53571318187,1391.675048828125,467700
2020-08-13 00:00:00+09:00,1420.4742154725373,1431.4856434994563,1345.9353180595479,1362.8759765625,392600
2020-08-14 00:00:00+09:00,1430.6385448442331,1461.9787616347817,1398.4512951674535,1438.2618408203125,1531100
2020-08-17 00:00:00+09:00,1423.8623361991972,1424.7093691178165,1362.875966058601,1378.12255859375,516500
2020-08-18 00:00:00+09:00,1355.252577678004,1359.4877419832476,1316.2890660697612,1332.3826904296875,375300
2020-08-19 00:00:00+09:00,1312.0540617652823,1351.017578125,1291.7252706210816,1351.017578125,376400
2020-08-20 00:00:00+09:00,1338.311952991805,1367.111070967578,1330.6886570570414,1366.2640380859375,479900
2020-08-21 00:00:00+09:00,1383.2046645176265,1407.7686175311053,1367.111040129485,1372.1932373046875,349700
2020-08-24 00:00:00+09:00,1351.8645176651453,1374.7344061218866,1346.782320230314,1368.80517578125,409600
2020-08-25 00:00:00+09:00,1383.2047842822028,1406.0746735508,1371.3463231799672,1395.9102783203125,368200
2020-08-26 00:00:00+09:00,1397.604400474053,1450.9674775830622,1382.357807014336,1447.579345703125,369200
2020-08-27 00:00:00+09:00,1460.2845237362267,1469.6018843865158,1428.0972778534097,1450.9671630859375,386200
2020-08-28 00:00:00+09:00,1459.5125413787805,1495.4021940356358,1410.8051556301914,1433.8770751953125,441100
2020-08-31 00:00:00+09:00,1443.2768488424967,1460.3671608477364,1412.514287233065,1416.786865234375,420900
2020-09-01 00:00:00+09:00,1417.6412229983393,1441.5676571417712,1409.0960679471136,1427.0408935546875,235800
2020-09-02 00:00:00+09:00,1444.985737287081,1445.8402528029221,1416.786725264329,1421.913818359375,275500
2020-09-03 00:00:00+09:00,1468.9120625650294,1497.9655879444424,1465.4940007556868,1488.56591796875,374800
2020-09-04 00:00:00+09:00,1445.8403905910523,1480.0210144820937,1439.004265812844,1474.8939208984375,240400
2020-09-07 00:00:00+09:00,1468.0576434235074,1468.0576434235074,1417.6412284281716,1431.3134765625,302400
2020-09-08 00:00:00+09:00,1451.8217308407739,1460.3668852306548,1415.0775669642858,1417.64111328125,224300
2020-09-09 00:00:00+09:00,1409.096058313115,1409.9505738123953,1378.3335003390264,1400.5509033203125,267800
2020-09-10 00:00:00+09:00,1416.7866965420274,1419.35024303758,1382.6060766013272,1418.4957275390625,248600
2020-09-11 00:00:00+09:00,1405.677978515625,1428.7498967040274,1397.1328236310317,1405.677978515625,205100
2020-09-14 00:00:00+09:00,1419.350300448118,1444.1312509074771,1412.5141761834673,1425.3319091796875,157900
2020-09-15 00:00:00+09:00,1428.7499970335282,1429.6045125819933,1382.6061574164166,1406.5325927734375,205700
2020-09-16 00:00:00+09:00,1405.6781557314075,1414.2233116933005,1386.0242970190536,1390.296875,173600
2020-09-17 00:00:00+09:00,1398.8419681818514,1411.6597015494308,1374.0610170045306,1379.1881103515625,187100
2020-09-18 00:00:00+09:00,1388.5876114366984,1398.841796875,1380.0424569047802,1398.841796875,152400
2020-09-23 00:00:00+09:00,1378.3337730473568,1398.842149087739,1368.9341006955149,1386.0244140625,168300
2020-09-24 00:00:00+09:00,1380.0424753216696,1380.0424753216696,1355.2615268484012,1357.8250732421875,266300
2020-09-25 00:00:00+09:00,1356.1162132835507,1381.751680453372,1356.1162132835507,1378.3336181640625,257600
2020-09-28 00:00:00+09:00,1379.1881309705382,1396.2784423828125,1352.6981482815129,1396.2784423828125,317700
2020-09-29 00:00:00+09:00,1409.0959826176709,1409.0959826176709,1373.2063335758626,1380.89697265625,188100
2020-09-30 00:00:00+09:00,1392.8605670328577,1442.4224767800392,1391.1515356622654,1411.659912109375,523400
2020-10-02 00:00:00+09:00,1411.6595592582278,1514.2014158629415,1335.6076822763982,1366.3702392578125,1007200
2020-10-05 00:00:00+09:00,1385.169753795953,1389.4423316916839,1326.2081788348667,1346.716552734375,512800
2020-10-06 00:00:00+09:00,1357.8251253827732,1399.6963847558104,1351.8435169009108,1360.388671875,475200
2020-10-07 00:00:00+09:00,1356.9706744569721,1358.6797055331144,1336.4623015432646,1353.5526123046875,279300
2020-10-08 00:00:00+09:00,1354.4072283879989,1354.4072283879989,1302.2817766960948,1314.2449951171875,623900
2020-10-09 00:00:00+09:00,1293.7365670883553,1303.1362383155492,1278.3552868984011,1289.4639892578125,390800
2020-10-12 00:00:00+09:00,1302.281671625986,1329.6261686680016,1296.300062898045,1327.0626220703125,313400
2020-10-13 00:00:00+09:00,1331.3352147089188,1341.5894012150209,1298.8636241062623,1299.7181396484375,287700
2020-10-14 00:00:00+09:00,1303.1360386553858,1318.5173164886953,1292.8818534331797,1305.6995849609375,265000
2020-10-15 00:00:00+09:00,1297.154756936561,1309.9724916888983,1290.318631735314,1293.7366943359375,287900
2020-10-16 00:00:00+09:00,1396.2781578496345,1431.3132891053474,1382.6059115059415,1402.259765625,875700
2020-10-19 00:00:00+09:00,1393.7147364652667,1473.184675454396,1392.8602209922653,1460.366943359375,696700
2020-10-20 00:00:00+09:00,1444.1309936523437,1463.7848474121092,1409.9503784179688,1452.6761474609375,418900
2020-10-21 00:00:00+09:00,1453.5310294059327,1520.1832459219013,1450.9674826168568,1515.05615234375,597800
2020-10-22 00:00:00+09:00,1520.1829025174943,1536.4186951806942,1500.5290482409894,1532.1461181640625,419000
2020-10-23 00:00:00+09:00,1529.5824907318197,1612.4704804530413,1529.5824907318197,1593.671142578125,601300
2020-10-26 00:00:00+09:00,1567.1813547354204,1617.5977669106603,1553.5091073658639,1609.0526123046875,507500
2020-10-27 00:00:00+09:00,1592.8169216723466,1619.3069026658243,1576.5811268698924,1614.1798095703125,309500
2020-10-28 00:00:00+09:00,1593.671488530036,1618.4524392900205,1582.5627864652154,1616.743408203125,306700
2020-10-29 00:00:00+09:00,1591.1078113717845,1609.9071517854145,1580.8536256916225,1590.2532958984375,334900
2020-10-30 00:00:00+09:00,1567.1814390670422,1579.9991716657366,1543.2550048828125,1543.2550048828125,433100
2020-11-02 00:00:00+09:00,1538.1279657351092,1549.2366677098628,1503.947344274329,1527.873779296875,408800
2020-11-04 00:00:00+09:00,1562.0543840813418,1597.0895207046103,1553.5092288073738,1573.1630859375,536000
2020-11-05 00:00:00+09:00,1542.400503405858,1556.0727516354943,1446.694765798403,1515.9105224609375,1142600
2020-11-06 00:00:00+09:00,1510.7834564332395,1514.2015185518667,1424.4773879379018,1479.1663818359375,904000
2020-11-09 00:00:00+09:00,1472.3301427631761,1472.3301427631761,1439.0040397058551,1447.5491943359375,524900
2020-11-10 00:00:00+09:00,1491.1297044279825,1561.1999828022488,1490.2751888380524,1546.6732177734375,587100
2020-11-11 00:00:00+09:00,1615.0342307867006,1670.5777360783068,1614.1797153206758,1653.4874267578125,594300
2020-11-12 00:00:00+09:00,1619.3069700835854,1650.9240454889114,1571.4540991998488,1589.39892578125,356800
2020-11-13 00:00:00+09:00,1598.7983443548976,1598.7983443548976,1534.7096881140546,1549.2364501953125,363800
2020-11-16 00:00:00+09:00,1548.3821034002276,1562.054351553872,1521.8921226025416,1547.527587890625,359900
2020-11-17 00:00:00+09:00,1562.0543244791666,1603.9255837239584,1560.3452934895834,1602.216552734375,309300
2020-11-18 00:00:00+09:00,1586.8354024656232,1609.0528071312701,1566.3270289281031,1588.54443359375,253200
2020-11-19 00:00:00+09:00,1572.308608168299,1580.8537636474748,1503.0928487869774,1504.8018798828125,417200
2020-11-20 00:00:00+09:00,1520.1829544441205,1537.2732630944197,1502.2381303613063,1534.709716796875,267800
2020-11-24 00:00:00+09:00,1538.9825180982798,1563.7634692503343,1533.8554247564755,1557.7818603515625,304700
2020-11-25 00:00:00+09:00,1602.2166267770235,1621.8704840654882,1563.763427734375,1563.763427734375,211400
2020-11-26 00:00:00+09:00,1573.1629700877568,1594.5258566994862,1549.2365370826199,1559.49072265625,173000
2020-11-27 00:00:00+09:00,1544.9640317766853,1565.4724038799156,1521.03759765625,1521.03759765625,305200
2020-11-30 00:00:00+09:00,1525.3099548339842,1526.1644702148437,1449.2580859375,1452.6761474609375,371900
2020-12-01 00:00:00+09:00,1470.6212299240538,1508.2199133154882,1466.3486522659364,1501.3837890625,195300
2020-12-02 00:00:00+09:00,1510.7834293748238,1549.2366275206762,1484.2934484299033,1515.9105224609375,510700
2020-12-03 00:00:00+09:00,1523.6011454924878,1588.5443238757907,1521.8921144824008,1579.1446533203125,408600
2020-12-04 00:00:00+09:00,1568.0360831434168,1598.7986439026338,1560.3454429536127,1587.68994140625,300300
2020-12-07 00:00:00+09:00,1589.3990555061366,1598.798727339775,1553.5093994140625,1553.5093994140625,158100
2020-12-08 00:00:00+09:00,1554.3636940854817,1580.8536745784174,1549.236601086849,1552.6546630859375,197800
2020-12-09 00:00:00+09:00,1541.5460114238188,1575.7266325196904,1529.5827940402635,1573.1630859375,183800
2020-12-10 00:00:00+09:00,1580.8538088803612,1609.907338340865,1579.9992933079934,1601.3621826171875,206700
2020-12-11 00:00:00+09:00,1599.653110047847,1629.56115430622,1587.6898923444976,1607.34375,223800
2020-12-14 00:00:00+09:00,1614.1798594066502,1649.2149966409927,1614.1798594066502,1634.688232421875,208700
2020-12-15 00:00:00+09:00,1634.6882765238825,1670.5779302687872,1624.434089739624,1650.924072265625,199000
2020-12-16 00:00:00+09:00,1665.45070566436,1720.9942130364398,1665.45070566436,1682.541015625,303600
2020-12-17 00:00:00+09:00,1674.8504444657049,1679.977537663049,1623.579512492265,1639.8153076171875,316500
2020-12-18 00:00:00+09:00,1643.2332773298872,1647.5058547540418,1590.2533172703693,1625.2884521484375,302400
2020-12-21 00:00:00+09:00,1625.2885042445866,1643.2333300012303,1608.1981940001642,1627.85205078125,286200
2020-12-22 00:00:00+09:00,1621.8705667224406,1639.8153938568828,1597.9441305431844,1609.9073486328125,195500
2020-12-23 00:00:00+09:00,1626.997602320429,1635.542757794801,1602.2166514447504,1603.0711669921875,217800
2020-12-24 00:00:00+09:00,1610.7618433115433,1650.0695593817454,1610.7618433115433,1632.979248046875,181000
2020-12-25 00:00:00+09:00,1638.1061417461651,1698.7767395886158,1638.1061417461651,1685.1044921875,243600
2020-12-28 00:00:00+09:00,1674.8505588249739,1674.8505588249739,1620.161560985791,1631.270263671875,248400
2020-12-29 00:00:00+09:00,1620.1613137545314,1620.1613137545314,1562.0542624173436,1591.1077880859375,477700
2020-12-30 00:00:00+09:00,1708.1766097697805,1808.1549306017287,1685.9592051404588,1767.13818359375,1753700
2021-01-04 00:00:00+09:00,1784.2283887796202,1797.0461214576346,1671.4323412130925,1703.9039306640625,710700
2021-01-05 00:00:00+09:00,1675.7049784523247,1686.813680502238,1626.9975925411657,1634.688232421875,400600
2021-01-06 00:00:00+09:00,1624.4338783682483,1659.4690119890258,1609.907115647438,1636.3970947265625,228300
2021-01-07 00:00:00+09:00,1670.5777587890625,1699.6312850288723,1663.7416349679308,1670.5777587890625,331200
2021-01-08 00:00:00+09:00,1674.8502311882696,1685.1044162771773,1659.468953554908,1665.4505615234375,217400
2021-01-12 00:00:00+09:00,1650.0693419932074,1650.9238574473727,1621.8703320057523,1636.3970947265625,173700
2021-01-13 00:00:00+09:00,1636.3973103138492,1643.2334348477973,1624.4340923794398,1632.979248046875,192900
2021-01-14 00:00:00+09:00,1633.8338536939186,1670.5780250897546,1621.8706350999255,1647.506103515625,278300
2021-01-15 00:00:00+09:00,1656.0510012256857,1696.2132288095902,1653.4874547841598,1674.850341796875,360900
2021-01-18 00:00:00+09:00,1670.5778163729185,1703.0494056425712,1667.1597543445341,1677.4139404296875,192500
2021-01-19 00:00:00+09:00,1677.4140010063925,1712.4491380625627,1667.159814550928,1706.467529296875,212400
2021-01-20 00:00:00+09:00,1683.3954617623976,1701.3402864816921,1656.0509669520438,1667.15966796875,157500
2021-01-21 00:00:00+09:00,1660.3235795019582,1673.9958271972907,1648.360362768542,1656.905517578125,129000
2021-01-22 00:00:00+09:00,1647.5058071225649,1662.8870854048296,1634.6880752206778,1644.9422607421875,189000
2021-01-25 00:00:00+09:00,1644.9425028900903,1650.069596405592,1622.72509765625,1622.72509765625,169000
2021-01-26 00:00:00+09:00,1617.5979366028707,1621.0159988038276,1587.6898923444976,1607.34375,215200
2021-01-27 00:00:00+09:00,1623.579532550707,1632.979203528632,1613.325346029334,1616.743408203125,114600
2021-01-28 00:00:00+09:00,1605.6345950566538,1651.7784312104905,1600.5075021506718,1643.2332763671875,180400
2021-01-29 00:00:00+09:00,1643.2332417359546,1649.214850000204,1616.7432622799927,1635.5426025390625,210300
2021-02-01 00:00:00+09:00,1651.7784182809503,1672.2867897443455,1644.9422944598186,1670.5777587890625,198100
2021-02-02 00:00:00+09:00,1682.540968316626,1719.285133698858,1671.4322671545558,1702.19482421875,233500
2021-02-03 00:00:00+09:00,1709.031008602528,1765.4290318864114,1709.031008602528,1749.1932373046875,348200
2021-02-04 00:00:00+09:00,1750.0478282088825,1777.3923255246464,1745.7752505032945,1750.90234375,209500
2021-02-05 00:00:00+09:00,1775.6833006882882,1822.6816556150716,1753.4658965410815,1795.337158203125,350100
2021-02-08 00:00:00+09:00,1791.9191451631432,1836.353954676011,1777.3923805147058,1815.8455810546875,377100
2021-02-09 00:00:00+09:00,1800.464199244351,1818.4090251504408,1782.519373338261,1792.7735595703125,193900
2021-02-10 00:00:00+09:00,1792.773572145836,1799.6096963484893,1771.4106840125442,1783.3739013671875,262800
2021-02-12 00:00:00+09:00,1777.3923651084588,1784.228489589645,1752.611413864158,1762.8656005859375,349600
2021-02-15 00:00:00+09:00,1783.3738834619862,1799.6096782802795,1754.3203558924092,1788.5009765625,299700
2021-02-16 00:00:00+09:00,1789.3553770922913,1793.6279544014897,1734.6663875345516,1738.93896484375,251100
2021-02-17 00:00:00+09:00,1741.5027167137632,1771.410761407081,1732.103045524435,1767.13818359375,223800
2021-02-18 00:00:00+09:00,1780.8103439926124,1793.6280767948626,1769.7016422306624,1774.8287353515625,305700
2021-02-19 00:00:00+09:00,1773.9742973703226,1773.9742973703226,1698.776928310309,1718.4307861328125,891200
2021-02-22 00:00:00+09:00,1741.502510753587,1781.664737449082,1726.1212324446742,1756.8837890625,459600
2021-02-24 00:00:00+09:00,1753.465789240057,1821.8270285866479,1749.193211780895,1785.9373779296875,726200
2021-02-25 00:00:00+09:00,1809.2887146145322,1822.261626048193,1768.6402587890625,1768.6402587890625,546000
2021-02-26 00:00:00+09:00,1743.5593002411074,1761.7213762852855,1726.2620849609375,1726.2620849609375,258300
2021-03-01 00:00:00+09:00,1740.099723979053,1753.0726344460934,1717.6133458361824,1739.23486328125,143200
2021-03-02 00:00:00+09:00,1732.316001876162,1750.4780767835007,1657.0731201171875,1657.0731201171875,290800
2021-03-03 00:00:00+09:00,1638.910888795428,1734.9104184293553,1627.667700640103,1708.964599609375,350300
2021-03-04 00:00:00+09:00,1692.5324590563957,1713.289116704507,1656.2083081722014,1676.9649658203125,256000
2021-03-05 00:00:00+09:00,1700.316232273322,1703.7756752687915,1644.9651443458079,1694.26220703125,214700
2021-03-08 00:00:00+09:00,1659.6676846360913,1707.2350231743847,1650.1542169284328,1669.18115234375,295600
2021-03-09 00:00:00+09:00,1652.748726104225,1702.91064453125,1649.2892834540853,1702.91064453125,205700
2021-03-10 00:00:00+09:00,1681.2891113790406,1687.3431359570516,1644.9649639109748,1658.802734375,268900
2021-03-11 00:00:00+09:00,1642.3706241840393,1664.8570045046213,1625.0734085528225,1630.2625732421875,202200
2021-03-12 00:00:00+09:00,1616.4246527705052,1621.6138169848566,1583.559946079612,1612.9652099609375,311000
2021-03-15 00:00:00+09:00,1629.3976170337107,1657.0731604228183,1624.2084526482531,1647.5596923828125,174800
2021-03-16 00:00:00+09:00,1643.2353313228627,1675.2351772486238,1635.4515850165965,1669.18115234375,223700
2021-03-17 00:00:00+09:00,1652.7488057454427,1712.4241943359375,1645.8299201117622,1712.4241943359375,224000
2021-03-18 00:00:00+09:00,1681.2892589120074,1697.7216127799745,1670.9109301532912,1689.9378662109375,171000
2021-03-19 00:00:00+09:00,1712.4239747845656,1735.7752108043553,1675.2349692715675,1687.343017578125,341100
2021-03-22 00:00:00+09:00,1670.9108053247735,1727.9916092333838,1657.937895345544,1717.61328125,211900
2021-03-23 00:00:00+09:00,1717.61346317032,1787.667184477871,1717.61346317032,1781.6131591796875,349800
2021-03-24 00:00:00+09:00,1766.0456686145253,1788.532048332438,1704.6405547694562,1710.694580078125,193700
2021-03-25 00:00:00+09:00,1701.1809925779307,1750.4780523526854,1700.316131880128,1739.23486328125,130400
2021-03-26 00:00:00+09:00,1773.8291734165969,1814.4776235143931,1765.1805670128106,1810.1533203125,219200
2021-03-29 00:00:00+09:00,1794.5859880200708,1810.1534809281968,1759.1266986182284,1772.099609375,214500
2021-03-30 00:00:00+09:00,1784.207555868178,1792.8561625374373,1739.2348011880301,1746.1536865234375,154400
2021-03-31 00:00:00+09:00,1739.2351174690618,1774.69441126132,1734.0459525238532,1754.8026123046875,149100
2021-04-01 00:00:00+09:00,1747.0186755905575,1762.586168739384,1705.5053605270193,1718.478271484375,174700
2021-04-02 00:00:00+09:00,1701.1810568745675,1727.1268787892786,1689.0730066477022,1718.478271484375,190300
2021-04-05 00:00:00+09:00,1747.0186559165395,1824.856120784108,1742.6943523127857,1772.9644775390625,413000
2021-04-06 00:00:00+09:00,1713.2891697664343,1763.4510939695908,1695.9919545239666,1711.5594482421875,678100
2021-04-07 00:00:00+09:00,1677.8297688470595,1700.3161471924325,1657.073111912869,1698.58642578125,437600
2021-04-08 00:00:00+09:00,1715.0187667736905,1718.478209571015,1660.5325427158273,1683.0189208984375,284700
2021-04-09 00:00:00+09:00,1689.938022098875,1710.6946815310005,1679.5596923828125,1679.5596923828125,197400
2021-04-12 00:00:00+09:00,1699.4511678944461,1699.4511678944461,1663.1270207944124,1670.9107666015625,154500
2021-04-13 00:00:00+09:00,1690.8025294174383,1766.9102647569446,1690.8025294174383,1751.3427734375,296800
2021-04-14 00:00:00+09:00,1718.4782446127708,1728.8565732163709,1691.667562386804,1701.1810302734375,244600
2021-04-15 00:00:00+09:00,1699.451304274339,1708.9647721354168,1682.1540899814704,1686.4783935546875,116200
2021-04-16 00:00:00+09:00,1689.0730867575144,1712.4243275882634,1681.2893398139313,1699.451416015625,95400
2021-04-19 00:00:00+09:00,1698.5864766753741,1713.2891091109552,1673.5055154617357,1676.10009765625,133800
2021-04-20 00:00:00+09:00,1660.5324306672026,1661.3972913081752,1613.8299560546875,1613.8299560546875,230700
2021-04-21 00:00:00+09:00,1586.154546705917,1604.3166216681984,1543.7763717939267,1558.47900390625,284200
2021-04-22 00:00:00+09:00,1578.3707599250638,1587.0193668287627,1557.6141033561862,1567.992431640625,124700
2021-04-23 00:00:00+09:00,1567.992512339257,1584.4248663019962,1541.181829557946,1548.965576171875,230500
2021-04-26 00:00:00+09:00,1548.9655406043844,1583.559969205264,1539.4520727391425,1573.181640625,149700
2021-04-27 00:00:00+09:00,1569.7223694931122,1621.614018071397,1565.3980654449217,1607.7762451171875,172800
2021-04-28 00:00:00+09:00,1605.181551654013,1606.0464124038267,1577.5060076599784,1594.80322265625,110200
2021-04-30 00:00:00+09:00,1594.8031378870337,1611.2354912600563,1582.6950880332274,1599.12744140625,152300
2021-05-06 00:00:00+09:00,1625.0733091063419,1640.6408022217831,1612.965258905443,1632.8570556640625,226400
2021-05-07 00:00:00+09:00,1632.8569635306553,1644.9650130483615,1622.4786353726215,1636.31640625,135400
2021-05-10 00:00:00+09:00,1670.0460669953945,1671.7757884526657,1615.55984109135,1632.8570556640625,222800
2021-05-11 00:00:00+09:00,1616.4247221479025,1625.9381902825342,1575.776267390839,1578.370849609375,126700
2021-05-12 00:00:00+09:00,1625.9381705080286,1625.9381705080286,1531.6683510477228,1561.9384765625,245700
2021-05-13 00:00:00+09:00,1527.3439286531627,1539.4519779176837,1505.722412109375,1505.722412109375,218000
2021-05-14 00:00:00+09:00,1518.695225900202,1561.073395643431,1518.695225900202,1550.695068359375,155300
2021-05-17 00:00:00+09:00,1561.9383694809096,1591.3436322507605,1546.3708774262825,1563.6680908203125,132200
2021-05-18 00:00:00+09:00,1565.3980553091899,1595.668183450528,1560.2088904849606,1592.208740234375,77200
2021-05-19 00:00:00+09:00,1560.2087960608417,1590.4789223702262,1558.4790745574483,1580.9654541015625,89700
2021-05-20 00:00:00+09:00,1583.5600044344176,1624.2084589447493,1583.5600044344176,1619.8841552734375,139100
2021-05-21 00:00:00+09:00,1605.181321099675,1619.019091109155,1587.884108587825,1596.53271484375,107700
2021-05-24 00:00:00+09:00,1599.992321594369,1619.8841180250017,1589.613993021865,1615.559814453125,122100
2021-05-25 00:00:00+09:00,1625.073401584553,1625.073401584553,1592.208692026164,1600.8572998046875,130800
2021-05-26 00:00:00+09:00,1578.3708610679557,1602.586961950094,1571.4519751016303,1593.9383544921875,114500
2021-05-27 00:00:00+09:00,1602.5868324025605,1648.4244482241124,1593.9382256437773,1635.4515380859375,392100
2021-05-28 00:00:00+09:00,1651.0193045841709,1682.154294089163,1634.5869490120915,1667.45166015625,298700
2021-05-31 00:00:00+09:00,1660.532738095238,1660.532738095238,1619.8842804439485,1634.5869140625,126600
2021-06-01 00:00:00+09:00,1642.3703838552963,1647.559547785329,1618.1542855151445,1644.9649658203125,116200
2021-06-02 00:00:00+09:00,1638.046239107769,1651.8840109270532,1621.613885072369,1649.2894287109375,103000
2021-06-03 00:00:00+09:00,1664.856985155256,1733.1809861044846,1663.9921243837468,1699.451416015625,405700
2021-06-04 00:00:00+09:00,1683.0189058923027,1741.829432922455,1679.5594631258232,1723.6673583984375,190200
2021-06-07 00:00:00+09:00,1738.3700100422852,1781.613045117964,1730.586263728663,1740.0997314453125,227000
2021-06-08 00:00:00+09:00,1731.4511093873316,1795.450800743307,1731.4511093873316,1780.7481689453125,209100
2021-06-09 00:00:00+09:00,1782.4778528557083,1805.8290911027264,1776.423828125,1776.423828125,172100
2021-06-10 00:00:00+09:00,1775.55910764208,1785.9374365713081,1755.6673105277266,1764.31591796875,145100
2021-06-11 00:00:00+09:00,1764.3159773379343,1765.180838111139,1730.5864071829444,1742.6944580078125,225300
2021-06-14 00:00:00+09:00,1758.2617759552609,1764.3158007617965,1729.721373295879,1736.6402587890625,138200
2021-06-15 00:00:00+09:00,1740.96445654101,1740.96445654101,1716.7483587848508,1724.5321044921875,172800
2021-06-16 00:00:00+09:00,1704.640447998047,1733.1808512369792,1704.640447998047,1712.4241943359375,126200
2021-06-17 00:00:00+09:00,1712.4243126751146,1716.7486164950012,1689.937932811704,1697.7216796875,116500
2021-06-18 00:00:00+09:00,1705.5054414161896,1711.5594668167541,1687.3433652144959,1699.451416015625,140300
2021-06-21 00:00:00+09:00,1664.8568964004517,1679.5595287322997,1651.0191247940063,1660.5325927734375,213200
2021-06-22 00:00:00+09:00,1706.3702474079978,1746.1538416202472,1706.3702474079978,1735.7755126953125,259800
2021-06-23 00:00:00+09:00,1738.370041407394,1789.3968237173622,1734.0457378218034,1772.099609375,244300
2021-06-24 00:00:00+09:00,1779.8832708282619,1789.3967382622322,1768.6400820426607,1776.423828125,194600
2021-06-25 00:00:00+09:00,1783.3430876308269,1842.1536259232112,1778.1539224873814,1820.5321044921875,271100
2021-06-28 00:00:00+09:00,1821.3966484356642,1853.3964945857686,1811.0183199545495,1840.423583984375,179400
2021-06-29 00:00:00+09:00,1823.9911021244711,1843.8828969793137,1798.0452827485897,1839.55859375,253200
2021-06-30 00:00:00+09:00,1834.3695607152479,1842.153307083205,1733.1808579318042,1755.667236328125,478300
2021-07-01 00:00:00+09:00,1712.4242426371402,1822.2615551699264,1675.2352313071417,1803.234619140625,700300
2021-07-02 00:00:00+09:00,1790.2617395512193,1831.7750552509576,1728.8566267453562,1735.7755126953125,365800
2021-07-05 00:00:00+09:00,1700.3159682580658,1735.7752534557162,1683.8836165811058,1734.0455322265625,268400
2021-07-06 00:00:00+09:00,1753.9375765931372,1754.8024373311023,1720.2080078125,1720.2080078125,129500
2021-07-07 00:00:00+09:00,1701.1809478946989,1721.9376040967695,1689.9377591185773,1691.66748046875,175500
2021-07-08 00:00:00+09:00,1705.5052990810477,1707.2350204797099,1672.6405925064635,1683.0189208984375,271600
2021-07-09 00:00:00+09:00,1652.7489824086645,1664.8570335618415,1619.8842721357555,1662.262451171875,316400
2021-07-12 00:00:00+09:00,1696.8568152860898,1717.6134735770513,1688.208207664856,1711.5594482421875,245400
2021-07-13 00:00:00+09:00,1711.5592266433055,1734.0456035471589,1690.8025710397485,1714.15380859375,291500
2021-07-14 00:00:00+09:00,1705.5053899775553,1726.2620478677486,1692.5324787961845,1721.937744140625,185900
2021-07-15 00:00:00+09:00,1705.505536217907,1705.505536217907,1658.8030519604188,1667.45166015625,264400
2021-07-16 00:00:00+09:00,1670.0461647325612,1681.2893548628167,1662.2624177193075,1672.6407470703125,197200
2021-07-19 00:00:00+09:00,1660.5324442675158,1668.3161901000199,1628.532600289444,1629.3974609375,205800
2021-07-20 00:00:00+09:00,1623.3435683640776,1627.6678719558838,1602.5869111234074,1616.4246826171875,196600
2021-07-21 00:00:00+09:00,1644.1004050567674,1660.5327604992076,1627.6680496143274,1637.1815185546875,180900
2021-07-26 00:00:00+09:00,1663.1273680236784,1669.1813938043158,1640.6409865527394,1654.478759765625,134400
2021-07-27 00:00:00+09:00,1669.1810453110845,1682.1539549896681,1640.6406440182009,1670.9107666015625,184500
2021-07-28 00:00:00+09:00,1645.8300005601552,1656.20832951797,1644.100279067186,1651.0191650390625,141600
2021-07-29 00:00:00+09:00,1654.4786751258912,1657.0732574705737,1621.6139654265792,1630.2625732421875,176300
2021-07-30 00:00:00+09:00,1629.3975606185209,1635.4515855252776,1602.5868788885982,1626.802978515625,166200
2021-08-02 00:00:00+09:00,1630.2623441096773,1640.6406720297389,1612.9651309095746,1631.9920654296875,212100
2021-08-03 00:00:00+09:00,1620.7492434801022,1629.3978520365595,1584.4250875429814,1603.4520263671875,211500
2021-08-04 00:00:00+09:00,1595.667946284291,1607.7759957411906,1583.5598968273912,1593.0733642578125,198500
2021-08-05 00:00:00+09:00,1589.6140047399008,1601.7220548304115,1555.0195759098704,1560.208740234375,258700
2021-08-06 00:00:00+09:00,1567.1275608004848,1567.1275608004848,1537.7222975183565,1538.587158203125,119900
2021-08-10 00:00:00+09:00,1548.1004308752113,1603.4515077333192,1543.7761279956715,1599.9920654296875,205200
2021-08-11 00:00:00+09:00,1609.5057423097003,1629.3975381576977,1599.9922747302235,1624.2083740234375,120800
2021-08-12 00:00:00+09:00,1625.9380600641155,1632.8569454260905,1600.8571006269563,1606.0462646484375,98100
2021-08-13 00:00:00+09:00,1595.6680834060637,1601.7221086547588,1584.424893658487,1594.80322265625,138900
2021-08-16 00:00:00+09:00,1589.6139488998724,1590.4788095902425,1554.1546605947067,1567.992431640625,121000
2021-08-17 00:00:00+09:00,1571.4519848688235,1575.7762886246542,1523.0197828035214,1523.8846435546875,253700
2021-08-18 00:00:00+09:00,1526.4792101605476,1533.3980960989522,1493.614501953125,1493.614501953125,306400
2021-08-19 00:00:00+09:00,1516.965749528673,1535.1278252071804,1494.4793701171875,1494.4793701171875,299800
2021-08-20 00:00:00+09:00,1487.5605323859422,1501.3983047802299,1455.5606837241514,1457.2904052734375,233500
2021-08-23 00:00:00+09:00,1466.8038404169122,1471.993004946689,1449.5066253176562,1467.668701171875,254600
2021-08-24 00:00:00+09:00,1476.3171569613994,1506.5872802734375,1475.4522962953413,1506.5872802734375,125200
2021-08-25 00:00:00+09:00,1510.0468229147948,1527.3440373811727,1497.9387727883302,1503.9927978515625,125700
2021-08-26 00:00:00+09:00,1510.0468715360298,1526.479225808186,1506.5874285313653,1523.8846435546875,125400
2021-08-27 00:00:00+09:00,1523.0195674189815,1546.3708043981483,1522.1547067901236,1541.181640625,458300
2021-08-30 00:00:00+09:00,1552.585023201552,1570.1283567970497,1540.3046896847036,1568.3740234375,200000
2021-08-31 00:00:00+09:00,1552.585023739821,1586.7945242629019,1542.0590235788732,1575.391357421875,151600
2021-09-01 00:00:00+09:00,1573.6370558008134,1608.7237237116453,1573.6370558008134,1597.320556640625,125900
2021-09-02 00:00:00+09:00,1591.1802978515625,1602.5834642639497,1574.5141315565352,1591.1802978515625,141400
2021-09-03 00:00:00+09:00,1609.6008006516413,1631.5299668730531,1601.7063008119328,1619.2496337890625,247800
2021-09-06 00:00:00+09:00,1630.652864168657,1653.4591979332538,1626.2670307523886,1652.58203125,188300
2021-09-07 00:00:00+09:00,1645.5646982979322,1661.3536986014303,1641.1788648802938,1659.599365234375,128700
2021-09-08 00:00:00+09:00,1661.353609299448,1678.8969420270028,1652.5819429356704,1678.019775390625,137200
2021-09-09 00:00:00+09:00,1675.3884284917917,1696.4404296875,1664.8624278939376,1696.4404296875,129400
2021-09-10 00:00:00+09:00,1696.4403091195913,1717.4923088191106,1692.931642503005,1710.4749755859375,160100
2021-09-13 00:00:00+09:00,1697.3175971525075,1718.3695983574999,1688.5459299837605,1717.492431640625,146700
2021-09-14 00:00:00+09:00,1727.1412355371738,1731.527069045394,1711.3522349075804,1730.64990234375,140500
2021-09-15 00:00:00+09:00,1706.966370747677,1728.8955378950006,1702.5805373182122,1722.75537109375,122900
2021-09-16 00:00:00+09:00,1724.509706183131,1748.193206725829,1715.738039315465,1747.3160400390625,140400
2021-09-17 00:00:00+09:00,1738.5443107813687,1741.1758107472335,1713.1064777780086,1731.5269775390625,182900
2021-09-21 00:00:00+09:00,1697.3174787072915,1748.1931447357272,1679.7741455940377,1738.5443115234375,195900
2021-09-22 00:00:00+09:00,1748.1931476611958,1778.0168140036346,1738.5443144327598,1766.6136474609375,237400
2021-09-24 00:00:00+09:00,1789.4201062117254,1841.1729426168686,1789.4201062117254,1826.2611083984375,320000
2021-09-27 00:00:00+09:00,1821.8750965046431,1883.2767608066774,1813.9805968086673,1859.59326171875,328600
2021-09-28 00:00:00+09:00,1863.9790599404423,1890.294058433719,1811.3490629538887,1830.646728515625,436600
2021-09-29 00:00:00+09:00,1807.8406382094856,1875.3824767063952,1807.8406382094856,1869.2423095703125,305500
2021-09-30 00:00:00+09:00,1850.8219323819571,1854.3305995523494,1799.0690916186702,1802.5777587890625,417800
2021-10-01 00:00:00+09:00,1890.2942174853702,1940.2927188295307,1842.0500495217063,1852.5760498046875,843700
2021-10-04 00:00:00+09:00,1896.43447883018,1946.4329826661283,1890.294311692432,1900.8203125,620400
2021-10-05 00:00:00+09:00,1863.1019589263612,1882.3996251675949,1820.1207932072502,1860.470458984375,399300
2021-10-06 00:00:00+09:00,1874.5051828208152,1884.1540162373005,1793.8058487920296,1813.103515625,310100
2021-10-07 00:00:00+09:00,1790.2971449655504,1800.8231448379593,1743.8073121957443,1745.5616455078125,324300
2021-10-08 00:00:00+09:00,1743.8073445738987,1773.6310114328085,1722.7553444381979,1767.4908447265625,457600
2021-10-11 00:00:00+09:00,1758.719117481873,1794.6829498094323,1740.2986179970253,1769.2451171875,332900
2021-10-12 00:00:00+09:00,1752.5789399482833,1756.964773131337,1674.5111092899265,1681.5284423828125,579100
2021-10-13 00:00:00+09:00,1681.5284706768289,1688.5458038877912,1660.4764710439422,1661.3536376953125,266800
2021-10-14 00:00:00+09:00,1656.0905455087438,1669.2480445461545,1633.284213843899,1655.21337890625,218600
2021-10-15 00:00:00+09:00,1665.7394130706787,1694.6859115600587,1659.5992467244466,1684.159912109375,232000
2021-10-18 00:00:00+09:00,1690.300171529292,1713.106504928234,1682.405671506581,1697.3175048828125,268800
2021-10-19 00:00:00+09:00,1684.159912109375,1692.0544116973876,1663.1079132080079,1684.159912109375,253700
2021-10-20 00:00:00+09:00,1692.9317934793512,1727.1412960418872,1691.1774600146057,1707.8436279296875,234800
2021-10-21 00:00:00+09:00,1710.4751586914062,1741.1759948730469,1709.5979919433594,1719.246826171875,286200
2021-10-22 00:00:00+09:00,1707.8436888089032,1751.70202699095,1703.4578549906985,1716.6153564453125,216600
2021-10-25 00:00:00+09:00,1718.3694758498193,1737.6671422452741,1711.3521426151085,1713.983642578125,260400
2021-10-26 00:00:00+09:00,1729.7727089153057,1798.191710586398,1721.8782087224874,1785.911376953125,319900
2021-10-27 00:00:00+09:00,1798.1918632728834,1842.9273681640625,1798.1918632728834,1842.9273681640625,417300
2021-10-28 00:00:00+09:00,1820.997836613689,1850.821500604472,1820.997836613689,1839.4183349609375,952500
2021-10-29 00:00:00+09:00,1868.36489673371,1884.1538958610372,1846.4357312790892,1855.2073974609375,300500
2021-11-01 00:00:00+09:00,1860.4702762526495,1882.3994402820301,1833.2781128562176,1862.224609375,249600
2021-11-02 00:00:00+09:00,1862.2250369406495,1874.5053716166594,1831.5242002506245,1842.9273681640625,181700
2021-11-04 00:00:00+09:00,1843.8044460251506,1928.8896178921534,1842.050112584594,1928.012451171875,329300
2021-11-05 00:00:00+09:00,1897.311553558746,1904.32888709017,1861.3477192101982,1891.17138671875,223100
2021-11-08 00:00:00+09:00,1912.2230133341852,1916.6088459335756,1877.1363525390625,1877.1363525390625,155300
2021-11-09 00:00:00+09:00,1877.1365925023765,1878.0137591343869,1844.6814271179896,1845.55859375,189900
2021-11-10 00:00:00+09:00,1832.4010328032837,1845.5585318420817,1816.612033956726,1840.2955322265625,144600
2021-11-11 00:00:00+09:00,1820.1210627943703,1842.050232225628,1815.7352289081189,1833.278564453125,98600
2021-11-12 00:00:00+09:00,1824.5066817933462,1835.0326818806154,1790.297181509721,1806.086181640625,271200
2021-11-15 00:00:00+09:00,1817.4895320494704,1845.5588684517788,1806.0863641360327,1842.9273681640625,194800
2021-11-16 00:00:00+09:00,1842.0503231238868,1863.1023268167312,1830.6471544569292,1846.4361572265625,197400
2021-11-17 00:00:00+09:00,1846.4359415969625,1846.4359415969625,1787.665771484375,1787.665771484375,161500
2021-11-18 00:00:00+09:00,1767.4908438124064,1768.3680104842736,1718.3695101878432,1756.96484375,303100
2021-11-19 00:00:00+09:00,1748.1931454759147,1761.350645316426,1730.6498123552333,1745.5616455078125,186200
2021-11-22 00:00:00+09:00,1722.7553423424133,1742.93017578125,1699.0718422185614,1742.93017578125,295700
2021-11-24 00:00:00+09:00,1759.596404246795,1767.4909045649508,1737.6672366963612,1744.6845703125,212700
2021-11-25 00:00:00+09:00,1728.8954508179986,1781.5254493208297,1711.3521179837217,1762.227783203125,257300
2021-11-26 00:00:00+09:00,1753.456391531879,1758.7193922068122,1689.4232166535264,1721.001220703125,286400
2021-11-29 00:00:00+09:00,1675.3883944005497,1678.0198944964668,1619.2497256876518,1625.389892578125,519900
2021-11-30 00:00:00+09:00,1654.3363323447145,1686.7914989919861,1633.284332357295,1634.1614990234375,333900
2021-12-01 00:00:00+09:00,1631.5298165738104,1648.1959813667686,1609.6006523725496,1635.9156494140625,248000
2021-12-02 00:00:00+09:00,1616.6181592807866,1618.372492606105,1561.356659533261,1567.496826171875,371300
2021-12-03 00:00:00+09:00,1614.8637718270377,1633.284271125445,1584.1629396630256,1632.4071044921875,419100
2021-12-06 00:00:00+09:00,1660.476716237638,1666.6168837039156,1628.0215453444564,1629.77587890625,233900
2021-12-07 00:00:00+09:00,1657.8449139823042,1687.6685791015625,1637.670081695747,1687.6685791015625,191100
2021-12-08 00:00:00+09:00,1689.4229740123058,1709.5978070352978,1683.2828074400907,1692.931640625,140000
2021-12-09 00:00:00+09:00,1685.9143672935152,1695.5632008212096,1666.6167002381264,1680.6513671875,124600
2021-12-10 00:00:00+09:00,1687.6688232421875,1693.8089904785156,1641.1789855957031,1649.073486328125,205600
2021-12-13 00:00:00+09:00,1683.2829582682293,1683.2829582682293,1635.9159547526042,1644.6876220703125,101700
2021-12-14 00:00:00+09:00,1628.8985276565054,1632.4071943827446,1596.4433604387937,1610.47802734375,225000
2021-12-15 00:00:00+09:00,1594.6891166217445,1594.6891166217445,1544.690612965287,1553.4622802734375,438200
2021-12-16 00:00:00+09:00,1580.6544178418521,1602.5835856809454,1550.830749580685,1552.5850830078125,277700
2021-12-17 00:00:00+09:00,1542.936371872742,1554.339540055997,1508.726867322977,1517.49853515625,435900
2021-12-20 00:00:00+09:00,1517.4983792222138,1527.1472128473263,1454.3423773123875,1463.9912109375,456400
2021-12-21 00:00:00+09:00,1489.4289542113536,1493.8147874098559,1470.1312881379438,1482.41162109375,335300
2021-12-22 00:00:00+09:00,1474.5169421988473,1495.568938994072,1471.8854425994443,1494.6917724609375,289500
2021-12-23 00:00:00+09:00,1479.780149536499,1485.920316132086,1459.6053164367127,1462.23681640625,434400
2021-12-24 00:00:00+09:00,1468.3769486426138,1468.3769486426138,1432.4131165671376,1433.290283203125,346600
2021-12-27 00:00:00+09:00,1433.2902800107506,1435.9217799128512,1389.4319483090753,1408.7296142578125,498600
2021-12-28 00:00:00+09:00,1435.0446132788177,1437.6761131809183,1391.1862815771424,1408.7296142578125,782100
2021-12-29 00:00:00+09:00,1399.0808438319787,1435.921844108432,1397.3265104854809,1431.5360107421875,450500
2021-12-30 00:00:00+09:00,1432.4131762060788,1436.7990095686205,1413.1155094108958,1417.5013427734375,408500
2022-01-04 00:00:00+09:00,1446.4478775051712,1477.148711776051,1429.7817103295506,1471.008544921875,556600
2022-01-05 00:00:00+09:00,1471.8855611021074,1514.866724686138,1467.4997280833288,1484.1658935546875,424600
2022-01-06 00:00:00+09:00,1467.4999694824219,1494.692138671875,1461.3598022460938,1480.657470703125,287800
2022-01-07 00:00:00+09:00,1481.5343841627716,1492.9375499378552,1422.7642220911875,1428.0272216796875,538300
2022-01-11 00:00:00+09:00,1429.7817993164062,1434.1676330566406,1395.5722961425781,1424.518798828125,350900
2022-01-12 00:00:00+09:00,1433.290283203125,1452.5879491948438,1428.0272833872016,1433.290283203125,171700
2022-01-13 00:00:00+09:00,1423.641601335181,1432.4132686262171,1406.975433482212,1413.1156005859375,192800
2022-01-14 00:00:00+09:00,1417.5012810559008,1421.8871142274845,1394.6949485636646,1412.23828125,291900
2022-01-17 00:00:00+09:00,1406.9754035093633,1431.536071401048,1406.0982367989461,1422.764404296875,207400
2022-01-18 00:00:00+09:00,1435.9217222628793,1461.3595536285625,1428.0272228735291,1435.0445556640625,336800
2022-01-19 00:00:00+09:00,1429.781672742227,1442.9391727981372,1375.397339177799,1378.906005859375,674900
2022-01-20 00:00:00+09:00,1377.1515554680195,1412.2382193015997,1366.6255563179454,1406.9752197265625,322100
2022-01-21 00:00:00+09:00,1403.4667667898952,1424.5187682917438,1382.414765288047,1423.6416015625,537900
2022-01-24 00:00:00+09:00,1423.6415424059153,1463.9912102744747,1419.2557089419415,1453.4652099609375,286700
2022-01-25 00:00:00+09:00,1463.1139515323432,1483.2887841973575,1438.5532856792822,1454.34228515625,359800
2022-01-26 00:00:00+09:00,1472.7628173828125,1493.814817154812,1460.4824841824793,1472.7628173828125,289200
2022-01-27 00:00:00+09:00,1466.6228343682192,1469.254334669119,1398.2038265448214,1414.8699951171875,506600
2022-01-28 00:00:00+09:00,1440.3076514223112,1479.7801510045306,1438.553318107546,1476.271484375,585000
2022-01-31 00:00:00+09:00,1487.6748046875,1515.744140625,1478.0259704589844,1505.2181396484375,300400
2022-02-01 00:00:00+09:00,1506.0950654830056,1528.901397284146,1501.7092324443247,1526.2698974609375,470900
2022-02-02 00:00:00+09:00,1528.9014607146976,1550.8306268178917,1513.1124611203977,1545.567626953125,327900
2022-02-03 00:00:00+09:00,1545.5675006686477,1550.8305001033875,1502.586338618271,1524.5155029296875,327300
2022-02-04 00:00:00+09:00,1535.0416558813376,1536.795989202345,1505.2179894242147,1528.9014892578125,404700
2022-02-07 00:00:00+09:00,1526.2702022879464,1547.3222050781249,1518.3757012416295,1535.0418701171875,205000
2022-02-08 00:00:00+09:00,1535.0416868720501,1538.5503535849004,1528.0243534463493,1533.287353515625,130300
2022-02-09 00:00:00+09:00,1533.2871693590341,1534.164335931894,1514.866671328977,1528.024169921875,181600
2022-02-10 00:00:00+09:00,1543.8134765625,1549.9536437988281,1526.2701416015625,1540.3048095703125,179500
2022-02-14 00:00:00+09:00,1528.0241093066854,1533.2871085350666,1511.3579450834782,1529.7784423828125,289800
2022-02-15 00:00:00+09:00,1528.0242885656523,1529.7786218475878,1494.6919562088815,1499.9549560546875,270200
2022-02-16 00:00:00+09:00,1522.7613533770736,1535.0416868720501,1506.0951864910344,1533.287353515625,249500
2022-02-17 00:00:00+09:00,1514.866882641193,1530.6558831551138,1512.2353825555394,1520.1298828125,216500
2022-02-18 00:00:00+09:00,1513.1124890213935,1534.1644888686476,1505.217989078673,1525.392822265625,279600
2022-02-21 00:00:00+09:00,1515.7439890023002,1534.1644888686476,1506.9723223992778,1525.392822265625,215700
2022-02-22 00:00:00+09:00,1496.446317494801,1514.8668172998366,1467.4998178011733,1476.271484375,466500
2022-02-24 00:00:00+09:00,1474.5172418821044,1478.0259087277489,1434.1675731571925,1461.3597412109375,966900
2022-02-25 00:00:00+09:00,1469.3991698488664,1497.0899748733739,1462.2531556489935,1493.5169677734375,528500
2022-02-28 00:00:00+09:00,1490.8369146376251,1522.1007205167843,1484.5841534617932,1516.7412109375,313600
2022-03-01 00:00:00+09:00,1512.2751553017688,1526.567182758844,1499.769631276828,1508.7021484375,213000
2022-03-02 00:00:00+09:00,1478.3315711107082,1502.449367134871,1460.4665370187358,1491.7303466796875,246000
2022-03-03 00:00:00+09:00,1530.139959823876,1540.8589788068805,1521.2074440047056,1527.460205078125,321500
2022-03-04 00:00:00+09:00,1526.5668515912225,1537.2858698586856,1513.1680787568935,1518.527587890625,208900
2022-03-07 00:00:00+09:00,1487.2639198256531,1487.2639198256531,1430.989068805223,1459.5731201171875,353800
2022-03-08 00:00:00+09:00,1429.2025217373964,1430.0957733134821,1391.6859555417896,1399.7252197265625,300200
2022-03-09 00:00:00+09:00,1424.736332417754,1427.416087274966,1389.0062676549264,1397.0455322265625,176800
2022-03-10 00:00:00+09:00,1440.8148449420066,1481.9044189453125,1435.4553352894015,1481.9044189453125,248600
2022-03-11 00:00:00+09:00,1464.0395420141795,1476.5450658629888,1451.53401816537,1467.612548828125,127600
2022-03-14 00:00:00+09:00,1473.8653653447277,1488.1573931298888,1466.7193514521473,1470.2923583984375,102500
2022-03-15 00:00:00+09:00,1472.0786598109214,1569.4430857328816,1464.0393952852548,1556.0443115234375,401200
2022-03-16 00:00:00+09:00,1541.7523440581522,1565.8701385480538,1499.769516612768,1556.9376220703125,317200
2022-03-17 00:00:00+09:00,1600.706972361809,1614.1057472420698,1578.3756808947078,1599.813720703125,409000
2022-03-18 00:00:00+09:00,1596.2406722388819,1604.2799369563693,1575.6958846275252,1591.7744140625,174400
2022-03-22 00:00:00+09:00,1734.694724920356,1762.3855263995172,1686.4591352469786,1699.85791015625,869100
2022-03-23 00:00:00+09:00,1699.8579258908849,1731.12173430191,1699.8579258908849,1718.6162109375,430400
2022-03-24 00:00:00+09:00,1693.6049495266616,1733.80126953125,1685.565685525744,1733.80126953125,229000
2022-03-25 00:00:00+09:00,1733.8014514562165,1740.9474646512963,1691.8186239351232,1708.7904052734375,219500
2022-03-28 00:00:00+09:00,1686.458929459549,1692.7116903208926,1665.914143772277,1683.7791748046875,167700
2022-03-29 00:00:00+09:00,1673.9536247353963,1694.4984130859375,1635.5438030365585,1694.4984130859375,274200
2022-03-30 00:00:00+09:00,1717.7230160937293,1726.6555330780961,1669.4874243781487,1695.3917236328125,183600
2022-03-31 00:00:00+09:00,1695.3916220667465,1730.228436218803,1673.953582588558,1712.3634033203125,262200
2022-04-01 00:00:00+09:00,1688.2454489950303,1695.391461477549,1658.7681475046409,1676.6331787109375,210000
2022-04-04 00:00:00+09:00,1692.7119533422383,1737.3745378631418,1684.6726881284758,1726.655517578125,395500
2022-04-05 00:00:00+09:00,1741.8405386117788,1816.8736695058249,1736.4810292622042,1811.51416015625,611000
2022-04-06 00:00:00+09:00,1786.5032873705713,1811.5143333937592,1780.2505258647743,1790.0762939453125,214800
2022-04-07 00:00:00+09:00,1780.2505318598492,1780.2505318598492,1715.0431616512346,1736.481201171875,233300
2022-04-08 00:00:00+09:00,1726.6554532160399,1759.7057645295388,1715.9364333305807,1753.4530029296875,248600
2022-04-11 00:00:00+09:00,1773.9976311071593,1829.3792288557213,1773.9976311071593,1795.4356689453125,376000
2022-04-12 00:00:00+09:00,1820.4468865142642,1848.1376880265027,1814.1941248824685,1825.806396484375,486500
2022-04-13 00:00:00+09:00,1782.0371268223926,1798.1156572899629,1762.3855895842507,1774.89111328125,419800
2022-04-14 00:00:00+09:00,1944.6090680803572,1995.5244180484694,1902.6262356505104,1969.6201171875,1543100
2022-04-15 00:00:00+09:00,1974.0859676746838,1974.0859676746838,1889.2270686117452,1907.9853515625,556100
2022-04-18 00:00:00+09:00,1880.2947722165693,1918.7045941668364,1859.7499837315427,1916.9180908203125,313500
2022-04-19 00:00:00+09:00,1952.6479300166784,1958.0074394311798,1876.721546644575,1907.9853515625,297700
2022-04-20 00:00:00+09:00,1927.6372055418892,1936.569722713075,1885.654374837316,1903.5194091796875,162900
2022-04-21 00:00:00+09:00,1898.1596460466378,1898.1596460466378,1825.8062665973307,1855.2835693359375,305900
2022-04-22 00:00:00+09:00,1864.2160775858079,1899.9461413632073,1858.856568019198,1884.7608642578125,228300
2022-04-25 00:00:00+09:00,1840.0984416545919,1884.7610251898975,1840.0984416545919,1868.6824951171875,197700
2022-04-26 00:00:00+09:00,1857.9634947891993,1896.3733170372454,1857.9634947891993,1885.654296875,191700
2022-04-27 00:00:00+09:00,1874.9352941968034,1932.1034022618799,1862.429770557568,1928.5303955078125,293400
2022-04-28 00:00:00+09:00,1902.6258421479986,1921.3841250987534,1845.4577417266503,1907.9853515625,250600
2022-05-02 00:00:00+09:00,1907.0921013459872,1944.608667274105,1891.9068246607967,1933.8896484375,176600
2022-05-06 00:00:00+09:00,1921.3842688469765,1925.850527026537,1890.1204615900522,1924.957275390625,194300
2022-05-09 00:00:00+09:00,1964.2604873320636,1979.4457662245807,1932.9966778474698,1943.7156982421875,297100
2022-05-10 00:00:00+09:00,1965.1537105851094,1999.9905263636635,1958.9009487787023,1980.3389892578125,377200
2022-05-11 00:00:00+09:00,1949.0750657848846,1950.8615690532483,1892.8002128314254,1900.8394775390625,284900
2022-05-12 00:00:00+09:00,1870.4688633973615,1879.401379459431,1824.9130314808067,1848.1375732421875,361200
2022-05-13 00:00:00+09:00,1866.0027078850653,1937.4628403076624,1851.710681400546,1932.99658203125,269400
2022-05-16 00:00:00+09:00,1948.1818404026428,1948.1818404026428,1874.9352054127223,1890.1204833984375,230700
2022-05-17 00:00:00+09:00,1900.8393894500234,1918.7044213057566,1887.4406155582233,1912.45166015625,87500
2022-05-18 00:00:00+09:00,1905.3058449942705,1912.4518584776058,1881.1880494880138,1906.1990966796875,128200
2022-05-19 00:00:00+09:00,1840.098497625242,1857.0702798848922,1817.7672051783338,1845.4580078125,288600
2022-05-20 00:00:00+09:00,1827.593051663068,1893.69368012009,1826.6997999271623,1887.44091796875,199600
2022-05-23 00:00:00+09:00,1869.5757511120662,1885.6542812219645,1848.1377109655352,1866.89599609375,200500
2022-05-24 00:00:00+09:00,1857.9634399715767,1875.8284730482264,1794.5425725494702,1807.048095703125,326300
2022-05-25 00:00:00+09:00,1783.8236433989107,1785.6101467974072,1744.5205686319841,1769.5316162109375,350700
2022-05-26 00:00:00+09:00,1779.3573156319858,1827.592905513576,1778.464063967512,1798.1156005859375,354800
2022-05-27 00:00:00+09:00,1831.165897846222,1866.8959641456604,1815.0873680114746,1829.37939453125,311900
2022-05-30 00:00:00+09:00,1865.1094373043184,1897.2664965681859,1840.098391210199,1890.1204833984375,296600
2022-05-31 00:00:00+09:00,1862.4297640942589,1915.1316135338566,1860.6432607234249,1906.1990966796875,230600
2022-06-01 00:00:00+09:00,1881.1876762604045,1918.704239604629,1868.6821551456628,1911.5582275390625,176300
2022-06-02 00:00:00+09:00,1912.4518138764925,1949.9683837890627,1902.6260455660574,1949.9683837890625,251200
2022-06-03 00:00:00+09:00,2027.6810425667375,2077.703129960454,2003.563250430481,2022.321533203125,904900
2022-06-06 00:00:00+09:00,2001.7771317787474,2055.3722357085667,1972.299824617347,2013.389404296875,363300
2022-06-07 00:00:00+09:00,2014.2824378274331,2025.0014574522354,1970.5131076928237,1976.765869140625,301700
2022-06-08 00:00:00+09:00,1952.6478271484375,1967.8331030228765,1939.2490543180502,1952.6478271484375,248100
2022-06-09 00:00:00+09:00,1966.0469487379044,1966.0469487379044,1929.423629838198,1935.6763916015625,196900
2022-06-10 00:00:00+09:00,1941.9291028949974,1948.1818644958553,1918.7045598060968,1931.2100830078125,200300
2022-06-13 00:00:00+09:00,1901.732695508736,1909.7719600740618,1877.6149018127587,1889.2271728515625,246700
2022-06-14 00:00:00+09:00,1860.6432112900943,1870.4689795686306,1801.6886016188769,1825.806396484375,362600
2022-06-15 00:00:00+09:00,1805.261607895949,1832.059157741015,1747.2002498983059,1749.8800048828125,575800
2022-06-16 00:00:00+09:00,1772.211198317925,1776.677456378202,1726.6553661030991,1739.160888671875,361800
2022-06-17 00:00:00+09:00,1704.3240634900635,1750.7731469814069,1698.0713022508442,1744.5203857421875,373700
2022-06-20 00:00:00+09:00,1741.840596101722,1741.840596101722,1692.711758775776,1707.0037841796875,225600
2022-06-21 00:00:00+09:00,1709.68361916527,1736.4811680550079,1692.7118382017695,1698.964599609375,232700
2022-06-22 00:00:00+09:00,1853.497252944828,1878.508300213481,1723.0825064725655,1728.4420166015625,862200
2022-06-23 00:00:00+09:00,1732.0149883877318,1828.4861687620871,1724.8689750266685,1818.660400390625,380800
2022-06-24 00:00:00+09:00,1808.83449030497,1863.3228379141567,1807.9412387048194,1853.4970703125,333100
2022-06-27 00:00:00+09:00,1891.0137521935594,1907.9855336256226,1870.4689641442199,1882.9744873046875,261700
2022-06-28 00:00:00+09:00,1881.1879487846227,1961.580596168581,1876.721690596625,1949.0750732421875,372800
2022-06-29 00:00:00+09:00,1923.1707710166133,1977.6591207760252,1887.4407056006057,1976.765869140625,404300
2022-06-30 00:00:00+09:00,1957.1143985831775,2018.7487634860706,1956.221146917918,1999.990478515625,290300
2022-07-01 00:00:00+09:00,1974.0860207553285,1987.4847946518578,1930.3166926933325,1938.35595703125,272400
2022-07-04 00:00:00+09:00,1951.75485714273,1967.8333868583225,1927.6370625693417,1962.473876953125,258300
2022-07-05 00:00:00+09:00,1925.850542945693,1948.1818340280875,1790.9695448080308,1815.9805908203125,862000
2022-07-06 00:00:00+09:00,1817.7672427789462,1820.446997928006,1792.756194721054,1805.26171875,414000
2022-07-07 00:00:00+09:00,1794.5425822962468,1797.222337272299,1751.6665026794126,1777.57080078125,388800
2022-07-08 00:00:00+09:00,1792.7560565284816,1849.9241619683535,1792.7560565284816,1812.4075927734375,705500
2022-07-11 00:00:00+09:00,1974.0861262831577,1991.0579074593477,1824.9131022608556,1843.67138671875,1993600
2022-07-12 00:00:00+09:00,1840.0984845842634,1886.547572544643,1819.553695678711,1850.8175048828125,634100
2022-07-13 00:00:00+09:00,1840.0983836512883,1899.0529920595336,1824.9131057279526,1867.7891845703125,489200
2022-07-14 00:00:00+09:00,1866.896022176146,1870.4690289171529,1833.8457098218314,1856.177001953125,265800
2022-07-15 00:00:00+09:00,1854.390373141934,1854.390373141934,1780.25048828125,1780.25048828125,549500
2022-07-19 00:00:00+09:00,1790.9695033499377,1808.834535802306,1783.8234903689902,1807.9412841796875,248100
2022-07-20 00:00:00+09:00,1816.873942774298,1834.7389766265526,1815.0874393890724,1824.9132080078125,254400
2022-07-21 00:00:00+09:00,1807.0482221827067,1824.9132565097725,1801.6887118845868,1805.26171875,211900
2022-07-22 00:00:00+09:00,1795.4356689453125,1810.6209457473374,1775.7841342603388,1795.4356689453125,272200
2022-07-25 00:00:00+09:00,1787.3966652853983,1809.7279579551307,1772.21138626998,1788.2899169921875,283600
2022-07-26 00:00:00+09:00,1819.5537022053757,1864.2162869428664,1814.1941920368768,1823.126708984375,566300
2022-07-27 00:00:00+09:00,1810.6211673577052,1810.6211673577052,1729.335263939081,1730.228515625,816100
2022-07-28 00:00:00+09:00,1743.6274416529814,1772.2114980735219,1737.374679310988,1767.7452392578125,395000
2022-07-29 00:00:00+09:00,1758.812511704533,1781.1438031177445,1757.0260083914761,1779.3572998046875,288900
2022-08-01 00:00:00+09:00,1775.7843244434457,1820.4469080562085,1773.10456942668,1816.8739013671875,347800
2022-08-02 00:00:00+09:00,1815.980691142819,1816.8739428354618,1774.89111328125,1774.89111328125,244700
2022-08-03 00:00:00+09:00,1767.74488032342,1767.74488032342,1728.4418107255267,1738.267578125,352700
2022-08-04 00:00:00+09:00,1737.3746567472406,1755.2396917780604,1726.6556357287484,1752.5599365234375,213300
2022-08-05 00:00:00+09:00,1733.8015267305595,1748.9868054293847,1727.5487649133963,1728.4420166015625,210800
2022-08-08 00:00:00+09:00,1733.8015160909513,1761.492318254176,1732.015012725582,1757.9193115234375,246900
2022-08-09 00:00:00+09:00,1766.8517864513542,1774.8910514048741,1740.9474882677905,1749.8800048828125,189700
2022-08-10 00:00:00+09:00,1733.8014255910107,1738.2676837713068,1708.7903797813515,1719.5093994140625,268900
2022-08-12 00:00:00+09:00,1733.801459061472,1748.986737167626,1719.5094326086212,1731.1217041015625,185600
2022-08-15 00:00:00+09:00,1732.0150277206333,1742.73404800565,1723.9757625068708,1726.655517578125,185800
2022-08-16 00:00:00+09:00,1726.6554616837552,1752.5597598673191,1723.9757066992486,1749.8800048828125,198300
2022-08-17 00:00:00+09:00,1751.6665649720926,1776.6776123046875,1742.7340480675946,1776.6776123046875,191100
2022-08-18 00:00:00+09:00,1765.0653726156656,1805.2616994211842,1761.4923657885083,1788.2899169921875,245400
2022-08-19 00:00:00+09:00,1791.8627551544878,1807.9412843632517,1769.5314645867597,1782.0369873046875,220200
2022-08-22 00:00:00+09:00,1770.424720408147,1788.2897529046977,1757.0259460357345,1780.25048828125,199900
2022-08-23 00:00:00+09:00,1784.7167917009997,1812.4075927734375,1782.0370367585056,1812.4075927734375,214300
2022-08-24 00:00:00+09:00,1800.7953994326501,1830.272705078125,1799.9021477464237,1830.272705078125,177100
2022-08-25 00:00:00+09:00,1830.2728814019097,1830.2728814019097,1784.717041015625,1784.717041015625,248900
2022-08-26 00:00:00+09:00,1786.5035445601852,1790.0765516493054,1773.1047679759838,1784.717041015625,161600
2022-08-29 00:00:00+09:00,1757.9194470326834,1765.9587127965524,1746.3071742626505,1752.5599365234375,487800
2022-08-30 00:00:00+09:00,1762.5122303629157,1847.561588501578,1761.607449957185,1836.7042236328125,405500
2022-08-31 00:00:00+09:00,1832.180523388696,1847.5617919801073,1808.6562302488906,1828.5614013671875,289100
2022-09-01 00:00:00+09:00,1813.180058043039,1861.1334228515625,1813.180058043039,1861.1334228515625,438600
2022-09-02 00:00:00+09:00,1881.9433074552924,1898.229355308271,1852.9903334944418,1871.99072265625,407600
2022-09-05 00:00:00+09:00,1897.324492872807,1918.1344420077971,1850.2759122197856,1856.609375,407100
2022-09-06 00:00:00+09:00,1874.7051945487601,1900.0390485291489,1854.8000235641691,1897.32470703125,294500
2022-09-07 00:00:00+09:00,1880.133774943524,1890.0863598926958,1837.6090937970632,1877.41943359375,290100
2022-09-08 00:00:00+09:00,1900.0387281235342,1931.7060402589264,1899.1339477768086,1928.99169921875,316800
2022-09-09 00:00:00+09:00,1929.896667821765,1949.8018373914224,1926.2775460818275,1941.6588134765625,151800
2022-09-12 00:00:00+09:00,1961.5638309062642,1995.0407044042033,1959.7542701766458,1982.373779296875,280400
2022-09-13 00:00:00+09:00,1966.087816085501,1985.0882045520427,1947.087427618959,1975.1356201171875,188200
2022-09-14 00:00:00+09:00,1918.1342514073326,1974.2306304579245,1918.1342514073326,1958.849365234375,149300
2022-09-15 00:00:00+09:00,1950.7068010182666,1958.8498256978419,1933.5159711391632,1953.421142578125,132000
2022-09-16 00:00:00+09:00,1939.8492995564702,1970.6118350904815,1938.9445190995875,1950.7066650390625,161900
2022-09-20 00:00:00+09:00,1972.4214614284497,2010.4222418779884,1971.5166809415557,1986.89794921875,320700
2022-09-21 00:00:00+09:00,1977.8500142965229,2015.8507922473254,1966.0878687403222,2008.612548828125,439700
2022-09-22 00:00:00+09:00,2011.3269746591195,2055.661217465371,2011.3269746591195,2024.898681640625,570600
2022-09-26 00:00:00+09:00,2000.469655858408,2051.1373631076485,1985.9931680729107,2010.4222412109375,359400
2022-09-27 00:00:00+09:00,1995.9456275414368,2014.041236132021,1953.4209473535639,2009.517333984375,291100
2022-09-28 00:00:00+09:00,2009.517577561945,2009.517577561945,1922.6586457987992,1961.564208984375,359600
2022-09-29 00:00:00+09:00,1978.7549909654554,2003.1840649279918,1948.897233900133,1976.0406494140625,397100
2022-09-30 00:00:00+09:00,1963.3737721162684,1973.3263580578716,1916.3251840286896,1938.0399169921875,278200
2022-10-03 00:00:00+09:00,1934.4207217261903,1934.4207217261903,1862.9430617559524,1900.0390625,392300
2022-10-04 00:00:00+09:00,1931.7065612307883,1963.3738819067028,1918.134852369682,1935.32568359375,309100
2022-10-05 00:00:00+09:00,1972.421132938045,1994.135861007088,1959.7542082311036,1970.611572265625,298900
2022-10-06 00:00:00+09:00,1975.1356309936468,2014.9459689522912,1975.1356309936468,2000.469482421875,288900
2022-10-07 00:00:00+09:00,1970.611594490383,2010.4219297326129,1964.2781320654829,1997.7550048828125,348400
2022-10-11 00:00:00+09:00,1890.0865183903063,1972.4215462378495,1872.89568840016,1908.18212890625,602200
2022-10-12 00:00:00+09:00,1940.7542400877537,1953.421167528886,1888.276969260206,1934.4207763671875,371100
2022-10-13 00:00:00+09:00,1934.420611807351,1934.420611807351,1895.5150522621143,1902.7532958984375,357200
2022-10-14 00:00:00+09:00,1916.3249167462905,1923.563160057891,1877.4193589464364,1886.4671630859375,336800
2022-10-17 00:00:00+09:00,1870.1811617836968,1885.5624292003988,1841.2281878228462,1871.99072265625,280400
2022-10-18 00:00:00+09:00,1897.3245219683856,1897.3245219683856,1851.1807210049199,1862.0380859375,249300
2022-10-19 00:00:00+09:00,1816.7992778450457,1835.7996686990027,1800.5132285416537,1833.0853271484375,443800
2022-10-20 00:00:00+09:00,1814.0847297922514,1820.4181926892818,1782.4174153070999,1793.2747802734375,390000
2022-10-21 00:00:00+09:00,1789.6557523287258,1791.465313251202,1762.5123384915864,1764.3218994140625,376900
2022-10-24 00:00:00+09:00,1782.4176640871192,1782.4176640871192,1712.749562495897,1722.7021484375,578400
2022-10-25 00:00:00+09:00,1737.1785656005222,1759.7980781734457,1725.416419062602,1732.6546630859375,462400
2022-10-26 00:00:00+09:00,1747.1311314966363,1762.5123998733545,1731.749863119918,1752.559814453125,284300
2022-10-27 00:00:00+09:00,1746.2263456105456,1781.512784718738,1738.9881016909164,1775.1793212890625,325100
2022-10-28 00:00:00+09:00,1774.2744798865217,1815.8943809955374,1768.8457971331718,1810.4656982421875,617400
2022-10-31 00:00:00+09:00,1827.6565035585127,1829.466064453125,1805.941772823164,1829.466064453125,249400
2022-11-01 00:00:00+09:00,1830.3708961490522,1863.8477736367017,1817.7039695321039,1862.9429931640625,207600
2022-11-02 00:00:00+09:00,1856.6094876619663,1870.181194443121,1839.4186590725037,1854.7999267578125,222700
2022-11-04 00:00:00+09:00,1882.8482399712893,1907.2773137239203,1848.4665806157348,1853.895263671875,420500
2022-11-07 00:00:00+09:00,1858.418935794347,1872.8954221491226,1832.1803042763156,1856.609375,164100
2022-11-08 00:00:00+09:00,1856.6094270707101,1882.8480593246334,1842.1329403099248,1866.56201171875,293800
2022-11-09 00:00:00+09:00,1865.657358575733,1866.5621390600083,1833.085261141821,1843.942626953125,191300
2022-11-10 00:00:00+09:00,1827.65657945462,1831.2757013941339,1796.89404296875,1796.89404296875,195500
2022-11-11 00:00:00+09:00,1833.0852425274245,1845.7521691786505,1805.0370477997096,1840.323486328125,299700
2022-11-14 00:00:00+09:00,1824.037443267776,1836.7043699571357,1788.7510046331317,1794.1796875,280700
2022-11-15 00:00:00+09:00,1789.655633329062,1796.8938765376731,1765.2265625,1765.2265625,283600
2022-11-16 00:00:00+09:00,1770.6553211508835,1806.8465387523322,1752.559712350159,1803.2274169921875,433800
2022-11-17 00:00:00+09:00,1795.9892857703414,1807.7514322262682,1786.941480804244,1801.41796875,198200
2022-11-18 00:00:00+09:00,1808.6560955066511,1835.7995086458204,1796.893949813011,1825.846923828125,360400
2022-11-21 00:00:00+09:00,1836.7042557437996,1849.371181645481,1819.513427734375,1819.513427734375,222100
2022-11-22 00:00:00+09:00,1842.13296761235,1849.3712111000214,1828.5612610729663,1848.4664306640625,240500
2022-11-24 00:00:00+09:00,1854.7999267578125,1862.9429508265052,1843.0377808808116,1854.7999267578125,182400
2022-11-25 00:00:00+09:00,1854.7998834425402,1857.514224735383,1823.132568359375,1823.132568359375,273000
2022-11-28 00:00:00+09:00,1839.4187674317131,1844.847450463976,1812.275352270399,1828.5614013671875,275200
2022-11-29 00:00:00+09:00,1824.03742383678,1842.13303320024,1814.084838686877,1837.609130859375,223800
2022-11-30 00:00:00+09:00,1827.6564324668348,1831.275554115284,1809.560824224589,1815.894287109375,356100
2022-12-01 00:00:00+09:00,1823.1327491470531,1826.7518712297272,1786.9415283203125,1786.9415283203125,347800
2022-12-02 00:00:00+09:00,1777.8935923047072,1785.1318359375,1757.9884223145275,1785.1318359375,410200
2022-12-05 00:00:00+09:00,1791.4652849381343,1832.1804050503647,1776.9887977871192,1782.41748046875,308800
2022-12-06 00:00:00+09:00,1776.0840220303778,1791.4652896689497,1767.0362175371004,1783.322265625,207500
2022-12-07 00:00:00+09:00,1781.5126254611544,1804.132135687934,1770.6552605523002,1791.4652099609375,215400
2022-12-08 00:00:00+09:00,1804.1322068599231,1814.08479175233,1794.1796219675164,1805.0369873046875,269600
2022-12-09 00:00:00+09:00,1791.4653225287705,1822.2278583701736,1791.4653225287705,1813.1800537109375,185300
2022-12-12 00:00:00+09:00,1809.561062905035,1816.799307156655,1787.8463301501745,1814.98974609375,296000
2022-12-13 00:00:00+09:00,1806.8464769151474,1820.4181830512152,1788.7508687337238,1791.4652099609375,272800
2022-12-14 00:00:00+09:00,1801.417865092528,1802.3226455370748,1770.6553299779393,1781.5126953125,237500
2022-12-15 00:00:00+09:00,1782.4174521265593,1797.7987194799357,1774.2744282335952,1776.98876953125,145600
2022-12-16 00:00:00+09:00,1770.6553299779393,1781.5126953125,1757.9884037542852,1781.5126953125,291700
2022-12-19 00:00:00+09:00,1777.8936534025231,1787.8462387396364,1758.8932632134886,1773.3697509765625,243700
2022-12-20 00:00:00+09:00,1784.2270647466523,1786.0366256642453,1728.1306763012708,1739.892822265625,312800
2022-12-21 00:00:00+09:00,1736.2736586737878,1770.6553152811896,1727.225854303419,1755.2740478515625,440300
2022-12-22 00:00:00+09:00,1767.0361576080322,1795.9891310045796,1748.035768816548,1795.0843505859375,337100
2022-12-23 00:00:00+09:00,1788.750934135623,1788.750934135623,1768.8457644082666,1780.60791015625,186800
2022-12-26 00:00:00+09:00,1783.3221957209614,1793.2747802734375,1774.2743915823467,1793.2747802734375,187500
2022-12-27 00:00:00+09:00,1803.2273707525121,1819.5134182555453,1794.1795665841603,1817.703857421875,351300
2022-12-28 00:00:00+09:00,1817.7040353026619,1843.9426699585988,1811.3705717650219,1828.5614013671875,339900
2022-12-29 00:00:00+09:00,1818.608618833775,1829.4659837223348,1805.0369127230751,1814.084716796875,614400
2022-12-30 00:00:00+09:00,1949.8021399003862,2139.806060725946,1949.8021399003862,2121.71044921875,6473500
2023-01-04 00:00:00+09:00,2121.709994996231,2131.662579194508,2066.5183917148793,2081.899658203125,1844800
2023-01-05 00:00:00+09:00,2108.1383517701356,2108.1383517701356,2042.9941623592129,2093.661865234375,824300
2023-01-06 00:00:00+09:00,2103.614659550556,2147.0441234896643,2039.3752441406252,2039.375244140625,1041500
2023-01-10 00:00:00+09:00,2050.2323448449724,2109.9478500346318,2043.8988821733417,2081.899658203125,567100
2023-01-11 00:00:00+09:00,2072.8519932267695,2087.3284803029933,2013.1364840373471,2014.946044921875,632200
2023-01-12 00:00:00+09:00,2021.2797624924603,2031.232348610373,1966.0881485658533,1968.802490234375,614700
2023-01-13 00:00:00+09:00,1954.325631926239,1973.326020014411,1890.9910049656667,1898.229248046875,861900
2023-01-16 00:00:00+09:00,1881.943434858092,1891.896020330899,1856.60958092731,1872.8956298828125,644900
2023-01-17 00:00:00+09:00,1863.8478239802005,1897.3247023720778,1862.0382629860449,1896.419921875,345400
2023-01-18 00:00:00+09:00,1898.2293664249726,1972.4213626341468,1893.705464217096,1944.3731689453125,421200
2023-01-19 00:00:00+09:00,1920.8487521549844,1971.5164535778197,1920.8487521549844,1943.46826171875,326000
2023-01-20 00:00:00+09:00,1945.2782003168782,1971.5168365071988,1924.468247476279,1969.707275390625,530600
2023-01-23 00:00:00+09:00,1968.802213001383,1988.7073824343015,1952.5161652835409,1962.46875,261100
2023-01-24 00:00:00+09:00,1951.6115265108401,1966.0880144219082,1905.4677212943113,1919.0394287109375,446500
2023-01-25 00:00:00+09:00,1902.7532315848866,1946.1826919348982,1889.181525225508,1937.1348876953125,396100
2023-01-26 00:00:00+09:00,1933.5160627535572,1955.2307962613183,1919.0395737483832,1923.5634765625,216500
2023-01-27 00:00:00+09:00,1935.325434432673,1974.230994825663,1919.9441663703285,1957.9449462890625,543900
2023-01-30 00:00:00+09:00,1974.2308189154667,1995.0407679691127,1944.373065925453,1947.9921875,364000
2023-01-31 00:00:00+09:00,1955.2303399197297,1977.8498487110269,1950.7064381614703,1976.945068359375,468900
2023-02-01 00:00:00+09:00,1945.2778463190896,1977.849940490014,1938.944383563632,1947.9921875,335900
2023-02-02 00:00:00+09:00,1957.0402585543118,1995.041040273813,1953.4211364857879,1976.0406494140625,350800
2023-02-03 00:00:00+09:00,1956.1352444118922,1981.4690958658853,1942.5635382758246,1954.32568359375,586600
2023-02-06 00:00:00+09:00,1958.8496477336112,2001.3743283079668,1951.6114042315933,1989.6121826171875,571900
2023-02-07 00:00:00+09:00,1990.5171883206408,1998.6602131819525,1938.0399169921875,1938.0399169921875,530100
2023-02-08 00:00:00+09:00,1937.134863978468,1946.1826681072794,1912.705792830678,1932.6109619140625,358100
2023-02-09 00:00:00+09:00,1938.9446790247348,1941.6590206192632,1916.3251657369988,1934.4207763671875,290600
2023-02-10 00:00:00+09:00,1920.8488343382287,1928.087077708321,1907.2771280193058,1912.705810546875,420300
2023-02-13 00:00:00+09:00,1928.0869952153894,1944.3730421013008,1919.0391913898832,1943.46826171875,234800
2023-02-14 00:00:00+09:00,1953.4210064097106,1954.3257868665933,1938.039738642705,1950.7066650390625,214700
2023-02-15 00:00:00+09:00,1951.6114829692735,1963.373629134596,1948.8971415465069,1957.9449462890625,198700
2023-02-16 00:00:00+09:00,1977.850195224003,2002.279268998499,1967.8976096121714,1996.8505859375,312700
2023-02-17 00:00:00+09:00,2004.088885671333,2028.5179601242114,2001.3745440654575,2007.7080078125,250800
2023-02-20 00:00:00+09:00,2016.7555790375466,2056.56591796875,2014.9460181770373,2056.56591796875,371200
2023-02-21 00:00:00+09:00,2058.375639312812,2065.6138833191867,2040.280029296875,2040.280029296875,285100
2023-02-22 00:00:00+09:00,2023.9939385513483,2044.8038896406113,2013.136572765646,2032.136962890625,374300
2023-02-24 00:00:00+09:00,2040.2797929805686,2050.2323773365715,1995.040773180556,2018.5650634765625,1137300
2023-02-27 00:00:00+09:00,1988.2316294024067,2061.7677044612105,1987.3124284641717,2051.656494140625,701600
2023-02-28 00:00:00+09:00,2051.6566344060047,2051.6566344060047,1988.2317653316259,1991.9085693359375,486900
2023-03-01 00:00:00+09:00,1987.312441046534,2027.7572825849463,1985.4740391584244,2021.3228759765625,292200
2023-03-02 00:00:00+09:00,2033.2722559907513,2076.4746954263596,2033.2722559907513,2049.81787109375,311700
2023-03-03 00:00:00+09:00,2095.7781734483037,2167.4758478031144,2095.7781734483037,2127.031005859375,637400
2023-03-06 00:00:00+09:00,2137.142299376812,2164.7183290461903,2125.1926865200817,2139.89990234375,325600
2023-03-07 00:00:00+09:00,2139.8997815494336,2151.8493937316257,2089.3437300093915,2110.4853515625,276200
2023-03-08 00:00:00+09:00,2116.00046165151,2166.5565109090394,2111.4044571735526,2157.364501953125,324000
2023-03-09 00:00:00+09:00,2192.2941324471844,2267.668605764027,2185.8597261884297,2255.718994140625,525900
2023-03-10 00:00:00+09:00,2252.961181640625,2270.4259970021803,2231.819563045058,2252.961181640625,508100
2023-03-13 00:00:00+09:00,2256.6383793668924,2268.587991966391,2183.1023018315154,2241.011962890625,239900
2023-03-14 00:00:00+09:00,2198.7285854395454,2217.1126037124513,2131.626918743439,2134.384521484375,308100
2023-03-15 00:00:00+09:00,2167.4756560672986,2245.60773018338,2163.798852579483,2220.789306640625,366100
2023-03-16 00:00:00+09:00,2178.5060920860133,2189.536502678854,2151.8492664866485,2179.42529296875,330800
2023-03-17 00:00:00+09:00,2225.3854636012916,2242.850281366027,2201.486239291654,2228.14306640625,297100
2023-03-20 00:00:00+09:00,2252.0420852031443,2254.7996877564547,2194.132431583635,2205.162841796875,210400
2023-03-22 00:00:00+09:00,2234.577493142506,2240.092698802257,2191.3750488077885,2207.00146484375,185700
2023-03-23 00:00:00+09:00,2193.2135237676957,2249.284783176677,2187.6983179241897,2240.0927734375,207000
2023-03-24 00:00:00+09:00,2228.1431932824803,2232.739198219119,2202.405565637303,2218.031982421875,212700
2023-03-27 00:00:00+09:00,2241.012183414505,2255.719400368825,2220.789760102315,2223.54736328125,177300
2023-03-28 00:00:00+09:00,2229.062144812134,2232.7389483499687,2178.5060961669105,2198.728515625,217700
2023-03-29 00:00:00+09:00,2214.3550409753543,2229.062255859375,2193.2134195795747,2229.062255859375,207700
2023-03-30 00:00:00+09:00,2219.8703382978965,2241.931161535639,2189.5367063459994,2221.708740234375,250300
2023-03-31 00:00:00+09:00,2233.658540704628,2251.1233605702196,2219.870525021266,2245.608154296875,251900
2023-04-03 00:00:00+09:00,2259.3959938897724,2263.9919987593607,2212.516744219968,2240.0927734375,384800
2023-04-04 00:00:00+09:00,2229.9816905506104,2258.4769223754533,2194.132850512905,2249.284912109375,731900
2023-04-05 00:00:00+09:00,2157.3646228527546,2173.9102399006238,2073.7173366663033,2108.64697265625,1714100
2023-04-06 00:00:00+09:00,2111.4046794866317,2196.8903717775574,2090.263056661994,2100.374267578125,858600
2023-04-07 00:00:00+09:00,2133.465127241209,2155.525947169597,2107.727503991423,2150.0107421875,561300
2023-04-10 00:00:00+09:00,2168.394954249725,2223.5470090420026,2168.394954249725,2193.21337890625,424900
2023-04-11 00:00:00+09:00,2220.789270346771,2300.759744899821,2219.8700694898394,2263.072509765625,596900
2023-04-12 00:00:00+09:00,2298.002427624118,2334.7704664661037,2271.345599463678,2279.618408203125,492900
2023-04-13 00:00:00+09:00,2335.6893329049567,2367.861362283813,2306.274906044288,2365.103759765625,775200
2023-04-14 00:00:00+09:00,2398.1950657817215,2445.0743100725867,2372.457441465168,2437.720703125,685800
2023-04-17 00:00:00+09:00,2446.912975287876,2449.670578190154,2375.2152998286524,2397.276123046875,366800
2023-04-18 00:00:00+09:00,2372.4577311510316,2410.144971359165,2363.26572134417,2394.5185546875,213300
2023-04-19 00:00:00+09:00,2383.487976382118,2387.16478004796,2330.174323227408,2368.78076171875,337300
2023-04-20 00:00:00+09:00,2353.1544834307992,2390.841723204496,2337.528066939267,2357.75048828125,411800
2023-04-21 00:00:00+09:00,2362.3465183128146,2383.4881408502442,2352.235307534044,2375.21533203125,197400
2023-04-24 00:00:00+09:00,2377.973004372939,2392.680220480387,2348.558572158044,2369.7001953125,181800
2023-04-25 00:00:00+09:00,2384.407460250621,2414.7410940934396,2384.407460250621,2404.6298828125,284200
2023-04-26 00:00:00+09:00,2389.0031934465683,2398.1952026556737,2359.58876397743,2367.861572265625,357500
2023-04-27 00:00:00+09:00,2368.780899922332,2383.4881154437744,2351.316081490619,2357.75048828125,177500
2023-04-28 00:00:00+09:00,2363.265541264635,2371.538349460427,2319.1438975537435,2350.396728515625,300700
2023-05-01 00:00:00+09:00,2353.154281496063,2364.184692190576,2320.063049412525,2334.770263671875,268000
2023-05-02 00:00:00+09:00,2352.235371559704,2352.235371559704,2282.3760951866925,2311.79052734375,335700
2023-05-08 00:00:00+09:00,2320.982265472412,2358.669502258301,2314.5478591918945,2353.154296875,471400
2023-05-09 00:00:00+09:00,2361.4272829932415,2379.8113023236674,2349.4776704284645,2377.972900390625,333600
2023-05-10 00:00:00+09:00,2364.184645934675,2366.94224855435,2330.17421362535,2338.447021484375,359100
2023-05-11 00:00:00+09:00,2329.2550404305052,2416.5791244245456,2311.7902236316972,2414.74072265625,272400
2023-05-12 00:00:00+09:00,2414.7408609121817,2484.600132107205,2407.3872534179686,2481.842529296875,323100
2023-05-15 00:00:00+09:00,2481.842584260471,2481.842584260471,2431.2865316181283,2457.943359375,284600
2023-05-16 00:00:00+09:00,2480.92333984375,2491.034550195095,2452.4281106717767,2480.92333984375,268500
2023-05-17 00:00:00+09:00,2488.2764851964075,2490.1148867370034,2458.862060546875,2458.862060546875,183100
2023-05-18 00:00:00+09:00,2495.630143549609,2496.5493443391297,2456.1045096002044,2474.488525390625,263500
2023-05-19 00:00:00+09:00,2491.953774231206,2516.7721998690677,2468.054549542895,2479.0849609375,245000
2023-05-22 00:00:00+09:00,2465.2971204954565,2489.1963468686413,2447.8323012227443,2484.600341796875,229200
2023-05-23 00:00:00+09:00,2489.196029663086,2506.660846710205,2450.5895919799805,2470.81201171875,296600
2023-05-24 00:00:00+09:00,2470.812103544776,2491.034524035098,2453.3472858485893,2463.45849609375,398600
2023-05-25 00:00:00+09:00,2445.07449182581,2486.438533980758,2434.044080584491,2481.842529296875,276200
2023-05-26 00:00:00+09:00,2479.084591841592,2515.8526243494393,2458.8621739622763,2489.19580078125,176400
2023-05-29 00:00:00+09:00,2509.4185322329176,2546.186569335231,2496.5497192471075,2542.509765625,270600
2023-05-30 00:00:00+09:00,2562.7321362597763,2569.166542627717,2483.680858025077,2526.88330078125,299300
2023-05-31 00:00:00+09:00,2527.802448444538,2598.580917000985,2518.6104395411035,2550.782470703125,648800
2023-06-01 00:00:00+09:00,2542.5097771035826,2551.70178642066,2502.9841370401505,2541.590576171875,424300
2023-06-02 00:00:00+09:00,2548.944209570172,2567.32822839145,2525.964186043575,2559.055419921875,266300
2023-06-05 00:00:00+09:00,2605.0155443932044,2627.995568602742,2583.8739221204296,2611.449951171875,405300
2023-06-06 00:00:00+09:00,2610.5307502034934,2641.7835831284647,2605.0155443932044,2611.449951171875,267200
2023-06-07 00:00:00+09:00,2649.136576327554,2703.369420881102,2631.6717619798014,2640.86376953125,404900
2023-06-08 00:00:00+09:00,2642.702451475863,2671.1976779091683,2589.3888020200025,2598.580810546875,236300
2023-06-09 00:00:00+09:00,2658.329161674153,2685.9051903222253,2639.9451425754382,2673.036376953125,312000
2023-06-12 00:00:00+09:00,2711.6430787365844,2731.865501696654,2684.067047427399,2730.027099609375,354600
2023-06-13 00:00:00+09:00,2743.8148035731047,2766.7948270536162,2720.8347800925926,2754.84521484375,292200
2023-06-14 00:00:00+09:00,2766.7948643825143,2780.582878656846,2750.2492472533168,2771.390869140625,217100
2023-06-15 00:00:00+09:00,2771.3907822986575,2771.3907822986575,2730.026740771812,2739.21875,206800
2023-06-16 00:00:00+09:00,2744.734041543584,2775.986873898735,2723.592419656276,2771.390869140625,232300
2023-06-19 00:00:00+09:00,2775.986873898735,2785.1788834149565,2753.006850108183,2771.390869140625,159300
2023-06-20 00:00:00+09:00,2762.198688570029,2789.7747154109943,2755.764282307137,2785.1787109375,165100
2023-06-21 00:00:00+09:00,2789.7748168747466,2849.522877203201,2766.794793671495,2835.73486328125,300100
2023-06-22 00:00:00+09:00,2858.7151193540985,2900.0791644894475,2812.755069203711,2817.35107421875,272800
2023-06-23 00:00:00+09:00,2831.139370343543,2840.3313812862166,2762.199288273489,2775.9873046875,196000
2023-06-26 00:00:00+09:00,2743.8146515249928,2775.9866826149005,2724.5114328710483,2747.491455078125,172100
2023-06-27 00:00:00+09:00,2724.5114402963854,2734.622650095056,2686.824203774067,2727.26904296875,296100
2023-06-28 00:00:00+09:00,2753.0066796230403,2785.1787109375,2735.5418626237624,2785.1787109375,226800
2023-06-29 00:00:00+09:00,2803.5627865121387,2808.1587910801913,2762.1987453996644,2780.582763671875,149800
2023-06-30 00:00:00+09:00,2803.563116734324,2840.3311576095284,2789.7751014061223,2812.755126953125,511100
2023-07-03 00:00:00+09:00,2858.714915625,2973.6150328125,2798.9668546875,2872.5029296875,956100
2023-07-04 00:00:00+09:00,2895.4831140018205,2909.2711288304004,2821.94703491606,2840.3310546875,343700
2023-07-05 00:00:00+09:00,2858.7151352661217,2858.7151352661217,2707.9661699337603,2718.99658203125,816400
2023-07-06 00:00:00+09:00,2639.0259189251774,2717.1579994227877,2583.8738621033344,2674.874755859375,633600
2023-07-07 00:00:00+09:00,2633.5104484751746,2737.380145046796,2611.4496279643877,2716.238525390625,405200
2023-07-10 00:00:00+09:00,2677.6324991067413,2702.450925977968,2656.4908762164378,2683.147705078125,377400
2023-07-11 00:00:00+09:00,2673.0362247526223,2693.2586446097607,2602.257755252639,2606.853759765625,461200
2023-07-12 00:00:00+09:00,2592.146515105988,2650.056171294526,2563.6512874576597,2628.91455078125,349400
2023-07-13 00:00:00+09:00,2601.338878751602,2608.6924868894157,2559.9748329763997,2600.419677734375,335900
2023-07-14 00:00:00+09:00,2603.1768807440585,2607.7728851239035,2474.4887581084063,2475.407958984375,580800
2023-07-18 00:00:00+09:00,2512.176074840199,2547.1057092507103,2477.2464404296875,2527.802490234375,323700
2023-07-19 00:00:00+09:00,2571.004734851118,2585.7119482074345,2541.5903081384845,2582.954345703125,336000
2023-07-20 00:00:00+09:00,2610.5306583724555,2669.35951827944,2602.2578499480355,2618.803466796875,366600
2023-07-21 00:00:00+09:00,2634.430105048119,2640.864512143491,2605.0156726121318,2620.64208984375,277700
2023-07-24 00:00:00+09:00,2639.9452087762493,2656.4908263800003,2633.5108019303466,2648.218017578125,206900
2023-07-25 00:00:00+09:00,2639.944992259124,2654.6522067006786,2597.661750739653,2606.853759765625,261600
2023-07-26 00:00:00+09:00,2603.176762946898,2627.9951854749934,2596.7423571062805,2622.47998046875,129900
2023-07-27 00:00:00+09:00,2620.641919951642,2659.2483600210808,2597.661896100786,2653.733154296875,126600
2023-07-28 00:00:00+09:00,2622.480458814538,2681.309322944973,2613.2884487941574,2642.702880859375,277600
2023-07-31 00:00:00+09:00,2665.68266304817,2672.1170694762172,2626.1570235615936,2662.005859375,215800
2023-08-01 00:00:00+09:00,2652.813933130638,2674.874755859375,2641.7835217662696,2674.874755859375,172900
2023-08-02 00:00:00+09:00,2654.652156770291,2683.1473842148475,2641.7833443759755,2650.05615234375,233400
2023-08-03 00:00:00+09:00,2624.318614978429,2636.2682268855115,2592.1465829209005,2623.3994140625,284700
2023-08-04 00:00:00+09:00,2622.4801672087556,2695.097038295153,2610.530555510994,2685.905029296875,305200
2023-08-07 00:00:00+09:00,2691.4203724958265,2753.0068359375,2674.874755451795,2753.0068359375,256100
2023-08-08 00:00:00+09:00,2753.925806731299,2755.76420847144,2710.723365837984,2712.561767578125,225200
2023-08-09 00:00:00+09:00,2733.703665996274,2737.38046985101,2678.551608175233,2690.501220703125,216900
2023-08-10 00:00:00+09:00,2711.642684781978,2732.7843057141768,2694.177867490162,2722.673095703125,233800
2023-08-14 00:00:00+09:00,2732.7845276126013,2766.7949640477395,2723.5925177652666,2724.51171875,280400
2023-08-15 00:00:00+09:00,2757.6030656403186,2840.3311576095284,2745.653452355877,2812.755126953125,416600
2023-08-16 00:00:00+09:00,2794.370662582372,2808.158675720114,2756.683426672544,2789.774658203125,297400
2023-08-17 00:00:00+09:00,2771.390926728613,2771.390926728613,2730.0268830460964,2766.794921875,206900
2023-08-18 00:00:00+09:00,2739.218754987551,2751.1683670059533,2697.85471338539,2699.693115234375,197000
2023-08-21 00:00:00+09:00,2711.64262387029,2730.0266416592412,2704.28901675471,2707.9658203125,165200
2023-08-22 00:00:00+09:00,2707.04688652702,2726.350107110065,2679.47085712267,2706.127685546875,163800
2023-08-23 00:00:00+09:00,2688.662770064836,2721.7540041579414,2674.874755859375,2674.874755859375,171600
2023-08-24 00:00:00+09:00,2684.066884905039,2715.319718496399,2669.3596690973404,2704.289306640625,261900
2023-08-25 00:00:00+09:00,2701.5314330845877,2707.046638460058,2670.2786026235885,2686.82421875,177100
2023-08-28 00:00:00+09:00,2714.400260964179,2714.400260964179,2672.117019513332,2705.208251953125,233100
2023-08-29 00:00:00+09:00,2714.400382008272,2741.9764102711397,2706.1275735294116,2734.622802734375,286300
2023-08-30 00:00:00+09:00,2726.251493798207,2726.251493798207,2680.6744473307513,2705.788330078125,311200
2023-08-31 00:00:00+09:00,2725.3212652684238,2729.9719841511346,2681.604507770944,2710.43896484375,289000
2023-09-01 00:00:00+09:00,2711.369064650018,2760.666684007291,2705.78820208127,2758.806396484375,250200
2023-09-04 00:00:00+09:00,2760.6668034181325,2776.479248046875,2736.483064574173,2776.479248046875,176700
2023-09-05 00:00:00+09:00,2781.1298910189075,2795.082047662815,2758.806440388655,2767.177734375,223000
2023-09-06 00:00:00+09:00,2759.736773075003,2783.9205129132065,2745.7846154760396,2751.365478515625,167800
2023-09-07 00:00:00+09:00,2751.365574242496,2774.6191710498197,2742.99427939186,2754.156005859375,109200
2023-09-08 00:00:00+09:00,2733.692442299815,2743.924023404033,2702.067555250412,2714.159423828125,202000
2023-09-11 00:00:00+09:00,2731.832568154645,2731.832568154645,2656.490914078878,2662.07177734375,257000
2023-09-12 00:00:00+09:00,2669.5129381668203,2691.836391308285,2640.678477859095,2648.11962890625,233700
2023-09-13 00:00:00+09:00,2647.1890885117286,2665.7919633431534,2629.516357421875,2629.516357421875,131000
2023-09-14 00:00:00+09:00,2698.347268438824,2753.225754766949,2666.722378012447,2743.92431640625,317600
2023-09-15 00:00:00+09:00,2754.155742822417,2762.5270368735487,2698.3471158148704,2703.927978515625,300600
2023-09-19 00:00:00+09:00,2697.4170210296866,2697.4170210296866,2657.420837614419,2676.953857421875,223800
2023-09-20 00:00:00+09:00,2660.211354526152,2669.5127928286906,2592.3108549176172,2594.171142578125,359500
2023-09-21 00:00:00+09:00,2590.4503267455298,2601.6120516722613,2549.5240020141823,2558.825439453125,350700
2023-09-22 00:00:00+09:00,2531.8512466793304,2555.1048400544164,2505.8072220992344,2543.943115234375,288000
2023-09-25 00:00:00+09:00,2575.5682570692816,2627.6563113834313,2556.0352367014757,2608.123291015625,198200
2023-09-26 00:00:00+09:00,2610.913827890653,2614.634403348994,2585.799943546853,2596.961669921875,165300
2023-09-27 00:00:00+09:00,2589.520457474227,2616.49462890625,2572.777868309523,2616.49462890625,240100
2023-09-28 00:00:00+09:00,2632.3071512100314,2656.4908918218553,2616.4947054253776,2647.189453125,469300
2023-09-29 00:00:00+09:00,2699.2774052724203,2729.9721517830994,2660.2113642588292,2679.744384765625,649800
2023-10-02 00:00:00+09:00,2860.1923816698763,3106.680505618662,2777.4095777776424,2981.111083984375,3499700
2023-10-03 00:00:00+09:00,3018.316650390625,3050.871683599769,2888.0965175540496,3018.316650390625,1681100
2023-10-04 00:00:00+09:00,2962.508042326191,3027.6181091905028,2846.240065782777,2855.54150390625,1021200
2023-10-05 00:00:00+09:00,2855.541461210751,2939.25440307035,2775.5490945449124,2925.30224609375,824100
2023-10-06 00:00:00+09:00,2939.2542709538966,3032.2686466169944,2892.7470831223477,3013.665771484375,468000
2023-10-10 00:00:00+09:00,3032.2684638790965,3102.0292414223277,2999.7134343589223,3050.871337890625,372200
2023-10-11 00:00:00+09:00,3069.4747220552886,3069.4747220552886,3022.967529296875,3022.967529296875,178900
2023-10-12 00:00:00+09:00,3013.6655836838945,3018.316302177234,2888.096184363732,2902.04833984375,387100
2023-10-13 00:00:00+09:00,2902.048876231527,2902.048876231527,2813.6852085257597,2832.2880859375,285300
2023-10-16 00:00:00+09:00,2822.986431712397,2822.986431712397,2726.251476556519,2733.692626953125,353900
2023-10-17 00:00:00+09:00,2799.733023153769,2809.034461768898,2733.6928089863545,2753.225830078125,307000
2023-10-18 00:00:00+09:00,2742.9942743611455,2850.890963349241,2713.2296705023605,2832.2880859375,408900
2023-10-19 00:00:00+09:00,2860.1923639417273,2906.699556851349,2822.98660961403,2888.0966796875,351200
2023-10-20 00:00:00+09:00,2855.5415975601945,2892.747351274334,2836.938720703125,2836.938720703125,211400
2023-10-23 00:00:00+09:00,2855.5414831873327,2869.49364027131,2774.618972100265,2783.92041015625,175100
2023-10-24 00:00:00+09:00,2790.4313795637377,2818.335693359375,2722.53088266102,2818.335693359375,173700
2023-10-25 00:00:00+09:00,2818.3355777968495,2925.3021096274233,2804.383421471123,2878.794921875,267800
2023-10-26 00:00:00+09:00,2929.9530406534764,2967.1587935506636,2897.3980068684377,2934.603759765625,287400
2023-10-27 00:00:00+09:00,2925.3022043927117,2995.06298828125,2874.1442962077836,2995.06298828125,248700
2023-10-30 00:00:00+09:00,2981.1108307132877,2981.1108307132877,2855.5414197472055,2860.192138671875,304000
2023-10-31 00:00:00+09:00,2869.4935356987844,2929.952880859375,2822.986347113715,2929.952880859375,260600
2023-11-01 00:00:00+09:00,2962.5081691711525,2962.5081691711525,2878.795222475578,2916.0009765625,236500
2023-11-02 00:00:00+09:00,2934.603882230987,2934.603882230987,2850.890934718851,2874.14453125,182000
2023-11-06 00:00:00+09:00,2939.2542865313476,3036.9193814952055,2929.952848915742,2985.761474609375,324300
2023-11-07 00:00:00+09:00,2943.9052734375,2981.1110272882106,2925.3023965121442,2943.9052734375,150000
2023-11-08 00:00:00+09:00,2962.5078965672906,2985.7614907318693,2925.302145903965,2957.857177734375,151100
2023-11-09 00:00:00+09:00,2948.5557990222246,2999.7137072071528,2925.3022043927117,2995.06298828125,144000
2023-11-10 00:00:00+09:00,2990.412244717889,3041.570152481336,2962.507931392372,3036.91943359375,152100
2023-11-13 00:00:00+09:00,3046.221125676082,3050.8718449519233,3004.3646521935098,3022.967529296875,121000
2023-11-14 00:00:00+09:00,3041.5702601841517,3139.235360281808,3041.5702601841517,3125.283203125,305600
2023-11-15 00:00:00+09:00,3148.5365447771987,3157.837982132523,3088.0772019675924,3139.235107421875,248600
2023-11-16 00:00:00+09:00,3102.029673724266,3181.091899291451,3092.7282354222443,3148.536865234375,217700
2023-11-17 00:00:00+09:00,3139.23524285755,3199.694588275547,3115.9816484660128,3185.742431640625,219500
2023-11-20 00:00:00+09:00,3208.996151812097,3278.7569377210557,3195.0439946303054,3246.201904296875,301300
2023-11-21 00:00:00+09:00,3232.249822126116,3269.4555754743305,3190.393349609375,3255.50341796875,240400
2023-11-22 00:00:00+09:00,3260.154122441193,3432.230730900999,3241.551245850944,3404.326416015625,467700
2023-11-24 00:00:00+09:00,3450.8336074912486,3488.039360671747,3385.7235394253757,3404.326416015625,438700
2023-11-27 00:00:00+09:00,3511.2928844633557,3567.101513090588,3497.3407273065477,3515.943603515625,589900
2023-11-28 00:00:00+09:00,3515.9437446244265,3581.0538139693235,3488.0394291908997,3548.498779296875,404000
2023-11-29 00:00:00+09:00,3599.6566815488336,3632.2117161364845,3562.450927734375,3562.450927734375,434700
2023-11-30 00:00:00+09:00,3539.197105648643,3548.4985435084295,3474.08704063014,3534.54638671875,298600
2023-12-01 00:00:00+09:00,3599.6566815488336,3641.513154590099,3548.498770053953,3562.450927734375,253400
2023-12-04 00:00:00+09:00,3557.8001901893417,3641.5131358408557,3553.14947098648,3590.355224609375,293100
2023-12-05 00:00:00+09:00,3525.2448364752026,3529.8955552568323,3427.579742060982,3446.1826171875,452100
2023-12-06 00:00:00+09:00,3422.9291821091642,3483.3885290757667,3422.9291821091642,3450.83349609375,284800
2023-12-07 00:00:00+09:00,3441.532101637724,3464.78569691906,3376.422034849983,3381.07275390625,277400
2023-12-08 00:00:00+09:00,3432.230552890731,3450.833428516155,3367.120488201747,3427.579833984375,368100
2023-12-11 00:00:00+09:00,3488.0391384692903,3511.292732725752,3460.134825361536,3497.340576171875,234900
2023-12-12 00:00:00+09:00,3515.9437061915887,3553.1494596962616,3478.737952686916,3483.388671875,198400
2023-12-13 00:00:00+09:00,3548.4983362389894,3581.0533668466865,3450.8332444158978,3464.785400390625,249500
2023-12-14 00:00:00+09:00,3511.292902018229,3539.1972164713543,3483.388587565104,3488.039306640625,193000
2023-12-15 00:00:00+09:00,3460.1350276295734,3488.0393423685214,3404.326398151677,3432.230712890625,309000
2023-12-18 00:00:00+09:00,3367.120429312414,3413.627617562586,3325.2639598872597,3390.3740234375,266900
2023-12-19 00:00:00+09:00,3395.0248016398828,3441.5319907034427,3376.4219260144587,3427.579833984375,180500
2023-12-20 00:00:00+09:00,3455.4841813712287,3460.134900323276,3362.4698023302803,3371.771240234375,200700
2023-12-21 00:00:00+09:00,3334.5655983664774,3367.120632102273,3320.6134410511363,3325.26416015625,175000
2023-12-22 00:00:00+09:00,3343.866960480036,3376.4219934749735,3288.058332488714,3315.962646484375,253700
2023-12-25 00:00:00+09:00,3315.9629099628714,3320.613629331683,3264.8049969059407,3288.05859375,155900
2023-12-26 00:00:00+09:00,3320.6133317618537,3325.264050713901,3218.2975148168107,3236.900390625,314000
2023-12-27 00:00:00+09:00,3227.5989527209053,3255.5032664331898,3195.0439200565734,3236.900390625,212700
2023-12-28 00:00:00+09:00,3260.154137137277,3283.4077329799106,3227.5991029575894,3255.50341796875,273400
2023-12-29 00:00:00+09:00,3255.50335122527,3283.4076656643433,3213.646879566659,3232.249755859375,379900
2024-01-04 00:00:00+09:00,3102.029532634678,3129.933846271572,2995.062997026586,3115.981689453125,877800
2024-01-05 00:00:00+09:00,3069.474334716797,3078.7757720947266,2962.5078048706055,2976.4599609375,757200
2024-01-09 00:00:00+09:00,3027.61820261102,3092.728271484375,3009.015325790061,3092.728271484375,692100
2024-01-10 00:00:00+09:00,3167.1396834711327,3190.393278797646,3097.378897491592,3111.3310546875,497400
2024-01-11 00:00:00+09:00,3134.584676846591,3153.1875532670456,3069.474609375,3069.474609375,400400
2024-01-12 00:00:00+09:00,3064.8238061855855,3078.7759631181452,3027.618054365427,3074.125244140625,319400
2024-01-15 00:00:00+09:00,3064.8237223553156,3088.077316606873,3041.5701281037577,3078.77587890625,77100
2024-01-16 00:00:00+09:00,3064.823670089886,3102.0294202578966,3027.617919921875,3027.617919921875,303000
2024-01-17 00:00:00+09:00,3022.9672011508737,3064.823670089886,3022.9672011508737,3027.617919921875,290800
2024-01-18 00:00:00+09:00,3032.268856534091,3078.7760475852274,3022.9674183238635,3069.474609375,296700
2024-01-19 00:00:00+09:00,3083.426690655276,3097.378847626567,3050.8716577222644,3060.173095703125,244100
2024-01-22 00:00:00+09:00,3046.2209218955904,3088.077392578125,3027.618046036686,3088.077392578125,233500
2024-01-23 00:00:00+09:00,3097.3788390282243,3111.330995960784,3050.8716492530257,3074.125244140625,294300
2024-01-24 00:00:00+09:00,3064.823670089886,3074.1251076318886,3013.665763608871,3027.617919921875,296700
2024-01-25 00:00:00+09:00,3004.364401380647,3041.570152481336,2981.1108069427164,3036.91943359375,458300
2024-01-26 00:00:00+09:00,3050.871498049848,3074.125091784984,3022.9671855676847,3055.522216796875,273600
2024-01-29 00:00:00+09:00,3074.1253676598435,3153.187593454423,3074.1253676598435,3134.584716796875,370800
2024-01-30 00:00:00+09:00,3125.2828898050975,3125.2828898050975,3097.378578288981,3102.029296875,229700
2024-01-31 00:00:00+09:00,3102.0294760056754,3218.297447370206,3097.3787571510943,3213.646728515625,367400
2024-02-01 00:00:00+09:00,3176.440985746162,3213.6467366773027,3157.8381102805915,3199.694580078125,471300
2024-02-02 00:00:00+09:00,3227.5991029575894,3278.757013811384,3227.5991029575894,3255.50341796875,512900
2024-02-05 00:00:00+09:00,3208.996309599651,3297.359976095873,3208.996309599651,3250.852783203125,415400
2024-02-06 00:00:00+09:00,3246.2017047324875,3325.26392390219,3218.2973920843574,3311.311767578125,393100
2024-02-07 00:00:00+09:00,3334.565413478994,3367.120445409751,3288.0582250064836,3362.4697265625,313000
2024-02-08 00:00:00+09:00,3362.4700938050178,3362.4700938050178,3278.757145411532,3302.0107421875,384100
2024-02-09 00:00:00+09:00,3320.61358152268,3385.723651748615,3269.4556692023025,3357.8193359375,302700
2024-02-13 00:00:00+09:00,3385.723320798755,3395.024758493257,3329.914694631743,3362.4697265625,321600
2024-02-14 00:00:00+09:00,3362.469931103447,3362.469931103447,3283.407705890779,3297.35986328125,268200
2024-02-15 00:00:00+09:00,3302.0103951387628,3311.311832871548,3190.3931423453396,3199.694580078125,392800
2024-02-16 00:00:00+09:00,3395.024705522516,3464.7854871428412,3274.1060173806177,3311.311767578125,867400
2024-02-19 00:00:00+09:00,3320.6134679864554,3353.1685019863226,3236.9005234153683,3283.40771484375,669900
2024-02-20 00:00:00+09:00,3274.1065503945483,3288.0587089899796,3218.297916012823,3241.551513671875,443100
2024-02-21 00:00:00+09:00,3246.2019978723883,3246.2019978723883,3162.489052368516,3227.59912109375,571700
2024-02-22 00:00:00+09:00,3292.7091713169643,3292.7091713169643,3222.9483837890625,3255.50341796875,417600
2024-02-26 00:00:00+09:00,3236.90069989301,3292.7093326497857,3227.599261100214,3260.154296875,473500
2024-02-27 00:00:00+09:00,3274.1064550641936,3283.4078938569896,3232.249980496612,3260.154296875,892100
2024-02-28 00:00:00+09:00,3269.5902788211138,3354.5147016476362,3250.7181848596642,3312.052490234375,706900
2024-02-29 00:00:00+09:00,3293.1802674234787,3293.1802674234787,3203.537824613957,3217.69189453125,278000
2024-03-01 00:00:00+09:00,3246.0002201499274,3288.4624323321214,3236.564172998329,3264.872314453125,219100
2024-03-04 00:00:00+09:00,3264.872104477952,3269.590127750319,3217.691871754282,3236.56396484375,171400
2024-03-05 00:00:00+09:00,3212.9736381979546,3222.409684125115,3175.2294544893152,3208.255615234375,169800
2024-03-06 00:00:00+09:00,3203.537876966783,3373.38671875,3189.383806818182,3373.38671875,381100
2024-03-07 00:00:00+09:00,3378.1049259159486,3430.00318595097,3368.6688786368536,3420.567138671875,207700
2024-03-08 00:00:00+09:00,3387.5409256959842,3481.9013971638387,3354.514760682235,3458.311279296875,297700
2024-03-11 00:00:00+09:00,3458.3111399722384,3609.2878882384207,3458.3111399722384,3571.543701171875,485600
2024-03-12 00:00:00+09:00,3552.671431286703,3618.7237553743707,3491.3371303481545,3514.92724609375,522700
2024-03-13 00:00:00+09:00,3533.799383983845,3566.825546450984,3463.029035839976,3477.18310546875,190100
2024-03-14 00:00:00+09:00,3448.874873396572,3557.389404296875,3434.720804148707,3557.389404296875,160900
2024-03-15 00:00:00+09:00,3557.3895966016134,3632.8779700043006,3543.23552658861,3599.851806640625,212900
2024-03-18 00:00:00+09:00,3609.2877298342955,3713.084239711883,3609.2877298342955,3703.648193359375,373600
2024-03-19 00:00:00+09:00,3713.0843023255816,3722.5203488372094,3632.8779069767443,3651.75,192300
2024-03-21 00:00:00+09:00,3675.3400157581677,3750.8283857865767,3670.6219926313925,3736.67431640625,235300
2024-03-22 00:00:00+09:00,3675.3403439712033,3684.7763910674066,3618.724061393983,3665.904296875,278800
2024-03-25 00:00:00+09:00,3656.4678609292655,3661.1858839756255,3580.9794921875,3580.9794921875,248900
2024-03-26 00:00:00+09:00,3614.005905755277,3628.159975882256,3538.517531744723,3576.26171875,174300
2024-03-27 00:00:00+09:00,3580.979730545847,3637.596010870682,3566.825660464638,3585.69775390625,185800
2024-03-28 00:00:00+09:00,3595.1340029640646,3656.468310101247,3590.4159793381277,3618.72412109375,247300
2024-03-29 00:00:00+09:00,3628.1596464919553,3661.1858071232214,3599.851508808013,3647.03173828125,81000
2024-04-01 00:00:00+09:00,3680.0584282309323,3694.2124991087435,3595.1340029640646,3618.72412109375,207200
2024-04-02 00:00:00+09:00,3614.005726504901,3614.005726504901,3481.9010785386645,3519.645263671875,393400
2024-04-03 00:00:00+09:00,3392.2586931974993,3472.465087890625,3378.104623545771,3472.465087890625,297000
2024-04-04 00:00:00+09:00,3477.183391748716,3486.6194389447774,3387.5409433861305,3444.1572265625,356700
2024-04-05 00:00:00+09:00,3481.901331747732,3618.7240128055696,3420.5670264459427,3510.20947265625,834700
2024-04-08 00:00:00+09:00,3514.9273902045356,3529.0814602322052,3378.1047132703993,3396.976806640625,365200
2024-04-09 00:00:00+09:00,3392.2588535459704,3411.130947307005,3330.924548822608,3340.360595703125,265800
2024-04-10 00:00:00+09:00,3363.9508095449105,3396.9769745755057,3264.872314453125,3264.872314453125,272600
2024-04-11 00:00:00+09:00,3236.564034391228,3236.564034391228,3161.0756604112576,3179.94775390625,369600
2024-04-12 00:00:00+09:00,3203.537818919862,3246.0000285962665,3161.075609243457,3222.409912109375,282100
2024-04-15 00:00:00+09:00,3198.8196182819484,3198.8196182819484,3146.9213648879936,3165.79345703125,207100
2024-04-16 00:00:00+09:00,3151.6396660596806,3165.793736416236,3104.459431537829,3137.485595703125,246000
2024-04-17 00:00:00+09:00,3118.6132702029126,3156.357455016261,3061.9969929828903,3128.04931640625,322800
2024-04-18 00:00:00+09:00,3137.485498333257,3236.563987754307,3137.485498333257,3217.69189453125,300900
2024-04-19 00:00:00+09:00,3217.6916828945546,3245.9998208672337,3170.511452940089,3189.383544921875,317100
2024-04-22 00:00:00+09:00,3208.255615234375,3222.409684125115,3184.665500416475,3208.255615234375,204600
2024-04-23 00:00:00+09:00,3231.8461199504573,3335.642637671494,3222.4100728849085,3288.46240234375,276100
2024-04-24 00:00:00+09:00,3349.7966662320223,3382.8228305469856,3288.462361075661,3321.488525390625,270000
2024-04-25 00:00:00+09:00,3378.1048130778804,3387.540860041785,3316.7705078125,3316.7705078125,217100
2024-04-26 00:00:00+09:00,3302.616437366643,3330.924578258357,3264.872249511024,3316.7705078125,296500
2024-04-30 00:00:00+09:00,3312.05230827718,3321.488354739508,3231.8459133473907,3260.154052734375,286800
2024-05-01 00:00:00+09:00,3227.128119926948,3269.59033203125,3194.1019549569355,3269.59033203125,254400
2024-05-02 00:00:00+09:00,3283.744361049107,3326.2065726143974,3279.0263375418526,3302.616455078125,149300
2024-05-07 00:00:00+09:00,3302.6164256427305,3345.0786368295653,3274.308284851507,3326.20654296875,204000
2024-05-08 00:00:00+09:00,3345.0786191433835,3359.2326894641596,3307.3344316213147,3340.360595703125,185000
2024-05-09 00:00:00+09:00,3316.770531562947,3330.924602110157,3269.5902964055795,3297.8984375,215600
2024-05-10 00:00:00+09:00,3316.7705078125,3326.2065547764046,3293.1803904027383,3316.7705078125,136900
2024-05-13 00:00:00+09:00,3330.924578258357,3340.3606252222617,3302.616437366643,3316.7705078125,101900
2024-05-14 00:00:00+09:00,3326.2065547764046,3345.078648704214,3293.1803904027383,3316.7705078125,101000
2024-05-15 00:00:00+09:00,3345.078642758456,3359.232713179155,3283.744337602095,3321.488525390625,224300
2024-05-16 00:00:00+09:00,3307.3344608485954,3330.924578258357,3279.0263199568813,3316.7705078125,208500
2024-05-17 00:00:00+09:00,3321.4884672619046,3368.668701171875,3307.3343970889136,3368.668701171875,182700
2024-05-20 00:00:00+09:00,3368.6686780499217,3396.976818201602,3354.5146079740816,3387.540771484375,162200
2024-05-21 00:00:00+09:00,3415.8490849743152,3453.5932737585617,3411.1310613762844,3444.1572265625,201000
2024-05-22 00:00:00+09:00,3434.7212095905174,3458.3113277882544,3392.2589968345906,3420.567138671875,327400
2024-05-23 00:00:00+09:00,3430.00297586709,3439.4390225682373,3392.2587890625,3392.2587890625,313200
2024-05-24 00:00:00+09:00,3373.3866899278432,3430.0029700385203,3359.2326199001736,3396.976806640625,150900
2024-05-27 00:00:00+09:00,3411.1310141958843,3486.619390720274,3411.1310141958843,3481.9013671875,237100
2024-05-28 00:00:00+09:00,3472.4649754213483,3491.3370676790732,3354.5143988105688,3359.232421875,422000
2024-05-29 00:00:00+09:00,3349.796505777168,3363.9505755198884,3241.281971082978,3250.718017578125,231300
2024-05-30 00:00:00+09:00,3255.4361852370307,3378.1047951155274,3246.0001383233002,3330.924560546875,260500
2024-05-31 00:00:00+09:00,3340.3605039817853,3439.438993506669,3335.6424806710766,3415.848876953125,377500
2024-06-03 00:00:00+09:00,3430.0030290630502,3439.4390759105413,3345.0786074356297,3349.796630859375,351000
2024-06-04 00:00:00+09:00,3368.6686838062237,3396.9768240062763,3349.7965903395225,3382.82275390625,144500
2024-06-05 00:00:00+09:00,3463.029013526906,3543.2354075731696,3444.156920810138,3496.05517578125,518500
2024-06-06 00:00:00+09:00,3481.9010840499163,3552.671431286703,3467.747014602559,3514.92724609375,284900
2024-06-07 00:00:00+09:00,3510.209267935889,3543.2354304030273,3458.311012630385,3477.18310546875,124500
2024-06-10 00:00:00+09:00,3477.183122432199,3477.183122432199,3430.002890106118,3463.029052734375,97100
2024-06-11 00:00:00+09:00,3467.747133370921,3491.3372499244647,3415.848876953125,3415.848876953125,104700
2024-06-12 00:00:00+09:00,3415.8489707472636,3425.2850176277807,3316.770478501832,3340.360595703125,169600
2024-06-13 00:00:00+09:00,3345.0786546669115,3345.0786546669115,3274.308302311476,3312.052490234375,178200
2024-06-14 00:00:00+09:00,3302.61643149636,3354.5146897055884,3297.898408022794,3321.488525390625,171700
2024-06-17 00:00:00+09:00,3312.0525260136046,3312.0525260136046,3246.000196434986,3283.744384765625,221300
2024-06-18 00:00:00+09:00,3288.4624202849195,3326.2066087530393,3264.872302492345,3274.308349609375,117300
2024-06-19 00:00:00+09:00,3274.3082560794455,3382.8227948255944,3269.5902326556998,3349.796630859375,204900
2024-06-20 00:00:00+09:00,3363.950677780878,3406.412888299851,3335.642537434896,3368.668701171875,151700
2024-06-21 00:00:00+09:00,3368.6686723096313,3430.00297586709,3363.9506489590576,3392.2587890625,183500
2024-06-24 00:00:00+09:00,3406.413067753233,3425.2851623114225,3363.950854997306,3420.567138671875,279400
2024-06-25 00:00:00+09:00,3430.0031259964926,3514.927550023916,3430.0031259964926,3467.747314453125,261300
2024-06-26 00:00:00+09:00,3467.747267136503,3547.9536665124497,3467.747267136503,3505.491455078125,244800
2024-06-27 00:00:00+09:00,3519.6452860459485,3557.389471419095,3444.1569152996544,3500.773193359375,312200
2024-06-28 00:00:00+09:00,3500.7732789932948,3500.7732789932948,3378.104673529918,3430.0029296875,595400
2024-07-01 00:00:00+09:00,3217.691872509234,3260.1540819704996,3019.5348950233283,3033.68896484375,2047400
2024-07-02 00:00:00+09:00,3028.9708966373846,3104.459267893145,2977.072641399049,3071.43310546875,916300
2024-07-03 00:00:00+09:00,3085.587175079205,3123.331360707085,3047.8429894513247,3071.43310546875,742300
2024-07-04 00:00:00+09:00,3066.715076657161,3099.741239021161,3024.2528679034463,3076.151123046875,615300
2024-07-05 00:00:00+09:00,3066.7151335243866,3080.8692033714224,3024.2529239832797,3028.970947265625,378600
2024-07-08 00:00:00+09:00,3019.5350120385233,3024.2530354948335,2929.8925663686296,2939.32861328125,608700
2024-07-09 00:00:00+09:00,2929.8925663686296,2977.0728009317313,2911.0204725433887,2939.32861328125,422100
2024-07-10 00:00:00+09:00,2920.456531174517,2953.4826955012077,2892.1483903230674,2929.892578125,444000
2024-07-11 00:00:00+09:00,2944.0465959821427,2986.508806501116,2906.3024088541665,2972.354736328125,504800
2024-07-12 00:00:00+09:00,2972.354679107666,3033.6889820098877,2948.7645626068115,3019.534912109375,421000
2024-07-16 00:00:00+09:00,3000.662948460255,3000.662948460255,2915.738525390625,2915.738525390625,504400
2024-07-17 00:00:00+09:00,2939.328619168886,2944.0466426346466,2896.8664079770397,2934.610595703125,285000
2024-07-18 00:00:00+09:00,2944.0465281834113,3043.1250171126603,2934.6104816187208,3028.970947265625,547200
2024-07-19 00:00:00+09:00,3014.816935092588,3014.816935092588,2967.6367013665695,2981.790771484375,293200
2024-07-22 00:00:00+09:00,2967.636765926932,2967.636765926932,2920.456531174517,2929.892578125,224100
2024-07-23 00:00:00+09:00,2934.6105377583567,3019.53495846519,2934.6105377583567,2981.790771484375,263800
2024-07-24 00:00:00+09:00,2995.9445586823895,3057.278856734155,2991.2265357553306,3014.816650390625,339300
2024-07-25 00:00:00+09:00,3014.8168774185892,3057.279086959696,3000.6628075715535,3028.970947265625,402400
2024-07-26 00:00:00+09:00,3028.970941570276,3052.5610579376457,2991.2267553824845,3033.68896484375,203900
2024-07-29 00:00:00+09:00,3047.843011917987,3076.1511513475657,3024.2528957266713,3052.56103515625,206000
2024-07-30 00:00:00+09:00,3028.970952978744,3057.279092726209,2977.072696775059,3024.2529296875,235700
2024-07-31 00:00:00+09:00,3061.9969929828903,3128.04931640625,3043.124900576216,3128.04931640625,333200
2024-08-01 00:00:00+09:00,3132.767503115768,3198.819829988691,3113.895409723504,3194.101806640625,540500
2024-08-02 00:00:00+09:00,3128.0493724875573,3128.0493724875573,2991.2267000861407,3080.869140625,589400
2024-08-05 00:00:00+09:00,3019.534812703583,3057.2789978623778,2887.4301646478016,2896.8662109375,620600
2024-08-06 00:00:00+09:00,2962.9185826752696,3085.5871864166024,2929.8924201295263,3061.9970703125,451600
2024-08-07 00:00:00+09:00,3043.125005686505,3104.4593081266985,3024.252912627984,3038.406982421875,314700
2024-08-08 00:00:00+09:00,2995.9446485253466,3184.665571267101,2995.9446485253466,3146.92138671875,376800
2024-08-09 00:00:00+09:00,3170.5115243212667,3194.1016398296097,3095.02315469457,3128.04931640625,230400
2024-08-13 00:00:00+09:00,3132.767295780551,3189.3835722103204,3099.741134529853,3165.79345703125,216500
2024-08-14 00:00:00+09:00,3156.357410959622,3175.229503102878,3104.459157565667,3165.79345703125,287900
2024-08-15 00:00:00+09:00,3208.2556533246657,3212.973676344261,3142.2033310503343,3175.2294921875,183700
2024-08-16 00:00:00+09:00,3212.974055119332,3264.872314453125,3184.6659136645367,3264.872314453125,268500
2024-08-19 00:00:00+09:00,3279.0263731678897,3279.0263731678897,3236.564161141255,3274.308349609375,159400
2024-08-20 00:00:00+09:00,3260.1542144558953,3335.6425898991574,3260.1542144558953,3326.20654296875,187800
2024-08-21 00:00:00+09:00,3321.488543152639,3326.2065666514354,3279.026331663472,3307.33447265625,133000
2024-08-22 00:00:00+09:00,3321.4885019420904,3345.0786191433835,3316.770478501832,3340.360595703125,140100
2024-08-23 00:00:00+09:00,3312.0524784434924,3340.3606192848897,3297.898408022794,3321.488525390625,203600
2024-08-26 00:00:00+09:00,3326.2066658809267,3434.7212095905174,3321.4886422413792,3420.567138671875,368000
2024-08-27 00:00:00+09:00,3401.6950441136855,3458.3113277882544,3396.977020474138,3420.567138671875,209700
2024-08-28 00:00:00+09:00,3406.412841796875,3439.4390050829943,3392.25877181711,3406.412841796875,330700
2024-08-29 00:00:00+09:00,3373.0633746957583,3439.7623679807025,3354.0065194714884,3425.4697265625,372900
2024-08-30 00:00:00+09:00,3449.290879014456,3454.055092935747,3377.827670195096,3439.762451171875,375700
2024-09-02 00:00:00+09:00,3449.290984034371,3449.290984034371,3387.356201171875,3387.356201171875,152700
2024-09-03 00:00:00+09:00,3392.1201535560344,3458.8191453394393,3392.1201535560344,3454.054931640625,136500
2024-09-04 00:00:00+09:00,3420.7055127564327,3496.932933653512,3420.7055127564327,3425.4697265625,192800
2024-09-05 00:00:00+09:00,3420.705699636296,3454.0551981007166,3349.2424886411086,3387.356201171875,206000
2024-09-06 00:00:00+09:00,3411.177055561626,3444.526551914882,3396.8844142673734,3406.412841796875,132300
2024-09-09 00:00:00+09:00,3354.0065625,3382.591845703125,3292.0717822265624,3334.94970703125,202400
2024-09-10 00:00:00+09:00,3368.2991499309023,3368.2991499309023,3320.657012025232,3339.7138671875,122700
2024-09-11 00:00:00+09:00,3330.1853114020896,3330.1853114020896,3215.844184830344,3220.6083984375,156400
2024-09-12 00:00:00+09:00,3268.25086868641,3325.421437817951,3225.3729418377543,3277.779296875,196200
2024-09-13 00:00:00+09:00,3277.778961723373,3282.543175330529,3220.6083984375,3220.6083984375,149700
2024-09-17 00:00:00+09:00,3249.193823490948,3306.3643893001727,3239.6653958560773,3273.014892578125,111400
2024-09-18 00:00:00+09:00,3268.25086868641,3301.6003673464757,3249.19401230923,3277.779296875,116000
2024-09-19 00:00:00+09:00,3258.722492049226,3282.543562897539,3230.13720703125,3230.13720703125,173500
2024-09-20 00:00:00+09:00,3230.1369031308304,3239.665330573694,3163.4379110307837,3192.023193359375,417400
2024-09-24 00:00:00+09:00,3249.193522383527,3273.0145892631717,3115.7955478575172,3125.323974609375,361500
2024-09-25 00:00:00+09:00,3125.323974609375,3149.1450414890196,3096.7386943538013,3125.323974609375,272100
2024-09-26 00:00:00+09:00,3158.673674045139,3215.84423828125,3130.088391927083,3215.84423828125,278400
2024-09-27 00:00:00+09:00,3249.1938425775447,3258.722270268388,3192.023276432485,3206.31591796875,309600
2024-09-30 00:00:00+09:00,3201.5515367316343,3273.014740676537,3139.6167599793853,3177.73046875,392500
2024-10-01 00:00:00+09:00,3311.1285898987676,3396.8844382702464,3268.2506657130284,3382.591796875,640300
2024-10-02 00:00:00+09:00,3411.177271503604,3454.0551981007166,3354.0067027074547,3387.356201171875,374400
2024-10-03 00:00:00+09:00,3420.7053671347126,3525.51806640625,3354.006376689189,3525.51806640625,387000
2024-10-04 00:00:00+09:00,3539.810676574707,3677.972869873047,3525.518035888672,3658.916015625,375000
2024-10-07 00:00:00+09:00,3625.5666800704657,3649.387748927696,3554.1034734987747,3644.62353515625,260700
2024-10-08 00:00:00+09:00,3644.6237254329512,3682.737437594342,3606.510013271561,3649.387939453125,211500
2024-10-09 00:00:00+09:00,3658.9162932138283,3735.1437159891166,3639.8594375200064,3720.85107421875,243200
2024-10-10 00:00:00+09:00,3677.973230478715,3739.9080128572423,3620.8026621293047,3735.143798828125,281200
2024-10-11 00:00:00+09:00,3735.143478045886,3816.1351095851464,3720.8508371860166,3763.728759765625,325400
2024-10-15 00:00:00+09:00,3806.6067059365046,3816.1351332354698,3716.0866465963372,3739.90771484375,269100
2024-10-16 00:00:00+09:00,3758.9646532087763,3811.371004520939,3754.200439453125,3754.200439453125,289300
2024-10-17 00:00:00+09:00,3792.3141019051536,3863.777307343065,3773.2572471217104,3801.842529296875,483100
2024-10-18 00:00:00+09:00,3787.5501531484174,3792.3143671775347,3730.3795847990073,3735.143798828125,206100
2024-10-21 00:00:00+09:00,3739.907608129169,3763.728675696871,3711.322327047927,3749.43603515625,182600
2024-10-22 00:00:00+09:00,3682.7370127590293,3716.086507053096,3573.160102935669,3577.92431640625,419700
2024-10-23 00:00:00+09:00,3558.8677187070743,3592.217215401786,3458.8192286229396,3468.34765625,349000
2024-10-24 00:00:00+09:00,3430.2339893335684,3482.640341948387,3363.534995096527,3377.82763671875,312700
2024-10-25 00:00:00+09:00,3339.713699274955,3354.0063399280575,3287.307350213579,3311.12841796875,226800
2024-10-28 00:00:00+09:00,3306.364423828125,3363.534990234375,3296.83599609375,3334.94970703125,191600
2024-10-29 00:00:00+09:00,3334.949629570202,3363.534912109375,3301.6001332745,3363.534912109375,152600
2024-10-30 00:00:00+09:00,3373.0635589728377,3411.177271503604,3344.478274574763,3387.356201171875,544600
2024-10-31 00:00:00+09:00,3392.1201406692007,3420.705422753492,3363.5348585849097,3368.299072265625,199500
2024-11-01 00:00:00+09:00,3349.2421875,3392.120110241821,3325.4211193100996,3349.2421875,163800
2024-11-05 00:00:00+09:00,3396.8843167439663,3401.6485303719383,3306.3642578125,3306.3642578125,171700
2024-11-06 00:00:00+09:00,3311.128531344596,3363.5348822004094,3277.7790353454416,3344.47802734375,274500
2024-11-07 00:00:00+09:00,3358.770692406631,3358.770692406631,3268.2506311928355,3320.656982421875,268800
2024-11-08 00:00:00+09:00,3344.4781639792704,3392.120303067294,3315.892880526456,3354.006591796875,184600
2024-11-11 00:00:00+09:00,3358.770591606528,3382.5916596321063,3349.2421643962966,3373.063232421875,181000
2024-11-12 00:00:00+09:00,3382.5919871055294,3420.705699636296,3354.0067027074547,3387.356201171875,193800
2024-11-13 00:00:00+09:00,3401.6485809536634,3482.640213833513,3382.591726158405,3454.054931640625,241700
2024-11-14 00:00:00+09:00,3482.640243886103,3492.168671365955,3430.2338927469136,3473.11181640625,226800
2024-11-15 00:00:00+09:00,3501.697172277114,3525.518241476278,3401.648681640625,3401.648681640625,200100
2024-11-18 00:00:00+09:00,3377.827846290791,3387.3562746301163,3192.023493673949,3230.13720703125,451700
2024-11-19 00:00:00+09:00,3258.722280322902,3301.6002050639927,3239.665424882417,3292.07177734375,194000
2024-11-20 00:00:00+09:00,3306.3644435871447,3330.185513065438,3263.486518526216,3268.250732421875,162800
2024-11-21 00:00:00+09:00,3263.486429548405,3292.0717121429893,3163.437940467359,3211.080078125,245500
2024-11-22 00:00:00+09:00,3215.8443139304577,3415.9412934639086,3215.8443139304577,3382.591796875,304800
2024-11-25 00:00:00+09:00,3406.412741921165,3482.6401599221977,3396.8843146710356,3458.819091796875,298300
2024-11-26 00:00:00+09:00,3487.4043575802366,3558.8675616290116,3473.1117167704815,3525.51806640625,295000
2024-11-27 00:00:00+09:00,3492.1688295414924,3511.2256853643653,3411.1771922942817,3415.94140625,187900
2024-11-28 00:00:00+09:00,3401.6487930445996,3477.876216978372,3401.6487930445996,3434.998291015625,114200
2024-11-29 00:00:00+09:00,3449.2908301848533,3501.6971825771643,3406.412905500235,3487.404541015625,112500
2024-12-02 00:00:00+09:00,3487.404487391286,3501.6971287330534,3449.290777146572,3492.168701171875,126400
2024-12-03 00:00:00+09:00,3539.8108389777667,3549.339266538945,3487.404487391286,3492.168701171875,134800
2024-12-04 00:00:00+09:00,3492.16854095459,3535.0464630126953,3468.3474731445312,3506.461181640625,274100
2024-12-05 00:00:00+09:00,3492.168563905395,3501.6969910920398,3468.3474959387822,3482.64013671875,120900
2024-12-06 00:00:00+09:00,3468.347685600239,3539.8108934079364,3463.5834717463927,3487.404541015625,122000
2024-12-09 00:00:00+09:00,3487.404492977173,3549.3392722240355,3477.876065400733,3535.046630859375,143500
2024-12-10 00:00:00+09:00,3549.3394052933672,3549.3394052933672,3468.3477678571426,3501.697265625,151500
2024-12-11 00:00:00+09:00,3525.5183354591836,3563.6320471938775,3496.933051658163,3501.697265625,125000
2024-12-12 00:00:00+09:00,3539.810844647595,3558.8676998004757,3525.5182032829343,3535.046630859375,109000
2024-12-13 00:00:00+09:00,3506.461288743188,3525.518143573314,3468.347579082936,3496.932861328125,155500
2024-12-16 00:00:00+09:00,3501.6971529447114,3563.6319325206046,3468.34765625,3468.34765625,157000
2024-12-17 00:00:00+09:00,3454.0549082298803,3492.168617562072,3439.762267230308,3477.8759765625,134500
2024-12-18 00:00:00+09:00,3492.1686954392912,3492.1686954392912,3449.290771484375,3449.290771484375,121700
2024-12-19 00:00:00+09:00,3420.705322265625,3454.0548170509446,3406.4126816433454,3420.705322265625,119000
2024-12-20 00:00:00+09:00,3425.4696968558787,3458.8191932091345,3406.412841796875,3406.412841796875,121800
2024-12-23 00:00:00+09:00,3454.0547942059993,3482.6400752614973,3439.7621536782503,3444.5263671875,121000
2024-12-24 00:00:00+09:00,3439.7623733688188,3496.9329391311812,3411.1770904876375,3468.34765625,124500
2024-12-25 00:00:00+09:00,3482.640409757653,3501.697265625,3458.819339923469,3501.697265625,94300
2024-12-26 00:00:00+09:00,3506.461136477882,3554.103271484375,3482.6400689746356,3554.103271484375,202300
2024-12-27 00:00:00+09:00,3554.103391952715,3630.330810546875,3535.046537304175,3630.330810546875,315000
2024-12-30 00:00:00+09:00,3415.941479175122,3415.941479175122,3249.1939871651784,3301.600341796875,969400
2025-01-06 00:00:00+09:00,3306.364227383379,3325.4210817198823,3268.2505187103716,3287.307373046875,430000
2025-01-07 00:00:00+09:00,3301.6000211658393,3334.949516329131,3282.543166786816,3330.185302734375,374500
2025-01-08 00:00:00+09:00,3196.7875048828128,3239.6654296875,3087.2105859375,3096.739013671875,1206700
2025-01-09 00:00:00+09:00,3096.7390427895643,3139.6169679974196,3087.2106149655965,3115.7958984375,359000
2025-01-10 00:00:00+09:00,3120.559898306896,3149.145179818104,3115.7956847216947,3134.8525390625,224000
2025-01-14 00:00:00+09:00,3125.324158468364,3125.324158468364,3082.4462355625483,3087.21044921875,290400
2025-01-15 00:00:00+09:00,3087.2104791746547,3106.267333984375,3058.625196960075,3106.267333984375,282800
2025-01-16 00:00:00+09:00,3111.031630933922,3134.8527000834924,3101.5032032740937,3120.56005859375,163700
2025-01-17 00:00:00+09:00,3130.0885401734517,3139.6169679974196,3087.2106149655965,3115.7958984375,158800
2025-01-20 00:00:00+09:00,3115.7958739863902,3149.1453711085687,3115.7958739863902,3139.616943359375,174800
2025-01-21 00:00:00+09:00,3149.1453227911297,3187.259033203125,3130.0884675851316,3187.259033203125,203900
2025-01-22 00:00:00+09:00,3196.787485145661,3201.5516989834337,3153.909560605704,3163.43798828125,166400
2025-01-23 00:00:00+09:00,3153.909609733372,3153.909609733372,3096.7390427895643,3115.7958984375,400100
2025-01-24 00:00:00+09:00,3115.795869140625,3134.852724609375,3096.739013671875,3096.739013671875,294100
2025-01-27 00:00:00+09:00,3153.9095849831656,3153.9095849831656,3115.7958739863902,3139.616943359375,269900
2025-01-28 00:00:00+09:00,3158.6736143646926,3225.3726047132686,3153.9094007683657,3177.73046875,289800
2025-01-29 00:00:00+09:00,3177.730461329312,3177.730461329312,3130.088325477299,3134.8525390625,207500
2025-01-30 00:00:00+09:00,3120.5602513363488,3177.7308208264803,3111.0318230879934,3168.202392578125,213200
2025-01-31 00:00:00+09:00,3177.7308208264803,3177.7308208264803,3153.909750205592,3168.202392578125,142600
2025-02-03 00:00:00+09:00,3144.381157233972,3153.9095849831656,3111.0316601117934,3139.616943359375,247300
2025-02-04 00:00:00+09:00,3139.616884105583,3153.9095254596295,3096.7389600434426,3101.503173828125,271000
2025-02-05 00:00:00+09:00,3049.09675670347,3072.917825115216,3020.511474609375,3020.511474609375,454100
2025-02-06 00:00:00+09:00,3025.2757715916896,3068.1536959134614,3006.2189163375688,3034.80419921875,337300
2025-02-07 00:00:00+09:00,3039.568383287668,3058.6252383553024,3015.747314453125,3015.747314453125,248700
2025-02-10 00:00:00+09:00,2996.6904887105084,3044.3326268458104,2991.926274896978,3034.80419921875,233300
2025-02-12 00:00:00+09:00,3058.6251840681684,3058.6251840681684,3010.983047244677,3020.511474609375,253100
2025-02-13 00:00:00+09:00,2996.6904061976293,3034.8041156564227,2996.6904061976293,3020.511474609375,387700
2025-02-14 00:00:00+09:00,3001.454805124301,3010.9832330770764,2982.39794921875,2982.39794921875,332600
2025-02-17 00:00:00+09:00,2982.397920173081,2996.6905619630475,2963.341064453125,2963.341064453125,395400
2025-02-18 00:00:00+09:00,2958.5767434927134,2987.1620260385366,2949.048315977439,2972.869384765625,327300
2025-02-19 00:00:00+09:00,2944.284229479338,2953.8126574064554,2891.8778758801914,2896.64208984375,499200
2025-02-20 00:00:00+09:00,2877.585151407541,2896.642006714876,2858.5282961002067,2882.349365234375,619400
2025-02-21 00:00:00+09:00,2839.471493752587,2901.406274656586,2833.754437053756,2877.585205078125,759400
2025-02-25 00:00:00+09:00,2868.05689447901,2877.5853226998706,2837.5659241722565,2849.952880859375,521200
2025-02-26 00:00:00+09:00,2855.6696167196387,2887.1134263131485,2831.8485488457677,2848.046875,768900
2025-02-27 00:00:00+09:00,2853.871343545108,2878.138957010628,2841.252184543038,2849.988525390625,672400
2025-02-28 00:00:00+09:00,2872.31453122307,2892.699325124957,2810.1894450458894,2816.013671875,567000
2025-03-03 00:00:00+09:00,2844.1640518635127,2855.812505318244,2824.749962772294,2851.9296875,239700
2025-03-04 00:00:00+09:00,2844.1642981589002,2860.6662753154537,2803.3947075368274,2849.988525390625,300800
2025-03-05 00:00:00+09:00,2849.988289249147,2858.7246293728667,2825.7206777943684,2844.1640625,265400
2025-03-06 00:00:00+09:00,2886.875076330562,2887.8457807946947,2827.662104018469,2831.544921875,164500
2025-03-07 00:00:00+09:00,2834.4570581896555,2837.3691716056037,2793.6874703663793,2815.04296875,276800
2025-03-10 00:00:00+09:00,2834.4570179180887,2848.0468803327644,2799.5116574232084,2844.1640625,178000
2025-03-11 00:00:00+09:00,2815.0429700974473,2824.7500148219215,2773.3026777822092,2814.072265625,265900
2025-03-12 00:00:00+09:00,2845.134784372857,2857.753942406582,2798.5409700944892,2831.544921875,318300
2025-03-13 00:00:00+09:00,2834.4572768124785,2847.076435921575,2795.629094938335,2833.486572265625,462900
2025-03-14 00:00:00+09:00,2838.339825136147,2852.9003919545607,2816.984327135807,2851.9296875,194800
2025-03-17 00:00:00+09:00,2851.929711579623,2861.636756207192,2828.6328044734587,2834.45703125,154900
2025-03-18 00:00:00+09:00,2834.4570007220523,2877.1679966233432,2834.4570007220523,2856.783203125,213800
2025-03-19 00:00:00+09:00,2856.783216443275,2865.5195565547224,2829.6034916521053,2847.076171875,190700
2025-03-21 00:00:00+09:00,2844.16404260399,2870.373062791808,2831.5448847357807,2858.724609375,216600
2025-03-24 00:00:00+09:00,2858.7246173496515,2864.5488440743025,2834.457005996938,2852.900390625,216100
2025-03-25 00:00:00+09:00,2881.050993475217,2916.9670604423945,2866.4904257858207,2903.377197265625,393100
2025-03-26 00:00:00+09:00,2912.113591448315,2912.113591448315,2828.6330018267968,2866.490478515625,398200
2025-03-27 00:00:00+09:00,2866.490215943082,2910.1719158135325,2855.812467085861,2880.080078125,290200
2025-03-28 00:00:00+09:00,2880.08038474157,2884.9339074661093,2833.486566585994,2837.369384765625,228500
2025-03-31 00:00:00+09:00,2814.0720870628784,2816.9842002954374,2762.6247532876687,2764.566162109375,285600
2025-04-01 00:00:00+09:00,2777.1855716067976,2786.892616596685,2754.8593681300563,2759.712890625,188500
2025-04-02 00:00:00+09:00,2781.068381312522,2781.068381312522,2749.035132941383,2765.537109375,297500
2025-04-03 00:00:00+09:00,2765.537118510063,2936.3811103871326,2753.888664518445,2931.527587890625,792900
2025-04-04 00:00:00+09:00,2887.845757711316,2916.9668914025224,2829.603490328903,2848.046875,570000
2025-04-07 00:00:00+09:00,2653.9061695837913,2669.437441973455,2511.2126045037553,2540.333740234375,839200
2025-04-08 00:00:00+09:00,2633.521205471745,2678.17361072486,2603.4293671489936,2658.759521484375,477100
2025-04-09 00:00:00+09:00,2642.2574749922082,2658.7594504054587,2505.3881495058376,2530.62646484375,405800
2025-04-10 00:00:00+09:00,2674.2909777138752,2715.0605679367363,2642.2577282530556,2700.5,319800
2025-04-11 00:00:00+09:00,2672.349393383825,2683.027142503775,2630.6091013694754,2651.964599609375,205500
2025-04-14 00:00:00+09:00,2640.316152709021,2674.2908090857914,2623.8141767545894,2647.111083984375,181300
2025-04-15 00:00:00+09:00,2633.521217430031,2674.290805020175,2627.696990631439,2650.023193359375,352100
2025-04-16 00:00:00+09:00,2669.4372772908855,2676.2322085421715,2643.2282567502116,2653.906005859375,342200
2025-04-17 00:00:00+09:00,2643.228473057801,2672.349609375,2643.228473057801,2672.349609375,216300
2025-04-18 00:00:00+09:00,2659.7303673791325,2735.44531944321,2651.9647312699963,2730.591796875,227700
2025-04-21 00:00:00+09:00,2729.620891763152,2738.3572317439016,2689.822009628625,2698.558349609375,246500
2025-04-22 00:00:00+09:00,2675.2613675452403,2787.8630796770426,2671.3785498855227,2755.829833984375,468300
2025-04-23 00:00:00+09:00,2785.922073374774,2835.4280056890993,2767.4786868263,2816.984619140625,462800
2025-04-24 00:00:00+09:00,2824.750118958038,2858.724776746193,2738.357417725301,2741.26953125,316100
2025-04-25 00:00:00+09:00,2789.8046970374085,2831.544989999346,2769.419902800183,2783.009765625,197500
2025-04-28 00:00:00+09:00,2808.247964916455,2881.050798434856,2779.1268315090947,2868.431640625,280600
2025-04-30 00:00:00+09:00,2860.6660639331412,2861.6367684000343,2797.570273585108,2825.720703125,249000
2025-05-01 00:00:00+09:00,2805.33592000732,2817.955078125,2798.5409887131846,2817.955078125,168100
2025-05-02 00:00:00+09:00,2796.599601256711,2816.984395295722,2768.449171393315,2802.423828125,251800
2025-05-07 00:00:00+09:00,2790.775390625,2812.1308892663046,2766.507778532609,2790.775390625,338300
2025-05-08 00:00:00+09:00,2776.2148045387676,2813.101574669003,2758.7421239507617,2804.365234375,277300
2025-05-09 00:00:00+09:00,2810.189427655285,2843.1933794826696,2789.804633879547,2828.6328125,226400
2025-05-12 00:00:00+09:00,2847.0762785956654,2848.046983088879,2771.361328125,2771.361328125,190200
2025-05-13 00:00:00+09:00,2802.423847159981,2817.955118914245,2783.009757467151,2788.833984375,164100
2025-05-14 00:00:00+09:00,2776.2148740310076,2788.8340325493305,2739.328102977449,2754.859375,179900
2025-05-15 00:00:00+09:00,2728.650383689187,2747.093769420277,2725.738270152699,2733.50390625,140200
2025-05-16 00:00:00+09:00,2729.6209830684174,2818.925794747754,2710.2068935729094,2809.21875,229700
2025-05-19 00:00:00+09:00,2815.0429566646612,2834.4570460209693,2786.892527098015,2823.779296875,237500
2025-05-20 00:00:00+09:00,2823.779456199687,2823.779456199687,2713.119140625,2713.119140625,256700
2025-05-21 00:00:00+09:00,2731.5625153295578,2740.298855996923,2708.2656068832503,2720.884765625,153000
2025-05-22 00:00:00+09:00,2693.7050501733006,2729.6211175089447,2680.115186857111,2713.119140625,218900
2025-05-23 00:00:00+09:00,2736.4160421316965,2741.269564732143,2715.0605426897323,2717.97265625,98400
2025-05-26 00:00:00+09:00,2699.5292773088104,2717.00195871534,2688.851527560376,2713.119140625,232600
2025-05-27 00:00:00+09:00,2713.1191170096904,2739.3281388913583,2703.412071868332,2729.62109375,130500
2025-05-28 00:00:00+09:00,2755.83011142873,2777.1856107071494,2729.621089587034,2732.533203125,193400
2025-05-29 00:00:00+09:00,2723.796866665185,2742.240252433766,2714.0898215238262,2729.62109375,174600
2025-05-30 00:00:00+09:00,2717.001710293206,2727.679459065348,2707.294665954895,2716.031005859375,158700
2025-06-02 00:00:00+09:00,2706.3242370495495,2713.1191687781534,2671.378873873874,2693.705078125,208300
2025-06-03 00:00:00+09:00,2702.441172663004,2715.060330437652,2692.7341282209677,2694.675537109375,99300
2025-06-04 00:00:00+09:00,2717.97253984754,2841.252008619196,2716.0311308905057,2801.453125,436600
2025-06-05 00:00:00+09:00,2752.91781779661,2873.2851694915253,2749.035,2863.578125,463900
2025-06-06 00:00:00+09:00,2863.578366328707,2873.285411638296,2831.545116807064,2865.519775390625,225700
2025-06-09 00:00:00+09:00,2880.080156008293,2882.0215649439237,2817.9550700681075,2823.779296875,178200
2025-06-10 00:00:00+09:00,2819.896504649654,2821.837913602941,2795.628892733564,2805.3359375,139700
2025-06-11 00:00:00+09:00,2818.925763841275,2848.0468977652554,2809.2187191999487,2831.544921875,140600
2025-06-12 00:00:00+09:00,2831.544929926357,2844.1640879959637,2816.013658456072,2825.720703125,107800
2025-06-13 00:00:00+09:00,2820.86724340096,2831.544992773778,2770.3906100021813,2781.068359375,152700
2025-06-16 00:00:00+09:00,2789.804725931131,2800.482475404076,2756.8007730147574,2762.625,161400
2025-06-17 00:00:00+09:00,2757.7714816270227,2769.4199356148874,2743.2109141421915,2759.712890625,148800
2025-06-18 00:00:00+09:00,2759.7128619828036,2795.6289280726255,2758.7421574938894,2780.09765625,174600
2025-06-19 00:00:00+09:00,2800.482396317579,2825.720712540892,2780.0976024449037,2818.92578125,166400
2025-06-20 00:00:00+09:00,2834.4570786395147,2838.3398965554593,2791.746081564125,2800.482421875,227400
2025-06-23 00:00:00+09:00,2790.775339668083,2858.7246522860883,2789.804635202111,2827.662109375,181500
2025-06-24 00:00:00+09:00,2855.812537534317,2881.0508536376115,2828.6328125,2828.6328125,186100
2025-06-25 00:00:00+09:00,2828.6328476670706,2835.427779010128,2792.716781996624,2803.39453125,173800
2025-06-26 00:00:00+09:00,2797.570248506826,2871.3437873293515,2794.6581351322525,2844.1640625,269600
2025-06-27 00:00:00+09:00,2876.197470912085,2921.8205830055267,2871.343948348953,2903.377197265625,292900
2025-06-30 00:00:00+09:00,2946.0882099488163,2950.941732535223,2882.9924163255305,2893.670166015625,355500
2025-07-01 00:00:00+09:00,2912.1133759388867,2921.8204205253496,2826.691383578013,2843.193359375,381500
2025-07-02 00:00:00+09:00,2835.4279114160126,2916.9670913403347,2828.6329797556523,2882.021728515625,309300
2025-07-03 00:00:00+09:00,2833.4863892875783,2861.636819328462,2748.0643946807586,2789.8046875,565400
2025-07-04 00:00:00+09:00,2789.804671257796,2815.0429876992375,2769.41987720894,2801.453125,194300
2025-07-07 00:00:00+09:00,2802.4238025851687,2850.9590260452514,2802.4238025851687,2820.8671875,149400
2025-07-08 00:00:00+09:00,2806.306655544705,2816.9844048394098,2783.9804524739584,2795.62890625,156600
2025-07-09 00:00:00+09:00,2808.2479713983053,2863.578125,2807.277266949153,2863.578125,235100
2025-07-10 00:00:00+09:00,2847.076153317993,2862.607424526001,2831.544882109985,2860.666015625,175700
2025-07-11 00:00:00+09:00,2860.6661661581416,2950.941684805141,2859.695461656561,2926.674072265625,345000
2025-07-14 00:00:00+09:00,2912.113537879263,2931.527628131791,2897.5529701898663,2903.377197265625,123800
2025-07-15 00:00:00+09:00,2897.5530665499114,2897.5530665499114,2836.3986802207173,2837.369384765625,200600
2025-07-16 00:00:00+09:00,2828.6328354224197,2837.3691756828184,2812.130859375,2812.130859375,148800
2025-07-17 00:00:00+09:00,2813.1015951200416,2823.7793444458944,2789.8046875,2789.8046875,227900
2025-07-18 00:00:00+09:00,2804.365459923248,2838.340119354648,2796.5998234817853,2816.984619140625,189200
2025-07-22 00:00:00+09:00,2817.9550673898575,2855.8125415986774,2816.9843629229645,2825.720703125,166200
2025-07-23 00:00:00+09:00,2863.5781131188746,2916.966857600752,2849.988250887124,2872.314453125,267700
2025-07-24 00:00:00+09:00,2910.172171002987,2911.1428755296724,2853.8713084552305,2874.256103515625,179200
2025-07-25 00:00:00+09:00,2875.2265903922985,2881.0508171115266,2846.105456796158,2854.841796875,128700
2025-07-28 00:00:00+09:00,2866.4902758170774,2875.226615973648,2821.8378705723817,2836.3984375,158000
2025-07-29 00:00:00+09:00,2824.7498878713286,2908.23046875,2824.7498878713286,2908.23046875,192700
2025-07-30 00:00:00+09:00,2908.2307087388504,2926.6740944084227,2885.904505033579,2911.142822265625,168300
2025-07-31 00:00:00+09:00,2916.966796875,2941.23440749792,2887.8456641274956,2916.966796875,192400
2025-08-01 00:00:00+09:00,2931.5275538151686,2965.502210895808,2926.674031375077,2955.795166015625,147000
2025-08-04 00:00:00+09:00,2936.3810898405327,2970.3557470783567,2926.67404491544,2946.088134765625,145100
2025-08-05 00:00:00+09:00,2931.5276365551717,2941.234681709328,2897.552978515625,2897.552978515625,245700
2025-08-06 00:00:00+09:00,2921.8202867161717,2950.941419141914,2916.9667646452144,2941.234375,149800
2025-08-07 00:00:00+09:00,2950.941419141914,2970.355507425743,2931.527330858086,2941.234375,148100
2025-08-08 00:00:00+09:00,2965.5021569052624,2994.623291015625,2946.088067498354,2994.623291015625,175300
2025-08-12 00:00:00+09:00,3009.1838852849714,3009.1838852849714,2955.7951389331415,2975.209228515625,156800
2025-08-13 00:00:00+09:00,3018.890882528982,3038.304971805696,2984.916226294733,3009.183837890625,178800
2025-08-14 00:00:00+09:00,2970.3557264984634,3018.8909507876538,2955.795159211706,2960.648681640625,225500
2025-08-15 00:00:00+09:00,2950.941650390625,2970.3557401958265,2921.8205156828226,2950.941650390625,199700
2025-08-18 00:00:00+09:00,2965.5021769868436,2999.4768336790003,2960.6486546022497,2980.062744140625,216500
2025-08-19 00:00:00+09:00,2994.623277605639,3018.8908892556037,2989.7697552756463,3004.330322265625,177600
2025-08-20 00:00:00+09:00,3028.5981657608695,3028.5981657608695,2999.4770295516305,3014.03759765625,114700
2025-08-21 00:00:00+09:00,2980.062757703993,3004.330369737413,2970.355712890625,2970.355712890625,176700
2025-08-22 00:00:00+09:00,2970.355719683408,2975.2092421011916,2946.0881075944917,2965.502197265625,175200
2025-08-25 00:00:00+09:00,2960.6486546022497,2989.7697889098126,2950.941609833062,2980.062744140625,264400
2025-08-26 00:00:00+09:00,2960.648627913886,3009.18385132231,2960.648627913886,2999.476806640625,270600
2025-08-27 00:00:00+09:00,2989.7697619589403,3018.890896003995,2975.209194936413,2999.476806640625,558400
2025-08-28 00:00:00+09:00,3048.729387898297,3048.729387898297,3004.4021431631036,3009.327392578125,282100
2025-08-29 00:00:00+09:00,2999.4768764527375,3004.4021258393595,2979.77587890625,2979.77587890625,140900
2025-09-01 00:00:00+09:00,2989.626308096649,3009.327305184601,2969.9253110086975,2999.476806640625,116000
2025-09-02 00:00:00+09:00,3014.2525288833467,3048.7292734947578,3009.3272796531455,3024.10302734375,138200
2025-09-03 00:00:00+09:00,3053.654576555083,3127.5333163104483,3043.8040779210346,3112.757568359375,313400
2025-09-04 00:00:00+09:00,3107.8322251151767,3162.009965965045,3107.8322251151767,3157.084716796875,200900
2025-09-05 00:00:00+09:00,3157.08476052923,3171.860508238415,3132.4585143472545,3162.010009765625,104600
2025-09-08 00:00:00+09:00,3171.8605781005094,3196.486824824892,3132.4585833414967,3142.30908203125,122900
2025-09-09 00:00:00+09:00,3171.860400852721,3171.860400852721,3112.7574120169556,3122.60791015625,115100
2025-09-10 00:00:00+09:00,3122.607997678361,3142.308994509139,3117.682748470666,3132.45849609375,64500
2025-09-11 00:00:00+09:00,3132.458539786107,3147.2342876152866,3112.757542680534,3137.3837890625,61300
2025-09-12 00:00:00+09:00,3137.383657365191,3152.159404574132,3112.7574120169556,3122.60791015625,115100
2025-09-16 00:00:00+09:00,3112.757594447767,3122.608093164374,3068.4303502230364,3088.13134765625,169700
2025-09-17 00:00:00+09:00,3088.13126015625,3097.9817585937503,3063.5050140625003,3078.28076171875,98300
2025-09-18 00:00:00+09:00,3078.2808751538637,3088.1313739543557,3063.505126953125,3063.505126953125,72900
2025-09-19 00:00:00+09:00,3063.5049768046492,3088.131222598899,3009.3272360573,3019.177734375,158700
2025-09-22 00:00:00+09:00,3024.10298353385,3038.8787310104,3009.3272360573,3019.177734375,85400
2025-09-24 00:00:00+09:00,3019.177709486878,3058.579702432873,2999.4767130138803,3043.803955078125,138600
2025-09-25 00:00:00+09:00,3048.729210239266,3053.654459367278,2989.626220703125,2989.626220703125,134300
2025-09-26 00:00:00+09:00,2999.4768245045734,3029.0283203125,2989.626325901931,3029.0283203125,84600
2025-09-29 00:00:00+09:00,3029.0283463274845,3033.9535956711065,2989.6263515785095,3004.402099609375,108500
2025-09-30 00:00:00+09:00,2989.626287723717,2989.626287723717,2895.061502345965,2953.179443359375,422500
2025-10-01 00:00:00+09:00,2780.795777777386,2819.212722635097,2701.006738457525,2728.588134765625,895900
2025-10-02 00:00:00+09:00,2729.5731177253574,2767.9900616413765,2707.9020211573466,2765.034912109375,443500
2025-10-03 00:00:00+09:00,2755.184317636733,2755.184317636733,2695.0962792470864,2704.94677734375,297000
2025-10-06 00:00:00+09:00,2738.438531679631,2747.303980163486,2718.7375350488423,2722.677734375,258800
2025-10-07 00:00:00+09:00,2738.4385617872117,2741.39371131432,2711.842216043235,2731.543212890625,155800
2025-10-08 00:00:00+09:00,2728.5880563751375,2757.15450173069,2681.3056640625,2681.3056640625,290200
2025-10-09 00:00:00+09:00,2668.499972503853,2679.3355205649614,2652.739175324059,2676.38037109375,251600
2025-10-10 00:00:00+09:00,2657.664397219037,2686.2308418147936,2648.7989488962157,2684.2607421875,179800
2025-10-14 00:00:00+09:00,2659.6344775481216,2669.484975613115,2638.9484316116364,2654.709228515625,277600
2025-10-15 00:00:00+09:00,2669.4851649673783,2686.2310128656973,2655.694466698174,2670.47021484375,148800
2025-10-16 00:00:00+09:00,2685.245989585757,2687.2160893580135,2640.9187447099835,2645.843994140625,143300
2025-10-17 00:00:00+09:00,2646.8289864481494,2656.6794850951464,2629.0980888835543,2644.85888671875,97000
2025-10-20 00:00:00+09:00,2665.5448920023987,2686.23093883612,2656.679443359375,2656.679443359375,125200
2025-10-21 00:00:00+09:00,2676.3804799991885,2753.2143693771554,2671.455230680088,2749.274169921875,314900
2025-10-22 00:00:00+09:00,2769.960076153829,2793.60127168288,2754.1992791344614,2771.93017578125,187600
2025-10-23 00:00:00+09:00,2809.362104384516,2814.287353515625,2777.840509945419,2814.287353515625,296200
2025-10-24 00:00:00+09:00,2832.0183341594875,2833.003384014847,2778.825641970057,2790.646240234375,183800
2025-10-27 00:00:00+09:00,2790.646311751187,2813.3024590050795,2783.750962586959,2787.691162109375,135800
2025-10-28 00:00:00+09:00,2769.9601472244685,2770.945197063453,2656.6794157412487,2664.559814453125,502300
2025-10-29 00:00:00+09:00,2674.4103603370313,2674.4103603370313,2580.830623971647,2581.815673828125,380300
2025-10-30 00:00:00+09:00,2580.830607970068,2599.5465551271027,2565.069810364144,2569.010009765625,257100
2025-10-31 00:00:00+09:00,2540.443634818108,2575.905430418516,2531.578185918006,2566.054931640625,281600
2025-11-04 00:00:00+09:00,2562.114633262704,2588.7109789367114,2530.5930383898067,2576.890380859375,237700
2025-11-05 00:00:00+09:00,2615.3074027396538,2638.948599600577,2597.576505093961,2624.1728515625,261800
2025-11-06 00:00:00+09:00,2626.142824904491,2662.5896683108926,2618.262426330134,2642.888671875,207200
2025-11-07 00:00:00+09:00,2659.634614949294,2724.647905536943,2653.724315804962,2719.72265625,323300
2025-11-10 00:00:00+09:00,2714.797408980719,2736.468505859375,2696.081461676425,2736.468505859375,248500
2025-11-11 00:00:00+09:00,2719.722596260652,2719.722596260652,2686.2309018481706,2701.99169921875,146700
2025-11-12 00:00:00+09:00,2719.7227137936447,2748.2891602623213,2711.842314767803,2720.707763671875,127900
2025-11-13 00:00:00+09:00,2727.6031161459728,2756.169562649488,2720.7077669899522,2754.199462890625,114600
2025-11-14 00:00:00+09:00,2762.0798200732283,2796.556565330918,2759.1246704797118,2766.02001953125,158300
2025-11-17 00:00:00+09:00,2738.4385821836217,2779.810675871288,2705.9319371433126,2777.840576171875,266500
2025-11-18 00:00:00+09:00,2766.0198466744655,2801.4816395805483,2736.468352586063,2763.064697265625,240400
2025-11-19 00:00:00+09:00,2768.9751253539735,2786.7060226347885,2750.259178224224,2761.0947265625,165000
2025-11-20 00:00:00+09:00,2755.1844571847496,2805.422000022226,2755.1844571847496,2769.960205078125,154000
2025-11-21 00:00:00+09:00,2797.5415816795794,2860.58477225264,2792.616332416059,2844.823974609375,234000
2025-11-25 00:00:00+09:00,2827.092949151168,2858.6145430092993,2810.3471024140354,2846.7939453125,141100
2025-11-26 00:00:00+09:00,2861.5697528571504,2882.2557992633465,2846.794005424153,2864.52490234375,114600
2025-11-27 00:00:00+09:00,2864.5248368527164,2904.911878912882,2857.629488208298,2900.9716796875,105200
2025-11-28 00:00:00+09:00,2887.1811681001086,2914.7625644517984,2887.1811681001086,2899.98681640625,86900
2025-12-01 00:00:00+09:00,2915.747568285849,2919.6877677024513,2853.6894274743595,2878.315673828125,150500
2025-12-02 00:00:00+09:00,2871.420306658184,2888.1661540726573,2846.7940604604296,2848.76416015625,136600
2025-12-03 00:00:00+09:00,2839.8987167033742,2846.7940656513188,2773.9003767730496,2777.840576171875,281500
2025-12-04 00:00:00+09:00,2787.691053819143,2843.8388948324614,2787.691053819143,2835.95849609375,147600
2025-12-05 00:00:00+09:00,2807.392117676812,2828.078164859694,2799.51171875,2799.51171875,121200
2025-12-08 00:00:00+09:00,2817.2425723420424,2844.8239681551813,2793.6013759307807,2794.58642578125,217400
2025-12-09 00:00:00+09:00,2798.5266669835455,2817.2426144220135,2764.049921702157,2782.765869140625,160900
2025-12-10 00:00:00+09:00,2783.7507817612895,2833.988322408786,2782.7657319446716,2822.167724609375,94000
2025-12-11 00:00:00+09:00,2835.958606258972,2835.958606258972,2782.765912706355,2787.691162109375,80600
2025-12-12 00:00:00+09:00,2817.2426321694393,2830.048280497482,2807.3921334555603,2812.3173828125,126700
2025-12-15 00:00:00+09:00,2821.182780228055,2865.510023632476,2820.1977303746235,2861.56982421875,143700
2025-12-16 00:00:00+09:00,2856.6445826480262,2856.6445826480262,2803.451890419408,2807.39208984375,124800
2025-12-17 00:00:00+09:00,2819.212531243171,2838.91352726863,2800.496585018985,2817.242431640625,106000
2025-12-18 00:00:00+09:00,2777.840532374001,2809.3621270676067,2755.184386187972,2772.915283203125,252200
2025-12-19 00:00:00+09:00,2767.9901768381205,2779.81077545807,2756.1695782181714,2767.005126953125,177700
2025-12-22 00:00:00+09:00,2761.094680297808,2766.0199294599515,2722.6777368330863,2739.423583984375,237300
2025-12-23 00:00:00+09:00,2732.528278775294,2752.2292757383457,2727.603029534531,2744.348876953125,209300
2025-12-24 00:00:00+09:00,2744.3488445779553,2751.2441934336784,2716.767449155061,2718.737548828125,219200
2025-12-25 00:00:00+09:00,2728.5881208599944,2740.4087192175107,2719.7226720918575,2732.5283203125,155800
2025-12-26 00:00:00+09:00,2730.558047847686,2744.348745059038,2726.6178486444423,2729.572998046875,239200
2025-12-29 00:00:00+09:00,2758.139579177748,2787.6910746689387,2730.558183385971,2777.840576171875,390600
2025-12-30 00:00:00+09:00,2920.6727967900815,2965.000039911685,2823.1528619225546,2832.018310546875,667100
2026-01-05 00:00:00+09:00,2831.0332422561514,2839.8986908227153,2801.4817470342705,2802.466796875,309700
2026-01-06 00:00:00+09:00,2809.3621526054258,2865.509993663809,2802.466803703519,2852.704345703125,268700
2026-01-07 00:00:00+09:00,2803.4518352969076,2854.6744268061975,2789.661137582868,2823.15283203125,350600
2026-01-08 00:00:00+09:00,2830.0481808882696,2840.883729092158,2810.3471841539276,2823.15283203125,164500
2026-01-09 00:00:00+09:00,2854.6744688444396,2878.3156652737935,2811.332275390625,2811.332275390625,205100
2026-01-13 00:00:00+09:00,2836.9434414390757,2840.883640663297,2800.496598615032,2813.30224609375,193400
2026-01-14 00:00:00+09:00,2823.152936710954,2894.0765275843623,2814.2874878517778,2862.554931640625,319200
2026-01-15 00:00:00+09:00,2878.3156856943187,2909.8372811570903,2852.704389380817,2857.629638671875,241500
2026-01-16 00:00:00+09:00,2846.794090231547,2857.629638671875,2802.466846612025,2857.629638671875,144700
2026-01-19 00:00:00+09:00,2867.480194996177,2889.1512923132213,2851.719396947418,2858.61474609375,121400
2026-01-20 00:00:00+09:00,2836.9435321279916,2852.7043295287026,2797.541538626214,2839.898681640625,178600
2026-01-21 00:00:00+09:00,2818.2275088445335,2826.107907331341,2803.4517616817693,2809.362060546875,127900
2026-01-22 00:00:00+09:00,2817.242442390036,2846.7939365409807,2796.556396484375,2796.556396484375,145000
2026-01-23 00:00:00+09:00,2788.6761150853963,2816.2575107838743,2777.84056677528,2815.2724609375,172100
2026-01-26 00:00:00+09:00,2808.3770216844478,2839.8986157545646,2780.795626873096,2788.676025390625,185000
2026-01-27 00:00:00+09:00,2779.8106551667306,2786.706004063317,2719.722614782191,2731.543212890625,278200
2026-01-28 00:00:00+09:00,2730.5581444529257,2734.4983437955707,2679.335552998542,2701.99169921875,299800
2026-01-29 00:00:00+09:00,2694.111415286316,2705.932013817737,2661.604769324909,2703.9619140625,186900
2026-01-30 00:00:00+09:00,2705.931889681797,2748.289032476234,2689.1860425305085,2739.423583984375,204400
2026-02-02 00:00:00+09:00,2777.8405160515927,2780.795665536754,2740.408622572883,2760.109619140625,246500
2026-02-03 00:00:00+09:00,2772.915313115539,2790.6462103219615,2751.2442165299112,2781.78076171875,155700
2026-02-04 00:00:00+09:00,2815.272335006083,2842.853729470803,2798.5264883667883,2833.98828125,226300
2026-02-05 00:00:00+09:00,2883.24090922441,2893.091407718515,2827.0930678080144,2882.255859375,285700
2026-02-06 00:00:00+09:00,2902.942006425547,2902.942006425547,2843.839013420615,2871.42041015625,209500
2026-02-09 00:00:00+09:00,2912.7923744261816,2912.7923744261816,2873.390380859375,2873.390380859375,234300
2026-02-10 00:00:00+09:00,2860.5848251762927,2933.478515625,2857.6296755635076,2933.478515625,225100
2026-02-12 00:00:00+09:00,2913.77751998774,2965.000113307335,2909.8373205016173,2950.224365234375,360900
2026-02-13 00:00:00+09:00,2974.8505237777426,2974.8505237777426,2906.8820846583176,2940.373779296875,211500
2026-02-16 00:00:00+09:00,2946.284103970914,2960.074801883182,2912.792409041121,2915.74755859375,264700
2026-02-17 00:00:00+09:00,2932.4933067175402,2952.194303067675,2915.747459819926,2926.5830078125,254500
2026-02-18 00:00:00+09:00,2979.7757475083054,2984.700996677741,2940.373754152824,2965.0,228400
2026-02-19 00:00:00+09:00,2974.8504543209237,2984.7009525140393,2941.3587604643303,2960.07470703125,423000
2026-02-20 00:00:00+09:00,2952.1943308289215,2955.1494803092305,2918.70263671875,2918.70263671875,414200
2026-02-24 00:00:00+09:00,2927.5681473195673,2979.775789246868,2910.822299908924,2953.179443359375,595500
2026-02-25 00:00:00+09:00,2974.8504983388702,2979.7757475083054,2955.1495016611293,2965.0,734100
2026-02-26 00:00:00+09:00,2977.0,2987.0,2940.0,2940.0,608800
2026-02-27 00:00:00+09:00,2990.0,3005.0,2949.0,2996.0,275000
2026-03-02 00:00:00+09:00,2946.0,2950.0,2902.0,2912.0,195200
2026-03-03 00:00:00+09:00,2890.0,2893.0,2765.0,2765.0,386200
2026-03-04 00:00:00+09:00,2769.0,2907.0,2750.0,2905.0,717900
2026-03-05 00:00:00+09:00,2946.0,3040.0,2933.0,3005.0,425900
2026-03-06 00:00:00+09:00,2974.0,3100.0,2970.0,3095.0,330300
2026-03-09 00:00:00+09:00,3035.0,3085.0,3000.0,3075.0,295600
2026-03-10 00:00:00+09:00,3065.0,3080.0,3035.0,3065.0,216700
2026-03-11 00:00:00+09:00,3025.0,3040.0,2956.0,2968.0,319300
2026-03-12 00:00:00+09:00,2973.0,2993.0,2907.0,2943.0,173500
2026-03-13 00:00:00+09:00,2955.0,2990.0,2925.0,2947.0,203400
2026-03-16 00:00:00+09:00,2950.0,2964.0,2900.0,2906.0,148000
2026-03-17 00:00:00+09:00,2901.0,2924.0,2889.0,2921.0,104700
2026-03-18 00:00:00+09:00,2900.0,2917.0,2874.0,2917.0,110800
2026-03-19 00:00:00+09:00,2871.0,2887.0,2831.0,2840.0,111000
2026-03-23 00:00:00+09:00,2807.0,2819.0,2779.0,2796.0,173500
2026-03-24 00:00:00+09:00,2854.0,2857.0,2829.0,2842.0,115200
2026-03-25 00:00:00+09:00,2860.0,2897.0,2860.0,2884.0,141800
2026-03-26 00:00:00+09:00,2892.0,2926.0,2881.0,2926.0,190700
2026-03-27 00:00:00+09:00,2941.0,2977.0,2938.0,2972.0,199300
2026-03-30 00:00:00+09:00,2899.0,2947.0,2852.0,2947.0,211200
2026-03-31 00:00:00+09:00,2956.0,2996.0,2949.0,2949.0,199200
2026-04-01 00:00:00+09:00,2990.0,3025.0,2962.0,3025.0,149400
2026-04-02 00:00:00+09:00,3005.0,3045.0,3000.0,3025.0,139800
2026-04-03 00:00:00+09:00,3050.0,3065.0,3025.0,3060.0,106200
2026-04-06 00:00:00+09:00,3035.0,3045.0,2919.0,2919.0,294200
2026-04-07 00:00:00+09:00,3020.0,3095.0,2939.0,3010.0,452600
2026-04-08 00:00:00+09:00,3005.0,3030.0,2989.0,3025.0,236800
2026-04-09 00:00:00+09:00,3025.0,3065.0,3005.0,3055.0,213300
2026-04-10 00:00:00+09:00,3055.0,3090.0,3025.0,3070.0,157100
2026-04-13 00:00:00+09:00,3100.0,3125.0,3040.0,3070.0,201900
2026-04-14 00:00:00+09:00,3100.0,3105.0,3070.0,3090.0,135600
2026-04-15 00:00:00+09:00,3150.0,3165.0,3100.0,3160.0,250500
2026-04-16 00:00:00+09:00,3180.0,3240.0,3160.0,3195.0,286400
2026-04-17 00:00:00+09:00,3200.0,3250.0,3150.0,3160.0,145800
2026-04-20 00:00:00+09:00,3180.0,3220.0,3160.0,3190.0,154800
2026-04-21 00:00:00+09:00,3190.0,3195.0,3125.0,3130.0,131900
2026-04-22 00:00:00+09:00,3185.0,3205.0,3135.0,3165.0,182600
2026-04-23 00:00:00+09:00,3135.0,3150.0,3065.0,3080.0,161500
2026-04-24 00:00:00+09:00,3040.0,3055.0,3000.0,3015.0,104700
2026-04-27 00:00:00+09:00,2999.0,3005.0,2973.0,2997.0,136400
2026-04-28 00:00:00+09:00,3030.0,3075.0,3005.0,3040.0,203400
2026-04-30 00:00:00+09:00,3100.0,3105.0,2994.0,2998.0,200300
2026-05-01 00:00:00+09:00,,,,,107300
