Date,Open,High,Low,Close,Volume
2010-02-22 00:00:00+09:00,102.06928856910423,103.70927429199219,102.06928856910423,103.70927429199219,137000
2010-02-23 00:00:00+09:00,103.55308876458628,104.09974670410156,102.30357468890901,104.09974670410156,82000
2010-02-24 00:00:00+09:00,103.78737428088208,103.78737428088208,101.99121397333354,102.61595916748047,52000
2010-02-25 00:00:00+09:00,103.31881230992144,103.78737119158468,101.60073924465544,101.9912109375,176000
2010-02-26 00:00:00+09:00,101.9912100975511,103.08452606201172,101.60073840792228,103.08452606201172,215000
2010-03-01 00:00:00+09:00,104.88069673619351,104.88069673619351,101.52263786956554,102.30358123779297,87000
2010-03-02 00:00:00+09:00,101.91310955367926,102.69405292190669,101.7569232632838,102.30358123779297,68000
2010-03-03 00:00:00+09:00,102.30358196302059,103.08452533678411,102.30358196302059,102.69405364990234,33000
2010-03-04 00:00:00+09:00,103.08452157224518,103.24070785804408,101.99120565540309,102.22547912597656,82000
2010-03-05 00:00:00+09:00,102.69404795563041,102.69404795563041,102.38167538994581,102.45976257324219,23000
2010-03-08 00:00:00+09:00,103.08452036944112,103.47499203750719,101.99120446535599,102.85023498535156,78000
2010-03-09 00:00:00+09:00,101.91309850490805,102.3035701466893,101.67881313658953,101.75691223144531,50000
2010-03-10 00:00:00+09:00,101.75692180393246,102.06929438024346,101.28835102321598,101.52263641357422,55000
2010-03-11 00:00:00+09:00,101.52264564933058,101.52264564933058,99.96075879318704,100.8198013305664,145000
2010-03-12 00:00:00+09:00,101.13217163085938,101.91311504113628,101.13217163085938,101.13217163085938,68000
2010-03-15 00:00:00+09:00,100.74170746929093,100.74170746929093,98.00840532865126,99.72647857666016,166000
2010-03-16 00:00:00+09:00,98.39886474609375,98.94552272254424,98.00839306059338,98.39886474609375,93000
2010-03-17 00:00:00+09:00,98.00839639679202,98.00839639679202,95.04080910272272,96.05603790283203,224000
2010-03-18 00:00:00+09:00,96.2122180363569,96.99316138391865,96.2122180363569,96.83697509765625,84000
2010-03-19 00:00:00+09:00,98.711237863473,101.05406188964844,98.711237863473,101.05406188964844,53000
2010-03-23 00:00:00+09:00,103.08450778198278,103.16260687255931,101.52262130043758,103.00640869140625,94000
2010-03-24 00:00:00+09:00,101.75692398463617,103.08452533678411,101.44453948538064,102.69405364990234,86000
2010-03-25 00:00:00+09:00,102.69405580104743,103.86547088623047,101.52264071586437,103.86547088623047,354000
2010-03-26 00:00:00+09:00,104.1778447229709,104.1778447229709,102.9283424335672,103.24071502685547,56000
2010-03-29 00:00:00+09:00,105.46095453272319,105.46095453272319,104.3508440615711,105.14378356933594,91000
2010-03-30 00:00:00+09:00,105.61953823781516,105.61953823781516,105.22306849060166,105.46095275878906,289000
2010-03-31 00:00:00+09:00,105.46093864820662,105.54023742675781,104.19223078715687,105.54023742675781,138000
2010-04-01 00:00:00+09:00,101.49626012731481,107.04683685302734,101.49626012731481,107.04683685302734,184000
2010-04-02 00:00:00+09:00,107.04682763870802,108.63270656668888,107.04682763870802,108.47412109375,299000
2010-04-05 00:00:00+09:00,108.47411015193018,108.47411015193018,105.93670654296876,105.93670654296875,50000
2010-04-06 00:00:00+09:00,103.71646907118848,104.66799386831431,102.76494427406266,103.08211517333984,90000
2010-04-07 00:00:00+09:00,104.43011138173871,104.43011138173871,102.28917752776076,102.76494598388672,41000
2010-04-08 00:00:00+09:00,101.97200004307224,102.28917092715993,101.09976196289062,101.09976196289062,46000
2010-04-09 00:00:00+09:00,101.17907975189836,101.41696402354881,99.11743824630489,100.14826202392578,55000
2010-04-12 00:00:00+09:00,102.52706004995764,103.87505452082708,101.81340737764259,103.08211517333984,107000
2010-04-13 00:00:00+09:00,104.27152419457069,104.27152419457069,101.49623647836539,103.08211517333984,94000
2010-04-14 00:00:00+09:00,101.97202249747534,103.08213293552399,100.94119874826083,101.49625396728516,57000
2010-04-15 00:00:00+09:00,101.57553834511651,101.57553834511651,101.09976988242255,101.33765411376953,47000
2010-04-16 00:00:00+09:00,101.4169437535461,103.08211517333984,100.22753473231525,103.08211517333984,106000
2010-04-19 00:00:00+09:00,101.41695497224258,101.41695497224258,100.3861312866211,100.3861312866211,81000
2010-04-20 00:00:00+09:00,100.54471488121716,102.28917908135026,100.54471488121716,101.02047729492188,64000
2010-04-21 00:00:00+09:00,101.65482192800398,103.87505452082708,101.49623647836539,103.08211517333984,173000
2010-04-22 00:00:00+09:00,107.04681811125381,111.40798477504563,107.04681811125381,109.4256362915039,556000
2010-04-23 00:00:00+09:00,110.61504538162895,111.40798477504563,109.4256362915039,109.4256362915039,177000
2010-04-26 00:00:00+09:00,110.61503310184783,113.23173522949219,109.42562414376344,113.23173522949219,152000
2010-04-27 00:00:00+09:00,113.23174850793131,119.3373794555664,113.23174850793131,119.3373794555664,250000
2010-04-28 00:00:00+09:00,119.3373794555664,122.1126673498819,119.3373794555664,119.3373794555664,305000
2010-04-30 00:00:00+09:00,122.42981940289013,122.42981940289013,119.33736106549489,121.71617889404297,121000
2010-05-06 00:00:00+09:00,121.63690156596857,121.63690156596857,117.75150326756501,117.98938751220703,92000
2010-05-07 00:00:00+09:00,113.78683341979979,119.73388046264648,109.82213539123535,118.9409408569336,166000
2010-05-10 00:00:00+09:00,111.8044377436263,117.19642723197187,111.8044377436263,117.037841796875,153000
2010-05-11 00:00:00+09:00,114.89692409795177,116.87927276837397,110.21858607547384,112.59740447998047,137000
2010-05-12 00:00:00+09:00,111.17009136503937,111.17009136503937,109.50492603582624,109.98068237304688,73000
2010-05-13 00:00:00+09:00,110.61505248142063,113.78681025866568,109.82211303710938,109.82211303710938,146000
2010-05-14 00:00:00+09:00,109.90139545684207,110.61503601074219,109.42562702137937,110.61503601074219,16000
2010-05-17 00:00:00+09:00,111.80446839111355,111.80446839111355,110.77364463147802,110.85294342041016,53000
2010-05-18 00:00:00+09:00,110.61505241218929,111.40799185600426,110.61505241218929,110.69435119628906,17000
2010-05-19 00:00:00+09:00,110.21859741210938,110.21859741210938,106.33319845816402,110.21859741210938,110000
2010-05-20 00:00:00+09:00,110.61504306793212,111.01151275634766,107.9983407045307,111.01151275634766,47000
2010-05-21 00:00:00+09:00,104.98516565265592,106.96751403808594,104.66799475070485,106.96751403808594,26000
2010-05-24 00:00:00+09:00,104.66799840579124,106.65034686044638,104.43011417137366,104.82658386230469,29000
2010-05-25 00:00:00+09:00,105.2230524169101,106.80893116350796,105.2230524169101,106.49176025390625,53000
2010-05-26 00:00:00+09:00,107.04681986085878,107.44328956404713,106.4917646962541,107.3639907836914,86000
2010-05-27 00:00:00+09:00,107.83974350977988,108.63268280029297,107.36397509575467,108.63268280029297,182000
2010-05-28 00:00:00+09:00,108.63269211885233,108.94986302254728,105.46093468472526,107.44328308105469,80000
2010-05-31 00:00:00+09:00,107.83975219726562,108.23622187446145,107.04681284287396,107.83975219726562,48000
2010-06-01 00:00:00+09:00,107.04680421926679,109.42562209080604,107.04680421926679,108.63268280029297,75000
2010-06-02 00:00:00+09:00,107.68116214938362,107.83974759363313,105.06445997173817,106.09528350830078,65000
2010-06-03 00:00:00+09:00,106.25389225321605,106.25389225321605,104.74731205352337,105.46095275878906,34000
2010-06-04 00:00:00+09:00,105.46092932768975,106.25386864594306,104.66799000943645,105.8573989868164,15000
2010-06-07 00:00:00+09:00,104.66801062295603,104.66801062295603,101.97202124965898,102.28919219970703,68000
2010-06-08 00:00:00+09:00,102.36848447518179,105.85741310096354,102.36848447518179,105.77811431884766,20000
2010-06-09 00:00:00+09:00,105.46092710998748,106.65033606235576,104.66798780840864,106.57103729248047,79000
2010-06-10 00:00:00+09:00,106.57104740637587,111.01151275634766,105.46093711853027,111.01151275634766,78000
2010-06-11 00:00:00+09:00,110.29789377494922,111.01153451425057,105.85742755466038,107.04683685302734,169000
2010-06-14 00:00:00+09:00,108.63270380265185,111.17010760300063,108.63270380265185,110.69435119628906,88000
2010-06-15 00:00:00+09:00,110.69434885731717,111.40798950195312,110.21858036136288,111.40798950195312,37000
2010-06-16 00:00:00+09:00,112.59739456937162,119.3373794555664,112.43880910955545,119.3373794555664,174000
2010-06-17 00:00:00+09:00,117.35501756090662,122.8262939453125,117.35501756090662,122.8262939453125,210000
2010-06-18 00:00:00+09:00,122.66770519905549,122.66770519905549,120.13030190216867,120.52677154541016,57000
2010-06-21 00:00:00+09:00,118.94094085693358,119.73388046264648,117.51364714679075,118.9409408569336,80000
2010-06-22 00:00:00+09:00,121.31973875234894,121.71620848683374,117.35504140750093,118.22727966308594,127000
2010-06-23 00:00:00+09:00,117.75148404271978,120.92324118865163,117.03784352460245,120.52677154541016,136000
2010-06-24 00:00:00+09:00,118.94090527317194,119.17878950357719,117.59291076660156,117.59291076660156,66000
2010-06-25 00:00:00+09:00,117.59293173856257,118.94092648553935,117.59293173856257,118.78234100341797,140000
2010-06-28 00:00:00+09:00,118.86162769483029,119.33739624049115,118.78234100341797,118.78234100341797,91000
2010-06-29 00:00:00+09:00,118.78229854283995,118.78229854283995,116.56206628890705,116.64136505126953,63000
2010-06-30 00:00:00+09:00,116.64138678983677,116.7206734676836,112.5973911415152,116.56208801269531,79000
2010-07-01 00:00:00+09:00,117.35502738693134,117.35502738693134,115.7691486384593,116.56208801269531,17000
2010-07-02 00:00:00+09:00,116.56209386960424,120.44749215887295,116.56209386960424,117.75150299072266,80000
2010-07-05 00:00:00+09:00,117.75150065881469,119.73384915475432,117.75150065881469,119.3373794555664,68000
2010-07-06 00:00:00+09:00,125.28443908691406,125.91879309708683,121.79551017990843,125.28443908691406,219000
2010-07-07 00:00:00+09:00,130.83498263586088,130.83498263586088,126.79098742376237,126.9495849609375,133000
2010-07-08 00:00:00+09:00,127.02889279247482,127.66324674897476,127.02889279247482,127.26677703857422,78000
2010-07-09 00:00:00+09:00,126.87028619234994,127.66322548105212,126.87028619234994,126.9495849609375,63000
2010-07-12 00:00:00+09:00,126.87030348647852,126.87030348647852,123.7778446787136,125.12583923339844,34000
2010-07-13 00:00:00+09:00,122.50915607216997,122.50915607216997,119.49598347060027,121.24044799804688,125000
2010-07-14 00:00:00+09:00,121.08185348771613,123.7778549194336,119.73385882150541,123.7778549194336,48000
2010-07-15 00:00:00+09:00,122.35056993940684,122.35056993940684,120.92327638840563,121.63691711425781,50000
2010-07-16 00:00:00+09:00,122.11267209520528,122.5091418098001,120.526793236826,121.31973266601562,32000
2010-07-21 00:00:00+09:00,118.22727030039263,118.94091092623196,118.22727030039263,118.54444122314453,22000
2010-07-22 00:00:00+09:00,118.14796447753906,118.94090383644873,118.14796447753906,118.14796447753906,8000
2010-07-23 00:00:00+09:00,120.52677479228247,122.8262939453125,118.94089617659453,122.8262939453125,45000
2010-07-26 00:00:00+09:00,122.8262939453125,122.8262939453125,122.8262939453125,122.8262939453125,0
2010-07-27 00:00:00+09:00,125.6015838844805,125.68088265647343,122.98489379882814,122.98489379882812,91000
2010-07-28 00:00:00+09:00,125.28440636202222,126.07734564279453,124.49146708124994,125.998046875,33000
2010-07-29 00:00:00+09:00,126.79100208920734,126.79100208920734,125.9980627087888,126.47383117675781,55000
2010-07-30 00:00:00+09:00,126.55314647516806,126.79101864091041,124.49149897722792,125.680908203125,119000
2010-08-02 00:00:00+09:00,123.85710990713022,125.20510422834643,123.69852447509766,123.69852447509766,20000
2010-08-03 00:00:00+09:00,125.28440563686507,125.28440563686507,121.31970925595162,121.71617889404297,18000
2010-08-04 00:00:00+09:00,123.69854914100425,123.69854914100425,122.27125576951822,122.50914001464844,15000
2010-08-05 00:00:00+09:00,122.98490791195223,122.98490791195223,122.58843820507849,122.90560913085938,25000
2010-08-06 00:00:00+09:00,123.30207883773312,123.46066430062356,122.27125518000234,122.90560913085938,98000
2010-08-09 00:00:00+09:00,122.19199371337892,122.98493329075504,122.1126949159222,122.1919937133789,47000
2010-08-10 00:00:00+09:00,122.19198510328765,122.19198510328765,118.78234274096658,121.24044799804688,77000
2010-08-11 00:00:00+09:00,119.81313102729281,120.52677154541016,119.7338322589272,120.52677154541016,27000
2010-08-12 00:00:00+09:00,118.9409073085001,118.9409073085001,113.39033163410343,115.76914978027344,215000
2010-08-13 00:00:00+09:00,115.7691486384593,116.95855769981333,115.7691486384593,116.56208801269531,36000
2010-08-16 00:00:00+09:00,116.56208801269531,117.35502738693134,116.56208801269531,116.56208801269531,31000
2010-08-17 00:00:00+09:00,117.35502511862941,118.2272632531478,116.7206712116428,118.14796447753906,81000
2010-08-18 00:00:00+09:00,118.94091206212198,122.90560913085939,118.94091206212198,122.90560913085938,31000
2010-08-19 00:00:00+09:00,122.3505715870865,126.07738494873047,122.3505715870865,126.07738494873047,63000
2010-08-20 00:00:00+09:00,125.91878193006083,125.91878193006083,118.94091263558101,122.50914001464844,109000
2010-08-23 00:00:00+09:00,124.49149897722792,125.99807915697903,120.52680155757098,125.680908203125,72000
2010-08-24 00:00:00+09:00,125.28442737210182,125.28442737210182,122.19196849820476,122.90560913085938,29000
2010-08-25 00:00:00+09:00,123.06417664760161,124.887939453125,122.9055912078373,124.887939453125,101000
2010-08-26 00:00:00+09:00,125.68087405922971,129.88345460220452,125.68087405922971,128.45616149902344,184000
2010-08-27 00:00:00+09:00,128.5355000521588,133.21383834478678,128.45620126104438,131.7865447998047,445000
2010-08-30 00:00:00+09:00,132.81737899572664,135.98913730010221,132.81737899572664,134.32395935058594,471000
2010-08-31 00:00:00+09:00,135.2754785609877,138.367937657453,134.95829551308347,136.7820587158203,349000
2010-09-01 00:00:00+09:00,136.7820766594403,137.25784524406177,132.81737878525362,135.19619750976562,222000
2010-09-02 00:00:00+09:00,136.147704719308,137.57499818663666,135.5926495095958,136.7820587158203,128000
2010-09-03 00:00:00+09:00,136.70276054965746,137.1785290740257,134.79971065077672,136.38558959960938,98000
2010-09-06 00:00:00+09:00,134.79971065077672,136.38558959960938,134.48253970072867,136.38558959960938,115000
2010-09-07 00:00:00+09:00,136.38559084886697,136.38559084886697,135.19618162634777,135.5926513671875,75000
2010-09-08 00:00:00+09:00,135.5926513671875,135.5926513671875,134.79971188550803,135.5926513671875,66000
2010-09-09 00:00:00+09:00,135.592637275247,136.38557667451747,134.40322817634132,134.79969787597656,80000
2010-09-10 00:00:00+09:00,134.79972772234694,136.3856068720216,134.79972772234694,135.19619750976562,108000
2010-09-13 00:00:00+09:00,134.87897759038677,136.70272827148438,134.79967882195064,136.70272827148438,167000
2010-09-14 00:00:00+09:00,136.78205328472592,140.35028076171875,136.38558356506005,140.35028076171875,398000
2010-09-16 00:00:00+09:00,140.74675169858065,140.74675169858065,138.76440308310768,139.55734252929688,151000
2010-09-17 00:00:00+09:00,139.5573130580357,140.0330814649963,138.68507501170572,138.76437377929688,225000
2010-09-21 00:00:00+09:00,138.36795580911496,138.36795580911496,134.79972772234694,135.19619750976562,97000
2010-09-22 00:00:00+09:00,134.79969467115254,134.79969467115254,126.47383117675781,126.47383117675781,105000
2010-09-24 00:00:00+09:00,126.47382947080624,129.24911726483646,126.47382947080624,127.66323852539062,302000
2010-09-27 00:00:00+09:00,127.66324897534919,130.8350067138672,127.66324897534919,130.8350067138672,122000
2010-09-28 00:00:00+09:00,127.66323514066468,129.16981506347656,127.2667654663148,129.16981506347656,91000
2010-09-29 00:00:00+09:00,127.66324665732012,132.42088317871094,127.66324665732012,132.42088317871094,78000
2010-09-30 00:00:00+09:00,132.4209092076797,134.32395935058594,131.7072684289143,134.32395935058594,36000
2010-10-01 00:00:00+09:00,132.42086706975303,135.59262436483692,132.42086706975303,132.57945251464844,37000
2010-10-04 00:00:00+09:00,134.00678124220772,134.00678124220772,130.83502310629748,130.91432189941406,18000
2010-10-05 00:00:00+09:00,129.64560968758104,130.4385491963736,127.10820567930423,127.18749237060547,77000
2010-10-06 00:00:00+09:00,126.47382634156828,127.6632353667241,123.30206894115278,124.4914779663086,108000
2010-10-07 00:00:00+09:00,135.98913708460296,135.98913708460296,134.79972772234694,135.19619750976562,26000
2010-10-08 00:00:00+09:00,125.3637378754218,127.66325755058965,124.57079838752995,125.28443908691406,157000
2010-10-12 00:00:00+09:00,125.2843957637284,125.2843957637284,121.71616930210321,123.30204772949219,63000
2010-10-13 00:00:00+09:00,122.90559271581436,123.30206236973633,122.58842183239423,122.8262939453125,88000
2010-10-14 00:00:00+09:00,122.50916908264159,122.50916908264159,117.43436044579836,118.9409408569336,168000
2010-10-15 00:00:00+09:00,119.09952635821652,121.16117417278932,118.94094085693358,118.9409408569336,102000
2010-10-18 00:00:00+09:00,118.14797152005708,118.54444122314453,115.76915330153246,118.54444122314453,64000
2010-10-19 00:00:00+09:00,118.54444268350821,118.54444268350821,116.16562443567861,117.98938751220703,10000
2010-10-20 00:00:00+09:00,117.98938948327822,121.31973266601564,117.3550355200674,121.31973266601562,258000
2010-10-21 00:00:00+09:00,120.6060836610169,121.31972425811145,116.56208801269531,116.56208801269531,92000
2010-10-22 00:00:00+09:00,117.27571563111269,121.31971083189312,117.27571563111269,120.52677154541016,69000
2010-10-25 00:00:00+09:00,120.5267751716565,124.49147172335572,120.5267751716565,123.93641662597656,244000
2010-10-26 00:00:00+09:00,126.87033517020089,133.21385192871094,126.7910363710003,133.21385192871094,135000
2010-10-27 00:00:00+09:00,133.21382228021412,134.00676169854873,131.3107725159292,133.05523681640625,154000
2010-10-28 00:00:00+09:00,133.21384254945528,133.21384254945528,129.249144854531,129.64561462402344,11000
2010-10-29 00:00:00+09:00,126.87030901276559,130.83500616941453,126.87030901276559,130.35923767089844,28000
2010-11-01 00:00:00+09:00,130.3592359399803,130.67641896787796,127.26677703857422,127.26677703857422,28000
2010-11-02 00:00:00+09:00,126.87031218799919,126.87031218799919,123.69855438329921,124.09502410888672,14000
2010-11-04 00:00:00+09:00,124.09502559697296,128.05972290039062,123.77785465241793,128.05972290039062,17000
2010-11-05 00:00:00+09:00,129.2491130247892,130.43852204035474,126.87029499365812,130.2006378173828,45000
2010-11-08 00:00:00+09:00,130.20062475093303,130.83497858209878,129.24910005383092,129.4869842529297,57000
2010-11-09 00:00:00+09:00,131.2314910888672,131.62796085046497,129.4870265576963,131.2314910888672,29000
2010-11-10 00:00:00+09:00,132.1037119342638,133.84817623474086,131.70724222509648,133.05523681640625,30000
2010-11-11 00:00:00+09:00,132.42085451241866,132.42085451241866,130.83497601526395,131.46932983398438,16000
2010-11-12 00:00:00+09:00,130.43853820242532,131.23147764438536,129.80418422899817,130.0420684814453,7000
2010-11-15 00:00:00+09:00,130.12136882873088,130.12136882873088,128.61477661132812,128.61477661132812,15000
2010-11-16 00:00:00+09:00,126.87027419111736,126.87027419111736,123.14346230661172,123.30204772949219,59000
2010-11-17 00:00:00+09:00,123.30206129707348,124.09500059801928,122.19195111546675,123.61923217773438,38000
2010-11-18 00:00:00+09:00,123.61923984147661,124.4914779663086,122.90559926610084,124.4914779663086,35000
2010-11-19 00:00:00+09:00,125.28442648827516,125.28442648827516,122.90560826381424,123.06419372558594,48000
2010-11-22 00:00:00+09:00,120.05100157434205,123.69852708449969,120.05100157434205,121.71617889404297,88000
2010-11-24 00:00:00+09:00,124.4914779663086,124.4914779663086,122.11265991599697,124.4914779663086,21000
2010-11-25 00:00:00+09:00,124.5707829325086,126.07736293286897,124.5707829325086,125.04653930664062,179000
2010-11-26 00:00:00+09:00,125.04655945851157,125.04655945851157,120.52680662975511,121.63691711425781,243000
2010-11-29 00:00:00+09:00,119.9717370284409,119.9717370284409,116.0863265991211,116.0863265991211,233000
2010-11-30 00:00:00+09:00,118.94094085693358,119.33741065979004,118.78235535565065,118.9409408569336,84000
2010-12-01 00:00:00+09:00,118.94094085693358,120.13035026550293,118.94094085693358,118.9409408569336,56000
2010-12-02 00:00:00+09:00,120.44752126806881,120.52682006835937,117.03789064294192,118.9409408569336,62000
2010-12-03 00:00:00+09:00,118.94093479244009,118.94093479244009,117.83082424076301,118.38587951660156,40000
2010-12-06 00:00:00+09:00,118.9409030055753,120.44748293726151,118.9409030055753,119.17878723144531,90000
2010-12-07 00:00:00+09:00,119.65454212691841,119.73384090100761,118.78231610840811,118.86160278320312,39000
2010-12-08 00:00:00+09:00,118.94094085693358,119.89246596392942,117.3550616455078,118.9409408569336,61000
2010-12-09 00:00:00+09:00,118.94091622133118,119.33738594206895,118.94091622133118,119.25808715820312,21000
2010-12-10 00:00:00+09:00,118.94090527317194,118.94090527317194,117.51361199003496,117.59291076660156,54000
2010-12-13 00:00:00+09:00,118.14795368596127,121.16112539445518,118.14795368596127,120.52677154541016,73000
2010-12-14 00:00:00+09:00,119.73385532790604,120.5267947671637,118.70303163701196,119.89244079589844,254000
2010-12-15 00:00:00+09:00,120.52677154541016,120.68535698284808,119.89241769636511,120.52677154541016,124000
2010-12-16 00:00:00+09:00,120.84397276154546,121.24044250433175,120.2889175415039,120.2889175415039,115000
2010-12-17 00:00:00+09:00,121.55759503769666,121.71618047513459,120.52677154541016,120.52677154541016,122000
2010-12-20 00:00:00+09:00,122.11266912501573,122.11266912501573,118.94091148540492,119.02021026611328,110000
2010-12-21 00:00:00+09:00,118.9409143784467,121.95408662922645,118.9409143784467,121.31973266601562,135000
2010-12-22 00:00:00+09:00,121.31973266601564,121.79550116324762,120.526793236826,121.31973266601562,44000
2010-12-24 00:00:00+09:00,121.39904097273251,121.39904097273251,120.13033294677734,120.13033294677734,221000
2010-12-27 00:00:00+09:00,122.11265624713157,123.38136400889726,121.31971692085149,122.58842468261719,222000
2010-12-28 00:00:00+09:00,123.53996134091922,123.69854680157505,122.5884364776892,123.2227783203125,100000
2010-12-29 00:00:00+09:00,123.2227707513328,124.96724700927734,122.50913017256954,124.96724700927734,178000
2010-12-30 00:00:00+09:00,125.76018304070455,127.50464715326801,124.65006071504123,127.34606170654297,124000
2011-01-04 00:00:00+09:00,127.34609303321636,127.66326400468934,124.88797565676131,126.07738494873047,63000
2011-01-05 00:00:00+09:00,126.07736621431208,126.07736621431208,122.11266916354755,122.42984008789062,44000
2011-01-06 00:00:00+09:00,122.9056247835988,122.9056247835988,120.52680623940012,122.27127075195312,25000
2011-01-07 00:00:00+09:00,122.90562062323849,125.28443908691406,122.82632183473075,125.28443908691406,117000
2011-01-11 00:00:00+09:00,125.28443504523175,128.297607421875,125.28443504523175,128.297607421875,104000
2011-01-12 00:00:00+09:00,128.45617904663087,131.5486377765541,126.87030029296875,126.87030029296875,265000
2011-01-13 00:00:00+09:00,126.87031335471383,127.66325281318079,123.77785430641106,124.17432403564453,49000
2011-01-14 00:00:00+09:00,124.4914995990222,126.07737857480593,124.4914995990222,125.28443908691406,14000
2011-01-17 00:00:00+09:00,123.77783118376733,125.76017945961694,123.77783118376733,123.93641662597656,83000
2011-01-18 00:00:00+09:00,124.09501884978953,124.4914885585748,122.19196908733835,122.50914001464844,80000
2011-01-19 00:00:00+09:00,122.90563312410161,122.90563312410161,120.92328420274514,121.87480926513672,52000
2011-01-20 00:00:00+09:00,121.71621192957308,121.71621192957308,119.7338632010784,120.13033294677734,46000
2011-01-21 00:00:00+09:00,120.20964906579349,121.31975967407226,118.70305655536008,118.9409408569336,134000
2011-01-24 00:00:00+09:00,121.2404291530379,121.2404291530379,119.7338491360768,120.2096176147461,15000
2011-01-25 00:00:00+09:00,121.31974778085385,126.07738494873047,120.92327801686413,126.07738494873047,123000
2011-01-26 00:00:00+09:00,126.07738494873047,126.07738494873047,126.07738494873047,126.07738494873047,0
2011-01-27 00:00:00+09:00,123.85714196021492,123.93644074639944,123.14350128173828,123.14350128173828,35000
2011-01-28 00:00:00+09:00,123.38135361103251,123.69852447509766,123.38135361103251,123.69852447509766,53000
2011-01-31 00:00:00+09:00,123.69853179477957,125.28441040753316,122.9848912587579,123.46064758300781,72000
2011-02-01 00:00:00+09:00,124.25359021830704,127.50464630126953,124.25359021830704,127.50464630126953,111000
2011-02-02 00:00:00+09:00,125.680908203125,125.83949368005202,125.680908203125,125.680908203125,10000
2011-02-03 00:00:00+09:00,124.17432802337389,125.680908203125,124.17432802337389,125.680908203125,10000
2011-02-04 00:00:00+09:00,126.07735726497448,126.07735726497448,123.7778379784757,124.96724700927734,40000
2011-02-07 00:00:00+09:00,125.28442411181656,126.23594896369289,125.28442411181656,125.52230834960938,10000
2011-02-08 00:00:00+09:00,125.3637243866989,125.3637243866989,123.2227783203125,123.2227783203125,40000
2011-02-09 00:00:00+09:00,122.98491030703208,123.30208123898974,121.24043388337847,121.31973266601562,54000
2011-02-10 00:00:00+09:00,121.31974055281407,122.11268003355141,121.31974055281407,121.55762481689453,24000
2011-02-14 00:00:00+09:00,121.71621029318274,122.35056429763188,121.24044176502183,121.55762481689453,62000
2011-02-15 00:00:00+09:00,121.71618550489625,123.69853380302159,121.71618550489625,123.38136291503906,56000
2011-02-16 00:00:00+09:00,123.38135361103251,124.17429287048826,122.50911558591402,123.69852447509766,21000
2011-02-17 00:00:00+09:00,122.50912414150719,122.8262950277224,121.7954835978761,122.03335571289062,69000
2011-02-18 00:00:00+09:00,124.49147367234276,124.49147367234276,122.27124114877341,122.98489379882812,85000
2011-02-21 00:00:00+09:00,123.30206236973633,123.69853202365832,120.13030513836048,122.8262939453125,342000
2011-02-22 00:00:00+09:00,122.7470131747332,122.7470131747332,118.9409018942581,119.97172546386719,173000
2011-02-23 00:00:00+09:00,119.73385505787925,120.6853799629834,119.65455627441406,119.65455627441406,28000
2011-02-24 00:00:00+09:00,119.7338632010784,120.13033294677734,119.33739345537947,120.13033294677734,68000
2011-02-25 00:00:00+09:00,120.13030865763858,120.9232479887121,120.13030865763858,120.68536376953125,156000
2011-02-28 00:00:00+09:00,121.63689146621692,124.88794764136053,121.63689146621692,124.4914779663086,75000
2011-03-01 00:00:00+09:00,122.90560707619782,124.88795557742682,122.50913737595202,124.7293701171875,94000
2011-03-02 00:00:00+09:00,122.98492462479037,123.69856535442405,121.00257582103357,121.24044799804688,48000
2011-03-03 00:00:00+09:00,123.61924179528516,123.61924179528516,121.08183825470782,122.66771697998047,13000
2011-03-04 00:00:00+09:00,122.66770519905549,123.30205904810052,120.36818610797222,120.52677154541016,115000
2011-03-07 00:00:00+09:00,121.47832766229443,121.47832766229443,119.7338632010784,120.13033294677734,27000
2011-03-08 00:00:00+09:00,120.13033294677734,120.13033294677734,120.13033294677734,120.13033294677734,0
2011-03-09 00:00:00+09:00,120.92324118865163,121.31971083189312,119.57524682148926,120.52677154541016,95000
2011-03-10 00:00:00+09:00,112.5181194739293,119.57528886452596,111.01153913961076,118.38587951660156,56000
2011-03-11 00:00:00+09:00,114.97622406018807,116.4035175373462,111.17011215419846,116.32421875,18000
2011-03-14 00:00:00+09:00,102.05131051289372,107.04683174764303,101.97202382302892,105.46095275878906,23000
2011-03-15 00:00:00+09:00,103.0821339135031,103.0821339135031,81.67276763916016,81.67276763916016,56000
2011-03-16 00:00:00+09:00,79.37323804788292,99.117431640625,79.37323804788292,99.117431640625,67000
2011-03-17 00:00:00+09:00,91.18802642822266,91.18802642822266,91.18802642822266,91.18802642822266,6000
2011-03-18 00:00:00+09:00,99.11743269405264,99.11743269405264,98.64167022705078,98.64167022705078,2000
2011-03-22 00:00:00+09:00,105.77811249340967,112.99386596679688,105.77811249340967,112.99386596679688,19000
2011-03-23 00:00:00+09:00,111.56658086416363,118.22727966308592,111.56658086416363,118.22727966308594,25000
2011-03-24 00:00:00+09:00,118.22726728817268,118.22726728817268,115.76915035194094,116.24491882324219,10000
2011-03-25 00:00:00+09:00,116.95854187011719,116.95854187011719,116.95854187011719,116.95854187011719,1000
2011-03-28 00:00:00+09:00,110.85293823627802,110.85293823627802,106.88824096101268,109.26705932617188,6000
2011-03-29 00:00:00+09:00,111.85900018652968,114.85594400283445,111.3730039527948,112.58798217773438,62000
2011-03-30 00:00:00+09:00,109.42906411508339,109.75305342497649,109.34806060791016,109.34806060791016,4000
2011-03-31 00:00:00+09:00,114.20798127193518,115.74694912545631,111.77802422359615,114.85597229003906,13000
2011-04-01 00:00:00+09:00,112.42599952475366,113.39797973632812,109.42905538931622,113.39797973632812,91000
2011-04-04 00:00:00+09:00,113.31695839103146,113.39796187898955,111.13000016953035,112.34497833251953,77000
2011-04-05 00:00:00+09:00,114.20793848776508,115.42291655678385,112.26397852109345,113.88394927978516,130000
2011-04-06 00:00:00+09:00,112.99299246398145,113.80297807304225,110.15804283226866,112.50699615478516,108000
2011-04-07 00:00:00+09:00,112.50699963726758,112.58800314444082,109.34806060791016,109.34806060791016,83000
2011-04-08 00:00:00+09:00,106.99909491368669,107.24208068847656,101.24819262862157,107.24208068847656,121000
2011-04-11 00:00:00+09:00,108.37607277252113,111.69700622558594,105.29812510525689,111.69700622558594,61000
2011-04-12 00:00:00+09:00,110.80603007358972,110.80603007358972,106.67509866222247,107.32308959960938,13000
2011-04-13 00:00:00+09:00,104.89313342754657,105.70311901385966,103.03016410714659,105.29812622070312,73000
2011-04-14 00:00:00+09:00,103.75916290283203,105.29813063762201,103.6781593970432,103.75916290283203,41000
2011-04-15 00:00:00+09:00,103.75914222255415,103.84013335280088,102.54415785457923,103.67813873291016,27000
2011-04-18 00:00:00+09:00,103.43514189268306,103.75914349583776,103.11115264892578,103.11115264892578,15000
2011-04-19 00:00:00+09:00,103.27313892306283,106.02708435058594,101.97716351369344,106.02708435058594,56000
2011-04-20 00:00:00+09:00,103.59715392780738,103.67815124752964,102.05818013428699,102.46317291259766,64000
2011-04-21 00:00:00+09:00,103.35415578894124,104.40713330472933,102.46317291259766,102.46317291259766,26000
2011-04-22 00:00:00+09:00,102.46317158616677,103.67814990537032,101.65318604003106,103.03015899658203,63000
2011-04-25 00:00:00+09:00,103.35414962309922,104.24513244628906,103.11115767842873,104.24513244628906,103000
2011-04-26 00:00:00+09:00,104.24512956892428,105.21710968017578,104.24512956892428,105.21710968017578,144000
2011-04-27 00:00:00+09:00,105.37912837475739,106.51310323732672,105.2171213720483,105.8651123046875,132000
2011-04-28 00:00:00+09:00,105.86512316147355,108.53807830810547,105.2981356720426,108.53807830810547,171000
2011-05-02 00:00:00+09:00,108.53806915929451,109.18606010376718,105.46012144259885,105.62211608886719,113000
2011-05-06 00:00:00+09:00,104.89313535652097,106.91809935954261,104.407139052036,105.05513000488281,38000
2011-05-09 00:00:00+09:00,102.6251800764213,103.35416840228612,95.57830734569502,97.603271484375,197000
2011-05-10 00:00:00+09:00,97.60324653746589,102.05816650390625,95.82128102276917,102.05816650390625,268000
2011-05-11 00:00:00+09:00,103.43514251708984,103.43514251708984,101.65317694687276,103.43514251708984,98000
2011-05-12 00:00:00+09:00,103.43516123907644,105.29813063762201,101.248202536175,103.75916290283203,159000
2011-05-13 00:00:00+09:00,103.84014912229857,105.94611657888868,102.0581833140911,104.97413635253906,109000
2011-05-16 00:00:00+09:00,108.86204658392869,109.1860482005427,105.29811531695998,108.29505920410156,418000
2011-05-17 00:00:00+09:00,105.86507715449675,112.18296502106381,105.86507715449675,110.96798706054688,222000
2011-05-18 00:00:00+09:00,110.96802223675965,111.94000244140625,110.23904017312442,111.94000244140625,145000
2011-05-19 00:00:00+09:00,111.77802530924478,112.99300384521484,110.88703610577309,112.99300384521484,160000
2011-05-20 00:00:00+09:00,112.9929701055082,113.15496472338579,109.26703209733834,111.61599731445312,187000
2011-05-23 00:00:00+09:00,111.61599889467703,111.77799351484809,109.34803713409052,111.21100616455078,202000
2011-05-24 00:00:00+09:00,110.23902893066406,112.02099451735317,110.23902893066406,110.23902893066406,96000
2011-05-25 00:00:00+09:00,110.96803007922001,112.18300851074433,110.96803007922001,112.10200500488281,164000
2011-05-26 00:00:00+09:00,112.1019802280423,113.31695839103146,112.1019802280423,112.34497833251953,187000
2011-05-27 00:00:00+09:00,114.04595661470519,115.01793670654297,112.58798029724981,115.01793670654297,211500
2011-05-30 00:00:00+09:00,115.50392768962284,116.475907737344,111.93998436878275,112.9119644165039,308000
2011-05-31 00:00:00+09:00,114.20796800472726,119.55387783381462,113.88397871301257,116.9619140625,240000
2011-06-01 00:00:00+09:00,118.58189140549892,122.14583559666303,118.58189140549892,121.98384094238281,343500
2011-06-02 00:00:00+09:00,121.49783879110258,121.9838350900267,116.63792523945848,118.25789642333984,190500
2011-06-03 00:00:00+09:00,118.41990116052585,123.11782046597607,118.25790650021385,122.95582580566406,523000
2011-06-06 00:00:00+09:00,122.95582122746399,123.92780151254514,120.84985364362156,121.98384094238281,278000
2011-06-07 00:00:00+09:00,121.82184235269406,122.79383506438849,121.49785302172974,122.46983337402344,86000
2011-06-08 00:00:00+09:00,120.52584548945771,122.7938073729584,120.20184387215879,121.4978256225586,119500
2011-06-09 00:00:00+09:00,119.8778733585404,122.79382657318376,119.8778733585404,121.98384094238281,195500
2011-06-10 00:00:00+09:00,121.65982085631177,122.79380798339842,120.84983534813473,122.79380798339844,128500
2011-06-13 00:00:00+09:00,122.46983337402344,122.46983337402344,121.49785302172974,122.46983337402344,63500
2011-06-14 00:00:00+09:00,121.82183727751152,121.98384429564508,121.17385864257812,121.17385864257812,49500
2011-06-15 00:00:00+09:00,120.3638682906123,120.68785759543076,118.41989538350244,119.06788635253906,60500
2011-06-16 00:00:00+09:00,119.87787197398491,119.87787197398491,118.74389704772062,119.06788635253906,17000
2011-06-17 00:00:00+09:00,118.58188731478992,122.14583138300895,118.58188731478992,120.20185852050781,98500
2011-06-20 00:00:00+09:00,122.30779997306439,122.30779997306439,120.84982372667167,122.14580535888672,34000
2011-06-21 00:00:00+09:00,122.14583155124016,122.14583155124016,121.33584594726562,121.33584594726562,36500
2011-06-22 00:00:00+09:00,121.65982025150907,122.95580200190888,119.87785461425781,121.4978256225586,277500
2011-06-23 00:00:00+09:00,122.14580567836737,122.30780029296875,121.17382563136222,122.30780029296875,31000
2011-06-24 00:00:00+09:00,122.30780029296875,122.63178952217152,122.30780029296875,122.30780029296875,141000
2011-06-27 00:00:00+09:00,122.30780029296875,122.46979490757013,121.65980947516636,122.30780029296875,123000
2011-06-28 00:00:00+09:00,122.14580462244821,122.79379543464889,119.87784295944425,120.84982299804688,242500
2011-06-29 00:00:00+09:00,122.46983337402344,122.95582972987064,121.49785302172974,122.46983337402344,111500
2011-06-30 00:00:00+09:00,122.63182376322409,123.27981476195744,121.65984344482422,121.65984344482422,159000
2011-07-01 00:00:00+09:00,121.98382327966034,122.30781254130854,118.74388122558594,118.74388122558594,72000
2011-07-04 00:00:00+09:00,119.3918756573575,120.68785759543076,119.06788635253906,119.06788635253906,23000
2011-07-05 00:00:00+09:00,119.06787547549686,122.3078176653063,118.41988456565525,119.87786102294922,45500
2011-07-06 00:00:00+09:00,119.71587073179619,121.17384724202411,119.22987444192053,120.68785095214844,29500
2011-07-07 00:00:00+09:00,120.03985154753116,120.36385317104971,119.06787139577183,119.22986602783203,25500
2011-07-08 00:00:00+09:00,119.39183933913193,119.87783550792246,116.47589940457682,116.79988861083984,52500
2011-07-11 00:00:00+09:00,117.28592709135746,118.09591275861904,116.6379360856681,117.44792175292969,127000
2011-07-12 00:00:00+09:00,117.28588477963035,117.28588477963035,115.8279086326548,116.79988861083984,29500
2011-07-13 00:00:00+09:00,116.47591648416567,120.03984771324423,115.66593099033892,119.71585845947266,51000
2011-07-14 00:00:00+09:00,119.87785308635844,119.87785308635844,119.0678675925317,119.71585845947266,25000
2011-07-15 00:00:00+09:00,120.36384868916358,120.36384868916358,118.41987609863281,118.41987609863281,27500
2011-07-19 00:00:00+09:00,118.09589475149495,120.68784601963424,116.79991293772603,118.58187866210938,60000
2011-07-20 00:00:00+09:00,118.74388649354589,120.03985595703125,118.58187949613641,120.03985595703125,21000
2011-07-21 00:00:00+09:00,118.41988050813289,121.01183169929047,118.2578858760727,119.22986602783203,129500
2011-07-22 00:00:00+09:00,119.39188031831063,121.33585330131147,118.74390168337723,121.17385864257812,102500
2011-07-25 00:00:00+09:00,121.17385129835061,121.49784059618064,120.36386569437607,121.33584594726562,207000
2011-07-26 00:00:00+09:00,120.84983474735868,121.4978256225586,119.87785461425781,121.4978256225586,69000
2011-07-27 00:00:00+09:00,120.03986387181591,121.33584578015001,120.03986387181591,120.20185852050781,15000
2011-07-28 00:00:00+09:00,119.87785600075274,120.84983614509544,118.74388122558594,118.74388122558594,49500
2011-07-29 00:00:00+09:00,119.06789308745286,120.84985908354825,117.12393242978523,117.44792175292969,213500
2011-08-01 00:00:00+09:00,117.60991641450191,118.25790742019127,117.28592709135746,117.44792175292969,62500
2011-08-02 00:00:00+09:00,117.44789946019694,118.74388122558594,116.96190320832655,118.74388122558594,21000
2011-08-03 00:00:00+09:00,118.25789594815731,118.25789594815731,116.9619140625,116.9619140625,20000
2011-08-04 00:00:00+09:00,116.96192486454683,118.41990153071328,116.96192486454683,117.12393188476562,20500
2011-08-05 00:00:00+09:00,116.3139305414772,116.63791981943838,115.01794871083507,115.82793426513672,53500
2011-08-08 00:00:00+09:00,115.8279269410869,116.63791244417142,115.01794143800238,115.98992156982422,92000
2011-08-09 00:00:00+09:00,113.39798463113979,115.82794144466422,111.77801342212351,114.5319595336914,148500
2011-08-10 00:00:00+09:00,116.63790893554688,116.63790893554688,115.34192722583734,116.63790893554688,31500
2011-08-11 00:00:00+09:00,115.8279234568278,116.63790893554688,115.01793797810873,116.63790893554688,32500
2011-08-12 00:00:00+09:00,116.63791981943838,116.63791981943838,114.53195243449458,115.82793426513672,31500
2011-08-15 00:00:00+09:00,116.47591400146484,116.47591400146484,115.8279231483359,116.47591400146484,16500
2011-08-16 00:00:00+09:00,116.63791182835017,116.63791182835017,115.17993545861623,115.66593170166016,16500
2011-08-17 00:00:00+09:00,115.17993927001953,115.82793016238807,115.01794463677696,115.17993927001953,12500
2011-08-18 00:00:00+09:00,115.34193798879625,115.82793426513672,115.34193798879625,115.82793426513672,6000
2011-08-19 00:00:00+09:00,113.39798002796428,114.85595652877505,113.23598538551842,113.55997467041016,81000
2011-08-22 00:00:00+09:00,116.63791478857122,116.63791478857122,113.55996734310429,113.72196197509766,37000
2011-08-23 00:00:00+09:00,114.20798127193518,115.01796695471486,111.77802422359615,114.85597229003906,91500
2011-08-24 00:00:00+09:00,114.69395064584522,114.69395064584522,113.72195816763136,114.20795440673828,36000
2011-08-25 00:00:00+09:00,114.2079544067383,114.2079544067383,113.55996354106163,114.20795440673828,87000
2011-08-26 00:00:00+09:00,114.20796530587332,114.20796530587332,113.39797973632812,113.39797973632812,114500
2011-08-29 00:00:00+09:00,113.39799472447572,113.55998938791629,112.58800904787233,113.23600006103516,167500
2011-08-30 00:00:00+09:00,113.72195626839918,116.63790893554688,113.72195626839918,116.63790893554688,52500
2011-08-31 00:00:00+09:00,116.63790893554688,117.28589979040166,116.15191270455641,116.63790893554688,51500
2011-09-01 00:00:00+09:00,115.9899289041173,116.96190909739956,114.04596851755282,115.82793426513672,62500
2011-09-02 00:00:00+09:00,116.31392642151404,116.47592105475661,114.04596447792329,115.17993927001953,34500
2011-09-05 00:00:00+09:00,115.50394498717554,117.28591073475945,113.39797760223176,115.82793426513672,140500
2011-09-06 00:00:00+09:00,115.50394498717554,116.47592518045779,114.53195243449458,115.82793426513672,32500
2011-09-07 00:00:00+09:00,116.47592518045779,116.47592518045779,115.01794871083507,115.82793426513672,25500
2011-09-08 00:00:00+09:00,116.313919378032,116.63790862489769,115.17993229520697,116.47591400146484,30500
2011-09-09 00:00:00+09:00,116.63791981943838,116.63791981943838,114.85595407185448,115.82793426513672,53000
2011-09-12 00:00:00+09:00,115.82792280295395,116.15191204885356,115.01793732880742,115.34192657470703,35000
2011-09-13 00:00:00+09:00,115.50393293216058,116.15191142045414,115.01793670654297,115.01793670654297,15500
2011-09-14 00:00:00+09:00,115.8279179760102,115.98991259220914,113.88395786282896,114.36994171142578,50000
2011-09-15 00:00:00+09:00,114.36997593661098,115.01796695471486,113.5599902538313,114.85597229003906,20000
2011-09-16 00:00:00+09:00,114.85597229003908,115.01796695471486,114.36997593661098,114.85597229003906,23000
2011-09-20 00:00:00+09:00,115.01794871083507,115.82793426513672,114.6939594328739,115.82793426513672,35000
2011-09-21 00:00:00+09:00,115.82793426513672,115.9899289041173,115.01794871083507,115.82793426513672,51000
2011-09-22 00:00:00+09:00,115.82794246180673,116.15193176269531,115.66594781136244,116.15193176269531,117000
2011-09-26 00:00:00+09:00,116.47591365415067,116.47591365415067,114.6939480829078,115.34192657470703,195000
2011-09-27 00:00:00+09:00,115.8279269410869,116.15191619856154,115.01794143800238,115.98992156982422,596500
2011-09-28 00:00:00+09:00,115.17993838183445,115.17993838183445,112.58798719174582,113.72196197509766,165500
2011-09-29 00:00:00+09:00,113.3979657670142,115.82792217630735,112.58798029724981,115.01793670654297,60000
2011-09-30 00:00:00+09:00,115.17994334981566,117.44790537374004,115.01794871083507,115.82793426513672,117500
2011-10-03 00:00:00+09:00,115.82795175428592,115.82795175428592,112.91199837475345,113.23600006103516,52000
2011-10-04 00:00:00+09:00,113.23598040907834,113.39797504440494,112.42599487304688,112.42599487304688,30500
2011-10-05 00:00:00+09:00,113.88398210703131,114.20797140840169,111.13002360778471,111.45402526855469,45000
2011-10-06 00:00:00+09:00,111.45402121199311,111.77801050157133,110.32003397967101,110.8060302734375,50000
2011-10-07 00:00:00+09:00,110.15803586710534,110.96802142495171,107.72807919356626,110.48202514648438,72000
2011-10-11 00:00:00+09:00,110.15800175353557,111.12998165007014,109.99600716401231,110.96798706054688,12000
2011-10-12 00:00:00+09:00,109.34804736424762,112.42599487304688,108.70005646354277,112.42599487304688,25000
2011-10-13 00:00:00+09:00,112.42599842852181,112.42599842852181,110.64403266477757,111.77800750732422,33500
2011-10-14 00:00:00+09:00,108.53806182821616,112.42599487304688,108.21407255756294,112.42599487304688,55000
2011-10-17 00:00:00+09:00,112.1019994980446,112.1019994980446,110.48202833559078,110.64403533935547,13000
2011-10-18 00:00:00+09:00,110.6440145291975,110.6440145291975,107.72806204145942,108.37605285644531,48500
2011-10-19 00:00:00+09:00,108.700069350831,109.18606567382812,107.89008371876908,109.18606567382812,27000
2011-10-20 00:00:00+09:00,109.1860659529636,110.15804624204281,108.21408566388439,109.34806060791016,14500
2011-10-21 00:00:00+09:00,110.15804624204281,110.15804624204281,108.53807497377748,109.34806060791016,14500
2011-10-24 00:00:00+09:00,109.67204703281881,111.45402526855469,108.53807211862289,111.45402526855469,39000
2011-10-25 00:00:00+09:00,111.45401740600043,111.45401740600043,109.51004465671745,110.32003021240234,83000
2011-10-26 00:00:00+09:00,110.32004428605997,110.80604062522951,108.37608364818239,108.53807830810547,106500
2011-10-27 00:00:00+09:00,108.53806526073511,111.77800750732422,108.53806526073511,111.77800750732422,41000
2011-10-28 00:00:00+09:00,111.7779919323307,111.7779919323307,109.02404635022053,111.61599731445312,41000
2011-10-31 00:00:00+09:00,111.778003972342,112.42599487304688,110.15803290027908,112.42599487304688,64000
2011-11-01 00:00:00+09:00,112.42599487304688,112.42599487304688,111.13001307163715,112.42599487304688,37500
2011-11-02 00:00:00+09:00,112.42599842852181,112.5879930689715,109.83404710313029,111.77800750732422,58500
2011-11-04 00:00:00+09:00,109.02406182746648,112.91198264605283,109.02406182746648,111.94000244140625,90500
2011-11-07 00:00:00+09:00,111.94000162248759,112.58799254064444,109.34805030925898,110.48202514648438,48500
2011-11-08 00:00:00+09:00,110.1580270341619,110.96801252706015,109.18604691456356,109.83403778076172,25000
2011-11-09 00:00:00+09:00,109.02407129801706,109.5100552628567,109.02407129801706,109.34806060791016,20500
2011-11-10 00:00:00+09:00,109.34805963272439,109.34805963272439,107.72808837890625,107.72808837890625,36500
2011-11-11 00:00:00+09:00,107.40409962969768,108.21408526081335,106.91810330726832,108.05207824707031,13000
2011-11-14 00:00:00+09:00,109.67203400673537,109.67203400673537,108.86204849011429,109.02405548095703,12500
2011-11-15 00:00:00+09:00,109.67205019735165,110.15804652283,108.86206456115437,109.51005554199219,29000
2011-11-16 00:00:00+09:00,110.15802603004775,113.39796797210798,110.15802603004775,112.7499771118164,127500
2011-11-17 00:00:00+09:00,112.58798217773438,113.07397841146927,110.96801121114828,112.58798217773438,32500
2011-11-18 00:00:00+09:00,112.58798248659292,112.91197173703988,111.77799700107786,112.7499771118164,28000
2011-11-21 00:00:00+09:00,112.91197142729254,112.91197142729254,111.77799669444133,112.58798217773438,43000
2011-11-22 00:00:00+09:00,112.58798248659292,112.91197173703988,110.4820152804947,112.7499771118164,161500
2011-11-24 00:00:00+09:00,111.77798975406202,112.9119644165039,111.77798975406202,112.9119644165039,64000
2011-11-25 00:00:00+09:00,112.58799336430359,112.74998800517821,110.15803667298769,111.94000244140625,474000
2011-11-28 00:00:00+09:00,112.10197938152047,114.2079464585576,111.93998476622458,114.04595184326172,196500
2011-11-29 00:00:00+09:00,114.85594828881705,119.06787048723415,114.85594828881705,118.74388122558594,150500
2011-11-30 00:00:00+09:00,118.58187514019308,119.22986602783202,115.01794379727619,119.22986602783203,117500
2011-12-01 00:00:00+09:00,119.391845703125,119.71584728605438,117.44788564313521,119.391845703125,68500
2011-12-02 00:00:00+09:00,119.55386352539062,121.17383450888155,118.74387803364515,119.55386352539062,119500
2011-12-05 00:00:00+09:00,123.92781435736758,126.35777150162968,122.46983759893008,124.41381072998047,394500
2011-12-06 00:00:00+09:00,122.95578936763128,124.73775482177734,120.68782771717419,124.73775482177734,211500
2011-12-07 00:00:00+09:00,122.30780538154684,124.41377253717349,122.14581076020572,123.44178009033203,63500
2011-12-08 00:00:00+09:00,122.30780476018002,123.11779022216797,120.84982845672226,123.11779022216797,52500
2011-12-09 00:00:00+09:00,122.95579560164984,123.11779022216797,120.20183761525244,123.11779022216797,42500
2011-12-12 00:00:00+09:00,123.11779724291004,123.11779724291004,120.68784071837892,122.79380798339844,94500
2011-12-13 00:00:00+09:00,120.36383947760677,122.30779955996674,119.87784327731839,121.0118179321289,47500
2011-12-14 00:00:00+09:00,119.87786938823156,121.49784059618064,119.87786938823156,121.33584594726562,18500
2011-12-15 00:00:00+09:00,119.87785691547096,120.6878424351701,119.06787139577183,119.22986602783203,14500
2011-12-16 00:00:00+09:00,118.9058707478398,119.87785085042319,116.63790893554688,116.63790893554688,23000
2011-12-19 00:00:00+09:00,116.31392642151404,116.31392642151404,114.20795911116586,115.17993927001953,42000
2011-12-20 00:00:00+09:00,115.01793253561853,115.01793253561853,113.39796165483517,114.36994171142578,57000
2011-12-21 00:00:00+09:00,114.69396754929713,116.31393877253919,114.0459765881204,116.15193176269531,55500
2011-12-22 00:00:00+09:00,116.31392124147165,119.06786696214307,116.31392124147165,118.41987609863281,48500
2011-12-26 00:00:00+09:00,118.41986672184193,121.17382458384559,118.41986672184193,120.84982299804688,81000
2011-12-27 00:00:00+09:00,121.49782622655596,122.95580261315423,121.01182997789053,122.79380798339844,154500
2011-12-28 00:00:00+09:00,120.68784601963424,121.17384228964721,117.28590920773902,118.58187866210938,70000
2011-12-29 00:00:00+09:00,119.3918234518842,121.01179398642479,118.5818381846139,120.52581024169922,46000
2011-12-30 00:00:00+09:00,120.68782942816121,122.30780029296875,120.68782942816121,122.30780029296875,92500
2012-01-04 00:00:00+09:00,122.79382515494984,123.60381077639569,118.25790073109322,119.06788635253906,444500
2012-01-05 00:00:00+09:00,119.06787732018155,119.06787732018155,117.2859115600586,117.2859115600586,50500
2012-01-06 00:00:00+09:00,118.09585443988833,120.68780482327442,118.09585443988833,120.52581024169922,26000
2012-01-10 00:00:00+09:00,119.22988774902508,119.71588409314221,117.44792175292969,117.44792175292969,22500
2012-01-11 00:00:00+09:00,119.22986191305377,119.55386352539062,117.77188555603237,119.55386352539062,13000
2012-01-12 00:00:00+09:00,117.77188523512255,119.5538631996252,117.60989060909442,118.41987609863281,26000
2012-01-13 00:00:00+09:00,118.25790742019127,118.25790742019127,117.44792175292969,117.44792175292969,44000
2012-01-16 00:00:00+09:00,117.28589979040166,117.28589979040166,116.31391968781827,116.63790893554688,28500
2012-01-17 00:00:00+09:00,116.63793126532121,118.25790253289512,116.3139419555664,116.3139419555664,21000
2012-01-18 00:00:00+09:00,115.82792021621135,116.96189491093286,110.80601286053478,113.073974609375,131000
2012-01-19 00:00:00+09:00,114.04595723171107,115.98991742590376,114.04595723171107,115.34192657470703,49000
2012-01-20 00:00:00+09:00,115.34193069547702,117.12390868978132,115.1799360667397,115.98992156982422,15500
2012-01-23 00:00:00+09:00,116.15191457254143,119.71585815186016,116.15191457254143,119.55386352539062,53000
2012-01-24 00:00:00+09:00,118.74388649354589,120.20185059504209,118.25789022011473,120.03985595703125,27500
2012-01-25 00:00:00+09:00,120.0398492432083,121.4978256225586,119.06786911010742,121.4978256225586,106500
2012-01-26 00:00:00+09:00,121.49781486056497,122.30780029296875,121.49781486056497,122.30780029296875,97500
2012-01-27 00:00:00+09:00,122.307775357815,122.307775357815,120.36381566012403,120.52581024169922,92500
2012-01-30 00:00:00+09:00,120.20185029817073,120.52585193279083,119.87786102294922,119.87786102294922,44000
2012-01-31 00:00:00+09:00,120.03983829638648,122.14580535888672,120.03983829638648,122.14580535888672,24500
2012-02-01 00:00:00+09:00,122.14580462244821,122.3077992356492,119.71584834624326,120.84982299804688,67500
2012-02-02 00:00:00+09:00,120.84982192781565,120.84982192781565,119.06785647959224,119.391845703125,46500
2012-02-03 00:00:00+09:00,119.06787547549686,120.68784657040159,118.581879203266,119.87786102294922,38000
2012-02-06 00:00:00+09:00,120.20185466227278,121.4978365290085,119.39186908541274,120.68785095214844,66000
2012-02-07 00:00:00+09:00,120.68783827007518,120.68783827007518,119.55386352539062,119.55386352539062,39000
2012-02-08 00:00:00+09:00,119.87786131902041,121.49783241792609,119.87786131902041,120.03985595703125,53000
2012-02-09 00:00:00+09:00,120.68785095214845,120.68785095214845,120.20185466227278,120.68785095214844,44000
2012-02-10 00:00:00+09:00,120.84985048979638,122.79382336862662,120.52586118969111,121.82183074951172,78000
2012-02-13 00:00:00+09:00,121.49781381024755,122.14580462244821,120.84982299804688,120.84982299804688,35500
2012-02-14 00:00:00+09:00,121.4978145427792,122.30779997306439,120.687829112494,122.14580535888672,76500
2012-02-15 00:00:00+09:00,122.79380160496756,124.5757671585146,122.30780538154684,123.44178009033203,180500
2012-02-16 00:00:00+09:00,122.46983337402344,123.1178243953528,122.14584404305911,122.46983337402344,67000
2012-02-17 00:00:00+09:00,122.63181352093086,123.92779541015625,122.4698188746275,123.92779541015625,92500
2012-02-20 00:00:00+09:00,123.9277694008567,125.2237510180884,123.9277694008567,124.73775482177734,194500
2012-02-21 00:00:00+09:00,124.73776595188403,124.73776595188403,123.11779496549592,124.08977508544922,86500
2012-02-22 00:00:00+09:00,123.92779271922502,125.061767578125,123.11780714589676,125.061767578125,88500
2012-02-23 00:00:00+09:00,125.061767578125,125.061767578125,123.76579807643917,125.061767578125,65000
2012-02-24 00:00:00+09:00,125.0617433963436,128.6256866455078,125.0617433963436,128.6256866455078,229500
2012-02-27 00:00:00+09:00,128.62570923952765,128.62570923952765,127.32972740138378,128.46371459960938,302500
2012-02-28 00:00:00+09:00,128.46372920732645,128.6257238656653,126.1957669123822,127.00575256347656,186000
2012-02-29 00:00:00+09:00,127.005733505141,127.97771366871996,126.35774260962224,126.51973724365234,96500
2012-03-01 00:00:00+09:00,126.51972206958897,126.84372365818858,121.49781486056497,122.30780029296875,183000
2012-03-02 00:00:00+09:00,123.44177892725399,127.16771697998047,123.1177896876244,127.16771697998047,146500
2012-03-05 00:00:00+09:00,128.3017135349729,132.0276522224332,127.81572959273852,131.21766662597656,316000
2012-03-06 00:00:00+09:00,129.5977041750985,130.40768982619286,126.35776157072104,127.00575256347656,168000
2012-03-07 00:00:00+09:00,125.87173430358759,127.00572135208486,124.73775961448747,125.7097396850586,95000
2012-03-08 00:00:00+09:00,130.5696628056813,130.5696628056813,127.65372236152355,128.94969177246094,421500
2012-03-09 00:00:00+09:00,128.9496806793657,131.05564778514236,126.68171895608248,129.59767150878906,432500
2012-03-12 00:00:00+09:00,129.5977041750985,129.92169349177615,127.00575256347656,127.00575256347656,193500
2012-03-13 00:00:00+09:00,127.97772187830854,128.78770745981683,127.65373258946488,127.81572723388672,116000
2012-03-14 00:00:00+09:00,127.49172421431419,128.9497007172266,126.03376007080078,126.03376007080078,177000
2012-03-15 00:00:00+09:00,126.0337378226149,127.16771248059395,124.73775619115584,126.35772705078125,149500
2012-03-16 00:00:00+09:00,125.70973623505172,126.35772705078125,124.73775619115584,126.35772705078125,60000
2012-03-19 00:00:00+09:00,126.35775157110625,128.3017120361328,126.03376228006823,128.3017120361328,186000
2012-03-21 00:00:00+09:00,127.97772187830854,128.13971652273037,127.00574165237843,127.81572723388672,80500
2012-03-22 00:00:00+09:00,127.65373258946488,127.81572723388672,127.16773629680026,127.81572723388672,77000
2012-03-23 00:00:00+09:00,127.32973180361952,128.94970297760807,127.32973180361952,128.3017120361328,195000
2012-03-26 00:00:00+09:00,128.7876980230675,130.4076690673828,128.6257033905156,130.4076690673828,229500
2012-03-27 00:00:00+09:00,130.8936679765526,131.2176572482209,128.139709729778,129.27369689941406,316000
2012-03-28 00:00:00+09:00,132.08039266200154,135.5475004501455,131.9152946904076,134.55690002441406,136500
2012-03-29 00:00:00+09:00,134.7220091995162,136.20791625976562,133.73140869140624,136.20791625976562,225500
2012-03-30 00:00:00+09:00,137.03343864889706,140.33544921875,137.03343864889706,140.33544921875,351500
2012-04-02 00:00:00+09:00,141.82132498499516,147.26963365706175,141.82132498499516,145.94883728027344,532500
2012-04-03 00:00:00+09:00,146.11393652176835,151.06695131911644,145.94883854775702,150.73675537109375,630000
2012-04-04 00:00:00+09:00,152.22265256941378,153.5434615784484,142.48173336341455,144.29783630371094,805500
2012-04-05 00:00:00+09:00,141.3260253547328,149.58105034737102,140.3354248748499,148.26025390625,414500
2012-04-06 00:00:00+09:00,148.26025592849228,148.5904518942342,146.11394436266363,147.43475341796875,244000
2012-04-09 00:00:00+09:00,148.425358159837,148.425358159837,144.95825003563067,147.76495361328125,283000
2012-04-10 00:00:00+09:00,147.76495150086146,147.76495150086146,145.2884439338079,147.599853515625,175500
2012-04-11 00:00:00+09:00,145.28844813204165,157.01058176891573,145.28844813204165,148.920654296875,733500
2012-04-12 00:00:00+09:00,150.24145691528125,151.39715539154673,145.7837483969217,147.43475341796875,550500
2012-04-13 00:00:00+09:00,147.93005570632522,148.42536227903034,144.95825405860268,145.12335205078125,403500
2012-04-16 00:00:00+09:00,146.11393312295905,147.7649380170038,145.45352864610763,145.7837371826172,194000
2012-04-17 00:00:00+09:00,145.6186121984042,146.2790166098682,140.83070855666475,143.14210510253906,298000
2012-04-18 00:00:00+09:00,143.14214248416943,144.79314764590686,142.31663990330068,143.47235107421875,153000
2012-04-19 00:00:00+09:00,143.63744212714258,143.63744212714258,142.1515350341797,142.1515350341797,123000
2012-04-20 00:00:00+09:00,142.15153921498006,143.30725036401682,140.66563207831535,141.4911346435547,156000
2012-04-23 00:00:00+09:00,141.98645457070782,142.81195721356076,139.3448486328125,139.3448486328125,266000
2012-04-24 00:00:00+09:00,138.51932798837922,140.0052350716444,136.2079183695411,136.37301635742188,248000
2012-04-25 00:00:00+09:00,136.37300847873595,141.9864279155616,136.37300847873595,140.66561889648438,558000
2012-04-26 00:00:00+09:00,141.8213184502978,142.31661234520882,136.53809539807582,139.0146026611328,1640500
2012-04-27 00:00:00+09:00,139.01460745075173,140.3354164083563,138.35421556811718,139.17971801757812,739500
2012-05-01 00:00:00+09:00,139.17973021886564,139.17973021886564,134.22671508789062,134.22671508789062,251500
2012-05-02 00:00:00+09:00,134.22673248723464,134.72202650683406,132.57572722956223,133.40122985839844,247500
2012-05-07 00:00:00+09:00,132.08041592963835,132.41061193099443,130.75960673187396,131.25491333007812,184500
2012-05-08 00:00:00+09:00,128.77838545294665,129.93408387367253,127.1273805112422,128.11798095703125,318500
2012-05-09 00:00:00+09:00,127.7877952236023,127.7877952236023,123.990478515625,123.990478515625,228000
2012-05-10 00:00:00+09:00,123.82534819763976,128.613264180515,122.99984587632215,127.12735748291016,273000
2012-05-11 00:00:00+09:00,127.12738850911458,127.78779304657752,123.82537841796875,123.82537841796875,194000
2012-05-14 00:00:00+09:00,127.12737875673106,127.12737875673106,119.36766067628086,120.35826110839844,462500
2012-05-15 00:00:00+09:00,117.22136343333008,123.99048190109131,116.39586087394044,122.66968536376953,380000
2012-05-16 00:00:00+09:00,123.49518802313308,126.13679369608455,121.67907231407011,125.64148712158203,244000
2012-05-17 00:00:00+09:00,125.80658579071151,125.80658579071151,121.01868099357073,122.3394775390625,183000
2012-05-18 00:00:00+09:00,120.52336308372692,120.52336308372692,118.37705157938501,118.70726013183594,160500
2012-05-21 00:00:00+09:00,119.36764254303937,122.17434544036516,119.36764254303937,121.67903900146484,90000
2012-05-22 00:00:00+09:00,122.17437878966797,122.99988134905762,121.6790722155664,122.66968536376953,235000
2012-05-23 00:00:00+09:00,122.99986428481452,122.99986428481452,119.53275653561704,120.19316101074219,117000
2012-05-24 00:00:00+09:00,120.19315621361406,121.01865862553129,118.87234731607964,120.02804565429688,55000
2012-05-25 00:00:00+09:00,120.02805132108166,121.34886028097435,120.02805132108166,120.85355377197266,103000
2012-05-28 00:00:00+09:00,120.85357456821306,121.34888116244613,119.20256938232944,119.6978759765625,146500
2012-05-29 00:00:00+09:00,119.86294322606815,122.0092544555664,119.86294322606815,122.0092544555664,101500
2012-05-30 00:00:00+09:00,122.17435986468182,122.17435986468182,119.86295053719759,121.01866149902344,75500
2012-05-31 00:00:00+09:00,120.85356066917193,121.34886720644111,118.87235971243211,121.18376922607422,77500
2012-06-01 00:00:00+09:00,121.01867124570731,121.51396518680802,120.02805817116892,121.18376922607422,79500
2012-06-04 00:00:00+09:00,120.35827360259302,120.52337159238984,117.55155739137008,118.37705993652344,122000
2012-06-05 00:00:00+09:00,119.69786221043512,121.34886720644111,118.87235971243211,121.18376922607422,67000
2012-06-06 00:00:00+09:00,121.34884857818041,122.17435094946055,120.35824825187755,121.51394653320312,92500
2012-06-07 00:00:00+09:00,122.17435241256626,122.8347568367324,120.19315173623458,122.0092544555664,101000
2012-06-08 00:00:00+09:00,122.99988138278037,123.66028594970703,122.17437882316439,123.66028594970703,100000
2012-06-11 00:00:00+09:00,125.31128547821814,125.64148144886518,123.66028043264522,123.82537841796875,73000
2012-06-12 00:00:00+09:00,124.65088191913192,129.60389709472656,124.65088191913192,129.60389709472656,217000
2012-06-13 00:00:00+09:00,130.42939039465108,131.41999084044014,128.11798095703125,128.11798095703125,88000
2012-06-14 00:00:00+09:00,127.95289538577852,127.95289538577852,123.82538263139857,124.15557861328125,115000
2012-06-15 00:00:00+09:00,127.29249082584387,127.4575888167852,124.15557861328125,124.15557861328125,159500
2012-06-18 00:00:00+09:00,125.4763427783834,126.30184503350435,124.8159384550537,125.97164916992188,58500
2012-06-19 00:00:00+09:00,125.31125275367279,125.31125275367279,123.82534608146213,124.65084838867188,60500
2012-06-20 00:00:00+09:00,125.14619655227145,126.30189512936636,124.15558337628177,124.32069396972656,90000
2012-06-21 00:00:00+09:00,125.14618749289463,125.97169001568108,123.82537841796875,123.82537841796875,103500
2012-06-22 00:00:00+09:00,123.82537440249794,125.47637939453125,123.49517844255867,125.47637939453125,53500
2012-06-25 00:00:00+09:00,125.806581638815,126.46698618785084,124.65088312512913,124.9810791015625,128500
2012-06-26 00:00:00+09:00,125.47637514798306,125.97168166729759,124.98106862866855,125.14617919921875,68000
2012-06-27 00:00:00+09:00,125.97169100442474,129.60389709472656,125.97169100442474,129.60389709472656,117500
2012-06-28 00:00:00+09:00,127.95288509935004,128.61328960619323,127.12738261483811,128.2830810546875,87500
2012-06-29 00:00:00+09:00,128.61328337798253,130.09919029738134,128.2830748424674,128.77838134765625,103500
2012-07-02 00:00:00+09:00,130.42940864562988,132.74081840668512,129.27371006318717,132.08041381835938,148500
2012-07-03 00:00:00+09:00,133.73139220829856,133.73139220829856,131.41998291015625,131.41998291015625,222000
2012-07-04 00:00:00+09:00,132.24551181639836,132.74081840668512,131.4200092300336,132.08041381835938,64000
2012-07-05 00:00:00+09:00,132.08037986971493,132.08037986971493,128.77837037297203,129.1085662841797,94000
2012-07-06 00:00:00+09:00,129.4387991081072,133.73140974105544,129.4387991081072,129.60389709472656,256500
2012-07-09 00:00:00+09:00,131.5850899131176,133.0709968922813,131.08979598417514,131.91529846191406,168500
2012-07-10 00:00:00+09:00,132.90589495672512,134.55689986301982,132.08039250357774,133.56629943847656,188000
2012-07-11 00:00:00+09:00,134.2267040812262,135.0522065353637,132.24549063359547,134.55690002441406,112000
2012-07-12 00:00:00+09:00,135.2173098007278,140.00522674140632,134.55690529232933,138.68441772460938,353500
2012-07-13 00:00:00+09:00,138.6844134752947,140.00522245162182,137.69381304113332,138.35421752929688,202000
2012-07-17 00:00:00+09:00,139.67500860295235,145.12332967810033,139.67500860295235,143.80252075195312,308500
2012-07-18 00:00:00+09:00,142.6468457376141,143.6374462962856,139.5099334716797,139.5099334716797,179000
2012-07-19 00:00:00+09:00,139.50994664214895,140.005253266329,137.52874533777015,139.3448486328125,115500
2012-07-20 00:00:00+09:00,139.5099200880399,139.5099200880399,137.19851060876772,137.69381713867188,124500
2012-07-23 00:00:00+09:00,137.36362319914568,137.6938317862648,134.88711547851562,134.88711547851562,115000
2012-07-24 00:00:00+09:00,133.89650251366356,136.5381079852145,133.7314045334732,135.87771606445312,176000
2012-07-25 00:00:00+09:00,136.04282248378252,137.69382758043966,135.87772449335066,136.53811645507812,158500
2012-07-26 00:00:00+09:00,139.17973615916677,145.28845004295982,138.18912301375653,145.12335205078125,274500
2012-07-27 00:00:00+09:00,145.4535480351384,147.43476172978947,145.12335205078125,145.12335205078125,374500
2012-07-30 00:00:00+09:00,145.78371806665655,145.78371806665655,140.50049554077788,141.82130432128906,253000
2012-07-31 00:00:00+09:00,144.9582461539704,151.06695970465282,143.30724112987585,150.40655517578125,545000
2012-08-01 00:00:00+09:00,150.40653350217866,154.86425398257708,146.9394259704245,149.91123962402344,547500
2012-08-02 00:00:00+09:00,149.9112552729723,156.1850665576846,149.9112552729723,152.883056640625,606000
2012-08-03 00:00:00+09:00,152.88307873024655,156.51529772152153,151.06697553269407,155.19448852539062,662500
2012-08-06 00:00:00+09:00,155.19448852539062,155.19448852539062,151.3971715336418,155.19448852539062,337000
2012-08-07 00:00:00+09:00,154.20388313917152,154.53407912986845,151.3971668335694,152.0575714111328,305500
2012-08-08 00:00:00+09:00,151.56226390330528,152.55286438318817,145.94884438907758,148.26025390625,352000
2012-08-09 00:00:00+09:00,146.27904252673486,151.23205759601143,146.27904252673486,149.41595458984375,187000
2012-08-10 00:00:00+09:00,147.26965329812262,148.26026645803984,144.79314559066876,146.279052734375,194500
2012-08-13 00:00:00+09:00,146.27903337903933,147.76494032613346,145.28843294636587,146.93943786621094,178000
2012-08-14 00:00:00+09:00,145.2884527808086,152.2226693523339,145.2884527808086,149.0857696533203,500500
2012-08-15 00:00:00+09:00,152.05753875579103,152.05753875579103,150.73674248048337,151.89244079589844,299500
2012-08-16 00:00:00+09:00,152.05753875579103,152.38774727174314,151.23203636016115,151.89244079589844,257500
2012-08-17 00:00:00+09:00,148.59045614743366,149.4159586815861,147.43475763808792,147.76495361328125,272000
2012-08-20 00:00:00+09:00,148.59045831686078,150.07636541926323,148.59045831686078,148.920654296875,222000
2012-08-21 00:00:00+09:00,147.93004534884335,148.59044986748813,147.2696408301986,148.26025390625,118500
2012-08-22 00:00:00+09:00,148.59044986748813,148.59044986748813,147.43475140698618,148.26025390625,58000
2012-08-23 00:00:00+09:00,148.5904309864932,151.89244056397084,147.9300265517643,150.90184020996094,291500
2012-08-24 00:00:00+09:00,150.7367679039236,150.7367679039236,148.75555426255792,149.74615478515625,256000
2012-08-27 00:00:00+09:00,149.74614832799008,150.40655284663484,148.26025390625,148.26025390625,253000
2012-08-28 00:00:00+09:00,148.7555478481072,149.2508543861329,146.93944486896046,148.26025390625,256000
2012-08-29 00:00:00+09:00,148.59045614743366,148.59045614743366,146.93945107912884,147.76495361328125,131500
2012-08-30 00:00:00+09:00,146.77433989346002,147.9300382988844,146.60924192070908,146.93943786621094,163500
2012-08-31 00:00:00+09:00,146.93944897851028,148.42535603797617,146.1139464561591,147.599853515625,171500
2012-09-03 00:00:00+09:00,148.59045694087882,152.55287164520277,147.93005239079667,151.56227111816406,261500
2012-09-04 00:00:00+09:00,152.05753875579103,154.3689479827881,151.89244079589844,151.89244079589844,213000
2012-09-05 00:00:00+09:00,151.72736910664233,152.71796963368104,150.40656000647797,151.56227111816406,153500
2012-09-06 00:00:00+09:00,151.56226615833108,151.56226615833108,148.2602561121467,149.41595458984375,88000
2012-09-07 00:00:00+09:00,151.06696595547513,151.06696595547513,148.7555563068679,148.920654296875,87500
2012-09-10 00:00:00+09:00,149.08576967123085,150.73677481666567,148.09515650703426,150.0763702392578,157000
2012-09-11 00:00:00+09:00,150.90186252938545,153.21327209472656,148.59045296404435,153.21327209472656,142500
2012-09-12 00:00:00+09:00,152.7179562515658,152.7179562515658,150.73675537109375,150.73675537109375,122000
2012-09-13 00:00:00+09:00,153.37837517017095,159.32199096679688,152.55287262630154,159.32199096679688,658000
2012-09-14 00:00:00+09:00,161.79849854472684,164.605202154484,157.6709858267491,158.33139038085938,581000
2012-09-18 00:00:00+09:00,160.14746498356638,163.94478104741668,159.32196258674387,159.487060546875,421500
2012-09-19 00:00:00+09:00,159.98238219414515,160.14748016993207,154.86426936774177,158.49647521972656,377000
2012-09-20 00:00:00+09:00,159.32195699534938,160.47765527187494,155.52464106476563,156.3501434326172,331000
2012-09-21 00:00:00+09:00,156.01997885188086,162.95419509571906,156.01997885188086,161.13809204101562,293500
2012-09-24 00:00:00+09:00,164.27501810643327,169.22803372773276,162.45891489785745,164.77032470703125,599500
2012-09-25 00:00:00+09:00,164.77027519622695,166.58637785909326,163.44946638896076,166.42127990722656,609500
2012-09-26 00:00:00+09:00,162.4588772210463,169.55819040742927,161.79847277213068,168.07229614257812,540000
2012-09-27 00:00:00+09:00,168.40249811628058,169.723307061542,165.26558631841047,166.58639526367188,332000
2012-09-28 00:00:00+09:00,165.1004774672885,169.39308736220465,165.1004774672885,166.9165802001953,297500
2012-10-01 00:00:00+09:00,167.08166844320553,167.24677898800564,161.96355645855354,164.4400634765625,287500
2012-10-02 00:00:00+09:00,164.44009694579825,167.74210697521656,164.44009694579825,167.4119110107422,259500
2012-10-03 00:00:00+09:00,168.56759572631123,173.19041442871094,168.56759572631123,173.19041442871094,711500
2012-10-04 00:00:00+09:00,172.53002923034686,172.8602252047603,170.38371760815244,171.5394287109375,402000
2012-10-05 00:00:00+09:00,171.86961576647792,172.69511825584254,169.72331685183096,172.0347137451172,274000
2012-10-09 00:00:00+09:00,170.05351670848583,171.20921518162942,168.8978182353422,169.3931121826172,340500
2012-10-10 00:00:00+09:00,167.0817066642804,168.89782230320193,166.42131471867506,167.7421112060547,343500
2012-10-11 00:00:00+09:00,167.24679991103287,169.2280007348272,165.92599096439153,167.57699584960938,386000
2012-10-12 00:00:00+09:00,166.58640755386432,166.9166035164566,163.2843975432671,163.61459350585938,312000
2012-10-15 00:00:00+09:00,163.94481025093327,165.76091332821215,159.32199096679688,159.32199096679688,439500
2012-10-16 00:00:00+09:00,159.32198397747376,159.81729052053439,157.34078299756848,158.0011749267578,384500
2012-10-17 00:00:00+09:00,158.00120142312025,163.94483055190344,153.8736881926712,163.44952392578125,610500
2012-10-18 00:00:00+09:00,163.61459970727532,164.7703108124899,161.46830067673795,162.12869262695312,232500
2012-10-19 00:00:00+09:00,161.79848325120014,161.79848325120014,158.6615713628106,160.3125762939453,272500
2012-10-22 00:00:00+09:00,161.79847184813943,167.08168221695877,160.97296944075097,166.2561798095703,466000
2012-10-23 00:00:00+09:00,168.40249420551612,169.06289866281043,167.08168529092748,168.23739624023438,306500
2012-10-24 00:00:00+09:00,165.1005075341988,169.2280202225538,163.94480901992708,164.93540954589844,273000
2012-10-25 00:00:00+09:00,165.265594355521,166.25619481455757,162.4588909555559,164.27499389648438,262000
2012-10-26 00:00:00+09:00,164.2749689841757,164.60516488839093,160.64276365314288,161.7984619140625,268000
2012-10-29 00:00:00+09:00,163.4494914145925,164.4400918736291,162.29379297841115,164.27499389648438,149000
2012-10-30 00:00:00+09:00,162.4589039142547,165.7609141052104,161.7984993568297,163.1193084716797,267000
2012-10-31 00:00:00+09:00,165.1004921074569,165.9259945679942,163.44948718638233,163.94479370117188,179000
2012-11-01 00:00:00+09:00,164.10989034921423,169.3931010155352,163.94479237767317,168.73269653320312,379500
2012-11-02 00:00:00+09:00,169.88842281777892,170.5488273595532,167.57701321965337,167.7421112060547,346500
2012-11-05 00:00:00+09:00,169.72333542156454,169.72333542156454,164.44011135388303,164.60520935058594,209500
2012-11-06 00:00:00+09:00,164.10988434622638,164.27498231172834,159.15686980416422,161.6333770751953,553000
2012-11-07 00:00:00+09:00,161.6333964021916,161.79849438743483,159.6521827907666,159.98239135742188,191500
2012-11-08 00:00:00+09:00,156.84548125768825,160.14749138942906,155.8548807373998,159.15689086914062,436500
2012-11-09 00:00:00+09:00,158.99178801287908,159.32198397747376,157.01057443680517,158.0011749267578,150000
2012-11-12 00:00:00+09:00,158.99177375220046,161.63337902052638,157.8360627874427,160.80787658691406,177000
2012-11-13 00:00:00+09:00,162.78910343088927,163.28441000875907,158.8266885964394,159.65219116210938,160000
2012-11-14 00:00:00+09:00,159.32196258674387,161.13806534052,158.8266561101836,159.487060546875,141500
2012-11-15 00:00:00+09:00,159.15688875664625,159.81729329346265,158.66158220499176,158.99179077148438,324000
2012-11-16 00:00:00+09:00,158.66158635982993,159.48708890342547,157.01058127263883,158.33139038085938,236000
2012-11-19 00:00:00+09:00,157.01056700319498,158.00116744624796,152.71795668585324,153.70855712890625,507500
2012-11-20 00:00:00+09:00,155.1944782474498,159.8172975315862,154.86428226836972,159.32199096679688,266000
2012-11-21 00:00:00+09:00,158.16630291860017,158.16630291860017,154.69918192779903,155.19448852539062,355500
2012-11-22 00:00:00+09:00,156.01999112392994,156.51529772152153,155.19448852539062,155.19448852539062,383500
2012-11-26 00:00:00+09:00,155.19445037841797,155.68975685426267,151.39713432005374,151.89244079589844,460000
2012-11-27 00:00:00+09:00,152.05757135704417,152.38777994379322,148.59046307128153,149.0857696533203,683000
2012-11-28 00:00:00+09:00,148.5904241391374,152.22262946851646,148.5904241391374,150.57162475585938,313000
2012-11-29 00:00:00+09:00,152.38775494045834,156.84546306272128,151.72735047148706,156.18505859375,547000
2012-11-30 00:00:00+09:00,156.18508489426637,156.84548947444534,153.87367516172483,154.86428833007812,216500
2012-12-03 00:00:00+09:00,155.02938362960552,155.02938362960552,153.5434764990901,153.87367248535156,182000
2012-12-04 00:00:00+09:00,153.87365605514685,156.68037202335358,153.21326415313882,156.51527404785156,237000
2012-12-05 00:00:00+09:00,156.6803784722105,158.49648146981843,155.0293734568999,158.0011749267578,292000
2012-12-06 00:00:00+09:00,158.16627899520793,158.33137697070995,154.8642691004952,156.51527404785156,157500
2012-12-07 00:00:00+09:00,156.51529560488592,157.50589619050268,156.35018501047492,157.01058959960938,118500
2012-12-10 00:00:00+09:00,156.3501699114472,158.33138348752112,156.3501699114472,158.0011749267578,116000
2012-12-11 00:00:00+09:00,158.00119018522616,158.16630077963717,156.84549160136822,157.01058959960938,108500
2012-12-12 00:00:00+09:00,157.01058959960938,158.33139877787832,156.84549160136822,157.01058959960938,142000
2012-12-13 00:00:00+09:00,157.01056300052403,157.6709674777797,155.19446013519675,155.35955810546875,161000
2012-12-14 00:00:00+09:00,155.35956712149863,156.68037615266087,153.87366011048323,155.85487365722656,177000
2012-12-17 00:00:00+09:00,155.85486404767903,162.62398157364282,155.85486404767903,160.9729766845703,293500
2012-12-18 00:00:00+09:00,160.97297455440304,161.96357495550433,159.98237415330175,160.80787658691406,233000
2012-12-19 00:00:00+09:00,160.14748218796018,160.64278871773047,157.0105702238077,157.6709747314453,200500
2012-12-20 00:00:00+09:00,157.0105416734323,158.49644839638157,156.35013728588083,156.84544372558594,159000
2012-12-21 00:00:00+09:00,156.8454762615224,157.3407828039736,155.3595692303374,156.0199737548828,158500
2012-12-25 00:00:00+09:00,156.0199413901881,156.84544372558594,156.0199413901881,156.84544372558594,145500
2012-12-26 00:00:00+09:00,157.01059169681923,158.49649889317678,156.84549369637284,157.17568969726562,195500
2012-12-27 00:00:00+09:00,157.17565899912316,157.34076956349165,154.6991516876065,156.18505859375,327500
2012-12-28 00:00:00+09:00,156.185071736977,157.0105742436166,154.69916470579201,156.0199737548828,218000
2013-01-04 00:00:00+09:00,156.84544989179471,157.8360502139833,156.01994752394316,156.3501434326172,269000
2013-01-07 00:00:00+09:00,157.34077808705987,166.25619481455757,157.01056953660216,164.27499389648438,709500
2013-01-08 00:00:00+09:00,166.75149682149933,172.53001403808594,165.10049190247457,172.53001403808594,943500
2013-01-09 00:00:00+09:00,170.54880965460126,178.30852757543556,168.40249826568913,176.16221618652344,881500
2013-01-10 00:00:00+09:00,179.95952970316853,181.11522806646502,172.36490986795636,173.0253143310547,641000
2013-01-11 00:00:00+09:00,175.00654811236495,179.46425703524972,169.7233366040445,172.19984436035156,552000
2013-01-15 00:00:00+09:00,175.8320083969749,179.9595203311762,172.36490089147918,179.13401794433594,622500
2013-01-16 00:00:00+09:00,179.134026930955,189.04005606999397,179.134026930955,187.2239532470703,959000
2013-01-17 00:00:00+09:00,188.87498187887553,189.040079866075,181.6105570765786,185.90316772460938,607500
2013-01-18 00:00:00+09:00,184.91255007085354,188.37965786544848,184.91255007085354,186.72865295410156,337500
2013-01-21 00:00:00+09:00,187.88438007875783,193.00249322406623,187.05887755221877,189.53538513183594,551500
2013-01-22 00:00:00+09:00,188.54476928710938,190.6910808634337,184.25215873062947,188.54476928710938,720000
2013-01-23 00:00:00+09:00,188.37964808473967,188.37964808473967,181.61053081890483,183.26153564453125,419500
2013-01-24 00:00:00+09:00,180.4548328881784,187.5541460967522,180.4548328881784,185.24273681640625,234000
2013-01-25 00:00:00+09:00,188.21458854426245,190.85619428529887,185.2427742129904,187.55418395996094,441500
2013-01-28 00:00:00+09:00,188.3796657069349,189.0400702181972,179.95954282780346,181.44544982910156,491500
2013-01-29 00:00:00+09:00,181.61053312735106,188.2145525138002,181.61053312735106,184.417236328125,653500
2013-01-30 00:00:00+09:00,191.18638430313663,196.46959527198305,188.87497478070313,193.9930877685547,1018000
2013-01-31 00:00:00+09:00,203.07362068484508,205.3850302687844,196.46960049997207,199.1112060546875,858500
2013-02-01 00:00:00+09:00,202.2481006681926,210.99843169475292,194.15817412223132,199.9366912841797,1037500
2013-02-04 00:00:00+09:00,199.93670357207486,208.6870351364212,196.13939961854553,206.37562561035156,987500
2013-02-05 00:00:00+09:00,206.3756379924837,207.0360425532935,200.432022137534,201.42262268066406,422500
2013-02-06 00:00:00+09:00,201.58769635125242,203.07360328476474,198.94609102287927,200.9272918701172,488000
2013-02-07 00:00:00+09:00,200.59710904920865,202.743420604252,199.93670452487467,200.76220703125,321000
2013-02-08 00:00:00+09:00,201.4226156386268,202.57831413251205,198.12060554619032,199.1112060546875,346000
2013-02-12 00:00:00+09:00,200.59709944411935,200.59709944411935,193.99307970933353,196.3044891357422,380500
2013-02-13 00:00:00+09:00,191.68167603896757,194.8185880264233,188.5447640515118,192.83738708496094,434500
2013-02-14 00:00:00+09:00,192.8373740008025,206.21051093871725,192.01187156517605,201.5876922607422,817500
2013-02-15 00:00:00+09:00,201.75279022863396,203.40379509988685,193.33266790447783,201.5876922607422,522000
2013-02-18 00:00:00+09:00,204.72460403535615,210.83331702052476,201.42259429285042,201.5876922607422,775000
2013-02-19 00:00:00+09:00,201.42262276544503,206.2105400881198,198.45080853863467,203.40382385253906,622000
2013-02-20 00:00:00+09:00,203.56893922807498,205.219944371543,200.10181834985644,204.55953979492188,187000
2013-02-21 00:00:00+09:00,204.39441965542542,207.03602507954503,203.23870862250743,204.22930908203125,223000
2013-02-22 00:00:00+09:00,206.8709166781202,208.02661505663445,203.73400488422314,205.385009765625,333000
2013-02-25 00:00:00+09:00,206.04544285711674,209.51255107040822,206.04544285711674,208.19174194335938,326000
2013-02-26 00:00:00+09:00,208.19172087295476,216.61184356625216,205.8803114326342,211.65882873535156,862500
2013-02-27 00:00:00+09:00,211.6588490275775,217.76756286621094,208.35683882373905,217.76756286621094,726000
2013-02-28 00:00:00+09:00,217.76757951355384,230.64542533144441,213.97028764272477,227.17832946777344,1184500
2013-03-01 00:00:00+09:00,223.05081872279413,238.4051473506127,223.05081872279413,234.112548828125,926000
2013-03-04 00:00:00+09:00,239.06555548237355,260.19842685842434,237.4145502997499,253.5944061279297,1825000
2013-03-05 00:00:00+09:00,253.42927536382894,257.55678799190434,240.2212349539877,251.4480743408203,1142000
2013-03-06 00:00:00+09:00,253.42920831339248,255.74060469664732,245.174185241295,249.30169677734375,832500
2013-03-07 00:00:00+09:00,249.46683257623755,250.95272680274135,245.50440598500458,247.15541076660156,674500
2013-03-08 00:00:00+09:00,250.7876266116248,250.7876266116248,240.71651214308747,242.86282348632812,896500
2013-03-11 00:00:00+09:00,242.69776232489227,242.69776232489227,237.7447467672414,239.395751953125,683500
2013-03-12 00:00:00+09:00,239.39572167341953,244.3487366045937,231.1406967881292,241.37692260742188,769500
2013-03-13 00:00:00+09:00,240.22125245053687,247.65077572220295,237.57963409923082,244.18365478515625,579000
2013-03-14 00:00:00+09:00,246.99037401654903,254.7500929788579,245.50445430525244,252.1084747314453,921500
2013-03-15 00:00:00+09:00,252.10843434680703,263.9956641713,252.10843434680703,262.8399658203125,846000
2013-03-18 00:00:00+09:00,262.8399796415562,276.54332558984873,261.849391799621,263.5003967285156,1282500
2013-03-19 00:00:00+09:00,264.9862826898837,270.7647997578874,255.90575586873504,258.38226318359375,665000
2013-03-21 00:00:00+09:00,262.17960448563616,275.5527301480804,258.877594417032,275.2225341796875,802000
2013-03-22 00:00:00+09:00,280.0104552729716,283.9728571563582,272.7460182303139,274.5621337890625,848000
2013-03-25 00:00:00+09:00,274.72721741562486,281.66145845572464,274.5621320337357,277.36883544921875,448000
2013-03-26 00:00:00+09:00,280.6708693297127,289.5862868667798,279.0198642160085,288.2655029296875,858000
2013-03-27 00:00:00+09:00,292.26453384733895,327.2562979543338,291.76467184321797,316.7587890625,1397000
2013-03-28 00:00:00+09:00,313.2596016581115,334.75453224005173,310.7601899427542,331.25537109375,1722000
2013-03-29 00:00:00+09:00,324.9235435979547,358.249035249027,320.924494769959,352.9169616699219,1938000
2013-04-01 00:00:00+09:00,358.2489788348858,383.2430936373197,319.92466947115383,324.9234924316406,3307000
2013-04-02 00:00:00+09:00,314.9258255121362,337.7537770911781,294.0973978988997,327.4228820800781,2541500
2013-04-03 00:00:00+09:00,321.7575864650573,331.58859493884114,310.92680321328606,323.7571105957031,1832000
2013-04-04 00:00:00+09:00,319.9246727467573,341.2529893482735,314.09271256647787,337.9204406738281,1640000
2013-04-05 00:00:00+09:00,338.25368779743087,346.58505941805726,316.7587591863462,321.9241943359375,2158000
2013-04-08 00:00:00+09:00,328.42269783950724,328.42269783950724,318.59166352165425,323.9237365722656,1209000
2013-04-09 00:00:00+09:00,326.089912009114,326.7564370590886,315.2591278440033,320.0913391113281,1019000
2013-04-10 00:00:00+09:00,323.0905830817269,349.75097241658887,320.42455940343785,339.7533264160156,2001000
2013-04-11 00:00:00+09:00,349.91759847005204,375.91148738367275,346.58504991319444,374.9117126464844,3418500
2013-04-12 00:00:00+09:00,369.9129177933429,377.91104001988657,361.2482959751414,374.5784912109375,2496000
2013-04-15 00:00:00+09:00,368.24661834507293,371.07927955496945,358.2489725981479,364.0809326171875,764500
2013-04-16 00:00:00+09:00,357.415853993077,369.24641224409845,351.08400627316877,364.2475891113281,931500
2013-04-17 00:00:00+09:00,367.58017539801676,391.0746312657241,366.5804004992497,387.5754699707031,1550500
2013-04-18 00:00:00+09:00,389.4083108674156,409.90349047629616,376.57800344570296,405.5711669921875,1870000
2013-04-19 00:00:00+09:00,429.7321284472887,466.5568003601301,424.8999431851185,448.227783203125,4218500
2013-04-22 00:00:00+09:00,506.54748617549535,511.5463100522272,463.2243459104859,480.2203674316406,6641000
2013-04-23 00:00:00+09:00,489.55145125883155,528.2090418547103,472.8887054589984,514.8788452148438,4513500
2013-04-24 00:00:00+09:00,521.5439730284644,521.5439730284644,492.0508909546388,508.2137756347656,3371000
2013-04-25 00:00:00+09:00,483.21949850238605,495.7165544981374,447.2279670644919,469.5560302734375,3559500
2013-04-26 00:00:00+09:00,463.3910021548663,474.8882873629947,434.231195036086,441.72943115234375,2507500
2013-04-30 00:00:00+09:00,441.729336271369,469.72272475230864,441.562698667778,460.724853515625,2079000
2013-05-01 00:00:00+09:00,459.8916573558181,489.05145447077035,459.8916573558181,465.2237548828125,2866000
2013-05-02 00:00:00+09:00,495.7165786673701,549.037353515625,483.2195220623104,549.037353515625,12698500
2013-05-07 00:00:00+09:00,595.6930726079455,643.1818909836838,584.8622894696192,621.5203247070312,13181000
2013-05-08 00:00:00+09:00,609.8564276159162,613.1889764007027,553.203098274547,563.2007446289062,7115000
2013-05-09 00:00:00+09:00,587.3617233186078,600.6919184577536,554.8693726669402,563.2007446289062,4132500
2013-05-10 00:00:00+09:00,584.8623399849397,656.512142319277,549.8705760542168,622.353515625,14335500
2013-05-13 00:00:00+09:00,644.0151143747897,644.8482516508244,599.0257014689182,619.02099609375,5136000
2013-05-14 00:00:00+09:00,608.1900923968018,611.5226408482912,589.0279388007382,604.8575439453125,2853500
2013-05-15 00:00:00+09:00,606.5239734184452,624.0198572670541,549.870635241997,580.6967163085938,2931500
2013-05-16 00:00:00+09:00,566.5333283253206,573.1984263056185,491.55097604696925,552.3699951171875,3527500
2013-05-17 00:00:00+09:00,549.8705155586048,591.527372797893,519.8775783463173,588.19482421875,3384500
2013-05-20 00:00:00+09:00,589.8610482051455,589.8610482051455,559.8681135506465,579.8634033203125,1815000
2013-05-21 00:00:00+09:00,599.8588915807254,612.3559518219906,575.6979084476129,585.695556640625,3004500
2013-05-22 00:00:00+09:00,574.8646038327486,574.8646038327486,541.5391195525892,549.037353515625,2519000
2013-05-23 00:00:00+09:00,543.205448706242,563.2007412966559,479.88702216993164,485.8856201171875,3313000
2013-05-24 00:00:00+09:00,483.21957876360517,518.2113413637284,448.2278161634821,476.88775634765625,3126500
2013-05-27 00:00:00+09:00,451.8936166190106,503.2148454136499,416.7352182428262,489.051513671875,2974500
2013-05-28 00:00:00+09:00,485.05254724372884,516.5451270794047,468.55643883939064,483.2196350097656,1971000
2013-05-29 00:00:00+09:00,489.8846812528722,524.0433069864908,483.21958354875153,509.8799743652344,2213000
2013-05-30 00:00:00+09:00,501.54858432348834,517.3781908054589,486.5521150247794,493.38385009765625,1525000
2013-05-31 00:00:00+09:00,496.5498196651038,516.5451144167188,483.2196231640272,493.7171325683594,1503000
2013-06-03 00:00:00+09:00,487.2186439174793,522.3770453367518,483.2195953673302,501.5486145019531,1955000
2013-06-04 00:00:00+09:00,491.5510029624229,514.0457098776524,487.052041239111,495.2168273925781,1418500
2013-06-05 00:00:00+09:00,494.05043122759855,503.21494175627237,461.55807571684585,464.890625,2590000
2013-06-06 00:00:00+09:00,441.89601497420483,453.2266611630155,399.9058774967783,404.0715637207031,2113500
2013-06-07 00:00:00+09:00,387.40881132983793,399.9058697598327,355.24970921825195,387.0755615234375,2752000
2013-06-10 00:00:00+09:00,416.5686022739567,438.23016959220246,416.5686022739567,435.23089599609375,1338000
2013-06-11 00:00:00+09:00,434.89757423969365,449.394180387945,426.56620308567653,433.5645751953125,976000
2013-06-12 00:00:00+09:00,422.5671789817147,446.2282438858492,419.067992729153,445.89501953125,702500
2013-06-13 00:00:00+09:00,433.2313321918956,439.06329243294033,423.2336860643903,426.39959716796875,992500
2013-06-14 00:00:00+09:00,438.73005411412265,444.062152837426,426.5662706430809,430.398681640625,608000
2013-06-17 00:00:00+09:00,430.39866309812584,449.06095697501377,430.23207633636247,445.2285461425781,617000
2013-06-18 00:00:00+09:00,444.7285898396528,460.8914705024884,438.8966299294458,449.0609130859375,638000
2013-06-19 00:00:00+09:00,458.22539885877336,463.22422139177814,441.8959322578853,443.39556884765625,503000
2013-06-20 00:00:00+09:00,438.23013455372933,453.2266030365566,435.3974479444887,441.56268310546875,502000
2013-06-21 00:00:00+09:00,433.2312990487603,448.7276290206275,428.73233829530005,445.39508056640625,713000
2013-06-24 00:00:00+09:00,449.8941094534738,468.8896283491548,449.8941094534738,466.5568542480469,915500
2013-06-25 00:00:00+09:00,466.55680338049154,466.55680338049154,444.7285999093445,453.7264709472656,651500
2013-06-26 00:00:00+09:00,455.7260204496838,473.2219005766369,425.7330830891927,437.3970031738281,664600
2013-06-27 00:00:00+09:00,437.39701776158057,437.39701776158057,387.4087871602571,435.7307434082031,802200
2013-06-28 00:00:00+09:00,435.73074474008985,445.7283908909141,425.73309858926564,439.06329345703125,413900
2013-07-01 00:00:00+09:00,444.8953019536426,471.5556945800781,443.2290274144904,471.5556945800781,904000
2013-07-02 00:00:00+09:00,489.88466150040387,519.0444627801899,484.05270124444667,515.7119140625,2951500
2013-07-03 00:00:00+09:00,512.3793653448101,519.8775999596123,500.7154448328958,515.7119140625,1593400
2013-07-04 00:00:00+09:00,514.8788424954556,516.5451170666383,502.38178321158534,504.8811950683594,714400
2013-07-05 00:00:00+09:00,499.04923406921995,513.2125679242729,496.54982221244586,504.8811950683594,803700
2013-07-08 00:00:00+09:00,523.2102181147603,540.7061012045851,508.2137468949105,514.8788452148438,2955000
2013-07-09 00:00:00+09:00,536.5403324792145,548.2042527505017,524.8764122079272,544.8717041015625,3039100
2013-07-10 00:00:00+09:00,549.0372874744307,549.0372874744307,520.7106292435799,528.2088623046875,1727400
2013-07-11 00:00:00+09:00,524.0432490813427,527.3757975651667,508.2136437831781,519.8775634765625,1052800
2013-07-12 00:00:00+09:00,531.5415342744761,531.5415342744761,502.38173223747515,510.7131042480469,799900
2013-07-16 00:00:00+09:00,508.2136437831781,524.0432490813427,508.2136437831781,519.8775634765625,1006200
2013-07-17 00:00:00+09:00,523.2101622639044,523.2101622639044,504.88114384064664,510.7131042480469,657600
2013-07-18 00:00:00+09:00,512.3793860042796,515.71193485634,483.21958354875153,509.8799743652344,5224200
2013-07-19 00:00:00+09:00,510.7131876460841,514.0457369945088,489.8847542184298,508.2137756347656,920800
2013-07-22 00:00:00+09:00,515.7119311523438,545.7048706054687,509.04683349609377,541.5391845703125,2857700
2013-07-23 00:00:00+09:00,539.0397382873726,539.0397382873726,526.5426809855016,531.54150390625,992500
2013-07-24 00:00:00+09:00,535.7071881709209,545.704833984375,533.2077767175573,545.704833984375,1844200
2013-07-25 00:00:00+09:00,558.2018616926689,566.5332327627087,538.2065711245732,549.037353515625,3131400
2013-07-26 00:00:00+09:00,538.2065466097797,541.5390948860013,508.21361212378577,530.7083129882812,986800
2013-07-29 00:00:00+09:00,530.7083982519201,530.7083982519201,491.5509497152792,493.21722412109375,1106600
2013-07-30 00:00:00+09:00,482.3864909051692,518.2113943748104,479.05394174520256,514.8788452148438,776600
2013-07-31 00:00:00+09:00,509.87999322785805,512.3794049593671,491.5509738634579,497.3829345703125,584800
2013-08-01 00:00:00+09:00,497.3828231008429,504.04791955780564,470.72243727299207,474.88812255859375,1109300
2013-08-02 00:00:00+09:00,483.21955354290884,501.54857109108815,483.21955354290884,489.051513671875,687000
2013-08-05 00:00:00+09:00,495.71666008263975,507.38058149634895,489.0515621319488,497.3829345703125,681600
2013-08-06 00:00:00+09:00,493.2172241210937,499.88232174435177,483.21957768620666,493.21722412109375,427100
2013-08-07 00:00:00+09:00,489.88460264814665,489.88460264814665,467.3899015061399,469.8893127441406,570400
2013-08-08 00:00:00+09:00,462.39115730660865,478.2207644936817,454.05978510288594,457.392333984375,448100
2013-08-09 00:00:00+09:00,456.5591666481712,460.724852475253,432.3981888510964,439.89642333984375,658100
2013-08-12 00:00:00+09:00,437.39700615406036,451.5603377819061,423.2336745262146,426.56622314453125,625900
2013-08-13 00:00:00+09:00,430.7319003123157,444.8952316572081,427.39935176057634,441.56268310546875,428200
2013-08-14 00:00:00+09:00,437.3970164039921,447.3946624932262,427.39937031475796,432.398193359375,494100
2013-08-15 00:00:00+09:00,433.2313131839595,464.0573873912797,432.3981760432211,444.8952331542969,753800
2013-08-16 00:00:00+09:00,444.06209748562384,456.5591546381273,437.397000337622,448.227783203125,324600
2013-08-19 00:00:00+09:00,442.3958217320817,452.39346742094233,441.5626845913433,444.8952331542969,222900
2013-08-20 00:00:00+09:00,439.8964675377155,444.8952910324623,434.06450679384426,434.89764404296875,210200
2013-08-21 00:00:00+09:00,429.065686518603,437.3970590723623,417.40176494334,420.73431396484375,423200
2013-08-22 00:00:00+09:00,414.90230310133177,414.90230310133177,400.7389714693586,409.0703430175781,473600
2013-08-23 00:00:00+09:00,416.56863204832,421.56745563289985,408.23725940735363,409.9035339355469,422400
2013-08-26 00:00:00+09:00,424.8999574531629,436.56387785383794,420.734271595779,429.0656433105469,564700
2013-08-27 00:00:00+09:00,429.06565276669784,431.5650643362126,412.40290896993287,414.0691833496094,495000
2013-08-28 00:00:00+09:00,406.57098080931587,411.5698043438567,392.4076474614504,396.5733337402344,482000
2013-08-29 00:00:00+09:00,394.0738964530079,403.23840567284526,386.5756616367773,389.0750732421875,560500
2013-08-30 00:00:00+09:00,387.4087902595257,402.40525955989443,384.07624152611044,386.5756530761719,391800
2013-09-02 00:00:00+09:00,383.24310032667313,390.74133489828193,366.5803568342091,376.5780029296875,622400
2013-09-03 00:00:00+09:00,365.74721108294546,395.74014866605717,365.74721108294546,391.574462890625,818500
2013-09-04 00:00:00+09:00,384.90937145602317,390.7413316295993,379.0774112824471,387.4087829589844,596700
2013-09-05 00:00:00+09:00,393.2407511143596,416.56859228216064,384.9093792687164,407.4040832519531,982900
2013-09-06 00:00:00+09:00,409.07037254432583,412.4029214041574,384.07625609558903,384.9093933105469,551100
2013-09-09 00:00:00+09:00,389.0750732421875,394.9070336548113,383.2431128295637,389.0750732421875,525000
2013-09-10 00:00:00+09:00,391.5745202912442,414.9023640532758,389.07510845959797,405.73785400390625,809900
2013-09-11 00:00:00+09:00,411.5697543621063,438.2301433086395,409.903480052948,426.56622314453125,1274200
2013-09-12 00:00:00+09:00,426.56625600961536,437.3970398536095,425.73311879084656,433.2313537597656,610000
2013-09-13 00:00:00+09:00,433.2313291679308,440.7295637112219,425.7330946246397,429.0656433105469,623600
2013-09-17 00:00:00+09:00,441.5627036450242,441.5627036450242,433.2313318781369,435.7307434082031,343500
2013-09-18 00:00:00+09:00,435.7307823384216,446.56156660304777,435.7307823384216,438.2301940917969,490200
2013-09-19 00:00:00+09:00,437.39697987796694,444.06207671420265,433.2312943553197,436.5638427734375,297300
2013-09-20 00:00:00+09:00,433.23132038116455,435.73073184490204,420.7342630624771,426.56622314453125,457700
2013-09-24 00:00:00+09:00,424.89998540934727,426.56625986193296,417.4017503727118,422.40057373046875,394800
2013-09-25 00:00:00+09:00,422.40056271706857,424.06683712620884,409.9035046485162,413.2360534667969,818800
2013-09-26 00:00:00+09:00,413.2360415251359,424.0668248715608,408.23721844217056,421.5674133300781,476200
2013-09-27 00:00:00+09:00,427.39937753566903,435.73074941745597,424.899965971133,431.5650634765625,650700
2013-09-30 00:00:00+09:00,432.39820799836804,437.397031212222,425.73311037989606,430.73193359375,410600
2013-10-01 00:00:00+09:00,425.7330521477593,429.8987375895182,417.4016812642415,419.9010925292969,545500
2013-10-02 00:00:00+09:00,423.2336746495513,424.8999489591952,401.57210862418054,409.0703430175781,424700
2013-10-03 00:00:00+09:00,402.4052399645353,406.57092567845393,395.7401428222656,395.7401428222656,315800
2013-10-04 00:00:00+09:00,387.4088049554206,390.7413538152522,381.5768444507153,384.9093933105469,413500
2013-10-07 00:00:00+09:00,383.2431064409431,385.7425180046884,370.74604862221673,372.4123229980469,436200
2013-10-08 00:00:00+09:00,366.58033520395304,369.0797465803437,349.91759269468247,361.5815124511719,835700
2013-10-09 00:00:00+09:00,359.0821084177967,381.57681126531526,358.248971275296,378.2442626953125,642800
2013-10-10 00:00:00+09:00,376.57804082291085,384.0762761490308,374.91176630599534,375.7449035644531,317800
2013-10-11 00:00:00+09:00,387.4088049554206,389.0750793853364,380.7437072357574,384.9093933105469,326700
2013-10-15 00:00:00+09:00,384.0762939453125,390.7413923218038,383.24315664825104,384.0762939453125,400500
2013-10-16 00:00:00+09:00,383.2431064409431,384.0762436288582,371.5791858101318,372.4123229980469,381600
2013-10-17 00:00:00+09:00,383.2431103409246,389.0750707156778,376.57801276977807,382.40997314453125,528500
2013-10-18 00:00:00+09:00,380.7437271151997,383.243138890573,372.41235453062205,375.7449035644531,383800
2013-10-21 00:00:00+09:00,373.2454555578399,384.0762388664379,373.2454555578399,379.9105529785156,345400
2013-10-22 00:00:00+09:00,377.41123131343295,379.9106434413365,371.57926968165805,373.24554443359375,408000
2013-10-23 00:00:00+09:00,370.74608539564036,376.57804628950436,367.41353631343236,368.2466735839844,393200
2013-10-24 00:00:00+09:00,369.079805496791,379.0774525982842,365.7472564629599,375.7449035644531,339400
2013-10-25 00:00:00+09:00,375.7448755733848,389.0750707156778,370.74605239502483,382.40997314453125,958000
2013-10-28 00:00:00+09:00,389.0750412086174,389.0750412086174,382.40994414294516,385.74249267578125,342500
2013-10-29 00:00:00+09:00,385.74251456882644,386.5756517493207,380.74369148586106,383.24310302734375,498000
2013-10-30 00:00:00+09:00,380.74370604935694,385.74252932352795,380.74370604935694,381.57684326171875,589900
2013-10-31 00:00:00+09:00,381.576878511236,383.24315308988764,368.2466818820225,370.74609375,593300
2013-11-01 00:00:00+09:00,362.41466695612127,370.746038610285,360.74839262528855,366.5803527832031,583900
2013-11-05 00:00:00+09:00,373.24549720729635,377.4111835600564,367.41353631343236,368.2466735839844,461000
2013-11-06 00:00:00+09:00,369.07983244095726,369.07983244095726,360.7484592481591,362.41473388671875,592700
2013-11-07 00:00:00+09:00,359.08212006120255,364.0809430782959,351.5838855355626,352.4170227050781,610000
2013-11-08 00:00:00+09:00,344.0856775436958,348.2513637125057,341.5862658424099,342.4194030761719,560400
2013-11-11 00:00:00+09:00,343.25253685972746,348.25136021205356,329.08920402813675,332.4217529296875,571300
2013-11-12 00:00:00+09:00,323.2572714569014,329.0892325398867,319.92472226662403,325.7566833496094,896600
2013-11-13 00:00:00+09:00,324.9235023479318,334.92114857402197,323.25722797691674,330.7554626464844,709200
2013-11-14 00:00:00+09:00,332.4217007765129,341.58620881797066,331.58856368183496,334.9211120605469,721100
2013-11-15 00:00:00+09:00,337.4205807605421,346.58509036144574,337.4205807605421,345.751953125,871100
2013-11-18 00:00:00+09:00,349.9176219389899,352.4170335242684,339.9199755978759,340.75311279296875,598600
2013-11-19 00:00:00+09:00,342.41941044505046,345.75195945181497,340.75313594166823,341.5862731933594,326100
2013-11-20 00:00:00+09:00,341.5862487039448,344.0856602798273,335.75428836021894,337.4205627441406,411600
2013-11-21 00:00:00+09:00,334.9211120605469,336.5873862499028,332.4217007765129,334.9211120605469,378000
2013-11-22 00:00:00+09:00,333.25489753454775,335.75430926605685,329.92234855920225,331.588623046875,473300
2013-11-25 00:00:00+09:00,331.5885998319919,334.92114857402197,329.0891882754694,330.7554626464844,376700
2013-11-26 00:00:00+09:00,330.755426587157,337.4205233445808,330.755426587157,334.9211120605469,315600
2013-11-27 00:00:00+09:00,334.92116460585055,335.75430183123825,331.5886157042998,332.4217529296875,233600
2013-11-28 00:00:00+09:00,331.58858379895173,334.0879952346222,329.08917236328125,329.08917236328125,288600
2013-11-29 00:00:00+09:00,328.25599576989,329.92226986009246,325.75658463458626,326.5897216796875,349800
2013-12-02 00:00:00+09:00,326.5897995838568,333.25489753454775,325.7566623400204,331.588623046875,381600
2013-12-03 00:00:00+09:00,335.754238244259,357.4158020019531,334.08796410905177,357.4158020019531,1476400
2013-12-04 00:00:00+09:00,353.2501598745937,356.5827085526559,345.75192534895376,352.4170227050781,1133000
2013-12-05 00:00:00+09:00,355.7495278667459,369.0797209484038,349.08443132591697,357.4158020019531,1414100
2013-12-06 00:00:00+09:00,359.91527971540177,365.7472402663458,347.41822139195034,349.9176330566406,681400
2013-12-09 00:00:00+09:00,352.4170125080989,357.4158353805542,343.2525039085975,346.5850524902344,378800
2013-12-10 00:00:00+09:00,347.418205589769,353.25016587544854,343.25251967142646,348.2513427734375,411900
2013-12-11 00:00:00+09:00,344.91879001861724,347.4182015404913,333.25486958320505,338.2536926269531,530700
2013-12-12 00:00:00+09:00,334.9211120605469,338.25366043925874,333.2548378711909,334.9211120605469,334800
2013-12-13 00:00:00+09:00,334.9211120605469,341.58620881797066,333.2548378711909,334.9211120605469,442200
2013-12-16 00:00:00+09:00,338.25370605468754,339.0868432617188,333.2548828125,333.2548828125,526000
2013-12-17 00:00:00+09:00,334.92117202222045,337.4205837537296,329.0892113153659,331.588623046875,454200
2013-12-18 00:00:00+09:00,329.0891882754694,330.7554626464844,326.5897767189468,330.7554626464844,593100
2013-12-19 00:00:00+09:00,330.7554525522085,332.4217268723708,323.2572181114784,324.9234924316406,814600
2013-12-20 00:00:00+09:00,324.0903552715595,328.25604107196517,322.42408095139723,324.9234924316406,464100
2013-12-24 00:00:00+09:00,324.9235195583767,324.9235195583767,312.4264611138238,314.9258728027344,915600
2013-12-25 00:00:00+09:00,314.9258812130905,322.4241164800689,314.9258812130905,317.42529296875,907700
2013-12-26 00:00:00+09:00,324.09036066966695,340.75310414882716,317.42526327800283,338.2536926269531,758300
2013-12-27 00:00:00+09:00,339.086861438286,341.5862731933594,329.9223516696837,341.5862731933594,515500
2013-12-30 00:00:00+09:00,343.25254030993386,344.9188147774578,338.253716907362,342.4194030761719,436100
2014-01-06 00:00:00+09:00,348.2513648343373,349.9176393072289,342.4194041792168,345.751953125,386900
2014-01-07 00:00:00+09:00,347.41824901805205,347.41824901805205,334.92118970085596,339.9200134277344,504500
2014-01-08 00:00:00+09:00,339.9199902583691,342.4194019514454,334.08802964119127,339.08685302734375,337600
2014-01-09 00:00:00+09:00,342.4193459126486,343.25248300732665,332.4217007765129,334.9211120605469,420200
2014-01-10 00:00:00+09:00,339.9199902583691,339.9199902583691,333.25489241016584,339.08685302734375,322700
2014-01-14 00:00:00+09:00,338.25370605468754,356.582724609375,338.25370605468754,354.08331298828125,1381800
2014-01-15 00:00:00+09:00,356.582685690163,369.0797424316406,351.58386299357187,369.0797424316406,1400300
2014-01-16 00:00:00+09:00,408.2371940612793,408.2371940612793,387.4087657928467,399.90582275390625,3465500
2014-01-17 00:00:00+09:00,404.0715730868704,414.9023575201267,388.2419650690342,409.9035339355469,2445300
2014-01-20 00:00:00+09:00,405.7378530561554,414.90236308411784,399.9058921292702,402.4053039550781,1246400
2014-01-21 00:00:00+09:00,401.57211020425405,409.07034462715507,389.90818999085246,394.9070129394531,805100
2014-01-22 00:00:00+09:00,389.90817834182644,390.74131547503544,374.9117099440639,385.74249267578125,1035400
2014-01-23 00:00:00+09:00,391.57445543077256,393.2407297092014,374.9117126464844,374.9117126464844,585400
2014-01-24 00:00:00+09:00,369.07977800223824,386.57565912649784,367.4135036094516,382.40997314453125,596800
2014-01-27 00:00:00+09:00,374.0785768434027,374.9117139855929,359.082108283979,360.7483825683594,496200
2014-01-28 00:00:00+09:00,362.4146244075749,373.24540628642194,356.5826649343495,357.4158020019531,484200
2014-01-29 00:00:00+09:00,374.9117631178636,394.9070571508163,373.24548861511755,389.9082336425781,1281000
2014-01-30 00:00:00+09:00,378.2442772789339,379.9105516281803,369.91290553270187,376.5780029296875,476900
2014-01-31 00:00:00+09:00,383.2431176864424,385.74252932352795,372.4123339257386,381.57684326171875,502000
2014-02-03 00:00:00+09:00,373.24549720729635,374.9117717484004,364.08098723122436,368.2466735839844,569400
2014-02-04 00:00:00+09:00,355.74959360758464,357.4158680507115,344.0856725056966,349.9176330566406,1141900
2014-02-05 00:00:00+09:00,359.08212006120255,360.7483944002337,346.5850625184693,352.4170227050781,482000
2014-02-06 00:00:00+09:00,348.25134407513514,354.9164415693961,342.41938376765677,351.5838928222656,484100
2014-02-07 00:00:00+09:00,358.24895992236,370.7460166638377,357.4158228062615,369.0797424316406,487000
2014-02-10 00:00:00+09:00,384.0762548988043,387.40880374825156,374.91174556282414,381.57684326171875,786400
2014-02-12 00:00:00+09:00,391.5745091842393,399.07274446649063,388.2419601699053,393.24078369140625,921300
2014-02-13 00:00:00+09:00,391.5744526082445,393.2407268746625,379.9105327433181,385.74249267578125,458200
2014-02-14 00:00:00+09:00,385.74251589281806,390.741338992941,379.9105556093413,386.5756530761719,404000
2014-02-17 00:00:00+09:00,392.4076474614504,399.07274550750475,389.0750984384232,396.5733337402344,554100
2014-02-18 00:00:00+09:00,399.07270745811223,401.57211898707743,389.0750613422514,397.40643310546875,504400
2014-02-19 00:00:00+09:00,397.4064171078331,399.0726913934005,392.4075942511308,395.7401428222656,278900
2014-02-20 00:00:00+09:00,392.4076453966972,395.74019440218933,389.0750963912051,389.9082336425781,266600
2014-02-21 00:00:00+09:00,389.07502988529,396.5732638659487,389.07502988529,394.0738525390625,238500
2014-02-24 00:00:00+09:00,391.5745091842393,395.7401954521567,384.07627390198786,393.24078369140625,265200
2014-02-25 00:00:00+09:00,395.74015875282527,398.2395702817905,394.07388440018184,397.40643310546875,367600
2014-02-26 00:00:00+09:00,397.40642297623003,398.23956013131647,389.90818858045213,391.574462890625,444200
2014-02-27 00:00:00+09:00,396.5732858211436,396.5732858211436,385.74250280501997,391.574462890625,292000
2014-02-28 00:00:00+09:00,383.24309712071573,389.9081944619455,383.24309712071573,387.4087829589844,367100
2014-03-03 00:00:00+09:00,388.2419795530891,388.2419795530891,376.57805742059287,380.7437438964844,220100
2014-03-04 00:00:00+09:00,382.4099804740806,384.9093921111661,377.4111571999096,381.57684326171875,243700
2014-03-05 00:00:00+09:00,379.0774693061278,384.0762930771976,379.0774693061278,380.7437438964844,201800
2014-03-06 00:00:00+09:00,379.91054428807945,382.40995576365896,376.5779956539735,377.4111328125,229400
2014-03-07 00:00:00+09:00,384.07624152611044,389.0750646262333,381.57682997604894,386.5756530761719,338600
2014-03-10 00:00:00+09:00,389.07502988529,394.0738525390625,383.2430701225555,394.0738525390625,347400
2014-03-11 00:00:00+09:00,396.57330931321326,396.57330931321326,389.07507447325753,392.4076232910156,236000
2014-03-12 00:00:00+09:00,384.0762388664379,387.40878757677575,379.07741580093113,379.9105529785156,236400
2014-03-13 00:00:00+09:00,388.2419335192845,388.2419335192845,381.57683594813795,382.40997314453125,194100
2014-03-14 00:00:00+09:00,373.2454322076613,374.91170645858836,359.0821010747813,361.5815124511719,413700
2014-03-17 00:00:00+09:00,359.0821424938384,364.08096582321895,346.5850841703869,349.9176330566406,304500
2014-03-18 00:00:00+09:00,352.4170385742188,359.91527343750005,352.4170385742188,354.08331298828125,251800
2014-03-19 00:00:00+09:00,358.2489842720836,364.9140816538898,352.41702406300317,355.74957275390625,254500
2014-03-20 00:00:00+09:00,354.0832852854312,358.2489709946716,340.753091015862,343.25250244140625,358900
2014-03-24 00:00:00+09:00,342.4194382240033,369.07983244095726,342.4194382240033,362.41473388671875,435300
2014-03-25 00:00:00+09:00,369.0797352146458,381.57679171175573,367.41346101503115,369.9128723144531,480200
2014-03-26 00:00:00+09:00,369.9129375271897,372.41234926723826,357.41587882694677,359.0821533203125,441100
2014-03-27 00:00:00+09:00,363.78703758933324,372.188585801558,360.42641830444336,369.6681213378906,270500
2014-03-28 00:00:00+09:00,376.3892972176535,383.95068934925814,373.0286784924959,383.11053466796875,275000
2014-03-31 00:00:00+09:00,386.47122290826616,390.6719970703125,383.95075841103835,390.6719970703125,298500
2014-04-01 00:00:00+09:00,390.67194338800556,394.8727169728228,388.9916339540786,394.0325622558594,289800
2014-04-02 00:00:00+09:00,397.39321782038763,398.2333726149339,393.19244384765625,393.19244384765625,294500
2014-04-03 00:00:00+09:00,393.1924497289882,396.5530689574411,389.8318305005353,392.352294921875,282600
2014-04-04 00:00:00+09:00,394.0325753163483,399.07350378521414,394.0325753163483,396.55303955078125,277300
2014-04-07 00:00:00+09:00,388.1515009341033,393.1924295176631,385.6310366423234,386.47119140625,178200
2014-04-08 00:00:00+09:00,382.2703823132461,384.7908463724543,372.18852607641327,373.86883544921875,348500
2014-04-09 00:00:00+09:00,365.4673070715578,379.74993746286003,365.4673070715578,375.5491638183594,266000
2014-04-10 00:00:00+09:00,378.9098451327433,389.8318584070796,378.9098451327433,379.75,315900
2014-04-11 00:00:00+09:00,369.6680636935764,384.79084811740455,368.82790900336374,378.0696105957031,277100
2014-04-14 00:00:00+09:00,372.1885727941308,376.3893467534325,365.46733445924804,367.14764404296875,227400
2014-04-15 00:00:00+09:00,373.8688731034243,379.74995650055683,372.18856356138645,377.2294921875,189900
2014-04-16 00:00:00+09:00,378.9098158153976,385.63105423340915,375.5491966063919,383.95074462890625,173300
2014-04-17 00:00:00+09:00,380.5901497920007,387.3113886404246,379.7499949359477,384.7909240722656,195900
2014-04-18 00:00:00+09:00,386.4711855807687,388.1514950832938,383.11056657571856,387.31134033203125,143300
2014-04-21 00:00:00+09:00,387.3113886404246,392.35231777674244,379.7499949359477,384.7909240722656,159400
2014-04-22 00:00:00+09:00,389.8318282446663,390.6719830469178,383.1105898266548,383.95074462890625,145400
2014-04-23 00:00:00+09:00,384.7908851266704,384.7908851266704,375.54918264546217,377.2294921875,189100
2014-04-24 00:00:00+09:00,376.3893788885747,380.59015320652753,369.66813997985014,371.34844970703125,139600
2014-04-25 00:00:00+09:00,371.3483656810538,378.06960306894615,371.3483656810538,374.708984375,199800
2014-04-28 00:00:00+09:00,374.70905525453634,390.6719970703125,365.46735209803427,390.6719970703125,596500
2014-04-30 00:00:00+09:00,390.671987935339,390.671987935339,378.06966574387644,378.9098205566406,390800
2014-05-01 00:00:00+09:00,378.90980761391774,380.59011718205045,373.8688789095197,376.38934326171875,214000
2014-05-02 00:00:00+09:00,376.3892972176535,384.7908440305476,376.3892972176535,383.11053466796875,173000
2014-05-07 00:00:00+09:00,386.47124055144076,394.8727892590808,385.63108568067673,388.15155029296875,609100
2014-05-08 00:00:00+09:00,386.47120549128607,394.87275343674884,383.11058631310095,393.19244384765625,600900
2014-05-09 00:00:00+09:00,394.0325753163483,399.91365853002515,391.51211108191535,396.55303955078125,710300
2014-05-12 00:00:00+09:00,393.19244020979926,394.0325949965723,378.0696540478839,380.5901184082031,263900
2014-05-13 00:00:00+09:00,380.5900729404406,380.5900729404406,373.028680762816,373.86883544921875,412300
2014-05-14 00:00:00+09:00,373.86890742332423,377.22952681589345,366.3075137900435,367.9878234863281,311200
2014-05-15 00:00:00+09:00,365.467290922244,370.50821907289566,361.2665174633676,364.62713623046875,216800
2014-05-16 00:00:00+09:00,363.78699891694464,365.4673083807642,360.4263799893054,362.106689453125,234600
2014-05-19 00:00:00+09:00,359.58628262336526,362.1067472211926,343.6233401704589,345.30364990234375,386500
2014-05-20 00:00:00+09:00,344.46343994140625,351.1846777939215,343.6232852098418,344.46343994140625,223100
2014-05-21 00:00:00+09:00,341.10282816863867,349.504375660477,339.42251867027096,347.8240661621094,231900
2014-05-22 00:00:00+09:00,347.8241035424922,351.1847229003906,344.4634841845937,351.1847229003906,245400
2014-05-23 00:00:00+09:00,354.54529388500225,360.4263769589241,351.1846749856183,353.70513916015625,241000
2014-05-26 00:00:00+09:00,360.42646464363474,360.42646464363474,354.54538013896007,358.74615478515625,128800
2014-05-27 00:00:00+09:00,360.4264270971853,363.7870464640588,353.70518836343825,355.385498046875,288800
2014-05-28 00:00:00+09:00,358.74611741374855,361.26658193890364,352.86503352171985,355.385498046875,168100
2014-05-29 00:00:00+09:00,358.7460482285529,362.10666694732157,349.5043467519391,352.0248107910156,338100
2014-05-30 00:00:00+09:00,352.02485891488885,355.3854780930739,346.9839301476112,349.50439453125,311300
2014-06-02 00:00:00+09:00,353.7051201503999,355.3854295097843,349.5043467519391,352.0248107910156,517200
2014-06-03 00:00:00+09:00,353.7051685039814,354.54532329852765,349.50439453125,349.50439453125,494900
2014-06-04 00:00:00+09:00,349.5043582321643,351.184667646742,347.8240488175866,350.3445129394531,372100
2014-06-05 00:00:00+09:00,352.8649874021172,362.9468441850348,350.3445232063878,362.106689453125,666200
2014-06-06 00:00:00+09:00,362.9468251475087,362.9468251475087,356.2255876447771,360.4263610839844,348700
2014-06-09 00:00:00+09:00,362.10667045966727,366.30744389887457,357.0657423326185,360.4263610839844,406600
2014-06-10 00:00:00+09:00,362.9468470982143,362.9468470982143,352.02483549572173,352.864990234375,396100
2014-06-11 00:00:00+09:00,354.5453432051566,359.5862722554669,351.1847238382831,355.385498046875,348900
2014-06-12 00:00:00+09:00,352.8649654707078,355.3854295097843,348.664192072247,352.0248107910156,415500
2014-06-13 00:00:00+09:00,352.0248297104643,354.54529388500225,349.50436553592635,353.70513916015625,359100
2014-06-16 00:00:00+09:00,354.5452748300921,355.3854295097843,348.664192072247,352.0248107910156,399600
2014-06-17 00:00:00+09:00,352.0248107910156,353.7051201503999,348.664192072247,352.0248107910156,310000
2014-06-18 00:00:00+09:00,351.1846749856183,355.3854486098482,351.1846749856183,353.70513916015625,223700
2014-06-19 00:00:00+09:00,355.38543295693563,361.2665157718258,353.70512358125274,360.4263610839844,495600
2014-06-20 00:00:00+09:00,360.4263784918987,360.4263784918987,355.38545012138263,357.9059143066406,345000
2014-06-23 00:00:00+09:00,359.5862722554669,361.26658193890364,353.70518836343825,355.385498046875,320900
2014-06-24 00:00:00+09:00,356.2256528885934,356.2256528885934,351.1847238382831,355.385498046875,299900
2014-06-25 00:00:00+09:00,357.9059312150285,378.069645649678,356.2256216788077,373.0287170410156,1695400
2014-06-26 00:00:00+09:00,378.0696695501154,380.5901340137828,362.94688276811075,369.6681213378906,793800
2014-06-27 00:00:00+09:00,373.0287084119073,374.70901790925825,358.7460776844244,365.4673156738281,518600
2014-06-30 00:00:00+09:00,365.46732103955617,382.2704162597656,361.2665472345038,382.2704162597656,716300
2014-07-01 00:00:00+09:00,382.2704208136136,386.4711946687083,376.3893374164811,377.2294921875,551200
2014-07-02 00:00:00+09:00,378.90980636562233,379.74996114692084,370.50825855263736,372.1885681152344,290600
2014-07-03 00:00:00+09:00,372.1885609550737,372.1885609550737,365.4673228339888,368.82794189453125,324700
2014-07-04 00:00:00+09:00,369.66808071605845,375.5491638183594,367.9877712582582,375.5491638183594,284400
2014-07-07 00:00:00+09:00,375.5492240249841,378.0696886157558,370.5082948434407,371.34844970703125,211200
2014-07-08 00:00:00+09:00,371.34839891455636,371.34839891455636,359.58623243309984,365.4673156738281,310700
2014-07-09 00:00:00+09:00,359.5862731933594,363.78704741290795,358.74611834944966,359.5862731933594,204100
2014-07-10 00:00:00+09:00,359.5862603400735,360.42641515395223,357.0657958984375,357.0657958984375,258600
2014-07-11 00:00:00+09:00,356.2256164550781,359.58623547823925,354.54530694349756,356.2256164550781,191400
2014-07-14 00:00:00+09:00,357.06573886916857,357.9058935488608,352.0248107910156,352.0248107910156,318200
2014-07-15 00:00:00+09:00,352.86499743191706,358.746080722449,352.86499743191706,356.2256164550781,298700
2014-07-16 00:00:00+09:00,354.54530694349756,357.06577121086843,352.02484267612675,356.2256164550781,326800
2014-07-17 00:00:00+09:00,353.70518836343825,356.2256528885934,352.86503352171985,355.385498046875,277600
2014-07-18 00:00:00+09:00,348.66425931312796,356.2256528885934,348.66425931312796,355.385498046875,266100
2014-07-22 00:00:00+09:00,355.3854486098482,355.3854486098482,350.34452026077236,353.70513916015625,299600
2014-07-23 00:00:00+09:00,354.5453432051566,356.2256528885934,353.70518836343825,355.385498046875,151900
2014-07-24 00:00:00+09:00,355.3854486098482,356.2256033346942,352.0248297104643,353.70513916015625,196400
2014-07-25 00:00:00+09:00,353.70514497302827,356.22560918898813,352.02483549572173,352.864990234375,229700
2014-07-28 00:00:00+09:00,354.54529388500225,357.06575805954014,352.8649844353103,353.70513916015625,236900
2014-07-29 00:00:00+09:00,356.22568999743856,358.74615478515625,355.3855350681993,358.74615478515625,266900
2014-07-30 00:00:00+09:00,358.74615478515625,359.5863097143955,356.22568999743856,358.74615478515625,180600
2014-07-31 00:00:00+09:00,358.74606750923215,359.5862222340781,352.8649844353103,353.70513916015625,372100
2014-08-01 00:00:00+09:00,353.70514497302827,357.90591866629467,352.864990234375,352.864990234375,242000
2014-08-04 00:00:00+09:00,352.86503257933987,356.22565193723835,350.344568060916,351.1847229003906,211100
2014-08-05 00:00:00+09:00,351.18467929334525,353.7051434987999,348.6642150878906,348.6642150878906,153700
2014-08-06 00:00:00+09:00,347.8240706499885,349.50438017003677,342.78314208984375,342.78314208984375,230700
2014-08-07 00:00:00+09:00,344.46344987401426,356.2256164550781,342.7831403624337,356.2256164550781,356800
2014-08-08 00:00:00+09:00,351.18475282682925,352.8650626489672,342.78320371613955,346.9839782714844,257400
2014-08-11 00:00:00+09:00,348.6642035248754,350.3445129394531,346.9838941102977,350.3445129394531,132500
2014-08-12 00:00:00+09:00,348.66422091129317,349.504375660477,346.14375666374167,347.8240661621094,130600
2014-08-13 00:00:00+09:00,348.6642477596508,358.74610552619487,347.82409294577207,357.0657958984375,469700
2014-08-14 00:00:00+09:00,354.5453432051566,355.385498046875,352.0248786800015,355.385498046875,107300
2014-08-15 00:00:00+09:00,355.3854486098482,356.2256033346942,352.0248297104643,353.70513916015625,86300
2014-08-18 00:00:00+09:00,354.5453432051566,355.385498046875,352.86503352171985,355.385498046875,104800
2014-08-19 00:00:00+09:00,355.385498046875,356.2256528885934,352.86503352171985,355.385498046875,127200
2014-08-20 00:00:00+09:00,355.38545012138263,358.74606903506,355.38545012138263,357.9059143066406,244800
2014-08-21 00:00:00+09:00,358.746080722449,359.58623547823925,353.7051521877073,356.2256164550781,151800
2014-08-22 00:00:00+09:00,357.06584492667776,359.5863097143955,355.3855350681993,358.74615478515625,371600
2014-08-25 00:00:00+09:00,358.74606903506,361.266533220318,356.225604849802,357.9059143066406,298200
2014-08-26 00:00:00+09:00,357.90589702046003,365.4672892110331,357.90589702046003,360.4263610839844,381300
2014-08-27 00:00:00+09:00,362.1066721551429,365.467290922244,360.4263627715924,364.62713623046875,351000
2014-08-28 00:00:00+09:00,361.26654052734375,362.10669527275616,357.0657668002816,361.26654052734375,209700
2014-08-29 00:00:00+09:00,357.0657522192499,357.0657522192499,352.8649786637293,354.5452880859375,210200
2014-09-01 00:00:00+09:00,357.905906930354,357.905906930354,354.5452880859375,354.5452880859375,213900
2014-09-02 00:00:00+09:00,357.06575805954014,357.90591278438615,352.8649844353103,353.70513916015625,273300
2014-09-03 00:00:00+09:00,354.54529388500225,354.54529388500225,350.34452026077236,353.70513916015625,301800
2014-09-04 00:00:00+09:00,354.5452864758974,354.5452864758974,350.3445129394531,350.3445129394531,213600
2014-09-05 00:00:00+09:00,352.864990234375,354.54529971168154,350.3445260184152,352.864990234375,183300
2014-09-08 00:00:00+09:00,352.8649654707078,353.7051201503999,349.5043467519391,352.0248107910156,200500
2014-09-09 00:00:00+09:00,350.34454932579627,353.7051685039814,348.66423973670373,349.50439453125,151100
2014-09-10 00:00:00+09:00,348.66423973670373,351.18470412034253,347.82408494215747,349.50439453125,162000
2014-09-11 00:00:00+09:00,351.18467929334525,351.18467929334525,346.143750882436,348.6642150878906,161100
2014-09-12 00:00:00+09:00,349.50439453125,352.02485891488885,348.66423973670373,349.50439453125,167200
2014-09-16 00:00:00+09:00,349.50441415484636,356.2256528885934,349.50441415484636,355.385498046875,330900
2014-09-17 00:00:00+09:00,353.7051685039814,355.3854780930739,349.50439453125,349.50439453125,184500
2014-09-18 00:00:00+09:00,352.8649654707078,352.8649654707078,348.664192072247,352.0248107910156,157100
2014-09-19 00:00:00+09:00,352.8649844353103,360.4263769589241,348.6642108110804,353.70513916015625,752800
2014-09-22 00:00:00+09:00,356.22565193723835,358.7461164556622,351.1847229003906,351.1847229003906,197900
2014-09-24 00:00:00+09:00,351.1846749856183,354.54529388500225,351.1846749856183,353.70513916015625,178500
2014-09-25 00:00:00+09:00,357.06575805954014,357.06575805954014,349.50436553592635,353.70513916015625,726100
2014-09-26 00:00:00+09:00,348.66422091129317,349.504375660477,346.9839114129255,347.8240661621094,335000
2014-09-29 00:00:00+09:00,350.3445304096609,351.18468515884473,347.8240661621094,347.8240661621094,182900
2014-09-30 00:00:00+09:00,347.82413318255334,351.18475282682925,345.30366844934645,346.9839782714844,237100
2014-10-01 00:00:00+09:00,346.14373779296875,350.34451130987367,345.30358308958773,346.14373779296875,203400
2014-10-02 00:00:00+09:00,342.78318969726564,342.78318969726564,336.06195068359375,336.06195068359375,295700
2014-10-03 00:00:00+09:00,334.381591796875,336.90205605665045,330.1808180305826,334.381591796875,383100
2014-10-06 00:00:00+09:00,337.74219486631193,342.7831231478987,337.74219486631193,341.1028137207031,156700
2014-10-07 00:00:00+09:00,336.0618514244003,337.74216068152225,331.02092365303423,332.70123291015625,307100
2014-10-08 00:00:00+09:00,327.6603885572784,330.1808530846421,320.9391498176419,329.3406982421875,230200
2014-10-09 00:00:00+09:00,327.6603856580011,329.3406953280421,315.89821796771383,316.7383728027344,337400
2014-10-10 00:00:00+09:00,324.29969959689265,338.5823288537506,319.25877162388394,335.2217102050781,1050700
2014-10-14 00:00:00+09:00,331.86113532759697,331.86113532759697,319.2588137328781,320.0989685058594,411300
2014-10-15 00:00:00+09:00,320.93910430666637,323.45956847661404,315.8981759667711,318.41864013671875,373700
2014-10-16 00:00:00+09:00,314.21787663941745,315.898186140163,309.1769481371808,312.5375671386719,347700
2014-10-17 00:00:00+09:00,311.6973934689084,315.0580122664168,310.01708407015417,310.85723876953125,213900
2014-10-20 00:00:00+09:00,315.0580536124026,326.8202209472656,315.0580536124026,326.8202209472656,218300
2014-10-21 00:00:00+09:00,325.13987792324576,327.66034209319344,315.05802124345524,318.41864013671875,193900
2014-10-22 00:00:00+09:00,321.7792490430446,325.13986783200596,320.098939648564,324.2997131347656,115300
2014-10-23 00:00:00+09:00,321.7792780518219,322.61943282480314,318.41865895989685,320.0989685058594,104400
2014-10-24 00:00:00+09:00,322.61939050261094,327.66031847921425,320.0989265143093,321.77923583984375,318000
2014-10-27 00:00:00+09:00,325.13987363344665,325.98002834567774,320.0989453600599,323.4595642089844,219700
2014-10-28 00:00:00+09:00,323.45957726547397,327.66035099619444,323.45957726547397,325.98004150390625,135800
2014-10-29 00:00:00+09:00,325.98003716638243,333.5414297810666,322.61941822652284,331.0209655761719,314400
2014-10-30 00:00:00+09:00,328.50055679321287,336.06195068359375,323.45962753295896,336.06195068359375,472200
2014-10-31 00:00:00+09:00,335.22175496919147,341.9429931640625,331.0209810973971,341.9429931640625,438000
2014-11-04 00:00:00+09:00,343.6232608863112,346.9838795746859,315.8981567072201,330.1807861328125,557800
2014-11-05 00:00:00+09:00,330.18084401932975,331.02099883871733,315.05805727035283,317.5785217285156,591400
2014-11-06 00:00:00+09:00,318.4186134645191,321.77923207628186,311.69737624099366,313.377685546875,560300
2014-11-07 00:00:00+09:00,313.3776970629422,315.05800643057194,310.0170783276828,311.6973876953125,453500
2014-11-10 00:00:00+09:00,311.69739927379743,313.37770870384486,308.33678041370257,310.01708984375,395700
2014-11-11 00:00:00+09:00,310.0170765861136,310.8572312652088,306.656457869733,307.4966125488281,418100
2014-11-12 00:00:00+09:00,308.33677720093795,309.1769319072075,300.7753848445117,301.61553955078125,792300
2014-11-13 00:00:00+09:00,301.6155354539009,310.0170824024775,300.77538075904323,306.6564636230469,415700
2014-11-14 00:00:00+09:00,310.017131152074,310.017131152074,302.4557377093405,304.13604736328125,347600
2014-11-17 00:00:00+09:00,303.2958679199219,308.33679647260755,302.4557131611409,303.2958679199219,291200
2014-11-18 00:00:00+09:00,304.13602267870283,306.6564869550457,303.2958679199219,303.2958679199219,241100
2014-11-19 00:00:00+09:00,305.81634521484375,308.3368095984826,304.1360356257512,305.81634521484375,235400
2014-11-20 00:00:00+09:00,305.81633219626474,306.6564869550457,303.2958679199219,303.2958679199219,153400
2014-11-21 00:00:00+09:00,304.13604736328125,304.9762021902516,300.7754280553997,304.13604736328125,397200
2014-11-25 00:00:00+09:00,304.1360356257512,306.65650000939,304.1360356257512,305.81634521484375,250800
2014-11-26 00:00:00+09:00,305.81635802058497,310.8572869989463,305.81635802058497,308.3368225097656,396600
2014-11-27 00:00:00+09:00,309.1769773394925,312.53759665840005,308.3368225097656,308.3368225097656,252900
2014-11-28 00:00:00+09:00,306.65651285031186,308.3368225097656,305.81635802058497,308.3368225097656,296100
2014-12-01 00:00:00+09:00,309.1769277076199,309.1769277076199,304.97615423333156,306.6564636230469,232600
2014-12-02 00:00:00+09:00,304.13604736328125,305.81635701722206,302.4557377093405,304.13604736328125,367500
2014-12-03 00:00:00+09:00,304.13602267870283,305.81633219626474,303.2958679199219,303.2958679199219,232700
2014-12-04 00:00:00+09:00,303.29587376912434,304.9761833190918,300.7754094441732,302.4557189941406,301300
2014-12-05 00:00:00+09:00,300.775403643579,303.2958679199219,299.09509412601716,303.2958679199219,375500
2014-12-08 00:00:00+09:00,309.17692858443974,326.8201772264866,307.4966191899591,324.2997131347656,1677400
2014-12-09 00:00:00+09:00,320.098998130636,322.6194626828458,315.0580690262166,315.8982238769531,596600
2014-12-10 00:00:00+09:00,310.0170783276828,315.05800643057194,303.2958408571639,311.6973876953125,391400
2014-12-11 00:00:00+09:00,309.1769792875497,318.4186824727754,306.65651478248816,316.7383728027344,286100
2014-12-12 00:00:00+09:00,316.73836690912805,320.0989861866785,316.73836690912805,317.5785217285156,341000
2014-12-15 00:00:00+09:00,316.7383599102816,319.2588243127507,313.37774070698947,314.2178955078125,244900
2014-12-16 00:00:00+09:00,310.85724885798686,312.53755831127324,304.13601104484115,304.9761657714844,289200
2014-12-17 00:00:00+09:00,304.97616423708104,307.4966284043296,300.775390625,300.775390625,394500
2014-12-18 00:00:00+09:00,305.8163189594972,305.8163189594972,300.775390625,300.775390625,220100
2014-12-19 00:00:00+09:00,303.2958679199219,304.13602267870283,300.775403643579,303.2958679199219,297600
2014-12-22 00:00:00+09:00,303.29587376912434,303.29587376912434,299.9352546691894,302.4557189941406,346600
2014-12-24 00:00:00+09:00,304.1359752454256,348.6641705161647,299.9352021066766,319.2587585449219,5871400
2014-12-25 00:00:00+09:00,305.81634521484375,311.69742877666766,303.29588083120495,305.81634521484375,1177300
2014-12-26 00:00:00+09:00,306.656457869733,310.8572312652088,305.8163031906378,307.4966125488281,322900
2014-12-29 00:00:00+09:00,309.1769481371808,314.21787663941745,308.336793386808,312.5375671386719,515300
2014-12-30 00:00:00+09:00,313.37772188904466,315.0580313897902,312.5375671386719,312.5375671386719,401400
2015-01-05 00:00:00+09:00,312.5375289916992,327.6603126525879,312.5375289916992,322.619384765625,714900
2015-01-06 00:00:00+09:00,316.73832166517104,317.5784763645482,310.85723876953125,310.85723876953125,431000
2015-01-07 00:00:00+09:00,310.8572869989463,315.0580611475807,306.65651285031186,308.3368225097656,334000
2015-01-08 00:00:00+09:00,311.69739927379743,312.5375539888211,308.33678041370257,310.01708984375,251400
2015-01-09 00:00:00+09:00,308.33679647260755,309.1769512313885,303.2958679199219,303.2958679199219,377400
2015-01-13 00:00:00+09:00,305.81629367040887,315.89814950569706,304.9761390174682,313.377685546875,626000
2015-01-14 00:00:00+09:00,313.37769530249426,315.05800466068456,307.4966125488281,307.4966125488281,231900
2015-01-15 00:00:00+09:00,307.49666768003874,310.8572869989463,305.81635802058497,308.3368225097656,200700
2015-01-16 00:00:00+09:00,304.9761657714844,306.6564752247708,301.61554686491155,304.9761657714844,374000
2015-01-19 00:00:00+09:00,308.33679647260755,308.33679647260755,301.61555840235997,303.2958679199219,176600
2015-01-20 00:00:00+09:00,303.2958679199219,305.81633219626474,301.61555840235997,303.2958679199219,307300
2015-01-21 00:00:00+09:00,302.4557000698324,304.1360095146648,300.775390625,300.775390625,401700
2015-01-22 00:00:00+09:00,299.93523435079345,301.61554378693234,289.85337773396003,296.5746154785156,590000
2015-01-23 00:00:00+09:00,298.254945119222,304.9761833190918,297.41479034423827,302.4557189941406,303700
2015-01-26 00:00:00+09:00,302.4557260366587,306.65650000939,302.4557260366587,305.81634521484375,213200
2015-01-27 00:00:00+09:00,307.49663863643525,312.5375671386719,306.65648388606246,312.5375671386719,428900
2015-01-28 00:00:00+09:00,308.3367861872134,311.6974051102348,308.3367861872134,309.17694091796875,298700
2015-01-29 00:00:00+09:00,308.33679647260755,308.33679647260755,303.2958679199219,303.2958679199219,312500
2015-01-30 00:00:00+09:00,303.295856318198,305.8163204981276,299.09508268498195,304.9761657714844,361900
2015-02-02 00:00:00+09:00,303.2958679199219,308.33679647260755,301.61555840235997,303.2958679199219,251200
2015-02-03 00:00:00+09:00,304.13600366959,304.9761583758596,299.9352301382421,301.61553955078125,356000
2015-02-04 00:00:00+09:00,302.45569014875855,310.8572370973352,302.45569014875855,306.6564636230469,548900
2015-02-05 00:00:00+09:00,309.1769792875497,318.4186824727754,309.1769792875497,316.7383728027344,969200
2015-02-06 00:00:00+09:00,316.73836690912805,319.25883136729084,315.05805727035283,317.5785217285156,387100
2015-02-09 00:00:00+09:00,319.25880353475355,325.98004150390625,318.41864878860946,325.98004150390625,782700
2015-02-10 00:00:00+09:00,323.4595600723306,331.8611070871963,320.93909596787086,328.50048828125,556500
2015-02-12 00:00:00+09:00,331.02092365303423,336.0618514244003,328.50045976735123,332.70123291015625,764400
2015-02-13 00:00:00+09:00,332.7012386273734,334.38154791337024,324.2996921973892,331.861083984375,439300
2015-02-16 00:00:00+09:00,331.8611636990564,336.0619379230951,331.8611636990564,333.5414733886719,360400
2015-02-17 00:00:00+09:00,335.22174655013345,336.06190130339195,332.70128229035805,334.381591796875,281000
2015-02-18 00:00:00+09:00,300.7753567344264,325.97999556692025,300.7753567344264,319.2587585449219,1044000
2015-02-19 00:00:00+09:00,319.2587857633024,321.7792498614337,309.17692937077703,310.85723876953125,512100
2015-02-20 00:00:00+09:00,310.8572312652088,314.2178499815894,306.656457869733,307.4966125488281,475700
2015-02-23 00:00:00+09:00,306.65651184419244,309.1769763251036,302.4557377093405,304.13604736328125,605300
2015-02-24 00:00:00+09:00,303.2958925363109,306.65651184419244,303.2958925363109,304.13604736328125,412800
2015-02-25 00:00:00+09:00,305.8163204981276,307.49662995141404,304.13601104484115,304.9761657714844,305000
2015-02-26 00:00:00+09:00,304.9761657714844,306.6564752247708,303.295856318198,304.9761657714844,379200
2015-02-27 00:00:00+09:00,305.81631626863145,311.69739927379743,305.81631626863145,310.01708984375,333900
2015-03-02 00:00:00+09:00,314.2179063178538,315.0580611475807,307.49666768003874,308.3368225097656,402400
2015-03-03 00:00:00+09:00,310.8572607489504,311.69741550773136,302.4557131611409,303.2958679199219,615900
2015-03-04 00:00:00+09:00,302.4557000698324,303.29585479224863,300.775390625,300.775390625,358000
2015-03-05 00:00:00+09:00,301.6155828823701,305.81635701722206,301.6155828823701,304.13604736328125,240500
2015-03-06 00:00:00+09:00,305.81630892818924,308.3367730127622,304.97615423333156,306.6564636230469,222700
2015-03-09 00:00:00+09:00,304.13602267870283,305.81633219626474,301.61555840235997,303.2958679199219,385000
2015-03-10 00:00:00+09:00,302.4557000698324,303.29585479224863,300.775390625,300.775390625,232400
2015-03-11 00:00:00+09:00,300.775390625,302.4557000698324,299.0950811801676,300.775390625,360800
2015-03-12 00:00:00+09:00,300.77537738638864,302.45568675726236,297.41475864464127,298.2549133300781,429700
2015-03-13 00:00:00+09:00,297.4147644042969,298.2549191060039,295.73445500088275,297.4147644042969,575200
2015-03-16 00:00:00+09:00,296.57461131316376,301.61553955078125,296.57461131316376,301.61553955078125,311500
2015-03-17 00:00:00+09:00,302.4557117933638,304.97617605830845,298.2549380184559,299.0950927734375,334800
2015-03-18 00:00:00+09:00,302.4556942570508,303.2958489633204,299.0950754319725,301.61553955078125,278500
2015-03-19 00:00:00+09:00,301.61554534741623,303.29585479224863,299.9352359025838,300.775390625,232100
2015-03-20 00:00:00+09:00,300.7753848445117,303.2958489633204,299.9352301382421,301.61553955078125,404000
2015-03-23 00:00:00+09:00,304.13604736328125,304.9762021902516,302.4557377093405,304.13604736328125,476300
2015-03-24 00:00:00+09:00,304.97615423333156,308.3367730127622,304.1359995384739,306.6564636230469,543000
2015-03-25 00:00:00+09:00,306.6564636230469,309.1769277076199,306.6564636230469,306.6564636230469,370500
2015-03-26 00:00:00+09:00,306.656457869733,309.1769219070185,306.656457869733,307.4966125488281,347000
2015-03-27 00:00:00+09:00,307.4966177342662,309.19549407533947,304.0988650521196,304.94830322265625,389700
2015-03-30 00:00:00+09:00,302.4000124463848,305.7977653952206,300.7011359719669,303.24945068359375,334900
2015-03-31 00:00:00+09:00,304.9483137698079,305.7977519697238,299.8516845703125,299.8516845703125,527500
2015-04-01 00:00:00+09:00,300.7011241380063,305.7977533606844,300.7011241380063,304.098876953125,365500
2015-04-02 00:00:00+09:00,304.09888770363546,304.09888770363546,299.00225830078125,299.00225830078125,549400
2015-04-03 00:00:00+09:00,300.7011359719669,303.24945068359375,299.851697734758,303.24945068359375,360400
2015-04-06 00:00:00+09:00,301.55054900605796,303.2494253384865,299.8516726736295,300.70111083984375,247900
2015-04-07 00:00:00+09:00,300.7011359719669,303.24945068359375,300.7011359719669,303.24945068359375,196600
2015-04-08 00:00:00+09:00,303.24947560628254,307.4966671413846,302.4000372992622,305.79779052734375,355900
2015-04-09 00:00:00+09:00,305.7977398371292,305.7977398371292,299.8516726736295,300.70111083984375,467000
2015-04-10 00:00:00+09:00,302.3999991700602,302.3999991700602,299.0022463703966,299.8516845703125,380600
2015-04-13 00:00:00+09:00,301.5505505405097,304.94830322265625,299.00223602889974,304.94830322265625,395400
2015-04-14 00:00:00+09:00,304.098876953125,304.9483151569047,301.55056234178596,304.098876953125,257000
2015-04-15 00:00:00+09:00,304.0988635047007,304.0988635047007,299.8516726736295,300.70111083984375,270700
2015-04-16 00:00:00+09:00,299.8516845703125,300.7011227702284,298.1528081704807,299.8516845703125,337200
2015-04-17 00:00:00+09:00,299.8517085670406,300.7011468349359,298.15283203125,298.15283203125,316400
2015-04-20 00:00:00+09:00,298.1528121284817,298.1528121284817,293.0561828613281,293.0561828613281,546900
2015-04-21 00:00:00+09:00,293.05617759967674,295.6044921875,293.05617759967674,295.6044921875,391400
2015-04-22 00:00:00+09:00,293.0561828613281,293.9056210725204,291.3573064389436,293.0561828613281,478900
2015-04-23 00:00:00+09:00,293.90564516473444,293.90564516473444,291.3573303222656,291.3573303222656,367100
2015-04-24 00:00:00+09:00,291.3573064389436,293.0561828613281,291.3573064389436,293.0561828613281,278900
2015-04-27 00:00:00+09:00,293.05616423141123,294.75504054579625,291.35728791702627,292.20672607421875,238800
2015-04-28 00:00:00+09:00,292.20676860308856,293.0562068839115,290.5078920414427,291.3573303222656,351100
2015-04-30 00:00:00+09:00,292.20676860308856,292.20676860308856,289.65845376061975,291.3573303222656,339100
2015-05-01 00:00:00+09:00,290.5078920414427,291.3573303222656,287.9595771989739,291.3573303222656,503800
2015-05-07 00:00:00+09:00,290.50787893649755,291.3573171790019,287.9595642089844,287.9595642089844,313400
2015-05-08 00:00:00+09:00,287.9595352882563,293.05616423141123,287.9595352882563,292.20672607421875,421700
2015-05-11 00:00:00+09:00,291.35731176186727,291.35731176186727,287.9595588550233,290.50787353515625,537600
2015-05-12 00:00:00+09:00,289.6584353084453,291.35731176186727,288.8089970817343,290.50787353515625,297000
2015-05-13 00:00:00+09:00,288.8090144953079,289.65845277323524,287.1101379394531,287.1101379394531,281600
2015-05-14 00:00:00+09:00,287.110155665232,288.8090323259731,282.013525683009,283.71240234375,569900
2015-05-15 00:00:00+09:00,284.5618088557003,285.41124709109044,278.6157412079692,279.4651794433594,501600
2015-05-18 00:00:00+09:00,281.1640873526385,284.5618406741205,281.1640873526385,283.71240234375,279500
2015-05-19 00:00:00+09:00,284.56181123896687,289.65844069399316,283.7123729964625,287.9595642089844,505800
2015-05-20 00:00:00+09:00,289.6583580040001,291.35723400402355,282.0134160038945,282.86285400390625,732000
2015-05-21 00:00:00+09:00,283.7123664833318,287.95955759835175,283.7123664833318,286.26068115234375,285200
2015-05-22 00:00:00+09:00,287.11012596648,288.80900245148877,286.26068772397565,287.9595642089844,373700
2015-05-25 00:00:00+09:00,290.5078497598338,293.05616423141123,289.65841160264125,292.20672607421875,518900
2015-05-26 00:00:00+09:00,293.9056210725204,294.7550592837126,292.2067446501359,293.0561828613281,418100
2015-05-27 00:00:00+09:00,293.90564516473444,294.7550834455573,290.5078920414427,291.3573303222656,392600
2015-05-28 00:00:00+09:00,292.2067499885782,292.2067499885782,289.6584353084453,290.50787353515625,266600
2015-05-29 00:00:00+09:00,290.5078722673637,291.3573104903677,286.26068115234375,286.26068115234375,899300
2015-06-01 00:00:00+09:00,288.809009003849,293.90563857450513,287.95957074207297,289.658447265625,702100
2015-06-02 00:00:00+09:00,290.5078682277514,293.9056210725204,290.5078682277514,293.0561828613281,326400
2015-06-03 00:00:00+09:00,293.0561828613281,293.9056210725204,291.3573064389436,293.0561828613281,278800
2015-06-04 00:00:00+09:00,293.05621979903077,297.30341139032106,292.2067814807727,294.7550964355469,586400
2015-06-05 00:00:00+09:00,293.90557861328125,295.6044547902366,293.90557861328125,293.90557861328125,290500
2015-06-08 00:00:00+09:00,295.60452172638026,295.60452172638026,289.65845376061975,291.3573303222656,313100
2015-06-09 00:00:00+09:00,291.3573051003849,291.3573051003849,288.8089904785156,288.8089904785156,211100
2015-06-10 00:00:00+09:00,288.80897344544877,293.05616423141123,288.80897344544877,292.20672607421875,396900
2015-06-11 00:00:00+09:00,291.3573303222656,292.20676860308856,289.65845376061975,291.3573303222656,173900
2015-06-12 00:00:00+09:00,291.35728791702627,293.05616423141123,290.5078497598338,292.20672607421875,276500
2015-06-15 00:00:00+09:00,292.2067499885782,292.2067499885782,289.6584353084453,290.50787353515625,213500
2015-06-16 00:00:00+09:00,291.35731176186727,292.2067499885782,290.50787353515625,290.50787353515625,142700
2015-06-17 00:00:00+09:00,292.20672607421875,294.75504054579625,290.5078497598338,292.20672607421875,200000
2015-06-18 00:00:00+09:00,290.50787353515625,292.2067499885782,290.50787353515625,290.50787353515625,200000
2015-06-19 00:00:00+09:00,292.20676860308856,292.20676860308856,290.5078920414427,291.3573303222656,238900
2015-06-22 00:00:00+09:00,293.0561828613281,293.0561828613281,291.3573064389436,293.0561828613281,125100
2015-06-23 00:00:00+09:00,293.90557861328125,294.7550167017589,291.3572643478482,293.90557861328125,280900
2015-06-24 00:00:00+09:00,293.90557861328125,295.6044547902366,293.90557861328125,293.90557861328125,196500
2015-06-25 00:00:00+09:00,293.9056210725204,294.7550592837126,293.0561828613281,293.0561828613281,194400
2015-06-26 00:00:00+09:00,293.05618821528924,293.05618821528924,290.50787353515625,290.50787353515625,204300
2015-06-29 00:00:00+09:00,288.8089958213557,289.6584340443597,285.4112429293398,286.26068115234375,348600
2015-06-30 00:00:00+09:00,286.26068115234375,287.1101193753477,284.5618047063358,286.26068115234375,208300
2015-07-01 00:00:00+09:00,287.9595642089844,287.9595642089844,285.41124948147126,287.9595642089844,118600
2015-07-02 00:00:00+09:00,288.809009003849,289.658447265625,287.11013248029695,289.658447265625,158300
2015-07-03 00:00:00+09:00,290.5078722673637,290.5078722673637,286.26068115234375,286.26068115234375,169600
2015-07-06 00:00:00+09:00,286.2607173348615,287.110155665232,283.71240234375,283.71240234375,192700
2015-07-07 00:00:00+09:00,284.5618047063358,287.95955759835175,284.5618047063358,286.26068115234375,159000
2015-07-08 00:00:00+09:00,286.2607042717211,287.1101425633286,280.31463623046875,280.31463623046875,280300
2015-07-09 00:00:00+09:00,280.3145836139547,280.3145836139547,257.37975404554027,270.97076416015625,696000
2015-07-10 00:00:00+09:00,271.8202383306962,273.51911482026304,267.5730471067791,268.4224853515625,257000
2015-07-13 00:00:00+09:00,270.97075233459475,272.6696285247803,269.2718761444092,271.8201904296875,143500
2015-07-14 00:00:00+09:00,275.2180119785694,278.6157652128727,275.2180119785694,277.7663269042969,196300
2015-07-15 00:00:00+09:00,277.7662976736046,282.8629269887166,277.7662976736046,282.01348876953125,131300
2015-07-16 00:00:00+09:00,282.86285400390625,283.712292003918,282.0134160038945,282.86285400390625,90600
2015-07-17 00:00:00+09:00,283.71237726586105,283.71237726586105,280.314624244713,281.1640625,186800
2015-07-21 00:00:00+09:00,283.71240234375,283.71240234375,282.013525683009,283.71240234375,156100
2015-07-22 00:00:00+09:00,282.86293901057405,282.86293901057405,281.1640625,281.1640625,131700
2015-07-23 00:00:00+09:00,282.8629269887166,282.8629269887166,281.1640505503459,282.01348876953125,123800
2015-07-24 00:00:00+09:00,282.0134160038945,285.41116800394144,282.0134160038945,282.86285400390625,204100
2015-07-27 00:00:00+09:00,282.8629640133795,284.5618406741205,282.8629640133795,283.71240234375,171400
2015-07-28 00:00:00+09:00,283.71235989243235,284.5617980957031,282.01348348589084,284.5617980957031,257200
2015-07-29 00:00:00+09:00,286.26060600395317,286.26060600395317,282.86285400390625,282.86285400390625,111500
2015-07-30 00:00:00+09:00,285.4112548828125,286.2606931413923,283.7123783656529,285.4112548828125,152000
2015-07-31 00:00:00+09:00,286.26068772397565,287.9595642089844,284.56181123896687,287.9595642089844,187700
2015-08-03 00:00:00+09:00,288.8089500824151,295.6044547902366,288.8089500824151,293.90557861328125,349900
2015-08-04 00:00:00+09:00,294.7550834455573,294.7550834455573,289.65845376061975,291.3573303222656,184400
2015-08-05 00:00:00+09:00,291.3573064389436,293.0561828613281,287.9595535941746,293.0561828613281,184200
2015-08-06 00:00:00+09:00,293.9056210725204,293.9056210725204,290.5078682277514,293.0561828613281,156100
2015-08-07 00:00:00+09:00,293.05618821528924,293.05618821528924,289.6584353084453,290.50787353515625,129000
2015-08-10 00:00:00+09:00,290.5078682277514,293.0561828613281,285.41123896059787,293.0561828613281,221400
2015-08-11 00:00:00+09:00,293.0561828613281,294.7550592837126,291.3573064389436,293.0561828613281,250700
2015-08-12 00:00:00+09:00,293.05614052480354,294.7550167017589,291.3572643478482,293.90557861328125,227400
2015-08-13 00:00:00+09:00,294.7550539915589,295.6044921875,293.05617759967674,295.6044921875,309600
2015-08-14 00:00:00+09:00,296.4538928787143,296.4538928787143,293.90557861328125,293.90557861328125,247000
2015-08-17 00:00:00+09:00,297.3033699705648,302.3999991700602,294.7550553708171,299.8516845703125,514800
2015-08-18 00:00:00+09:00,300.7011294082857,301.5505676269531,298.15281475228323,301.5505676269531,273600
2015-08-19 00:00:00+09:00,299.8517085670406,300.7011468349359,297.30339376335473,298.15283203125,184300
2015-08-20 00:00:00+09:00,297.30337391728943,299.8516885508662,293.0561828613281,293.0561828613281,162700
2015-08-21 00:00:00+09:00,286.26069203172204,287.9595685422961,280.314624244713,281.1640625,332700
2015-08-24 00:00:00+09:00,270.1213349307261,276.9168402120022,249.73481908689774,253.9820098876953,762200
2015-08-25 00:00:00+09:00,242.9393858573806,255.68096203871175,210.66072619800835,241.24050903320312,908400
2015-08-26 00:00:00+09:00,242.08988241953395,251.43370244274402,242.08988241953395,248.03594970703125,361800
2015-08-27 00:00:00+09:00,254.83147649481745,261.62698253467926,253.98203823983474,257.3797912597656,352200
2015-08-28 00:00:00+09:00,262.4763965043865,265.0247110335553,255.6808910932697,259.0786437988281,346300
2015-08-31 00:00:00+09:00,262.4764099121094,265.02472457145024,259.0786570329882,262.4764099121094,201000
2015-09-01 00:00:00+09:00,264.17532132122966,265.87419798567487,250.58430800566802,251.43374633789062,335000
2015-09-02 00:00:00+09:00,249.7348175048828,253.13257012399686,245.48762673099023,249.7348175048828,327100
2015-09-03 00:00:00+09:00,254.83144297941553,257.3797574092097,247.18649969003306,248.8853759765625,137500
2015-09-04 00:00:00+09:00,252.28316732553333,253.13260559935668,241.24046976582986,242.93934631347656,270100
2015-09-07 00:00:00+09:00,240.39097248916084,244.63816281582444,236.99322022782994,239.54153442382812,162000
2015-09-08 00:00:00+09:00,238.6921684154566,243.78879834603572,234.44497680664062,234.44497680664062,149000
2015-09-09 00:00:00+09:00,248.03597926761216,248.03597926761216,237.8427198456555,243.78878784179688,237600
2015-09-10 00:00:00+09:00,240.39107062111438,243.78882426946936,236.14387856067066,241.24050903320312,148300
2015-09-11 00:00:00+09:00,237.84270816379123,244.63821411132812,237.84270816379123,244.63821411132812,263900
2015-09-14 00:00:00+09:00,248.03596708509656,249.73484357198078,244.63821411132812,244.63821411132812,139600
2015-09-15 00:00:00+09:00,246.33709940876992,248.88541423023997,242.0899080396532,242.93934631347656,145700
2015-09-16 00:00:00+09:00,243.78875238276038,246.3370668675976,237.84268525147354,238.69212341308594,162900
2015-09-17 00:00:00+09:00,239.54158465067545,246.33709059821234,238.69214640723334,244.63821411132812,206500
2015-09-18 00:00:00+09:00,244.63825951026942,245.48769791134674,240.3910675048828,240.3910675048828,235100
2015-09-24 00:00:00+09:00,243.7887504214332,253.13257012399686,242.08987411187618,249.7348175048828,508700
2015-09-25 00:00:00+09:00,263.3258340085623,299.0022373258514,259.92808131167766,274.3685302734375,10541300
2015-09-28 00:00:00+09:00,284.56181123896687,293.90563190651505,277.76630529893185,287.9595642089844,3890500
2015-09-29 00:00:00+09:00,283.7123664833318,288.8089958213557,272.66966958428,286.26068115234375,1722200
2015-09-30 00:00:00+09:00,292.20672607421875,295.60447870298873,286.2606589738713,292.20672607421875,1377800
2015-10-01 00:00:00+09:00,292.2067472216109,308.3460733762929,287.11011790960606,301.5505676269531,2900700
2015-10-02 00:00:00+09:00,299.8516872605673,310.04494575101154,297.3033726379563,308.3460693359375,1583400
2015-10-05 00:00:00+09:00,314.292161259955,315.9910378073061,304.0989019758483,306.647216796875,1286300
2015-10-06 00:00:00+09:00,310.04496989157724,313.4427229862794,302.40002542849726,306.647216796875,1055700
2015-10-07 00:00:00+09:00,304.0988999065171,306.647214710203,293.05620242387823,298.15283203125,1021400
2015-10-08 00:00:00+09:00,293.9056264420002,297.30337934884415,288.8089970817343,290.50787353515625,712700
2015-10-09 00:00:00+09:00,287.110155665232,288.8090323259731,280.314649022268,283.71240234375,874000
2015-10-13 00:00:00+09:00,282.86292302748734,293.90561972225413,282.86292302748734,288.8089904785156,839000
2015-10-14 00:00:00+09:00,286.26067585664634,297.30337255141313,283.7123612347771,288.8089904785156,691200
2015-10-15 00:00:00+09:00,287.95955759835175,289.6584340443597,283.7123664833318,286.26068115234375,389300
2015-10-16 00:00:00+09:00,287.9595563038286,289.6584327421993,282.01348876953125,282.01348876953125,316800
2015-10-19 00:00:00+09:00,280.314624244713,284.56181552114805,280.314624244713,281.1640625,344700
2015-10-20 00:00:00+09:00,279.46518487286716,282.0134996285468,276.9168701171875,276.9168701171875,308300
2015-10-21 00:00:00+09:00,279.46519439074456,298.15283656884907,276.9168795482758,291.3573303222656,1759600
2015-10-22 00:00:00+09:00,291.3573037218692,291.3573037218692,282.01348348589084,284.5617980957031,1043300
2015-10-23 00:00:00+09:00,293.05619366401066,293.05619366401066,285.41124948147126,287.9595642089844,621900
2015-10-26 00:00:00+09:00,288.8089958213557,289.6584340443597,285.4112429293398,286.26068115234375,586800
2015-10-27 00:00:00+09:00,286.26069966152573,290.50789105116263,286.26069966152573,287.1101379394531,466300
2015-10-28 00:00:00+09:00,287.95958085493606,288.80901914654356,278.6157596472538,280.31463623046875,637400
2015-10-29 00:00:00+09:00,281.16407452207625,282.0135128136837,277.7663213556463,280.31463623046875,362500
2015-10-30 00:00:00+09:00,277.7662570953369,279.4651332855225,271.8201904296875,271.8201904296875,706500
2015-11-02 00:00:00+09:00,280.31459059670703,281.1640287500304,272.6696472167969,272.6696472167969,549200
2015-11-04 00:00:00+09:00,274.36850787431763,274.36850787431763,264.1752506158291,265.0246887207031,557400
2015-11-05 00:00:00+09:00,259.92807700881195,263.32582964945,253.9820098876953,253.9820098876953,902500
2015-11-06 00:00:00+09:00,253.98198967737866,260.77749441791053,253.13255158481218,256.5303039550781,616200
2015-11-09 00:00:00+09:00,271.8201904296875,274.3685047149658,268.42243804931644,271.8201904296875,1031600
2015-11-10 00:00:00+09:00,265.02471400669646,270.9707813081287,265.02471400669646,267.5730285644531,524400
2015-11-11 00:00:00+09:00,270.97075233459475,273.51906661987306,270.12131423950194,271.8201904296875,530600
2015-11-12 00:00:00+09:00,271.82025704850156,274.3685719583313,268.42250383539533,269.2719421386719,623500
2015-11-13 00:00:00+09:00,268.42244114019934,268.42244114019934,264.1752506158291,265.0246887207031,521900
2015-11-16 00:00:00+09:00,254.83147649481745,262.476420789662,254.83147649481745,257.3797912597656,736500
2015-11-17 00:00:00+09:00,260.7774963378906,262.4763725355316,259.07862014024965,260.7774963378906,420800
2015-11-18 00:00:00+09:00,262.4764198350029,281.1640613766536,260.77754333121646,276.9168701171875,1798000
2015-11-19 00:00:00+09:00,277.76632042518025,280.31463529146635,272.6696906926082,276.06744384765625,659700
2015-11-20 00:00:00+09:00,278.6157498625367,293.0562003127291,276.0674350772086,289.658447265625,2078900
2015-11-24 00:00:00+09:00,292.2067641559829,301.55058510283123,290.5078876201923,298.15283203125,1955800
2015-11-25 00:00:00+09:00,299.85172066824776,304.09891217912946,291.3573376464844,297.30340576171875,1480700
2015-11-26 00:00:00+09:00,299.00224497126436,300.70112136314657,290.50786301185343,295.6044921875,647500
2015-11-27 00:00:00+09:00,301.5505505405097,308.3460559048028,299.8516741994364,304.94830322265625,2042900
2015-11-30 00:00:00+09:00,305.7977365892987,306.6471747464912,287.9595352882563,292.20672607421875,1038100
2015-12-01 00:00:00+09:00,299.00225297095074,304.09888228295557,296.4539383149483,301.5505676269531,1023700
2015-12-02 00:00:00+09:00,304.09889010434654,309.19551954743616,299.85169890177184,307.49664306640625,1214000
2015-12-03 00:00:00+09:00,304.9483522203234,311.7438586764866,301.55059899224176,305.79779052734375,1099400
2015-12-04 00:00:00+09:00,297.30335968782646,307.4966177342662,295.6044833467531,304.94830322265625,630300
2015-12-07 00:00:00+09:00,308.34607066278875,315.99101456351906,307.4966324515965,312.59326171875,1367100
2015-12-08 00:00:00+09:00,313.4426971947015,313.4426971947015,302.40000054556566,304.098876953125,591200
2015-12-09 00:00:00+09:00,299.0022477304469,304.9483151569047,299.0022477304469,304.098876953125,514400
2015-12-10 00:00:00+09:00,299.00228802683716,301.55060298161135,293.9056581172888,294.7550964355469,574100
2015-12-11 00:00:00+09:00,295.60453475380496,299.85172634509524,293.05621979903077,294.7550964355469,492600
2015-12-14 00:00:00+09:00,288.80900791713174,288.80900791713174,282.86294010707314,285.4112548828125,593100
2015-12-15 00:00:00+09:00,286.2606853264806,289.65843826804115,279.4651794433594,279.4651794433594,505900
2015-12-16 00:00:00+09:00,284.56181552114805,287.1101302870091,279.465185989426,281.1640625,455000
2015-12-17 00:00:00+09:00,297.3033713228876,311.7438207871421,290.50786569265017,304.098876953125,3035700
2015-12-18 00:00:00+09:00,301.5505595590876,304.948312342852,295.6044921875,295.6044921875,1025000
2015-12-21 00:00:00+09:00,292.2067554215063,294.7550701490194,281.16405826894936,287.9595642089844,1024600
2015-12-22 00:00:00+09:00,286.2606853264806,287.95956179726085,276.9168647371889,279.4651794433594,812800
2015-12-24 00:00:00+09:00,280.31463529146635,282.8629501577524,274.3685672701322,276.06744384765625,619200
2015-12-25 00:00:00+09:00,276.06744384765625,276.06744384765625,276.06744384765625,276.06744384765625,0
2015-12-28 00:00:00+09:00,279.4651870727539,286.2606931413923,275.2179957798549,285.4112548828125,535700
2015-12-29 00:00:00+09:00,285.41124948147126,290.50787893649755,282.8629347539581,287.9595642089844,637500
2015-12-30 00:00:00+09:00,291.3572643478482,295.6044547902366,285.4111977285043,293.90557861328125,593200
2016-01-04 00:00:00+09:00,294.75507247618754,304.0988932175076,293.05619597776575,296.4539489746094,940800
2016-01-05 00:00:00+09:00,293.0562068839115,297.30339828802613,289.65845376061975,291.3573303222656,674800
2016-01-06 00:00:00+09:00,292.20674871337167,293.90562515937967,284.5618047063358,286.26068115234375,603700
2016-01-07 00:00:00+09:00,285.4112659801136,288.80901914654356,280.31463623046875,280.31463623046875,600100
2016-01-08 00:00:00+09:00,280.31463529146635,282.0135118689904,275.2180055588942,276.06744384765625,450000
2016-01-12 00:00:00+09:00,273.51906782019796,276.0673821166594,260.7774963378906,260.7774963378906,648100
2016-01-13 00:00:00+09:00,267.5730726453993,275.218017578125,267.5730726453993,275.218017578125,367500
2016-01-14 00:00:00+09:00,265.8741944914411,268.4225094546178,261.6270028861465,266.7236328125,513400
2016-01-15 00:00:00+09:00,273.51910676925314,274.3685449890334,261.6269716923291,262.4764099121094,432300
2016-01-18 00:00:00+09:00,253.132599984852,258.22922951474834,249.7348469649211,257.3797912597656,628600
2016-01-19 00:00:00+09:00,257.3797912597656,260.77754427969654,251.43372347488656,257.3797912597656,553300
2016-01-20 00:00:00+09:00,254.831523626623,255.68096203871175,239.54163220902564,241.24050903320312,602200
2016-01-21 00:00:00+09:00,236.99326634669043,246.33708688365672,231.04719873225733,231.89663696289062,616300
2016-01-22 00:00:00+09:00,241.24044423560576,248.03594970703125,237.842691499893,248.03594970703125,404000
2016-01-25 00:00:00+09:00,254.83142776994515,257.3797420476446,248.88536112197977,256.5303039550781,422200
2016-01-26 00:00:00+09:00,256.53037633122625,256.53037633122625,250.58430800566802,251.43374633789062,230100
2016-01-27 00:00:00+09:00,255.68086586251164,257.3797420476446,252.2831134922457,256.5303039550781,421000
2016-01-28 00:00:00+09:00,253.9820468940608,259.0786765976206,253.9820468940608,255.68092346191406,242700
2016-01-29 00:00:00+09:00,255.68092218214466,265.02474325856855,253.98204562279486,263.32586669921875,459500
2016-02-01 00:00:00+09:00,267.5730471067791,270.1213618411294,265.87417061721226,268.4224853515625,379900
2016-02-02 00:00:00+09:00,271.82021644467216,271.82021644467216,255.6808910932697,259.0786437988281,675600
2016-02-03 00:00:00+09:00,253.98201699452858,253.98201699452858,244.6381969713185,248.03594970703125,509000
2016-02-04 00:00:00+09:00,244.63822286112324,247.18653768259327,239.54159321818318,242.93934631347656,524100
2016-02-05 00:00:00+09:00,237.84271129261364,241.24046431107953,225.10113747336646,233.59552001953125,717500
2016-02-08 00:00:00+09:00,229.34834687606147,236.143853450167,229.34834687606147,234.44497680664062,470300
2016-02-09 00:00:00+09:00,228.49888232373814,229.34832054798997,214.9078707357091,215.75730895996094,758000
2016-02-10 00:00:00+09:00,216.60672847461322,220.8539192290174,208.11234696580487,214.90785217285156,719200
2016-02-12 00:00:00+09:00,201.31684724215802,208.96179080831593,196.22021819805275,197.0696563720703,869700
2016-02-15 00:00:00+09:00,208.9617835014097,212.3595360786684,205.56403092415104,210.66065979003906,441000
2016-02-16 00:00:00+09:00,212.35956464494978,222.55282374790738,208.9618116106306,214.05844116210938,699000
2016-02-17 00:00:00+09:00,211.51013827988825,220.85395964968254,210.66069997354333,213.20901489257812,346900
2016-02-18 00:00:00+09:00,218.30563245500838,220.00450897216797,212.35956464494978,214.05844116210938,479400
2016-02-19 00:00:00+09:00,213.20900290352958,216.6067559378488,211.51012638637,214.05844116210938,420000
2016-02-22 00:00:00+09:00,213.2090071448984,220.00451334871988,213.2090071448984,219.1550750732422,298800
2016-02-23 00:00:00+09:00,221.70334867589614,223.40222491096048,214.90784373563878,216.60671997070312,295700
2016-02-24 00:00:00+09:00,214.0584221473107,222.5528039785532,213.20898396418644,220.8539276123047,317700
2016-02-25 00:00:00+09:00,220.85394501686096,223.4022597670555,216.6067537665367,217.45619201660156,392600
2016-02-26 00:00:00+09:00,219.1550750732422,220.85395162419755,217.45619852228683,219.1550750732422,261700
2016-02-29 00:00:00+09:00,220.85395162419755,222.5528281751529,219.1550750732422,219.1550750732422,364600
2016-03-01 00:00:00+09:00,220.00450134277344,221.7033778010188,218.3056248845281,220.00450134277344,268800
2016-03-02 00:00:00+09:00,224.25171220887384,225.9505888165168,222.55283560123084,225.1011505126953,410700
2016-03-03 00:00:00+09:00,225.95057572798297,233.59552001953125,225.95057572798297,233.59552001953125,353900
2016-03-04 00:00:00+09:00,236.99326156090046,248.03595833613954,235.2943851339406,246.3370819091797,633400
2016-03-07 00:00:00+09:00,249.73486488743833,249.73486488743833,241.24048172800167,242.0899200439453,454000
2016-03-08 00:00:00+09:00,243.78877684890583,243.78877684890583,231.89664139286162,236.99327087402344,393600
2016-03-09 00:00:00+09:00,232.74608176491478,235.2943965287642,230.19776700106533,233.59552001953125,256200
2016-03-10 00:00:00+09:00,239.54156786774936,249.73482607488765,239.54156786774936,248.03594970703125,686300
2016-03-11 00:00:00+09:00,246.33706625405844,263.32582944399354,243.7887517755682,261.626953125,1426500
2016-03-14 00:00:00+09:00,288.8090249157827,288.8090249157827,271.8202587442661,277.7663269042969,2088000
2016-03-15 00:00:00+09:00,280.31460466056035,297.30336857938215,278.61572826867814,295.6044921875,2350500
2016-03-16 00:00:00+09:00,295.6045107253985,304.9483314667185,288.8090047317111,296.4539489746094,1959100
2016-03-17 00:00:00+09:00,299.0022823660714,301.55059727260044,291.3573376464844,297.30340576171875,1105200
2016-03-18 00:00:00+09:00,296.4539343441234,297.30337255141313,286.26067585664634,288.8089904785156,976600
2016-03-22 00:00:00+09:00,288.8089491681355,293.90557768286726,274.3685017097287,278.6156921386719,1087500
2016-03-23 00:00:00+09:00,279.4651302244605,281.1640063960378,276.91681596709464,278.6156921386719,362100
2016-03-24 00:00:00+09:00,282.0135018484933,290.5078844342913,279.4651870727539,285.4112548828125,750400
2016-03-25 00:00:00+09:00,290.50787893649755,297.30338487653256,286.26068772397565,287.9595642089844,1005500
2016-03-28 00:00:00+09:00,297.30340745713977,312.59329698350695,292.20677761501736,305.79779052734375,3187000
2016-03-29 00:00:00+09:00,309.24339983035355,341.9766844920623,308.3819976024139,335.9468688964844,7635100
2016-03-30 00:00:00+09:00,339.39246126500575,361.7889180997523,336.80825470715035,353.1748962402344,10848000
2016-03-31 00:00:00+09:00,355.75910279808977,357.48190716999335,346.28367875262006,353.1748962402344,4007600
2016-04-01 00:00:00+09:00,353.17488667958963,354.8976910048559,342.8380607279919,343.699462890625,2768800
2016-04-04 00:00:00+09:00,336.80820226555505,361.78886176862693,333.36259405823483,360.9274597167969,3985500
2016-04-05 00:00:00+09:00,364.37312893337673,372.12574869791666,344.5608784239969,348.8678894042969,4997100
2016-04-06 00:00:00+09:00,341.9767093883902,366.0959735266142,341.9767093883902,364.3731689453125,3314400
2016-04-07 00:00:00+09:00,363.5116882324219,366.95729665168653,353.17486297462784,363.5116882324219,2613100
2016-04-08 00:00:00+09:00,357.4818913659384,372.9871300275936,357.4818913659384,370.4029235839844,3816000
2016-04-11 00:00:00+09:00,371.2643347533617,377.29414993497085,368.6801282469578,373.8485412597656,2844300
2016-04-12 00:00:00+09:00,370.40290887407264,377.2941257833577,353.17486660085996,359.2046813964844,2896300
2016-04-13 00:00:00+09:00,361.7889099121094,366.9573229108538,360.0661055791946,361.7889099121094,1310100
2016-04-14 00:00:00+09:00,368.6801140212106,370.4029182923378,360.92749480113844,362.6502990722656,949500
2016-04-15 00:00:00+09:00,358.3433314732143,362.6503426688058,351.4521135602679,355.7591247558594,1015700
2016-04-18 00:00:00+09:00,350.59065277564343,351.4520548709153,337.6696213465657,339.3924255371094,1175300
2016-04-19 00:00:00+09:00,345.42227656666824,354.0362984261862,345.42227656666824,353.1748962402344,1019700
2016-04-20 00:00:00+09:00,346.28366937852445,351.4520823543233,342.8380607279919,343.699462890625,1050400
2016-04-21 00:00:00+09:00,347.14505992649833,356.6204833984375,345.42225565887304,356.6204833984375,1074100
2016-04-22 00:00:00+09:00,356.6205057108177,366.9573319633052,356.6205057108177,365.2345275878906,2124600
2016-04-25 00:00:00+09:00,369.54154210973667,369.54154210973667,347.1450850121769,348.8678894042969,1386500
2016-04-26 00:00:00+09:00,345.42231536865233,353.17493591308596,342.83810852050783,344.5609130859375,1158600
2016-04-27 00:00:00+09:00,347.1450554560689,357.48188092870623,346.28365333334915,354.8976745605469,1233600
2016-04-28 00:00:00+09:00,357.4818934072362,360.0660998656018,344.56086111540844,348.0064697265625,1450100
2016-05-02 00:00:00+09:00,335.94686897335487,343.69948902658615,329.0556511482604,341.9766845703125,887700
2016-05-06 00:00:00+09:00,340.25389815515166,341.9767027027727,322.164450405131,324.7486572265625,1168000
2016-05-09 00:00:00+09:00,327.33284216853264,329.0556466009986,324.7486355198337,328.1942443847656,439100
2016-05-10 00:00:00+09:00,326.4714581492311,328.1942626777231,292.8767698436374,298.9065856933594,1577300
2016-05-11 00:00:00+09:00,297.1837811648674,303.2135970145893,293.73817210788343,298.9065856933594,1222000
2016-05-12 00:00:00+09:00,299.767935109693,300.62933722207714,290.29251187346705,296.32232666015625,968700
2016-05-13 00:00:00+09:00,294.5995614060209,296.3223658586877,285.98553914268695,293.7381591796875,897000
2016-05-16 00:00:00+09:00,297.1836899548042,299.7678959544112,280.81705195729324,282.53985595703125,1128300
2016-05-17 00:00:00+09:00,296.32232836504886,308.3819580078125,294.59952413036837,308.3819580078125,1660400
2016-05-18 00:00:00+09:00,308.38197446076765,308.38197446076765,292.0153333581012,297.1837463378906,1408500
2016-05-19 00:00:00+09:00,298.04518342911337,304.93640154308133,291.15396531514546,298.9065856933594,748600
2016-05-20 00:00:00+09:00,298.90657697405135,314.4118172781808,297.18377249581476,313.5504150390625,1375800
2016-05-23 00:00:00+09:00,306.6591796875,309.2433862579003,298.90655997629915,306.6591796875,856800
2016-05-24 00:00:00+09:00,305.7977685061368,309.24337716536087,303.21356201171875,303.21356201171875,385100
2016-05-25 00:00:00+09:00,305.7978038073273,307.5206083358193,298.9065856933594,298.9065856933594,430200
2016-05-26 00:00:00+09:00,299.76795228134245,300.62935444307044,289.4311263406065,291.1539306640625,837900
2016-05-27 00:00:00+09:00,287.7083349029813,292.0153459045229,282.5399217011313,290.29254150390625,768600
2016-05-30 00:00:00+09:00,291.1539399330117,301.4907662028228,291.1539399330117,300.6293640136719,720900
2016-05-31 00:00:00+09:00,301.49079248609735,301.49079248609735,294.5995743721294,298.9065856933594,407500
2016-06-01 00:00:00+09:00,298.04515709235653,298.90655928048477,292.01534177545915,294.59954833984375,592400
2016-06-02 00:00:00+09:00,288.5697456383195,288.5697456383195,279.9557233804592,281.67852783203125,830600
2016-06-03 00:00:00+09:00,276.510110144982,283.40132784329927,272.2030990835337,279.9557189941406,856200
2016-06-06 00:00:00+09:00,274.78731866589857,276.5101231716409,269.6189051486716,273.06451416015625,697000
2016-06-07 00:00:00+09:00,273.9258598877719,276.5100661131282,272.20305573753427,274.7872619628906,240600
2016-06-08 00:00:00+09:00,274.78728337363594,274.78728337363594,267.8960662357391,271.3416748046875,552300
2016-06-09 00:00:00+09:00,268.7574157714844,271.341621692364,267.03461182423126,268.7574157714844,641700
2016-06-10 00:00:00+09:00,271.34164289994675,271.34164289994675,264.45042657232904,265.31182861328125,549100
2016-06-13 00:00:00+09:00,259.2820342092803,261.86624053030306,254.97502367424244,255.83642578125,609300
2016-06-14 00:00:00+09:00,251.52939513727284,254.11360125169688,238.60836456515264,242.91537475585938,782800
2016-06-15 00:00:00+09:00,238.60839298036365,250.66802295049033,237.7469908396403,248.0838165283203,488800
2016-06-16 00:00:00+09:00,245.4996496109065,247.22245416957952,232.5786154208588,233.4400177001953,725900
2016-06-17 00:00:00+09:00,237.74701578476848,240.33122247808117,232.5786023981431,234.30140686035156,381700
2016-06-20 00:00:00+09:00,236.88560113674257,249.80663392601946,236.88560113674257,247.22242736816406,473500
2016-06-21 00:00:00+09:00,245.499660101038,245.499660101038,239.46984388803006,243.77685546875,366600
2016-06-22 00:00:00+09:00,243.7768182482038,245.49962261744906,238.60840514046805,241.19261169433594,473200
2016-06-23 00:00:00+09:00,238.60836456515264,243.7767767940007,238.60836456515264,242.91537475585938,368300
2016-06-24 00:00:00+09:00,249.806637234158,249.806637234158,215.35054933979137,224.8259735107422,935900
2016-06-27 00:00:00+09:00,224.82599490683018,240.33123593488742,224.82599490683018,233.4400177001953,544500
2016-06-28 00:00:00+09:00,228.2716040241762,236.02422453820483,224.82599490683018,233.4400177001953,469300
2016-06-29 00:00:00+09:00,236.8855730918803,242.91538767967361,235.16276892393935,242.05398559570312,417300
2016-06-30 00:00:00+09:00,243.7768314594009,248.94524484723274,240.3312225341797,240.3312225341797,415200
2016-07-01 00:00:00+09:00,240.3312482699542,245.49966221124353,237.7470412993095,244.6382598876953,430200
2016-07-04 00:00:00+09:00,247.22238634366892,249.80659247269682,245.4995822576503,248.9451904296875,537500
2016-07-05 00:00:00+09:00,249.80662536621094,251.52942967908135,244.63821242759968,249.80662536621094,344900
2016-07-06 00:00:00+09:00,245.49966221124353,245.49966221124353,237.7470412993095,244.6382598876953,448000
2016-07-07 00:00:00+09:00,245.4996157208935,246.36101788131768,236.88559411665162,238.6083984375,358500
2016-07-08 00:00:00+09:00,238.60841148487035,245.49962914508322,236.02420486229053,237.74700927734375,342900
2016-07-11 00:00:00+09:00,237.74700927734375,237.74700927734375,237.74700927734375,237.74700927734375,0
2016-07-12 00:00:00+09:00,275.64872984673565,279.9557412505909,260.1434887928568,270.4803161621094,2593700
2016-07-13 00:00:00+09:00,277.3714994652871,282.53991249880175,270.48028208726754,280.8171081542969,1700300
2016-07-14 00:00:00+09:00,278.23289598034273,278.23289598034273,266.1732658140121,267.03466796875,832100
2016-07-15 00:00:00+09:00,267.0346148860571,267.8960168695605,260.1433990180298,264.4504089355469,670600
2016-07-19 00:00:00+09:00,267.89604302078,267.89604302078,260.14342441246157,262.7276306152344,511200
2016-07-20 00:00:00+09:00,262.7276652018229,262.7276652018229,257.5592521158854,258.420654296875,518700
2016-07-21 00:00:00+09:00,261.0048184085202,269.6188388180423,259.28201432661575,265.31182861328125,604400
2016-07-22 00:00:00+09:00,261.0048040933167,263.58901007443865,255.8363921310728,260.1434020996094,492600
2016-07-25 00:00:00+09:00,258.42064583655633,266.173265211653,258.42064583655633,261.0048522949219,421800
2016-07-26 00:00:00+09:00,258.4206761540593,259.28207840790617,253.25226263097815,254.97506713867188,377200
2016-07-27 00:00:00+09:00,258.4206842313147,275.64872984673565,257.55928195054366,270.4803161621094,1219300
2016-07-28 00:00:00+09:00,270.4802664562212,270.4802664562212,256.6978324966686,257.5592346191406,865500
2016-07-29 00:00:00+09:00,256.697858710038,262.72767418309263,254.97505428916529,261.86627197265625,796400
2016-08-01 00:00:00+09:00,254.9750751082305,272.20312072365147,254.11367282745945,270.4803161621094,1209700
2016-08-02 00:00:00+09:00,272.2030808971774,272.2030808971774,265.3118636592742,267.03466796875,661400
2016-08-03 00:00:00+09:00,261.86624523150084,262.7276473539729,257.5592346191406,257.5592346191406,539000
2016-08-04 00:00:00+09:00,257.5592436837678,265.3118630588645,256.6978415309793,261.0048522949219,583700
2016-08-05 00:00:00+09:00,261.86627831681227,261.86627831681227,227.41018906460013,240.3312225341797,1247500
2016-08-08 00:00:00+09:00,245.4995808702834,248.08378698470744,240.33116864143534,242.91537475585938,559600
2016-08-09 00:00:00+09:00,242.9154291713939,242.9154291713939,232.5786023981431,234.30140686035156,716000
2016-08-10 00:00:00+09:00,234.30138090927235,237.74698945205577,232.57857663788064,236.02418518066406,330700
2016-08-12 00:00:00+09:00,235.16280045942827,237.74700705788354,234.30139825994317,236.88560485839844,289600
2016-08-15 00:00:00+09:00,237.74698945205577,237.74698945205577,235.1627830449682,236.02418518066406,141100
2016-08-16 00:00:00+09:00,235.1627714589626,236.02417355221888,229.1329568061687,231.7171630859375,361300
2016-08-17 00:00:00+09:00,229.99436257102275,231.7171667850379,226.54875414299244,227.41015625,391700
2016-08-18 00:00:00+09:00,225.68737570810134,226.54877790546053,223.96457131338303,224.8259735107422,250100
2016-08-19 00:00:00+09:00,223.9645672561531,232.57858907369743,223.9645672561531,229.1329803466797,692400
2016-08-22 00:00:00+09:00,227.41015625,229.99436257102275,226.54875414299244,227.41015625,208800
2016-08-23 00:00:00+09:00,229.99436799772494,239.46979139838027,229.13296587039264,235.16278076171875,450100
2016-08-24 00:00:00+09:00,236.02421132256,236.02421132256,232.5786023981431,234.30140686035156,190500
2016-08-25 00:00:00+09:00,236.02418288905108,237.74698714371567,232.57857437972186,235.16278076171875,243200
2016-08-26 00:00:00+09:00,234.30137310606062,234.30137310606062,226.54875414299244,227.41015625,370000
2016-08-29 00:00:00+09:00,230.85578244767098,231.71718462098318,226.54877158110995,228.27157592773438,305600
2016-08-30 00:00:00+09:00,229.99438027435878,230.85578244767098,226.54877158110995,228.27157592773438,346500
2016-08-31 00:00:00+09:00,228.27157592773438,231.71718462098318,225.68736940779775,228.27157592773438,376300
2016-09-01 00:00:00+09:00,226.54874950146856,228.27155368018694,224.82594532275016,225.68734741210938,360800
2016-09-02 00:00:00+09:00,225.68739718616666,234.30141997953183,225.68739718616666,233.4400177001953,538100
2016-09-05 00:00:00+09:00,235.16279561896073,235.16279561896073,229.1329803466797,229.1329803466797,317800
2016-09-06 00:00:00+09:00,229.13296587039264,237.74698714371567,229.13296587039264,235.16278076171875,423600
2016-09-07 00:00:00+09:00,237.7470158402638,249.80664707853805,236.0242113776532,240.3312225341797,1333400
2016-09-08 00:00:00+09:00,242.91540923962094,242.91540923962094,236.88559411665162,238.6083984375,328400
2016-09-09 00:00:00+09:00,249.80661698168862,257.5592361293962,245.4996063440733,252.3908233642578,2549400
2016-09-12 00:00:00+09:00,249.80664490816886,252.39085157963268,243.77682934141995,245.4996337890625,717100
2016-09-13 00:00:00+09:00,247.22246685833997,250.66807615253285,242.05405291705063,244.6382598876953,442500
2016-09-14 00:00:00+09:00,242.05400707919674,242.05400707919674,237.74699627707582,238.6083984375,306100
2016-09-15 00:00:00+09:00,237.74698714371567,237.74698714371567,233.43997650705415,235.16278076171875,259900
2016-09-16 00:00:00+09:00,234.30138090927235,236.8855873163599,232.57857663788064,236.02418518066406,163900
2016-09-20 00:00:00+09:00,233.43997650705415,236.02418288905108,230.85577012505723,235.16278076171875,238600
2016-09-21 00:00:00+09:00,235.16280265476394,238.60841148487035,231.7171938246575,237.74700927734375,260400
2016-09-23 00:00:00+09:00,234.30140691504258,240.3312225341797,234.30140691504258,240.3312225341797,241400
2016-09-26 00:00:00+09:00,239.46981369239697,241.1926181074502,236.88560706981715,237.74700927734375,193200
2016-09-27 00:00:00+09:00,236.0242113776532,240.3312225341797,233.44000468373727,240.3312225341797,266800
2016-09-28 00:00:00+09:00,239.46980732509067,242.91541606358118,238.60840514046805,241.19261169433594,230600
2016-09-29 00:00:00+09:00,241.1926505935024,247.22246685833997,240.3312482699542,244.6382598876953,355700
2016-09-30 00:00:00+09:00,246.36101788131768,248.08382220216606,236.02419195622744,238.6083984375,618100
2016-10-03 00:00:00+09:00,244.63820027962007,244.63820027962007,236.88558125667436,239.46978759765625,350900
2016-10-04 00:00:00+09:00,236.02418518066406,240.33119585914332,235.1627830449682,236.02418518066406,299200
2016-10-05 00:00:00+09:00,237.74701578476848,237.74701578476848,232.5786023981431,234.30140686035156,352200
2016-10-06 00:00:00+09:00,234.30136700530548,235.16276908988382,229.99435658241384,230.8557586669922,728300
2016-10-07 00:00:00+09:00,230.85578471018857,231.717186891943,227.41017598317083,229.1329803466797,538900
2016-10-11 00:00:00+09:00,229.99436950683594,234.30138017175796,229.13296737385153,229.99436950683594,342200
2016-10-12 00:00:00+09:00,228.27157140231407,229.1329735585492,225.68736493360862,226.54876708984375,431300
2016-10-13 00:00:00+09:00,226.54874950146856,229.99435785890535,224.82594532275016,225.68734741210938,416900
2016-10-14 00:00:00+09:00,225.68736493360862,227.4101692460789,224.82596277737346,226.54876708984375,229900
2016-10-17 00:00:00+09:00,226.54876097489833,230.85577163982035,226.54876097489833,229.99436950683594,327700
2016-10-18 00:00:00+09:00,230.85578244767098,231.71718462098318,226.54877158110995,228.27157592773438,291100
2016-10-19 00:00:00+09:00,228.27157816492527,231.717186891943,227.41017598317083,229.1329803466797,368100
2016-10-20 00:00:00+09:00,229.99436950683594,230.85577163982035,227.41016310788274,229.99436950683594,393500
2016-10-21 00:00:00+09:00,229.13297810104658,230.85578244767098,228.27157592773438,228.27157592773438,236900
2016-10-24 00:00:00+09:00,229.1329735585492,229.1329735585492,225.68736493360862,226.54876708984375,279500
2016-10-25 00:00:00+09:00,226.54874950146856,229.13295576954616,224.82594532275016,225.68734741210938,340200
2016-10-26 00:00:00+09:00,225.68736493360862,227.4101692460789,223.9645606211383,226.54876708984375,426900
2016-10-27 00:00:00+09:00,225.68737570810134,226.54877790546053,224.8259735107422,224.8259735107422,272400
2016-10-28 00:00:00+09:00,224.8259735107422,227.41018010281968,224.8259735107422,224.8259735107422,1036400
2016-10-31 00:00:00+09:00,226.54875414299244,228.2715583570076,225.68735203598487,227.41015625,321700
2016-11-01 00:00:00+09:00,228.27156012006802,246.36100450694133,227.41015800640739,239.46978759765625,4093700
2016-11-02 00:00:00+09:00,236.88558657071118,236.88558657071118,229.13296737385153,229.99436950683594,828700
2016-11-04 00:00:00+09:00,228.27158887098733,228.27158887098733,220.51896887159532,221.38037109375,867100
2016-11-07 00:00:00+09:00,223.10316911602385,225.68737570810134,221.3803647213055,224.8259735107422,370500
2016-11-08 00:00:00+09:00,224.8259690332597,226.5487733936678,222.24176249264752,223.10316467285156,239400
2016-11-09 00:00:00+09:00,223.1031614209785,223.96456358862704,207.5979224033043,210.18212890625,1140300
2016-11-10 00:00:00+09:00,219.65752703399053,222.24173323439044,216.2119187667907,217.93472290039062,421300
2016-11-11 00:00:00+09:00,218.79616653016836,222.24177545190332,216.2119598388672,216.2119598388672,373900
2016-11-14 00:00:00+09:00,217.0733642578125,218.7961687360491,216.2119620186942,217.0733642578125,232200
2016-11-15 00:00:00+09:00,216.2119400453376,217.07334219691265,212.7663314390374,214.4891357421875,425900
2016-11-16 00:00:00+09:00,217.07332910156248,217.07332910156248,212.76631860351563,215.35052490234375,510800
2016-11-17 00:00:00+09:00,214.48911463319075,219.65752703399053,214.48911463319075,217.93472290039062,390900
2016-11-18 00:00:00+09:00,217.9347622051313,222.24177331590465,217.9347622051313,221.38037109375,395800
2016-11-21 00:00:00+09:00,222.24176071454892,228.27157592773438,222.24176071454892,228.27157592773438,462100
2016-11-22 00:00:00+09:00,228.2715583570076,230.8557646780303,225.68735203598487,227.41015625,347200
2016-11-24 00:00:00+09:00,229.1329735585492,229.1329735585492,225.68736493360862,226.54876708984375,402600
2016-11-25 00:00:00+09:00,229.13296046401516,231.7171667850379,227.41015625,227.41015625,551700
2016-11-28 00:00:00+09:00,228.27157816492527,229.99438252843413,227.41017598317083,229.1329803466797,305500
2016-11-29 00:00:00+09:00,228.2715583570076,229.99436257102275,227.41015625,227.41015625,414200
2016-11-30 00:00:00+09:00,229.13296046401516,229.13296046401516,227.41015625,227.41015625,286700
2016-12-01 00:00:00+09:00,228.27155368018694,229.13295576954616,224.82594532275016,225.68734741210938,346900
2016-12-02 00:00:00+09:00,224.82596676848658,225.68736894001333,221.3803580823795,222.24176025390625,402000
2016-12-05 00:00:00+09:00,220.5189468503937,222.24175112266238,218.796142578125,218.796142578125,265000
2016-12-06 00:00:00+09:00,217.93474044199064,221.38034898652805,217.93474044199064,218.796142578125,266300
2016-12-07 00:00:00+09:00,220.5189666748047,221.38036888837814,218.79616224765778,220.5189666748047,336700
2016-12-08 00:00:00+09:00,222.24176249264752,224.8259690332597,221.38036031244346,223.10316467285156,374500
2016-12-09 00:00:00+09:00,221.3803580823795,223.10316242543303,220.51895591085272,222.24176025390625,272800
2016-12-12 00:00:00+09:00,223.10314114403178,225.68734741210938,222.2417390546726,225.68734741210938,351000
2016-12-13 00:00:00+09:00,225.68737570810134,226.54877790546053,223.96457131338303,224.8259735107422,303700
2016-12-14 00:00:00+09:00,225.68734741210938,226.54874950146856,223.96454323339097,225.68734741210938,255600
2016-12-15 00:00:00+09:00,225.68737570810134,225.68737570810134,223.10316911602385,224.8259735107422,252300
2016-12-16 00:00:00+09:00,224.82595596313476,224.82595596313476,222.2417495727539,223.9645538330078,314200
2016-12-19 00:00:00+09:00,224.8259735107422,226.54877790546053,223.96457131338303,224.8259735107422,412500
2016-12-20 00:00:00+09:00,223.96454323339097,226.54874950146856,223.96454323339097,225.68734741210938,393500
2016-12-21 00:00:00+09:00,225.68737121346376,225.68737121346376,222.24176249264752,223.10316467285156,469200
2016-12-22 00:00:00+09:00,221.38037109375,222.24177331590465,219.65756664944064,221.38037109375,354100
2016-12-26 00:00:00+09:00,219.65753173828125,222.24173799402573,218.7961296530331,219.65753173828125,545900
2016-12-27 00:00:00+09:00,219.65753173828125,220.5189338235294,217.93472756778493,219.65753173828125,400600
2016-12-28 00:00:00+09:00,220.51896887159532,222.24177331590465,220.51896887159532,221.38037109375,188000
2016-12-29 00:00:00+09:00,221.38033116759047,222.24173323439044,217.93472290039062,217.93472290039062,261600
2016-12-30 00:00:00+09:00,219.65753173828125,220.5189338235294,217.93472756778493,219.65753173828125,182300
2017-01-04 00:00:00+09:00,222.2417495727539,224.82595596313476,221.38034744262694,223.9645538330078,443100
2017-01-05 00:00:00+09:00,223.10319034815714,235.16282225886832,223.10319034815714,233.4400177001953,1159100
2017-01-06 00:00:00+09:00,232.57858331453068,239.46980059792418,231.7171811541065,238.6083984375,1165300
2017-01-10 00:00:00+09:00,237.74700705788354,242.91542025479404,236.88560485839844,236.88560485839844,832800
2017-01-11 00:00:00+09:00,236.88561355366426,237.74701578476848,233.4400046292473,234.30140686035156,291100
2017-01-12 00:00:00+09:00,232.57857590578917,233.43997803877355,228.27156524086712,229.99436950683594,512100
2017-01-13 00:00:00+09:00,228.2715547129124,235.1627714589626,228.2715547129124,231.7171630859375,274800
2017-01-16 00:00:00+09:00,230.85578244767098,232.57858679429538,227.41017375442215,228.27157592773438,325300
2017-01-17 00:00:00+09:00,228.27156448364258,228.27156448364258,223.10315170288087,223.9645538330078,381600
2017-01-18 00:00:00+09:00,223.96457131338303,225.68737570810134,223.10316911602385,224.8259735107422,220000
2017-01-19 00:00:00+09:00,224.82596277737346,228.27157140231407,224.82596277737346,226.54876708984375,198700
2017-01-20 00:00:00+09:00,226.54874950146856,229.13295576954616,224.82594532275016,225.68734741210938,303800
2017-01-23 00:00:00+09:00,223.10316467285156,224.8259690332597,222.24176249264752,223.10316467285156,218800
2017-01-24 00:00:00+09:00,223.10315170288087,228.27156448364258,223.10315170288087,223.9645538330078,196700
2017-01-25 00:00:00+09:00,228.27158230017884,228.27158230017884,224.8259735107422,224.8259735107422,146400
2017-01-26 00:00:00+09:00,225.68735203598487,229.13296046401516,225.68735203598487,227.41015625,272700
2017-01-27 00:00:00+09:00,227.4101692460789,228.27157140231407,224.82596277737346,226.54876708984375,235800
2017-01-30 00:00:00+09:00,227.41015625,229.13296046401516,225.68735203598487,227.41015625,247900
2017-01-31 00:00:00+09:00,226.54874950146856,227.41015159082775,223.96454323339097,225.68734741210938,199300
2017-02-01 00:00:00+09:00,224.8259735107422,227.41018010281968,223.96457131338303,224.8259735107422,226400
2017-02-02 00:00:00+09:00,223.96455940951304,228.2715701673883,209.3207228327372,214.4891357421875,1778000
2017-02-03 00:00:00+09:00,211.04353971995752,214.48914853171195,207.59793090820312,207.59793090820312,869500
2017-02-06 00:00:00+09:00,209.32071383729271,214.4891265246333,209.32071383729271,211.04351806640625,375200
2017-02-07 00:00:00+09:00,211.04352263786532,213.62772903751267,209.32071837143377,212.76632690429688,322000
2017-02-08 00:00:00+09:00,212.7663314390374,216.2119400453376,212.7663314390374,214.4891357421875,351500
2017-02-09 00:00:00+09:00,215.3505597795759,217.0733642578125,213.6277553013393,217.0733642578125,278400
2017-02-10 00:00:00+09:00,218.796164427286,222.24177331590465,218.796164427286,221.38037109375,468000
2017-02-13 00:00:00+09:00,223.10317553805933,223.96457776021398,220.51896887159532,221.38037109375,274100
2017-02-14 00:00:00+09:00,222.2417711019516,222.2417711019516,219.65756446123123,220.5189666748047,248200
2017-02-15 00:00:00+09:00,222.24176025390625,223.9645645969598,221.3803580823795,222.24176025390625,367300
2017-02-16 00:00:00+09:00,222.24173799402573,223.96454216452204,219.65753173828125,219.65753173828125,246200
2017-02-17 00:00:00+09:00,221.38037109375,223.10317553805933,219.65756664944064,221.38037109375,310400
2017-02-20 00:00:00+09:00,219.65755373932595,223.10316242543303,219.65755373932595,222.24176025390625,229800
2017-02-21 00:00:00+09:00,221.38037109375,223.10317553805933,221.38037109375,221.38037109375,248500
2017-02-22 00:00:00+09:00,222.2417711019516,223.9645755290985,219.65756446123123,220.5189666748047,285100
2017-02-23 00:00:00+09:00,220.5189468503937,221.38034898652805,217.93474044199064,218.796142578125,357600
2017-02-24 00:00:00+09:00,217.93474044199064,220.5189468503937,217.93474044199064,218.796142578125,223300
2017-02-27 00:00:00+09:00,218.79612496719056,218.79612496719056,214.48911463319075,217.93472290039062,338300
2017-02-28 00:00:00+09:00,217.93474939627242,225.68736894001333,217.93474939627242,222.24176025390625,521500
2017-03-01 00:00:00+09:00,223.10316288786115,228.27157592773438,223.10316288786115,228.27157592773438,738800
2017-03-02 00:00:00+09:00,229.99435889942495,232.5785651791938,228.2715547129124,231.7171630859375,758300
2017-03-03 00:00:00+09:00,229.13296737385153,230.85577163982035,229.13296737385153,229.99436950683594,352000
2017-03-06 00:00:00+09:00,232.57862735802019,246.36106453479175,232.57862735802019,244.6382598876953,1779700
2017-03-07 00:00:00+09:00,244.63818485220685,254.97500956427191,244.63818485220685,250.66799926757812,1720200
2017-03-08 00:00:00+09:00,252.39083902994793,261.00486083984373,252.39083902994793,258.420654296875,1692600
2017-03-09 00:00:00+09:00,260.14345014213336,263.5890587532874,254.97503722540225,261.0048522949219,1287100
2017-03-10 00:00:00+09:00,263.58904656413284,270.4802634677703,260.14343811231413,267.89605712890625,1073800
2017-03-13 00:00:00+09:00,267.896052487074,268.7574545851032,262.72763989889893,266.1732482910156,879200
2017-03-14 00:00:00+09:00,265.3118368180072,267.03464095318907,261.86622854764346,262.7276306152344,755200
2017-03-15 00:00:00+09:00,261.86624233822346,269.61886135481564,261.0048402252688,267.89605712890625,852400
2017-03-16 00:00:00+09:00,263.5890349863465,276.5100661131282,263.5890349863465,274.7872619628906,993700
2017-03-17 00:00:00+09:00,275.64870793269233,280.81712120643033,273.06450129582333,279.9557189941406,1023000
2017-03-21 00:00:00+09:00,280.81705195729324,287.7082679562452,280.81705195729324,282.53985595703125,998400
2017-03-22 00:00:00+09:00,275.6486687110592,283.40128751855775,273.064462441893,276.51007080078125,1062500
2017-03-23 00:00:00+09:00,273.92590761032346,277.37151651108223,269.618896484375,269.618896484375,670000
2017-03-24 00:00:00+09:00,269.6188388180423,273.9258490228034,264.45042657232904,265.31182861328125,449200
2017-03-27 00:00:00+09:00,261.0048384232955,262.7276426373106,254.97502367424244,255.83642578125,656600
2017-03-28 00:00:00+09:00,256.6978499348958,259.28205647786456,255.83644775390624,258.420654296875,434300
2017-03-29 00:00:00+09:00,256.2490421163625,256.2490421163625,251.9058380126953,251.9058380126953,482900
2017-03-30 00:00:00+09:00,251.03721206994368,251.03721206994368,240.61352160337162,241.48216247558594,732900
2017-03-31 00:00:00+09:00,241.4822004045759,249.2999694824219,241.4822004045759,243.219482421875,567200
2017-04-03 00:00:00+09:00,244.95670340094767,249.2999073619574,244.95670340094767,246.69398498535156,468300
2017-04-04 00:00:00+09:00,248.43130126953125,248.43130126953125,238.00761030717328,238.87625122070312,536800
2017-04-05 00:00:00+09:00,242.35080334780028,247.5626485810863,238.0075989867286,241.48216247558594,599200
2017-04-06 00:00:00+09:00,244.08807317153872,244.95671400133068,237.1389465332031,237.13894653320312,421100
2017-04-07 00:00:00+09:00,239.74486902257897,242.35079151195484,232.79574238424334,237.13894653320312,457000
2017-04-10 00:00:00+09:00,239.74489213423294,242.35081487482245,238.00761030717328,238.87625122070312,252700
2017-04-11 00:00:00+09:00,238.87627737862724,243.21948242187503,237.13899536132814,243.219482421875,460100
2017-04-12 00:00:00+09:00,238.8762357929976,238.8762357929976,232.79574979099402,235.40167236328125,616300
2017-04-13 00:00:00+09:00,234.53302776112275,238.87623197892134,232.79574607400335,236.2703094482422,328100
2017-04-14 00:00:00+09:00,236.2703130486306,237.13895390542706,231.92710876464844,231.92710876464844,211000
2017-04-17 00:00:00+09:00,231.92711653175766,242.35080716239847,231.92711653175766,240.613525390625,307600
2017-04-18 00:00:00+09:00,243.21945578835226,245.82537852894177,238.00761030717328,238.87625122070312,229600
2017-04-19 00:00:00+09:00,238.00759573081103,255.3804129374396,238.00759573081103,252.7744903564453,641500
2017-04-20 00:00:00+09:00,253.64317452566965,255.38045654296877,243.21948242187503,243.219482421875,605600
2017-04-21 00:00:00+09:00,245.82535163392413,247.56263327091298,243.21942917844083,244.9567108154297,123900
2017-04-24 00:00:00+09:00,247.56263327091298,247.56263327091298,244.08806999693527,244.9567108154297,98200
2017-04-25 00:00:00+09:00,246.69399308829472,253.64311965416218,244.0880706260944,251.9058380126953,409700
2017-04-26 00:00:00+09:00,254.5117604748956,254.5117604748956,250.16855637122845,251.9058380126953,234600
2017-04-27 00:00:00+09:00,253.64312823407062,267.5413818359375,253.64312823407062,267.5413818359375,1158100
2017-04-28 00:00:00+09:00,264.93550501371686,267.54142801385177,263.1982230136269,264.0668640136719,485400
2017-05-01 00:00:00+09:00,264.0668640136719,265.8041460137618,259.723659013447,264.0668640136719,339000
2017-05-02 00:00:00+09:00,264.0668640136719,266.6727870138068,263.1982230136269,264.0668640136719,148900
2017-05-08 00:00:00+09:00,264.9354518767326,272.7532193091608,264.9354518767326,269.2786560058594,537100
2017-05-09 00:00:00+09:00,271.0159606933594,271.8846015930176,254.51178359985352,257.1177062988281,687800
2017-05-10 00:00:00+09:00,257.11764965248744,268.40997886019807,252.7744461110603,259.72357177734375,532300
2017-05-11 00:00:00+09:00,261.46089548746744,264.0668180338542,253.6431278483073,260.5922546386719,357900
2017-05-12 00:00:00+09:00,260.5922660954371,262.32954786940667,258.8549843214675,261.4609069824219,218300
2017-05-15 00:00:00+09:00,256.2490616605131,262.32954786940667,255.38042077352833,261.4609069824219,180600
2017-05-16 00:00:00+09:00,259.7235875900823,265.80407291827817,259.7235875900823,263.1981506347656,263400
2017-05-17 00:00:00+09:00,260.59226989746094,261.46091079711914,257.1177062988281,257.1177062988281,195100
2017-05-18 00:00:00+09:00,255.38036304630646,257.98628511820755,252.77444097440537,253.64308166503906,178600
2017-05-19 00:00:00+09:00,254.51177223334878,258.85497653767214,254.51177223334878,256.2490539550781,190600
2017-05-22 00:00:00+09:00,255.38041309421345,258.85497653767214,255.38041309421345,256.2490539550781,143900
2017-05-23 00:00:00+09:00,257.9863471984863,260.59226989746094,254.51178359985352,257.1177062988281,257400
2017-05-24 00:00:00+09:00,259.7236405189591,259.7236405189591,255.38043582800663,257.9863586425781,221000
2017-05-25 00:00:00+09:00,256.24906155843377,257.9863433317113,254.51177978515625,254.51177978515625,225900
2017-05-26 00:00:00+09:00,257.9863395946938,264.9354665871435,257.1176987206376,258.85498046875,383200
2017-05-29 00:00:00+09:00,257.9862903607729,262.32949390220006,257.9862903607729,259.72357177734375,157300
2017-05-30 00:00:00+09:00,265.80406390496023,279.7023156124091,264.93542317324466,276.2277526855469,1818500
2017-05-31 00:00:00+09:00,282.3082683932397,284.0455500448904,269.2786560058594,269.2786560058594,1024400
2017-06-01 00:00:00+09:00,271.01593355557816,274.4904968062907,263.19816624147495,266.6727294921875,504900
2017-06-02 00:00:00+09:00,268.41003029019225,272.75323466381997,265.8041076660156,265.8041076660156,341600
2017-06-05 00:00:00+09:00,262.32954786940667,264.93547053036104,260.5922660954371,261.4609069824219,398300
2017-06-06 00:00:00+09:00,261.46084788074234,262.32948857137603,251.90580028377167,253.64308166503906,656300
2017-06-07 00:00:00+09:00,251.90583391887387,252.77447472549068,248.43127069240663,249.29991149902344,472300
2017-06-08 00:00:00+09:00,249.29989992155063,254.51174451921372,247.56261838899627,248.43125915527344,468300
2017-06-09 00:00:00+09:00,248.43126656975545,250.16854815415934,245.82534419314962,246.69398498535156,292300
2017-06-12 00:00:00+09:00,245.82531544933582,254.51172235567276,245.82531544933582,253.64308166503906,480200
2017-06-13 00:00:00+09:00,251.9058494961139,257.11769465810244,251.9058494961139,252.7744903564453,293300
2017-06-14 00:00:00+09:00,254.51177978515625,257.1177024450725,253.6431388985175,254.51177978515625,152300
2017-06-15 00:00:00+09:00,255.38040129562904,255.38040129562904,249.299915550495,251.9058380126953,208900
2017-06-16 00:00:00+09:00,251.90584176139436,253.64312342871432,250.1685600940744,251.03720092773438,141900
2017-06-19 00:00:00+09:00,250.16859019886363,260.5922814571496,250.16859019886363,257.9863586425781,276100
2017-06-20 00:00:00+09:00,258.85497653767214,258.85497653767214,253.6431313724841,256.2490539550781,348500
2017-06-21 00:00:00+09:00,256.2490539550781,258.85497653767214,254.51177223334878,256.2490539550781,172700
2017-06-22 00:00:00+09:00,255.38039892737174,269.2786519302219,254.5117581146936,266.6727294921875,666500
2017-06-23 00:00:00+09:00,264.93547439575195,267.54139709472656,256.2490653991699,257.1177062988281,429200
2017-06-26 00:00:00+09:00,258.85497294108075,262.329536336263,257.11769124348956,260.5922546386719,209000
2017-06-27 00:00:00+09:00,261.46086911242395,264.0667913959365,259.7235875900823,263.1981506347656,229900
2017-06-28 00:00:00+09:00,263.1982042717211,264.0668452099116,257.9863586425781,257.9863586425781,195700
2017-06-29 00:00:00+09:00,260.5922546386719,261.46089548746744,257.11769124348956,260.5922546386719,176100
2017-06-30 00:00:00+09:00,258.8549843214675,262.32954786940667,250.1685754516196,261.4609069824219,294300
2017-07-03 00:00:00+09:00,271.01593355557816,272.75321518093443,264.0668070541531,266.6727294921875,525400
2017-07-04 00:00:00+09:00,269.27861956848346,269.27861956848346,258.8549310690583,259.72357177734375,329400
2017-07-05 00:00:00+09:00,260.5922622168624,261.46090309091863,256.24905784658137,258.85498046875,199600
2017-07-06 00:00:00+09:00,258.85498809814453,258.85498809814453,257.1177062988281,257.1177062988281,113600
2017-07-07 00:00:00+09:00,256.2490539550781,257.98633567680747,253.6431313724841,256.2490539550781,252100
2017-07-10 00:00:00+09:00,254.51177978515625,257.9863433317113,254.51177978515625,254.51177978515625,190700
2017-07-11 00:00:00+09:00,254.51172235567276,255.38036304630646,251.90580028377167,253.64308166503906,254900
2017-07-12 00:00:00+09:00,254.51177978515625,256.24906155843377,253.6431388985175,254.51177978515625,140400
2017-07-13 00:00:00+09:00,255.38036304630646,256.24900373694015,253.64308166503906,253.64308166503906,133100
2017-07-14 00:00:00+09:00,254.51172235567276,254.51172235567276,252.77444097440537,253.64308166503906,48300
2017-07-17 00:00:00+09:00,253.64308166503906,253.64308166503906,253.64308166503906,253.64308166503906,0
2017-07-18 00:00:00+09:00,251.03721613298381,251.03721613298381,247.5626525878906,247.56265258789062,224200
2017-07-19 00:00:00+09:00,247.56261838899627,249.29989992155063,245.8253368564419,248.43125915527344,114700
2017-07-20 00:00:00+09:00,246.69398498535156,249.2999073619574,245.82534419314962,246.69398498535156,202900
2017-07-21 00:00:00+09:00,246.69398498535156,247.5626257775535,245.82534419314962,246.69398498535156,108800
2017-07-24 00:00:00+09:00,245.82534419314962,247.5626257775535,244.95670340094767,246.69398498535156,167000
2017-07-25 00:00:00+09:00,246.6940040183994,247.56264487761914,244.08808144074027,245.8253631591797,136900
2017-07-26 00:00:00+09:00,245.82534419314962,247.5626257775535,244.95670340094767,246.69398498535156,158000
2017-07-27 00:00:00+09:00,246.69395531548395,252.77444012959796,245.82531462775336,250.16851806640625,272900
2017-07-28 00:00:00+09:00,251.0371587541368,251.0371587541368,246.69395531548395,250.16851806640625,145600
2017-07-31 00:00:00+09:00,250.16856745527826,250.16856745527826,245.8253631591797,245.8253631591797,91300
2017-08-01 00:00:00+09:00,245.82537076142336,246.69401164750613,242.35080721709227,244.0880889892578,257000
2017-08-02 00:00:00+09:00,244.08806260874573,247.5626257775535,244.08806260874573,246.69398498535156,76100
2017-08-03 00:00:00+09:00,246.69398498535156,246.69398498535156,244.08806260874573,246.69398498535156,64200
2017-08-04 00:00:00+09:00,247.56263421506299,256.2490424331354,244.95671174964127,255.38040161132812,851600
2017-08-07 00:00:00+09:00,257.9863471984863,258.85498809814453,251.9058609008789,257.1177062988281,541300
2017-08-08 00:00:00+09:00,257.1176832549426,258.8549648985571,251.9058383240992,255.38040161132812,140400
2017-08-09 00:00:00+09:00,254.51177978515625,255.380420671795,251.03721623860122,254.51177978515625,160000
2017-08-10 00:00:00+09:00,253.64308081732855,253.64308081732855,247.5625960032145,250.16851806640625,352300
2017-08-11 00:00:00+09:00,250.16851806640625,250.16851806640625,250.16851806640625,250.16851806640625,0
2017-08-14 00:00:00+09:00,243.21944810317504,246.69401164750613,240.61352544492675,244.0880889892578,164600
2017-08-15 00:00:00+09:00,246.69399675943447,251.03720092773438,245.8253559257745,251.03720092773438,168500
2017-08-16 00:00:00+09:00,251.9058380126953,256.2490421163625,251.03719719196187,251.9058380126953,288800
2017-08-17 00:00:00+09:00,251.9058609008789,257.9863471984863,251.9058609008789,257.1177062988281,315100
2017-08-18 00:00:00+09:00,253.6431313724841,257.98633567680747,251.90584965075476,256.2490539550781,264900
2017-08-21 00:00:00+09:00,257.1176987206376,264.06682571308727,255.38041697252515,258.85498046875,528700
2017-08-22 00:00:00+09:00,258.85498046875,260.5922622168624,257.9863395946938,258.85498046875,213000
2017-08-23 00:00:00+09:00,257.9863433317113,258.85498421835,253.6431388985175,254.51177978515625,336900
2017-08-24 00:00:00+09:00,253.6431388985175,255.380420671795,251.03721623860122,254.51177978515625,149300
2017-08-25 00:00:00+09:00,254.51177223334878,257.1176948159428,253.6431313724841,256.2490539550781,156600
2017-08-28 00:00:00+09:00,260.59226241766237,270.14731203964334,260.59226241766237,265.8041076660156,792500
2017-08-29 00:00:00+09:00,260.5922663762019,284.9142112379808,260.5922663762019,282.30828857421875,2094100
2017-08-30 00:00:00+09:00,277.9650724386867,280.5709949927994,272.75322733046136,274.4905090332031,739400
2017-08-31 00:00:00+09:00,274.4905205829327,285.78285212590146,274.4905205829327,282.30828857421875,1419200
2017-09-01 00:00:00+09:00,282.30828072957485,282.30828072957485,274.49051295552505,277.096435546875,751500
2017-09-04 00:00:00+09:00,277.0964280363184,284.04555475823236,275.3591463558399,278.8337097167969,769700
2017-09-05 00:00:00+09:00,277.096403949897,278.83368547936345,269.27863706729806,270.14727783203125,710400
2017-09-06 00:00:00+09:00,264.9354667912901,270.14731203964334,264.06682591656454,265.8041076660156,447400
2017-09-07 00:00:00+09:00,267.54136373718455,279.70233481614747,267.54136373718455,275.359130859375,538800
2017-09-08 00:00:00+09:00,273.6218646753614,280.57099139727535,272.7532238351222,278.8337097167969,459000
2017-09-11 00:00:00+09:00,279.7023659104567,282.30828857421875,279.7023659104567,282.30828857421875,365400
2017-09-12 00:00:00+09:00,284.04555951286767,299.6810948988971,283.17691865808825,295.337890625,1479900
2017-09-13 00:00:00+09:00,299.68108443139306,312.71069679797534,295.3378803091989,308.36749267578125,1626000
2017-09-14 00:00:00+09:00,305.7615736607143,306.6302144949777,299.6810878208706,304.0242919921875,643200
2017-09-15 00:00:00+09:00,304.02429596898236,307.498859351485,298.8124508952284,306.6302185058594,675900
2017-09-18 00:00:00+09:00,306.6302185058594,306.6302185058594,306.6302185058594,306.6302185058594,0
2017-09-19 00:00:00+09:00,313.5793252252723,335.295344977715,313.5793252252723,332.6894226074219,2628700
2017-09-20 00:00:00+09:00,336.1639974117279,343.11312397321063,326.6089483896891,333.5580749511719,1759700
2017-09-21 00:00:00+09:00,333.55809004934207,340.50721692537,326.6089631733141,330.0835266113281,796200
2017-09-22 00:00:00+09:00,324.8717003177118,327.4776230475331,320.5284957680098,322.2657775878906,881800
2017-09-25 00:00:00+09:00,321.3971258514556,352.66819755592155,321.3971258514556,349.1936340332031,2907400
2017-09-26 00:00:00+09:00,343.98175712941224,350.93088353606703,332.6894267185982,335.29534912109375,2233800
2017-09-27 00:00:00+09:00,333.55806339751956,340.5071897183012,330.95214102722645,332.6894226074219,1000500
2017-09-28 00:00:00+09:00,338.7699233888007,342.24448670560895,324.87167012156783,329.2148742675781,699100
2017-09-29 00:00:00+09:00,330.9521716183714,342.2445029334339,330.9521716183714,339.6385803222656,1110400
2017-10-02 00:00:00+09:00,338.7699547109678,340.5072365299984,332.6894683443607,336.1640319824219,529400
2017-10-03 00:00:00+09:00,339.63857670022986,349.1936261726148,336.1640132557262,343.9817810058594,1164400
2017-10-04 00:00:00+09:00,340.5071716308594,342.2444531187719,337.90124939899056,340.5071716308594,469600
2017-10-05 00:00:00+09:00,338.7699547109678,339.6385956204831,334.42675016339126,336.1640319824219,471200
2017-10-06 00:00:00+09:00,336.1640168407079,342.2445029334339,334.4267350999291,339.6385803222656,408400
2017-10-09 00:00:00+09:00,339.6385803222656,339.6385803222656,339.6385803222656,339.6385803222656,0
2017-10-10 00:00:00+09:00,343.11311861363856,359.61729393935786,343.11311861363856,356.1427307128906,1814200
2017-10-11 00:00:00+09:00,356.14272330571146,366.56641276831766,354.4054417286104,357.8800048828125,937900
2017-10-12 00:00:00+09:00,364.82916627447287,376.990138483622,357.88003929781627,360.4859619140625,2255600
2017-10-13 00:00:00+09:00,358.748653132741,367.4350611989091,347.4563226467226,356.1427307128906,1055400
2017-10-16 00:00:00+09:00,360.48593057168495,360.48593057168495,346.5876778267525,353.53680419921875,877200
2017-10-17 00:00:00+09:00,352.66819755592155,352.66819755592155,347.4563522718439,349.1936340332031,447300
2017-10-18 00:00:00+09:00,348.3249501623877,348.3249501623877,334.4266977868311,341.3758239746094,831500
2017-10-19 00:00:00+09:00,347.45636753101445,352.6682130439797,343.9818038557043,345.7190856933594,743000
2017-10-20 00:00:00+09:00,337.03265411685214,345.7190627281112,330.9521680889708,343.9817810058594,1000500
2017-10-23 00:00:00+09:00,357.8800150297151,359.6172966560729,339.63855795295774,344.85040283203125,1502300
2017-10-24 00:00:00+09:00,347.4563447555693,353.5368307887918,345.71906303179145,350.930908203125,777300
2017-10-25 00:00:00+09:00,350.06221981437835,350.93086055833464,338.7698901429468,340.5071716308594,745400
2017-10-26 00:00:00+09:00,337.0326159354968,342.2444605118189,334.4266936473357,338.7698974609375,340600
2017-10-27 00:00:00+09:00,339.6385424276648,347.45630938891543,338.7699016541925,341.3758239746094,472900
2017-10-30 00:00:00+09:00,343.9817810058594,346.5877035892371,341.37585842248166,343.9817810058594,544300
2017-10-31 00:00:00+09:00,343.9818038557043,346.58772661218694,339.63859926156664,345.7190856933594,440200
2017-11-01 00:00:00+09:00,347.45627663352275,353.53676147460936,331.82074418501423,334.4266662597656,1475700
2017-11-02 00:00:00+09:00,340.50723669663915,340.50723669663915,319.6598548580694,322.2657775878906,1047500
2017-11-03 00:00:00+09:00,322.2657775878906,322.2657775878906,322.2657775878906,322.2657775878906,0
2017-11-06 00:00:00+09:00,321.3971056557227,327.4775914383986,315.3166198730469,315.3166198730469,713200
2017-11-07 00:00:00+09:00,314.447998046875,317.05392068262256,313.57935716829246,314.447998046875,457900
2017-11-08 00:00:00+09:00,310.1047858763277,312.710708446717,306.63022244914197,309.23614501953125,654400
2017-11-09 00:00:00+09:00,309.23613699776786,310.1047778320313,299.6810878208706,304.0242919921875,1030100
2017-11-10 00:00:00+09:00,299.68110277473585,305.76158891799133,297.94382101952,300.54974365234375,613000
2017-11-13 00:00:00+09:00,295.33790588378906,297.9438285827637,290.12606048583984,291.86334228515625,950500
2017-11-14 00:00:00+09:00,289.2574541259028,293.60065914280824,286.65153111575955,287.5201721191406,654700
2017-11-15 00:00:00+09:00,286.65147727895004,286.65147727895004,277.0964280363184,278.8337097167969,802400
2017-11-16 00:00:00+09:00,277.9651065558104,286.6515161356795,277.0964655978235,284.04559326171875,583200
2017-11-17 00:00:00+09:00,287.5201151042641,291.86331925991766,287.5201151042641,290.12603759765625,464900
2017-11-20 00:00:00+09:00,283.17691865808825,295.337890625,282.30827780330884,295.337890625,699400
2017-11-21 00:00:00+09:00,301.4183766084559,303.15565831801473,290.9946863511029,295.337890625,841200
2017-11-22 00:00:00+09:00,300.5497397375524,302.2870214701394,296.20653540608487,297.9438171386719,307100
2017-11-23 00:00:00+09:00,297.9438171386719,297.9438171386719,297.9438171386719,297.9438171386719,0
2017-11-24 00:00:00+09:00,299.6811445164749,303.1557085108688,297.07522152067946,301.4184265136719,237800
2017-11-27 00:00:00+09:00,304.8929407355491,310.1047858763277,304.8929407355491,309.23614501953125,502200
2017-11-28 00:00:00+09:00,311.842079053294,311.842079053294,302.2870292772878,303.1556701660156,398200
2017-11-29 00:00:00+09:00,307.4988256699546,311.8420294223551,304.8929034185143,310.973388671875,419800
2017-11-30 00:00:00+09:00,311.8420829772949,311.8420829772949,302.2870330810547,305.7615966796875,490200
2017-12-01 00:00:00+09:00,304.8929519434713,307.4988746096548,300.5497474998321,303.1556701660156,416800
2017-12-04 00:00:00+09:00,300.5497512817383,304.8929557800293,297.07518768310547,298.8124694824219,396500
2017-12-05 00:00:00+09:00,297.0751299562707,299.6810521488696,290.12600410934044,294.4692077636719,270100
2017-12-06 00:00:00+09:00,293.6005817470266,299.681067167823,290.9946594238281,290.9946594238281,379500
2017-12-07 00:00:00+09:00,292.7319794148644,297.94382474569284,292.7319794148644,296.20654296875,299000
2017-12-08 00:00:00+09:00,291.8632898163377,299.68105650784673,291.8632898163377,297.07513427734375,387500
2017-12-11 00:00:00+09:00,298.8124694824219,307.4988784790039,298.8124694824219,305.7615966796875,441400
2017-12-12 00:00:00+09:00,309.23611344962285,309.23611344962285,301.4183465365706,302.2869873046875,422800
2017-12-13 00:00:00+09:00,303.15562807280446,304.89290960903827,300.5497057684537,302.2869873046875,233200
2017-12-14 00:00:00+09:00,300.5497512817383,302.2870330810547,294.46926498413086,298.8124694824219,419200
2017-12-15 00:00:00+09:00,302.2870254075596,302.2870254075596,297.94382101952,300.54974365234375,209600
2017-12-18 00:00:00+09:00,301.4183766084559,301.4183766084559,295.337890625,295.337890625,287800
2017-12-19 00:00:00+09:00,295.3378825844405,297.0751642467019,289.2573967665255,290.12603759765625,247900
2017-12-20 00:00:00+09:00,290.99472092561405,291.86336188360093,283.17695230373187,284.04559326171875,356100
2017-12-21 00:00:00+09:00,281.4396247037055,283.176906337679,278.83370225274524,280.57098388671875,254200
2017-12-22 00:00:00+09:00,277.09643196765285,284.04555878815825,273.62186855740015,281.43963623046875,765800
2017-12-25 00:00:00+09:00,281.43963174545723,281.43963174545723,271.88458251953125,271.88458251953125,340000
2017-12-26 00:00:00+09:00,272.75323486328125,275.35915748936355,271.0159531125597,272.75323486328125,371700
2017-12-27 00:00:00+09:00,272.753227704837,281.43963623046875,272.753227704837,281.43963623046875,208100
2017-12-28 00:00:00+09:00,282.30827669554117,283.1769175469121,274.4905090332031,274.4905090332031,171400
2017-12-29 00:00:00+09:00,275.35914988457404,278.83371329005763,274.4905090332031,274.4905090332031,204700
2018-01-01 00:00:00+09:00,274.4905090332031,274.4905090332031,274.4905090332031,274.4905090332031,0
2018-01-02 00:00:00+09:00,274.4905090332031,274.4905090332031,274.4905090332031,274.4905090332031,0
2018-01-03 00:00:00+09:00,274.4905090332031,274.4905090332031,274.4905090332031,274.4905090332031,0
2018-01-04 00:00:00+09:00,278.83370225274524,281.4396247037055,277.9650614357585,280.57098388671875,188600
2018-01-05 00:00:00+09:00,283.1768798828125,286.6514428261599,281.43959841113883,283.1768798828125,492500
2018-01-08 00:00:00+09:00,283.1768798828125,283.1768798828125,283.1768798828125,283.1768798828125,0
2018-01-09 00:00:00+09:00,285.7828369140625,286.65147775574655,283.1769143890102,285.7828369140625,268200
2018-01-10 00:00:00+09:00,286.6514817203384,289.2574042814324,284.0455591592444,288.3887634277344,276100
2018-01-11 00:00:00+09:00,288.38877101089014,288.38877101089014,286.6514892578125,286.6514892578125,104200
2018-01-12 00:00:00+09:00,285.7828369140625,288.3887594391147,284.04555523069433,285.7828369140625,179200
2018-01-15 00:00:00+09:00,285.78285212590146,286.6514930138221,281.4396476862981,282.30828857421875,156600
2018-01-16 00:00:00+09:00,284.91420750473486,288.38877101089014,283.17692575165717,286.6514892578125,250400
2018-01-17 00:00:00+09:00,285.78280209032306,286.6514428261599,282.30823914697567,283.1768798828125,169300
2018-01-18 00:00:00+09:00,283.17690219879154,284.0455430030823,277.0964165687561,277.9650573730469,206000
2018-01-19 00:00:00+09:00,280.57098388671875,284.0455471546657,278.83370225274524,280.57098388671875,210600
2018-01-22 00:00:00+09:00,280.5710067983774,282.30828857421875,278.83372502253604,282.30828857421875,158800
2018-01-23 00:00:00+09:00,284.91418127111484,290.12602605046453,284.04554047455656,289.25738525390625,301600
2018-01-24 00:00:00+09:00,289.25740073908685,293.6006049543885,289.25740073908685,292.7319641113281,285200
2018-01-25 00:00:00+09:00,292.7319409726271,292.7319409726271,289.25737787502914,290.9946594238281,184300
2018-01-26 00:00:00+09:00,289.2573633784741,295.33784849453815,288.38872264760784,294.4692077636719,308700
2018-01-29 00:00:00+09:00,296.20651162637245,296.20651162637245,287.5201036607897,289.25738525390625,212400
2018-01-30 00:00:00+09:00,289.25736503367045,290.1260057695073,278.8336762036283,283.1768798828125,280400
2018-01-31 00:00:00+09:00,281.4396322375146,283.1769139179931,278.8337097167969,278.8337097167969,207600
2018-02-01 00:00:00+09:00,280.57099537790555,295.33788987147955,277.96507282021605,281.43963623046875,1086500
2018-02-02 00:00:00+09:00,287.5201339017428,287.5201339017428,279.7023659104567,282.30828857421875,290200
2018-02-05 00:00:00+09:00,273.62184839341245,277.09641154761454,266.67272208500833,268.4100036621094,592000
2018-02-06 00:00:00+09:00,248.4312366909451,251.9057994418674,242.35075187683105,250.16851806640625,1336700
2018-02-07 00:00:00+09:00,262.32954776490504,262.32954776490504,254.51177978515625,254.51177978515625,710100
2018-02-08 00:00:00+09:00,258.8549310690583,261.4608531939146,254.51172752763117,259.72357177734375,358400
2018-02-09 00:00:00+09:00,246.69400448556675,257.1176948159428,246.69400448556675,256.2490539550781,405300
2018-02-12 00:00:00+09:00,256.2490539550781,256.2490539550781,256.2490539550781,256.2490539550781,0
2018-02-13 00:00:00+09:00,259.72360572036433,260.59224654217155,254.5117607895209,255.38040161132812,329100
2018-02-14 00:00:00+09:00,252.77444012959796,256.24900288052027,247.5625960032145,250.16851806640625,414700
2018-02-15 00:00:00+09:00,251.9058383240992,257.1176832549426,248.43127503687023,255.38040161132812,250100
2018-02-16 00:00:00+09:00,255.38043582800663,259.7236405189591,255.38043582800663,257.9863586425781,225700
2018-02-19 00:00:00+09:00,260.5922550350041,270.14730438628754,258.8549733347707,267.5413818359375,320400
2018-02-20 00:00:00+09:00,265.8040966484874,271.88458251953125,265.8040966484874,271.88458251953125,117000
2018-02-21 00:00:00+09:00,271.88457247106044,286.6514661835461,269.27865005121,284.9141845703125,579600
2018-02-22 00:00:00+09:00,277.96506076388886,279.7023423936632,271.8845750596788,273.6218566894531,251100
2018-02-23 00:00:00+09:00,273.6218681818322,275.35914988457404,271.88458647909044,274.4905090332031,170500
2018-02-26 00:00:00+09:00,273.621849276666,276.2277716507295,272.7532084853115,275.359130859375,87900
2018-02-27 00:00:00+09:00,277.9650683905751,277.9650683905751,270.14730084209015,271.88458251953125,154900
2018-02-28 00:00:00+09:00,271.8845490269691,280.5709563441247,271.8845490269691,276.2277526855469,228200
2018-03-01 00:00:00+09:00,271.8845939879205,277.0964392400851,271.8845939879205,272.75323486328125,183400
2018-03-02 00:00:00+09:00,269.2786560058594,272.7532193091608,267.5413743542087,269.2786560058594,169700
2018-03-05 00:00:00+09:00,267.54137030486567,271.01593355557816,266.6727294921875,266.6727294921875,225800
2018-03-06 00:00:00+09:00,269.27866392497776,277.9650724386867,269.27866392497776,274.4905090332031,189100
2018-03-07 00:00:00+09:00,274.4905009608115,274.4905009608115,268.410015180034,269.2786560058594,129600
2018-03-08 00:00:00+09:00,271.8845593614977,273.62184089096417,269.27863706729806,270.14727783203125,58800
2018-03-09 00:00:00+09:00,273.62184089096417,274.49048165569735,269.27863706729806,270.14727783203125,139400
2018-03-12 00:00:00+09:00,271.01593424479165,275.35913831922744,271.01593424479165,273.6218566894531,118300
2018-03-13 00:00:00+09:00,272.75321653383804,281.4396247037055,272.75321653383804,280.57098388671875,170800
2018-03-14 00:00:00+09:00,277.965034148978,279.7023156124091,276.2277526855469,276.2277526855469,78800
2018-03-15 00:00:00+09:00,276.2277526855469,277.09639341726245,272.75318975868464,276.2277526855469,123500
2018-03-16 00:00:00+09:00,277.0964275518545,277.0964275518545,271.01594168081067,271.88458251953125,139300
2018-03-19 00:00:00+09:00,271.0159529143689,271.8845937890944,264.9354667912901,265.8041076660156,239300
2018-03-20 00:00:00+09:00,264.93550501371686,268.41006901389676,261.46094101353697,264.0668640136719,140300
2018-03-21 00:00:00+09:00,264.0668640136719,264.0668640136719,264.0668640136719,264.0668640136719,0
2018-03-22 00:00:00+09:00,263.198185041839,268.41003029019225,261.4609032923879,265.8041076660156,221300
2018-03-23 00:00:00+09:00,260.5922659916275,260.5922659916275,253.6431388985175,254.51177978515625,238000
2018-03-26 00:00:00+09:00,251.90587207524462,258.8549995807686,251.03723113705414,257.9863586425781,276000
2018-03-27 00:00:00+09:00,257.11768386537665,262.32952880859375,257.11768386537665,262.32952880859375,189000
2018-03-28 00:00:00+09:00,261.8901480215567,263.64780002170136,259.2536700213397,261.0113220214844,115700
2018-03-29 00:00:00+09:00,265.40544198229424,269.7995718164382,263.64779004863664,268.9207458496094,138200
2018-03-30 00:00:00+09:00,270.6783640839907,272.4360157988218,269.7995382265751,271.55718994140625,126200
2018-04-02 00:00:00+09:00,271.55720923639115,275.9513388356855,271.55720923639115,272.43603515625,146500
2018-04-03 00:00:00+09:00,271.5571980859689,275.9513275048357,268.9207204346488,273.3148498535156,179700
2018-04-04 00:00:00+09:00,276.8301603529188,288.2548971293885,275.9513344470366,284.7395935058594,466500
2018-04-05 00:00:00+09:00,284.73957710266114,285.61840295791626,275.0724926948547,281.2242736816406,203800
2018-04-06 00:00:00+09:00,281.2242713341346,282.1030971820538,273.31483870286206,274.19366455078125,244500
2018-04-09 00:00:00+09:00,274.19366164434524,278.58779083736357,272.43600996713786,276.83013916015625,133000
2018-04-10 00:00:00+09:00,273.31486107610885,275.9513388356855,271.55720923639115,272.43603515625,128400
2018-04-11 00:00:00+09:00,273.3148560570889,273.3148560570889,265.405422923604,268.0419006347656,186500
2018-04-12 00:00:00+09:00,268.0419198827806,271.5572237500957,265.40544198229424,268.9207458496094,74700
2018-04-13 00:00:00+09:00,268.9207265384862,269.79955244220673,267.16307473104507,268.0419006347656,79900
2018-04-16 00:00:00+09:00,267.16307473104507,270.67837834592723,266.2842488273245,268.0419006347656,99100
2018-04-17 00:00:00+09:00,268.92072537579116,280.3454620747627,268.04189947587025,277.708984375,272400
2018-04-18 00:00:00+09:00,277.70898131367557,282.98193665507443,276.8301554234424,280.345458984375,210200
2018-04-19 00:00:00+09:00,280.3454478263855,281.2242736816406,276.830144405365,281.2242736816406,123200
2018-04-20 00:00:00+09:00,281.2242736816406,284.73957710266114,280.3454478263855,281.2242736816406,192600
2018-04-23 00:00:00+09:00,279.46661376953125,281.2242654284591,277.70896211060335,279.46661376953125,87600
2018-04-24 00:00:00+09:00,279.46662197113034,281.2242736816406,278.5877961158752,281.2242736816406,60200
2018-04-25 00:00:00+09:00,279.46662197113034,282.98192539215086,279.46662197113034,281.2242736816406,180600
2018-04-26 00:00:00+09:00,282.9819195519196,288.2548745746261,279.4666162034485,286.4972229003906,247800
2018-04-27 00:00:00+09:00,287.37609530362215,291.7702252012311,287.37609530362215,290.0125732421875,373000
2018-04-30 00:00:00+09:00,290.0125732421875,290.0125732421875,290.0125732421875,290.0125732421875,0
2018-05-01 00:00:00+09:00,290.0125924193967,290.89141845703125,286.49728826885854,290.89141845703125,186200
2018-05-02 00:00:00+09:00,291.77020263671875,292.6490285482751,289.1337249020496,291.77020263671875,138000
2018-05-03 00:00:00+09:00,291.77020263671875,291.77020263671875,291.77020263671875,291.77020263671875,0
2018-05-04 00:00:00+09:00,291.77020263671875,291.77020263671875,291.77020263671875,291.77020263671875,0
2018-05-07 00:00:00+09:00,290.8913847415033,293.5278625488281,287.3760809984036,293.5278625488281,151900
2018-05-08 00:00:00+09:00,293.52785763262256,297.9219872379013,289.13372802734375,289.13372802734375,230500
2018-05-09 00:00:00+09:00,293.527865687779,307.5890808105469,283.8607802908761,307.5890808105469,1035800
2018-05-10 00:00:00+09:00,307.58907920435854,319.89264237253286,304.073775442023,317.25616455078125,886900
2018-05-11 00:00:00+09:00,318.1350273550072,318.1350273550072,300.5585065066643,304.95263671875,293900
2018-05-14 00:00:00+09:00,304.9526108828458,311.98321862654257,304.9526108828458,309.34674072265625,217200
2018-05-15 00:00:00+09:00,311.9831598069933,319.8925920274523,311.9831598069933,316.3772888183594,609200
2018-05-16 00:00:00+09:00,315.4985224983909,317.2561744343151,307.5890887867321,309.34674072265625,223000
2018-05-17 00:00:00+09:00,309.3467214209401,311.9831991603232,305.83141776842945,308.4678955078125,128200
2018-05-18 00:00:00+09:00,308.46790675571987,311.10438459123884,305.8314289202009,307.5890808105469,180600
2018-05-21 00:00:00+09:00,305.83140576575414,320.77144570258696,305.83140576575414,319.0137939453125,366600
2018-05-22 00:00:00+09:00,320.7714258761572,329.55968411933964,319.892600051839,327.8020324707031,468400
2018-05-23 00:00:00+09:00,329.55974017002785,342.74212977682896,327.8020882224544,340.10565185546875,1103200
2018-05-24 00:00:00+09:00,336.5902793190696,349.772666237571,333.07497614080256,338.3479309082031,650500
2018-05-25 00:00:00+09:00,338.3479483705775,338.3479483705775,319.0137798922588,322.5290832519531,366300
2018-05-28 00:00:00+09:00,326.0443856599705,347.13620575657234,326.0443856599705,341.8632507324219,879700
2018-05-29 00:00:00+09:00,345.37856536550623,345.37856536550623,334.8326549726663,340.98443603515625,529400
2018-05-30 00:00:00+09:00,337.4691051136364,340.9844082919034,334.83262772993606,338.3479309082031,286100
2018-05-31 00:00:00+09:00,340.9844570976661,353.28801998263344,340.1056311773113,348.8938903808594,991600
2018-06-01 00:00:00+09:00,352.4092005268692,355.92450427277316,342.74211522563337,343.6209411621094,474000
2018-06-04 00:00:00+09:00,349.77274353027343,353.28804748535157,342.74213562011715,351.5303955078125,635400
2018-06-05 00:00:00+09:00,355.04564376288863,355.92446961378687,345.378559403008,346.25738525390625,323800
2018-06-06 00:00:00+09:00,350.65151450839744,350.65151450839744,340.9844301485168,346.25738525390625,318500
2018-06-07 00:00:00+09:00,349.77271495145914,360.3186259550207,345.3785853666418,358.56097412109375,815100
2018-06-08 00:00:00+09:00,360.31862772428076,369.10688693706805,356.8033240391658,365.5915832519531,945800
2018-06-11 00:00:00+09:00,362.9551037059111,364.71275553983804,355.0456704532399,358.56097412109375,281400
2018-06-12 00:00:00+09:00,360.31862282114884,367.34923009570787,359.439796911829,361.19744873046875,398500
2018-06-13 00:00:00+09:00,362.0762809847608,362.9551069094811,355.0456735869985,355.92449951171875,243600
2018-06-14 00:00:00+09:00,355.92452545166014,364.71278533935543,348.01509155273436,351.5303955078125,693000
2018-06-15 00:00:00+09:00,353.2880313757694,356.80333517055317,347.1362497348978,348.01507568359375,440500
2018-06-18 00:00:00+09:00,345.378559403008,351.5303403592957,340.9844301485168,346.25738525390625,362400
2018-06-19 00:00:00+09:00,341.86325599941506,349.7726886574992,340.9844301485168,346.25738525390625,316500
2018-06-20 00:00:00+09:00,344.4997527689874,349.7727081685127,340.9844491693038,347.13623046875,347800
2018-06-21 00:00:00+09:00,347.13620575657234,353.2879866180812,341.8632507324219,341.8632507324219,402500
2018-06-22 00:00:00+09:00,334.8326549726663,342.74208776729625,332.19617737445634,340.98443603515625,417600
2018-06-25 00:00:00+09:00,339.2268081054687,340.1056340332031,328.6808969726562,329.5597229003906,337000
2018-06-26 00:00:00+09:00,318.13499989471023,331.3173893931098,318.13499989471023,326.04443359375,341800
2018-06-27 00:00:00+09:00,323.40794454595095,329.5597260998141,322.52911860968476,326.9232482910156,219000
2018-06-28 00:00:00+09:00,325.16559801603614,330.4385536595395,315.4985126696135,317.25616455078125,424100
2018-06-29 00:00:00+09:00,316.3773369721583,317.25616290819204,305.831425739753,310.2255554199219,468000
2018-07-02 00:00:00+09:00,310.2255734129448,319.8926592700054,304.07379150390625,304.07379150390625,550500
2018-07-03 00:00:00+09:00,303.19494002904645,312.8620250734508,303.19494002904645,308.4678955078125,406700
2018-07-04 00:00:00+09:00,312.86204459450465,312.86204459450465,303.19495894692164,309.34674072265625,257000
2018-07-05 00:00:00+09:00,309.3466996756213,311.1043513783237,298.800789459407,300.5584411621094,308700
2018-07-06 00:00:00+09:00,304.07376594217413,309.3467214209401,302.31611411591877,308.4678955078125,178600
2018-07-09 00:00:00+09:00,308.4678972929633,315.4985046386719,307.5890713747497,315.4985046386719,177900
2018-07-10 00:00:00+09:00,318.13498884422586,321.6502925883609,309.3467294838881,310.2255554199219,238100
2018-07-11 00:00:00+09:00,310.22556669061834,314.6196965304288,305.8314368508079,309.34674072265625,243700
2018-07-12 00:00:00+09:00,313.7408528022447,319.8926342297397,311.9832009658176,315.4985046386719,186100
2018-07-13 00:00:00+09:00,318.1349904913651,319.013816431949,313.74086078844573,317.25616455078125,125200
2018-07-16 00:00:00+09:00,317.25616455078125,317.25616455078125,317.25616455078125,317.25616455078125,0
2018-07-17 00:00:00+09:00,319.89264237253286,319.89264237253286,314.6196867290296,317.25616455078125,164900
2018-07-18 00:00:00+09:00,322.52910879567185,322.52910879567185,314.6196756099469,318.1349792480469,168800
2018-07-19 00:00:00+09:00,319.8926342297397,319.8926342297397,314.6196787204583,315.4985046386719,128200
2018-07-20 00:00:00+09:00,312.86198560926647,318.1349404229058,309.3466824001736,316.3772888183594,273800
2018-07-23 00:00:00+09:00,316.3773274289969,324.2867606147218,316.3773274289969,318.1349792480469,219200
2018-07-24 00:00:00+09:00,317.25614218803804,320.77144570258696,316.37731630940084,319.0137939453125,152300
2018-07-25 00:00:00+09:00,319.8925920274523,322.52906943427195,315.49846301608613,316.3772888183594,107300
2018-07-26 00:00:00+09:00,319.013816431949,320.77146831311677,315.4985126696135,317.25616455078125,107300
2018-07-27 00:00:00+09:00,317.2561146206326,320.77141782972546,315.49846301608613,316.3772888183594,165600
2018-07-30 00:00:00+09:00,316.3772888183594,320.77141782972546,310.22550820244686,316.3772888183594,327700
2018-07-31 00:00:00+09:00,316.3772804643855,317.2561062434532,312.8619773481145,314.61962890625,149400
2018-08-01 00:00:00+09:00,315.4984883053202,316.37731417803695,308.467881323586,311.9831848144531,230900
2018-08-02 00:00:00+09:00,313.74085595634546,318.1349855915884,311.1043781751997,312.8620300292969,159900
2018-08-03 00:00:00+09:00,311.104396000291,312.8620479550949,304.95261415847733,306.71026611328125,221000
2018-08-06 00:00:00+09:00,303.1949157714844,306.710219142748,302.3160899286685,303.1949157714844,227400
2018-08-07 00:00:00+09:00,301.43728951846856,302.316115435432,297.9219858506147,298.8008117675781,167000
2018-08-08 00:00:00+09:00,299.67960609251946,337.46911653820376,297.921954443883,327.8020324707031,1456600
2018-08-09 00:00:00+09:00,317.25617145356676,320.77147529238744,294.4066965012323,295.2855224609375,841400
2018-08-10 00:00:00+09:00,288.25487206417057,290.01252372309847,279.46661376953125,279.46661376953125,364100
2018-08-13 00:00:00+09:00,284.7395947733626,284.7395947733626,274.19368385583067,275.072509765625,248900
2018-08-14 00:00:00+09:00,276.8301809517441,279.46665886557025,273.3148770666426,275.95135498046875,242900
2018-08-15 00:00:00+09:00,275.95133060603945,276.8301564996893,270.6783752441406,270.6783752441406,119300
2018-08-16 00:00:00+09:00,267.1631164550781,269.7995945779901,263.6478122911955,267.1631164550781,245900
2018-08-17 00:00:00+09:00,268.9207346167549,271.55721240711523,267.16308275651465,269.799560546875,118100
2018-08-20 00:00:00+09:00,265.40541788736977,268.92072143554685,263.64776611328125,263.64776611328125,218900
2018-08-21 00:00:00+09:00,263.64776611328125,265.40541788736977,261.8901143391927,263.64776611328125,155700
2018-08-22 00:00:00+09:00,263.6478122911955,269.7995945779901,262.7689862502249,267.1631164550781,203600
2018-08-23 00:00:00+09:00,267.1630939159518,271.5572237500957,267.1630939159518,268.9207458496094,155900
2018-08-24 00:00:00+09:00,271.55718994140625,273.3148416562374,269.7995382265751,271.55718994140625,131500
2018-08-27 00:00:00+09:00,275.95131332155256,278.58779083736357,274.19366164434524,276.83013916015625,171300
2018-08-28 00:00:00+09:00,277.7089792723824,279.46663103992915,269.7995463184222,273.3148498535156,157300
2018-08-29 00:00:00+09:00,275.0725066752374,281.22428797468353,273.31485487539555,277.708984375,210900
2018-08-30 00:00:00+09:00,284.7395915743671,291.7701987737342,276.83015847507914,277.708984375,390200
2018-08-31 00:00:00+09:00,273.3148518625098,282.1031107648413,272.43602597227664,280.345458984375,213700
2018-09-03 00:00:00+09:00,281.2242683531746,282.10309419177827,276.83013916015625,276.83013916015625,108600
2018-09-04 00:00:00+09:00,277.708987495008,280.345465224391,274.19368385583067,275.072509765625,166600
2018-09-05 00:00:00+09:00,275.95131624661957,277.7089679424579,273.31483870286206,274.19366455078125,176700
2018-09-06 00:00:00+09:00,272.4360157988218,274.1936675136529,268.92071236915956,271.55718994140625,144800
2018-09-07 00:00:00+09:00,268.0418975631912,271.55720113779046,265.4054198822418,270.6783752441406,141600
2018-09-10 00:00:00+09:00,268.9207265384862,275.07250786453,267.16307473104507,268.0419006347656,161800
2018-09-11 00:00:00+09:00,269.7995442305461,270.67837010751856,265.40541484568377,266.28424072265625,166900
2018-09-12 00:00:00+09:00,266.28426323063746,267.16308918189367,261.8901334743563,264.526611328125,167700
2018-09-13 00:00:00+09:00,266.28425682639454,271.55721240711523,265.4054308962744,269.799560546875,190700
2018-09-14 00:00:00+09:00,270.67837010751856,272.4360218614635,266.28424072265625,266.28424072265625,364200
2018-09-17 00:00:00+09:00,266.28424072265625,266.28424072265625,266.28424072265625,266.28424072265625,0
2018-09-18 00:00:00+09:00,265.4054260253906,265.4054260253906,261.89012236942517,265.4054260253906,372200
2018-09-19 00:00:00+09:00,268.92074721026574,278.5878328942949,267.163095267715,275.95135498046875,806600
2018-09-20 00:00:00+09:00,278.5878328942949,279.46665886557025,272.43605109536725,275.95135498046875,622900
2018-09-21 00:00:00+09:00,282.9819686842985,287.3760986328125,281.22431670489294,287.3760986328125,576000
2018-09-24 00:00:00+09:00,287.3760986328125,287.3760986328125,287.3760986328125,287.3760986328125,0
2018-09-25 00:00:00+09:00,294.4066835536783,295.28550947473406,285.61842434312075,289.13372802734375,1050300
2018-09-26 00:00:00+09:00,282.98193665507443,282.98193665507443,275.07250364297613,280.345458984375,558000
2018-09-27 00:00:00+09:00,279.46661963829627,279.46661963829627,273.31483870286206,274.19366455078125,178300
2018-09-28 00:00:00+09:00,275.95133567541933,278.5878134048023,274.19368385583067,275.072509765625,236100
2018-10-01 00:00:00+09:00,278.58779083736357,279.46661667596726,275.0724874829489,276.83013916015625,300300
2018-10-02 00:00:00+09:00,278.5878134048023,278.5878134048023,274.19368385583067,275.072509765625,229400
2018-10-03 00:00:00+09:00,274.1936675136529,275.951319228484,269.7995382265751,271.55718994140625,260600
2018-10-04 00:00:00+09:00,272.4360239697423,274.19367573728897,268.04189455087544,273.3148498535156,162900
2018-10-05 00:00:00+09:00,268.92074108440613,270.6783929869186,263.64778537686874,264.526611328125,359400
2018-10-08 00:00:00+09:00,264.526611328125,264.526611328125,264.526611328125,264.526611328125,0
2018-10-09 00:00:00+09:00,265.4053983656459,266.2842241880487,259.2536176088263,262.7689208984375,358500
2018-10-10 00:00:00+09:00,261.0113107566066,264.5266146051804,258.3748328701762,261.89013671875,274400
2018-10-11 00:00:00+09:00,255.73833823368466,256.61716413826775,253.10186051993534,254.85951232910156,353700
2018-10-12 00:00:00+09:00,255.7383471308528,261.8901286769558,253.98069526053763,260.1324768066406,205700
2018-10-15 00:00:00+09:00,260.1324295671019,261.0112553426664,254.85947491371468,256.61712646484375,204700
2018-10-16 00:00:00+09:00,256.61719202112266,261.8901480215567,253.10188802083331,261.0113220214844,270400
2018-10-17 00:00:00+09:00,265.405422923604,270.67837834592723,261.8901193087218,268.0419006347656,305500
2018-10-18 00:00:00+09:00,268.04189247660116,269.7995442305461,264.52658896871134,266.28424072265625,115800
2018-10-19 00:00:00+09:00,262.76896408180784,269.7995718164382,261.01131214815024,268.9207458496094,235600
2018-10-22 00:00:00+09:00,267.1630716695414,274.19367881873984,267.1630716695414,270.6783752441406,301600
2018-10-23 00:00:00+09:00,269.79954732259114,269.79954732259114,263.64776611328125,263.64776611328125,137400
2018-10-24 00:00:00+09:00,265.40541788736977,266.28424377441405,261.01128845214845,263.64776611328125,139300
2018-10-25 00:00:00+09:00,256.6171746504934,258.37482653166114,250.46539306640622,250.46539306640625,287800
2018-10-26 00:00:00+09:00,254.8595219405096,256.6171738159614,246.07126256325066,246.95008850097656,355400
2018-10-29 00:00:00+09:00,249.58659274336222,252.22307083572167,241.67715846628383,242.5559844970703,284400
2018-10-30 00:00:00+09:00,244.3135641945733,253.98064766989813,243.43473842408923,253.10182189941406,458800
2018-10-31 00:00:00+09:00,258.3748107910156,266.28424377441405,257.49598490397136,263.64776611328125,246200
2018-11-01 00:00:00+09:00,261.01128845214845,266.28424377441405,260.13246256510416,263.64776611328125,215700
2018-11-02 00:00:00+09:00,264.52663833216616,268.92076853701946,264.52663833216616,267.1631164550781,294700
2018-11-05 00:00:00+09:00,267.1630665996287,270.67837010751856,265.40541484568377,266.28424072265625,193000
2018-11-06 00:00:00+09:00,266.28425682639454,270.6783864769951,266.28425682639454,269.799560546875,139400
2018-11-07 00:00:00+09:00,270.678382899753,279.4666420848099,254.85951636665055,255.73834228515625,929800
2018-11-08 00:00:00+09:00,269.79957883875664,292.64905457102924,267.1631008696483,287.3760986328125,1238200
2018-11-09 00:00:00+09:00,286.49724893008965,300.5584636015051,284.7395970961627,298.8008117675781,725200
2018-11-12 00:00:00+09:00,300.55848295597735,306.7102647708658,296.16435308819996,299.6796569824219,371800
2018-11-13 00:00:00+09:00,290.89140259162366,295.2855325401376,286.4972726431097,287.3760986328125,247900
2018-11-14 00:00:00+09:00,284.73956874631483,287.3760462347067,278.5877879400673,279.46661376953125,219700
2018-11-15 00:00:00+09:00,275.9513185501099,284.73957710266114,274.1936668395996,281.2242736816406,201100
2018-11-16 00:00:00+09:00,283.86075425975326,284.73958012433457,277.7089732076843,278.5877990722656,166300
2018-11-19 00:00:00+09:00,279.4666411497883,287.37607438987663,279.4666411497883,282.1031188964844,172600
2018-11-20 00:00:00+09:00,279.46661963829627,280.34544548621545,273.31483870286206,274.19366455078125,117100
2018-11-21 00:00:00+09:00,267.16308275651465,275.9513420577158,267.16308275651465,269.799560546875,135800
2018-11-22 00:00:00+09:00,272.43607270090206,274.19372478284333,266.2842904141075,267.1631164550781,199500
2018-11-23 00:00:00+09:00,267.1631164550781,267.1631164550781,267.1631164550781,267.1631164550781,0
2018-11-26 00:00:00+09:00,270.6783963401846,270.6783963401846,261.0113107566066,261.89013671875,273000
2018-11-27 00:00:00+09:00,262.76893721476637,272.4360218614635,262.76893721476637,266.28424072265625,195000
2018-11-28 00:00:00+09:00,268.0419198827806,270.6783977832669,264.52661601546544,268.9207458496094,135100
2018-11-29 00:00:00+09:00,272.4360239697423,275.9513275048357,268.9207204346488,273.3148498535156,218800
2018-11-30 00:00:00+09:00,271.55718994140625,274.1936675136529,268.04188651174405,271.55718994140625,233800
2018-12-03 00:00:00+09:00,272.43602703144023,273.31485292509007,269.7995493504908,270.6783752441406,116000
2018-12-04 00:00:00+09:00,268.9207016552571,271.5571791224655,262.7689208984375,262.7689208984375,224300
2018-12-05 00:00:00+09:00,261.0113075231001,269.7995670356624,260.13248157184387,264.526611328125,193700
2018-12-06 00:00:00+09:00,264.5265725432431,266.2842241880487,260.1324434312291,262.7689208984375,205000
2018-12-07 00:00:00+09:00,261.8901143391927,269.79954732259114,261.8901143391927,263.64776611328125,150200
2018-12-10 00:00:00+09:00,261.01128949756026,262.76894127868866,253.1018564824827,253.98068237304688,693300
2018-12-11 00:00:00+09:00,253.10185134242957,256.61715483329664,247.82889610612895,249.5865478515625,172800
2018-12-12 00:00:00+09:00,249.5865448742378,256.6171517721036,249.5865448742378,252.2230224609375,150900
2018-12-13 00:00:00+09:00,253.1018233625856,259.25360379153733,252.22299758702107,256.61712646484375,180800
2018-12-14 00:00:00+09:00,255.73832896057988,256.61715483329664,248.70772197884574,249.5865478515625,229100
2018-12-17 00:00:00+09:00,248.7077469704368,248.7077469704368,239.919487360174,241.67713928222656,234500
2018-12-18 00:00:00+09:00,239.91946192327535,239.91946192327535,232.01002911261793,232.88885498046875,215700
2018-12-19 00:00:00+09:00,232.8888894561538,238.1618454438403,230.25241146231053,233.76771545410156,616200
2018-12-20 00:00:00+09:00,228.49474952334447,234.64653124128068,220.58531588599794,221.46414184570312,324700
2018-12-21 00:00:00+09:00,220.58529869454804,221.4641245857614,210.91821389120133,214.4335174560547,804000
2018-12-24 00:00:00+09:00,214.4335174560547,214.4335174560547,214.4335174560547,214.4335174560547,0
2018-12-25 00:00:00+09:00,200.3723169387196,203.88762074466206,193.3417093268347,194.2205352783203,1079800
2018-12-26 00:00:00+09:00,194.22052388251583,213.55469368077533,194.22052388251583,208.28173828125,506500
2018-12-27 00:00:00+09:00,219.70649132361777,229.37357694185695,217.07001342773435,228.4947509765625,350400
2018-12-28 00:00:00+09:00,225.85826912073554,230.2523988701662,224.9794431708494,227.6159210205078,169600
2018-12-31 00:00:00+09:00,227.6159210205078,227.6159210205078,227.6159210205078,227.6159210205078,0
2019-01-04 00:00:00+09:00,222.342965321191,228.49474697039392,220.58531342141876,227.6159210205078,152900
2019-01-07 00:00:00+09:00,237.28300801823647,237.28300801823647,232.0100522844979,234.6465301513672,141400
2019-01-08 00:00:00+09:00,238.1618112897341,239.04063716165194,234.64650780206276,236.40415954589844,131400
2019-01-09 00:00:00+09:00,236.40419401945888,239.04067201967592,235.52536801938655,237.28302001953125,115200
2019-01-10 00:00:00+09:00,233.7677026697107,234.64652861959684,227.6159210205078,227.6159210205078,311800
2019-01-11 00:00:00+09:00,229.37356567382812,232.88886936231592,227.61591382958423,229.37356567382812,119000
2019-01-15 00:00:00+09:00,228.4947484620055,236.4041820626134,228.4947484620055,234.6465301513672,177700
2019-01-16 00:00:00+09:00,236.40415954589844,238.1618112897341,233.7676819301449,236.40415954589844,115900
2019-01-17 00:00:00+09:00,239.0406494140625,239.0406494140625,235.52534574620864,239.0406494140625,109200
2019-01-18 00:00:00+09:00,239.04065506144352,248.70774037642835,239.04065506144352,246.95008850097656,247800
2019-01-21 00:00:00+09:00,249.5865448742378,254.8595000476372,248.70771901200456,252.2230224609375,214900
2019-01-22 00:00:00+09:00,252.22304412733195,253.10187006505782,245.19243662552478,246.95008850097656,161300
2019-01-23 00:00:00+09:00,245.1924285888672,247.8289063156292,243.43477677102584,245.1924285888672,134500
2019-01-24 00:00:00+09:00,244.3136035932669,248.70773315429688,243.4347776810609,248.70773315429688,115500
2019-01-25 00:00:00+09:00,247.8289063156292,248.70773222454986,244.3136026799465,245.1924285888672,104000
2019-01-28 00:00:00+09:00,246.07126173990298,246.07126173990298,242.5559580007615,243.43478393554688,92600
2019-01-29 00:00:00+09:00,246.07126256325066,246.95008850097656,243.434784750073,246.95008850097656,115200
2019-01-30 00:00:00+09:00,246.07126908735796,250.46539889248936,241.67713928222656,241.67713928222656,206100
2019-01-31 00:00:00+09:00,245.1924782344273,249.58660866873606,245.1924782344273,246.07130432128906,120000
2019-02-01 00:00:00+09:00,246.07126579010227,247.828917688603,244.31361389160153,244.31361389160156,101900
2019-02-04 00:00:00+09:00,248.70771496112528,253.10184420072113,247.82888911320612,251.3441925048828,123100
2019-02-05 00:00:00+09:00,251.34419959699605,253.98067721514636,246.07124436069543,249.5865478515625,120300
2019-02-06 00:00:00+09:00,247.82895649501256,248.7077825818743,244.3136521475656,246.07130432128906,90600
2019-02-07 00:00:00+09:00,244.31360997380438,260.1324768066406,242.55595810348925,260.1324768066406,320000
2019-02-08 00:00:00+09:00,251.3442126926278,260.13247187768474,251.3442126926278,255.73834228515625,181300
2019-02-12 00:00:00+09:00,253.98069841300264,259.2536540893972,253.10187246693687,257.4960021972656,122900
2019-02-13 00:00:00+09:00,260.1324677566002,260.1324677566002,253.10186051993534,254.85951232910156,69600
2019-02-14 00:00:00+09:00,255.7382992108663,256.6171249813504,252.22299612893,253.10182189941406,107900
2019-02-15 00:00:00+09:00,251.34419959699605,251.34419959699605,246.9500702334122,249.5865478515625,71600
2019-02-18 00:00:00+09:00,254.85951636665055,255.73834228515625,253.1018645296392,255.73834228515625,90500
2019-02-19 00:00:00+09:00,253.1018708881579,254.85952276932565,249.58656712582234,250.46539306640625,106700
2019-02-20 00:00:00+09:00,249.5865478515625,253.98067721514636,248.70772197884574,249.5865478515625,149600
2019-02-21 00:00:00+09:00,249.58655906650287,251.34421089091487,246.95008132988488,248.70773315429688,89100
2019-02-22 00:00:00+09:00,246.07126173990298,246.95008767468835,242.5559580007615,243.43478393554688,182600
2019-02-25 00:00:00+09:00,242.5559844970703,244.3136365586433,240.79833243549734,242.5559844970703,199400
2019-02-26 00:00:00+09:00,242.55596121906365,244.3136131119554,239.919483379726,240.79830932617188,135900
2019-02-27 00:00:00+09:00,239.04063716165194,239.91946303356977,235.52533367398058,236.40415954589844,186200
2019-02-28 00:00:00+09:00,235.52533367398058,239.04063716165194,234.64650780206276,236.40415954589844,136500
2019-03-01 00:00:00+09:00,235.52533367398058,239.04063716165194,235.52533367398058,236.40415954589844,142800
2019-03-04 00:00:00+09:00,236.40415954589844,239.91946303356977,236.40415954589844,236.40415954589844,152100
2019-03-05 00:00:00+09:00,234.64650780206276,237.28298541781626,234.64650780206276,236.40415954589844,142500
2019-03-06 00:00:00+09:00,236.40415954589844,239.04063716165194,235.52533367398058,236.40415954589844,207400
2019-03-07 00:00:00+09:00,235.52533258402124,237.28298431972289,232.01002911261793,232.88885498046875,256100
2019-03-08 00:00:00+09:00,227.6159068692115,230.25238455495526,217.06999612623645,217.94882202148438,378300
2019-03-11 00:00:00+09:00,217.94884126349146,222.34297112767476,216.19118931781813,218.82766723632812,179300
2019-03-12 00:00:00+09:00,224.10061722096327,231.13122482005232,224.10061722096327,227.6159210205078,222000
2019-03-13 00:00:00+09:00,224.1005859375,227.61588924632352,223.2217601102941,224.1005859375,130200
2019-03-14 00:00:00+09:00,227.61591615451601,227.61591615451601,223.22178649902344,223.22178649902344,74000
2019-03-15 00:00:00+09:00,224.1005859375,226.73706341911765,223.2217601102941,224.1005859375,108700
2019-03-18 00:00:00+09:00,227.6159016808798,229.3735534313113,225.8582499304483,226.73707580566406,63000
2019-03-19 00:00:00+09:00,230.25240290715143,230.25240290715143,227.61592501126802,228.4947509765625,100400
2019-03-20 00:00:00+09:00,231.13121404613645,251.34420995131188,230.25238813721577,245.1924285888672,763700
2019-03-22 00:00:00+09:00,245.1924389523451,258.3748281433314,245.1924389523451,257.4960021972656,608700
2019-03-25 00:00:00+09:00,251.34417181145653,257.49595224040826,246.07121715806935,256.61712646484375,331700
2019-03-26 00:00:00+09:00,253.10182189941406,257.49595075183447,251.34417035844592,253.10182189941406,189000
2019-03-27 00:00:00+09:00,254.61531230570122,258.1763656246621,253.72504897596102,257.2861022949219,121300
2019-03-28 00:00:00+09:00,259.95693510965583,276.8719411613115,259.0666716332529,272.4206237792969,560000
2019-03-29 00:00:00+09:00,272.4205410605983,280.4329099153218,266.1886986180356,270.6400146484375,335000
2019-04-01 00:00:00+09:00,274.20108479552624,275.0913480578494,270.6400317462337,273.3108215332031,162100
2019-04-02 00:00:00+09:00,274.20111083984375,275.981637533609,269.7497941054307,274.20111083984375,215200
2019-04-03 00:00:00+09:00,273.31085507328896,279.5426986743086,270.64006495856626,278.6524353027344,198000
2019-04-04 00:00:00+09:00,279.5426850137831,283.10373832606064,276.871895029575,281.3232116699219,168200
2019-04-05 00:00:00+09:00,282.2135244516226,283.10378793569714,274.20115309495196,277.76220703125,172200
2019-04-08 00:00:00+09:00,281.3232609675481,281.3232609675481,275.98168006310095,277.76220703125,80900
2019-04-09 00:00:00+09:00,277.76216422737417,277.76216422737417,270.64005745231333,274.20111083984375,143000
2019-04-10 00:00:00+09:00,273.3108215332031,273.3108215332031,267.0789786969412,273.3108215332031,163900
2019-04-11 00:00:00+09:00,272.4205978643699,273.3108612560835,269.749807689229,271.53033447265625,57800
2019-04-12 00:00:00+09:00,270.6400634765625,272.42059020996095,265.2984832763672,267.0790100097656,175800
2019-04-15 00:00:00+09:00,267.07896670779667,267.07896670779667,262.627650596,263.5179138183594,255500
2019-04-16 00:00:00+09:00,261.7374007189233,266.1887170576805,259.95687418342044,260.8471374511719,118300
2019-04-17 00:00:00+09:00,260.8471725672892,265.29848950529754,256.39585562928085,259.9569091796875,226700
2019-04-18 00:00:00+09:00,259.95689993844906,262.6276900063098,251.05426637891313,252.8347930908203,237600
2019-04-19 00:00:00+09:00,251.94452358813996,254.61531359084108,247.4932069169714,251.05426025390625,253600
2019-04-22 00:00:00+09:00,250.1639924066227,254.61530899748786,249.27372908844967,251.94451904296875,61400
2019-04-23 00:00:00+09:00,253.72506546647583,260.8471725672892,251.9445386912725,259.9569091796875,175800
2019-04-24 00:00:00+09:00,258.17637322654184,259.06663658249545,252.8347930908203,252.8347930908203,169600
2019-04-25 00:00:00+09:00,253.725092961238,254.6153564453125,251.05430250901443,254.6153564453125,81600
2019-04-26 00:00:00+09:00,252.83477953335967,256.39583276622386,250.1639896087115,255.5055694580078,93900
2019-05-07 00:00:00+09:00,252.83477333470395,258.17635305304276,251.94451004831416,253.72503662109375,115900
2019-05-08 00:00:00+09:00,251.94452358813996,252.83478692237367,250.16399691967254,251.05426025390625,82000
2019-05-09 00:00:00+09:00,252.8347551500475,266.1887034854373,248.38343903825088,263.5179138183594,463300
2019-05-10 00:00:00+09:00,264.4081905221776,270.64003339643773,258.17634764791757,260.8471374511719,391700
2019-05-13 00:00:00+09:00,258.17634938011037,259.06661265383485,248.38345336914062,248.38345336914062,218600
2019-05-14 00:00:00+09:00,238.5905530657087,249.27371215820312,235.02950003487723,249.27371215820312,167400
2019-05-15 00:00:00+09:00,253.7250428415757,255.50556945800784,249.27372630049544,255.5055694580078,90200
2019-05-16 00:00:00+09:00,255.50556945800784,257.2860960744399,255.50556945800784,255.5055694580078,109200
2019-05-17 00:00:00+09:00,259.0665977065628,265.298440263078,259.0665977065628,263.5179138183594,163600
2019-05-20 00:00:00+09:00,264.408219909668,270.6400634765625,263.51795654296876,267.0790100097656,202800
2019-05-21 00:00:00+09:00,262.62766398667475,262.62766398667475,258.17634764791757,260.8471374511719,99700
2019-05-22 00:00:00+09:00,260.84714930730416,260.84714930730416,255.50556945800784,255.5055694580078,119400
2019-05-23 00:00:00+09:00,255.50561992938702,256.39588341346155,251.94456599308896,254.6153564453125,153900
2019-05-24 00:00:00+09:00,253.72505346934,257.28610685136584,252.83479012383356,256.3958435058594,88400
2019-05-27 00:00:00+09:00,256.39585562928085,259.9569091796875,255.50559224167915,259.9569091796875,65700
2019-05-28 00:00:00+09:00,259.9568922841425,259.9568922841425,255.50557563544143,257.2861022949219,73900
2019-05-29 00:00:00+09:00,254.6153564453125,257.28614689753607,251.94456599308896,254.6153564453125,113800
2019-05-30 00:00:00+09:00,252.8347823611418,252.8347823611418,247.4932024521036,251.94451904296875,147500
2019-05-31 00:00:00+09:00,248.38345786993452,249.2737211597909,246.60293129022173,247.49319458007812,159200
2019-06-03 00:00:00+09:00,247.49321124650456,248.38347459631214,240.371104448044,241.26136779785156,132000
2019-06-04 00:00:00+09:00,242.15162819602273,245.71268155184657,241.26136485706675,244.82241821289062,89100
2019-06-05 00:00:00+09:00,249.2737533189224,252.83480693776414,245.71269970008063,250.1640167236328,86700
2019-06-06 00:00:00+09:00,250.16400449456722,250.16400449456722,245.71268768861407,246.6029510498047,65900
2019-06-07 00:00:00+09:00,247.4932069169714,251.05426025390625,245.71268024850397,251.05426025390625,48300
2019-06-10 00:00:00+09:00,253.7250428415757,256.39583276622386,251.05425291692754,255.5055694580078,77300
2019-06-11 00:00:00+09:00,256.39588341346155,256.39588341346155,251.05430250901443,254.6153564453125,59600
2019-06-12 00:00:00+09:00,254.61530614979176,258.176359382656,252.83477953335967,255.5055694580078,84700
2019-06-13 00:00:00+09:00,254.6153198027275,254.6153198027275,250.16400302295952,252.8347930908203,79800
2019-06-14 00:00:00+09:00,253.72506997019974,259.9569137940292,252.83480656679552,259.066650390625,189000
2019-06-17 00:00:00+09:00,259.066650390625,259.9569137940292,256.39586018041234,259.066650390625,139100
2019-06-18 00:00:00+09:00,259.066625588353,259.066625588353,250.1639924066227,251.94451904296875,89500
2019-06-19 00:00:00+09:00,253.72506546647583,260.8471725672892,253.72506546647583,259.9569091796875,135900
2019-06-20 00:00:00+09:00,260.8471575604369,269.74979092427435,260.8471575604369,268.8595275878906,177100
2019-06-21 00:00:00+09:00,267.96922993015596,267.96922993015596,260.8471241512814,263.5179138183594,144400
2019-06-24 00:00:00+09:00,262.6276776543979,262.6276776543979,255.50557114173625,258.1763610839844,96600
2019-06-25 00:00:00+09:00,256.39583896518167,259.0666289544023,254.61531230570122,257.2861022949219,58100
2019-06-26 00:00:00+09:00,258.176359382656,258.176359382656,255.50556945800784,255.5055694580078,58500
2019-06-27 00:00:00+09:00,256.3958080394848,263.5179138183594,254.61528159476615,263.5179138183594,102500
2019-06-28 00:00:00+09:00,261.7374267578125,264.4082168267698,260.8471634014934,261.7374267578125,86600
2019-07-01 00:00:00+09:00,266.1887466430664,267.0790100097656,264.408219909668,267.0790100097656,106100
2019-07-02 00:00:00+09:00,267.07901922648387,267.9692826239055,264.408229034219,265.2984924316406,95800
2019-07-03 00:00:00+09:00,265.2984832763672,267.0790100097656,265.2984832763672,267.0790100097656,56700
2019-07-04 00:00:00+09:00,267.9692809058017,273.3108612560835,267.9692809058017,271.53033447265625,141600
2019-07-05 00:00:00+09:00,270.6400060749373,270.6400060749373,263.5179006519126,266.1886901855469,118300
2019-07-08 00:00:00+09:00,267.96927966810256,267.96927966810256,259.06664579208586,259.9569091796875,115200
2019-07-09 00:00:00+09:00,260.8471374511719,265.29845378992906,258.17634764791757,260.8471374511719,77900
2019-07-10 00:00:00+09:00,259.0666289544023,260.8471556138827,256.39583896518167,257.2861022949219,106900
2019-07-11 00:00:00+09:00,258.17634764791757,260.8471374511719,257.28608438016613,260.8471374511719,71600
2019-07-12 00:00:00+09:00,262.6276901141316,265.2984801830889,261.7374267578125,261.7374267578125,106300
2019-07-16 00:00:00+09:00,262.6276901141316,263.51795347045066,261.7374267578125,261.7374267578125,150800
2019-07-17 00:00:00+09:00,261.7374189436229,263.5179456031034,256.39583896518167,257.2861022949219,209000
2019-07-18 00:00:00+09:00,254.61531359084108,255.5055769250748,251.05426025390625,251.05426025390625,141900
2019-07-19 00:00:00+09:00,253.725092961238,255.50561992938702,251.94456599308896,254.6153564453125,79300
2019-07-22 00:00:00+09:00,253.72502844674247,253.72502844674247,249.27371215820312,249.27371215820312,111100
2019-07-23 00:00:00+09:00,245.71266354796708,249.27371664286517,244.82240027424257,248.38345336914062,308500
2019-07-24 00:00:00+09:00,249.27374113337657,249.27374113337657,246.6029510498047,246.6029510498047,94800
2019-07-25 00:00:00+09:00,246.60294489080255,246.60294489080255,244.82241821289062,244.82241821289062,74300
2019-07-26 00:00:00+09:00,244.82242432742342,248.38347777218596,243.9321609662328,246.6029510498047,111800
2019-07-29 00:00:00+09:00,248.38345690275494,255.50556319387337,248.38345690275494,253.72503662109375,143400
2019-07-30 00:00:00+09:00,254.61531681484647,257.28610685136584,251.9445267783271,256.3958435058594,156700
2019-07-31 00:00:00+09:00,256.39583276622386,257.2860960744399,253.7250428415757,255.5055694580078,71200
2019-08-01 00:00:00+09:00,255.5055801603529,256.3958435058594,254.61531681484647,256.3958435058594,63400
2019-08-02 00:00:00+09:00,250.16399691967254,252.83478692237367,248.3834702512051,251.05426025390625,163200
2019-08-05 00:00:00+09:00,249.2737211597909,249.2737211597909,245.71266800036534,247.49319458007812,137600
2019-08-06 00:00:00+09:00,242.15161484093974,248.38345786993452,240.37108826122696,247.49319458007812,144100
2019-08-07 00:00:00+09:00,245.71265912737164,250.16397541591098,245.71265912737164,249.27371215820312,108900
2019-08-08 00:00:00+09:00,251.05425291692754,259.9568859990881,250.1639896087115,255.5055694580078,372200
2019-08-09 00:00:00+09:00,255.505584661711,255.505584661711,242.15163424385153,246.6029510498047,251800
2019-08-13 00:00:00+09:00,242.15163114765915,243.93215784727428,240.371104448044,241.26136779785156,160400
2019-08-14 00:00:00+09:00,243.9321746826172,246.60296491636848,241.26138444886593,243.9321746826172,97800
2019-08-15 00:00:00+09:00,243.93213788200825,244.8224011589499,237.70029494341682,242.151611328125,223400
2019-08-16 00:00:00+09:00,240.37112426757812,242.15165111400464,239.48086084436488,240.37112426757812,94400
2019-08-19 00:00:00+09:00,241.2613876907914,243.0419145372179,238.59059742115164,240.37112426757812,70000
2019-08-20 00:00:00+09:00,240.37110151811078,245.71268155184657,238.59057484019885,244.82241821289062,94000
2019-08-21 00:00:00+09:00,241.26136779785156,243.93215784727428,241.26136779785156,241.26136779785156,54500
2019-08-22 00:00:00+09:00,242.15163114765915,243.0418944974667,240.371104448044,241.26136779785156,53800
2019-08-23 00:00:00+09:00,241.2613876907914,242.15165111400464,238.59059742115164,240.37112426757812,96700
2019-08-26 00:00:00+09:00,235.91978454589844,237.70031122171653,235.02952120798938,235.91978454589844,141500
2019-08-27 00:00:00+09:00,238.59057163394516,241.26136161492215,237.70030830695282,239.4808349609375,63000
2019-08-28 00:00:00+09:00,239.48083789753463,239.48083789753463,235.02952120798938,235.91978454589844,102000
2019-08-29 00:00:00+09:00,235.91976037186186,237.70028686523438,233.24897063180302,237.70028686523438,98100
2019-08-30 00:00:00+09:00,238.59059742115164,240.37112426757812,236.81007057472513,240.37112426757812,67600
2019-09-02 00:00:00+09:00,240.37112426757812,242.15165111400464,239.48086084436488,240.37112426757812,42500
2019-09-03 00:00:00+09:00,240.37108477424172,243.04187460506662,239.48082149730007,242.151611328125,62700
2019-09-04 00:00:00+09:00,240.371104448044,242.15163114765915,239.48084109823643,241.26136779785156,75100
2019-09-05 00:00:00+09:00,243.04191127136679,244.82243809386762,241.26138444886593,243.9321746826172,118700
2019-09-06 00:00:00+09:00,243.9321793217362,245.71270617809927,241.26138903719166,243.0419158935547,121400
2019-09-09 00:00:00+09:00,243.04189153497867,244.82241821289062,243.04189153497867,244.82241821289062,49500
2019-09-10 00:00:00+09:00,245.71268155184657,246.60294489080255,243.93215487393465,244.82241821289062,76700
2019-09-11 00:00:00+09:00,245.71265912737164,250.16397541591098,244.82239586966378,249.27371215820312,170200
2019-09-12 00:00:00+09:00,249.27371664286517,251.0542431903142,248.38345336914062,248.38345336914062,562400
2019-09-13 00:00:00+09:00,250.16400302295952,252.8347930908203,248.38347631105233,252.8347930908203,205300
2019-09-17 00:00:00+09:00,252.83477953335967,255.50556945800784,252.83477953335967,255.5055694580078,317200
2019-09-18 00:00:00+09:00,257.28614689753607,257.28614689753607,251.94456599308896,254.6153564453125,240900
2019-09-19 00:00:00+09:00,255.50556319387337,256.39582648026317,251.05424676192436,253.72503662109375,516600
2019-09-20 00:00:00+09:00,253.72503662109375,254.61529990748357,252.83477333470395,253.72503662109375,336200
2019-09-24 00:00:00+09:00,254.6153564453125,255.50561992938702,253.725092961238,254.6153564453125,744700
2019-09-25 00:00:00+09:00,252.83477953335967,255.50556945800784,251.94451622514362,255.5055694580078,299400
2019-09-26 00:00:00+09:00,256.39583563383394,258.17636227018,251.05425572479572,251.94451904296875,907600
2019-09-27 00:00:00+09:00,246.602947896697,249.2737379461197,240.371104448044,241.26136779785156,660400
2019-09-30 00:00:00+09:00,241.26136457335272,241.26136457335272,235.91978454589844,235.91978454589844,184600
2019-10-01 00:00:00+09:00,237.7003308038642,243.9321746826172,237.7003308038642,243.9321746826172,165000
2019-10-02 00:00:00+09:00,243.93215487393465,246.60294489080255,242.15162819602273,244.82241821289062,123600
2019-10-03 00:00:00+09:00,241.26134805118335,243.93213788200825,239.48082149730007,242.151611328125,200300
2019-10-04 00:00:00+09:00,242.15160609654018,250.16397541591098,242.15160609654018,249.27371215820312,190200
2019-10-07 00:00:00+09:00,249.2737755408654,254.6153564453125,249.2737755408654,254.6153564453125,215900
2019-10-08 00:00:00+09:00,255.5056085101629,265.298506397312,253.7250816215903,262.6277160644531,516400
2019-10-09 00:00:00+09:00,259.9569091796875,263.5179627300942,259.06664579208586,259.9569091796875,180900
2019-10-10 00:00:00+09:00,259.95693734975964,261.7374643179087,254.6153564453125,254.6153564453125,160100
2019-10-11 00:00:00+09:00,254.615333747185,255.50559715189544,249.2737533189224,250.1640167236328,217000
2019-10-15 00:00:00+09:00,251.94451904296875,257.28609895200697,250.1639924066227,251.94451904296875,233100
2019-10-16 00:00:00+09:00,259.06663658249545,262.6276900063098,252.8347930908203,252.8347930908203,344400
2019-10-17 00:00:00+09:00,256.39586018041234,259.066650390625,254.61533337360396,259.066650390625,199800
2019-10-18 00:00:00+09:00,259.95690004517434,263.51795347045066,259.95690004517434,261.7374267578125,119600
2019-10-21 00:00:00+09:00,261.73741319444446,264.408203125,261.73741319444446,264.408203125,139100
2019-10-23 00:00:00+09:00,265.2984924316406,265.2984924316406,261.7374388419542,265.2984924316406,153200
2019-10-24 00:00:00+09:00,266.18876984159823,266.18876984159823,261.73745262016683,262.6277160644531,125000
2019-10-25 00:00:00+09:00,264.40817704071867,264.40817704071867,262.627650596,263.5179138183594,89700
2019-10-28 00:00:00+09:00,266.1887034854373,266.1887034854373,261.73738737364073,263.5179138183594,119300
2019-10-29 00:00:00+09:00,265.29848950529754,265.29848950529754,259.06664579208586,259.9569091796875,171400
2019-10-30 00:00:00+09:00,260.84716023339166,261.73742357889813,256.3958435058594,256.3958435058594,381100
2019-10-31 00:00:00+09:00,256.39583896518167,260.8471556138827,256.39583896518167,257.2861022949219,111700
2019-11-01 00:00:00+09:00,258.1763733325361,261.7374267578125,258.1763733325361,261.7374267578125,101000
2019-11-05 00:00:00+09:00,265.2984270076688,267.07895336342494,263.5179006519126,266.1886901855469,229800
2019-11-06 00:00:00+09:00,266.1887297453704,267.07899305555554,263.51793981481484,264.408203125,115200
2019-11-07 00:00:00+09:00,262.62763747403454,270.6400060749373,259.0665847625222,266.1886901855469,524900
2019-11-08 00:00:00+09:00,267.0789803254319,267.0789803254319,260.8471374511719,260.8471374511719,186100
2019-11-11 00:00:00+09:00,264.408219909668,268.8595367431641,261.7374298095703,267.0790100097656,274300
2019-11-12 00:00:00+09:00,267.969216541303,267.969216541303,263.5179006519126,266.1886901855469,107800
2019-11-13 00:00:00+09:00,266.1887297453704,266.1887297453704,263.51793981481484,264.408203125,114300
2019-11-14 00:00:00+09:00,263.5179138183594,266.1887034854373,262.627650596,263.5179138183594,88700
2019-11-15 00:00:00+09:00,264.4082153928636,270.6400588533015,264.4082153928636,267.9692687988281,236000
2019-11-18 00:00:00+09:00,269.7497863769531,271.53031301970526,267.96925973420093,269.7497863769531,156000
2019-11-19 00:00:00+09:00,270.64008299201055,275.98166357737915,269.74981956111577,275.0914001464844,196200
2019-11-20 00:00:00+09:00,273.3108042666787,275.0913306788394,267.078961824116,270.6400146484375,114200
2019-11-21 00:00:00+09:00,268.85952305557703,271.53031301970526,266.1887330914488,269.7497863769531,133500
2019-11-22 00:00:00+09:00,268.8595052215874,273.3108215332031,267.9692419592643,273.3108215332031,100000
2019-11-25 00:00:00+09:00,271.53031301970526,273.31083966245745,268.85952305557703,269.7497863769531,178400
2019-11-26 00:00:00+09:00,270.64005426065813,272.4205809334256,268.8595275878906,268.8595275878906,69300
2019-11-27 00:00:00+09:00,268.8595275878906,270.64005426065813,267.9692642515069,268.8595275878906,57500
2019-11-28 00:00:00+09:00,268.85947971918114,270.6400060749373,266.1886901855469,266.1886901855469,88300
2019-11-29 00:00:00+09:00,264.40817704071867,267.07896670779667,263.5179138183594,263.5179138183594,74100
2019-12-02 00:00:00+09:00,263.51795347045066,267.07900689572705,260.8471634014934,261.7374267578125,122900
2019-12-03 00:00:00+09:00,259.95690004517434,262.6276901141316,258.1763733325361,261.7374267578125,69300
2019-12-04 00:00:00+09:00,261.73741319444446,264.408203125,259.9568865740741,264.408203125,57400
2019-12-05 00:00:00+09:00,263.5179272544262,265.29845378992906,260.8471374511719,260.8471374511719,63000
2019-12-06 00:00:00+09:00,262.6276901141316,264.4082168267698,260.8471634014934,261.7374267578125,51800
2019-12-09 00:00:00+09:00,264.408203125,264.408203125,260.8471498842593,264.408203125,58400
2019-12-10 00:00:00+09:00,263.5179795087394,265.298506397312,261.73745262016683,262.6277160644531,52100
2019-12-11 00:00:00+09:00,264.4082429530257,265.298506397312,261.73745262016683,262.6277160644531,47600
2019-12-12 00:00:00+09:00,264.4081905221776,264.4081905221776,259.95687418342044,260.8471374511719,33500
2019-12-13 00:00:00+09:00,266.1887466430664,267.96927337646486,260.8471664428711,267.0790100097656,218100
2019-12-16 00:00:00+09:00,267.0789941252218,282.2134704589844,267.0789941252218,282.2134704589844,421100
2019-12-17 00:00:00+09:00,284.8842903839021,300.0187683105469,284.8842903839021,300.0187683105469,584700
2019-12-18 00:00:00+09:00,299.12846195805184,300.0187252376889,292.00635572095536,296.4576721191406,294000
2019-12-19 00:00:00+09:00,292.89666474050046,296.457718415157,285.77455739118733,287.5550842285156,248200
2019-12-20 00:00:00+09:00,286.6648189660275,293.78692626953125,283.10376531427556,293.78692626953125,244100
2019-12-23 00:00:00+09:00,293.786918757512,296.45770892803483,289.3356018066406,289.3356018066406,116600
2019-12-24 00:00:00+09:00,291.1161285869892,292.8966553673377,288.4453384164663,289.3356018066406,62900
2019-12-25 00:00:00+09:00,290.22584827494177,291.1161116132085,284.8842682453416,286.664794921875,81700
2019-12-26 00:00:00+09:00,286.6647555504316,291.11607163040725,284.88422911844134,288.4452819824219,137400
2019-12-27 00:00:00+09:00,287.5550842285156,290.22587448450804,285.77455739118733,287.5550842285156,88500
2019-12-30 00:00:00+09:00,287.55502832806303,287.55502832806303,279.54265911768357,280.43292236328125,123300
2020-01-06 00:00:00+09:00,277.7621956228096,286.66483009789965,277.7621956228096,285.7745666503906,139400
2020-01-07 00:00:00+09:00,289.33560015207314,296.45770723273955,289.33560015207314,295.56744384765625,170000
2020-01-08 00:00:00+09:00,294.6771915778287,294.6771915778287,281.3232402978667,287.5550842285156,138600
2020-01-09 00:00:00+09:00,291.1160888671875,294.6771419420155,287.55503579235955,291.1160888671875,150000
2020-01-10 00:00:00+09:00,292.8966154046015,292.8966154046015,288.4452990610665,291.1160888671875,78500
2020-01-14 00:00:00+09:00,292.8965980623975,292.8965980623975,287.55501876642677,288.4452819824219,80900
2020-01-15 00:00:00+09:00,291.1161102944232,294.67716363135804,289.3355836259558,292.8966369628906,109000
2020-01-16 00:00:00+09:00,297.3479523431687,300.01874233427503,296.45768901279996,299.12847900390625,192300
2020-01-17 00:00:00+09:00,301.7992951254463,302.68955853289594,299.12850490309717,300.0187683105469,159600
2020-01-20 00:00:00+09:00,296.45770723273955,300.01876077307276,294.67718046257295,295.56744384765625,98200
2020-01-21 00:00:00+09:00,295.56740883950357,300.90898851732595,295.56740883950357,296.4576721191406,71300
2020-01-22 00:00:00+09:00,296.4576811545565,299.12847107486783,293.78689123424516,294.6771545410156,63500
2020-01-23 00:00:00+09:00,293.7869355736709,294.67719901480325,290.2258818091416,292.00640869140625,82900
2020-01-24 00:00:00+09:00,291.1161116132085,292.00637495147515,286.664794921875,286.664794921875,97100
2020-01-27 00:00:00+09:00,285.77448389896404,288.44527346811327,283.10369432981486,283.99395751953125,91300
2020-01-28 00:00:00+09:00,279.5426498224706,290.22580841441214,278.65238660647543,288.4452819824219,148200
2020-01-29 00:00:00+09:00,288.44534013856133,288.44534013856133,281.32323297464626,283.103759765625,66400
2020-01-30 00:00:00+09:00,283.10378793569714,283.10378793569714,275.98168006310095,277.76220703125,85500
2020-01-31 00:00:00+09:00,277.76217939268867,285.7745499520932,277.76217939268867,283.103759765625,88500
2020-02-03 00:00:00+09:00,277.7621326264881,283.99397534567214,276.8718693808904,280.43292236328125,69500
2020-02-04 00:00:00+09:00,278.6523783812329,285.77448389896404,278.6523783812329,283.99395751953125,54200
2020-02-05 00:00:00+09:00,286.664794921875,290.22584827494177,285.77453158360834,286.664794921875,74800
2020-02-06 00:00:00+09:00,288.4453384164663,292.00639197716345,287.55507502629206,289.3356018066406,103300
2020-02-07 00:00:00+09:00,292.00632622697884,292.89658941669524,283.99395751953125,283.99395751953125,101400
2020-02-10 00:00:00+09:00,279.5426940917969,282.2134841627376,278.6524307348166,279.5426940917969,77900
2020-02-12 00:00:00+09:00,281.3232609675481,281.3232609675481,277.76220703125,277.76220703125,42200
2020-02-13 00:00:00+09:00,278.6524307348166,281.3232208057574,277.76216737783636,279.5426940917969,46100
2020-02-14 00:00:00+09:00,280.4329605102539,284.88427734375,280.4329605102539,284.88427734375,98200
2020-02-17 00:00:00+09:00,285.77453028902096,293.7869002971243,284.8842669547872,292.8966369628906,277900
2020-02-18 00:00:00+09:00,293.7869002971243,293.7869002971243,292.8966369628906,292.8966369628906,243400
2020-02-19 00:00:00+09:00,292.89664444650055,292.89664444650055,277.76216737783636,279.5426940917969,138700
2020-02-20 00:00:00+09:00,283.9940344554321,284.88429788632686,275.0914001464844,275.0914001464844,100600
2020-02-21 00:00:00+09:00,275.09137418672634,278.65242757425676,271.5303207991959,274.20111083984375,74800
2020-02-25 00:00:00+09:00,260.8471241512814,267.07896670779667,258.17633448420344,263.5179138183594,162300
2020-02-26 00:00:00+09:00,259.9568877121498,261.7374143403152,251.94451788540545,258.1763610839844,164400
2020-02-27 00:00:00+09:00,258.1763447352818,259.06660799298965,245.71265912737164,249.27371215820312,184700
2020-02-28 00:00:00+09:00,242.1516524653732,273.31087245172637,240.37112560901014,243.0419158935547,710000
2020-03-02 00:00:00+09:00,236.81004263402718,258.17636227018,236.81004263402718,251.94451904296875,263300
2020-03-03 00:00:00+09:00,258.1763682972301,261.73742165305396,244.82241821289062,244.82241821289062,187500
2020-03-04 00:00:00+09:00,245.71266354796708,251.0542431903142,242.151610453069,248.38345336914062,129300
2020-03-05 00:00:00+09:00,251.9445064640387,253.72503301148774,246.6029268216916,248.38345336914062,110700
2020-03-06 00:00:00+09:00,244.82241492289148,245.71267824988382,237.70030830695282,239.4808349609375,126600
2020-03-09 00:00:00+09:00,231.46846894294984,233.2489956271264,219.00478215371407,220.78530883789062,269800
2020-03-10 00:00:00+09:00,208.32163905346488,226.1269073486328,205.65084880918968,226.1269073486328,202300
2020-03-11 00:00:00+09:00,226.12690784892098,229.6879615158331,217.22427368164062,217.22427368164062,161600
2020-03-12 00:00:00+09:00,210.10213888417118,216.3339819866678,202.08976918096127,204.76055908203125,243800
2020-03-13 00:00:00+09:00,204.7605490469718,204.7605490469718,191.4066001960823,197.63844299316406,558800
2020-03-16 00:00:00+09:00,197.63845200972125,206.5410849831321,194.0773988203569,195.85792541503906,262900
2020-03-17 00:00:00+09:00,191.40662795828973,215.44373937630752,190.51636457243723,212.77294921875,271200
2020-03-18 00:00:00+09:00,210.99242742438065,213.66321764494242,202.08979335584138,202.9800567626953,257000
2020-03-19 00:00:00+09:00,203.87032292031836,209.21190343351446,194.96768873165817,208.32164001464844,201300
2020-03-23 00:00:00+09:00,209.21188228386492,216.33398891480502,198.5287223374548,215.4437255859375,247100
2020-03-24 00:00:00+09:00,222.56583259219215,233.24899255661737,219.89504260108583,224.3463592529297,179900
2020-03-25 00:00:00+09:00,232.35874022277136,234.13926696777344,225.23663324276305,234.13926696777344,203600
2020-03-26 00:00:00+09:00,228.79766396219418,230.57819052999335,220.78529440709787,229.68792724609375,235800
2020-03-27 00:00:00+09:00,236.81002655029297,249.27371215820312,232.35871026175363,249.27371215820312,237800
2020-03-30 00:00:00+09:00,241.96074841069242,243.76642563763787,223.90397614123776,230.22384643554688,273400
2020-03-31 00:00:00+09:00,234.73805902547358,236.5437364025926,229.3210268941165,233.83522033691406,97300
2020-04-01 00:00:00+09:00,230.22386039175638,232.93237639636527,222.0983123779297,222.0983123779297,96500
2020-04-02 00:00:00+09:00,225.7096643941811,236.54372828510176,225.7096643941811,226.6125030517578,184600
2020-04-03 00:00:00+09:00,225.7096426827567,232.9323512486049,218.4869341169085,221.19544982910156,143000
2020-04-06 00:00:00+09:00,219.389793791144,226.6125030517578,214.8756005032604,226.6125030517578,133300
2020-04-07 00:00:00+09:00,229.3209991455078,236.543707780012,222.09829051100363,229.3209991455078,153300
2020-04-08 00:00:00+09:00,231.12667835076044,238.34938704922172,226.61248541422216,237.44654846191406,151300
2020-04-09 00:00:00+09:00,237.4465226305558,242.86355356509318,235.64084565237667,241.05787658691406,119100
2020-04-10 00:00:00+09:00,239.25226684799767,241.05794433364295,235.64091187670715,240.1551055908203,120300
2020-04-13 00:00:00+09:00,236.54371217239733,240.15506655670876,232.93235778808594,232.93235778808594,103200
2020-04-14 00:00:00+09:00,234.73803269999107,237.44654846191406,229.32100117614513,237.44654846191406,96800
2020-04-15 00:00:00+09:00,238.3494110107422,240.15508836688417,236.5437336546002,238.3494110107422,199700
2020-04-16 00:00:00+09:00,237.4465612155288,241.96075439453125,234.73804530812734,241.96075439453125,124300
2020-04-17 00:00:00+09:00,241.05792704495516,246.47495911338115,237.4465723326712,238.3494110107422,132500
2020-04-20 00:00:00+09:00,237.4465398398474,242.8635711669922,237.4465398398474,242.8635711669922,91200
2020-04-21 00:00:00+09:00,241.05789394233062,241.05789394233062,233.83518550960162,236.543701171875,71600
2020-04-22 00:00:00+09:00,232.93238357017782,237.44657705022001,229.32102878614404,235.64089965820312,66200
2020-04-23 00:00:00+09:00,235.64088394392783,241.96075439453125,235.64088394392783,241.96075439453125,81400
2020-04-24 00:00:00+09:00,241.05791575873076,241.96075439453125,236.5437225797283,241.96075439453125,67200
2020-04-27 00:00:00+09:00,242.86358216483637,242.86358216483637,235.64087340156988,239.25222778320312,99000
2020-04-28 00:00:00+09:00,241.05791778564455,243.7664337158203,238.34940185546876,243.7664337158203,89900
2020-04-30 00:00:00+09:00,248.2806511910639,249.18348992266777,244.66929626464844,244.66929626464844,114100
2020-05-01 00:00:00+09:00,241.96076572302616,241.96076572302616,234.73805629845822,238.3494110107422,141300
2020-05-07 00:00:00+09:00,238.34940185546876,243.7664337158203,237.44656321207682,243.7664337158203,106600
2020-05-08 00:00:00+09:00,245.5721084872159,248.28062438964844,243.76643121892755,248.28062438964844,82600
2020-05-11 00:00:00+09:00,248.28062193734306,252.79481506347656,248.28062193734306,252.79481506347656,66700
2020-05-12 00:00:00+09:00,254.60048780677175,255.50332641601562,250.98913336979626,255.50332641601562,62500
2020-05-13 00:00:00+09:00,252.794810588284,257.30900363450337,241.96074727735757,255.50332641601562,194400
2020-05-14 00:00:00+09:00,246.4749496459961,249.18346557617187,240.15507914225262,243.7664337158203,165900
2020-05-15 00:00:00+09:00,245.57211100260417,247.37778828938804,243.7664337158203,243.7664337158203,125400
2020-05-18 00:00:00+09:00,245.5721470929574,249.18350219726562,244.66930831688038,249.18350219726562,89100
2020-05-19 00:00:00+09:00,252.79478878751127,252.79478878751127,247.37775759920746,250.08627319335938,86300
2020-05-20 00:00:00+09:00,250.98913781302315,252.79481506347656,248.28062193734306,252.79481506347656,87100
2020-05-21 00:00:00+09:00,252.7948216810876,252.7948216810876,248.28062843678248,251.89198303222656,68300
2020-05-22 00:00:00+09:00,251.8919830322266,251.8919830322266,248.28062843678248,251.89198303222656,64900
2020-05-25 00:00:00+09:00,251.8919830322266,252.7948216810876,249.18346708564349,251.89198303222656,82000
2020-05-26 00:00:00+09:00,254.60048780677175,256.4061650252595,252.794810588284,255.50332641601562,126700
2020-05-27 00:00:00+09:00,253.69762534283578,254.6004638671875,250.98910976978058,254.6004638671875,90500
2020-05-28 00:00:00+09:00,255.50332641601562,255.50332641601562,250.98913336979626,255.50332641601562,129500
2020-05-29 00:00:00+09:00,254.60048780677175,256.4061650252595,253.69764919752788,255.50332641601562,104300
2020-06-01 00:00:00+09:00,255.50332641601562,256.4061650252595,253.69764919752788,255.50332641601562,86500
2020-06-02 00:00:00+09:00,255.50335027130558,256.40618896484375,254.6005115777674,256.40618896484375,93800
2020-06-03 00:00:00+09:00,258.2118095821804,261.82316356235077,257.3089710871379,260.0174865722656,124300
2020-06-04 00:00:00+09:00,260.92033157614463,260.92033157614463,257.3089775058866,259.1146545410156,85200
2020-06-05 00:00:00+09:00,258.21184224374724,258.21184224374724,253.69764919752788,255.50332641601562,74500
2020-06-08 00:00:00+09:00,258.2118866944228,258.2118866944228,251.89201534176212,253.69769287109375,142300
2020-06-09 00:00:00+09:00,254.60053163575955,254.60053163575955,251.89201534176212,253.69769287109375,62600
2020-06-10 00:00:00+09:00,252.79485410642792,253.69769287109375,251.89201534176212,253.69769287109375,131300
2020-06-11 00:00:00+09:00,253.69766032994863,253.69766032994863,249.18346708564349,251.89198303222656,102500
2020-06-12 00:00:00+09:00,246.47493637309356,250.0862907521865,242.8635819940006,245.5720977783203,170500
2020-06-15 00:00:00+09:00,247.3777749678668,250.0862907521865,245.5720977783203,245.5720977783203,167200
2020-06-16 00:00:00+09:00,246.47494468688964,252.79481506347656,245.57210606166294,252.79481506347656,94100
2020-06-17 00:00:00+09:00,252.7947976091783,252.7947976091783,250.08628192050853,250.98912048339844,78700
2020-06-18 00:00:00+09:00,250.08629918779644,252.79481506347656,249.18346056256976,252.79481506347656,77600
2020-06-19 00:00:00+09:00,253.69765619451348,253.69765619451348,247.37778575550425,248.28062438964844,200000
2020-06-22 00:00:00+09:00,248.28062193734306,253.69765368870327,247.37778331211635,252.79481506347656,141200
2020-06-23 00:00:00+09:00,253.69762343562854,260.01749305858016,253.69762343562854,259.1146545410156,214100
2020-06-24 00:00:00+09:00,258.21184224374724,258.21184224374724,254.60048780677175,255.50332641601562,72300
2020-06-25 00:00:00+09:00,256.40618232593204,258.21185966625546,253.69766631544684,257.30902099609375,100100
2020-06-26 00:00:00+09:00,258.21185966625546,258.21185966625546,252.7948276452851,257.30902099609375,107500
2020-06-29 00:00:00+09:00,256.4061695643834,256.4061695643834,250.08629918779644,252.79481506347656,72300
2020-06-30 00:00:00+09:00,255.50337362980497,255.50337362980497,249.18350219726562,249.18350219726562,84400
2020-07-01 00:00:00+09:00,250.98914075253614,250.98914075253614,241.96075439453125,241.96075439453125,94600
2020-07-02 00:00:00+09:00,242.86358216483637,245.57209795106132,239.25222778320312,239.25222778320312,111100
2020-07-03 00:00:00+09:00,240.15507712293027,242.86359303033174,238.34939985132928,241.96075439453125,188300
2020-07-06 00:00:00+09:00,241.96074339922737,247.3777749678668,241.96074339922737,245.5720977783203,110200
2020-07-07 00:00:00+09:00,245.5720977783203,246.47493637309356,243.76642058877385,245.5720977783203,78100
2020-07-08 00:00:00+09:00,245.5721380477561,248.280654276224,240.1551055908203,240.1551055908203,101200
2020-07-09 00:00:00+09:00,242.86358216483637,242.86358216483637,239.25222778320312,239.25222778320312,100800
2020-07-10 00:00:00+09:00,239.2522257566452,239.2522257566452,231.12667846679688,231.12667846679688,271800
2020-07-13 00:00:00+09:00,234.73804530812734,241.96075439453125,234.73804530812734,241.96075439453125,99700
2020-07-14 00:00:00+09:00,240.15507914225262,244.66927235921224,238.34940185546876,243.7664337158203,101200
2020-07-15 00:00:00+09:00,247.37778331211635,253.69765368870327,246.47494468688964,252.79481506347656,119300
2020-07-16 00:00:00+09:00,253.69769287109375,256.4062091650912,252.79485410642792,253.69769287109375,110100
2020-07-17 00:00:00+09:00,255.50337040042538,256.4062091650912,253.69769287109375,253.69769287109375,197000
2020-07-20 00:00:00+09:00,251.89200611747938,251.89200611747938,241.96078006983683,244.66929626464844,111800
2020-07-21 00:00:00+09:00,247.37775759920746,250.98911172474334,244.66924200505557,250.08627319335938,64200
2020-07-22 00:00:00+09:00,249.18345215741326,250.98912934695974,245.5720977783203,245.5720977783203,130800
2020-07-27 00:00:00+09:00,243.76642058877385,245.5720977783203,241.96074339922737,245.5720977783203,144700
2020-07-28 00:00:00+09:00,245.57210893773322,245.57210893773322,240.15507712293027,241.96075439453125,131000
2020-07-29 00:00:00+09:00,240.1550843458909,240.1550843458909,234.73805236816406,234.73805236816406,122500
2020-07-30 00:00:00+09:00,235.64087357631948,236.54371217239733,232.93235778808594,232.93235778808594,128100
2020-07-31 00:00:00+09:00,232.02953499721815,233.8352123123716,226.6125030517578,226.6125030517578,340800
2020-08-03 00:00:00+09:00,228.4181627035141,231.12667846679688,228.4181627035141,231.12667846679688,114600
2020-08-04 00:00:00+09:00,232.02955690541663,240.1551055908203,232.02955690541663,240.1551055908203,62300
2020-08-05 00:00:00+09:00,240.15506637861145,240.15506637861145,234.73803480616155,239.25222778320312,96500
2020-08-06 00:00:00+09:00,238.34940701998195,238.34940701998195,232.9323750422551,234.73805236816406,112200
2020-08-07 00:00:00+09:00,235.64086261778385,236.543701171875,234.73802406369273,236.543701171875,564600
2020-08-11 00:00:00+09:00,236.54370128532324,242.8635711669922,235.6408627307991,242.8635711669922,259200
2020-08-12 00:00:00+09:00,242.86355412615478,248.28058507320657,241.05787714380418,247.37774658203125,142000
2020-08-13 00:00:00+09:00,250.0862947605524,260.92035807147886,236.54371562189434,255.50332641601562,433600
2020-08-14 00:00:00+09:00,258.2118095821804,260.9203250673082,256.4061325920953,260.0174865722656,707400
2020-08-17 00:00:00+09:00,260.92034912109375,263.6288648559148,260.01751054282005,260.92034912109375,256400
2020-08-18 00:00:00+09:00,261.82319198452166,267.2402235428221,260.92035339147156,264.5317077636719,238900
2020-08-19 00:00:00+09:00,260.0174865722656,260.9203250673082,255.50329409705267,260.0174865722656,129500
2020-08-20 00:00:00+09:00,259.11468544006345,260.01752406529016,252.79481506347656,252.79481506347656,98400
2020-08-21 00:00:00+09:00,254.60047907317798,260.92034912109375,254.60047907317798,260.92034912109375,841400
2020-08-24 00:00:00+09:00,262.7260503308526,264.53172765271415,259.11469568712954,261.8232116699219,164300
2020-08-25 00:00:00+09:00,247.37778575550425,252.7948175603693,245.5721084872159,248.28062438964844,780900
2020-08-26 00:00:00+09:00,245.5720891060589,253.69763617206823,245.5720891060589,250.98912048339844,303000
2020-08-27 00:00:00+09:00,251.891967941733,251.891967941733,243.76642058877385,245.5720977783203,233400
2020-08-28 00:00:00+09:00,245.5721380477561,248.280654276224,238.34942810517504,240.1551055908203,378100
2020-08-31 00:00:00+09:00,242.86359507242838,245.57211100260417,241.05791778564455,243.7664337158203,231500
2020-09-01 00:00:00+09:00,243.76642058877385,246.47493637309356,240.1550662096809,245.5720977783203,141100
2020-09-02 00:00:00+09:00,247.37778575550425,249.1834630237926,245.5721084872159,248.28062438964844,113700
2020-09-03 00:00:00+09:00,250.0862947605524,258.21184224374724,246.47494032357693,255.50332641601562,263500
2020-09-04 00:00:00+09:00,252.79485410642792,259.1147254590886,250.0863378124305,253.69769287109375,143800
2020-09-07 00:00:00+09:00,254.6005115777674,259.1147050454583,253.6976728842292,256.40618896484375,206000
2020-09-08 00:00:00+09:00,256.4061371267658,263.62884521484375,256.4061371267658,263.62884521484375,210300
2020-09-09 00:00:00+09:00,258.211841724537,268.14306640625,258.211841724537,268.14306640625,415300
2020-09-10 00:00:00+09:00,270.85160235969386,270.85160235969386,263.62889296343536,265.4345703125,228500
2020-09-11 00:00:00+09:00,267.2402083333333,271.75440104166665,264.5316927083333,270.8515625,240600
2020-09-14 00:00:00+09:00,271.7544119554778,274.4629276892533,270.8515733775526,273.5600891113281,163900
2020-09-15 00:00:00+09:00,274.4629275926656,286.1998291015625,274.4629275926656,286.1998291015625,367600
2020-09-16 00:00:00+09:00,287.1027060171274,297.03393169696517,287.1027060171274,293.4225769042969,313900
2020-09-17 00:00:00+09:00,295.22821262904574,299.7424054827009,275.3657640729632,278.07427978515625,777900
2020-09-18 00:00:00+09:00,278.0742505944294,292.5196662097244,278.0742505944294,290.7139892578125,386700
2020-09-23 00:00:00+09:00,288.90836231387146,289.8112009461023,283.4913305204864,288.0055236816406,240800
2020-09-24 00:00:00+09:00,287.1026875684216,288.90836484872614,281.68565572750794,283.4913330078125,145400
2020-09-25 00:00:00+09:00,283.491281450165,293.42250468568034,283.491281450165,290.7139892578125,295400
2020-09-28 00:00:00+09:00,290.7140608097957,295.228254300631,288.90838341346154,293.4225769042969,392500
2020-09-29 00:00:00+09:00,293.42256365201524,295.2282409667969,286.1998543928887,295.2282409667969,258700
2020-09-30 00:00:00+09:00,294.3254214332217,295.22826014927455,284.3941955566406,284.3941955566406,211900
2020-10-02 00:00:00+09:00,288.0055085206643,293.42254002888996,280.7827998430301,281.6856384277344,230000
2020-10-05 00:00:00+09:00,284.3941926956177,288.90838623046875,283.49135398864746,288.90838623046875,125400
2020-10-06 00:00:00+09:00,288.9083075373428,288.9083075373428,282.5884383099634,287.1026306152344,88000
2020-10-07 00:00:00+09:00,283.4913330078125,285.29701028811706,280.7828170873557,283.4913330078125,74400
2020-10-08 00:00:00+09:00,280.78279549734935,282.58847263881137,276.2686026436942,278.07427978515625,303400
2020-10-09 00:00:00+09:00,277.17144775390625,279.87996353000307,273.5600933857772,277.17144775390625,103000
2020-10-12 00:00:00+09:00,276.26859170882426,278.0742687788166,274.46291463883193,275.3657531738281,41500
2020-10-13 00:00:00+09:00,275.36579031693304,277.17146763048675,270.8515970330489,274.46295166015625,99400
2020-10-14 00:00:00+09:00,274.46292338508385,282.5884704589844,272.6572462575504,282.5884704589844,103900
2020-10-15 00:00:00+09:00,282.58846354166667,284.394140625,270.8515625,270.8515625,197000
2020-10-16 00:00:00+09:00,271.7544526742175,276.2686462402344,270.8516139610141,276.2686462402344,113100
2020-10-19 00:00:00+09:00,276.2686471121652,284.3941955566406,276.2686471121652,284.3941955566406,109900
2020-10-20 00:00:00+09:00,284.39415418184717,286.19983135125574,278.9771226736215,281.6856384277344,99600
2020-10-21 00:00:00+09:00,284.3941955566406,289.8112278529576,284.3941955566406,284.3941955566406,157300
2020-10-22 00:00:00+09:00,284.3941608195903,284.3941608195903,278.07429057915493,280.7828063964844,117300
2020-10-23 00:00:00+09:00,282.5884660146769,284.39414311381216,276.26859616770327,278.97711181640625,69900
2020-10-26 00:00:00+09:00,278.07432366664113,281.68567851945465,276.2686462402344,276.2686462402344,105700
2020-10-27 00:00:00+09:00,276.26859616770327,278.97711181640625,273.5600805190003,278.97711181640625,79300
2020-10-28 00:00:00+09:00,276.2686462402344,277.17148495343775,273.56013010062424,276.2686462402344,55300
2020-10-29 00:00:00+09:00,271.75439903384347,276.26859170882426,270.85156049884733,275.3657531738281,58100
2020-10-30 00:00:00+09:00,275.36576853502515,275.36576853502515,267.2402212667785,269.0458984375,84300
2020-11-02 00:00:00+09:00,264.5317055106963,269.9487370228607,264.5317055106963,269.0458984375,129000
2020-11-04 00:00:00+09:00,269.0458984375,269.0458984375,265.43454409605704,269.0458984375,78200
2020-11-05 00:00:00+09:00,269.04591971949526,274.46295166015625,266.33740374916476,274.46295166015625,119700
2020-11-06 00:00:00+09:00,273.56012629831076,273.56012629831076,269.0459327950383,272.65728759765625,86800
2020-11-09 00:00:00+09:00,272.65725053340293,273.5600891113281,269.04589622170226,273.5600891113281,81200
2020-11-10 00:00:00+09:00,275.36579031693304,278.07430628726354,271.75443568982575,274.46295166015625,154400
2020-11-11 00:00:00+09:00,277.1714434230288,277.1714434230288,271.7544119554778,273.5600891113281,151500
2020-11-12 00:00:00+09:00,273.5601130033794,277.17146763048675,266.33740374916476,274.46295166015625,192600
2020-11-13 00:00:00+09:00,274.4629073469606,275.36574585797035,261.82316819282426,263.62884521484375,187100
2020-11-16 00:00:00+09:00,266.337360747873,267.2401992588827,260.0174911708048,263.62884521484375,140600
2020-11-17 00:00:00+09:00,260.01749305858016,262.7260086112737,258.2118160234511,259.1146545410156,146300
2020-11-18 00:00:00+09:00,260.017519462235,260.017519462235,253.69764919752788,255.50332641601562,90300
2020-11-19 00:00:00+09:00,256.4061695643834,256.4061695643834,252.79481506347656,252.79481506347656,82100
2020-11-20 00:00:00+09:00,251.89197197904014,256.4061650252595,251.89197197904014,255.50332641601562,59400
2020-11-24 00:00:00+09:00,261.82320761513876,265.43456220293376,258.21185302734375,258.21185302734375,114700
2020-11-25 00:00:00+09:00,260.92036269051687,261.8232013157436,252.79481506347656,252.79481506347656,81600
2020-11-26 00:00:00+09:00,257.3090276583819,259.1147050454583,253.6976728842292,256.40618896484375,78300
2020-11-27 00:00:00+09:00,257.30901836526806,263.6288889917834,256.40617970433726,261.8232116699219,164800
2020-11-30 00:00:00+09:00,263.6289192824177,264.5317580470835,252.79485410642792,253.69769287109375,141200
2020-12-01 00:00:00+09:00,257.30902099609375,260.01753700657895,254.60050498560855,257.30902099609375,87700
2020-12-02 00:00:00+09:00,258.21186635192015,260.92038243253467,254.6005115777674,256.40618896484375,186100
2020-12-03 00:00:00+09:00,256.4061389883221,259.1146545410156,255.50330047075758,259.1146545410156,60700
2020-12-04 00:00:00+09:00,259.1146916742925,259.1146916742925,255.50333708649748,258.21185302734375,70800
2020-12-07 00:00:00+09:00,259.11465648894614,259.11465648894614,254.6004638671875,254.6004638671875,97500
2020-12-08 00:00:00+09:00,254.60046585027922,255.50330438166318,250.08627319335938,250.08627319335938,92700
2020-12-09 00:00:00+09:00,250.98913781302315,253.69765368870327,250.98913781302315,252.79481506347656,106400
2020-12-10 00:00:00+09:00,250.98913336979626,256.4061650252595,250.98913336979626,255.50332641601562,89400
2020-12-11 00:00:00+09:00,255.5033410434065,261.8232116699219,255.5033410434065,261.8232116699219,172200
2020-12-14 00:00:00+09:00,260.0175303212413,261.82320761513876,257.309014380395,258.21185302734375,93000
2020-12-15 00:00:00+09:00,260.01753826530614,266.3374089870323,259.1146995907738,265.4345703125,142900
2020-12-16 00:00:00+09:00,267.2402191690095,269.04589632555684,260.92034912109375,260.92034912109375,285500
2020-12-17 00:00:00+09:00,260.92034912109375,261.8231876993674,257.308994807999,260.92034912109375,116800
2020-12-18 00:00:00+09:00,259.1146803319655,268.14306640625,258.211841724537,268.14306640625,187900
2020-12-21 00:00:00+09:00,266.3373626815318,266.3373626815318,257.3089775058866,259.1146545410156,105400
2020-12-22 00:00:00+09:00,257.309047929757,257.309047929757,250.9891765770963,253.69769287109375,124900
2020-12-23 00:00:00+09:00,253.6976728842292,256.40618896484375,251.89199549715283,256.40618896484375,61000
2020-12-24 00:00:00+09:00,253.69763617206823,255.50331329784805,249.18344335761861,250.98912048339844,107000
2020-12-25 00:00:00+09:00,250.98917974941972,250.98917974941972,246.47498586903447,249.18350219726562,92500
2020-12-28 00:00:00+09:00,247.37778828938804,248.28062693277994,241.96075642903645,243.7664337158203,141300
2020-12-29 00:00:00+09:00,244.66926743643623,252.79481506347656,242.86359018598284,252.79481506347656,95700
2020-12-30 00:00:00+09:00,252.79485410642792,256.4062091650912,249.18349904776468,253.69769287109375,107300
2021-01-04 00:00:00+09:00,252.7948573015738,252.7948573015738,247.3778246451115,249.18350219726562,77000
2021-01-05 00:00:00+09:00,249.18344335761861,251.89195904628838,245.5720891060589,250.98912048339844,92500
2021-01-06 00:00:00+09:00,250.08629918779644,253.69765368870327,250.08629918779644,252.79481506347656,58200
2021-01-07 00:00:00+09:00,254.60049231392998,254.60049231392998,249.18346056256976,252.79481506347656,85300
2021-01-08 00:00:00+09:00,252.79483419069103,256.40618896484375,251.89199549715283,256.40618896484375,112400
2021-01-12 00:00:00+09:00,253.69763617206823,254.60047473495814,250.98912048339844,250.98912048339844,86700
2021-01-13 00:00:00+09:00,250.98913781302315,252.79481506347656,249.18346056256976,252.79481506347656,66200
2021-01-14 00:00:00+09:00,251.8919482941323,255.50330239153922,250.08627124542886,254.6004638671875,133400
2021-01-15 00:00:00+09:00,270.85158222853534,277.17145248053447,260.9203575468224,268.14306640625,548500
2021-01-18 00:00:00+09:00,268.1430863360969,269.0459250106293,261.8232156143707,265.4345703125,243800
2021-01-19 00:00:00+09:00,266.3373560375637,266.3373560375637,260.0174865722656,260.0174865722656,106100
2021-01-20 00:00:00+09:00,258.21181796459445,259.11465648894614,253.69762534283578,254.6004638671875,133200
2021-01-21 00:00:00+09:00,255.50333459598502,263.6288823393202,255.50333459598502,262.7260437011719,124700
2021-01-22 00:00:00+09:00,260.9203250673082,261.82316356235077,258.2118095821804,260.0174865722656,83200
2021-01-25 00:00:00+09:00,259.11469833641723,260.01753700657895,255.5033436557703,257.30902099609375,119900
2021-01-26 00:00:00+09:00,257.30900363450337,258.21184224374724,255.50332641601562,255.50332641601562,128700
2021-01-27 00:00:00+09:00,256.4061325920953,260.9203250673082,255.50329409705267,260.0174865722656,113000
2021-01-28 00:00:00+09:00,255.50329409705267,263.628840552436,254.60045560201007,260.0174865722656,409400
2021-01-29 00:00:00+09:00,260.0174950132979,261.82317206200133,254.6004638671875,254.6004638671875,143700
2021-02-01 00:00:00+09:00,253.69769287109375,256.4062091650912,253.69769287109375,253.69769287109375,70100
2021-02-02 00:00:00+09:00,254.6005115777674,257.3090276583819,254.6005115777674,256.40618896484375,43000
2021-02-03 00:00:00+09:00,257.308994807999,260.92034912109375,257.308994807999,260.92034912109375,116700
2021-02-04 00:00:00+09:00,259.114648077223,260.9203250673082,258.2118095821804,260.0174865722656,72600
2021-02-05 00:00:00+09:00,261.82316819282426,263.62884521484375,260.0174911708048,263.62884521484375,75400
2021-02-08 00:00:00+09:00,263.62887336910774,268.14306640625,262.7260347616793,268.14306640625,139100
2021-02-09 00:00:00+09:00,266.33739574535474,267.240234375,262.72604122677365,267.240234375,107100
2021-02-10 00:00:00+09:00,266.3373891913931,268.14306640625,264.5317119765362,268.14306640625,49900
2021-02-12 00:00:00+09:00,268.1430533418687,275.3657618493938,265.4345376515468,269.94873046875,247700
2021-02-15 00:00:00+09:00,269.94872602042506,271.75440311755165,263.628856180482,266.3373718261719,227300
2021-02-16 00:00:00+09:00,264.5317316379677,266.3374089870323,263.62889296343536,265.4345703125,90900
2021-02-17 00:00:00+09:00,263.6288798564189,268.14307300464526,262.72604122677365,267.240234375,101800
2021-02-18 00:00:00+09:00,264.53172765271415,265.4345663136449,259.11469568712954,261.8232116699219,146900
2021-02-19 00:00:00+09:00,260.92033157614463,260.92033157614463,255.50330047075758,259.1146545410156,94800
2021-02-22 00:00:00+09:00,260.0175147984215,266.337384949772,260.0175147984215,264.5317077636719,102200
2021-02-24 00:00:00+09:00,260.9203250673082,264.5316790474786,258.2118095821804,260.0174865722656,108200
2021-02-25 00:00:00+09:00,261.82320761513876,261.82320761513876,257.309014380395,258.21185302734375,95000
2021-02-26 00:00:00+09:00,258.21184224374724,259.1146808529911,255.50332641601562,255.50332641601562,99800
2021-03-01 00:00:00+09:00,257.3089775058866,260.01749305858016,256.4061389883221,259.1146545410156,83600
2021-03-02 00:00:00+09:00,259.1146808529911,259.1146808529911,253.69764919752788,255.50332641601562,113000
2021-03-03 00:00:00+09:00,257.30900363450337,257.30900363450337,253.69764919752788,255.50332641601562,56300
2021-03-04 00:00:00+09:00,254.6004638671875,255.50330239153922,250.98910976978058,254.6004638671875,82900
2021-03-05 00:00:00+09:00,253.69763617206823,253.69763617206823,242.86357341738915,250.98912048339844,195500
2021-03-08 00:00:00+09:00,253.69763617206823,253.69763617206823,246.47492766894885,250.98912048339844,141600
2021-03-09 00:00:00+09:00,251.89197197904014,255.50332641601562,248.28061754206465,255.50332641601562,104600
2021-03-10 00:00:00+09:00,256.40614091589094,256.40614091589094,252.79478681848406,254.6004638671875,99200
2021-03-11 00:00:00+09:00,252.79478491806404,259.1146545410156,252.79478491806404,259.1146545410156,97500
2021-03-12 00:00:00+09:00,258.21185966625546,260.01753700657895,255.5033436557703,257.30902099609375,130800
2021-03-15 00:00:00+09:00,259.11468914857846,263.6288823393202,258.2118505104301,262.7260437011719,178600
2021-03-16 00:00:00+09:00,263.628856180482,266.3373718261719,261.8231790833554,266.3373718261719,194700
2021-03-17 00:00:00+09:00,265.43453125,270.8515625,263.62885416666666,270.8515625,125600
2021-03-18 00:00:00+09:00,269.94873046875,269.94873046875,266.33737621498744,269.94873046875,131400
2021-03-19 00:00:00+09:00,268.14307300464526,269.0459116342905,265.4345571157095,267.240234375,136200
2021-03-22 00:00:00+09:00,266.3373826814178,269.0458984375,262.72602833997485,269.0458984375,115100
2021-03-23 00:00:00+09:00,269.04592095736797,269.04592095736797,260.9203730089911,261.8232116699219,89600
2021-03-24 00:00:00+09:00,260.92035807147886,260.92035807147886,253.69764919752788,255.50332641601562,83300
2021-03-25 00:00:00+09:00,255.5033410434065,261.8232116699219,255.5033410434065,261.8232116699219,61500
2021-03-26 00:00:00+09:00,260.92032968181456,263.62884521484375,260.0174911708048,263.62884521484375,98300
2021-03-29 00:00:00+09:00,264.53170343418844,264.53170343418844,258.2118333862727,260.92034912109375,170400
2021-03-30 00:00:00+09:00,268.1503267680129,268.1503267680129,260.82881613953475,267.2351379394531,162800
2021-03-31 00:00:00+09:00,267.23518023574564,269.0655581825658,260.828857421875,260.828857421875,130200
2021-04-01 00:00:00+09:00,260.8288156095349,263.57438208963526,257.1680603027344,257.1680603027344,97400
2021-04-02 00:00:00+09:00,263.5744110576923,300.1819681490385,262.65922213040864,297.4364013671875,8973700
2021-04-05 00:00:00+09:00,311.1642374553737,323.9768825270656,300.1819702510664,308.4186706542969,10761000
2021-04-06 00:00:00+09:00,308.4186250205352,313.9097578102183,292.8604154497664,293.7756042480469,3243700
2021-04-07 00:00:00+09:00,296.5212069768285,299.26677370809546,289.19969569345005,295.60601806640625,1132200
2021-04-08 00:00:00+09:00,291.0301050039438,293.7756720322829,285.5389709472656,285.5389709472656,830800
2021-04-09 00:00:00+09:00,284.6237487792969,289.1996932934335,280.9629931679876,284.6237487792969,663400
2021-04-12 00:00:00+09:00,288.28449321243,295.60600415115834,285.53892661040686,291.0300598144531,584700
2021-04-13 00:00:00+09:00,292.86039375964504,299.2667148731373,289.1996388376495,296.5211486816406,428300
2021-04-14 00:00:00+09:00,300.18192291259766,302.9274892807007,289.19965744018555,292.86041259765625,513100
2021-04-15 00:00:00+09:00,292.8604375491352,294.6908152838173,286.4541154777479,291.0300598144531,444900
2021-04-16 00:00:00+09:00,289.1996932934335,290.1148821962608,284.6237487792969,284.6237487792969,356300
2021-04-19 00:00:00+09:00,284.62375962999135,288.2845153808594,283.7085706922743,288.2845153808594,237100
2021-04-20 00:00:00+09:00,282.7933879179113,284.6237658332376,278.21744312959555,280.0478210449219,347000
2021-04-21 00:00:00+09:00,276.3870823248676,278.2174603535091,269.9807592246224,275.4718933105469,361900
2021-04-22 00:00:00+09:00,280.9629713896733,291.9452373723316,280.9629713896733,287.3692932128906,407700
2021-04-23 00:00:00+09:00,283.7085515802557,286.4541182084517,280.9629849520597,281.878173828125,126100
2021-04-26 00:00:00+09:00,280.0478210449219,282.7933879179113,279.13263208725874,280.0478210449219,138900
2021-04-27 00:00:00+09:00,283.7085768755744,287.369332706227,278.21744312959555,280.0478210449219,275200
2021-04-28 00:00:00+09:00,278.217415576649,283.7085487788197,277.3022267096206,280.9629821777344,193600
2021-04-30 00:00:00+09:00,280.96299044701357,285.53893491683465,280.96299044701357,283.70855712890625,285000
2021-05-06 00:00:00+09:00,283.7085378853379,291.9452373723316,283.7085378853379,287.3692932128906,272900
2021-05-07 00:00:00+09:00,285.53893491683465,291.03006828061996,282.793368234942,283.70855712890625,216000
2021-05-10 00:00:00+09:00,283.70854615413054,290.1148681640625,282.7933572955688,290.1148681640625,292200
2021-05-11 00:00:00+09:00,290.11489957921646,290.11489957921646,280.0478210449219,280.0478210449219,256700
2021-05-12 00:00:00+09:00,280.04783838215064,281.87821641079216,273.64151528190536,275.4718933105469,184100
2021-05-13 00:00:00+09:00,271.81109906239794,278.2174212625218,252.59213246202634,262.6592102050781,968900
2021-05-14 00:00:00+09:00,262.65921296013727,270.89591301812067,259.9136462741428,263.57440185546875,445300
2021-05-17 00:00:00+09:00,263.5743963068182,267.23515181107956,261.7440185546875,261.7440185546875,149800
2021-05-18 00:00:00+09:00,261.7440267912657,264.4895935058594,260.8288378864011,264.4895935058594,198300
2021-05-19 00:00:00+09:00,261.7440612136677,261.7440612136677,254.42254901188676,255.33773803710938,228200
2021-05-20 00:00:00+09:00,257.16806868432275,262.65920182348975,257.16806868432275,259.91363525390625,103500
2021-05-21 00:00:00+09:00,259.91366224224066,271.81111861248405,259.91366224224066,269.0655517578125,411900
2021-05-24 00:00:00+09:00,269.0655127456508,270.8958903833763,264.489568651337,266.3199462890625,187500
2021-05-25 00:00:00+09:00,265.40480228892545,265.40480228892545,259.91366844846493,260.828857421875,168000
2021-05-26 00:00:00+09:00,260.8288270073968,275.4718488744787,259.91363814070417,270.8959045410156,461800
2021-05-27 00:00:00+09:00,269.06551559657265,271.81108208225197,267.2351379394531,267.2351379394531,164100
2021-05-28 00:00:00+09:00,268.1503628062553,269.0655517578125,265.40479595158376,269.0655517578125,214600
2021-05-31 00:00:00+09:00,269.0655380301822,269.98072693504673,264.4895935058594,264.4895935058594,172600
2021-06-01 00:00:00+09:00,267.23516022045305,268.15034912531763,260.8288378864011,264.4895935058594,208600
2021-06-02 00:00:00+09:00,263.5743906800176,264.4895795365454,256.2528798277949,259.91363525390625,308900
2021-06-03 00:00:00+09:00,259.91366036056627,262.659227195361,257.16809352577155,258.0832824707031,252300
2021-06-04 00:00:00+09:00,258.99843795613464,259.91362678283474,255.33768264933414,257.1680603027344,165200
2021-06-07 00:00:00+09:00,258.9984714156347,258.9984714156347,253.50733774604527,258.0832824707031,155700
2021-06-08 00:00:00+09:00,258.0832824707031,258.9984714156347,256.25290458084,258.0832824707031,118100
2021-06-09 00:00:00+09:00,258.9984519264915,264.48958518288356,258.0832630504261,261.7440185546875,130000
2021-06-10 00:00:00+09:00,260.82885203007675,260.82885203007675,258.08328516660225,258.99847412109375,103100
2021-06-11 00:00:00+09:00,259.9136435478822,262.6592102050781,257.1680768906862,262.6592102050781,160900
2021-06-14 00:00:00+09:00,265.4047940301557,265.4047940301557,255.3377156359084,258.0832824707031,194800
2021-06-15 00:00:00+09:00,258.08328516660225,259.91366307558525,255.3377183031278,258.99847412109375,259900
2021-06-16 00:00:00+09:00,259.9136462741428,263.57440185546875,258.99845737881134,263.57440185546875,186400
2021-06-17 00:00:00+09:00,260.828857421875,261.7440463952851,259.91366844846493,260.828857421875,105900
2021-06-18 00:00:00+09:00,261.74402711717346,261.74402711717346,254.42251586914062,254.42251586914062,236000
2021-06-21 00:00:00+09:00,251.67693250319536,251.67693250319536,248.0161771213307,248.93136596679688,255900
2021-06-22 00:00:00+09:00,252.59211616923378,257.1680603027344,252.59211616923378,257.1680603027344,165500
2021-06-23 00:00:00+09:00,257.1680741743608,257.1680741743608,249.84656316583806,251.67694091796875,251500
2021-06-24 00:00:00+09:00,250.76177978515625,251.67696876247433,248.93140183052006,250.76177978515625,97500
2021-06-25 00:00:00+09:00,249.84659080783814,252.5921577397924,248.93140183052006,250.76177978515625,124800
2021-06-28 00:00:00+09:00,251.67696876247433,252.5921577397924,250.76177978515625,250.76177978515625,78600
2021-06-29 00:00:00+09:00,249.8465491400825,249.8465491400825,247.10098266601562,247.10098266601562,126300
2021-06-30 00:00:00+09:00,249.8465462723629,249.8465462723629,246.185791015625,246.185791015625,170200
2021-07-01 00:00:00+09:00,248.9313784666167,248.9313784666167,245.27062290093116,248.0161895751953,145300
2021-07-02 00:00:00+09:00,246.18580219422506,249.8465576171875,246.18580219422506,249.8465576171875,82300
2021-07-05 00:00:00+09:00,249.8465491400825,249.8465491400825,247.10098266601562,247.10098266601562,77600
2021-07-06 00:00:00+09:00,246.1857938413267,248.01617149070458,245.27060501663775,247.10098266601562,78200
2021-07-07 00:00:00+09:00,245.27061878551137,246.18580766157672,241.60986328125,241.60986328125,177400
2021-07-08 00:00:00+09:00,241.60986049637594,248.01618255499196,240.69467163085938,240.69467163085938,329600
2021-07-09 00:00:00+09:00,239.7794855291193,243.4402410333807,237.0339189009233,241.60986328125,290600
2021-07-12 00:00:00+09:00,247.10099104996567,249.8465576171875,245.27061333848445,249.8465576171875,149500
2021-07-13 00:00:00+09:00,248.93136596679688,249.84655481226304,247.10098827586455,248.93136596679688,95200
2021-07-14 00:00:00+09:00,249.84656735803807,250.76175624945947,248.0161895751953,248.0161895751953,74700
2021-07-15 00:00:00+09:00,248.9313784666167,249.84656735803807,248.0161895751953,248.0161895751953,166300
2021-07-16 00:00:00+09:00,248.0161882508476,248.0161882508476,242.52505493164062,242.52505493164062,263200
2021-07-19 00:00:00+09:00,242.52504248368115,246.1857978419254,239.77947596499794,243.4402313232422,128700
2021-07-20 00:00:00+09:00,241.60986049637594,244.35542709292565,240.69467163085938,240.69467163085938,75300
2021-07-21 00:00:00+09:00,243.4402410333807,243.4402410333807,240.69467440518466,241.60986328125,106900
2021-07-26 00:00:00+09:00,247.10099104996567,249.8465576171875,246.18580219422506,249.8465576171875,170000
2021-07-27 00:00:00+09:00,249.84655481226304,249.84655481226304,247.10098827586455,248.93136596679688,46800
2021-07-28 00:00:00+09:00,245.27060900236432,247.10098668148643,243.4402313232422,243.4402313232422,76500
2021-07-29 00:00:00+09:00,247.10101417873216,252.5921478271484,246.18582523732945,252.59214782714844,153400
2021-07-30 00:00:00+09:00,249.84655481226304,251.67693250319536,248.0161771213307,248.93136596679688,113000
2021-08-02 00:00:00+09:00,249.84656316583806,251.67694091796875,246.18580766157672,251.67694091796875,98700
2021-08-03 00:00:00+09:00,249.84659001364636,249.84659001364636,245.27064514160156,245.27064514160156,63600
2021-08-04 00:00:00+09:00,245.27060900236432,246.1857978419254,243.4402313232422,243.4402313232422,79900
2021-08-05 00:00:00+09:00,241.60985364412008,245.27060900236432,241.60985364412008,243.4402313232422,62800
2021-08-06 00:00:00+09:00,246.185791015625,247.10097982980946,243.44022457307156,246.185791015625,77400
2021-08-10 00:00:00+09:00,246.18581179235255,250.76175624945947,246.18581179235255,248.0161895751953,147600
2021-08-11 00:00:00+09:00,249.8465576171875,252.59212418440936,248.9313687614469,249.8465576171875,90300
2021-08-12 00:00:00+09:00,251.67693250319536,256.25287673052617,247.10098827586455,248.93136596679688,271100
2021-08-13 00:00:00+09:00,251.67694915112833,254.42251586914062,248.931382433116,254.42251586914062,163000
2021-08-16 00:00:00+09:00,254.4224903432853,254.4224903432853,245.2706022014405,246.185791015625,287300
2021-08-17 00:00:00+09:00,246.1857978419254,249.84655320016964,243.4402313232422,243.4402313232422,111800
2021-08-18 00:00:00+09:00,245.27064514160156,246.18583411601054,242.5250782183747,245.27064514160156,137000
2021-08-19 00:00:00+09:00,243.44025089176554,245.27062871801942,239.7794952392578,239.7794952392578,145000
2021-08-20 00:00:00+09:00,241.60986328125,243.4402410333807,239.7794855291193,241.60986328125,138000
2021-08-23 00:00:00+09:00,241.60986328125,244.35542990944603,239.7794855291193,241.60986328125,116400
2021-08-24 00:00:00+09:00,241.60985520306755,248.93136596679688,241.60985520306755,248.93136596679688,147000
2021-08-25 00:00:00+09:00,248.01617990570628,250.76174647292814,247.10099104996567,249.8465576171875,82100
2021-08-26 00:00:00+09:00,246.1857938413267,248.93136031539353,245.27060501663775,247.10098266601562,103900
2021-08-27 00:00:00+09:00,243.4402356270032,255.3376907516312,243.4402356270032,249.8465576171875,397000
2021-08-30 00:00:00+09:00,250.7617929109963,256.252927062332,249.8466038857737,255.33773803710938,195300
2021-08-31 00:00:00+09:00,250.76174647292814,252.59212418440936,249.8465576171875,249.8465576171875,90700
2021-09-01 00:00:00+09:00,250.7617726239917,253.50733947753906,249.84658367280926,253.50733947753906,86200
2021-09-02 00:00:00+09:00,252.59213403230225,252.59213403230225,248.0161895751953,248.0161895751953,97000
2021-09-03 00:00:00+09:00,248.9313947216268,254.4225284287215,248.9313947216268,253.50733947753906,125800
2021-09-06 00:00:00+09:00,252.59217096144152,257.1681160875546,252.59217096144152,255.33773803710938,108800
2021-09-07 00:00:00+09:00,255.33773803710938,255.33773803710938,253.50735998666414,255.33773803710938,104800
2021-09-08 00:00:00+09:00,255.33771737990395,255.33771737990395,249.84658367280926,253.50733947753906,157100
2021-09-09 00:00:00+09:00,252.59213805713242,254.42251586914062,250.7617602451242,254.42251586914062,79900
2021-09-10 00:00:00+09:00,254.422493822634,257.1680603027344,252.59211616923378,257.1680603027344,139700
2021-09-13 00:00:00+09:00,255.3377156359084,258.0832824707031,252.5921488011137,258.0832824707031,143100
2021-09-14 00:00:00+09:00,258.9984794750548,260.828857421875,258.08329050164474,260.828857421875,169400
2021-09-15 00:00:00+09:00,260.8288721884451,260.8288721884451,253.50735998666414,255.33773803710938,273900
2021-09-16 00:00:00+09:00,256.252927062332,256.252927062332,250.7617929109963,255.33773803710938,136600
2021-09-17 00:00:00+09:00,254.42250754616478,261.7440185546875,254.42250754616478,261.7440185546875,278200
2021-09-21 00:00:00+09:00,252.5921133858817,258.0832462855748,250.76173575265068,256.25286865234375,121800
2021-09-22 00:00:00+09:00,255.33771737990395,257.16809528226884,252.59215052635662,253.50733947753906,100700
2021-09-24 00:00:00+09:00,258.9984519264915,262.6592074307529,255.33769642223012,261.7440185546875,249200
2021-09-27 00:00:00+09:00,264.4896133155154,264.4896133155154,258.9984794750548,260.828857421875,158100
2021-09-28 00:00:00+09:00,258.99843795613464,258.99843795613464,254.422493822634,257.1680603027344,170500
2021-09-29 00:00:00+09:00,253.5073049959339,258.0832491294345,250.7617385158335,257.1680603027344,250600
2021-09-30 00:00:00+09:00,259.91368006709405,280.04783838215064,259.91368006709405,275.4718933105469,895100
2021-10-01 00:00:00+09:00,274.55666571959387,274.55666571959387,258.9984546621502,262.6592102050781,523100
2021-10-04 00:00:00+09:00,269.9807241227892,275.47185749477813,262.65921296013727,263.57440185546875,407800
2021-10-05 00:00:00+09:00,257.1680603027344,263.57438208963526,252.59211616923378,257.1680603027344,423200
2021-10-06 00:00:00+09:00,260.8288721884451,264.48962828933554,255.33773803710938,255.33773803710938,315400
2021-10-07 00:00:00+09:00,255.33769642223012,256.25288529829544,240.69467440518466,241.60986328125,688100
2021-10-08 00:00:00+09:00,244.3554161919488,248.93136031539353,242.5250385425709,247.10098266601562,301900
2021-10-11 00:00:00+09:00,249.84659001364636,249.84659001364636,243.44026719278364,245.27064514160156,529900
2021-10-12 00:00:00+09:00,243.44023960320524,243.44023960320524,236.1187286376953,236.1187286376953,703900
2021-10-13 00:00:00+09:00,236.1187537908554,236.1187537908554,233.37318688631058,234.2883758544922,398800
2021-10-14 00:00:00+09:00,233.37316202562909,237.03391750838406,233.37316202562909,236.1187286376953,274800
2021-10-15 00:00:00+09:00,237.0339257835885,239.77949249150652,236.11873688094917,238.8643035888672,293400
2021-10-18 00:00:00+09:00,238.86431342754585,238.86431342754585,234.28836872586874,237.033935546875,360900
2021-10-19 00:00:00+09:00,235.2035397670066,238.86429524976154,235.2035397670066,236.1187286376953,185600
2021-10-20 00:00:00+09:00,236.1187466065396,237.94912448721044,235.20355766620415,237.033935546875,270100
2021-10-21 00:00:00+09:00,236.11874558520412,236.11874558520412,230.62761196694356,231.5428009033203,413800
2021-10-22 00:00:00+09:00,230.6275995209461,234.28835506889763,230.6275995209461,232.45797729492188,207900
2021-10-25 00:00:00+09:00,231.5428009033203,232.45798983969706,229.71242303056678,231.5428009033203,237500
2021-10-26 00:00:00+09:00,230.62761196694356,233.37317877607384,230.62761196694356,231.5428009033203,177500
2021-10-27 00:00:00+09:00,230.6275995209461,232.45797729492188,230.6275995209461,232.45797729492188,226100
2021-10-28 00:00:00+09:00,232.45797729492188,234.28835506889763,230.6275995209461,232.45797729492188,885400
2021-10-29 00:00:00+09:00,232.45798983969706,233.37317877607384,230.62761196694356,231.5428009033203,219500
2021-11-01 00:00:00+09:00,232.45798004748775,234.28835784313725,231.54279114966297,233.3731689453125,222600
2021-11-02 00:00:00+09:00,233.3731689453125,235.203546740962,232.45798004748775,233.3731689453125,311100
2021-11-04 00:00:00+09:00,234.28835784313725,235.203546740962,233.3731689453125,233.3731689453125,130300
2021-11-05 00:00:00+09:00,233.37314514886765,233.37314514886765,229.7123899308462,230.62757873535156,245100
2021-11-08 00:00:00+09:00,231.54278840793398,233.37316618190974,229.71241063395823,232.45797729492188,137600
2021-11-09 00:00:00+09:00,231.5427926635742,232.4579815673828,228.79722595214844,228.79722595214844,224500
2021-11-10 00:00:00+09:00,229.71240648277376,229.71240648277376,224.22127326007796,226.05165100097656,370000
2021-11-11 00:00:00+09:00,226.05164838857687,249.84655874526916,224.22127066883132,235.2035369873047,1542200
2021-11-12 00:00:00+09:00,234.2883481274319,236.11872584717747,231.54278154781355,235.2035369873047,277800
2021-11-15 00:00:00+09:00,235.20354916004652,244.35543823242188,235.20354916004652,244.35543823242188,407900
2021-11-16 00:00:00+09:00,244.35541338725602,247.10097982980946,244.35541338725602,246.185791015625,312400
2021-11-17 00:00:00+09:00,246.18580766157672,246.18580766157672,238.864296653054,241.60986328125,213200
2021-11-18 00:00:00+09:00,238.86429938550265,242.52505493164062,235.20354383936467,242.52505493164062,188100
2021-11-19 00:00:00+09:00,243.44024529090294,243.44024529090294,235.20354526226336,237.94911193847656,178100
2021-11-22 00:00:00+09:00,234.28835089631784,237.94910637907282,233.37316202562909,236.1187286376953,226900
2021-11-24 00:00:00+09:00,237.94911468622783,243.44024810206386,237.94911468622783,238.8643035888672,203500
2021-11-25 00:00:00+09:00,241.60987029678518,242.52505919942453,237.94911468622783,238.8643035888672,152200
2021-11-26 00:00:00+09:00,237.94910356692301,241.60985900641415,231.54278154781355,235.2035369873047,276400
2021-11-29 00:00:00+09:00,230.62759535322306,232.45797309412166,226.05165100097656,226.05165100097656,243500
2021-11-30 00:00:00+09:00,226.96684968909437,230.62760532924108,224.22128295898438,224.22128295898438,209500
2021-12-01 00:00:00+09:00,224.22127326007796,229.71240648277376,219.6453289078315,226.05165100097656,395700
2021-12-02 00:00:00+09:00,224.22127743316776,226.0516552081324,222.39089965820312,222.39089965820312,248000
2021-12-03 00:00:00+09:00,222.39090094508896,227.8820343017578,222.39090094508896,227.8820343017578,316700
2021-12-06 00:00:00+09:00,226.96683987142586,228.79721761232446,224.22127326007796,226.05165100097656,151800
2021-12-07 00:00:00+09:00,226.0516550860067,232.45797729492188,226.0516550860067,232.45797729492188,218700
2021-12-08 00:00:00+09:00,231.54278840793398,233.37316618190974,229.71241063395823,232.45797729492188,141900
2021-12-09 00:00:00+09:00,231.54276753985692,233.37314514886765,229.7123899308462,230.62757873535156,113600
2021-12-10 00:00:00+09:00,230.62759817800216,230.62759817800216,226.05165376970845,226.9668426513672,127000
2021-12-13 00:00:00+09:00,226.96683987142586,228.79721761232446,225.13646213052726,226.05165100097656,103300
2021-12-14 00:00:00+09:00,224.2212704914372,226.05164820973465,223.30608163228848,225.13645935058594,139400
2021-12-15 00:00:00+09:00,225.13646762342339,229.7124120873141,225.13646762342339,227.8820343017578,187100
2021-12-16 00:00:00+09:00,229.71241760253906,231.54279543204134,227.88203977303675,229.71241760253906,119100
2021-12-17 00:00:00+09:00,229.71240364632953,229.71240364632953,224.2212704914372,225.13645935058594,412600
2021-12-20 00:00:00+09:00,224.2212632123162,225.1364520417542,216.89975257681198,217.81494140625,286700
2021-12-21 00:00:00+09:00,219.6453453883652,223.30610114483795,218.730156449247,221.47572326660156,229500
2021-12-22 00:00:00+09:00,219.6453453883652,221.47572326660156,217.8149675101288,221.47572326660156,267200
2021-12-23 00:00:00+09:00,222.39091220571976,225.13647902307432,220.5605343274834,221.47572326660156,189000
2021-12-24 00:00:00+09:00,222.3908940865291,224.22127181563633,219.64532749286826,220.56051635742188,125900
2021-12-27 00:00:00+09:00,218.73012162878157,219.64531042220744,214.15417766165226,215.06936645507812,263400
2021-12-28 00:00:00+09:00,215.98457203465378,222.3908940865291,215.98457203465378,220.56051635742188,501900
2021-12-29 00:00:00+09:00,221.4757066487301,226.96683987142586,220.5605177782808,226.05165100097656,383400
2021-12-30 00:00:00+09:00,225.13645935058594,226.96683706888336,223.30608163228848,225.13645935058594,92800
2022-01-04 00:00:00+09:00,226.05165100097656,227.88202874187516,223.30608438962867,226.05165100097656,178500
2022-01-05 00:00:00+09:00,226.05164820973465,226.05164820973465,223.30608163228848,225.13645935058594,218900
2022-01-06 00:00:00+09:00,223.3060772628465,225.13645494532884,218.73013305664062,218.73013305664062,351000
2022-01-07 00:00:00+09:00,218.730156449247,221.47572326660156,216.89977857101064,221.47572326660156,448300
2022-01-11 00:00:00+09:00,219.6453399658203,219.6453399658203,216.89977321624755,219.6453399658203,159400
2022-01-12 00:00:00+09:00,219.64533299575618,223.30608854568544,219.64533299575618,222.39089965820312,176700
2022-01-13 00:00:00+09:00,221.4757177988688,221.4757177988688,218.73015104929604,219.6453399658203,151100
2022-01-14 00:00:00+09:00,218.73015716684844,218.73015716684844,210.4934566877621,211.4086456298828,663200
2022-01-17 00:00:00+09:00,212.3238345720035,214.15421245624492,209.5782677456414,211.4086456298828,206600
2022-01-18 00:00:00+09:00,211.40865099992874,214.15421789603172,210.4934620345611,213.23902893066406,192100
2022-01-19 00:00:00+09:00,209.57825120713974,211.4086289469401,205.00230685763887,205.91749572753906,369000
2022-01-20 00:00:00+09:00,206.8326955736985,211.40864016603695,205.9175066552308,209.57826232910156,382600
2022-01-21 00:00:00+09:00,206.83269286573977,210.49344849168207,206.83269286573977,208.66307067871094,269700
2022-01-24 00:00:00+09:00,207.74788449216618,210.49345124756925,205.9175066552308,209.57826232910156,302200
2022-01-25 00:00:00+09:00,207.7478861127581,208.66307503836495,205.0023193359375,205.0023193359375,338700
2022-01-26 00:00:00+09:00,206.8326955736985,211.40864016603695,206.8326955736985,209.57826232910156,235400
2022-01-27 00:00:00+09:00,210.4934273778865,211.40861619257294,204.08710567508123,206.83267211914062,320700
2022-01-28 00:00:00+09:00,208.66307341063387,211.40864016603695,206.8326955736985,209.57826232910156,172000
2022-01-31 00:00:00+09:00,211.40865099992874,215.0694068613994,211.40865099992874,213.23902893066406,177100
2022-02-01 00:00:00+09:00,215.06938725081173,220.56052054232183,214.1541983688934,216.89976501464844,257400
2022-02-02 00:00:00+09:00,215.06939538319904,219.6453399658203,215.06939538319904,219.6453399658203,175900
2022-02-03 00:00:00+09:00,216.89978479213468,216.89978479213468,213.23902893066406,213.23902893066406,178000
2022-02-04 00:00:00+09:00,211.4086385873648,215.98458314553287,211.4086385873648,214.15420532226562,213400
2022-02-07 00:00:00+09:00,212.3238345720035,214.15421245624492,209.5782677456414,211.4086456298828,229200
2022-02-08 00:00:00+09:00,210.4934566877621,213.23902351412423,210.4934566877621,211.4086456298828,224700
2022-02-09 00:00:00+09:00,212.32383184018343,212.32383184018343,209.57826504914658,210.4934539794922,203200
2022-02-10 00:00:00+09:00,210.4934620345611,213.23902893066406,209.57827306919344,213.23902893066406,262500
2022-02-14 00:00:00+09:00,210.49344424543708,214.15419979753165,209.57825535741344,212.32382202148438,241700
2022-02-15 00:00:00+09:00,213.23902893066406,215.98459582676705,212.3238399652964,213.23902893066406,241000
2022-02-16 00:00:00+09:00,214.15421789603172,215.98459582676705,213.23902893066406,213.23902893066406,228400
2022-02-17 00:00:00+09:00,213.23902077052904,213.23902077052904,207.74788718845534,210.4934539794922,452600
2022-02-18 00:00:00+09:00,207.74788718845534,211.4086429098378,207.74788718845534,210.4934539794922,182300
2022-02-21 00:00:00+09:00,209.57823856320002,209.57823856320002,205.91748330445418,206.83267211914062,199700
2022-02-22 00:00:00+09:00,204.08712493621553,205.91750273833404,203.17193603515625,203.17193603515625,268800
2022-02-24 00:00:00+09:00,202.25674438476562,203.17193327338447,197.68079994167138,202.25674438476562,492800
2022-02-25 00:00:00+09:00,201.341552734375,203.1719304865057,200.42636385830966,201.341552734375,192900
2022-02-28 00:00:00+09:00,201.34155549614678,203.17193327338447,199.51117771890907,202.25674438476562,295100
2022-03-01 00:00:00+09:00,203.17192911783854,205.91749572753906,203.17192911783854,205.91749572753906,190300
2022-03-02 00:00:00+09:00,202.25674161044034,204.08711936257103,200.42636385830966,201.341552734375,248200
2022-03-03 00:00:00+09:00,202.25674161044034,202.25674161044034,199.5111749822443,201.341552734375,191300
2022-03-04 00:00:00+09:00,200.42636108398438,202.25673881077876,198.59598335719,200.42636108398438,236100
2022-03-07 00:00:00+09:00,198.59598469957012,199.5111735691534,194.02004035165376,195.8504180908203,429100
2022-03-08 00:00:00+09:00,193.10484594668984,198.59597900678529,193.10484594668984,194.02003479003906,225000
2022-03-09 00:00:00+09:00,194.93522922123705,198.59598469957012,194.02004035165376,195.8504180908203,205100
2022-03-10 00:00:00+09:00,199.5111682019426,204.0871124267578,199.5111682019426,204.0871124267578,180400
2022-03-11 00:00:00+09:00,200.4263736129901,203.17194037481187,199.5111846923828,199.5111846923828,174600
2022-03-14 00:00:00+09:00,200.42637085804742,203.17193758213025,197.68080413396459,198.5959930419922,148100
2022-03-15 00:00:00+09:00,198.59598883029022,204.0871221620033,198.59598883029022,202.25674438476562,115700
2022-03-16 00:00:00+09:00,202.25674438476562,203.17193327338447,199.51117771890907,202.25674438476562,299600
2022-03-17 00:00:00+09:00,203.17193603515625,204.08712493621553,199.5111804309192,203.17193603515625,335300
2022-03-18 00:00:00+09:00,202.25673881077876,204.08711653757314,200.42636108398438,200.42636108398438,574100
2022-03-22 00:00:00+09:00,203.17192767417595,203.17192767417595,198.59598335719,200.42636108398438,397700
2022-03-23 00:00:00+09:00,202.25673473683173,205.9174901166839,201.3415458918687,204.0871124267578,287300
2022-03-24 00:00:00+09:00,202.25673473683173,204.0871124267578,200.42635704690565,204.0871124267578,306300
2022-03-25 00:00:00+09:00,204.0871124267578,204.0871124267578,201.3415458918687,204.0871124267578,211300
2022-03-28 00:00:00+09:00,204.08712493621553,204.08712493621553,201.34155823303774,203.17193603515625,189300
2022-03-29 00:00:00+09:00,202.25674438476562,202.25674438476562,200.4263666075279,202.25674438476562,286400
2022-03-30 00:00:00+09:00,202.7238696737027,203.6580810546875,200.85544691173308,203.6580810546875,344200
2022-03-31 00:00:00+09:00,201.7896503501224,204.592284382763,201.7896503501224,202.72386169433594,207200
2022-04-01 00:00:00+09:00,201.7896503501224,203.65807303854947,200.8554390059089,202.72386169433594,160600
2022-04-04 00:00:00+09:00,203.6580810546875,205.5265038166571,202.7238696737027,203.6580810546875,172200
2022-04-05 00:00:00+09:00,203.65806744549727,208.32912403828388,203.65806744549727,207.39491271972656,222100
2022-04-06 00:00:00+09:00,205.5264892578125,207.39491188742898,204.59227794300426,205.5264892578125,140300
2022-04-07 00:00:00+09:00,203.65807225426963,203.65807225426963,200.85543823242188,200.85543823242188,227600
2022-04-08 00:00:00+09:00,201.7896582927179,203.6580810546875,200.85544691173308,203.6580810546875,149500
2022-04-11 00:00:00+09:00,203.65807225426963,203.65807225426963,200.85543823242188,200.85543823242188,100300
2022-04-12 00:00:00+09:00,200.8554293074698,200.8554293074698,198.05279541015625,198.05279541015625,186100
2022-04-13 00:00:00+09:00,198.98700670926075,198.98700670926075,196.18437281194724,198.05279541015625,237000
2022-04-14 00:00:00+09:00,198.98700670926075,199.92121800836526,197.11858411105175,198.05279541015625,110100
2022-04-15 00:00:00+09:00,198.05280421057412,201.7896495730378,198.05280421057412,200.85543823242188,158200
2022-04-18 00:00:00+09:00,200.8554374444093,200.8554374444093,198.05280343355707,198.9870147705078,213500
2022-04-19 00:00:00+09:00,198.9870147705078,200.8554374444093,198.9870147705078,198.9870147705078,94500
2022-04-20 00:00:00+09:00,199.92122766169535,203.65807303854947,198.98701631748182,202.72386169433594,155200
2022-04-21 00:00:00+09:00,202.72386169433594,203.65807303854947,200.8554390059089,202.72386169433594,68200
2022-04-22 00:00:00+09:00,199.921225308242,200.85543664145808,197.11859130859375,197.11859130859375,228200
2022-04-25 00:00:00+09:00,196.1843719482422,197.11858324323381,194.31594935825893,196.1843719482422,272800
2022-04-26 00:00:00+09:00,197.11858324323381,197.11858324323381,195.25016065325056,196.1843719482422,87900
2022-04-27 00:00:00+09:00,194.3159580857541,198.9870147705078,193.38174674880335,198.9870147705078,306900
2022-04-28 00:00:00+09:00,197.11859209660633,198.9870147705078,195.25016942270486,198.9870147705078,132900
2022-05-02 00:00:00+09:00,198.98701397502592,201.78964797467415,197.11859130859375,197.11859130859375,202100
2022-05-06 00:00:00+09:00,198.98700756892978,200.85543017521084,196.18437365950825,199.9212188720703,118800
2022-05-09 00:00:00+09:00,198.98701316431948,198.98701316431948,195.2501678466797,195.2501678466797,160900
2022-05-10 00:00:00+09:00,195.25015977712778,195.25015977712778,192.44752590472882,194.31594848632812,211100
2022-05-11 00:00:00+09:00,193.38173719552847,195.25015977712778,191.51331461392917,194.31594848632812,208500
2022-05-12 00:00:00+09:00,192.44752676827568,198.05279453822544,191.51331547328405,196.1843719482422,558500
2022-05-13 00:00:00+09:00,198.9870100541548,209.26333451704545,198.9870100541548,205.5264892578125,612000
2022-05-16 00:00:00+09:00,205.52649572697652,206.46070707119006,200.8554390059089,202.72386169433594,380900
2022-05-17 00:00:00+09:00,203.65805861939035,207.39490373167274,201.78963606324913,204.59226989746094,187800
2022-05-18 00:00:00+09:00,206.46070861816406,208.32913132059088,204.59228591573722,206.46070861816406,202300
2022-05-19 00:00:00+09:00,203.65806662819602,209.26333451704545,202.7238553133878,205.5264892578125,292700
2022-05-20 00:00:00+09:00,205.52649089268277,209.26333618164062,205.52649089268277,209.26333618164062,213200
2022-05-23 00:00:00+09:00,211.13175245108584,213.00017503914856,209.26332986302313,212.0659637451172,288400
2022-05-24 00:00:00+09:00,211.13175799395586,211.13175799395586,205.5264900826119,207.39491271972656,128500
2022-05-25 00:00:00+09:00,206.46069245360212,206.46069245360212,204.59226989746094,204.59226989746094,158200
2022-05-26 00:00:00+09:00,205.52648117553153,207.39490373167274,204.59226989746094,204.59226989746094,92700
2022-05-27 00:00:00+09:00,206.46070057262074,206.46070057262074,203.65806662819602,205.5264892578125,108000
2022-05-30 00:00:00+09:00,208.3291185689918,212.0659637451172,208.3291185689918,212.0659637451172,303600
2022-05-31 00:00:00+09:00,213.00017503914856,213.9343863331799,211.13175245108584,212.0659637451172,136900
2022-06-01 00:00:00+09:00,210.19754115705447,212.0659637451172,208.3291185689918,212.0659637451172,172600
2022-06-02 00:00:00+09:00,210.19754028320312,211.1317515733507,208.32911770290798,210.19754028320312,97800
2022-06-03 00:00:00+09:00,211.13174438476562,212.0659556431053,209.26332186808628,211.13174438476562,155500
2022-06-06 00:00:00+09:00,212.0659637451172,213.00017503914856,211.13175245108584,212.0659637451172,128600
2022-06-07 00:00:00+09:00,212.06596286349827,212.06596286349827,210.19754028320312,210.19754028320312,128100
2022-06-08 00:00:00+09:00,212.0659725686778,214.8686065673828,211.13176123577614,214.8686065673828,118900
2022-06-09 00:00:00+09:00,213.9343863331799,213.9343863331799,212.0659637451172,212.0659637451172,103600
2022-06-10 00:00:00+09:00,212.0659556431053,213.00016690144497,210.19753312642595,211.13174438476562,175200
2022-06-13 00:00:00+09:00,208.32912485940116,209.26333618164062,206.46070221492224,209.26333618164062,130100
2022-06-14 00:00:00+09:00,205.52649726695066,208.32913132059088,202.7238632133104,206.46070861816406,273200
2022-06-15 00:00:00+09:00,206.46069245360212,207.39490373167274,203.65805861939035,204.59226989746094,214600
2022-06-16 00:00:00+09:00,212.0659556431053,213.93437815978464,209.26332186808628,211.13174438476562,274800
2022-06-17 00:00:00+09:00,210.19754028320312,211.1317515733507,207.3949064127604,210.19754028320312,275500
2022-06-20 00:00:00+09:00,210.19754750388012,213.93439279283797,208.32912485940116,209.26333618164062,160800
2022-06-21 00:00:00+09:00,211.13176908947173,217.67124866303945,211.13176908947173,215.80282592773438,207400
2022-06-22 00:00:00+09:00,219.53967213119049,220.4738835019615,217.67124938964844,217.67124938964844,158200
2022-06-23 00:00:00+09:00,219.53964424931357,226.07912301418673,219.53964424931357,223.2764892578125,368600
2022-06-24 00:00:00+09:00,226.07913466422787,231.6844024658203,225.14492336396248,231.6844024658203,338700
2022-06-27 00:00:00+09:00,236.3554589671473,236.3554589671473,227.01334596449328,231.6844024658203,267900
2022-06-28 00:00:00+09:00,229.81598622847577,229.81598622847577,227.01335225007972,228.88177490234375,174400
2022-06-29 00:00:00+09:00,227.0133546016131,234.48704528808594,225.14493192999487,234.48704528808594,290900
2022-06-30 00:00:00+09:00,235.42123413085938,240.09229036361452,232.6186003912063,235.42123413085938,329800
2022-07-01 00:00:00+09:00,233.55283153300383,235.42125418526786,227.01335225007972,228.88177490234375,240900
2022-07-04 00:00:00+09:00,232.61862182617188,233.5528331588071,230.75019916090142,232.61862182617188,156700
2022-07-05 00:00:00+09:00,232.61862339426875,236.35546875,231.68441205533597,236.35546875,194600
2022-07-06 00:00:00+09:00,234.48703723144533,234.48703723144533,229.81598071289062,233.55282592773438,156500
2022-07-07 00:00:00+09:00,233.55283773721862,244.76337394860514,233.55283773721862,243.82916259765625,437700
2022-07-08 00:00:00+09:00,244.76337317978553,244.76337317978553,239.15810509169884,241.9607391357422,457000
2022-07-11 00:00:00+09:00,241.96072940375862,242.89494071419784,235.42125023068405,237.2896728515625,273400
2022-07-12 00:00:00+09:00,234.4870502909676,234.4870502909676,227.94757080078125,227.94757080078125,244100
2022-07-13 00:00:00+09:00,228.8817694091797,233.55282592773438,228.8817694091797,233.55282592773438,168500
2022-07-14 00:00:00+09:00,231.6844033203125,234.48703723144533,229.81598071289062,233.55282592773438,110600
2022-07-15 00:00:00+09:00,233.55283235248766,234.4870436818976,229.81598703484786,230.7501983642578,429700
2022-07-19 00:00:00+09:00,232.6186319589615,240.0923229455948,230.75020921230316,239.15811157226562,229200
2022-07-20 00:00:00+09:00,241.02651977539062,241.9607310923495,239.15809714147287,241.02651977539062,159800
2022-07-21 00:00:00+09:00,241.02652778772773,246.63179587581442,239.15810509169884,241.9607391357422,302100
2022-07-22 00:00:00+09:00,241.02652778772773,241.9607391357422,237.28968239566996,241.9607391357422,154900
2022-07-25 00:00:00+09:00,241.02652778772773,243.82916183177107,240.0923164397133,241.9607391357422,142200
2022-07-26 00:00:00+09:00,243.82916183177107,243.82916183177107,241.02652778772773,241.9607391357422,139600
2022-07-27 00:00:00+09:00,242.8949432373047,243.82915455744816,239.15809795673076,242.8949432373047,108100
2022-07-28 00:00:00+09:00,242.89495124670736,243.82916259765625,240.09231719386077,243.82916259765625,218300
2022-07-29 00:00:00+09:00,242.89495706558228,243.82916843891144,239.15811157226562,239.15811157226562,85100
2022-08-01 00:00:00+09:00,241.02652854480962,244.76337394860514,240.09231719386077,243.82916259765625,145900
2022-08-02 00:00:00+09:00,244.76337317978553,244.76337317978553,241.02652778772773,241.9607391357422,205400
2022-08-03 00:00:00+09:00,241.96073191716118,242.8949432373047,241.0265205970177,242.8949432373047,96500
2022-08-04 00:00:00+09:00,242.89493427202396,242.89493427202396,238.2238778437158,240.09230041503906,169100
2022-08-05 00:00:00+09:00,240.09230927687423,242.8949432373047,239.15809795673076,242.8949432373047,175600
2022-08-08 00:00:00+09:00,241.9607310923495,243.82915372626726,240.09230845843175,241.02651977539062,162200
2022-08-09 00:00:00+09:00,242.89494240930838,243.82915372626726,241.02651977539062,241.02651977539062,115800
2022-08-10 00:00:00+09:00,241.96072298636233,246.63177941467046,238.2238778437158,240.09230041503906,451900
2022-08-12 00:00:00+09:00,244.76335505732783,252.23704528808594,241.02650994194877,252.23704528808594,924100
2022-08-15 00:00:00+09:00,253.17126631303267,259.71074551669034,248.50020973899146,256.9081115722656,424900
2022-08-16 00:00:00+09:00,255.03967092294232,258.77651591815027,251.30282592773438,251.30282592773438,219500
2022-08-17 00:00:00+09:00,254.1054733564269,254.1054733564269,247.5659942626953,247.5659942626953,166600
2022-08-18 00:00:00+09:00,247.56598709221174,250.36862090834998,246.63177582016564,248.5001983642578,89200
2022-08-19 00:00:00+09:00,250.36862090834998,250.36862090834998,247.56598709221174,248.5001983642578,90900
2022-08-22 00:00:00+09:00,244.76337394860514,245.697585299554,242.89495124670736,243.82916259765625,97800
2022-08-23 00:00:00+09:00,243.82916843891144,243.82916843891144,239.15811157226562,239.15811157226562,110300
2022-08-24 00:00:00+09:00,238.22390019893646,240.0923229455948,238.22390019893646,239.15811157226562,127300
2022-08-25 00:00:00+09:00,240.09230041503906,241.0265117007007,238.2238778437158,240.09230041503906,80300
2022-08-26 00:00:00+09:00,239.15811157226562,240.0923229455948,238.22390019893646,239.15811157226562,126000
2022-08-29 00:00:00+09:00,235.42123413085938,239.1580791170635,233.55281163775732,235.42123413085938,185800
2022-08-30 00:00:00+09:00,236.35546154112328,240.09230678288017,236.35546154112328,237.2896728515625,62700
2022-08-31 00:00:00+09:00,237.28967929551325,237.28967929551325,233.55283395227684,234.48704528808594,109000
2022-09-01 00:00:00+09:00,239.15809173003802,248.50020468824263,237.2896691383971,245.69757080078125,425600
2022-09-02 00:00:00+09:00,247.56600800145176,249.4344307033495,241.02652854480962,243.82916259765625,212100
2022-09-05 00:00:00+09:00,242.89495124670736,243.82916259765625,239.15810584291188,243.82916259765625,130100
2022-09-06 00:00:00+09:00,245.6975875454449,253.17127842135196,242.89495346697976,249.43443298339844,286600
2022-09-07 00:00:00+09:00,247.56601026442166,249.43443298339844,245.6975875454449,249.43443298339844,216000
2022-09-08 00:00:00+09:00,250.36862362132354,255.97389131433823,250.36862362132354,254.10546875,346900
2022-09-09 00:00:00+09:00,253.17126631303267,257.84232288707386,253.17126631303267,256.9081115722656,224600
2022-09-12 00:00:00+09:00,255.97389857443497,255.97389857443497,250.36863072244003,253.1712646484375,170300
2022-09-13 00:00:00+09:00,254.10550059442937,257.84234619140625,253.17128919518512,257.84234619140625,194600
2022-09-14 00:00:00+09:00,252.23706706186357,253.17127842135196,247.56601026442166,249.43443298339844,225900
2022-09-15 00:00:00+09:00,250.3686315515539,255.03968811035156,250.3686315515539,255.03968811035156,113300
2022-09-16 00:00:00+09:00,255.03968811035156,257.84232204563017,253.1712654868325,255.03968811035156,323000
2022-09-20 00:00:00+09:00,255.97390900755957,259.71075439453125,254.10548631407374,259.71075439453125,272200
2022-09-21 00:00:00+09:00,255.9739002574574,257.84232288707386,254.1054776278409,256.9081115722656,138800
2022-09-22 00:00:00+09:00,254.10549993584624,258.7765569199611,252.23707714220032,255.9739227294922,246800
2022-09-26 00:00:00+09:00,254.10547595710332,255.97389857443497,251.30284203110585,253.1712646484375,290600
2022-09-27 00:00:00+09:00,250.36862273039642,254.10546784577548,249.43441145155165,252.23704528808594,100100
2022-09-28 00:00:00+09:00,251.30285570237518,251.30285570237518,244.7633761859565,249.43443298339844,327400
2022-09-29 00:00:00+09:00,253.1712654868325,255.9738994221111,251.30284286331346,255.03968811035156,226500
2022-09-30 00:00:00+09:00,252.23705333977168,255.97389857443497,251.30284203110585,253.1712646484375,240000
2022-10-03 00:00:00+09:00,250.36865234375,252.2370751224347,244.7633840076959,250.36865234375,207200
2022-10-04 00:00:00+09:00,254.10550059442937,257.84234619140625,253.17128919518512,257.84234619140625,245200
2022-10-05 00:00:00+09:00,258.7765575906505,258.7765575906505,255.0397119936736,257.84234619140625,148700
2022-10-06 00:00:00+09:00,257.8423374720982,274.65814208984375,256.90812610444567,274.65814208984375,983000
2022-10-07 00:00:00+09:00,270.9213134765625,280.263427734375,267.1844677734375,280.263427734375,846600
2022-10-11 00:00:00+09:00,277.4607804242303,287.7371056251277,277.4607804242303,285.8686828613281,630800
2022-10-12 00:00:00+09:00,285.8686667994449,287.7370894582648,281.19761015239516,284.000244140625,324400
2022-10-13 00:00:00+09:00,284.0002734375,284.0002734375,277.4607934570313,280.263427734375,227500
2022-10-14 00:00:00+09:00,283.0659993814584,292.4081115722656,282.1317881623777,292.4081115722656,661700
2022-10-17 00:00:00+09:00,290.5397250683277,294.2765704068271,285.86866839520343,287.7370910644531,413900
2022-10-18 00:00:00+09:00,289.60553578861425,292.4081700059234,284.0002673539959,284.9344787597656,302000
2022-10-19 00:00:00+09:00,285.8686785016741,294.2765808105469,284.00025576636904,294.2765808105469,318000
2022-10-20 00:00:00+09:00,292.4081115722656,292.4081115722656,286.80284425778126,292.4081115722656,170400
2022-10-21 00:00:00+09:00,292.4081713235108,292.4081713235108,285.8686914536559,288.67132568359375,148400
2022-10-24 00:00:00+09:00,289.6055283889272,290.53973977082694,285.8686828613281,285.8686828613281,112700
2022-10-25 00:00:00+09:00,286.8028618010464,287.7370730772713,280.26338286747205,282.1318054199219,198400
2022-10-26 00:00:00+09:00,282.131833031064,284.00025576636904,272.7897193545387,274.65814208984375,268100
2022-10-27 00:00:00+09:00,274.65809526835403,274.65809526835403,268.11861680958367,272.7896728515625,167400
2022-10-28 00:00:00+09:00,269.9870640404698,279.32917698304664,269.9870640404698,277.46075439453125,573600
2022-10-31 00:00:00+09:00,279.3291931152344,283.06603850808034,277.4607704188114,279.3291931152344,118200
2022-11-01 00:00:00+09:00,280.26338827730433,281.19759957156197,276.52654310027356,277.46075439453125,104100
2022-11-02 00:00:00+09:00,279.3291606321173,279.3291606321173,275.5923156738281,275.5923156738281,86300
2022-11-04 00:00:00+09:00,273.72388405995827,276.52651768514556,272.7896728515625,272.7896728515625,177500
2022-11-07 00:00:00+09:00,273.72390921750053,278.39496568878894,272.78969792324284,277.46075439453125,100600
2022-11-08 00:00:00+09:00,278.39496568878894,279.32917698304664,277.46075439453125,277.46075439453125,75800
2022-11-09 00:00:00+09:00,277.46077619280135,277.46077619280135,274.65814208984375,274.65814208984375,93800
2022-11-10 00:00:00+09:00,274.65814208984375,280.26341029575894,270.92129661923366,274.65814208984375,430300
2022-11-11 00:00:00+09:00,274.6581465871711,274.6581465871711,265.31603275767543,266.250244140625,386100
2022-11-14 00:00:00+09:00,266.2502190726144,267.184430367606,261.57916259765625,261.57916259765625,253700
2022-11-15 00:00:00+09:00,261.57918441166515,265.3160299032604,254.10549342847474,258.77655029296875,380900
2022-11-16 00:00:00+09:00,258.77653335738967,258.77653335738967,255.03968811035156,255.03968811035156,155800
2022-11-17 00:00:00+09:00,255.9739002574574,260.6449568314986,255.9739002574574,256.9081115722656,187500
2022-11-18 00:00:00+09:00,257.84231387867646,257.84231387867646,254.10546875,254.10546875,161600
2022-11-21 00:00:00+09:00,254.10546875,255.97389131433823,254.10546875,254.10546875,133800
2022-11-22 00:00:00+09:00,255.0397119936736,261.5791917883832,255.0397119936736,257.84234619140625,200600
2022-11-24 00:00:00+09:00,258.77656733105124,266.25025880631625,258.77656733105124,264.3818359375,182700
2022-11-25 00:00:00+09:00,264.38181112824583,264.38181112824583,259.71075439453125,259.71075439453125,154200
2022-11-28 00:00:00+09:00,261.57916431695645,267.18443212374837,259.71074171469246,265.3160095214844,168900
2022-11-29 00:00:00+09:00,265.31604737190816,270.9213159783569,261.57920163427565,264.3818359375,221000
2022-11-30 00:00:00+09:00,262.51338843476003,264.38181112824583,259.71075439453125,259.71075439453125,280200
2022-12-01 00:00:00+09:00,260.64498038913894,261.5791917883832,256.90813479216206,257.84234619140625,287600
2022-12-02 00:00:00+09:00,256.9080990828653,262.51336669921875,255.03967654408083,262.51336669921875,219000
2022-12-05 00:00:00+09:00,260.64497303876635,260.64497303876635,256.90812754717115,258.77655029296875,147100
2022-12-06 00:00:00+09:00,257.84232288707386,258.7765342018821,255.03968894264915,256.9081115722656,162400
2022-12-07 00:00:00+09:00,256.9081061226981,262.5133738926479,255.9738948277065,261.57916259765625,111200
2022-12-08 00:00:00+09:00,261.5791681463068,261.5791681463068,255.9739002574574,256.9081115722656,107300
2022-12-09 00:00:00+09:00,256.90813479216206,261.5791917883832,255.9739233929178,257.84234619140625,157300
2022-12-12 00:00:00+09:00,257.84234552313814,257.84234552313814,255.9739227294922,255.9739227294922,76500
2022-12-13 00:00:00+09:00,255.97389131433823,256.9081025965074,254.10546875,254.10546875,201100
2022-12-14 00:00:00+09:00,254.10547679859204,259.7107446691492,254.10547679859204,255.03968811035156,166700
2022-12-15 00:00:00+09:00,255.97391617427235,260.64497303876635,255.97391617427235,258.77655029296875,93800
2022-12-16 00:00:00+09:00,258.7765216216498,269.0528455849644,258.7765216216498,262.51336669921875,393600
2022-12-19 00:00:00+09:00,262.5133564218213,274.65810244845363,261.57914518900344,271.85546875,720500
2022-12-20 00:00:00+09:00,270.9212773282763,271.8554886294083,264.3817982203524,265.3160095214844,390000
2022-12-21 00:00:00+09:00,268.11864342488036,274.65812253280427,265.3160095214844,265.3160095214844,540900
2022-12-22 00:00:00+09:00,265.31604737190816,266.25025880631625,260.6449901998675,264.3818359375,211300
2022-12-23 00:00:00+09:00,261.57916259765625,264.38179648263116,260.6449513026646,261.57916259765625,109800
2022-12-26 00:00:00+09:00,263.4476013183594,265.3160240227449,262.5133899661666,263.4476013183594,69300
2022-12-27 00:00:00+09:00,264.3817928538603,271.85548311121323,264.3817928538603,269.987060546875,136900
2022-12-28 00:00:00+09:00,269.987082314658,269.987082314658,265.31602552720716,267.1844482421875,168700
2022-12-29 00:00:00+09:00,266.2502171643358,275.592330047295,266.2502171643358,273.7239074707031,167500
2022-12-30 00:00:00+09:00,276.5265359558515,284.00022611682044,276.5265359558515,278.39495849609375,236900
2023-01-04 00:00:00+09:00,280.26336984536084,281.1975810781787,270.92125751718214,271.85546875,310600
2023-01-05 00:00:00+09:00,275.59234921294865,291.4739422184406,274.6581378596844,283.0660400390625,899400
2023-01-06 00:00:00+09:00,284.9344774417307,286.8029002446273,280.2634204344892,281.1976318359375,591100
2023-01-10 00:00:00+09:00,291.4739511527267,292.4081625346265,282.1318373337291,285.8686828613281,1104900
2023-01-11 00:00:00+09:00,285.8686591675563,310.1581530837539,285.8686591675563,300.8160400390625,2029600
2023-01-12 00:00:00+09:00,298.94764191513764,306.4213329630161,290.53973948627436,305.48712158203125,1339700
2023-01-13 00:00:00+09:00,308.28972311580884,317.6318359375,298.01339901194854,317.6318359375,1485800
2023-01-16 00:00:00+09:00,314.82921476992306,327.90817324701186,308.28973553137865,312.0265808105469,1278900
2023-01-17 00:00:00+09:00,312.0265682444853,317.6318359375,304.5528779871324,317.6318359375,609500
2023-01-18 00:00:00+09:00,315.76343650482266,319.50028190724663,310.1581684011868,318.5660705566406,605300
2023-01-19 00:00:00+09:00,316.6976414199703,339.11871337890625,316.6976414199703,339.11871337890625,1536000
2023-01-20 00:00:00+09:00,340.98712535386676,340.98712535386676,326.97395581877635,332.5792236328125,1398300
2023-01-23 00:00:00+09:00,335.3818555382209,347.5266023961509,326.97395386734627,344.7239685058594,1720200
2023-01-24 00:00:00+09:00,344.72398136864024,351.2634606899966,337.2502907156616,339.11871337890625,1445300
2023-01-25 00:00:00+09:00,337.2503037225633,358.73716517857144,336.3160923549107,353.13189697265625,1669500
2023-01-26 00:00:00+09:00,355.9345397949219,361.539808138149,352.19769423277046,355.9345397949219,1005500
2023-01-27 00:00:00+09:00,353.1318876622087,355.93452169127386,328.8423927436441,330.7108154296875,2277400
2023-01-30 00:00:00+09:00,326.03974831001216,330.7108048760582,317.63184649112935,324.17132568359375,1468400
2023-01-31 00:00:00+09:00,327.9081600413603,328.8423713235294,315.76341337316177,317.6318359375,1055000
2023-02-01 00:00:00+09:00,316.69762284415106,322.30289050510953,313.8949890136719,313.8949890136719,1123600
2023-02-02 00:00:00+09:00,313.89499080882354,320.4344697840074,302.6844554227941,317.6318359375,1445600
2023-02-03 00:00:00+09:00,323.2371091928055,330.71079957876634,312.9607849121094,312.9607849121094,1174200
2023-02-06 00:00:00+09:00,316.6976301050898,320.4344752980702,309.22393971912896,312.9607849121094,721600
2023-02-07 00:00:00+09:00,314.8292075085996,315.7634188068447,310.15815101737405,312.9607849121094,418900
2023-02-08 00:00:00+09:00,312.960806697248,313.89501806052334,308.28974988087117,310.1581726074219,341800
2023-02-09 00:00:00+09:00,307.3555370423852,312.0265938363424,306.42132568359375,306.42132568359375,311400
2023-02-10 00:00:00+09:00,305.4871015720025,312.9607921303389,302.6844676126263,312.0265808105469,710700
2023-02-13 00:00:00+09:00,302.68443911543517,303.61865034727293,286.80284817419323,299.8818054199219,1301100
2023-02-14 00:00:00+09:00,306.4213112571023,313.8950017755682,302.6844659978693,308.28973388671875,435300
2023-02-15 00:00:00+09:00,312.0265938363424,314.82922791271676,304.55290296601083,306.42132568359375,493300
2023-02-16 00:00:00+09:00,304.5529044277697,313.89501806052334,304.5529044277697,310.1581726074219,459400
2023-02-17 00:00:00+09:00,308.2897426845791,314.8292220748581,306.42132000164224,311.0923767089844,389800
2023-02-20 00:00:00+09:00,312.96078829306555,322.3029013764406,312.96078829306555,320.4344787597656,682200
2023-02-21 00:00:00+09:00,323.2371389215643,331.6450413790616,323.2371389215643,328.8424072265625,972600
2023-02-22 00:00:00+09:00,328.8423784234551,333.5134349351519,326.97395581877635,332.5792236328125,573100
2023-02-24 00:00:00+09:00,336.31607223343065,342.85555141574736,334.4476496099116,340.05291748046875,1020500
2023-02-27 00:00:00+09:00,337.2502710272165,340.98711613555133,329.7765808105469,329.7765808105469,722300
2023-02-28 00:00:00+09:00,333.5134494587527,339.11871751688295,330.7108154296875,330.7108154296875,550900
2023-03-01 00:00:00+09:00,334.44763369059694,348.46080269997947,333.51342242330475,338.1844787597656,863900
2023-03-02 00:00:00+09:00,340.9871047356225,340.9871047356225,323.2370910644531,323.2370910644531,891300
2023-03-03 00:00:00+09:00,323.237149571526,325.1055724014192,313.8950354220599,315.7634582519531,702000
2023-03-06 00:00:00+09:00,315.76341337316177,318.5660472196691,310.1581456801471,317.6318359375,458500
2023-03-07 00:00:00+09:00,317.63186787450036,323.2371361311092,317.63186787450036,321.36871337890625,381000
2023-03-08 00:00:00+09:00,321.3687019994704,331.64502677270923,321.3687019994704,330.7108154296875,484400
2023-03-09 00:00:00+09:00,332.57923965880326,336.316085048228,326.9739715746661,334.4476623535156,478800
2023-03-10 00:00:00+09:00,330.71078103126126,332.5792035229633,323.2370910644531,323.2370910644531,594600
2023-03-13 00:00:00+09:00,317.63188108184636,321.36872674163277,312.0266125921667,315.7634582519531,500600
2023-03-14 00:00:00+09:00,312.0265718673291,313.894994453361,306.42130410923335,309.22393798828125,570700
2023-03-15 00:00:00+09:00,315.76343497890394,320.4344917093611,312.9608009406296,314.8292236328125,383500
2023-03-16 00:00:00+09:00,307.35553134311067,314.8292220748581,298.9476292698949,311.0923767089844,858200
2023-03-17 00:00:00+09:00,312.96078829306555,326.03974660979065,312.96078829306555,320.4344787597656,646800
2023-03-20 00:00:00+09:00,321.3686666209795,326.03972282186584,318.56603290044774,319.500244140625,473100
2023-03-22 00:00:00+09:00,326.9739523701284,330.71079754007275,322.302895907698,325.10552978515625,519100
2023-03-23 00:00:00+09:00,323.2371143703846,326.03974831001216,317.63184649112935,324.17132568359375,372000
2023-03-24 00:00:00+09:00,322.3028996560426,322.3028996560426,315.7634205325867,316.6976318359375,345200
2023-03-27 00:00:00+09:00,319.5002531632133,325.10552076256795,315.7634080969769,322.3028869628906,399600
2023-03-28 00:00:00+09:00,322.3029381565794,327.90820664625903,313.8950354220599,315.7634582519531,381900
2023-03-29 00:00:00+09:00,317.63186787450036,323.2371361311092,317.63186787450036,321.36871337890625,349900
2023-03-30 00:00:00+09:00,324.2210726779201,329.92584228515625,320.4178929397627,329.92584228515625,477700
2023-03-31 00:00:00+09:00,332.77823516677097,345.13856961582246,330.8766452515323,344.1877746582031,963600
2023-04-03 00:00:00+09:00,347.99094363394863,349.8925334898719,341.3353791382174,343.2369689941406,788300
2023-04-04 00:00:00+09:00,340.38459921290735,340.38459921290735,332.77823945395966,333.7290344238281,527800
2023-04-05 00:00:00+09:00,328.9750656261388,328.9750656261388,321.36870572726855,326.1226806640625,438100
2023-04-06 00:00:00+09:00,323.270283476793,327.0734632824023,321.3686935739883,322.3194885253906,281600
2023-04-07 00:00:00+09:00,323.27030483928246,327.0734848962152,323.27030483928246,324.2210998535156,175000
2023-04-10 00:00:00+09:00,327.0734574815382,332.7782270887743,325.17186761245944,329.92584228515625,390400
2023-04-11 00:00:00+09:00,329.92585749866697,329.92585749866697,318.5163177580791,320.41790771484375,510100
2023-04-12 00:00:00+09:00,321.368701135327,323.2702910828733,316.6147262664612,317.5655212402344,336200
2023-04-13 00:00:00+09:00,315.6639328229321,320.41790771484375,313.76234286616744,320.41790771484375,298100
2023-04-14 00:00:00+09:00,322.31946326310543,322.31946326310543,310.9099247405176,314.7131042480469,722300
2023-04-17 00:00:00+09:00,315.6639265324519,316.61472149188705,306.155976938101,309.00836181640625,365800
2023-04-18 00:00:00+09:00,310.9099533267138,311.8607482910156,306.15597850520436,311.8607482910156,271400
2023-04-19 00:00:00+09:00,311.8607392282197,314.7131240382339,310.9099442915483,313.7623291015625,237900
2023-04-20 00:00:00+09:00,313.7623093711646,319.4670786324585,312.8115144942823,314.7131042480469,435800
2023-04-21 00:00:00+09:00,310.9099594116211,312.8115493774414,302.3528045654297,304.25439453125,626500
2023-04-24 00:00:00+09:00,304.2543929909306,306.1559829471239,300.45121307854396,301.4020080566406,408400
2023-04-25 00:00:00+09:00,301.4019756924575,303.30356544446033,296.6480013124502,298.5495910644531,323800
2023-04-26 00:00:00+09:00,294.7464294433594,297.59881424442415,291.8940446422946,294.7464294433594,344000
2023-04-27 00:00:00+09:00,293.7956060342514,297.5987854003906,293.7956060342514,297.5987854003906,302900
2023-04-28 00:00:00+09:00,299.50042577890247,300.4512207813752,294.74645076653894,296.6480407714844,220600
2023-05-01 00:00:00+09:00,299.5003750834602,301.4019647665298,295.69719571732105,297.5987854003906,235200
2023-05-02 00:00:00+09:00,299.5004181004473,301.4020080566406,297.598828144254,301.4020080566406,205100
2023-05-08 00:00:00+09:00,301.4020279510112,301.4020279510112,296.64805274673654,300.45123291015625,279800
2023-05-09 00:00:00+09:00,302.3528137207031,305.20519875580413,301.4020187090028,302.3528137207031,312200
2023-05-10 00:00:00+09:00,305.20519875580413,305.20519875580413,298.54963367390184,302.3528137207031,321200
2023-05-11 00:00:00+09:00,299.50042577890247,301.4020157838479,294.74645076653894,296.6480407714844,645400
2023-05-12 00:00:00+09:00,297.5988386622015,302.3528137207031,291.89406859199954,302.3528137207031,613300
2023-05-15 00:00:00+09:00,302.3527971003606,309.00836181640625,298.5496172626202,309.00836181640625,485900
2023-05-16 00:00:00+09:00,309.9591659687621,310.90996095639633,305.20519103059087,307.1067810058594,255900
2023-05-17 00:00:00+09:00,307.10677029627453,309.0083602052298,303.303590478364,306.1559753417969,167900
2023-05-18 00:00:00+09:00,307.1067718975361,309.00836181640625,302.3527971003606,309.00836181640625,274000
2023-05-19 00:00:00+09:00,308.0575744628906,309.95916442871095,304.25439453125,304.25439453125,159800
2023-05-22 00:00:00+09:00,305.2051835409025,313.7623382196194,305.2051835409025,311.8607482910156,389500
2023-05-23 00:00:00+09:00,311.8607482910156,316.61472311252504,307.10677346950627,311.8607482910156,517100
2023-05-24 00:00:00+09:00,312.81155084103955,327.0734756514213,311.86075585368076,326.1226806640625,778500
2023-05-25 00:00:00+09:00,326.1226806640625,336.5814255250091,324.2210906893449,326.1226806640625,560200
2023-05-26 00:00:00+09:00,327.0734819554571,328.975071966826,318.5163269042969,318.5163269042969,506700
2023-05-29 00:00:00+09:00,320.41789965896135,320.41789965896135,306.1559753417969,306.1559753417969,339500
2023-05-30 00:00:00+09:00,308.0575744628906,308.0575744628906,302.3528045654297,304.25439453125,278700
2023-05-31 00:00:00+09:00,302.35281226748515,305.2051972888765,298.5496322389633,299.50042724609375,485100
2023-06-01 00:00:00+09:00,302.35280312557956,322.31949767160836,299.5004181904326,320.41790771484375,729800
2023-06-02 00:00:00+09:00,320.4179197965829,325.17189486774885,316.6147397396502,324.2210998535156,460000
2023-06-05 00:00:00+09:00,328.9750312762072,338.48298015702244,325.1718517238811,336.5813903808594,748800
2023-06-06 00:00:00+09:00,336.5814371966536,350.8433625015966,332.7782571153355,348.9417724609375,823900
2023-06-07 00:00:00+09:00,350.84332447667276,367.95763298773,347.9909397248299,353.6957092285156,1332000
2023-06-08 00:00:00+09:00,351.7941233457951,356.54809798560314,340.3845842102558,343.2369689941406,550600
2023-06-09 00:00:00+09:00,342.28617063710385,342.28617063710385,332.77822145273984,337.5321960449219,850100
2023-06-12 00:00:00+09:00,351.79416078509706,379.3672166304155,351.79416078509706,376.51483154296875,2379700
2023-06-13 00:00:00+09:00,385.07195223294775,386.97354212051783,366.05605335724664,370.8100280761719,1395300
2023-06-14 00:00:00+09:00,378.4164031982422,379.3671981811524,341.3353988647461,342.28619384765625,1799700
2023-06-15 00:00:00+09:00,341.3353875534373,342.28618250483964,320.417898622586,322.3194885253906,1808500
2023-06-16 00:00:00+09:00,324.2210998535156,328.0242799104484,318.5163297681165,324.2210998535156,1053800
2023-06-19 00:00:00+09:00,328.02427362917484,333.7290436053344,322.3195036530153,331.82745361328125,785600
2023-06-20 00:00:00+09:00,328.9750729353068,340.3846130371094,328.9750729353068,340.3846130371094,613900
2023-06-21 00:00:00+09:00,335.63059549277784,340.3845699331855,332.7782108285333,336.5813903808594,566000
2023-06-22 00:00:00+09:00,334.6798186383928,336.58140851702007,330.8766388811384,332.7782287597656,427400
2023-06-23 00:00:00+09:00,330.87663552927415,332.7782253886378,322.3194811621378,327.0734558105469,668500
2023-06-26 00:00:00+09:00,330.8766540527344,330.8766540527344,321.36870422363285,323.2702941894531,372300
2023-06-27 00:00:00+09:00,321.3686902845228,322.319485226193,316.6147155761719,316.6147155761719,409300
2023-06-28 00:00:00+09:00,319.4671111877807,321.368701135327,317.5655212402344,317.5655212402344,301400
2023-06-29 00:00:00+09:00,319.4671127364614,323.2702926499907,317.5655227796968,320.41790771484375,324600
2023-06-30 00:00:00+09:00,320.4179107399098,328.9750656261388,317.56552577783344,326.1226806640625,532300
2023-07-03 00:00:00+09:00,328.9750656261388,334.67983555029156,326.1226806640625,326.1226806640625,516600
2023-07-04 00:00:00+09:00,325.17185700697706,330.8766264281521,324.2210621034479,328.97503662109375,316500
2023-07-05 00:00:00+09:00,325.17189194408815,330.876661978195,317.5655318986124,318.5163269042969,607100
2023-07-06 00:00:00+09:00,313.7623349776179,313.7623349776179,304.2543854328416,306.1559753417969,743900
2023-07-07 00:00:00+09:00,303.3035798355055,309.0083493621921,300.4511950721622,305.2051696777344,407000
2023-07-10 00:00:00+09:00,304.25439453125,306.15598449707034,301.40200958251955,304.25439453125,294600
2023-07-11 00:00:00+09:00,305.2051803873193,309.0083602052298,305.2051803873193,306.1559753417969,238500
2023-07-12 00:00:00+09:00,308.0575837909051,308.0575837909051,302.3528137207031,302.3528137207031,275800
2023-07-13 00:00:00+09:00,306.1559937675044,306.1559937675044,299.5004286856022,302.3528137207031,317900
2023-07-14 00:00:00+09:00,306.1559645988488,309.95914428330656,304.25437475661994,305.2051696777344,297000
2023-07-18 00:00:00+09:00,306.1559860182251,308.05757599349363,305.20519103059087,307.1067810058594,285700
2023-07-19 00:00:00+09:00,310.90997314453125,311.8607681694381,308.0575880698108,310.90997314453125,323200
2023-07-20 00:00:00+09:00,309.9591551597074,311.86074506866265,305.2051803873193,306.1559753417969,159500
2023-07-21 00:00:00+09:00,305.20519875580413,306.1559937675044,302.3528137207031,302.3528137207031,255400
2023-07-24 00:00:00+09:00,304.25437475661994,309.0083493621921,303.3035798355055,305.2051696777344,242500
2023-07-25 00:00:00+09:00,307.1067810058594,309.0083709811278,305.20519103059087,307.1067810058594,659100
2023-07-26 00:00:00+09:00,310.9099624727401,311.8607574650115,307.10678250365464,309.95916748046875,364300
2023-07-27 00:00:00+09:00,310.90997314453125,311.8607681694381,308.0575880698108,310.90997314453125,170500
2023-07-28 00:00:00+09:00,308.05757599349363,310.90996095639633,305.20519103059087,307.1067810058594,338400
2023-07-31 00:00:00+09:00,311.8607681694381,311.8607681694381,307.10679304490395,310.90997314453125,248400
2023-08-01 00:00:00+09:00,309.9591551597074,309.9591551597074,305.2051803873193,306.1559753417969,177600
2023-08-02 00:00:00+09:00,305.20520947495226,306.15600452004554,303.3036193847656,303.3036193847656,225200
2023-08-03 00:00:00+09:00,299.50040239464573,299.50040239464573,291.89404296875,291.89404296875,434700
2023-08-04 00:00:00+09:00,289.9924424115349,292.8448270909926,286.1892628389246,290.9432373046875,339500
2023-08-07 00:00:00+09:00,289.0416475183823,290.9432373046875,285.2384679457721,290.9432373046875,302200
2023-08-08 00:00:00+09:00,290.9432663114944,291.89406129944047,285.2384963838181,288.09088134765625,467300
2023-08-09 00:00:00+09:00,285.23848577840437,289.04166558878313,280.484511015431,287.14007568359375,395500
2023-08-10 00:00:00+09:00,286.18925767643435,301.4019756924575,283.33687304843005,298.5495910644531,813800
2023-08-14 00:00:00+09:00,298.5496428284464,301.4020279510112,292.8448725833168,300.45123291015625,405400
2023-08-15 00:00:00+09:00,303.3036010553224,309.9591659687621,303.3036010553224,307.1067810058594,466700
2023-08-16 00:00:00+09:00,307.10679304490395,311.8607681694381,301.402022895463,310.90997314453125,655800
2023-08-17 00:00:00+09:00,309.00838827785054,309.00838827785054,300.45123291015625,300.45123291015625,252700
2023-08-18 00:00:00+09:00,298.5496428284464,301.4020279510112,294.7464626650267,300.45123291015625,260500
2023-08-21 00:00:00+09:00,301.402029294579,304.2544144298589,300.4512342494857,303.3036193847656,182500
2023-08-22 00:00:00+09:00,303.3036193847656,304.2544144298589,299.50043920439236,303.3036193847656,188800
2023-08-23 00:00:00+09:00,302.35280606768816,307.1067810058594,301.4020110800539,307.1067810058594,138000
2023-08-24 00:00:00+09:00,307.1067810058594,310.90996095639633,306.1559860182251,307.1067810058594,149600
2023-08-25 00:00:00+09:00,302.35278659396704,309.0083510787399,300.4511967411748,308.05755615234375,165400
2023-08-28 00:00:00+09:00,308.057577495926,309.95916748046875,306.1559875113833,309.95916748046875,114100
2023-08-29 00:00:00+09:00,309.9591781196244,310.90997314453125,307.10679304490395,310.90997314453125,139300
2023-08-30 00:00:00+09:00,310.9099517352764,310.9099517352764,307.1067718975361,309.00836181640625,138700
2023-08-31 00:00:00+09:00,309.95916748046875,312.81155245728286,309.0083724881974,309.95916748046875,233800
2023-09-01 00:00:00+09:00,309.95915677584134,310.9099517352764,308.05756685697116,309.00836181640625,136200
2023-09-04 00:00:00+09:00,309.0083830947176,312.8115631943449,308.0575880698108,310.90997314453125,241500
2023-09-05 00:00:00+09:00,311.86074086782094,316.6147155761719,309.0083560428104,316.6147155761719,291200
2023-09-06 00:00:00+09:00,316.6147155761719,318.51630545951224,314.7131256928315,316.6147155761719,300300
2023-09-07 00:00:00+09:00,316.6147030537614,317.5654979578267,312.8115234375,312.8115234375,246400
2023-09-08 00:00:00+09:00,314.71315324415855,314.71315324415855,309.9591781196244,310.90997314453125,218500
2023-09-11 00:00:00+09:00,310.90995011418505,310.90995011418505,305.2051803873193,306.1559753417969,249200
2023-09-12 00:00:00+09:00,305.20519251911185,311.8607574650115,302.35280754229774,309.95916748046875,299000
2023-09-13 00:00:00+09:00,309.9591821943011,321.36872264317105,308.0575921194894,319.4671325683594,600800
2023-09-14 00:00:00+09:00,319.4671233589127,326.12268842889006,319.4671233589127,321.36871337890625,311500
2023-09-15 00:00:00+09:00,322.31950692703475,322.31950692703475,312.8115568701901,318.5163269042969,538100
2023-09-19 00:00:00+09:00,317.5655333389192,323.2703033988998,312.8115582889354,321.36871337890625,453700
2023-09-20 00:00:00+09:00,319.4671127364614,322.31949767160836,314.7131378445498,320.41790771484375,315100
2023-09-21 00:00:00+09:00,319.46712190998136,325.17189194408815,317.5655318986124,318.5163269042969,428700
2023-09-22 00:00:00+09:00,313.7623339627697,324.2210784281953,313.7623339627697,322.3194885253906,394000
2023-09-25 00:00:00+09:00,323.27029570198613,328.9750656261388,322.31950071462734,326.1226806640625,438200
2023-09-26 00:00:00+09:00,323.2702691870999,324.22106409647375,315.6639099121094,315.6639099121094,415100
2023-09-27 00:00:00+09:00,315.66394331892565,321.36871337890625,312.8115582889354,321.36871337890625,331600
2023-09-28 00:00:00+09:00,320.41790771484375,322.31949767160836,318.5163177580791,320.41790771484375,219300
2023-09-29 00:00:00+09:00,323.2702926499907,325.1718826067554,317.5655227796968,320.41790771484375,173800
2023-10-02 00:00:00+09:00,321.3686793683523,325.1718590058476,315.6639099121094,315.6639099121094,307300
2023-10-03 00:00:00+09:00,314.71314244182565,315.663937434097,309.95916748046875,309.95916748046875,321800
2023-10-04 00:00:00+09:00,303.30360873240346,308.0575837909051,300.4512236973025,302.3528137207031,373500
2023-10-05 00:00:00+09:00,304.25436930091183,313.76231834156533,304.25436930091183,312.8115234375,332600
2023-10-06 00:00:00+09:00,312.8115568701901,320.4179169156658,311.8607618645056,318.5163269042969,194100
2023-10-10 00:00:00+09:00,315.66389912492923,316.61469400181153,312.8115144942823,314.7131042480469,314800
2023-10-11 00:00:00+09:00,314.71311500273555,317.565499730857,311.86073027461407,315.6639099121094,174400
2023-10-12 00:00:00+09:00,316.6147262664612,318.51631621400753,311.86075139759544,317.5655212402344,177800
2023-10-13 00:00:00+09:00,317.5655105178421,321.3686902845228,314.7131256928315,316.6147155761719,298400
2023-10-16 00:00:00+09:00,314.71314244182565,314.71314244182565,309.0083724881974,309.95916748046875,254800
2023-10-17 00:00:00+09:00,310.90997314453125,313.7623582192517,308.0575880698108,310.90997314453125,197400
2023-10-18 00:00:00+09:00,312.8115341648911,313.7623291015625,309.0083544182055,313.7623291015625,149900
2023-10-19 00:00:00+09:00,309.9591493548769,315.6639189749053,309.9591493548769,313.7623291015625,156300
2023-10-20 00:00:00+09:00,314.7131363189149,318.51631621400753,313.76234134514175,317.5655212402344,296300
2023-10-23 00:00:00+09:00,316.6147030537614,319.46708776595744,312.8115234375,312.8115234375,272200
2023-10-24 00:00:00+09:00,314.7131363189149,318.51631621400753,307.10677652872965,317.5655212402344,457900
2023-10-25 00:00:00+09:00,318.5163297681165,327.0734848962152,317.56553475388336,324.2210998535156,469800
2023-10-26 00:00:00+09:00,320.4179092407227,326.1226791381836,319.4671142578125,323.2702941894531,275100
2023-10-27 00:00:00+09:00,321.36868623245596,327.0734558105469,321.36868623245596,327.0734558105469,333800
2023-10-30 00:00:00+09:00,328.0242614746094,333.7290312393852,326.1226715530175,328.0242614746094,1006200
2023-10-31 00:00:00+09:00,332.7782287597656,334.6798186383928,325.1718692452567,332.7782287597656,505200
2023-11-01 00:00:00+09:00,336.5814285934142,338.4830185854674,328.97506862520146,331.82745361328125,280000
2023-11-02 00:00:00+09:00,329.925863621228,332.7782486093078,328.02427362917484,331.82745361328125,193100
2023-11-06 00:00:00+09:00,333.72901465676046,337.5321943109686,332.77821974320847,334.6798095703125,253200
2023-11-07 00:00:00+09:00,329.9258545443543,335.63062436356506,329.9258545443543,333.7290344238281,217700
2023-11-08 00:00:00+09:00,335.6305847167969,338.48296928946087,330.8766104290236,335.6305847167969,423200
2023-11-09 00:00:00+09:00,334.6798095703125,334.6798095703125,329.9258350025524,334.6798095703125,241200
2023-11-10 00:00:00+09:00,333.7290344238281,335.63062436356506,330.8766495142228,333.7290344238281,225200
2023-11-13 00:00:00+09:00,334.67985343401807,341.3354187011719,333.72905839585326,341.3354187011719,1125400
2023-11-14 00:00:00+09:00,341.33537695312504,370.81001953125,341.33537695312504,356.548095703125,1492200
2023-11-15 00:00:00+09:00,359.40049288706916,369.8592373890738,356.5481080228861,360.3512878417969,608300
2023-11-16 00:00:00+09:00,361.3020919678382,363.20368192556367,355.5973220946618,358.44970703125,361100
2023-11-17 00:00:00+09:00,355.5973326667907,360.35130770244297,351.7941526382689,359.4005126953125,287500
2023-11-20 00:00:00+09:00,359.40049759383055,372.7116271343428,359.40049759383055,368.908447265625,629900
2023-11-21 00:00:00+09:00,370.8100280761719,371.76082301995694,366.05605335724664,370.8100280761719,299400
2023-11-22 00:00:00+09:00,369.8592241248306,375.56399364860687,366.05604444231307,372.71160888671875,273800
2023-11-24 00:00:00+09:00,373.6624003197863,373.6624003197863,365.10524611398966,367.0068359375,194700
2023-11-27 00:00:00+09:00,365.1052949116492,367.95768002814646,360.3513197174871,363.2037048339844,201000
2023-11-28 00:00:00+09:00,365.1052779562982,375.5640228977546,365.1052779562982,369.8592529296875,452300
2023-11-29 00:00:00+09:00,366.05606686215185,367.0068618410146,357.49891205238725,358.44970703125,332600
2023-11-30 00:00:00+09:00,357.4989091721947,372.711628711437,357.4989091721947,371.7608337402344,437400
2023-12-01 00:00:00+09:00,374.61318790211396,390.7767010857077,374.61318790211396,387.92431640625,1064100
2023-12-04 00:00:00+09:00,383.1703525533886,389.82591698979985,379.36717287543934,388.8751220703125,334500
2023-12-05 00:00:00+09:00,384.1211746253683,387.92435457215413,378.41640470518956,383.1703796386719,225400
2023-12-06 00:00:00+09:00,379.3671833317454,389.825927734375,379.3671833317454,389.825927734375,307500
2023-12-07 00:00:00+09:00,385.0719440793528,396.4814831631855,383.1703542320474,391.7275085449219,329000
2023-12-08 00:00:00+09:00,389.82591698979985,395.5306865067237,386.02273731185056,388.8751220703125,245500
2023-12-11 00:00:00+09:00,390.7767333984375,394.5799132855269,387.92434848312047,390.7767333984375,133200
2023-12-12 00:00:00+09:00,390.7767010857077,392.67829087201284,386.9735215130974,387.92431640625,169700
2023-12-13 00:00:00+09:00,388.8751434548928,393.6291183137546,387.92434848312047,390.7767333984375,136300
2023-12-14 00:00:00+09:00,396.4815078735352,405.98945770263674,395.530712890625,399.3338928222656,560600
2023-12-15 00:00:00+09:00,404.087866181664,404.087866181664,390.7767364721504,396.48150634765625,554500
2023-12-18 00:00:00+09:00,401.23547677013363,412.6450163939289,400.28468180148406,406.94024658203125,507100
2023-12-19 00:00:00+09:00,408.8418337446532,421.20216825321245,408.8418337446532,420.2513732910156,646000
2023-12-20 00:00:00+09:00,425.9561264615813,433.56248586268094,423.1037416861689,426.90692138671875,638200
2023-12-21 00:00:00+09:00,422.15294676103144,427.8577163118562,417.39897213534414,426.90692138671875,426400
2023-12-22 00:00:00+09:00,427.85773774208354,435.464097524165,425.005352823803,428.80853271484375,397800
2023-12-25 00:00:00+09:00,432.61170179578994,434.5132916937934,425.9561371527778,427.85772705078125,234200
2023-12-26 00:00:00+09:00,424.0545623779297,428.8085372924805,417.39899749755864,418.34979248046875,236900
2023-12-27 00:00:00+09:00,423.1037506854508,425.9561355215325,420.25136584936905,425.0053405761719,238700
2023-12-28 00:00:00+09:00,424.0545654296875,427.85774538869816,419.3005904809242,424.0545654296875,182300
2023-12-29 00:00:00+09:00,422.15294676103144,428.80851123699364,416.4481772102067,426.90692138671875,434100
2024-01-04 00:00:00+09:00,425.9561493323238,435.464099094206,420.2513794751944,431.6609191894531,324200
2024-01-05 00:00:00+09:00,436.414895623205,439.26728056191877,431.6609207253487,434.5133056640625,350500
2024-01-09 00:00:00+09:00,437.36566333482386,441.16884301599623,435.46407349423765,440.2180480957031,344800
2024-01-10 00:00:00+09:00,441.16884301599623,444.0212277768755,433.56248365365144,440.2180480957031,364600
2024-01-11 00:00:00+09:00,441.16887207031255,441.16887207031255,434.51330718994143,437.3656921386719,360200
2024-01-12 00:00:00+09:00,436.4149183793501,441.1688935250947,433.56253329190343,439.2673034667969,275700
2024-01-15 00:00:00+09:00,439.26728056191877,439.26728056191877,433.56251068449126,434.5133056640625,102600
2024-01-16 00:00:00+09:00,427.8577721637228,427.8577721637228,411.6942563264266,415.4974365234375,647700
2024-01-17 00:00:00+09:00,411.69420312952116,419.3005625406901,407.89102342393664,410.743408203125,417000
2024-01-18 00:00:00+09:00,409.7926314879801,411.6942214252793,404.08786167608247,406.94024658203125,399200
2024-01-19 00:00:00+09:00,407.89103565741027,420.25137007127114,404.08785583776074,414.5466003417969,462500
2024-01-22 00:00:00+09:00,414.5465873599318,427.8577163118562,412.6449975096569,426.90692138671875,332900
2024-01-23 00:00:00+09:00,427.85771967290526,436.4148740663633,424.05453994247944,432.6116943359375,422800
2024-01-24 00:00:00+09:00,432.61167459320603,438.31644392850103,430.71008481477435,433.5624694824219,263200
2024-01-25 00:00:00+09:00,432.6117277662563,442.1196778270531,431.6609327601766,438.3164978027344,461400
2024-01-26 00:00:00+09:00,439.2672388177169,441.16882859614856,432.61167459320603,433.5624694824219,211200
2024-01-29 00:00:00+09:00,432.6117066360507,441.16886127280776,432.6117066360507,436.4148864746094,246400
2024-01-30 00:00:00+09:00,439.2672928088141,441.16888282097347,436.414907790575,438.3164978027344,256300
2024-01-31 00:00:00+09:00,438.31648712158204,440.2180770874024,436.41489715576176,437.3656921386719,151700
2024-02-01 00:00:00+09:00,437.3656595608353,459.2339425388771,436.4148646487465,450.6767883300781,562500
2024-02-02 00:00:00+09:00,449.7259825990911,449.7259825990911,426.90690525791103,433.5624694824219,473100
2024-02-05 00:00:00+09:00,431.6608797039902,435.46405926085356,427.8577001471268,433.5624694824219,242200
2024-02-06 00:00:00+09:00,430.7101257457775,437.3656906027762,428.808535786635,434.5133056640625,294600
2024-02-07 00:00:00+09:00,432.61170279346493,432.61170279346493,409.7926239647986,411.6942138671875,532200
2024-02-08 00:00:00+09:00,408.8418153795462,408.8418153795462,388.8751220703125,388.8751220703125,584400
2024-02-09 00:00:00+09:00,389.82591869761643,397.4322780868382,387.924328850311,391.7275085449219,326600
2024-02-13 00:00:00+09:00,395.5307143235045,439.2672836958151,389.825944405377,421.2021789550781,1481600
2024-02-14 00:00:00+09:00,421.20217293276227,451.6276120610882,413.5958131506808,428.80853271484375,1304100
2024-02-15 00:00:00+09:00,436.4148892863413,437.36568425210675,417.3989899710323,423.103759765625,511700
2024-02-16 00:00:00+09:00,426.9069192115998,442.11963793628934,416.44817508837576,440.2180480957031,409300
2024-02-19 00:00:00+09:00,437.3656683453059,449.7260024507167,433.56248862056407,448.77520751953125,304300
2024-02-20 00:00:00+09:00,451.6275939941406,461.1355433413857,448.77520918996714,451.6275939941406,271000
2024-02-21 00:00:00+09:00,452.5784209822012,458.2831909945819,449.72603597601085,454.4800109863281,278300
2024-02-22 00:00:00+09:00,451.6276014612076,452.57839641165225,445.9228317585397,446.8736267089844,177200
2024-02-26 00:00:00+09:00,445.9228216525728,446.87361658146955,428.80851293243137,429.7593078613281,221500
2024-02-27 00:00:00+09:00,431.660922241211,441.16887207031255,429.75933227539065,437.3656921386719,230000
2024-02-28 00:00:00+09:00,439.26729133972435,445.92285636002316,433.5625213223253,435.464111328125,178500
2024-02-29 00:00:00+09:00,433.5624694824219,435.46405926085356,429.7592899255585,433.5624694824219,117200
2024-03-01 00:00:00+09:00,433.5624942121834,444.97203353355667,428.8085194949446,441.1688537597656,286900
2024-03-04 00:00:00+09:00,442.11964464689555,464.93872308028375,437.36566997327304,451.6275939941406,719300
2024-03-05 00:00:00+09:00,446.8736636999882,446.8736636999882,438.316508437648,439.2673034667969,333800
2024-03-06 00:00:00+09:00,441.16887510897266,444.9720550668086,438.31649014059565,443.0704650878906,261100
2024-03-07 00:00:00+09:00,443.07043285658244,444.9720226971686,435.46407349423765,440.2180480957031,278100
2024-03-08 00:00:00+09:00,441.1688662669698,463.9879455566406,441.1688662669698,463.9879455566406,603900
2024-03-11 00:00:00+09:00,458.2831476267883,461.1355323630546,442.1196341212792,450.6767883300781,346900
2024-03-12 00:00:00+09:00,454.47997061287845,501.0689215752865,452.5783807776781,488.7085876464844,1215300
2024-03-13 00:00:00+09:00,488.7086058373545,502.9705301322189,483.00383611940873,484.9054260253906,418500
2024-03-14 00:00:00+09:00,485.8562408627134,491.56101081413465,478.249880927485,483.95465087890625,255100
2024-03-15 00:00:00+09:00,486.80704174664106,499.16737679098935,486.80704174664106,495.36419677734375,489700
2024-03-18 00:00:00+09:00,490.61019409901996,490.61019409901996,478.24985975156403,482.05303955078125,325500
2024-03-19 00:00:00+09:00,474.446667711019,481.10223218792714,473.4958727857465,478.2498474121094,193900
2024-03-21 00:00:00+09:00,484.9054260253906,488.7086058373545,482.05304116641776,484.9054260253906,259700
2024-03-22 00:00:00+09:00,489.65940871465773,499.1673583984375,487.7578187779018,499.1673583984375,263500
2024-03-25 00:00:00+09:00,501.0689122412934,515.3308357396224,500.11811734140474,506.773681640625,521400
2024-03-26 00:00:00+09:00,509.6261387384987,529.5928344726562,505.8229585986591,529.5928344726562,543500
2024-03-27 00:00:00+09:00,530.5436159446023,532.445205965909,522.937255859375,522.937255859375,383900
2024-03-28 00:00:00+09:00,523.9020728134527,525.8317305402059,509.4296398628049,514.2537841796875,265300
2024-03-29 00:00:00+09:00,549.9523947501946,557.6710248519518,538.374449597559,542.2337646484375,322000
2024-04-01 00:00:00+09:00,538.3744718590561,538.3744718590561,516.1834093989158,520.042724609375,249800
2024-04-02 00:00:00+09:00,523.9020258871358,523.9020258871358,510.394423009751,515.2185668945312,215700
2024-04-03 00:00:00+09:00,515.2186295419369,515.2186295419369,505.57034059920403,511.35931396484375,199500
2024-04-04 00:00:00+09:00,511.3592862534797,511.3592862534797,500.74616899161504,503.6406555175781,217800
2024-04-05 00:00:00+09:00,493.0275302057019,493.0275302057019,482.41441311712515,483.3792419433594,235700
2024-04-08 00:00:00+09:00,500.7461567482753,511.3592737506472,493.0275262010957,494.9571838378906,301000
2024-04-09 00:00:00+09:00,494.95718582424183,496.8868434687808,488.2033840683555,489.168212890625,100000
2024-04-10 00:00:00+09:00,487.23853974830445,491.09785491462765,484.3440533735621,490.1330261230469,104600
2024-04-11 00:00:00+09:00,482.41441311712515,491.0978725532334,478.55509781218814,483.3792419433594,120100
2024-04-12 00:00:00+09:00,485.3088976015471,493.9923570019724,484.3440687792776,489.168212890625,115000
2024-04-15 00:00:00+09:00,489.1682016473067,489.1682016473067,467.941968045254,476.62542724609375,254200
2024-04-16 00:00:00+09:00,467.94196926817597,474.6957708864796,467.94196926817597,472.76611328125,146400
2024-04-17 00:00:00+09:00,469.8716281215841,476.6254297578286,464.0826552905173,468.90679931640625,172000
2024-04-18 00:00:00+09:00,467.94198403290477,476.6254435304226,467.94198403290477,473.73095703125,85400
2024-04-19 00:00:00+09:00,469.87163068061096,471.8012883014759,453.46954090325903,461.18817138671875,163500
2024-04-22 00:00:00+09:00,459.25854041928153,476.6254600149686,459.25854041928153,470.83648681640625,172300
2024-04-23 00:00:00+09:00,471.80130355293414,471.80130355293414,459.2585286118541,462.15301513671875,171100
2024-04-24 00:00:00+09:00,462.1530285039224,470.8364883296746,453.4695686781702,466.9771728515625,249200
2024-04-25 00:00:00+09:00,466.0123355988533,466.0123355988533,447.6805874075941,448.6454162597656,166400
2024-04-26 00:00:00+09:00,445.7508999719476,448.6453863354018,441.8915848206753,446.7157287597656,247300
2024-04-30 00:00:00+09:00,447.6805910885989,447.6805910885989,434.17298704713255,438.99713134765625,268900
2024-05-01 00:00:00+09:00,435.13779061910503,437.06744822717206,422.59501616666967,423.5598449707031,274900
2024-05-02 00:00:00+09:00,423.55984623349946,425.4895038473195,418.73570219894935,419.7005310058594,178000
2024-05-07 00:00:00+09:00,425.48951755870473,428.3840040727095,421.63020220669836,424.5246887207031,253000
2024-05-08 00:00:00+09:00,416.8060464925699,421.63019054919687,412.94673124726836,413.91156005859375,199800
2024-05-09 00:00:00+09:00,413.91155942133577,415.8412170410156,409.08741537213604,415.8412170410156,209700
2024-05-10 00:00:00+09:00,412.9467468261719,414.8764045216213,407.1577737398237,412.9467468261719,211900
2024-05-13 00:00:00+09:00,409.08739953107,422.59500234577513,409.08739953107,418.7356872558594,233000
2024-05-14 00:00:00+09:00,434.1729495232913,466.97712793171775,424.5246617561071,464.0826416015625,682500
2024-05-15 00:00:00+09:00,463.11783095537606,474.6957767292605,454.4343716249628,455.3992004394531,369400
2024-05-16 00:00:00+09:00,455.39922641722626,480.48477702495484,455.39922641722626,466.9771728515625,412400
2024-05-17 00:00:00+09:00,461.18816887498394,468.90679931640625,454.4343672387394,468.90679931640625,179800
2024-05-20 00:00:00+09:00,470.83645505827616,486.27371587985897,470.83645505827616,474.6957702636719,254000
2024-05-21 00:00:00+09:00,482.41440919872383,501.7109855666728,482.41440919872383,494.9571838378906,432500
2024-05-22 00:00:00+09:00,493.0275424732882,499.781344424977,487.2385693718405,492.0627136230469,226100
2024-05-23 00:00:00+09:00,495.92200009785006,500.74614406767347,483.37922577630906,486.2737121582031,179000
2024-05-24 00:00:00+09:00,480.4847406005859,485.3088845825195,476.62542541503905,482.4143981933594,93600
2024-05-27 00:00:00+09:00,487.2385599937207,489.1682176570622,474.69578518200115,475.6606140136719,161100
2024-05-28 00:00:00+09:00,476.62544216579863,484.3440728081597,467.94198269314234,477.59027099609375,178200
2024-05-29 00:00:00+09:00,475.66061199547534,485.3089002712456,475.66061199547534,481.4495849609375,170900
2024-05-30 00:00:00+09:00,479.51992531955835,488.20338473178373,474.69578120165534,487.2385559082031,135200
2024-05-31 00:00:00+09:00,492.0627114939135,497.8516845703125,489.16822495571404,497.8516845703125,229800
2024-06-03 00:00:00+09:00,497.85167095385884,498.81649977353686,487.23855393740064,493.02752685546875,118900
2024-06-04 00:00:00+09:00,492.0626973826983,497.851670293083,488.2033821091085,494.9571838378906,102200
2024-06-05 00:00:00+09:00,493.9923611111111,493.9923611111111,476.62544216579863,477.59027099609375,198700
2024-06-06 00:00:00+09:00,484.34407703723474,490.13305006955227,464.08267142412336,466.0123291015625,209700
2024-06-07 00:00:00+09:00,471.8013070821762,493.99237060546875,471.8013070821762,493.99237060546875,233800
2024-06-10 00:00:00+09:00,497.8517048402906,523.9020847447244,496.88687595494116,522.937255859375,408900
2024-06-11 00:00:00+09:00,526.7965087890625,534.51513895447,521.9723649356828,526.7965087890625,280200
2024-06-12 00:00:00+09:00,517.1482649561704,529.6910400390625,516.1834361036401,529.6910400390625,204800
2024-06-13 00:00:00+09:00,530.6558414381377,536.4448142538265,517.1482382015306,520.042724609375,255400
2024-06-14 00:00:00+09:00,520.0426925799169,532.5854662413991,517.148206350344,525.8316650390625,282100
2024-06-17 00:00:00+09:00,522.9372260199652,524.8668836805556,506.53513590494794,521.007568359375,189500
2024-06-18 00:00:00+09:00,528.7262408192491,536.4448720720849,526.7965830060401,531.6207275390625,199200
2024-06-19 00:00:00+09:00,535.4799953982126,539.3393106803619,530.6558512955261,536.44482421875,292400
2024-06-20 00:00:00+09:00,532.585526596653,533.5503554491831,521.9724092188211,529.6910400390625,206100
2024-06-21 00:00:00+09:00,520.0427258643034,528.7261851087909,516.1834106445312,516.1834106445312,363800
2024-06-24 00:00:00+09:00,513.288955316311,514.2537841796875,499.7813512290396,514.2537841796875,305600
2024-06-25 00:00:00+09:00,517.1482722781782,521.9724166091313,505.5703258838906,510.39447021484375,186700
2024-06-26 00:00:00+09:00,511.3592827588992,520.0427422774466,506.53513858192844,513.2889404296875,260700
2024-06-27 00:00:00+09:00,513.2889717533903,515.2186295419369,507.4999983877506,511.35931396484375,199500
2024-06-28 00:00:00+09:00,509.4296053759141,527.7613525390625,509.4296053759141,527.7613525390625,284700
2024-07-01 00:00:00+09:00,528.7261990017361,529.6910278320313,518.1130818684895,521.007568359375,186800
2024-07-02 00:00:00+09:00,545.1282931289539,557.6710680151069,545.1282931289539,552.846923828125,691600
2024-07-03 00:00:00+09:00,552.8469417288952,558.6359149407161,532.5855354875221,546.0931396484375,389400
2024-07-04 00:00:00+09:00,545.1282531517938,547.0579106850745,533.5503079521097,534.51513671875,188900
2024-07-05 00:00:00+09:00,534.5151665776754,539.3393106803619,531.6206801160633,536.44482421875,157700
2024-07-08 00:00:00+09:00,549.9524582073252,553.811773703517,538.37451171875,538.37451171875,200500
2024-07-09 00:00:00+09:00,537.4096504373754,557.6710555705619,537.4096504373754,544.1634521484375,185100
2024-07-10 00:00:00+09:00,539.339265406024,539.339265406024,525.8316630523848,533.55029296875,329700
2024-07-11 00:00:00+09:00,542.2337646484375,544.1634221738768,534.5151345466804,542.2337646484375,236100
2024-07-12 00:00:00+09:00,542.2337738612913,562.4951782226562,540.304116303066,562.4951782226562,561300
2024-07-16 00:00:00+09:00,565.389649486214,573.1082795133295,560.5655057192669,561.5303344726562,269500
2024-07-17 00:00:00+09:00,566.3544968907345,570.2138120313869,548.9875787577988,550.917236328125,346300
2024-07-18 00:00:00+09:00,545.1283007278186,585.6511124633379,543.1986430261272,573.1083374023438,534400
2024-07-19 00:00:00+09:00,574.0731338500976,581.7917642211913,567.3193322753906,578.8972778320312,329100
2024-07-22 00:00:00+09:00,577.9324652641462,589.5104111458987,574.0731499702288,576.0028076171875,304300
2024-07-23 00:00:00+09:00,576.0028343640599,589.510438520001,576.0028343640599,585.651123046875,309400
2024-07-24 00:00:00+09:00,583.721424308983,585.6510819100046,564.4248482987688,571.1786499023438,291200
2024-07-25 00:00:00+09:00,562.4952094230717,576.0028130798864,556.706236427294,560.5655517578125,230600
2024-07-26 00:00:00+09:00,552.8469519738707,568.2842141581323,549.9524653143216,558.6359252929688,171800
2024-07-29 00:00:00+09:00,567.3193936956009,580.8269983074009,563.4600780922294,575.0380249023438,225800
2024-07-30 00:00:00+09:00,568.2842225964438,575.0380249023438,559.600762488858,575.0380249023438,262200
2024-07-31 00:00:00+09:00,575.0379444877763,591.4400335084007,573.1082869559381,589.5103759765625,273500
2024-08-01 00:00:00+09:00,595.2994352587226,596.2642641651387,555.7414500956633,567.3193969726562,489600
2024-08-02 00:00:00+09:00,545.1282531517938,550.9172257516359,526.7965065856273,534.51513671875,545700
2024-08-05 00:00:00+09:00,507.49997159517727,536.4448368952825,491.097881258451,501.71099853515625,538500
2024-08-06 00:00:00+09:00,535.480036321676,537.4096941102226,502.67585391638414,511.35931396484375,292700
2024-08-07 00:00:00+09:00,517.1482369719728,536.4448129783897,502.67580496716016,523.9020385742188,307900
2024-08-08 00:00:00+09:00,520.0427422774466,524.8668864544173,512.3241115942933,513.2889404296875,197700
2024-08-09 00:00:00+09:00,528.7261686076905,528.7261686076905,508.4647643362279,519.077880859375,272000
2024-08-13 00:00:00+09:00,538.3744424076403,572.1434486518472,532.5854699086335,569.2489624023438,1270000
2024-08-14 00:00:00+09:00,570.2138626326376,596.2642421437733,568.284204891072,581.7918090820312,771100
2024-08-15 00:00:00+09:00,588.5455574958947,621.3497361104199,587.5807287131146,605.9124755859375,1044900
2024-08-16 00:00:00+09:00,614.5959544570785,639.6815036185919,606.8773239458436,638.7166748046875,686900
2024-08-19 00:00:00+09:00,638.7166610555199,651.2594353662778,619.4200851928153,633.8925170898438,719100
2024-08-20 00:00:00+09:00,641.611186823196,660.9077638705102,639.6815291184646,652.2243041992188,439900
2024-08-21 00:00:00+09:00,642.5759849885924,657.0484170829301,636.7870121508573,654.1539306640625,294400
2024-08-22 00:00:00+09:00,658.978077265042,659.9429060750932,643.540816304221,646.435302734375,198000
2024-08-23 00:00:00+09:00,646.4353149593842,655.1187744140625,642.5759996461938,655.1187744140625,193600
2024-08-26 00:00:00+09:00,655.1188088090609,655.1188088090609,642.5760333826723,645.4705200195312,263200
2024-08-27 00:00:00+09:00,661.87255859375,684.0636210538903,655.1187569754464,661.87255859375,565900
2024-08-28 00:00:00+09:00,647.4001119126368,660.90771484375,631.9628514199361,660.90771484375,358300
2024-08-29 00:00:00+09:00,660.9077513619754,686.9581298828125,655.118778357345,686.9581298828125,613300
2024-08-30 00:00:00+09:00,689.8526447264265,711.0788799487781,683.0988426102238,692.7471313476562,582800
2024-09-02 00:00:00+09:00,692.7471164506516,701.4305761276096,685.028485626689,691.7822875976562,233200
2024-09-03 00:00:00+09:00,693.7119513252032,718.7975017208295,693.7119513252032,715.9030151367188,417600
2024-09-04 00:00:00+09:00,701.4305458335609,705.2898610788625,682.1339696070531,689.8526000976562,323100
2024-09-05 00:00:00+09:00,685.0284735900534,701.430563802773,676.3450140656724,683.0988159179688,236400
2024-09-06 00:00:00+09:00,684.0636611397384,694.6767785904256,677.3098591256648,680.204345703125,194000
2024-09-09 00:00:00+09:00,660.907767098108,689.8526328104339,656.0836228127204,684.0636596679688,265300
2024-09-10 00:00:00+09:00,688.8877848307292,701.430559624566,688.8877848307292,694.6767578125,207100
2024-09-11 00:00:00+09:00,691.7823136039402,693.7119713824728,663.8022758152174,665.73193359375,321100
2024-09-12 00:00:00+09:00,683.0988293576876,694.6767756179873,676.3450273725127,687.9229736328125,297200
2024-09-13 00:00:00+09:00,685.9933292314535,698.5361045901158,671.5208961253047,692.7471313476562,370400
2024-09-17 00:00:00+09:00,703.360183423186,721.6919303162457,691.782238017043,704.3250122070312,509300
2024-09-18 00:00:00+09:00,711.0788664881052,738.0940744415203,711.0788664881052,727.48095703125,589200
2024-09-19 00:00:00+09:00,727.4809541476993,737.129242664247,722.6568098894254,735.1995849609375,438800
2024-09-20 00:00:00+09:00,742.9182458048715,744.847903586183,732.305128007659,737.1292724609375,444700
2024-09-24 00:00:00+09:00,738.0940851889366,741.9534006670488,699.5009304078158,700.4657592773438,806300
2024-09-25 00:00:00+09:00,710.1140219013342,715.9029949059646,683.0988145463922,686.9581298828125,550600
2024-09-26 00:00:00+09:00,687.9229450576545,699.500890837026,672.4856840184925,682.1339721679688,614400
2024-09-27 00:00:00+09:00,696.6063671138224,711.0787985635557,681.1691069007737,703.3601684570312,491100
2024-09-30 00:00:00+09:00,688.8877981883081,704.3250597723599,683.0988250942888,699.5009155273438,431900
2024-10-01 00:00:00+09:00,699.5009198931123,703.3602353132122,687.9229736328125,687.9229736328125,238800
2024-10-02 00:00:00+09:00,673.450534554415,674.4153634004815,656.083615325218,663.80224609375,481800
2024-10-03 00:00:00+09:00,691.7822451496935,693.7119027372798,676.3449844490029,681.1691284179688,348800
2024-10-04 00:00:00+09:00,678.2746420365893,699.5008755000388,678.2746420365893,681.1691284179688,298000
2024-10-07 00:00:00+09:00,689.8526328104339,692.7471193816665,678.2746865255035,684.0636596679688,258600
2024-10-08 00:00:00+09:00,677.3098452574455,718.7974853515625,677.3098452574455,718.7974853515625,459500
2024-10-09 00:00:00+09:00,718.7975090296834,744.8478885515646,717.8326801585026,736.1644287109375,498500
2024-10-10 00:00:00+09:00,736.1644088099792,736.1644088099792,701.4305703864416,707.2195434570312,542900
2024-10-11 00:00:00+09:00,707.2194857233605,711.0788007886995,695.6415405273438,695.6415405273438,285400
2024-10-15 00:00:00+09:00,697.5712443033855,705.2898749457465,686.9581271701389,694.6767578125,384800
2024-10-16 00:00:00+09:00,691.7822085370075,714.938098362514,688.8877223088191,702.3953247070312,202100
2024-10-17 00:00:00+09:00,702.395404980605,705.2898915395909,688.8878010386702,691.7822875976562,190600
2024-10-18 00:00:00+09:00,688.8877575511664,697.5712166799626,682.1339560065471,685.0284423828125,173700
2024-10-21 00:00:00+09:00,684.0636008965986,685.0284296707828,676.344970703125,676.344970703125,143400
2024-10-22 00:00:00+09:00,675.3801784264047,676.3450072527281,656.083601899936,658.9780883789062,173800
2024-10-23 00:00:00+09:00,658.9780596193569,661.8725459720042,648.3649429929837,653.1890869140625,204400
2024-10-24 00:00:00+09:00,647.400095151339,669.5911565350659,647.400095151339,667.6614990234375,248100
2024-10-25 00:00:00+09:00,668.626393217199,672.485708618164,655.1187893138213,656.0836181640625,225300
2024-10-28 00:00:00+09:00,663.8022209666203,698.5360581102225,660.9077345379868,693.7119140625,249100
2024-10-29 00:00:00+09:00,694.6767890951428,696.6064468426293,681.1691848627372,692.7471313476562,134000
2024-10-30 00:00:00+09:00,694.6767454509493,699.500889516581,682.1339708803072,685.9932861328125,326500
2024-10-31 00:00:00+09:00,683.0988250942888,706.2547174703664,683.0988250942888,699.5009155273438,215700
2024-11-01 00:00:00+09:00,689.8526249375454,689.8526249375454,663.80224609375,663.80224609375,378700
2024-11-05 00:00:00+09:00,664.7670586637064,667.6615451310374,651.2594551494946,666.6967163085938,281300
2024-11-06 00:00:00+09:00,674.4153935971468,675.3802224864131,658.9781313688859,665.73193359375,205100
2024-11-07 00:00:00+09:00,669.5911565350659,673.4504715583228,658.0132114652953,667.6614990234375,246900
2024-11-08 00:00:00+09:00,674.4153305185631,675.3801593175882,667.6615289253873,669.5911865234375,162100
2024-11-11 00:00:00+09:00,659.942919921875,659.942919921875,645.4704874674479,651.2594604492188,253100
2024-11-12 00:00:00+09:00,655.1188127140603,680.204363716366,651.259497175244,673.4505615234375,376600
2024-11-13 00:00:00+09:00,663.8022711338141,664.767100016276,579.8621583596254,602.05322265625,1090400
2024-11-14 00:00:00+09:00,611.701440392471,632.9276733398438,588.5455499044278,632.9276733398438,794600
2024-11-15 00:00:00+09:00,631.9628911252881,631.9628911252881,588.5455932617188,588.5455932617188,720200
2024-11-18 00:00:00+09:00,588.5455720110045,608.8069769490884,588.5455720110045,606.8773193359375,298000
2024-11-19 00:00:00+09:00,613.6311482174295,629.0684098078051,613.6311482174295,616.525634765625,220000
2024-11-20 00:00:00+09:00,616.5256333417877,625.20909296632,612.6663179531067,620.3849487304688,152700
2024-11-21 00:00:00+09:00,626.1739040902944,631.9628770094652,615.5607870718148,627.1387329101562,186200
2024-11-22 00:00:00+09:00,627.1387316035932,635.8221909642584,613.6311281536697,630.998046875,249100
2024-11-25 00:00:00+09:00,638.7166563036892,653.1890880930478,631.9628548019886,649.3297729492188,326900
2024-11-26 00:00:00+09:00,656.0835638278868,659.9428789092274,628.1035294881682,632.9276733398438,243500
2024-11-27 00:00:00+09:00,625.2090726811836,635.8221896557098,620.3849286018534,634.8573608398438,205600
2024-11-28 00:00:00+09:00,627.1387492302213,631.9628934550691,624.2442626953125,624.2442626953125,212200
2024-11-29 00:00:00+09:00,627.1387657023364,630.9980811835816,621.3497924804688,621.3497924804688,198900
2024-12-02 00:00:00+09:00,605.9124605948465,608.8069468715735,576.9675978275767,604.9476318359375,574400
2024-12-03 00:00:00+09:00,604.947676595052,656.0836046006945,601.0883612738716,651.2594604492188,591900
2024-12-04 00:00:00+09:00,646.435316297743,660.9077487521702,637.7518568250867,651.2594604492188,463500
2024-12-05 00:00:00+09:00,646.435302734375,656.083590834888,640.6463298740672,646.435302734375,284400
2024-12-06 00:00:00+09:00,636.7870362453197,639.6815227737076,622.3146036033806,628.1035766601562,318300
2024-12-09 00:00:00+09:00,637.7518672499546,665.731903785883,629.0684076353562,663.80224609375,336000
2024-12-10 00:00:00+09:00,660.9077171877884,662.83737475622,643.540799071905,653.1890869140625,321400
2024-12-11 00:00:00+09:00,653.1891096855887,661.8725690462538,630.998046875,630.998046875,314000
2024-12-12 00:00:00+09:00,636.7870513354343,644.5056822607123,625.2091049475173,629.0684204101562,367900
2024-12-13 00:00:00+09:00,628.1035915444966,629.0684204101562,615.5608162909198,629.0684204101562,557800
2024-12-16 00:00:00+09:00,622.3145739727285,633.8925195350117,618.4552587853007,626.1738891601562,425100
2024-12-17 00:00:00+09:00,618.4552563996801,638.7166610555199,608.8069684683279,633.8925170898438,560000
2024-12-18 00:00:00+09:00,626.1738891601562,630.9980331444409,613.631114801016,626.1738891601562,353300
2024-12-19 00:00:00+09:00,616.5255864461263,626.1738741839373,607.8421274820963,625.2090454101562,332600
2024-12-20 00:00:00+09:00,631.9628445695087,657.048392598222,631.9628445695087,632.9276733398438,498500
2024-12-23 00:00:00+09:00,630.0332117278781,652.2242743155368,630.0332117278781,650.2946166992188,228600
2024-12-24 00:00:00+09:00,650.2946041250588,650.2946041250588,637.751829861519,641.6111450195312,136100
2024-12-25 00:00:00+09:00,641.6111586841184,650.2946179745802,636.7870146338619,646.435302734375,179500
2024-12-26 00:00:00+09:00,645.4705200195312,653.1891510511549,641.6112045037195,645.4705200195312,223500
2024-12-27 00:00:00+09:00,637.7518889879076,650.2946644142961,636.7870601089546,645.4705200195312,165600
2024-12-30 00:00:00+09:00,645.4704861310865,655.1187744140625,638.7166843330035,655.1187744140625,231100
2025-01-06 00:00:00+09:00,648.3649696991822,650.2946273470965,615.5607896846403,619.4201049804688,487000
2025-01-07 00:00:00+09:00,627.1387506606604,630.0332372021712,619.4201198832985,620.3849487304688,201600
2025-01-08 00:00:00+09:00,618.455246257782,621.3497325897217,612.6662735939026,617.4904174804688,207300
2025-01-09 00:00:00+09:00,617.4904349328594,620.3849213466071,610.7366333007812,610.7366333007812,159600
2025-01-10 00:00:00+09:00,610.7366333007812,618.455263737442,608.806975691616,610.7366333007812,141200
2025-01-14 00:00:00+09:00,607.8421468870334,612.6662909099464,603.982831668703,610.7366333007812,188900
2025-01-15 00:00:00+09:00,610.7366442606545,628.1035630547964,605.9125001511707,623.2794189453125,294700
2025-01-16 00:00:00+09:00,625.2090915402821,637.7518665248865,622.3146050053733,624.2442626953125,241600
2025-01-17 00:00:00+09:00,618.455302887899,631.9629070071355,616.5256451565796,629.0684204101562,212200
2025-01-20 00:00:00+09:00,629.0684069201603,631.9628934550691,619.4201184704647,624.2442626953125,143800
2025-01-21 00:00:00+09:00,620.3849636101575,626.1739368320251,618.4553058695349,621.3497924804688,118800
2025-01-22 00:00:00+09:00,624.2442189216614,625.2090476989746,614.5959311485291,617.4904174804688,117800
2025-01-23 00:00:00+09:00,615.560791015625,620.3849351458415,606.8773315812352,615.560791015625,241000
2025-01-24 00:00:00+09:00,617.4904312015503,630.0332055853319,615.5607736040455,622.3145751953125,211200
2025-01-27 00:00:00+09:00,627.1387342328995,632.9277071642802,619.4201036577255,623.2794189453125,158300
2025-01-28 00:00:00+09:00,623.2793856364925,633.892502110179,619.4200705551519,632.9276733398438,720400
2025-01-29 00:00:00+09:00,627.1387626788368,638.7167090667538,622.314618350538,629.0684204101562,521400
2025-01-30 00:00:00+09:00,625.2090615915697,627.1387191890745,615.5607736040455,622.3145751953125,508400
2025-01-31 00:00:00+09:00,622.3145421151896,631.9628295898438,614.5959121354663,631.9628295898438,422700
2025-02-03 00:00:00+09:00,622.3145673198085,622.3145673198085,588.5455597908266,598.19384765625,595800
2025-02-04 00:00:00+09:00,605.9125153297601,605.9125153297601,579.8621364859648,580.8269653320312,329100
2025-02-05 00:00:00+09:00,576.967607578852,580.8269226797139,569.2489773771282,570.2138061523438,364100
2025-02-06 00:00:00+09:00,570.2138387044271,576.0028116861979,561.5303792317708,564.4248657226562,228000
2025-02-07 00:00:00+09:00,559.6006942085597,568.2841532566237,551.8820639436142,554.7765502929688,405800
2025-02-10 00:00:00+09:00,551.8820775525323,559.6007080078125,548.9875911318023,559.6007080078125,211500
2025-02-12 00:00:00+09:00,562.4952136209015,568.2841866598817,540.3041503048111,548.9876098632812,969700
2025-02-13 00:00:00+09:00,554.7765602936616,574.0731363038759,547.0579298895759,571.1786499023438,1292900
2025-02-14 00:00:00+09:00,578.8972599842058,578.8972599842058,529.6909928855483,534.51513671875,712800
2025-02-17 00:00:00+09:00,540.3041421932026,540.3041421932026,524.8668809876825,528.7261962890625,550700
2025-02-18 00:00:00+09:00,523.9020385742188,528.7261825758229,518.1130657722937,523.9020385742188,370100
2025-02-19 00:00:00+09:00,523.9020562243106,525.8317138899619,515.21859672888,517.1482543945312,243300
2025-02-20 00:00:00+09:00,514.2537381175753,518.1130532253994,509.42959423279495,515.2185668945312,224300
2025-02-21 00:00:00+09:00,510.3944560003825,516.1834290363037,501.7109964465007,507.4999694824219,208800
2025-02-25 00:00:00+09:00,501.71098425033244,503.64064188206453,496.88684017100235,498.8164978027344,189000
2025-02-26 00:00:00+09:00,595.299381375904,595.299381375904,557.6710574315599,583.721435546875,9547600
2025-02-27 00:00:00+09:00,593.369688856775,624.2442092525747,590.4752025696688,597.22900390625,6139600
2025-02-28 00:00:00+09:00,599.1586888833342,614.5959497885409,595.2993736570326,606.8773193359375,2856600
2025-03-03 00:00:00+09:00,622.3146064248092,622.3146064248092,611.7014891059365,620.3849487304688,1260500
2025-03-04 00:00:00+09:00,617.4904349328594,620.3849213466071,606.8773180824509,610.7366333007812,1257000
2025-03-05 00:00:00+09:00,607.8421481425129,614.5959497885409,602.0531753030605,606.8773193359375,1098800
2025-03-06 00:00:00+09:00,607.8421552465596,633.892533328555,606.877326428708,630.998046875,1074100
2025-03-07 00:00:00+09:00,631.9628756928516,639.6815062356651,627.1387316035932,630.998046875,801000
2025-03-10 00:00:00+09:00,628.103561730018,637.7518499286358,626.1739040902944,627.1387329101562,976800
2025-03-11 00:00:00+09:00,617.4904769992236,627.1387657023364,608.807017166422,621.3497924804688,1109700
2025-03-12 00:00:00+09:00,620.3849260943072,647.4001328293625,620.3849260943072,642.5759887695312,991100
2025-03-13 00:00:00+09:00,636.7869975823947,653.1890869140625,633.8925112297475,653.1890869140625,1018000
2025-03-14 00:00:00+09:00,654.1539619039502,662.8374215752416,647.4001599373902,652.2243041992188,750000
2025-03-17 00:00:00+09:00,658.9780806092258,690.8174315024974,658.9780806092258,682.1339721679688,1195300
2025-03-18 00:00:00+09:00,681.1691775438262,685.0284929973324,666.6967445931783,672.4857177734375,685000
2025-03-19 00:00:00+09:00,674.4153605494006,678.2746759173514,664.7670721295236,671.5208740234375,574600
2025-03-21 00:00:00+09:00,673.450546636814,680.2043486804497,669.591231183308,672.4857177734375,559400
2025-03-24 00:00:00+09:00,673.4505054999656,673.4505054999656,656.0835870200239,658.0132446289062,917700
2025-03-25 00:00:00+09:00,657.048384817023,668.6263299239309,654.153898540296,659.94287109375,808800
2025-03-26 00:00:00+09:00,664.7670488216049,664.7670488216049,647.4001302747415,650.2946166992188,1009200
2025-03-27 00:00:00+09:00,648.3649441632615,655.1187456649621,639.6814850896465,649.3297729492188,1800900
2025-03-28 00:00:00+09:00,645.4004056176474,683.7118452205215,643.4357164072436,675.8530883789062,1925100
2025-03-31 00:00:00+09:00,666.0296345430262,672.9060466990751,656.2061886058134,667.9943237304688,483700
2025-04-01 00:00:00+09:00,664.0649583707043,666.0296475966531,648.3474445631136,650.3121337890625,379000
2025-04-02 00:00:00+09:00,656.2062061971966,656.2062061971966,633.6122799359159,639.50634765625,315300
2025-04-03 00:00:00+09:00,623.7888222755588,637.5416467036813,621.8241330715413,627.7182006835938,325900
2025-04-04 00:00:00+09:00,610.0360231862485,615.9300910431205,594.3185089012566,607.0889892578125,692400
2025-04-07 00:00:00+09:00,579.5833378621977,592.3538181879749,560.918789693754,573.6892700195312,723400
2025-04-08 00:00:00+09:00,593.3361679028085,614.947750177414,593.3361679028085,611.0183715820312,538800
2025-04-09 00:00:00+09:00,596.2831955847637,596.2831955847637,574.6716135372104,588.4244384765625,543200
2025-04-10 00:00:00+09:00,634.5946456266454,636.5593349319911,618.8771311838801,629.6829223632812,408800
2025-04-11 00:00:00+09:00,609.0536967788744,627.7182455511303,604.1419734177545,626.7359008789062,325900
2025-04-14 00:00:00+09:00,628.7005330023364,632.6299113336011,623.7888100882557,630.6652221679688,199900
2025-04-15 00:00:00+09:00,637.5416922733701,637.5416922733701,626.7359008789062,626.7359008789062,187300
2025-04-16 00:00:00+09:00,632.6299487651806,632.6299487651806,617.8947791510848,621.8241577148438,146200
2025-04-17 00:00:00+09:00,621.8241775177863,626.7359008789062,615.9301094844424,626.7359008789062,151700
2025-04-18 00:00:00+09:00,632.6299586440578,650.3121624570904,631.6476139877782,648.3474731445312,208300
2025-04-21 00:00:00+09:00,648.3474492367511,653.2591723370296,639.50634765625,639.50634765625,198000
2025-04-22 00:00:00+09:00,649.3298140735161,661.1179498812047,644.4180908203125,644.4180908203125,186800
2025-04-23 00:00:00+09:00,650.3121549454204,652.2768442352857,637.5416745612958,640.4887084960938,161300
2025-04-24 00:00:00+09:00,642.4533951745778,644.4180844564573,618.8771237920246,621.8241577148438,233900
2025-04-25 00:00:00+09:00,626.7358481623291,628.7005373415213,617.894746855964,619.8594360351562,237000
2025-04-28 00:00:00+09:00,616.9124521184623,621.8241754633544,606.1066607596994,608.0713500976562,309100
2025-04-30 00:00:00+09:00,609.053649421752,628.7005413385826,607.0889602300689,623.788818359375,327100
2025-05-01 00:00:00+09:00,618.8770874607505,619.8594320440217,611.0183307945823,615.9300537109375,220800
2025-05-02 00:00:00+09:00,618.8771162109375,620.84180546875,608.0713252929687,613.9653930664062,237600
2025-05-07 00:00:00+09:00,610.036018310935,622.8064985654313,608.0713290410125,617.894775390625,225600
2025-05-08 00:00:00+09:00,609.0536622676509,612.9830407338939,603.1595945682866,606.1066284179688,272000
2025-05-09 00:00:00+09:00,609.0536538148538,618.8770998441256,606.1066200060723,612.9830322265625,272000
2025-05-12 00:00:00+09:00,610.035998417781,618.8770998441256,610.035998417781,612.9830322265625,236500
2025-05-13 00:00:00+09:00,615.9300625887784,617.894751783639,563.8657989249741,594.3184814453125,776100
2025-05-14 00:00:00+09:00,599.2302475627671,599.2302475627671,570.7422521868323,574.671630859375,585500
2025-05-15 00:00:00+09:00,574.6716146599757,579.5833378621977,568.7775468173093,573.6892700195312,358200
2025-05-16 00:00:00+09:00,577.6186361231634,584.4950484579629,572.7069130268779,576.6362915039062,218300
2025-05-19 00:00:00+09:00,569.7599075186965,574.671630859375,565.8305288461538,574.671630859375,288400
2025-05-20 00:00:00+09:00,573.6892673188606,574.6716119546805,555.0247192382812,555.0247192382812,441400
2025-05-21 00:00:00+09:00,558.954093946705,561.901127833946,551.0953369140625,551.0953369140625,252800
2025-05-22 00:00:00+09:00,546.1835976736886,554.0423544747489,543.236563873291,550.1129760742188,217900
2025-05-23 00:00:00+09:00,552.0776529803369,556.9893758716211,551.0953084020801,553.0599975585938,184600
2025-05-26 00:00:00+09:00,555.024735413676,560.9188034003699,553.060046084778,556.007080078125,181200
2025-05-27 00:00:00+09:00,560.9188106948906,566.8128787582344,559.9364660176666,563.8658447265625,164700
2025-05-28 00:00:00+09:00,567.7951907711429,572.7069138746995,561.901123046875,561.901123046875,222000
2025-05-29 00:00:00+09:00,559.936458735921,562.8834927292679,554.042390749227,556.007080078125,221800
2025-05-30 00:00:00+09:00,553.0600299666413,557.9717531457411,551.0953406950014,555.0247192382812,278000
2025-06-02 00:00:00+09:00,555.0247317276816,556.0070763856066,550.113008438056,552.0776977539062,188900
2025-06-03 00:00:00+09:00,552.0776652744838,552.0776652744838,547.1659422738211,550.1129760742188,204900
2025-06-04 00:00:00+09:00,553.0600349068211,557.9717581297947,544.2189331054688,544.2189331054688,223400
2025-06-05 00:00:00+09:00,547.1659507268591,547.1659507268591,541.2718830350079,543.236572265625,207600
2025-06-06 00:00:00+09:00,540.2895182588675,542.2542074161724,535.377795365605,538.3248291015625,339500
2025-06-09 00:00:00+09:00,540.2895632783935,545.2012865809244,534.3954953153565,537.342529296875,235000
2025-06-10 00:00:00+09:00,538.3248865464154,540.2895759133731,534.3955078125,534.3955078125,215900
2025-06-11 00:00:00+09:00,535.3778238261576,539.3072023496524,532.4307899335365,536.3601684570312,222900
2025-06-12 00:00:00+09:00,541.2718916113997,542.2542362422734,534.3954791952839,536.3601684570312,199400
2025-06-13 00:00:00+09:00,536.3601567986307,536.3601567986307,520.6426430462898,524.572021484375,435000
2025-06-16 00:00:00+09:00,523.5896606445312,529.4837281189538,523.5896606445312,523.5896606445312,179200
2025-06-17 00:00:00+09:00,524.572041414222,532.4307985889668,522.6073521205358,529.4837646484375,273800
2025-06-18 00:00:00+09:00,529.4837808114511,533.4131595187717,525.5544021041305,530.4661254882812,148400
2025-06-19 00:00:00+09:00,530.4661092952806,532.4307985889668,526.5367307079082,529.4837646484375,213900
2025-06-20 00:00:00+09:00,533.4131469726562,538.3248702412811,530.4661130114814,533.4131469726562,658200
2025-06-23 00:00:00+09:00,530.4660846115253,539.3071860217174,528.5013954092603,535.3778076171875,250900
2025-06-24 00:00:00+09:00,538.3248577187786,539.3072023496524,531.4484453026629,536.3601684570312,276600
2025-06-25 00:00:00+09:00,540.2895306228497,540.2895306228497,531.4484292126577,535.3778076171875,282800
2025-06-26 00:00:00+09:00,534.3954669000456,539.3071899414062,531.4484330752291,539.3071899414062,290900
2025-06-27 00:00:00+09:00,541.271866839865,549.1306235271951,537.3424884961998,542.2542114257812,431700
2025-06-30 00:00:00+09:00,548.1483315892638,553.0600549906012,546.1836422287288,549.1306762695312,398100
2025-07-01 00:00:00+09:00,548.1482789412789,550.1129681131114,540.2895222539487,542.2542114257812,302600
2025-07-02 00:00:00+09:00,540.2895705764358,548.1483279666385,540.2895705764358,545.2012939453125,180200
2025-07-03 00:00:00+09:00,543.2365769952866,546.1836108668704,532.4307861328125,532.4307861328125,364700
2025-07-04 00:00:00+09:00,536.3601607425505,537.3425053592952,528.5014038085938,528.5014038085938,303600
2025-07-07 00:00:00+09:00,528.5013999224602,530.4660891415028,524.572021484375,524.572021484375,290500
2025-07-08 00:00:00+09:00,528.5013999224602,528.5013999224602,522.6073322653324,524.572021484375,220100
2025-07-09 00:00:00+09:00,524.5720574273004,531.4484701651114,524.5720574273004,530.4661254882812,172800
2025-07-10 00:00:00+09:00,533.4131521354044,533.4131521354044,522.6073608398438,522.6073608398438,281300
2025-07-11 00:00:00+09:00,525.5543785310734,527.5190677966102,521.625,521.625,220800
2025-07-14 00:00:00+09:00,521.6249714863905,525.554349802672,515.7309040119679,523.5896606445312,385500
2025-07-15 00:00:00+09:00,524.5720175689121,526.5367067732901,520.6426391601562,520.6426391601562,451400
2025-07-16 00:00:00+09:00,520.6426715133782,526.5367394927749,518.6779821869126,522.6073608398438,181200
2025-07-17 00:00:00+09:00,520.6426751435692,530.4661218443913,520.6426751435692,526.5367431640625,191500
2025-07-18 00:00:00+09:00,531.4484172770946,532.430761856165,523.5896606445312,523.5896606445312,264700
2025-07-22 00:00:00+09:00,524.5720095579651,525.5543541451524,512.7838745117188,512.7838745117188,480100
2025-07-23 00:00:00+09:00,516.7132446058306,522.6073120347944,514.7485554628427,519.6602783203125,309800
2025-07-24 00:00:00+09:00,521.6249674633004,522.6073120347944,517.6955891773246,519.6602783203125,259900
2025-07-25 00:00:00+09:00,521.6249714863905,524.5720052236016,517.6955931701087,523.5896606445312,270600
2025-07-28 00:00:00+09:00,525.5543948295422,525.5543948295422,520.6426715133782,522.6073608398438,280700
2025-07-29 00:00:00+09:00,520.6426269073199,524.5720052236016,515.7309040119679,523.5896606445312,314300
2025-07-30 00:00:00+09:00,525.5543860610651,529.4837646484375,522.6073521205358,529.4837646484375,247800
2025-07-31 00:00:00+09:00,531.4484292126577,535.3778076171875,528.5013954092603,535.3778076171875,250700
2025-08-01 00:00:00+09:00,539.3071899414062,540.2895345496784,536.3601561165898,539.3071899414062,257000
2025-08-04 00:00:00+09:00,535.3777993243674,542.2542114257812,533.4131101525348,542.2542114257812,290300
2025-08-05 00:00:00+09:00,545.2012939453125,547.1659832928632,540.2895705764358,545.2012939453125,148800
2025-08-06 00:00:00+09:00,547.1659707783798,550.1130047323029,544.2189368244567,548.1483154296875,171100
2025-08-07 00:00:00+09:00,549.1306192455664,557.9717204498779,548.1482746673097,553.0599975585938,258200
2025-08-08 00:00:00+09:00,553.0600137913481,558.9540814338847,552.0776691842586,554.0423583984375,241600
2025-08-12 00:00:00+09:00,559.9364176147247,565.8304851685639,556.0070392454986,560.9187622070312,516600
2025-08-13 00:00:00+09:00,558.9540687377511,587.4420616962656,551.0953120595401,571.7245483398438,1806100
2025-08-14 00:00:00+09:00,547.1659744642807,557.9717657014569,533.4131492533294,552.0776977539062,987800
2025-08-15 00:00:00+09:00,561.901123046875,564.8481569090089,552.0776768397618,561.901123046875,399900
2025-08-18 00:00:00+09:00,571.7245522977549,577.6186198472163,568.7775185230242,575.6539306640625,386800
2025-08-19 00:00:00+09:00,579.5833490358904,586.4597616515704,572.7069364202102,585.4774169921875,621500
2025-08-20 00:00:00+09:00,587.4420692633006,596.283170640173,583.5126908735796,594.3184814453125,356300
2025-08-21 00:00:00+09:00,589.4067707251869,592.3538045788129,584.4950476358104,591.3714599609375,306000
2025-08-22 00:00:00+09:00,589.4068029542632,596.2832156553962,586.4597689394919,593.336181640625,401000
2025-08-25 00:00:00+09:00,596.283203125,605.1243049835256,591.3714798702636,596.283203125,332400
2025-08-26 00:00:00+09:00,598.2478837500954,608.0713301170921,597.2655391133958,603.1596069335938,400800
2025-08-27 00:00:00+09:00,608.0713537225371,617.8948004708818,604.1419750231993,612.000732421875,364000
2025-08-28 00:00:00+09:00,612.9830645966454,618.8771325254593,611.0183752870407,614.94775390625,378300
2025-08-29 00:00:00+09:00,616.9124394751055,616.9124394751055,603.1596143912656,611.0183715820312,313100
2025-09-01 00:00:00+09:00,612.0007038085937,617.8947715820312,609.053669921875,613.9653930664062,215200
2025-09-02 00:00:00+09:00,616.9124307556638,623.7888432003925,616.9124307556638,617.894775390625,227300
2025-09-03 00:00:00+09:00,618.8771162109375,621.8241500976562,610.0360145507813,613.9653930664062,323700
2025-09-04 00:00:00+09:00,617.8947552411985,617.8947552411985,607.0889646089994,612.9830322265625,343800
2025-09-05 00:00:00+09:00,616.9124307556638,617.894775390625,611.0183629458962,617.894775390625,328100
2025-09-08 00:00:00+09:00,617.8947630290744,621.8241414903085,614.9477291831488,620.841796875,496200
2025-09-09 00:00:00+09:00,623.7888595338852,626.735893515935,616.9124469091022,618.8771362304688,448700
2025-09-10 00:00:00+09:00,619.8594483782531,620.8417929874104,613.9653807233093,616.9124145507812,249100
2025-09-11 00:00:00+09:00,614.9477291831488,620.841796875,612.9830399525316,620.841796875,280800
2025-09-12 00:00:00+09:00,620.8418015926932,622.8064908382397,604.141943005548,610.0360107421875,530300
2025-09-16 00:00:00+09:00,611.0183877470405,613.9654217715439,609.0536983973716,612.000732421875,396700
2025-09-17 00:00:00+09:00,609.0536378559314,609.0536378559314,597.2655029296875,597.2655029296875,339300
2025-09-18 00:00:00+09:00,599.2302000367796,608.0713013487978,599.2302000367796,605.124267578125,359200
2025-09-19 00:00:00+09:00,605.1243087344005,605.1243087344005,594.3185175070006,600.2125854492188,533700
2025-09-22 00:00:00+09:00,604.1419640773642,606.1066533914369,599.2302407921824,600.2125854492188,555500
2025-09-24 00:00:00+09:00,606.1066370229252,607.0889816534324,599.230224609375,599.230224609375,580700
2025-09-25 00:00:00+09:00,598.247896135146,604.1419640773642,597.2655514781096,600.2125854492188,758600
2025-09-26 00:00:00+09:00,596.2832104690675,606.1066570995299,594.3185211429751,604.1419677734375,1211600
2025-09-29 00:00:00+09:00,594.3184967778155,616.9124231016002,592.353807532269,610.0360107421875,1489200
2025-09-30 00:00:00+09:00,600.2125403786009,618.8770874607505,598.2478512120589,615.9300537109375,362700
2025-10-01 00:00:00+09:00,611.0183857292528,612.0007304008433,593.336181640625,593.336181640625,286100
2025-10-02 00:00:00+09:00,592.3537883028611,597.2655112572795,589.40675453021,590.3890991210938,202100
2025-10-03 00:00:00+09:00,589.4067978277438,609.0536910886686,588.4244531646976,604.1419677734375,181000
2025-10-06 00:00:00+09:00,618.8770874607505,618.8770874607505,605.1242632949561,615.9300537109375,252700
2025-10-07 00:00:00+09:00,613.9654217715439,620.8418344953852,609.0536983973716,612.000732421875,366200
2025-10-08 00:00:00+09:00,609.053645939022,616.9124026608158,605.124267578125,605.124267578125,146400
2025-10-09 00:00:00+09:00,604.1419269192603,610.0359944989605,602.177237726027,609.0536499023438,154800
2025-10-10 00:00:00+09:00,607.0889691450856,610.036002975887,600.2125568732157,602.17724609375,159100
2025-10-14 00:00:00+09:00,595.3008422851562,605.1242885274855,593.3361530366903,595.3008422851562,229900
2025-10-15 00:00:00+09:00,599.2302321153165,607.0889892578125,599.2302321153165,607.0889892578125,111000
2025-10-16 00:00:00+09:00,607.0889929866483,613.9654055285683,607.0889929866483,611.0183715820312,192400
2025-10-17 00:00:00+09:00,609.0536910886686,611.0183804147612,602.177278447345,604.1419677734375,101800
2025-10-20 00:00:00+09:00,612.9830399525316,620.841796875,610.036006106606,620.841796875,266600
2025-10-21 00:00:00+09:00,621.8241212105637,621.8241212105637,612.9830199611245,615.9300537109375,108400
2025-10-22 00:00:00+09:00,617.8947791510848,622.8065023557834,616.9124345101451,621.8241577148438,132300
2025-10-23 00:00:00+09:00,621.8241375965677,627.7182052515114,616.9124145507812,616.9124145507812,254700
2025-10-24 00:00:00+09:00,617.8947841239512,618.8771287727969,609.0536822843399,611.0183715820312,130700
2025-10-27 00:00:00+09:00,618.8770998441256,618.8770998441256,611.0183430207081,612.9830322265625,124500
2025-10-28 00:00:00+09:00,612.9830202588848,612.9830202588848,600.2125406701581,601.1948852539062,132700
2025-10-29 00:00:00+09:00,601.1949353027344,602.1772799682617,589.4067993164062,589.4067993164062,171300
2025-10-30 00:00:00+09:00,590.3891239454766,593.3361578420431,584.4950561523438,584.4950561523438,263600
2025-10-31 00:00:00+09:00,584.4950561523438,588.424434681099,576.6362990948332,584.4950561523438,207700
2025-11-04 00:00:00+09:00,582.5303830140389,588.4244509703361,579.5833490358904,585.4774169921875,133700
2025-11-05 00:00:00+09:00,586.459720757559,590.3890991210938,577.6186194396058,590.3890991210938,320200
2025-11-06 00:00:00+09:00,586.4597579337454,587.4421025869009,580.5656900148134,581.5480346679688,195300
2025-11-07 00:00:00+09:00,578.6009640304895,590.3890991210938,577.6186194396058,590.3890991210938,149400
2025-11-10 00:00:00+09:00,596.283166266107,606.1066121683492,592.3537879052101,605.124267578125,203100
2025-11-11 00:00:00+09:00,609.0536747537917,610.0360193904914,599.2302283867951,603.1596069335938,183000
2025-11-12 00:00:00+09:00,599.2302357958828,612.9830608797226,596.2832018493456,611.0183715820312,466400
2025-11-13 00:00:00+09:00,609.053645939022,609.053645939022,598.2478554465554,605.124267578125,283700
2025-11-14 00:00:00+09:00,605.1242635888991,606.1066081726474,598.2478515026617,601.1948852539062,257300
2025-11-17 00:00:00+09:00,600.2125692398822,604.1419477619108,597.2655353483607,599.230224609375,205300
2025-11-18 00:00:00+09:00,601.1949053351651,606.1066284179688,598.247871485483,606.1066284179688,143000
2025-11-19 00:00:00+09:00,604.1419269192603,613.9653728854272,602.177237726027,609.0536499023438,176100
2025-11-20 00:00:00+09:00,613.9654129270523,619.8594808911521,612.0007236056857,618.8771362304688,180200
2025-11-21 00:00:00+09:00,618.8771098368877,654.2415161132812,618.8771098368877,654.2415161132812,510100
2025-11-25 00:00:00+09:00,645.4004496511621,648.3474836678341,626.7359008789062,626.7359008789062,303100
2025-11-26 00:00:00+09:00,629.6828815472015,637.5416382591791,628.7005369582043,634.5946044921875,114400
2025-11-27 00:00:00+09:00,636.5592893835617,650.3121135369103,636.5592893835617,645.400390625,155800
2025-11-28 00:00:00+09:00,643.4357337778001,656.206213990184,641.4710445143564,647.3651123046875,244700
2025-12-01 00:00:00+09:00,661.1179080103241,661.1179080103241,645.4003945955169,649.3297729492188,182900
2025-12-02 00:00:00+09:00,648.3474243721462,650.3121135369103,643.4357014602359,645.400390625,121200
2025-12-03 00:00:00+09:00,651.2944918804287,651.2944918804287,632.6299438476562,632.6299438476562,152100
2025-12-04 00:00:00+09:00,638.524010619191,648.3474569364093,638.524010619191,647.3651123046875,92600
2025-12-05 00:00:00+09:00,641.4710693359375,646.3827926846047,639.5063799964706,641.4710693359375,99900
2025-12-08 00:00:00+09:00,643.4357337778001,650.3121461998529,643.4357337778001,647.3651123046875,127600
2025-12-09 00:00:00+09:00,646.382780121594,650.3121587241568,639.5063675671089,644.4180908203125,137100
2025-12-10 00:00:00+09:00,646.3827553371649,651.2944784020369,642.4533768852672,650.3121337890625,160500
2025-12-11 00:00:00+09:00,648.3474656555551,650.3121549454204,636.5593299163631,640.4887084960938,244400
2025-12-12 00:00:00+09:00,653.2592037909045,658.1709271276783,653.2592037909045,656.2062377929688,157500
2025-12-15 00:00:00+09:00,663.0826525292542,676.8354779150462,663.0826525292542,674.8707885742188,255300
2025-12-16 00:00:00+09:00,674.8707522757778,675.8530968933554,667.994339952735,668.9766845703125,247200
2025-12-17 00:00:00+09:00,671.9237509150805,672.906095580161,667.9943722547584,670.94140625,73400
2025-12-18 00:00:00+09:00,671.9237184230452,674.8707522757778,667.994339952735,668.9766845703125,75700
2025-12-19 00:00:00+09:00,672.9060830875319,676.8354616749044,667.9943598533164,673.888427734375,81800
2025-12-22 00:00:00+09:00,676.8354604506119,691.5706301266049,675.8531158055457,688.6235961914062,336100
2025-12-23 00:00:00+09:00,694.5176307827818,705.3234213607318,690.5882523908001,701.39404296875,261800
2025-12-24 00:00:00+09:00,701.3940600585937,701.3940600585937,685.6765461077008,687.6412353515625,183900
2025-12-25 00:00:00+09:00,692.5529747716711,692.5529747716711,680.7648390308767,688.6235961914062,111000
2025-12-26 00:00:00+09:00,690.5882445597446,699.4293458414483,689.6058999728887,693.5352783203125,201600
2025-12-29 00:00:00+09:00,692.5529858775092,700.4117431640625,690.5882965558709,700.4117431640625,491600
2025-12-30 00:00:00+09:00,697.4646844983266,713.1821985151904,695.4999952462186,706.3057861328125,541000
2026-01-05 00:00:00+09:00,714.16456325805,721.0409758341247,710.2351846431501,711.217529296875,410900
2026-01-06 00:00:00+09:00,708.2704676374605,712.1998460986946,694.5176430231409,698.447021484375,385200
2026-01-07 00:00:00+09:00,694.5176468429032,705.3234376707277,690.5882683600579,702.3764038085938,246400
2026-01-08 00:00:00+09:00,707.2881394289852,711.2175179813685,699.4293823242188,699.4293823242188,171400
2026-01-09 00:00:00+09:00,702.3763792590856,714.1645142956017,702.3763792590856,708.2704467773438,168100
2026-01-13 00:00:00+09:00,716.1292159311619,717.1115605346339,698.447013068664,705.3234252929688,277000
2026-01-14 00:00:00+09:00,708.2705041520932,711.217538149952,704.3411254882812,704.3411254882812,183000
2026-01-15 00:00:00+09:00,704.3410723666487,713.1821736934268,703.3587277747845,712.1998291015625,240200
2026-01-16 00:00:00+09:00,710.2351399178341,714.164518285291,705.323416958513,712.1998291015625,266000
2026-01-19 00:00:00+09:00,710.2351771519836,712.1998664387112,700.4117307183462,703.3587646484375,241100
2026-01-20 00:00:00+09:00,701.3940841179809,701.3940841179809,692.552982217334,696.4823608398438,212000
2026-01-21 00:00:00+09:00,693.5353030831473,695.4999923270088,684.69420148577,687.6412353515625,191200
2026-01-22 00:00:00+09:00,690.5882484973316,702.3763836068167,689.6059039048746,697.4646606445312,206100
2026-01-23 00:00:00+09:00,700.4117107149921,703.3587445609178,697.4646768690665,698.447021484375,193500
2026-01-26 00:00:00+09:00,696.4823608398438,697.4647054954712,689.6059482504518,696.4823608398438,182000
2026-01-27 00:00:00+09:00,693.5352867028232,694.5176313015525,686.6588745117188,686.6588745117188,170000
2026-01-28 00:00:00+09:00,685.676538368181,685.676538368181,676.835436870597,679.782470703125,198100
2026-01-29 00:00:00+09:00,677.8177938475145,679.7824831050435,668.9766921886339,676.83544921875,193200
2026-01-30 00:00:00+09:00,676.8354285244267,687.641219110448,672.9060501295098,686.6588745117188,157200
2026-02-02 00:00:00+09:00,688.6235761094367,699.4293668900414,683.7118530273438,683.7118530273438,187100
2026-02-03 00:00:00+09:00,687.6412515463401,693.5353194167373,683.7118729660752,688.6235961914062,112800
2026-02-04 00:00:00+09:00,685.6765216254647,698.4470012545924,682.7294878648969,693.5352783203125,217500
2026-02-05 00:00:00+09:00,702.3764287736084,704.3411180848632,696.4823608398438,696.4823608398438,173600
2026-02-06 00:00:00+09:00,700.4116944219026,700.4116944219026,694.51762686716,697.4646606445312,180200
2026-02-09 00:00:00+09:00,706.305761976645,707.2881065691021,697.4646606445312,697.4646606445312,221800
2026-02-10 00:00:00+09:00,707.2881345630186,726.9350271897691,699.4293775123184,710.2351684570312,565400
2026-02-12 00:00:00+09:00,715.146890614414,728.899715433922,713.1822013544843,724.9703369140625,654000
2026-02-13 00:00:00+09:00,724.970364058859,739.7055340600554,723.0056747253661,737.7408447265625,480100
2026-02-16 00:00:00+09:00,739.7055166207108,759.3524094924428,731.846759472018,751.49365234375,481900
2026-02-17 00:00:00+09:00,741.6701946283875,749.5289516575625,734.7937822278594,739.7055053710938,310700
2026-02-18 00:00:00+09:00,749.5289755192954,753.4583541589772,738.7231842601706,748.546630859375,308700
2026-02-19 00:00:00+09:00,747.56423356012,748.5465781508692,737.7407876526282,741.670166015625,328900
2026-02-20 00:00:00+09:00,742.6525190220797,742.6525190220797,727.9173499938638,734.7937622070312,250400
2026-02-24 00:00:00+09:00,736.7584899665468,762.2994509520537,734.7938006599693,759.3524169921875,307800
2026-02-25 00:00:00+09:00,761.3170852758572,782.9286670514298,756.4053621450452,769.1758422851562,419800
2026-02-26 00:00:00+09:00,768.1935188717861,778.0169654046733,758.3700723388988,759.3524169921875,394400
2026-02-27 00:00:00+09:00,774.0875529903188,775.0698976007126,759.3523838344117,772.1228637695312,331000
2026-03-02 00:00:00+09:00,765.2464437215065,772.1228559243955,759.3523761190302,764.2640991210938,359100
2026-03-03 00:00:00+09:00,756.4053514268663,760.3347298758371,741.6701822432261,742.6525268554688,387800
2026-03-04 00:00:00+09:00,734.7937908428283,739.7055140436495,718.0939319600368,732.8291015625,349600
2026-03-05 00:00:00+09:00,747.5642624002687,755.4230194294437,739.7055053710938,739.7055053710938,259700
2026-03-06 00:00:00+09:00,732.8291177404933,737.7408410497459,726.93504976939,733.8114624023438,241700
2026-03-09 00:00:00+09:00,709.2528069546621,728.899699114071,702.3763946988689,723.9879760742188,389800
2026-03-10 00:00:00+09:00,733.8114587057327,738.7231819902422,726.9350461074192,729.882080078125,201400
2026-03-11 00:00:00+09:00,736.7584559778346,738.7231451937755,723.9879760742188,723.9879760742188,175000
2026-03-12 00:00:00+09:00,725.9526825584317,725.9526825584317,707.2881345630186,710.2351684570312,243700
2026-03-13 00:00:00+09:00,710.23514384203,721.0409344122406,708.2704546474462,716.1292114257812,344000
2026-03-16 00:00:00+09:00,711.2175306742552,712.1998753298826,696.4823608398438,696.4823608398438,344900
2026-03-17 00:00:00+09:00,698.4470376861229,707.2881394289852,697.4646930480271,699.4293823242188,277200
2026-03-18 00:00:00+09:00,706.3058023240831,708.2704916212293,699.4293897840712,707.2881469726562,333600
2026-03-19 00:00:00+09:00,705.3234664681582,706.3058111289774,697.464709181605,700.4117431640625,398000
2026-03-23 00:00:00+09:00,695.5000175893822,698.4470515622186,680.7648477252004,681.7471923828125,522000
2026-03-24 00:00:00+09:00,696.4823521448913,704.3411092918012,692.5529735714364,703.3587646484375,317600
2026-03-25 00:00:00+09:00,703.3587360860245,712.1998375172734,703.3587360860245,705.3234252929688,370500
2026-03-26 00:00:00+09:00,702.3764250193927,705.3234589705231,686.6589106133644,692.552978515625,504200
2026-03-27 00:00:00+09:00,691.5706214689266,700.4117231638418,688.6235875706215,695.5,1020200
2026-03-30 00:00:00+09:00,671.0,684.0,666.0,681.0,1282900
2026-03-31 00:00:00+09:00,678.0,690.0,673.0,673.0,294200
2026-04-01 00:00:00+09:00,683.0,688.0,675.0,685.0,240400
2026-04-02 00:00:00+09:00,681.0,687.0,671.0,675.0,292100
2026-04-03 00:00:00+09:00,676.0,682.0,675.0,678.0,145700
2026-04-06 00:00:00+09:00,678.0,688.0,677.0,687.0,119900
2026-04-07 00:00:00+09:00,687.0,696.0,687.0,695.0,122800
2026-04-08 00:00:00+09:00,696.0,709.0,696.0,709.0,156500
2026-04-09 00:00:00+09:00,709.0,715.0,699.0,701.0,171800
2026-04-10 00:00:00+09:00,700.0,709.0,696.0,701.0,154400
2026-04-13 00:00:00+09:00,696.0,703.0,688.0,688.0,164800
2026-04-14 00:00:00+09:00,694.0,698.0,682.0,686.0,204700
2026-04-15 00:00:00+09:00,690.0,699.0,687.0,692.0,195800
2026-04-16 00:00:00+09:00,700.0,709.0,692.0,696.0,262300
2026-04-17 00:00:00+09:00,696.0,703.0,695.0,698.0,193600
2026-04-20 00:00:00+09:00,700.0,703.0,688.0,692.0,153700
2026-04-21 00:00:00+09:00,693.0,696.0,684.0,690.0,216200
2026-04-22 00:00:00+09:00,695.0,695.0,680.0,682.0,142900
2026-04-23 00:00:00+09:00,674.0,674.0,667.0,673.0,225100
2026-04-24 00:00:00+09:00,668.0,670.0,657.0,658.0,181500
2026-04-27 00:00:00+09:00,654.0,657.0,648.0,651.0,228100
2026-04-28 00:00:00+09:00,650.0,664.0,648.0,664.0,281000
2026-04-30 00:00:00+09:00,660.0,662.0,651.0,659.0,400100
2026-05-01 00:00:00+09:00,,,,,167200
