Date,Open,High,Low,Close,Volume
2005-01-03 00:00:00+09:00,203.99424743652344,203.99424743652344,203.99424743652344,203.99424743652344,0
2005-01-04 00:00:00+09:00,203.99424743652344,203.99424743652344,203.99424743652344,203.99424743652344,0
2005-01-05 00:00:00+09:00,203.99424743652344,203.99424743652344,203.99424743652344,203.99424743652344,0
2005-01-06 00:00:00+09:00,203.99424743652344,203.99424743652344,203.99424743652344,203.99424743652344,0
2005-01-07 00:00:00+09:00,203.99424743652344,203.99424743652344,203.99424743652344,203.99424743652344,0
2005-01-10 00:00:00+09:00,203.99424743652344,203.99424743652344,203.99424743652344,203.99424743652344,0
2005-01-11 00:00:00+09:00,203.99424743652344,203.99424743652344,203.99424743652344,203.99424743652344,2000
2005-01-12 00:00:00+09:00,203.99424743652344,203.99424743652344,203.99424743652344,203.99424743652344,0
2005-01-13 00:00:00+09:00,203.99424743652344,203.99424743652344,203.99424743652344,203.99424743652344,0
2005-01-14 00:00:00+09:00,195.83446767378825,199.9143524169922,195.83446767378825,199.9143524169922,8000
2005-01-17 00:00:00+09:00,199.9143524169922,199.9143524169922,199.9143524169922,199.9143524169922,0
2005-01-18 00:00:00+09:00,199.9143524169922,199.9143524169922,199.9143524169922,199.9143524169922,0
2005-01-19 00:00:00+09:00,201.9543049621582,203.99424743652344,201.9543049621582,203.99424743652344,4000
2005-01-20 00:00:00+09:00,203.99424743652344,203.99424743652344,203.99424743652344,203.99424743652344,12000
2005-01-21 00:00:00+09:00,203.99424743652344,203.99424743652344,203.99424743652344,203.99424743652344,0
2005-01-24 00:00:00+09:00,203.99424743652344,203.99424743652344,203.99424743652344,203.99424743652344,0
2005-01-25 00:00:00+09:00,203.99424743652344,203.99424743652344,203.99424743652344,203.99424743652344,0
2005-01-26 00:00:00+09:00,203.99424743652344,203.99424743652344,203.99424743652344,203.99424743652344,2000
2005-01-27 00:00:00+09:00,203.99424743652344,203.99424743652344,203.99424743652344,203.99424743652344,2000
2005-01-28 00:00:00+09:00,203.99424743652344,203.99424743652344,203.99424743652344,203.99424743652344,2000
2005-01-31 00:00:00+09:00,203.99424743652344,203.99424743652344,203.99424743652344,203.99424743652344,4000
2005-02-01 00:00:00+09:00,203.99424743652344,203.99424743652344,203.99424743652344,203.99424743652344,0
2005-02-02 00:00:00+09:00,203.99424743652344,203.99424743652344,203.99424743652344,203.99424743652344,0
2005-02-03 00:00:00+09:00,203.99424743652344,203.99424743652344,203.99424743652344,203.99424743652344,2000
2005-02-04 00:00:00+09:00,203.99424743652344,203.99424743652344,203.99424743652344,203.99424743652344,0
2005-02-07 00:00:00+09:00,203.99424743652344,203.99424743652344,203.99424743652344,203.99424743652344,0
2005-02-08 00:00:00+09:00,203.99424743652344,203.99424743652344,203.99424743652344,203.99424743652344,2000
2005-02-09 00:00:00+09:00,203.99424743652344,203.99424743652344,203.99424743652344,203.99424743652344,0
2005-02-10 00:00:00+09:00,203.99424743652344,203.99424743652344,203.99424743652344,203.99424743652344,0
2005-02-11 00:00:00+09:00,203.99424743652344,203.99424743652344,203.99424743652344,203.99424743652344,0
2005-02-14 00:00:00+09:00,203.99424743652344,203.99424743652344,203.99424743652344,203.99424743652344,0
2005-02-15 00:00:00+09:00,203.99424743652344,203.99424743652344,203.99424743652344,203.99424743652344,0
2005-02-16 00:00:00+09:00,203.99424743652344,203.99424743652344,203.99424743652344,203.99424743652344,2000
2005-02-17 00:00:00+09:00,203.99424743652344,203.99424743652344,203.99424743652344,203.99424743652344,2000
2005-02-18 00:00:00+09:00,203.99424743652344,203.99424743652344,203.99424743652344,203.99424743652344,0
2005-02-21 00:00:00+09:00,208.07410724346454,212.15399169921875,208.07410724346454,212.15399169921875,10000
2005-02-22 00:00:00+09:00,212.15399169921875,212.15399169921875,212.15399169921875,212.15399169921875,0
2005-02-23 00:00:00+09:00,206.0341796875,206.0341796875,206.0341796875,206.0341796875,2000
2005-02-24 00:00:00+09:00,206.0341796875,206.0341796875,206.0341796875,206.0341796875,2000
2005-02-25 00:00:00+09:00,206.0341796875,206.0341796875,206.0341796875,206.0341796875,12000
2005-02-28 00:00:00+09:00,211.33802985767326,211.33802985767326,206.0341796875,206.0341796875,4000
2005-03-01 00:00:00+09:00,204.40223693847656,204.40223693847656,204.40223693847656,204.40223693847656,2000
2005-03-02 00:00:00+09:00,204.40223693847656,204.40223693847656,204.40223693847656,204.40223693847656,0
2005-03-03 00:00:00+09:00,204.4022256345165,204.4022256345165,199.9143524169922,199.9143524169922,10000
2005-03-04 00:00:00+09:00,199.9143524169922,199.9143524169922,199.9143524169922,199.9143524169922,0
2005-03-07 00:00:00+09:00,199.9143524169922,199.9143524169922,199.9143524169922,199.9143524169922,0
2005-03-08 00:00:00+09:00,199.9143524169922,199.9143524169922,199.9143524169922,199.9143524169922,0
2005-03-09 00:00:00+09:00,199.9143524169922,199.9143524169922,199.9143524169922,199.9143524169922,0
2005-03-10 00:00:00+09:00,199.9143524169922,199.9143524169922,199.9143524169922,199.9143524169922,0
2005-03-11 00:00:00+09:00,199.9143524169922,199.9143524169922,199.9143524169922,199.9143524169922,0
2005-03-14 00:00:00+09:00,199.9143524169922,199.9143524169922,199.9143524169922,199.9143524169922,0
2005-03-15 00:00:00+09:00,206.03415455537683,208.0740966796875,206.03415455537683,208.0740966796875,8000
2005-03-16 00:00:00+09:00,208.0740966796875,208.0740966796875,208.0740966796875,208.0740966796875,4000
2005-03-17 00:00:00+09:00,208.0740966796875,208.0740966796875,208.0740966796875,208.0740966796875,4000
2005-03-18 00:00:00+09:00,208.07410516333857,211.3380126953125,204.81019763136464,211.3380126953125,10000
2005-03-21 00:00:00+09:00,211.3380126953125,211.3380126953125,211.3380126953125,211.3380126953125,0
2005-03-22 00:00:00+09:00,210.52206439172434,210.52206439172434,204.40223693847656,204.40223693847656,16000
2005-03-23 00:00:00+09:00,204.40223693847656,204.40223693847656,204.40223693847656,204.40223693847656,0
2005-03-24 00:00:00+09:00,208.0740966796875,208.0740966796875,208.0740966796875,208.0740966796875,2000
2005-03-25 00:00:00+09:00,208.07410724346454,212.15399169921875,208.07410724346454,212.15399169921875,6000
2005-03-28 00:00:00+09:00,212.15399169921875,212.15399169921875,212.15399169921875,212.15399169921875,0
2005-03-29 00:00:00+09:00,212.15399169921875,212.15399169921875,212.15399169921875,212.15399169921875,2000
2005-03-30 00:00:00+09:00,220.31373596191406,220.31373596191406,220.31373596191406,220.31373596191406,2000
2005-03-31 00:00:00+09:00,220.31373596191406,220.31373596191406,220.31373596191406,220.31373596191406,0
2005-04-01 00:00:00+09:00,219.9057475619846,220.31373596191406,219.9057475619846,220.31373596191406,4000
2005-04-04 00:00:00+09:00,220.31373596191406,220.31373596191406,220.31373596191406,220.31373596191406,0
2005-04-05 00:00:00+09:00,224.3936309814453,224.3936309814453,224.3936309814453,224.3936309814453,2000
2005-04-06 00:00:00+09:00,212.15399169921875,212.15399169921875,212.15399169921875,212.15399169921875,2000
2005-04-07 00:00:00+09:00,212.15399169921875,212.15399169921875,212.15399169921875,212.15399169921875,0
2005-04-08 00:00:00+09:00,212.15399169921875,212.15399169921875,212.15399169921875,212.15399169921875,0
2005-04-11 00:00:00+09:00,212.15399169921875,212.15399169921875,212.15399169921875,212.15399169921875,0
2005-04-12 00:00:00+09:00,220.7217559814453,220.7217559814453,220.7217559814453,220.7217559814453,2000
2005-04-13 00:00:00+09:00,220.7217559814453,220.7217559814453,220.7217559814453,220.7217559814453,0
2005-04-14 00:00:00+09:00,220.7217559814453,220.7217559814453,220.7217559814453,220.7217559814453,0
2005-04-15 00:00:00+09:00,220.7217559814453,220.7217559814453,220.7217559814453,220.7217559814453,0
2005-04-18 00:00:00+09:00,224.3936309814453,224.3936309814453,224.3936309814453,224.3936309814453,2000
2005-04-19 00:00:00+09:00,232.5534210205078,232.5534210205078,232.5534210205078,232.5534210205078,2000
2005-04-20 00:00:00+09:00,240.71321795510292,248.8729880552759,224.80166625976562,224.80166625976562,12000
2005-04-21 00:00:00+09:00,224.80166625976562,224.80166625976562,224.80166625976562,224.80166625976562,0
2005-04-22 00:00:00+09:00,224.80166625976562,224.80166625976562,224.80166625976562,224.80166625976562,0
2005-04-25 00:00:00+09:00,224.80166625976562,224.80166625976562,224.80166625976562,224.80166625976562,0
2005-04-26 00:00:00+09:00,234.1853790283203,234.1853790283203,234.1853790283203,234.1853790283203,6000
2005-04-27 00:00:00+09:00,234.1853790283203,234.1853790283203,234.1853790283203,234.1853790283203,0
2005-04-28 00:00:00+09:00,232.5534210205078,232.5534210205078,232.5534210205078,232.5534210205078,4000
2005-04-29 00:00:00+09:00,232.5534210205078,232.5534210205078,232.5534210205078,232.5534210205078,0
2005-05-02 00:00:00+09:00,232.5534210205078,232.5534210205078,232.5534210205078,232.5534210205078,0
2005-05-03 00:00:00+09:00,232.5534210205078,232.5534210205078,232.5534210205078,232.5534210205078,0
2005-05-04 00:00:00+09:00,232.5534210205078,232.5534210205078,232.5534210205078,232.5534210205078,0
2005-05-05 00:00:00+09:00,232.5534210205078,232.5534210205078,232.5534210205078,232.5534210205078,0
2005-05-06 00:00:00+09:00,232.5534210205078,232.5534210205078,232.5534210205078,232.5534210205078,0
2005-05-09 00:00:00+09:00,234.59335327148438,234.59335327148438,234.59335327148438,234.59335327148438,2000
2005-05-10 00:00:00+09:00,234.59335327148438,234.59335327148438,234.59335327148438,234.59335327148438,8000
2005-05-11 00:00:00+09:00,238.6732635498047,238.6732635498047,238.6732635498047,238.6732635498047,2000
2005-05-12 00:00:00+09:00,232.5534003603775,232.5534003603775,230.51345825195315,230.51345825195312,4000
2005-05-13 00:00:00+09:00,234.59335327148438,234.59335327148438,234.59335327148438,234.59335327148438,2000
2005-05-16 00:00:00+09:00,234.59335327148438,234.59335327148438,234.59335327148438,234.59335327148438,0
2005-05-17 00:00:00+09:00,237.04128391431723,237.4492723547894,234.59335327148438,234.59335327148438,6000
2005-05-18 00:00:00+09:00,234.59335327148438,234.59335327148438,234.59335327148438,234.59335327148438,0
2005-05-19 00:00:00+09:00,236.63328552246094,236.63328552246094,236.63328552246094,236.63328552246094,4000
2005-05-20 00:00:00+09:00,240.71319017912214,240.71319017912214,232.5534210205078,232.5534210205078,12000
2005-05-23 00:00:00+09:00,232.5534210205078,232.5534210205078,232.5534210205078,232.5534210205078,2000
2005-05-24 00:00:00+09:00,232.5534210205078,232.5534210205078,232.5534210205078,232.5534210205078,0
2005-05-25 00:00:00+09:00,236.63328552246094,236.63328552246094,236.63328552246094,236.63328552246094,8000
2005-05-26 00:00:00+09:00,232.5534210205078,232.5534210205078,232.5534210205078,232.5534210205078,2000
2005-05-27 00:00:00+09:00,232.5534210205078,232.5534210205078,232.5534210205078,232.5534210205078,0
2005-05-30 00:00:00+09:00,232.5534210205078,232.5534210205078,232.5534210205078,232.5534210205078,0
2005-05-31 00:00:00+09:00,232.5533565137752,236.6332399613853,231.3293914794922,231.3293914794922,8000
2005-06-01 00:00:00+09:00,231.3293914794922,231.3293914794922,231.3293914794922,231.3293914794922,0
2005-06-02 00:00:00+09:00,231.3293914794922,231.3293914794922,231.3293914794922,231.3293914794922,0
2005-06-03 00:00:00+09:00,231.3293914794922,231.3293914794922,231.3293914794922,231.3293914794922,0
2005-06-06 00:00:00+09:00,231.3293914794922,231.3293914794922,231.3293914794922,231.3293914794922,2000
2005-06-07 00:00:00+09:00,231.3293914794922,231.3293914794922,231.3293914794922,231.3293914794922,0
2005-06-08 00:00:00+09:00,231.3293914794922,231.3293914794922,231.3293914794922,231.3293914794922,0
2005-06-09 00:00:00+09:00,231.3293914794922,231.3293914794922,231.3293914794922,231.3293914794922,0
2005-06-10 00:00:00+09:00,231.3293914794922,231.3293914794922,231.3293914794922,231.3293914794922,0
2005-06-13 00:00:00+09:00,231.3293914794922,231.3293914794922,231.3293914794922,231.3293914794922,0
2005-06-14 00:00:00+09:00,231.3293914794922,231.3293914794922,231.3293914794922,231.3293914794922,0
2005-06-15 00:00:00+09:00,247.64897155761716,247.64897155761716,247.64897155761716,247.6489715576172,2000
2005-06-16 00:00:00+09:00,248.0569523111979,248.0569523111979,244.7930450439453,244.7930450439453,8000
2005-06-17 00:00:00+09:00,244.7930163871951,250.91284179687497,241.1211211413872,250.912841796875,14000
2005-06-20 00:00:00+09:00,246.83301720634734,250.91290178827043,246.83301720634734,250.50491333007812,12000
2005-06-21 00:00:00+09:00,244.79307080878587,248.87295532226562,244.79307080878587,248.87295532226562,4000
2005-06-22 00:00:00+09:00,248.87295532226562,248.87295532226562,248.87295532226562,248.87295532226562,0
2005-06-23 00:00:00+09:00,248.87295532226562,248.87295532226562,244.79307080878587,248.87295532226562,8000
2005-06-24 00:00:00+09:00,248.87295532226562,248.87295532226562,248.87295532226562,248.87295532226562,8000
2005-06-27 00:00:00+09:00,248.87295532226562,248.87295532226562,248.87295532226562,248.87295532226562,0
2005-06-28 00:00:00+09:00,230.10549926757812,230.10549926757812,230.10549926757812,230.10549926757812,2000
2005-06-29 00:00:00+09:00,228.47350396050348,230.10545756022137,220.31373596191406,220.31373596191406,6000
2005-06-30 00:00:00+09:00,220.31380246720224,220.31380246720224,216.23391723632812,216.23391723632812,4000
2005-07-01 00:00:00+09:00,214.19395446777344,214.19395446777344,214.19395446777344,214.19395446777344,2000
2005-07-04 00:00:00+09:00,214.19395446777344,214.19395446777344,214.19395446777344,214.19395446777344,0
2005-07-05 00:00:00+09:00,214.19395446777344,214.19395446777344,214.19395446777344,214.19395446777344,0
2005-07-06 00:00:00+09:00,214.19395446777344,214.19395446777344,214.19395446777344,214.19395446777344,0
2005-07-07 00:00:00+09:00,220.7217559814453,220.7217559814453,220.7217559814453,220.7217559814453,2000
2005-07-08 00:00:00+09:00,220.7217559814453,220.7217559814453,220.7217559814453,220.7217559814453,0
2005-07-11 00:00:00+09:00,220.7217559814453,220.7217559814453,220.7217559814453,220.7217559814453,0
2005-07-12 00:00:00+09:00,220.7217559814453,220.7217559814453,220.7217559814453,220.7217559814453,0
2005-07-13 00:00:00+09:00,220.31373596191406,220.31373596191406,220.31373596191406,220.31373596191406,2000
2005-07-14 00:00:00+09:00,220.31373596191406,220.31373596191406,220.31373596191406,220.31373596191406,0
2005-07-15 00:00:00+09:00,225.2096405029297,225.2096405029297,225.2096405029297,225.2096405029297,4000
2005-07-18 00:00:00+09:00,225.2096405029297,225.2096405029297,225.2096405029297,225.2096405029297,0
2005-07-19 00:00:00+09:00,228.47353918150762,228.47353918150762,227.65756225585938,227.65756225585938,4000
2005-07-20 00:00:00+09:00,231.73739624023438,231.73739624023438,231.73739624023438,231.73739624023438,8000
2005-07-21 00:00:00+09:00,231.73739624023438,231.73739624023438,231.73739624023438,231.73739624023438,0
2005-07-22 00:00:00+09:00,231.73739624023438,231.73739624023438,231.73739624023438,231.73739624023438,0
2005-07-25 00:00:00+09:00,218.27378845214847,218.27378845214847,218.27378845214847,218.27378845214844,2000
2005-07-26 00:00:00+09:00,218.27378845214847,218.27378845214847,218.27378845214847,218.27378845214844,0
2005-07-27 00:00:00+09:00,218.27378845214847,218.27378845214847,218.27378845214847,218.27378845214844,0
2005-07-28 00:00:00+09:00,218.27378845214847,218.27378845214847,218.27378845214847,218.27378845214844,0
2005-07-29 00:00:00+09:00,218.27382874720305,218.27382874720305,210.1140594482422,210.1140594482422,6000
2005-08-01 00:00:00+09:00,209.70607098329415,210.1140594482422,209.70607098329415,210.1140594482422,8000
2005-08-02 00:00:00+09:00,210.1140594482422,210.1140594482422,210.1140594482422,210.1140594482422,0
2005-08-03 00:00:00+09:00,210.1140594482422,210.1140594482422,210.1140594482422,210.1140594482422,0
2005-08-04 00:00:00+09:00,210.1140594482422,210.1140594482422,210.1140594482422,210.1140594482422,0
2005-08-05 00:00:00+09:00,200.3223114013672,200.3223114013672,200.3223114013672,200.3223114013672,2000
2005-08-08 00:00:00+09:00,200.3223114013672,200.3223114013672,200.3223114013672,200.3223114013672,0
2005-08-09 00:00:00+09:00,208.8900909423828,208.8900909423828,208.8900909423828,208.8900909423828,2000
2005-08-10 00:00:00+09:00,208.8900909423828,208.8900909423828,208.8900909423828,208.8900909423828,0
2005-08-11 00:00:00+09:00,208.8900909423828,208.8900909423828,208.8900909423828,208.8900909423828,0
2005-08-12 00:00:00+09:00,208.8900909423828,208.8900909423828,208.8900909423828,208.8900909423828,0
2005-08-15 00:00:00+09:00,208.8900909423828,208.8900909423828,208.8900909423828,208.8900909423828,0
2005-08-16 00:00:00+09:00,212.96998596191406,212.96998596191406,212.96998596191406,212.96998596191406,2000
2005-08-17 00:00:00+09:00,212.96998596191406,212.96998596191406,212.96998596191406,212.96998596191406,0
2005-08-18 00:00:00+09:00,212.154032005454,216.23391723632812,212.154032005454,216.23391723632812,4000
2005-08-19 00:00:00+09:00,212.15399169921875,212.15399169921875,212.15399169921875,212.15399169921875,2000
2005-08-22 00:00:00+09:00,212.15399169921875,216.23387615497296,212.15399169921875,212.15399169921875,26000
2005-08-23 00:00:00+09:00,212.15399169921875,212.15399169921875,212.15399169921875,212.15399169921875,0
2005-08-24 00:00:00+09:00,216.23391723632812,216.23391723632812,216.23391723632812,216.23391723632812,2000
2005-08-25 00:00:00+09:00,216.23391723632812,216.23391723632812,216.23391723632812,216.23391723632812,0
2005-08-26 00:00:00+09:00,216.23391723632812,216.23391723632812,216.23391723632812,216.23391723632812,0
2005-08-29 00:00:00+09:00,216.23391723632812,216.23391723632812,216.23391723632812,216.23391723632812,0
2005-08-30 00:00:00+09:00,216.23391723632812,216.23391723632812,216.23391723632812,216.23391723632812,0
2005-08-31 00:00:00+09:00,211.74600219726562,211.74600219726562,211.74600219726562,211.74600219726562,2000
2005-09-01 00:00:00+09:00,211.74600219726562,211.74600219726562,211.74600219726562,211.74600219726562,0
2005-09-02 00:00:00+09:00,211.74600219726562,211.74600219726562,211.74600219726562,211.74600219726562,0
2005-09-05 00:00:00+09:00,211.74600219726562,211.74600219726562,211.74600219726562,211.74600219726562,0
2005-09-06 00:00:00+09:00,203.99424743652344,203.99424743652344,203.99424743652344,203.99424743652344,2000
2005-09-07 00:00:00+09:00,203.99424743652344,203.99424743652344,203.99424743652344,203.99424743652344,0
2005-09-08 00:00:00+09:00,203.99424743652344,203.99424743652344,203.99424743652344,203.99424743652344,0
2005-09-09 00:00:00+09:00,203.99424743652344,203.99424743652344,203.99424743652344,203.99424743652344,0
2005-09-12 00:00:00+09:00,203.99424743652344,203.99424743652344,203.99424743652344,203.99424743652344,0
2005-09-13 00:00:00+09:00,208.0740966796875,208.0740966796875,208.0740966796875,208.0740966796875,12000
2005-09-14 00:00:00+09:00,209.29806518554688,209.29806518554688,209.29806518554688,209.29806518554688,2000
2005-09-15 00:00:00+09:00,209.29806518554688,209.29806518554688,209.29806518554688,209.29806518554688,0
2005-09-16 00:00:00+09:00,209.29807258019082,212.15399169921875,209.29807258019082,212.15399169921875,10000
2005-09-19 00:00:00+09:00,212.15399169921875,212.15399169921875,212.15399169921875,212.15399169921875,0
2005-09-20 00:00:00+09:00,212.154032005454,216.23391723632812,212.154032005454,216.23391723632812,12000
2005-09-21 00:00:00+09:00,212.15399169921875,212.15399169921875,212.15399169921875,212.15399169921875,2000
2005-09-22 00:00:00+09:00,216.23391723632812,216.23391723632812,216.23391723632812,216.23391723632812,6000
2005-09-23 00:00:00+09:00,216.23391723632812,216.23391723632812,216.23391723632812,216.23391723632812,0
2005-09-26 00:00:00+09:00,216.23391723632812,216.23391723632812,216.23391723632812,216.23391723632812,6000
2005-09-27 00:00:00+09:00,216.23391723632812,216.23391723632812,216.23391723632812,216.23391723632812,0
2005-09-28 00:00:00+09:00,216.23391723632812,216.23391723632812,216.23391723632812,216.23391723632812,0
2005-09-29 00:00:00+09:00,216.23391723632812,216.23391723632812,216.23391723632812,216.23391723632812,2000
2005-09-30 00:00:00+09:00,216.6418914794922,216.6418914794922,216.6418914794922,216.6418914794922,2000
2005-10-03 00:00:00+09:00,216.6418914794922,216.6418914794922,216.6418914794922,216.6418914794922,0
2005-10-04 00:00:00+09:00,218.27378845214847,218.27378845214847,218.27378845214847,218.27378845214844,18000
2005-10-05 00:00:00+09:00,218.27378845214847,218.27378845214847,218.27378845214847,218.27378845214844,0
2005-10-06 00:00:00+09:00,228.47352600097656,228.47352600097656,228.47352600097656,228.47352600097656,2000
2005-10-07 00:00:00+09:00,228.47352600097656,228.47352600097656,228.47352600097656,228.47352600097656,0
2005-10-10 00:00:00+09:00,228.47352600097656,228.47352600097656,228.47352600097656,228.47352600097656,0
2005-10-11 00:00:00+09:00,228.47352600097656,228.47352600097656,228.47352600097656,228.47352600097656,0
2005-10-12 00:00:00+09:00,228.47352600097656,228.47352600097656,228.47352600097656,228.47352600097656,0
2005-10-13 00:00:00+09:00,232.5534210205078,232.5534210205078,232.5534210205078,232.5534210205078,2000
2005-10-14 00:00:00+09:00,232.5534210205078,232.5534210205078,232.5534210205078,232.5534210205078,0
2005-10-17 00:00:00+09:00,235.00137329101562,235.00137329101562,235.00137329101562,235.00137329101562,2000
2005-10-18 00:00:00+09:00,235.00137329101562,235.00137329101562,235.00137329101562,235.00137329101562,0
2005-10-19 00:00:00+09:00,231.3293914794922,231.3293914794922,231.3293914794922,231.3293914794922,2000
2005-10-20 00:00:00+09:00,271.3123779296875,271.3123779296875,271.3123779296875,271.3123779296875,14000
2005-10-21 00:00:00+09:00,268.0484619140625,268.0484619140625,268.0484619140625,268.0484619140625,4000
2005-10-24 00:00:00+09:00,268.0484619140625,268.0484619140625,268.0484619140625,268.0484619140625,0
2005-10-25 00:00:00+09:00,265.1925354003906,265.1925354003906,265.1925354003906,265.1925354003906,4000
2005-10-26 00:00:00+09:00,228.47356891786146,252.54489135742188,228.47356891786146,252.54489135742188,4000
2005-10-27 00:00:00+09:00,236.2252960205078,236.2252960205078,236.2252960205078,236.2252960205078,4000
2005-10-28 00:00:00+09:00,243.16117858886716,243.16117858886716,243.16117858886716,243.1611785888672,2000
2005-10-31 00:00:00+09:00,243.16117858886716,243.16117858886716,243.16117858886716,243.1611785888672,0
2005-11-01 00:00:00+09:00,246.42503356933594,246.42503356933594,246.42503356933594,246.42503356933594,2000
2005-11-02 00:00:00+09:00,246.42503356933594,246.42503356933594,246.42503356933594,246.42503356933594,0
2005-11-03 00:00:00+09:00,246.42503356933594,246.42503356933594,246.42503356933594,246.42503356933594,0
2005-11-04 00:00:00+09:00,246.42503356933594,246.42503356933594,246.42503356933594,246.42503356933594,2000
2005-11-07 00:00:00+09:00,246.42503356933594,246.42503356933594,246.42503356933594,246.42503356933594,0
2005-11-08 00:00:00+09:00,244.7930450439453,244.7930450439453,244.7930450439453,244.7930450439453,2000
2005-11-09 00:00:00+09:00,244.7930450439453,244.7930450439453,244.7930450439453,244.7930450439453,6000
2005-11-10 00:00:00+09:00,244.7930450439453,244.7930450439453,244.7930450439453,244.7930450439453,0
2005-11-11 00:00:00+09:00,244.7930450439453,244.7930450439453,244.7930450439453,244.7930450439453,2000
2005-11-14 00:00:00+09:00,244.7930450439453,244.7930450439453,244.7930450439453,244.7930450439453,0
2005-11-15 00:00:00+09:00,244.7930450439453,244.7930450439453,244.7930450439453,244.7930450439453,0
2005-11-16 00:00:00+09:00,244.7930450439453,244.7930450439453,244.7930450439453,244.7930450439453,0
2005-11-17 00:00:00+09:00,244.7930450439453,244.7930450439453,244.7930450439453,244.7930450439453,4000
2005-11-18 00:00:00+09:00,244.7930450439453,244.7930450439453,244.7930450439453,244.7930450439453,2000
2005-11-21 00:00:00+09:00,248.46495056152344,248.46495056152344,248.46495056152344,248.46495056152344,8000
2005-11-22 00:00:00+09:00,248.46495056152344,248.46495056152344,248.46495056152344,248.46495056152344,0
2005-11-23 00:00:00+09:00,248.46495056152344,248.46495056152344,248.46495056152344,248.46495056152344,0
2005-11-24 00:00:00+09:00,248.46495056152344,248.46495056152344,248.46495056152344,248.46495056152344,0
2005-11-25 00:00:00+09:00,244.38507080078125,244.38507080078125,244.38507080078125,244.38507080078125,2000
2005-11-28 00:00:00+09:00,244.38507080078125,244.38507080078125,244.38507080078125,244.38507080078125,0
2005-11-29 00:00:00+09:00,244.7930450439453,244.7930450439453,244.7930450439453,244.7930450439453,2000
2005-11-30 00:00:00+09:00,246.8330230712891,246.8330230712891,246.8330230712891,246.83302307128906,2000
2005-12-01 00:00:00+09:00,246.8330230712891,246.8330230712891,246.8330230712891,246.83302307128906,0
2005-12-02 00:00:00+09:00,252.9528350830078,252.9528350830078,252.9528350830078,252.9528350830078,2000
2005-12-05 00:00:00+09:00,252.9528350830078,252.9528350830078,252.9528350830078,252.9528350830078,0
2005-12-06 00:00:00+09:00,252.9528350830078,252.9528350830078,252.9528350830078,252.9528350830078,0
2005-12-07 00:00:00+09:00,252.9528350830078,252.9528350830078,252.9528350830078,252.9528350830078,0
2005-12-08 00:00:00+09:00,252.9528350830078,252.9528350830078,252.9528350830078,252.9528350830078,0
2005-12-09 00:00:00+09:00,252.9528350830078,252.9528350830078,252.9528350830078,252.9528350830078,0
2005-12-12 00:00:00+09:00,252.9528350830078,252.9528350830078,252.9528350830078,252.9528350830078,0
2005-12-13 00:00:00+09:00,252.9528350830078,252.9528350830078,252.9528350830078,252.9528350830078,0
2005-12-14 00:00:00+09:00,244.7930450439453,244.7930450439453,244.7930450439453,244.7930450439453,4000
2005-12-15 00:00:00+09:00,244.7930450439453,244.7930450439453,244.7930450439453,244.7930450439453,0
2005-12-16 00:00:00+09:00,244.7930450439453,244.7930450439453,244.7930450439453,244.7930450439453,0
2005-12-19 00:00:00+09:00,244.38505663553875,244.7930450439453,241.9371261850993,244.7930450439453,10000
2005-12-20 00:00:00+09:00,243.5691385683806,243.9771270751953,243.5691385683806,243.9771270751953,12000
2005-12-21 00:00:00+09:00,243.9771270751953,243.9771270751953,243.9771270751953,243.9771270751953,0
2005-12-22 00:00:00+09:00,231.73739624023438,231.73739624023438,231.73739624023438,231.73739624023438,2000
2005-12-23 00:00:00+09:00,231.73739624023438,231.73739624023438,231.73739624023438,231.73739624023438,0
2005-12-26 00:00:00+09:00,231.73739624023438,231.73739624023438,231.73739624023438,231.73739624023438,0
2005-12-27 00:00:00+09:00,233.3694000244141,233.3694000244141,233.3694000244141,233.36940002441406,2000
2005-12-28 00:00:00+09:00,233.77738370600437,237.44927978515625,233.77738370600437,237.44927978515625,4000
2005-12-29 00:00:00+09:00,237.44927978515625,237.44927978515625,237.44927978515625,237.44927978515625,0
2005-12-30 00:00:00+09:00,240.30516052246094,240.30516052246094,240.30516052246094,240.30516052246094,4000
2006-01-02 00:00:00+09:00,240.30516052246094,240.30516052246094,240.30516052246094,240.30516052246094,0
2006-01-03 00:00:00+09:00,240.30516052246094,240.30516052246094,240.30516052246094,240.30516052246094,0
2006-01-04 00:00:00+09:00,240.30516052246094,240.30516052246094,240.30516052246094,240.30516052246094,0
2006-01-05 00:00:00+09:00,240.305172551473,244.7930450439453,240.305172551473,244.7930450439453,4000
2006-01-06 00:00:00+09:00,244.7930450439453,244.7930450439453,244.7930450439453,244.7930450439453,0
2006-01-09 00:00:00+09:00,244.7930450439453,244.7930450439453,244.7930450439453,244.7930450439453,0
2006-01-10 00:00:00+09:00,244.7930450439453,244.7930450439453,244.7930450439453,244.7930450439453,0
2006-01-11 00:00:00+09:00,244.7930450439453,244.7930450439453,244.7930450439453,244.7930450439453,0
2006-01-12 00:00:00+09:00,244.7930450439453,244.7930450439453,244.7930450439453,244.7930450439453,2000
2006-01-13 00:00:00+09:00,240.71316095987956,244.7930450439453,240.71316095987956,244.7930450439453,4000
2006-01-16 00:00:00+09:00,244.7930450439453,244.7930450439453,244.7930450439453,244.7930450439453,0
2006-01-17 00:00:00+09:00,245.20103454589844,245.20103454589844,245.20103454589844,245.20103454589844,4000
2006-01-18 00:00:00+09:00,245.20103454589844,245.20103454589844,245.20103454589844,245.20103454589844,2000
2006-01-19 00:00:00+09:00,245.6090113075034,252.13682556152344,245.6090113075034,252.13682556152344,4000
2006-01-20 00:00:00+09:00,250.09686279296875,250.09686279296875,250.09686279296875,250.09686279296875,8000
2006-01-23 00:00:00+09:00,250.09686279296875,250.09686279296875,250.09686279296875,250.09686279296875,4000
2006-01-24 00:00:00+09:00,250.09686279296875,250.09686279296875,250.09686279296875,250.09686279296875,0
2006-01-25 00:00:00+09:00,250.09686279296875,250.09686279296875,250.09686279296875,250.09686279296875,2000
2006-01-26 00:00:00+09:00,250.09686279296875,250.09686279296875,250.09686279296875,250.09686279296875,0
2006-01-27 00:00:00+09:00,248.87295532226562,248.87295532226562,248.87295532226562,248.87295532226562,4000
2006-01-30 00:00:00+09:00,244.7930450439453,244.7930450439453,244.7930450439453,244.7930450439453,6000
2006-01-31 00:00:00+09:00,244.7930450439453,244.7930450439453,244.7930450439453,244.7930450439453,2000
2006-02-01 00:00:00+09:00,244.7930450439453,244.7930450439453,244.7930450439453,244.7930450439453,2000
2006-02-02 00:00:00+09:00,244.7930450439453,244.7930450439453,244.7930450439453,244.7930450439453,0
2006-02-03 00:00:00+09:00,252.9528500895855,252.9528500895855,246.8330230712891,246.83302307128906,8000
2006-02-06 00:00:00+09:00,248.46495056152344,248.46495056152344,248.46495056152344,248.46495056152344,2000
2006-02-07 00:00:00+09:00,248.87295532226562,248.87295532226562,248.87295532226562,248.87295532226562,4000
2006-02-08 00:00:00+09:00,248.87295532226562,248.87295532226562,248.87295532226562,248.87295532226562,4000
2006-02-09 00:00:00+09:00,244.7930450439453,244.7930450439453,244.7930450439453,244.7930450439453,6000
2006-02-10 00:00:00+09:00,232.9613800048828,232.9613800048828,232.9613800048828,232.9613800048828,2000
2006-02-13 00:00:00+09:00,232.9613800048828,232.9613800048828,232.9613800048828,232.9613800048828,0
2006-02-14 00:00:00+09:00,232.9613800048828,232.9613800048828,232.9613800048828,232.9613800048828,0
2006-02-15 00:00:00+09:00,232.9613800048828,232.9613800048828,232.9613800048828,232.9613800048828,0
2006-02-16 00:00:00+09:00,243.56907981872558,244.7930450439453,243.56907981872558,244.7930450439453,8000
2006-02-17 00:00:00+09:00,248.87295532226562,248.87295532226562,248.87295532226562,248.87295532226562,2000
2006-02-20 00:00:00+09:00,248.87291843451342,252.13682556152344,248.87291843451342,252.13682556152344,10000
2006-02-21 00:00:00+09:00,245.20103454589844,245.20103454589844,245.20103454589844,245.20103454589844,2000
2006-02-22 00:00:00+09:00,245.20103454589844,245.20103454589844,245.20103454589844,245.20103454589844,0
2006-02-23 00:00:00+09:00,244.7930450439453,244.7930450439453,244.7930450439453,244.7930450439453,6000
2006-02-24 00:00:00+09:00,245.20103454589844,245.20103454589844,245.20103454589844,245.20103454589844,2000
2006-02-27 00:00:00+09:00,244.7930450439453,244.7930450439453,244.7930450439453,244.7930450439453,2000
2006-02-28 00:00:00+09:00,252.54482480367025,252.54482480367025,244.7930450439453,244.7930450439453,4000
2006-03-01 00:00:00+09:00,244.7930450439453,244.7930450439453,244.7930450439453,244.7930450439453,0
2006-03-02 00:00:00+09:00,244.7930450439453,244.7930450439453,244.7930450439453,244.7930450439453,0
2006-03-03 00:00:00+09:00,244.7930450439453,244.7930450439453,244.7930450439453,244.7930450439453,0
2006-03-06 00:00:00+09:00,244.7930450439453,244.7930450439453,244.7930450439453,244.7930450439453,0
2006-03-07 00:00:00+09:00,244.7930450439453,244.7930450439453,244.7930450439453,244.7930450439453,0
2006-03-08 00:00:00+09:00,244.7930450439453,244.7930450439453,244.7930450439453,244.7930450439453,0
2006-03-09 00:00:00+09:00,244.7930450439453,244.7930450439453,244.7930450439453,244.7930450439453,0
2006-03-10 00:00:00+09:00,246.0170440673828,246.0170440673828,246.0170440673828,246.0170440673828,4000
2006-03-13 00:00:00+09:00,246.0170440673828,246.0170440673828,246.0170440673828,246.0170440673828,0
2006-03-14 00:00:00+09:00,246.0170440673828,246.0170440673828,246.0170440673828,246.0170440673828,0
2006-03-15 00:00:00+09:00,246.0170440673828,246.0170440673828,246.0170440673828,246.0170440673828,0
2006-03-16 00:00:00+09:00,246.0170440673828,246.0170440673828,246.0170440673828,246.0170440673828,0
2006-03-17 00:00:00+09:00,248.87295532226562,248.87295532226562,248.87295532226562,248.87295532226562,2000
2006-03-20 00:00:00+09:00,246.8330430908203,254.99281311035153,246.8330430908203,254.99281311035156,12000
2006-03-21 00:00:00+09:00,254.99281311035153,254.99281311035153,254.99281311035153,254.99281311035156,0
2006-03-22 00:00:00+09:00,254.99281311035153,254.99281311035153,254.99281311035153,254.99281311035156,0
2006-03-23 00:00:00+09:00,254.99281311035153,254.99281311035153,254.99281311035153,254.99281311035156,0
2006-03-24 00:00:00+09:00,252.13683639526369,252.13683639526369,244.7930450439453,244.7930450439453,4000
2006-03-27 00:00:00+09:00,244.7930450439453,244.7930450439453,244.7930450439453,244.7930450439453,2000
2006-03-28 00:00:00+09:00,244.7930450439453,244.7930450439453,244.7930450439453,244.7930450439453,0
2006-03-29 00:00:00+09:00,244.7930450439453,244.7930450439453,244.7930450439453,244.7930450439453,0
2006-03-30 00:00:00+09:00,244.7930450439453,244.7930450439453,244.7930450439453,244.7930450439453,2000
2006-03-31 00:00:00+09:00,257.03273368987027,257.03273368987027,246.42503356933594,246.42503356933594,4000
2006-04-03 00:00:00+09:00,256.6247863769531,256.6247863769531,256.6247863769531,256.6247863769531,2000
2006-04-04 00:00:00+09:00,256.6247863769531,256.6247863769531,256.6247863769531,256.6247863769531,0
2006-04-05 00:00:00+09:00,256.6247863769531,256.6247863769531,256.6247863769531,256.6247863769531,0
2006-04-06 00:00:00+09:00,252.13682556152344,252.13682556152344,252.13682556152344,252.13682556152344,2000
2006-04-07 00:00:00+09:00,252.13682556152344,252.13682556152344,252.13682556152344,252.13682556152344,0
2006-04-10 00:00:00+09:00,252.13682556152344,252.13682556152344,252.13682556152344,252.13682556152344,0
2006-04-11 00:00:00+09:00,252.13682556152344,252.13682556152344,252.13682556152344,252.13682556152344,0
2006-04-12 00:00:00+09:00,252.13682556152344,252.13682556152344,252.13682556152344,252.13682556152344,0
2006-04-13 00:00:00+09:00,252.13682556152344,252.13682556152344,252.13682556152344,252.13682556152344,0
2006-04-14 00:00:00+09:00,257.0326843261719,257.0326843261719,257.0326843261719,257.0326843261719,2000
2006-04-17 00:00:00+09:00,257.0326843261719,257.0326843261719,257.0326843261719,257.0326843261719,2000
2006-04-18 00:00:00+09:00,257.0326843261719,257.0326843261719,257.0326843261719,257.0326843261719,0
2006-04-19 00:00:00+09:00,257.0326843261719,257.0326843261719,257.0326843261719,257.0326843261719,2000
2006-04-20 00:00:00+09:00,269.2723693847656,269.2723693847656,269.2723693847656,269.2723693847656,8000
2006-04-21 00:00:00+09:00,269.2723693847656,269.2723693847656,269.2723693847656,269.2723693847656,0
2006-04-24 00:00:00+09:00,269.2723693847656,269.2723693847656,269.2723693847656,269.2723693847656,0
2006-04-25 00:00:00+09:00,269.2723693847656,269.2723693847656,269.2723693847656,269.2723693847656,0
2006-04-26 00:00:00+09:00,265.1925354003906,265.1925354003906,265.1925354003906,265.1925354003906,2000
2006-04-27 00:00:00+09:00,265.1925354003906,265.1925354003906,265.1925354003906,265.1925354003906,0
2006-04-28 00:00:00+09:00,265.1925354003906,265.1925354003906,265.1925354003906,265.1925354003906,0
2006-05-01 00:00:00+09:00,265.1925354003906,265.1925354003906,265.1925354003906,265.1925354003906,0
2006-05-02 00:00:00+09:00,265.1925354003906,265.1925354003906,265.1925354003906,265.1925354003906,0
2006-05-03 00:00:00+09:00,265.1925354003906,265.1925354003906,265.1925354003906,265.1925354003906,0
2006-05-04 00:00:00+09:00,265.1925354003906,265.1925354003906,265.1925354003906,265.1925354003906,0
2006-05-05 00:00:00+09:00,265.1925354003906,265.1925354003906,265.1925354003906,265.1925354003906,0
2006-05-08 00:00:00+09:00,265.1925354003906,265.1925354003906,265.1925354003906,265.1925354003906,0
2006-05-09 00:00:00+09:00,261.1126403808594,261.1126403808594,261.1126403808594,261.1126403808594,2000
2006-05-10 00:00:00+09:00,253.36077880859375,253.36077880859375,253.36077880859375,253.36077880859375,2000
2006-05-11 00:00:00+09:00,254.99281311035153,254.99281311035153,254.99281311035153,254.99281311035156,4000
2006-05-12 00:00:00+09:00,253.36082352669007,253.36082352669007,252.9528350830078,252.9528350830078,6000
2006-05-15 00:00:00+09:00,252.54489135742188,252.54489135742188,252.54489135742188,252.54489135742188,2000
2006-05-16 00:00:00+09:00,252.9528350830078,252.9528350830078,252.9528350830078,252.9528350830078,2000
2006-05-17 00:00:00+09:00,252.9528350830078,252.9528350830078,252.9528350830078,252.9528350830078,0
2006-05-18 00:00:00+09:00,253.36082352669007,253.36082352669007,252.9528350830078,252.9528350830078,4000
2006-05-19 00:00:00+09:00,252.9528350830078,252.9528350830078,252.9528350830078,252.9528350830078,0
2006-05-22 00:00:00+09:00,277.4321820497903,277.4321820497903,249.28097534179688,249.28097534179688,10000
2006-05-23 00:00:00+09:00,249.28094377361361,249.28094377361361,248.87295532226562,248.87295532226562,4000
2006-05-24 00:00:00+09:00,248.87295532226562,248.87295532226562,248.87295532226562,248.87295532226562,0
2006-05-25 00:00:00+09:00,253.36077880859375,253.36077880859375,253.36077880859375,253.36077880859375,2000
2006-05-26 00:00:00+09:00,257.8487243652344,257.8487243652344,257.8487243652344,257.8487243652344,2000
2006-05-29 00:00:00+09:00,268.86444091796875,268.86444091796875,268.86444091796875,268.86444091796875,2000
2006-05-30 00:00:00+09:00,269.2723693847656,269.2723693847656,269.2723693847656,269.2723693847656,2000
2006-05-31 00:00:00+09:00,268.86444091796875,268.86444091796875,268.86444091796875,268.86444091796875,2000
2006-06-01 00:00:00+09:00,268.86444091796875,268.86444091796875,268.86444091796875,268.86444091796875,0
2006-06-02 00:00:00+09:00,268.86444091796875,268.86444091796875,268.86444091796875,268.86444091796875,0
2006-06-05 00:00:00+09:00,268.86444091796875,268.86444091796875,268.86444091796875,268.86444091796875,0
2006-06-06 00:00:00+09:00,268.86444091796875,268.86444091796875,268.86444091796875,268.86444091796875,0
2006-06-07 00:00:00+09:00,268.86444091796875,268.86444091796875,268.86444091796875,268.86444091796875,0
2006-06-08 00:00:00+09:00,248.87295532226562,248.87295532226562,248.87295532226562,248.87295532226562,2000
2006-06-09 00:00:00+09:00,248.87295532226562,248.87295532226562,248.87295532226562,248.87295532226562,0
2006-06-12 00:00:00+09:00,248.87295532226562,248.87295532226562,248.87295532226562,248.87295532226562,0
2006-06-13 00:00:00+09:00,248.87295532226562,248.87295532226562,248.87295532226562,248.87295532226562,0
2006-06-14 00:00:00+09:00,248.87295532226562,248.87295532226562,248.87295532226562,248.87295532226562,0
2006-06-15 00:00:00+09:00,265.1925354003906,265.1925354003906,265.1925354003906,265.1925354003906,2000
2006-06-16 00:00:00+09:00,265.1925354003906,265.1925354003906,265.1925354003906,265.1925354003906,0
2006-06-19 00:00:00+09:00,265.1925354003906,265.1925354003906,265.1925354003906,265.1925354003906,6000
2006-06-20 00:00:00+09:00,264.7845112172208,264.7845112172208,263.1525573730469,263.1525573730469,14000
2006-06-21 00:00:00+09:00,264.7845458984375,264.7845458984375,264.7845458984375,264.7845458984375,2000
2006-06-22 00:00:00+09:00,264.7845458984375,264.7845458984375,264.7845458984375,264.7845458984375,0
2006-06-23 00:00:00+09:00,261.11256820436506,261.11256820436506,257.0326843261719,257.0326843261719,6000
2006-06-26 00:00:00+09:00,261.1126006155303,269.2723693847656,261.1126006155303,269.2723693847656,6000
2006-06-27 00:00:00+09:00,246.8330430908203,254.99281311035153,246.8330430908203,254.99281311035156,8000
2006-06-28 00:00:00+09:00,249.28097534179688,249.28097534179688,249.28097534179688,249.28097534179688,2000
2006-06-29 00:00:00+09:00,249.28097534179688,249.28097534179688,249.28097534179688,249.28097534179688,0
2006-06-30 00:00:00+09:00,249.28097534179688,249.28097534179688,249.28097534179688,249.28097534179688,0
2006-07-03 00:00:00+09:00,240.71322631835938,240.71322631835938,240.71322631835938,240.71322631835938,2000
2006-07-04 00:00:00+09:00,240.71322631835938,240.71322631835938,240.71322631835938,240.71322631835938,0
2006-07-05 00:00:00+09:00,240.71322631835938,240.71322631835938,240.71322631835938,240.71322631835938,0
2006-07-06 00:00:00+09:00,234.59335327148438,234.59335327148438,234.59335327148438,234.59335327148438,2000
2006-07-07 00:00:00+09:00,234.59335327148438,234.59335327148438,234.59335327148438,234.59335327148438,0
2006-07-10 00:00:00+09:00,234.59335327148438,234.59335327148438,234.59335327148438,234.59335327148438,0
2006-07-11 00:00:00+09:00,234.59335327148438,234.59335327148438,234.59335327148438,234.59335327148438,0
2006-07-12 00:00:00+09:00,235.0013417119565,235.0013417119565,234.59335327148438,234.59335327148438,4000
2006-07-13 00:00:00+09:00,234.59335327148438,234.59335327148438,234.59335327148438,234.59335327148438,0
2006-07-14 00:00:00+09:00,234.59335327148438,234.59335327148438,234.59335327148438,234.59335327148438,0
2006-07-17 00:00:00+09:00,234.59335327148438,234.59335327148438,234.59335327148438,234.59335327148438,0
2006-07-18 00:00:00+09:00,234.59335327148438,234.59335327148438,234.59335327148438,234.59335327148438,0
2006-07-19 00:00:00+09:00,237.44925369262694,244.7930450439453,237.44925369262694,244.7930450439453,4000
2006-07-20 00:00:00+09:00,248.87295532226562,248.87295532226562,248.87295532226562,248.87295532226562,8000
2006-07-21 00:00:00+09:00,248.87295532226562,248.87295532226562,248.87295532226562,248.87295532226562,0
2006-07-24 00:00:00+09:00,252.9528350830078,252.9528350830078,252.9528350830078,252.9528350830078,4000
2006-07-25 00:00:00+09:00,252.9528350830078,252.9528350830078,252.9528350830078,252.9528350830078,0
2006-07-26 00:00:00+09:00,252.9528350830078,252.9528350830078,252.9528350830078,252.9528350830078,0
2006-07-27 00:00:00+09:00,252.9528350830078,252.9528350830078,252.9528350830078,252.9528350830078,0
2006-07-28 00:00:00+09:00,252.9528350830078,252.9528350830078,252.9528350830078,252.9528350830078,0
2006-07-31 00:00:00+09:00,261.11260881259784,261.11260881259784,260.7046203613281,260.7046203613281,4000
2006-08-01 00:00:00+09:00,260.7046203613281,260.7046203613281,260.7046203613281,260.7046203613281,0
2006-08-02 00:00:00+09:00,260.7046203613281,260.7046203613281,260.7046203613281,260.7046203613281,0
2006-08-03 00:00:00+09:00,260.7046203613281,260.7046203613281,260.7046203613281,260.7046203613281,0
2006-08-04 00:00:00+09:00,260.7046203613281,260.7046203613281,260.7046203613281,260.7046203613281,0
2006-08-07 00:00:00+09:00,260.7046203613281,260.7046203613281,260.7046203613281,260.7046203613281,0
2006-08-08 00:00:00+09:00,260.7046203613281,260.7046203613281,260.7046203613281,260.7046203613281,0
2006-08-09 00:00:00+09:00,260.7046203613281,260.7046203613281,260.7046203613281,260.7046203613281,0
2006-08-10 00:00:00+09:00,260.7046203613281,260.7046203613281,260.7046203613281,260.7046203613281,0
2006-08-11 00:00:00+09:00,260.7046203613281,260.7046203613281,260.7046203613281,260.7046203613281,0
2006-08-14 00:00:00+09:00,260.7046203613281,260.7046203613281,260.7046203613281,260.7046203613281,0
2006-08-15 00:00:00+09:00,260.7046203613281,260.7046203613281,260.7046203613281,260.7046203613281,0
2006-08-16 00:00:00+09:00,244.7930450439453,244.7930450439453,244.7930450439453,244.7930450439453,2000
2006-08-17 00:00:00+09:00,244.7930450439453,244.7930450439453,244.7930450439453,244.7930450439453,0
2006-08-18 00:00:00+09:00,260.7046203613281,260.7046203613281,260.7046203613281,260.7046203613281,2000
2006-08-21 00:00:00+09:00,264.7845458984375,264.7845458984375,264.7845458984375,264.7845458984375,10000
2006-08-22 00:00:00+09:00,264.7845458984375,264.7845458984375,264.7845458984375,264.7845458984375,0
2006-08-23 00:00:00+09:00,262.336669921875,262.336669921875,262.336669921875,262.336669921875,2000
2006-08-24 00:00:00+09:00,261.9285583496094,261.9285583496094,261.9285583496094,261.9285583496094,2000
2006-08-25 00:00:00+09:00,233.3694000244141,233.3694000244141,233.3694000244141,233.36940002441406,2000
2006-08-28 00:00:00+09:00,233.3694000244141,233.3694000244141,233.3694000244141,233.36940002441406,0
2006-08-29 00:00:00+09:00,233.3694000244141,233.3694000244141,233.3694000244141,233.36940002441406,0
2006-08-30 00:00:00+09:00,233.3694000244141,233.3694000244141,233.3694000244141,233.36940002441406,0
2006-08-31 00:00:00+09:00,257.0326843261719,257.0326843261719,257.0326843261719,257.0326843261719,2000
2006-09-01 00:00:00+09:00,257.0326843261719,257.0326843261719,257.0326843261719,257.0326843261719,0
2006-09-04 00:00:00+09:00,257.0326843261719,257.0326843261719,257.0326843261719,257.0326843261719,0
2006-09-05 00:00:00+09:00,257.0326843261719,257.0326843261719,257.0326843261719,257.0326843261719,0
2006-09-06 00:00:00+09:00,257.0326843261719,257.0326843261719,257.0326843261719,257.0326843261719,0
2006-09-07 00:00:00+09:00,257.0326843261719,257.0326843261719,257.0326843261719,257.0326843261719,0
2006-09-08 00:00:00+09:00,257.0326843261719,257.0326843261719,257.0326843261719,257.0326843261719,0
2006-09-11 00:00:00+09:00,257.0326843261719,257.0326843261719,257.0326843261719,257.0326843261719,0
2006-09-12 00:00:00+09:00,257.0326843261719,257.0326843261719,257.0326843261719,257.0326843261719,0
2006-09-13 00:00:00+09:00,257.0326843261719,257.0326843261719,257.0326843261719,257.0326843261719,0
2006-09-14 00:00:00+09:00,257.0326843261719,257.0326843261719,257.0326843261719,257.0326843261719,0
2006-09-15 00:00:00+09:00,244.7930450439453,244.7930450439453,244.7930450439453,244.7930450439453,2000
2006-09-18 00:00:00+09:00,244.7930450439453,244.7930450439453,244.7930450439453,244.7930450439453,0
2006-09-19 00:00:00+09:00,244.7930450439453,244.7930450439453,244.7930450439453,244.7930450439453,0
2006-09-20 00:00:00+09:00,253.36086161037105,253.36086161037105,224.80166625976562,224.80166625976562,12000
2006-09-21 00:00:00+09:00,218.6818084716797,218.6818084716797,218.6818084716797,218.6818084716797,2000
2006-09-22 00:00:00+09:00,220.7217478744068,241.1211700439453,220.7217478744068,241.1211700439453,4000
2006-09-25 00:00:00+09:00,257.0326843261719,257.0326843261719,257.0326843261719,257.0326843261719,2000
2006-09-26 00:00:00+09:00,257.0326843261719,257.0326843261719,257.0326843261719,257.0326843261719,0
2006-09-27 00:00:00+09:00,257.0326843261719,257.0326843261719,257.0326843261719,257.0326843261719,0
2006-09-28 00:00:00+09:00,257.0326843261719,257.0326843261719,257.0326843261719,257.0326843261719,0
2006-09-29 00:00:00+09:00,257.0326843261719,257.0326843261719,257.0326843261719,257.0326843261719,0
2006-10-02 00:00:00+09:00,256.21673583984375,256.21673583984375,256.21673583984375,256.21673583984375,2000
2006-10-03 00:00:00+09:00,248.87295532226562,248.87295532226562,248.87295532226562,248.87295532226562,2000
2006-10-04 00:00:00+09:00,248.87295532226562,248.87295532226562,248.87295532226562,248.87295532226562,0
2006-10-05 00:00:00+09:00,248.87295532226562,248.87295532226562,248.87295532226562,248.87295532226562,0
2006-10-06 00:00:00+09:00,248.87295532226562,248.87295532226562,248.87295532226562,248.87295532226562,0
2006-10-09 00:00:00+09:00,248.87295532226562,248.87295532226562,248.87295532226562,248.87295532226562,0
2006-10-10 00:00:00+09:00,248.87295532226562,248.87295532226562,248.87295532226562,248.87295532226562,0
2006-10-11 00:00:00+09:00,232.55341039385115,232.55341039385115,228.47352600097656,228.47352600097656,4000
2006-10-12 00:00:00+09:00,240.71322631835938,240.71322631835938,240.71322631835938,240.71322631835938,2000
2006-10-13 00:00:00+09:00,240.71322631835938,240.71322631835938,240.71322631835938,240.71322631835938,0
2006-10-16 00:00:00+09:00,240.71322631835938,240.71322631835938,240.71322631835938,240.71322631835938,0
2006-10-17 00:00:00+09:00,240.71322631835938,240.71322631835938,240.71322631835938,240.71322631835938,0
2006-10-18 00:00:00+09:00,248.87295532226562,248.87295532226562,248.87295532226562,248.87295532226562,2000
2006-10-19 00:00:00+09:00,254.99281311035153,254.99281311035153,254.99281311035153,254.99281311035156,2000
2006-10-20 00:00:00+09:00,254.17680464035425,254.5847930908203,254.17680464035425,254.5847930908203,14000
2006-10-23 00:00:00+09:00,254.5847930908203,254.5847930908203,254.5847930908203,254.5847930908203,0
2006-10-24 00:00:00+09:00,254.5847930908203,254.5847930908203,254.5847930908203,254.5847930908203,0
2006-10-25 00:00:00+09:00,254.5847930908203,254.5847930908203,254.5847930908203,254.5847930908203,4000
2006-10-26 00:00:00+09:00,254.5847930908203,254.5847930908203,254.5847930908203,254.5847930908203,0
2006-10-27 00:00:00+09:00,254.5847930908203,254.5847930908203,254.5847930908203,254.5847930908203,0
2006-10-30 00:00:00+09:00,254.5847930908203,254.5847930908203,254.5847930908203,254.5847930908203,0
2006-10-31 00:00:00+09:00,254.17681884765625,254.17681884765625,254.17681884765625,254.17681884765625,2000
2006-11-01 00:00:00+09:00,254.17681884765625,254.17681884765625,254.17681884765625,254.17681884765625,0
2006-11-02 00:00:00+09:00,254.17681884765625,254.17681884765625,254.17681884765625,254.17681884765625,0
2006-11-03 00:00:00+09:00,254.17681884765625,254.17681884765625,254.17681884765625,254.17681884765625,0
2006-11-06 00:00:00+09:00,254.17681884765625,254.17681884765625,254.17681884765625,254.17681884765625,0
2006-11-07 00:00:00+09:00,254.17681884765625,254.17681884765625,254.17681884765625,254.17681884765625,0
2006-11-08 00:00:00+09:00,241.5291606008906,241.93714904785156,241.5291606008906,241.93714904785156,4000
2006-11-09 00:00:00+09:00,241.93714904785156,241.93714904785156,241.93714904785156,241.93714904785156,0
2006-11-10 00:00:00+09:00,246.0170440673828,246.0170440673828,246.0170440673828,246.0170440673828,2000
2006-11-13 00:00:00+09:00,246.0170440673828,246.0170440673828,246.0170440673828,246.0170440673828,0
2006-11-14 00:00:00+09:00,246.0170440673828,246.0170440673828,246.0170440673828,246.0170440673828,0
2006-11-15 00:00:00+09:00,246.0170440673828,246.0170440673828,246.0170440673828,246.0170440673828,0
2006-11-16 00:00:00+09:00,246.0170440673828,246.0170440673828,246.0170440673828,246.0170440673828,0
2006-11-17 00:00:00+09:00,249.68899536132812,253.7688809064479,249.68899536132812,249.68899536132812,8000
2006-11-20 00:00:00+09:00,254.17681884765625,254.17681884765625,254.17681884765625,254.17681884765625,8000
2006-11-21 00:00:00+09:00,254.17681884765625,254.17681884765625,254.17681884765625,254.17681884765625,0
2006-11-22 00:00:00+09:00,237.44927978515625,237.44927978515625,237.44927978515625,237.44927978515625,2000
2006-11-23 00:00:00+09:00,237.44927978515625,237.44927978515625,237.44927978515625,237.44927978515625,0
2006-11-24 00:00:00+09:00,228.88150024414062,228.88150024414062,228.88150024414062,228.88150024414062,2000
2006-11-27 00:00:00+09:00,228.88150024414062,228.88150024414062,228.88150024414062,228.88150024414062,0
2006-11-28 00:00:00+09:00,228.88150024414062,228.88150024414062,228.88150024414062,228.88150024414062,0
2006-11-29 00:00:00+09:00,228.88150024414062,228.88150024414062,228.88150024414062,228.88150024414062,0
2006-11-30 00:00:00+09:00,243.9771270751953,243.9771270751953,243.9771270751953,243.9771270751953,2000
2006-12-01 00:00:00+09:00,236.63328552246094,236.63328552246094,236.63328552246094,236.63328552246094,2000
2006-12-04 00:00:00+09:00,236.63328552246094,236.63328552246094,236.63328552246094,236.63328552246094,0
2006-12-05 00:00:00+09:00,236.63328552246094,236.63328552246094,236.63328552246094,236.63328552246094,0
2006-12-06 00:00:00+09:00,236.63328552246094,236.63328552246094,236.63328552246094,236.63328552246094,0
2006-12-07 00:00:00+09:00,236.63328552246094,236.63328552246094,236.63328552246094,236.63328552246094,0
2006-12-08 00:00:00+09:00,236.63328552246094,236.63328552246094,236.63328552246094,236.63328552246094,0
2006-12-11 00:00:00+09:00,236.63328552246094,236.63328552246094,236.63328552246094,236.63328552246094,0
2006-12-12 00:00:00+09:00,238.67322763903388,238.67322763903388,236.63328552246094,236.63328552246094,4000
2006-12-13 00:00:00+09:00,223.57766829249204,223.98565673828125,223.57766829249204,223.98565673828125,6000
2006-12-14 00:00:00+09:00,223.57766723632812,223.57766723632812,223.57766723632812,223.57766723632812,4000
2006-12-15 00:00:00+09:00,223.16967984670282,223.98565673828125,222.3537029551244,223.98565673828125,10000
2006-12-18 00:00:00+09:00,223.98565568019004,223.98565568019004,223.57766723632812,223.57766723632812,4000
2006-12-19 00:00:00+09:00,223.98565673828125,223.98565673828125,223.98565673828125,223.98565673828125,2000
2006-12-20 00:00:00+09:00,223.57764316134984,223.98563156127932,220.31373596191406,220.31373596191406,12000
2006-12-21 00:00:00+09:00,220.31373596191406,220.31373596191406,220.31373596191406,220.31373596191406,2000
2006-12-22 00:00:00+09:00,220.31373596191406,220.31373596191406,220.31373596191406,220.31373596191406,0
2006-12-25 00:00:00+09:00,212.15399861335754,212.15399861335754,208.8900909423828,208.8900909423828,4000
2006-12-26 00:00:00+09:00,209.29807835409088,210.52204372458263,208.4821014404297,208.4821014404297,10000
2006-12-27 00:00:00+09:00,208.4821014404297,208.4821014404297,208.4821014404297,208.4821014404297,0
2006-12-28 00:00:00+09:00,208.4821014404297,208.4821014404297,208.4821014404297,208.4821014404297,0
2006-12-29 00:00:00+09:00,214.6019287109375,214.6019287109375,214.6019287109375,214.6019287109375,2000
2007-01-04 00:00:00+09:00,214.6019287109375,214.6019287109375,214.6019287109375,214.6019287109375,0
2007-01-05 00:00:00+09:00,214.6019287109375,214.6019287109375,214.6019287109375,214.6019287109375,0
2007-01-09 00:00:00+09:00,214.6019287109375,214.6019287109375,214.6019287109375,214.6019287109375,0
2007-01-10 00:00:00+09:00,214.6019287109375,214.6019287109375,214.6019287109375,214.6019287109375,0
2007-01-11 00:00:00+09:00,208.0741045062632,208.0741045062632,205.2181854248047,205.2181854248047,8000
2007-01-12 00:00:00+09:00,205.2181854248047,205.2181854248047,205.2181854248047,205.2181854248047,0
2007-01-15 00:00:00+09:00,203.99424743652344,203.99424743652344,203.99424743652344,203.99424743652344,2000
2007-01-16 00:00:00+09:00,201.95428466796875,201.95428466796875,201.95428466796875,201.95428466796875,2000
2007-01-17 00:00:00+09:00,212.15399169921875,212.15399169921875,212.15399169921875,212.15399169921875,2000
2007-01-18 00:00:00+09:00,212.15399169921875,212.15399169921875,212.15399169921875,212.15399169921875,0
2007-01-19 00:00:00+09:00,212.15398957830598,212.15398957830598,211.3380126953125,211.3380126953125,6000
2007-01-22 00:00:00+09:00,210.93001565372242,210.93001565372242,208.0740966796875,208.0740966796875,14000
2007-01-23 00:00:00+09:00,208.0740966796875,208.0740966796875,208.0740966796875,208.0740966796875,0
2007-01-24 00:00:00+09:00,203.99424743652344,203.99424743652344,203.99424743652344,203.99424743652344,10000
2007-01-25 00:00:00+09:00,211.74600219726562,211.74600219726562,211.74600219726562,211.74600219726562,2000
2007-01-26 00:00:00+09:00,211.74600219726562,211.74600219726562,211.74600219726562,211.74600219726562,0
2007-01-29 00:00:00+09:00,211.74600219726562,211.74600219726562,211.74600219726562,211.74600219726562,0
2007-01-30 00:00:00+09:00,212.15399169921875,212.15399169921875,212.15399169921875,212.15399169921875,2000
2007-01-31 00:00:00+09:00,216.23391723632812,216.23391723632812,216.23391723632812,216.23391723632812,2000
2007-02-01 00:00:00+09:00,216.23391723632812,216.23391723632812,216.23391723632812,216.23391723632812,2000
2007-02-02 00:00:00+09:00,208.0740966796875,208.0740966796875,208.0740966796875,208.0740966796875,2000
2007-02-05 00:00:00+09:00,208.4821014404297,208.4821014404297,208.4821014404297,208.4821014404297,2000
2007-02-06 00:00:00+09:00,208.4821014404297,208.4821014404297,208.4821014404297,208.4821014404297,0
2007-02-07 00:00:00+09:00,208.4821014404297,208.4821014404297,208.4821014404297,208.4821014404297,0
2007-02-08 00:00:00+09:00,212.15399169921875,212.15399169921875,212.15399169921875,212.15399169921875,2000
2007-02-09 00:00:00+09:00,212.15399169921875,212.15399169921875,212.15399169921875,212.15399169921875,4000
2007-02-13 00:00:00+09:00,208.0740966796875,208.0740966796875,208.0740966796875,208.0740966796875,2000
2007-02-14 00:00:00+09:00,208.0740966796875,208.0740966796875,208.0740966796875,208.0740966796875,0
2007-02-15 00:00:00+09:00,208.0740966796875,208.0740966796875,208.0740966796875,208.0740966796875,0
2007-02-16 00:00:00+09:00,208.48209568903997,212.15399169921875,208.48209568903997,212.15399169921875,4000
2007-02-19 00:00:00+09:00,212.15398604567875,215.8258819580078,212.15398604567875,215.8258819580078,4000
2007-02-20 00:00:00+09:00,215.82587639904378,219.49777221679688,215.82587639904378,219.49777221679688,10000
2007-02-21 00:00:00+09:00,219.49777221679688,219.49777221679688,219.49777221679688,219.49777221679688,0
2007-02-22 00:00:00+09:00,219.49777221679688,219.49777221679688,219.49777221679688,219.49777221679688,0
2007-02-23 00:00:00+09:00,218.27383931477866,218.27383931477866,214.19395446777344,214.19395446777344,4000
2007-02-26 00:00:00+09:00,210.1140594482422,210.1140594482422,210.1140594482422,210.1140594482422,2000
2007-02-27 00:00:00+09:00,208.89009405339806,210.1140594482422,208.89009405339806,210.1140594482422,6000
2007-02-28 00:00:00+09:00,213.7859659830729,216.23389689127606,206.44217325846355,214.19395446777344,16000
2007-03-01 00:00:00+09:00,214.19395446777344,214.19395446777344,214.19395446777344,214.19395446777344,6000
2007-03-02 00:00:00+09:00,214.19395446777344,214.19395446777344,214.19395446777344,214.19395446777344,0
2007-03-05 00:00:00+09:00,218.2738073012408,218.2738073012408,208.0740966796875,208.0740966796875,4000
2007-03-06 00:00:00+09:00,208.0740966796875,208.0740966796875,208.0740966796875,208.0740966796875,0
2007-03-07 00:00:00+09:00,208.07410724346454,212.15399169921875,208.07410724346454,212.15399169921875,8000
2007-03-08 00:00:00+09:00,215.41789818912574,215.82588663266574,207.6661177618655,211.74600219726562,8000
2007-03-09 00:00:00+09:00,215.8258819580078,215.8258819580078,215.8258819580078,215.8258819580078,2000
2007-03-12 00:00:00+09:00,215.82588770939753,216.23387615497296,212.15399169921875,212.15399169921875,6000
2007-03-13 00:00:00+09:00,212.15399169921875,212.15399169921875,212.15399169921875,212.15399169921875,0
2007-03-14 00:00:00+09:00,212.15399169921875,212.15399169921875,212.15399169921875,212.15399169921875,0
2007-03-15 00:00:00+09:00,208.4821014404297,208.4821014404297,208.4821014404297,208.4821014404297,2000
2007-03-16 00:00:00+09:00,210.1140594482422,210.1140594482422,210.1140594482422,210.1140594482422,2000
2007-03-19 00:00:00+09:00,211.74600219726562,211.74600219726562,211.74600219726562,211.74600219726562,2000
2007-03-20 00:00:00+09:00,215.00990402337277,215.4178924560547,215.00990402337277,215.4178924560547,10000
2007-03-22 00:00:00+09:00,206.03418071279413,206.44216918945312,206.03418071279413,206.44216918945312,4000
2007-03-23 00:00:00+09:00,206.44216918945312,206.44216918945312,206.44216918945312,206.44216918945312,2000
2007-03-26 00:00:00+09:00,206.44216918945312,206.44216918945312,206.44216918945312,206.44216918945312,0
2007-03-27 00:00:00+09:00,206.44216918945312,206.44216918945312,206.44216918945312,206.44216918945312,0
2007-03-28 00:00:00+09:00,206.44216918945312,206.44216918945312,206.44216918945312,206.44216918945312,0
2007-03-29 00:00:00+09:00,206.44216918945312,206.44216918945312,206.44216918945312,206.44216918945312,0
2007-03-30 00:00:00+09:00,208.8900778210117,209.7060546875,208.8900778210117,209.7060546875,6000
2007-04-02 00:00:00+09:00,209.7060546875,209.7060546875,209.7060546875,209.7060546875,0
2007-04-03 00:00:00+09:00,218.27378845214847,218.27378845214847,218.27378845214847,218.27378845214844,4000
2007-04-04 00:00:00+09:00,218.27378845214847,218.27378845214847,218.27378845214847,218.27378845214844,0
2007-04-05 00:00:00+09:00,216.2338756889886,217.86582946777344,216.2338756889886,217.86582946777344,4000
2007-04-06 00:00:00+09:00,217.86582946777344,217.86582946777344,217.86582946777344,217.86582946777344,2000
2007-04-09 00:00:00+09:00,217.86582946777344,217.86582946777344,217.86582946777344,217.86582946777344,0
2007-04-10 00:00:00+09:00,217.0498232832579,218.27378845214847,217.0498232832579,218.27378845214844,4000
2007-04-11 00:00:00+09:00,218.27378845214847,218.27378845214847,218.27378845214847,218.27378845214844,0
2007-04-12 00:00:00+09:00,219.08981323242188,219.08981323242188,219.08981323242188,219.08981323242188,2000
2007-04-13 00:00:00+09:00,219.08981323242188,219.08981323242188,219.08981323242188,219.08981323242188,0
2007-04-16 00:00:00+09:00,219.08981323242188,219.08981323242188,219.08981323242188,219.08981323242188,0
2007-04-17 00:00:00+09:00,219.08981323242188,219.08981323242188,219.08981323242188,219.08981323242188,0
2007-04-18 00:00:00+09:00,219.08981323242188,219.08981323242188,219.08981323242188,219.08981323242188,0
2007-04-19 00:00:00+09:00,215.00992835618527,215.00992835618527,212.96998596191406,212.96998596191406,6000
2007-04-20 00:00:00+09:00,218.68182475340433,219.08981323242188,218.68182475340433,219.08981323242188,10000
2007-04-23 00:00:00+09:00,219.08981323242188,219.08981323242188,219.08981323242188,219.08981323242188,0
2007-04-24 00:00:00+09:00,219.08981323242188,219.08981323242188,219.08981323242188,219.08981323242188,0
2007-04-25 00:00:00+09:00,219.08981323242188,219.08981323242188,219.08981323242188,219.08981323242188,0
2007-04-26 00:00:00+09:00,219.08981323242188,219.08981323242188,219.08981323242188,219.08981323242188,0
2007-04-27 00:00:00+09:00,220.31373596191406,220.31373596191406,220.31373596191406,220.31373596191406,2000
2007-05-01 00:00:00+09:00,220.31373596191406,220.31373596191406,220.31373596191406,220.31373596191406,0
2007-05-02 00:00:00+09:00,220.31373596191406,220.31373596191406,220.31373596191406,220.31373596191406,4000
2007-05-07 00:00:00+09:00,220.31373596191406,220.31373596191406,220.31373596191406,220.31373596191406,0
2007-05-08 00:00:00+09:00,220.31373596191406,220.31373596191406,220.31373596191406,220.31373596191406,0
2007-05-09 00:00:00+09:00,220.31373596191406,220.31373596191406,220.31373596191406,220.31373596191406,0
2007-05-10 00:00:00+09:00,222.35373125651637,223.16970825195312,222.35373125651637,223.16970825195312,4000
2007-05-11 00:00:00+09:00,216.23391723632812,216.23391723632812,216.23391723632812,216.23391723632812,2000
2007-05-14 00:00:00+09:00,216.23391723632812,216.23391723632812,216.23391723632812,216.23391723632812,0
2007-05-15 00:00:00+09:00,216.23391723632812,216.23391723632812,216.23391723632812,216.23391723632812,0
2007-05-16 00:00:00+09:00,216.23391723632812,216.23391723632812,216.23391723632812,216.23391723632812,0
2007-05-17 00:00:00+09:00,216.23391723632812,216.23391723632812,216.23391723632812,216.23391723632812,0
2007-05-18 00:00:00+09:00,216.6418914794922,216.6418914794922,216.6418914794922,216.6418914794922,2000
2007-05-21 00:00:00+09:00,223.57766829249204,223.98565673828125,223.57766829249204,223.98565673828125,10000
2007-05-22 00:00:00+09:00,212.56198120117188,212.56198120117188,212.56198120117188,212.56198120117188,2000
2007-05-23 00:00:00+09:00,213.7859649658203,213.7859649658203,213.7859649658203,213.7859649658203,4000
2007-05-24 00:00:00+09:00,214.19395446777344,214.19395446777344,214.19395446777344,214.19395446777344,2000
2007-05-25 00:00:00+09:00,214.19395446777344,214.19395446777344,214.19395446777344,214.19395446777344,0
2007-05-28 00:00:00+09:00,214.19395446777344,214.19395446777344,214.19395446777344,214.19395446777344,0
2007-05-29 00:00:00+09:00,217.86582946777344,217.86582946777344,217.86582946777344,217.86582946777344,2000
2007-05-30 00:00:00+09:00,224.3936309814453,224.3936309814453,224.3936309814453,224.3936309814453,2000
2007-05-31 00:00:00+09:00,214.60192398526775,218.6818084716797,214.60192398526775,218.6818084716797,4000
2007-06-01 00:00:00+09:00,218.6818084716797,218.6818084716797,218.6818084716797,218.6818084716797,0
2007-06-04 00:00:00+09:00,218.6818084716797,218.6818084716797,218.6818084716797,218.6818084716797,0
2007-06-05 00:00:00+09:00,218.6818084716797,218.6818084716797,218.6818084716797,218.6818084716797,0
2007-06-06 00:00:00+09:00,218.6818084716797,218.6818084716797,218.6818084716797,218.6818084716797,0
2007-06-07 00:00:00+09:00,216.23391723632812,216.23391723632812,216.23391723632812,216.23391723632812,2000
2007-06-08 00:00:00+09:00,216.23391723632812,216.23391723632812,216.23391723632812,216.23391723632812,0
2007-06-11 00:00:00+09:00,217.04989428250295,217.04989428250295,216.23391723632812,216.23391723632812,6000
2007-06-12 00:00:00+09:00,216.23391723632812,216.23391723632812,216.23391723632812,216.23391723632812,0
2007-06-13 00:00:00+09:00,216.23391723632812,216.23391723632812,216.23391723632812,216.23391723632812,0
2007-06-14 00:00:00+09:00,216.23388642246283,223.5776787915276,210.1140594482422,210.1140594482422,26000
2007-06-15 00:00:00+09:00,210.1140594482422,210.1140594482422,210.1140594482422,210.1140594482422,0
2007-06-18 00:00:00+09:00,216.23387722959905,216.23387722959905,212.56198120117188,212.56198120117188,8000
2007-06-19 00:00:00+09:00,214.60192910580452,220.7217559814453,212.56198681392422,220.7217559814453,10000
2007-06-20 00:00:00+09:00,218.6818068284255,219.08979527400092,212.15399169921875,212.15399169921875,16000
2007-06-21 00:00:00+09:00,212.15399169921875,212.15399169921875,210.11404947134164,212.15399169921875,6000
2007-06-22 00:00:00+09:00,219.08980421203276,221.53773498535156,219.08980421203276,221.53773498535156,4000
2007-06-25 00:00:00+09:00,221.53770116170247,221.53770116170247,220.31373596191406,220.31373596191406,12000
2007-06-26 00:00:00+09:00,205.68112655340457,210.21517944335938,205.68112655340457,210.21517944335938,12000
2007-06-27 00:00:00+09:00,210.21519038362322,218.45892333984375,210.21519038362322,218.45892333984375,4000
2007-06-28 00:00:00+09:00,218.45892333984375,218.45892333984375,218.45892333984375,218.45892333984375,0
2007-06-29 00:00:00+09:00,217.6345672607422,217.6345672607422,217.6345672607422,217.6345672607422,2000
2007-07-02 00:00:00+09:00,208.97862243652344,208.97862243652344,208.97862243652344,208.97862243652344,2000
2007-07-03 00:00:00+09:00,208.97862243652344,208.97862243652344,208.97862243652344,208.97862243652344,0
2007-07-04 00:00:00+09:00,208.97862243652344,208.97862243652344,208.97862243652344,208.97862243652344,0
2007-07-05 00:00:00+09:00,208.97862243652344,208.97862243652344,208.97862243652344,208.97862243652344,0
2007-07-06 00:00:00+09:00,209.39080810546875,209.39080810546875,209.39080810546875,209.39080810546875,2000
2007-07-09 00:00:00+09:00,209.39080810546875,209.39080810546875,209.39080810546875,209.39080810546875,0
2007-07-10 00:00:00+09:00,205.26898193359375,205.26898193359375,205.26898193359375,205.26898193359375,2000
2007-07-11 00:00:00+09:00,214.33706665039062,214.33706665039062,214.33706665039062,214.33706665039062,2000
2007-07-12 00:00:00+09:00,214.33706665039062,214.33706665039062,214.33706665039062,214.33706665039062,0
2007-07-13 00:00:00+09:00,214.33706665039062,214.33706665039062,214.33706665039062,214.33706665039062,0
2007-07-17 00:00:00+09:00,210.21517944335938,210.21517944335938,210.21517944335938,210.21517944335938,2000
2007-07-18 00:00:00+09:00,210.21517944335938,210.21517944335938,210.21517944335938,210.21517944335938,0
2007-07-19 00:00:00+09:00,211.45173932243796,211.45173932243796,210.21517944335938,210.21517944335938,6000
2007-07-20 00:00:00+09:00,213.1005269763539,213.1005269763539,212.27615356445312,212.27615356445312,10000
2007-07-23 00:00:00+09:00,206.0933380126953,206.0933380126953,206.0933380126953,206.0933380126953,2000
2007-07-24 00:00:00+09:00,201.97146606445312,201.97146606445312,201.97146606445312,201.97146606445312,2000
2007-07-25 00:00:00+09:00,204.0323944091797,204.0323944091797,204.0323944091797,204.0323944091797,2000
2007-07-26 00:00:00+09:00,204.0323944091797,204.0323944091797,204.0323944091797,204.0323944091797,0
2007-07-27 00:00:00+09:00,206.0933380126953,206.0933380126953,206.0933380126953,206.0933380126953,2000
2007-07-30 00:00:00+09:00,206.0933380126953,206.0933380126953,206.0933380126953,206.0933380126953,0
2007-07-31 00:00:00+09:00,206.91769506641015,206.91769506641015,206.50550842285156,206.50550842285156,4000
2007-08-01 00:00:00+09:00,206.50550842285156,206.50550842285156,206.50550842285156,206.50550842285156,0
2007-08-02 00:00:00+09:00,206.50550842285156,206.50550842285156,206.50550842285156,206.50550842285156,0
2007-08-03 00:00:00+09:00,206.50550842285156,206.50550842285156,206.50550842285156,206.50550842285156,0
2007-08-06 00:00:00+09:00,206.50550842285156,206.50550842285156,206.50550842285156,206.50550842285156,0
2007-08-07 00:00:00+09:00,206.50550842285156,206.50550842285156,206.50550842285156,206.50550842285156,0
2007-08-08 00:00:00+09:00,206.50550842285156,206.50550842285156,206.50550842285156,206.50550842285156,0
2007-08-09 00:00:00+09:00,206.50550842285156,206.50550842285156,206.50550842285156,206.50550842285156,0
2007-08-10 00:00:00+09:00,206.50550842285156,206.50550842285156,206.50550842285156,206.50550842285156,0
2007-08-13 00:00:00+09:00,206.50550842285156,206.50550842285156,206.50550842285156,206.50550842285156,0
2007-08-14 00:00:00+09:00,206.50550842285156,206.50550842285156,206.50550842285156,206.50550842285156,0
2007-08-15 00:00:00+09:00,206.50550842285156,206.50550842285156,206.50550842285156,206.50550842285156,0
2007-08-16 00:00:00+09:00,198.2617960611979,198.2617960611979,197.849609375,197.849609375,4000
2007-08-17 00:00:00+09:00,197.849609375,197.849609375,197.849609375,197.849609375,0
2007-08-20 00:00:00+09:00,210.21521098018866,210.21521098018866,209.8030242919922,209.8030242919922,12000
2007-08-21 00:00:00+09:00,209.8030242919922,209.8030242919922,209.8030242919922,209.8030242919922,0
2007-08-22 00:00:00+09:00,209.8030242919922,209.8030242919922,209.8030242919922,209.8030242919922,0
2007-08-23 00:00:00+09:00,209.8030242919922,209.8030242919922,209.8030242919922,209.8030242919922,0
2007-08-24 00:00:00+09:00,209.8030242919922,209.8030242919922,209.8030242919922,209.8030242919922,0
2007-08-27 00:00:00+09:00,209.8030242919922,209.8030242919922,209.8030242919922,209.8030242919922,0
2007-08-28 00:00:00+09:00,209.8030242919922,209.8030242919922,209.8030242919922,209.8030242919922,0
2007-08-29 00:00:00+09:00,209.8030242919922,209.8030242919922,209.8030242919922,209.8030242919922,0
2007-08-30 00:00:00+09:00,209.8030242919922,209.8030242919922,209.8030242919922,209.8030242919922,0
2007-08-31 00:00:00+09:00,209.8030242919922,209.8030242919922,209.8030242919922,209.8030242919922,0
2007-09-03 00:00:00+09:00,209.8030242919922,209.8030242919922,209.8030242919922,209.8030242919922,0
2007-09-04 00:00:00+09:00,209.8030242919922,209.8030242919922,209.8030242919922,209.8030242919922,0
2007-09-05 00:00:00+09:00,201.97146606445312,201.97146606445312,201.97146606445312,201.97146606445312,2000
2007-09-06 00:00:00+09:00,206.0933380126953,206.0933380126953,206.0933380126953,206.0933380126953,2000
2007-09-07 00:00:00+09:00,201.97146606445312,201.97146606445312,201.97146606445312,201.97146606445312,2000
2007-09-10 00:00:00+09:00,201.97146606445312,201.97146606445312,201.97146606445312,201.97146606445312,0
2007-09-11 00:00:00+09:00,201.97146606445312,201.97146606445312,201.97146606445312,201.97146606445312,0
2007-09-12 00:00:00+09:00,201.97146606445312,201.97146606445312,201.97146606445312,201.97146606445312,0
2007-09-13 00:00:00+09:00,201.97146606445312,201.97146606445312,201.97146606445312,201.97146606445312,0
2007-09-14 00:00:00+09:00,193.72772216796875,193.72772216796875,193.72772216796875,193.72772216796875,2000
2007-09-18 00:00:00+09:00,194.96429543575996,194.96429543575996,194.55210876464844,194.55210876464844,4000
2007-09-19 00:00:00+09:00,197.849609375,197.849609375,197.849609375,197.849609375,4000
2007-09-20 00:00:00+09:00,197.4374226888021,197.849609375,197.4374226888021,197.849609375,12000
2007-09-21 00:00:00+09:00,197.849609375,197.849609375,197.849609375,197.849609375,0
2007-09-25 00:00:00+09:00,197.849609375,197.849609375,197.849609375,197.849609375,0
2007-09-26 00:00:00+09:00,197.849609375,197.849609375,197.849609375,197.849609375,0
2007-09-27 00:00:00+09:00,197.849609375,197.849609375,197.849609375,197.849609375,0
2007-09-28 00:00:00+09:00,204.0323944091797,204.0323944091797,204.0323944091797,204.0323944091797,2000
2007-10-01 00:00:00+09:00,204.0323944091797,204.0323944091797,204.0323944091797,204.0323944091797,0
2007-10-02 00:00:00+09:00,204.0323944091797,204.0323944091797,204.0323944091797,204.0323944091797,0
2007-10-03 00:00:00+09:00,204.0323944091797,204.0323944091797,204.0323944091797,204.0323944091797,0
2007-10-04 00:00:00+09:00,204.0323944091797,204.0323944091797,204.0323944091797,204.0323944091797,0
2007-10-05 00:00:00+09:00,204.0323944091797,204.0323944091797,204.0323944091797,204.0323944091797,0
2007-10-09 00:00:00+09:00,204.0323944091797,204.0323944091797,204.0323944091797,204.0323944091797,0
2007-10-10 00:00:00+09:00,204.0323944091797,204.0323944091797,204.0323944091797,204.0323944091797,0
2007-10-11 00:00:00+09:00,204.0323944091797,204.0323944091797,204.0323944091797,204.0323944091797,0
2007-10-12 00:00:00+09:00,204.0323944091797,204.0323944091797,204.0323944091797,204.0323944091797,0
2007-10-15 00:00:00+09:00,193.72774666146964,193.72774666146964,190.01806640625,190.01806640625,10000
2007-10-16 00:00:00+09:00,190.01806640625,190.01806640625,190.01806640625,190.01806640625,0
2007-10-17 00:00:00+09:00,190.01806640625,190.01806640625,190.01806640625,190.01806640625,0
2007-10-18 00:00:00+09:00,190.01806640625,190.01806640625,190.01806640625,190.01806640625,0
2007-10-19 00:00:00+09:00,196.20083142318248,198.2617645263672,196.20083142318248,198.2617645263672,4000
2007-10-22 00:00:00+09:00,216.39802005312856,224.64175415039062,216.39802005312856,224.64175415039062,16000
2007-10-23 00:00:00+09:00,224.64175415039062,224.64175415039062,224.64175415039062,224.64175415039062,0
2007-10-24 00:00:00+09:00,194.1399383544922,194.1399383544922,194.1399383544922,194.1399383544922,2000
2007-10-25 00:00:00+09:00,204.44461059570312,204.44461059570312,204.44461059570312,204.44461059570312,6000
2007-10-26 00:00:00+09:00,204.0323944091797,204.0323944091797,204.0323944091797,204.0323944091797,2000
2007-10-29 00:00:00+09:00,204.0323944091797,204.0323944091797,204.0323944091797,204.0323944091797,0
2007-10-30 00:00:00+09:00,204.0323944091797,204.0323944091797,204.0323944091797,204.0323944091797,0
2007-10-31 00:00:00+09:00,204.0323944091797,204.0323944091797,204.0323944091797,204.0323944091797,2000
2007-11-01 00:00:00+09:00,204.0323944091797,204.0323944091797,204.0323944091797,204.0323944091797,0
2007-11-02 00:00:00+09:00,204.0323944091797,204.0323944091797,204.0323944091797,204.0323944091797,0
2007-11-05 00:00:00+09:00,204.0323944091797,204.0323944091797,204.0323944091797,204.0323944091797,0
2007-11-06 00:00:00+09:00,204.0323944091797,204.0323944091797,204.0323944091797,204.0323944091797,0
2007-11-07 00:00:00+09:00,204.0323944091797,204.0323944091797,204.0323944091797,204.0323944091797,0
2007-11-08 00:00:00+09:00,204.0323944091797,204.0323944091797,204.0323944091797,204.0323944091797,0
2007-11-09 00:00:00+09:00,198.2617645263672,198.2617645263672,198.2617645263672,198.2617645263672,2000
2007-11-12 00:00:00+09:00,198.2617645263672,198.2617645263672,198.2617645263672,198.2617645263672,0
2007-11-13 00:00:00+09:00,198.2617645263672,198.2617645263672,198.2617645263672,198.2617645263672,2000
2007-11-14 00:00:00+09:00,198.2617645263672,198.2617645263672,198.2617645263672,198.2617645263672,0
2007-11-15 00:00:00+09:00,198.2617645263672,198.2617645263672,198.2617645263672,198.2617645263672,0
2007-11-16 00:00:00+09:00,198.2617645263672,198.2617645263672,198.2617645263672,198.2617645263672,0
2007-11-19 00:00:00+09:00,201.97146606445312,204.0323993916414,201.97146606445312,201.97146606445312,10000
2007-11-20 00:00:00+09:00,199.91051100891494,199.91051100891494,198.2617645263672,198.2617645263672,12000
2007-11-21 00:00:00+09:00,198.2617645263672,198.2617645263672,198.2617645263672,198.2617645263672,0
2007-11-22 00:00:00+09:00,199.91053738436855,199.91053738436855,187.54493713378906,187.54493713378906,4000
2007-11-26 00:00:00+09:00,197.849609375,197.849609375,197.849609375,197.849609375,2000
2007-11-27 00:00:00+09:00,197.849609375,197.849609375,197.849609375,197.849609375,0
2007-11-28 00:00:00+09:00,197.849609375,197.849609375,197.849609375,197.849609375,0
2007-11-29 00:00:00+09:00,197.849609375,197.849609375,197.849609375,197.849609375,0
2007-11-30 00:00:00+09:00,199.91053738436855,199.91053738436855,187.54493713378906,187.54493713378906,6000
2007-12-03 00:00:00+09:00,187.54493713378906,187.54493713378906,187.54493713378906,187.54493713378906,0
2007-12-04 00:00:00+09:00,186.7205515161025,186.7205515161025,186.30836486816406,186.30836486816406,4000
2007-12-05 00:00:00+09:00,182.18649291992188,182.18649291992188,182.18649291992188,182.18649291992188,2000
2007-12-06 00:00:00+09:00,182.18649291992188,182.18649291992188,182.18649291992188,182.18649291992188,0
2007-12-07 00:00:00+09:00,182.18649291992188,182.18649291992188,182.18649291992188,182.18649291992188,0
2007-12-10 00:00:00+09:00,182.18649291992188,182.18649291992188,182.18649291992188,182.18649291992188,0
2007-12-11 00:00:00+09:00,182.18649291992188,182.18649291992188,182.18649291992188,182.18649291992188,4000
2007-12-12 00:00:00+09:00,182.18649291992188,182.18649291992188,182.18649291992188,182.18649291992188,0
2007-12-13 00:00:00+09:00,182.18649291992188,182.18649291992188,182.18649291992188,182.18649291992188,0
2007-12-14 00:00:00+09:00,182.18649291992188,182.18649291992188,182.18649291992188,182.18649291992188,0
2007-12-17 00:00:00+09:00,182.18649291992188,182.18649291992188,182.18649291992188,182.18649291992188,0
2007-12-18 00:00:00+09:00,177.24024963378906,177.24024963378906,177.24024963378906,177.24024963378906,4000
2007-12-19 00:00:00+09:00,177.24024963378906,177.24024963378906,177.24024963378906,177.24024963378906,0
2007-12-20 00:00:00+09:00,171.05747985839844,171.05747985839844,171.05747985839844,171.05747985839844,16000
2007-12-21 00:00:00+09:00,170.64527893066406,170.64527893066406,170.64527893066406,170.64527893066406,2000
2007-12-25 00:00:00+09:00,148.38718321265245,152.09686279296875,147.9749965926173,152.09686279296875,26000
2007-12-26 00:00:00+09:00,152.09686279296875,152.09686279296875,152.09686279296875,152.09686279296875,0
2007-12-27 00:00:00+09:00,152.09686279296875,152.09686279296875,152.09686279296875,152.09686279296875,0
2007-12-28 00:00:00+09:00,156.2187042236328,156.2187042236328,156.2187042236328,156.2187042236328,2000
2008-01-04 00:00:00+09:00,156.2187042236328,156.2187042236328,156.2187042236328,156.2187042236328,0
2008-01-07 00:00:00+09:00,154.56997680664062,154.56997680664062,154.56997680664062,154.56997680664062,6000
2008-01-08 00:00:00+09:00,150.44813537597656,150.44813537597656,150.44813537597656,150.44813537597656,2000
2008-01-09 00:00:00+09:00,148.38722229003906,148.38722229003906,148.38722229003906,148.38722229003906,4000
2008-01-10 00:00:00+09:00,147.97503556145563,148.38722229003906,147.97503556145563,148.38722229003906,4000
2008-01-11 00:00:00+09:00,148.38722229003906,148.38722229003906,148.38722229003906,148.38722229003906,0
2008-01-15 00:00:00+09:00,148.38722229003906,148.38722229003906,148.38722229003906,148.38722229003906,2000
2008-01-16 00:00:00+09:00,147.97504531556044,147.97504531556044,144.67755126953125,144.67755126953125,4000
2008-01-17 00:00:00+09:00,144.67755126953125,144.67755126953125,144.67755126953125,144.67755126953125,2000
2008-01-18 00:00:00+09:00,144.67755126953125,144.67755126953125,144.67755126953125,144.67755126953125,0
2008-01-21 00:00:00+09:00,144.26533914025808,144.26533914025808,142.61659240722656,142.61659240722656,18000
2008-01-22 00:00:00+09:00,142.61659240722656,142.61659240722656,142.61659240722656,142.61659240722656,0
2008-01-23 00:00:00+09:00,142.61659240722656,142.61659240722656,142.61659240722656,142.61659240722656,0
2008-01-24 00:00:00+09:00,142.61659240722656,142.61659240722656,142.61659240722656,142.61659240722656,0
2008-01-25 00:00:00+09:00,144.26531982421875,144.26531982421875,144.26531982421875,144.26531982421875,2000
2008-01-28 00:00:00+09:00,144.26531982421875,144.26531982421875,144.26531982421875,144.26531982421875,0
2008-01-29 00:00:00+09:00,144.26531982421875,144.26531982421875,144.26531982421875,144.26531982421875,0
2008-01-30 00:00:00+09:00,144.26531982421875,144.26531982421875,144.26531982421875,144.26531982421875,0
2008-01-31 00:00:00+09:00,150.44813537597656,150.44813537597656,150.44813537597656,150.44813537597656,2000
2008-02-01 00:00:00+09:00,150.44813537597656,150.44813537597656,150.44813537597656,150.44813537597656,0
2008-02-04 00:00:00+09:00,150.44813537597656,150.44813537597656,150.44813537597656,150.44813537597656,0
2008-02-05 00:00:00+09:00,142.20440673828125,142.20440673828125,142.20440673828125,142.20440673828125,2000
2008-02-06 00:00:00+09:00,142.20440673828125,142.20440673828125,142.20440673828125,142.20440673828125,0
2008-02-07 00:00:00+09:00,142.20440673828125,142.20440673828125,142.20440673828125,142.20440673828125,0
2008-02-08 00:00:00+09:00,140.5556640625,140.5556640625,140.5556640625,140.5556640625,2000
2008-02-12 00:00:00+09:00,140.5556640625,140.5556640625,140.5556640625,140.5556640625,2000
2008-02-13 00:00:00+09:00,140.55565999348957,142.20440673828125,140.55565999348957,142.20440673828125,6000
2008-02-14 00:00:00+09:00,140.14346313476562,140.14346313476562,140.14346313476562,140.14346313476562,4000
2008-02-15 00:00:00+09:00,140.14346313476562,140.14346313476562,140.14346313476562,140.14346313476562,2000
2008-02-18 00:00:00+09:00,140.14346313476562,140.14346313476562,140.14346313476562,140.14346313476562,0
2008-02-19 00:00:00+09:00,140.14346313476562,140.14346313476562,140.14346313476562,140.14346313476562,4000
2008-02-20 00:00:00+09:00,144.26531982421875,144.26531982421875,144.26531982421875,144.26531982421875,16000
2008-02-21 00:00:00+09:00,144.26531982421875,144.26531982421875,144.26531982421875,144.26531982421875,2000
2008-02-22 00:00:00+09:00,144.26531982421875,144.26531982421875,144.26531982421875,144.26531982421875,0
2008-02-25 00:00:00+09:00,144.26531982421875,144.26531982421875,144.26531982421875,144.26531982421875,0
2008-02-26 00:00:00+09:00,144.26534518389633,146.32627868652344,144.26534518389633,146.32627868652344,12000
2008-02-27 00:00:00+09:00,146.32627868652344,146.32627868652344,146.32627868652344,146.32627868652344,0
2008-02-28 00:00:00+09:00,146.32627868652344,146.32627868652344,146.32627868652344,146.32627868652344,0
2008-02-29 00:00:00+09:00,127.77788972542956,127.77788972542956,126.12914276123047,126.12914276123047,6000
2008-03-03 00:00:00+09:00,126.12914276123047,126.12914276123047,126.12914276123047,126.12914276123047,2000
2008-03-04 00:00:00+09:00,126.12914276123047,126.12914276123047,126.12914276123047,126.12914276123047,0
2008-03-05 00:00:00+09:00,127.77784729003906,127.77784729003906,127.77784729003906,127.77784729003906,2000
2008-03-06 00:00:00+09:00,127.77784729003906,127.77784729003906,127.77784729003906,127.77784729003906,2000
2008-03-07 00:00:00+09:00,127.77784729003906,127.77784729003906,127.77784729003906,127.77784729003906,0
2008-03-10 00:00:00+09:00,127.77784729003906,127.77784729003906,127.77784729003906,127.77784729003906,0
2008-03-11 00:00:00+09:00,127.77784729003906,127.77784729003906,127.77784729003906,127.77784729003906,2000
2008-03-12 00:00:00+09:00,127.77784729003906,127.77784729003906,127.77784729003906,127.77784729003906,0
2008-03-13 00:00:00+09:00,127.77784729003906,127.77784729003906,127.77784729003906,127.77784729003906,0
2008-03-14 00:00:00+09:00,127.77784729003906,127.77784729003906,127.77784729003906,127.77784729003906,0
2008-03-17 00:00:00+09:00,127.77784729003906,127.77784729003906,127.77784729003906,127.77784729003906,0
2008-03-18 00:00:00+09:00,127.77784729003906,127.77784729003906,127.77784729003906,127.77784729003906,6000
2008-03-19 00:00:00+09:00,127.77784729003906,127.77784729003906,127.77784729003906,127.77784729003906,2000
2008-03-21 00:00:00+09:00,131.8997344970703,131.8997344970703,131.8997344970703,131.8997344970703,20000
2008-03-24 00:00:00+09:00,131.8997344970703,131.8997344970703,131.8997344970703,131.8997344970703,0
2008-03-25 00:00:00+09:00,131.4875267274918,131.4875267274918,127.77784729003906,127.77784729003906,6000
2008-03-26 00:00:00+09:00,126.9534912109375,126.9534912109375,126.9534912109375,126.9534912109375,2000
2008-03-27 00:00:00+09:00,126.12914276123047,126.12914276123047,126.12914276123047,126.12914276123047,2000
2008-03-28 00:00:00+09:00,126.12914276123047,126.12914276123047,126.12914276123047,126.12914276123047,0
2008-03-31 00:00:00+09:00,127.77784729003906,127.77784729003906,127.77784729003906,127.77784729003906,4000
2008-04-01 00:00:00+09:00,127.77784729003906,127.77784729003906,127.77784729003906,127.77784729003906,0
2008-04-02 00:00:00+09:00,127.77784729003906,127.77784729003906,127.77784729003906,127.77784729003906,0
2008-04-03 00:00:00+09:00,127.77784729003906,127.77784729003906,127.77784729003906,127.77784729003906,0
2008-04-04 00:00:00+09:00,127.77784729003906,127.77784729003906,127.77784729003906,127.77784729003906,2000
2008-04-07 00:00:00+09:00,127.77784729003906,127.77784729003906,127.77784729003906,127.77784729003906,0
2008-04-08 00:00:00+09:00,127.77784729003906,127.77784729003906,127.77784729003906,127.77784729003906,0
2008-04-09 00:00:00+09:00,127.36566925048827,127.36566925048827,127.36566925048827,127.36566925048828,2000
2008-04-10 00:00:00+09:00,127.36566925048827,127.36566925048827,127.36566925048827,127.36566925048828,2000
2008-04-11 00:00:00+09:00,127.36566925048827,127.36566925048827,127.36566925048827,127.36566925048828,0
2008-04-14 00:00:00+09:00,127.36566925048827,127.36566925048827,127.36566925048827,127.36566925048828,0
2008-04-15 00:00:00+09:00,127.36566925048827,127.36566925048827,127.36566925048827,127.36566925048828,0
2008-04-16 00:00:00+09:00,127.36566925048827,127.36566925048827,127.36566925048827,127.36566925048828,0
2008-04-17 00:00:00+09:00,127.36566925048827,127.36566925048827,127.36566925048827,127.36566925048828,0
2008-04-18 00:00:00+09:00,124.06820230676024,124.89257574401447,122.8316421508789,122.8316421508789,24000
2008-04-21 00:00:00+09:00,124.89254945921665,127.36566925048827,124.89254945921665,127.36566925048828,20000
2008-04-22 00:00:00+09:00,127.36566925048827,127.36566925048827,127.36566925048827,127.36566925048828,0
2008-04-23 00:00:00+09:00,127.36566925048827,127.36566925048827,127.36566925048827,127.36566925048828,0
2008-04-24 00:00:00+09:00,127.36566925048827,127.36566925048827,127.36566925048827,127.36566925048828,0
2008-04-25 00:00:00+09:00,127.36566925048827,127.36566925048827,127.36566925048827,127.36566925048828,2000
2008-04-28 00:00:00+09:00,127.36566925048827,127.36566925048827,127.36566925048827,127.36566925048828,4000
2008-04-30 00:00:00+09:00,127.36566925048827,127.36566925048827,127.36566925048827,127.36566925048828,4000
2008-05-01 00:00:00+09:00,127.36566925048827,127.36566925048827,127.36566925048827,127.36566925048828,0
2008-05-02 00:00:00+09:00,127.36566925048827,127.36566925048827,127.36566925048827,127.36566925048828,2000
2008-05-07 00:00:00+09:00,127.36566925048827,127.36566925048827,127.36566925048827,127.36566925048828,0
2008-05-08 00:00:00+09:00,127.36566925048827,127.36566925048827,127.36566925048827,127.36566925048828,0
2008-05-09 00:00:00+09:00,127.36566068587764,127.77784729003906,127.36566068587764,127.77784729003906,10000
2008-05-12 00:00:00+09:00,127.36566925048827,127.36566925048827,127.36566925048827,127.36566925048828,4000
2008-05-13 00:00:00+09:00,127.36566925048827,127.36566925048827,127.36566925048827,127.36566925048828,2000
2008-05-14 00:00:00+09:00,127.36566925048827,127.36566925048827,127.36566925048827,127.36566925048828,2000
2008-05-15 00:00:00+09:00,127.36566925048827,127.36566925048827,127.36566925048827,127.36566925048828,0
2008-05-16 00:00:00+09:00,127.36566925048827,127.36566925048827,127.36566925048827,127.36566925048828,0
2008-05-19 00:00:00+09:00,127.36566068587764,129.0144071025233,127.36566068587764,127.77784729003906,28000
2008-05-20 00:00:00+09:00,127.7778577047681,133.96065727112784,127.36567106701078,129.8387908935547,30000
2008-05-21 00:00:00+09:00,127.36566068587764,127.77784729003906,127.36566068587764,127.77784729003906,4000
2008-05-22 00:00:00+09:00,127.77784729003906,127.77784729003906,127.77784729003906,127.77784729003906,4000
2008-05-23 00:00:00+09:00,129.01438903808594,129.01438903808594,129.01438903808594,129.01438903808594,2000
2008-05-26 00:00:00+09:00,129.42662048339844,129.42662048339844,129.42662048339844,129.42662048339844,2000
2008-05-27 00:00:00+09:00,129.42662048339844,129.42662048339844,129.42662048339844,129.42662048339844,0
2008-05-28 00:00:00+09:00,129.42662048339844,129.42662048339844,129.42662048339844,129.42662048339844,0
2008-05-29 00:00:00+09:00,129.42662048339844,129.42662048339844,129.42662048339844,129.42662048339844,4000
2008-05-30 00:00:00+09:00,129.01438903808594,129.01438903808594,129.01438903808594,129.01438903808594,2000
2008-06-02 00:00:00+09:00,129.0144071025233,129.0144071025233,126.95347408171624,127.77784729003906,20000
2008-06-03 00:00:00+09:00,127.77784729003906,127.77784729003906,127.77784729003906,127.77784729003906,2000
2008-06-04 00:00:00+09:00,129.01438903808594,129.01438903808594,129.01438903808594,129.01438903808594,2000
2008-06-05 00:00:00+09:00,127.77782939874326,129.01438903808594,127.77782939874326,129.01438903808594,8000
2008-06-06 00:00:00+09:00,128.6022204983619,128.6022204983619,127.77784729003906,127.77784729003906,8000
2008-06-09 00:00:00+09:00,127.77784729003906,127.77784729003906,127.77784729003906,127.77784729003906,0
2008-06-10 00:00:00+09:00,128.6022186279297,128.6022186279297,128.6022186279297,128.6022186279297,2000
2008-06-11 00:00:00+09:00,128.6022186279297,128.6022186279297,128.6022186279297,128.6022186279297,0
2008-06-12 00:00:00+09:00,128.6022186279297,128.6022186279297,128.6022186279297,128.6022186279297,0
2008-06-13 00:00:00+09:00,129.8387908935547,129.8387908935547,129.8387908935547,129.8387908935547,2000
2008-06-16 00:00:00+09:00,129.8388011455536,131.8997344970703,129.8388011455536,131.8997344970703,14000
2008-06-17 00:00:00+09:00,131.89971828757788,132.31190490722656,131.89971828757788,132.31190490722656,16000
2008-06-18 00:00:00+09:00,135.6094064945128,136.02159314039278,135.1972198486328,135.1972198486328,6000
2008-06-19 00:00:00+09:00,135.60942974944615,138.08255004882812,135.60942974944615,138.08255004882812,10000
2008-06-20 00:00:00+09:00,146.326265749724,152.50906571097997,146.326265749724,151.6846923828125,22000
2008-06-23 00:00:00+09:00,140.14346313476562,140.14346313476562,140.14346313476562,140.14346313476562,2000
2008-06-24 00:00:00+09:00,158.2796734415167,160.34060668945312,158.2796734415167,160.34060668945312,4000
2008-06-25 00:00:00+09:00,155.3943634033203,155.3943634033203,155.3943634033203,155.3943634033203,2000
2008-06-26 00:00:00+09:00,138.4947305718475,140.5556640625,138.4947305718475,140.5556640625,6000
2008-06-27 00:00:00+09:00,140.5556640625,140.5556640625,140.5556640625,140.5556640625,0
2008-06-30 00:00:00+09:00,142.61659240722656,142.61659240722656,142.61659240722656,142.61659240722656,2000
2008-07-01 00:00:00+09:00,142.61659240722656,142.61659240722656,142.61659240722656,142.61659240722656,0
2008-07-02 00:00:00+09:00,132.31190490722656,132.31190490722656,132.31190490722656,132.31190490722656,4000
2008-07-03 00:00:00+09:00,132.31190490722656,132.31190490722656,132.31190490722656,132.31190490722656,0
2008-07-04 00:00:00+09:00,132.31190490722656,132.31190490722656,132.31190490722656,132.31190490722656,0
2008-07-07 00:00:00+09:00,131.8997344970703,131.8997344970703,131.8997344970703,131.8997344970703,2000
2008-07-08 00:00:00+09:00,131.8997344970703,131.8997344970703,131.8997344970703,131.8997344970703,0
2008-07-09 00:00:00+09:00,131.8997344970703,131.8997344970703,131.8997344970703,131.8997344970703,0
2008-07-10 00:00:00+09:00,134.37285148691467,134.37285148691467,133.13629150390625,133.13629150390625,4000
2008-07-11 00:00:00+09:00,133.13629150390625,133.13629150390625,133.13629150390625,133.13629150390625,0
2008-07-14 00:00:00+09:00,132.31192116737364,132.31192116737364,131.8997344970703,131.8997344970703,6000
2008-07-15 00:00:00+09:00,131.8997344970703,131.8997344970703,131.8997344970703,131.8997344970703,0
2008-07-16 00:00:00+09:00,131.8997344970703,131.8997344970703,131.8997344970703,131.8997344970703,0
2008-07-17 00:00:00+09:00,138.49468994140625,138.49468994140625,138.49468994140625,138.49468994140625,2000
2008-07-18 00:00:00+09:00,138.08252985337202,140.14346313476562,138.08252985337202,140.14346313476562,8000
2008-07-22 00:00:00+09:00,138.08253082905546,139.7312774658203,138.08253082905546,139.7312774658203,16000
2008-07-23 00:00:00+09:00,139.7312774658203,139.7312774658203,139.7312774658203,139.7312774658203,0
2008-07-24 00:00:00+09:00,139.7312774658203,139.7312774658203,139.7312774658203,139.7312774658203,0
2008-07-25 00:00:00+09:00,143.4409637451172,143.4409637451172,143.4409637451172,143.4409637451172,2000
2008-07-28 00:00:00+09:00,137.25816345214844,137.25816345214844,137.25816345214844,137.25816345214844,2000
2008-07-29 00:00:00+09:00,139.31907653808594,139.31907653808594,139.31907653808594,139.31907653808594,2000
2008-07-30 00:00:00+09:00,141.3800506591797,141.3800506591797,141.3800506591797,141.3800506591797,2000
2008-07-31 00:00:00+09:00,143.4409637451172,143.4409637451172,143.4409637451172,143.4409637451172,2000
2008-08-01 00:00:00+09:00,143.4409637451172,143.4409637451172,143.4409637451172,143.4409637451172,0
2008-08-04 00:00:00+09:00,143.4409637451172,143.4409637451172,143.4409637451172,143.4409637451172,2000
2008-08-05 00:00:00+09:00,143.4409637451172,143.4409637451172,143.4409637451172,143.4409637451172,0
2008-08-06 00:00:00+09:00,143.4409637451172,143.4409637451172,143.4409637451172,143.4409637451172,0
2008-08-07 00:00:00+09:00,143.4409637451172,143.4409637451172,143.4409637451172,143.4409637451172,0
2008-08-08 00:00:00+09:00,143.4409637451172,143.4409637451172,143.4409637451172,143.4409637451172,0
2008-08-11 00:00:00+09:00,143.4409637451172,143.4409637451172,143.4409637451172,143.4409637451172,0
2008-08-12 00:00:00+09:00,143.4409637451172,143.4409637451172,143.4409637451172,143.4409637451172,0
2008-08-13 00:00:00+09:00,143.4409637451172,143.4409637451172,143.4409637451172,143.4409637451172,0
2008-08-14 00:00:00+09:00,142.20440673828125,142.20440673828125,142.20440673828125,142.20440673828125,2000
2008-08-15 00:00:00+09:00,142.20440673828125,142.20440673828125,142.20440673828125,142.20440673828125,0
2008-08-18 00:00:00+09:00,142.20440673828125,142.20440673828125,142.20440673828125,142.20440673828125,0
2008-08-19 00:00:00+09:00,156.63088989257812,156.63088989257812,156.63088989257812,156.63088989257812,2000
2008-08-20 00:00:00+09:00,174.35494995117188,174.35494995117188,174.35494995117188,174.35494995117188,12000
2008-08-21 00:00:00+09:00,150.44813537597656,150.44813537597656,150.44813537597656,150.44813537597656,2000
2008-08-22 00:00:00+09:00,150.44813537597656,150.44813537597656,150.44813537597656,150.44813537597656,0
2008-08-25 00:00:00+09:00,173.118408203125,173.118408203125,173.118408203125,173.118408203125,2000
2008-08-26 00:00:00+09:00,173.118408203125,173.118408203125,173.118408203125,173.118408203125,0
2008-08-27 00:00:00+09:00,173.118408203125,173.118408203125,173.118408203125,173.118408203125,0
2008-08-28 00:00:00+09:00,173.118408203125,173.118408203125,173.118408203125,173.118408203125,0
2008-08-29 00:00:00+09:00,172.70619201660156,172.70619201660156,172.70619201660156,172.70619201660156,2000
2008-09-01 00:00:00+09:00,172.70619201660156,172.70619201660156,172.70619201660156,172.70619201660156,0
2008-09-02 00:00:00+09:00,172.70619201660156,172.70619201660156,172.70619201660156,172.70619201660156,0
2008-09-03 00:00:00+09:00,172.70619201660156,172.70619201660156,172.70619201660156,172.70619201660156,0
2008-09-04 00:00:00+09:00,172.70619201660156,172.70619201660156,172.70619201660156,172.70619201660156,0
2008-09-05 00:00:00+09:00,172.70619201660156,172.70619201660156,172.70619201660156,172.70619201660156,0
2008-09-08 00:00:00+09:00,172.70619201660156,172.70619201660156,172.70619201660156,172.70619201660156,0
2008-09-09 00:00:00+09:00,172.70619201660156,172.70619201660156,172.70619201660156,172.70619201660156,0
2008-09-10 00:00:00+09:00,172.70619201660156,172.70619201660156,172.70619201660156,172.70619201660156,0
2008-09-11 00:00:00+09:00,166.93560791015625,173.118408203125,166.93560791015625,173.118408203125,12000
2008-09-12 00:00:00+09:00,173.118408203125,173.118408203125,173.118408203125,173.118408203125,0
2008-09-16 00:00:00+09:00,173.118408203125,173.118408203125,173.118408203125,173.118408203125,0
2008-09-17 00:00:00+09:00,168.58432006835938,168.58432006835938,168.58432006835938,168.58432006835938,2000
2008-09-18 00:00:00+09:00,168.58432006835938,168.58432006835938,168.58432006835938,168.58432006835938,0
2008-09-19 00:00:00+09:00,162.40155835995947,165.286865234375,162.40155835995947,165.286865234375,6000
2008-09-22 00:00:00+09:00,168.99654134114581,173.118408203125,168.99654134114581,173.118408203125,18000
2008-09-24 00:00:00+09:00,173.118408203125,173.118408203125,173.118408203125,173.118408203125,0
2008-09-25 00:00:00+09:00,173.118408203125,173.118408203125,173.118408203125,173.118408203125,2000
2008-09-26 00:00:00+09:00,173.118408203125,173.118408203125,173.118408203125,173.118408203125,0
2008-09-29 00:00:00+09:00,164.87464904785156,164.87464904785156,164.87464904785156,164.87464904785156,4000
2008-09-30 00:00:00+09:00,164.87464904785156,164.87464904785156,164.87464904785156,164.87464904785156,4000
2008-10-01 00:00:00+09:00,164.87464904785156,164.87464904785156,164.87464904785156,164.87464904785156,0
2008-10-02 00:00:00+09:00,162.4015655517578,162.4015655517578,162.4015655517578,162.4015655517578,4000
2008-10-03 00:00:00+09:00,164.87464904785156,164.87464904785156,164.87464904785156,164.87464904785156,4000
2008-10-06 00:00:00+09:00,164.87464904785156,164.87464904785156,164.87464904785156,164.87464904785156,0
2008-10-07 00:00:00+09:00,164.87464904785156,164.87464904785156,164.87464904785156,164.87464904785156,0
2008-10-08 00:00:00+09:00,164.87464904785156,164.87464904785156,164.87464904785156,164.87464904785156,0
2008-10-09 00:00:00+09:00,148.38722229003906,148.38722229003906,148.38722229003906,148.38722229003906,4000
2008-10-10 00:00:00+09:00,148.38717749810988,148.38717749810988,127.77784729003906,127.77784729003906,4000
2008-10-14 00:00:00+09:00,127.77784729003906,127.77784729003906,127.77784729003906,127.77784729003906,0
2008-10-15 00:00:00+09:00,136.02159118652344,136.02159118652344,136.02159118652344,136.02159118652344,2000
2008-10-16 00:00:00+09:00,136.02159118652344,136.02159118652344,136.02159118652344,136.02159118652344,0
2008-10-17 00:00:00+09:00,136.02159118652344,136.02159118652344,136.02159118652344,136.02159118652344,0
2008-10-20 00:00:00+09:00,172.7062355544039,172.7062355544039,137.6703643798828,137.6703643798828,22000
2008-10-21 00:00:00+09:00,137.6703643798828,137.6703643798828,137.6703643798828,137.6703643798828,0
2008-10-22 00:00:00+09:00,137.6703643798828,137.6703643798828,137.6703643798828,137.6703643798828,0
2008-10-23 00:00:00+09:00,137.6703643798828,137.6703643798828,137.6703643798828,137.6703643798828,0
2008-10-24 00:00:00+09:00,171.05747985839844,171.05747985839844,171.05747985839844,171.05747985839844,6000
2008-10-27 00:00:00+09:00,171.05747985839844,171.05747985839844,171.05747985839844,171.05747985839844,0
2008-10-28 00:00:00+09:00,171.05747985839844,171.05747985839844,171.05747985839844,171.05747985839844,0
2008-10-29 00:00:00+09:00,171.05747985839844,171.05747985839844,171.05747985839844,171.05747985839844,0
2008-10-30 00:00:00+09:00,171.05747985839844,171.05747985839844,171.05747985839844,171.05747985839844,0
2008-10-31 00:00:00+09:00,168.17218017578125,168.17218017578125,168.17218017578125,168.17218017578125,2000
2008-11-04 00:00:00+09:00,168.17218017578125,168.17218017578125,168.17218017578125,168.17218017578125,0
2008-11-05 00:00:00+09:00,168.17218017578125,168.17218017578125,168.17218017578125,168.17218017578125,0
2008-11-06 00:00:00+09:00,168.17218017578125,168.17218017578125,168.17218017578125,168.17218017578125,0
2008-11-07 00:00:00+09:00,168.17218017578125,168.17218017578125,168.17218017578125,168.17218017578125,0
2008-11-10 00:00:00+09:00,168.17218017578125,168.17218017578125,168.17218017578125,168.17218017578125,0
2008-11-11 00:00:00+09:00,168.17218017578125,168.17218017578125,168.17218017578125,168.17218017578125,0
2008-11-12 00:00:00+09:00,168.17218017578125,168.17218017578125,168.17218017578125,168.17218017578125,0
2008-11-13 00:00:00+09:00,164.87464904785156,164.87464904785156,164.87464904785156,164.87464904785156,2000
2008-11-14 00:00:00+09:00,164.87464904785156,164.87464904785156,164.87464904785156,164.87464904785156,0
2008-11-17 00:00:00+09:00,168.58432006835938,168.58432006835938,168.58432006835938,168.58432006835938,2000
2008-11-18 00:00:00+09:00,168.99655151367188,168.99655151367188,168.99655151367188,168.99655151367188,2000
2008-11-19 00:00:00+09:00,169.8209249356898,170.23311164669875,168.99655151367188,168.99655151367188,18000
2008-11-20 00:00:00+09:00,162.81374811527118,164.05030822753906,162.81374811527118,164.05030822753906,14000
2008-11-21 00:00:00+09:00,151.6846923828125,151.6846923828125,151.6846923828125,151.6846923828125,4000
2008-11-25 00:00:00+09:00,151.6846923828125,151.6846923828125,151.6846923828125,151.6846923828125,0
2008-11-26 00:00:00+09:00,151.6846923828125,151.6846923828125,151.6846923828125,151.6846923828125,2000
2008-11-27 00:00:00+09:00,151.6846923828125,151.6846923828125,151.6846923828125,151.6846923828125,2000
2008-11-28 00:00:00+09:00,157.86749267578125,157.86749267578125,157.86749267578125,157.86749267578125,2000
2008-12-01 00:00:00+09:00,157.86749267578125,157.86749267578125,157.86749267578125,157.86749267578125,0
2008-12-02 00:00:00+09:00,157.86749267578125,157.86749267578125,157.86749267578125,157.86749267578125,0
2008-12-03 00:00:00+09:00,157.86749267578125,157.86749267578125,157.86749267578125,157.86749267578125,0
2008-12-04 00:00:00+09:00,157.86749267578125,157.86749267578125,157.86749267578125,157.86749267578125,0
2008-12-05 00:00:00+09:00,156.63088989257812,156.63088989257812,156.63088989257812,156.63088989257812,2000
2008-12-08 00:00:00+09:00,156.63088989257812,156.63088989257812,156.63088989257812,156.63088989257812,0
2008-12-09 00:00:00+09:00,156.63088989257812,156.63088989257812,156.63088989257812,156.63088989257812,0
2008-12-10 00:00:00+09:00,156.63088989257812,156.63088989257812,156.63088989257812,156.63088989257812,0
2008-12-11 00:00:00+09:00,156.63088989257812,156.63088989257812,156.63088989257812,156.63088989257812,0
2008-12-12 00:00:00+09:00,156.63088989257812,156.63088989257812,156.63088989257812,156.63088989257812,0
2008-12-15 00:00:00+09:00,150.44813537597656,150.44813537597656,150.44813537597656,150.44813537597656,2000
2008-12-16 00:00:00+09:00,160.75277709960938,160.75277709960938,160.75277709960938,160.75277709960938,4000
2008-12-17 00:00:00+09:00,160.75277709960938,160.75277709960938,160.75277709960938,160.75277709960938,0
2008-12-18 00:00:00+09:00,161.5771942138672,161.5771942138672,161.5771942138672,161.5771942138672,2000
2008-12-19 00:00:00+09:00,164.87464904785156,164.87464904785156,164.87464904785156,164.87464904785156,2000
2008-12-22 00:00:00+09:00,163.63810139317667,166.11122131347656,163.63810139317667,166.11122131347656,14000
2008-12-24 00:00:00+09:00,149.62374877929688,149.62374877929688,149.62374877929688,149.62374877929688,2000
2008-12-25 00:00:00+09:00,168.17218017578125,168.17218017578125,168.17218017578125,168.17218017578125,2000
2008-12-26 00:00:00+09:00,168.17218017578125,168.17218017578125,168.17218017578125,168.17218017578125,0
2008-12-29 00:00:00+09:00,168.17218017578125,168.17218017578125,168.17218017578125,168.17218017578125,0
2008-12-30 00:00:00+09:00,168.17218017578125,168.17218017578125,168.17218017578125,168.17218017578125,0
2009-01-05 00:00:00+09:00,168.17218017578125,168.17218017578125,168.17218017578125,168.17218017578125,0
2009-01-06 00:00:00+09:00,168.17218017578125,168.17218017578125,168.17218017578125,168.17218017578125,0
2009-01-07 00:00:00+09:00,158.69183349609375,158.69183349609375,158.69183349609375,158.69183349609375,2000
2009-01-08 00:00:00+09:00,156.63088989257812,156.63088989257812,156.63088989257812,156.63088989257812,2000
2009-01-09 00:00:00+09:00,156.63088989257812,156.63088989257812,156.63088989257812,156.63088989257812,0
2009-01-13 00:00:00+09:00,156.63088989257812,156.63088989257812,156.63088989257812,156.63088989257812,0
2009-01-14 00:00:00+09:00,156.63088989257812,156.63088989257812,156.63088989257812,156.63088989257812,0
2009-01-15 00:00:00+09:00,160.75277709960938,160.75277709960938,160.75277709960938,160.75277709960938,4000
2009-01-16 00:00:00+09:00,160.75277709960938,160.75277709960938,160.75277709960938,160.75277709960938,0
2009-01-19 00:00:00+09:00,164.46250125340052,164.46250125340052,161.5771942138672,161.5771942138672,10000
2009-01-20 00:00:00+09:00,158.69183349609375,158.69183349609375,158.69183349609375,158.69183349609375,16000
2009-01-21 00:00:00+09:00,158.69183349609375,158.69183349609375,158.69183349609375,158.69183349609375,0
2009-01-22 00:00:00+09:00,158.69183349609375,158.69183349609375,158.69183349609375,158.69183349609375,0
2009-01-23 00:00:00+09:00,161.5771942138672,161.5771942138672,161.5771942138672,161.5771942138672,2000
2009-01-26 00:00:00+09:00,161.5771942138672,161.5771942138672,161.5771942138672,161.5771942138672,0
2009-01-27 00:00:00+09:00,161.5771942138672,161.5771942138672,161.5771942138672,161.5771942138672,0
2009-01-28 00:00:00+09:00,161.5771942138672,161.5771942138672,161.5771942138672,161.5771942138672,0
2009-01-29 00:00:00+09:00,161.5771942138672,161.5771942138672,161.5771942138672,161.5771942138672,0
2009-01-30 00:00:00+09:00,160.75277709960938,160.75277709960938,160.75277709960938,160.75277709960938,2000
2009-02-02 00:00:00+09:00,160.75277709960938,160.75277709960938,160.75277709960938,160.75277709960938,0
2009-02-03 00:00:00+09:00,160.75277709960938,160.75277709960938,160.75277709960938,160.75277709960938,0
2009-02-04 00:00:00+09:00,160.75277709960938,160.75277709960938,160.75277709960938,160.75277709960938,0
2009-02-05 00:00:00+09:00,160.75277709960938,160.75277709960938,160.75277709960938,160.75277709960938,0
2009-02-06 00:00:00+09:00,160.75277709960938,160.75277709960938,160.75277709960938,160.75277709960938,0
2009-02-09 00:00:00+09:00,160.75277709960938,160.75277709960938,160.75277709960938,160.75277709960938,0
2009-02-10 00:00:00+09:00,160.75277709960938,160.75277709960938,160.75277709960938,160.75277709960938,0
2009-02-12 00:00:00+09:00,158.69183349609375,158.69183349609375,158.69183349609375,158.69183349609375,2000
2009-02-13 00:00:00+09:00,160.34061592198626,162.81373596191406,160.34061592198626,162.81373596191406,40000
2009-02-16 00:00:00+09:00,162.81373596191406,162.81373596191406,162.81373596191406,162.81373596191406,2000
2009-02-17 00:00:00+09:00,162.81373596191406,162.81373596191406,162.81373596191406,162.81373596191406,6000
2009-02-18 00:00:00+09:00,162.81373596191406,162.81373596191406,162.81373596191406,162.81373596191406,0
2009-02-19 00:00:00+09:00,166.9355926513672,166.9355926513672,166.9355926513672,166.9355926513672,2000
2009-02-20 00:00:00+09:00,166.11121838198505,167.3477783203125,166.11121838198505,167.3477783203125,12000
2009-02-23 00:00:00+09:00,167.3477783203125,167.3477783203125,167.3477783203125,167.3477783203125,0
2009-02-24 00:00:00+09:00,167.3477783203125,167.3477783203125,167.3477783203125,167.3477783203125,0
2009-02-25 00:00:00+09:00,167.3477783203125,167.3477783203125,167.3477783203125,167.3477783203125,0
2009-02-26 00:00:00+09:00,167.3477783203125,167.3477783203125,167.3477783203125,167.3477783203125,0
2009-02-27 00:00:00+09:00,166.9355926513672,166.9355926513672,166.9355926513672,166.9355926513672,2000
2009-03-02 00:00:00+09:00,166.9355926513672,166.9355926513672,166.9355926513672,166.9355926513672,0
2009-03-03 00:00:00+09:00,166.9355926513672,166.9355926513672,166.9355926513672,166.9355926513672,0
2009-03-04 00:00:00+09:00,166.9355926513672,166.9355926513672,166.9355926513672,166.9355926513672,0
2009-03-05 00:00:00+09:00,166.9355926513672,166.9355926513672,166.9355926513672,166.9355926513672,0
2009-03-06 00:00:00+09:00,166.9355926513672,166.9355926513672,166.9355926513672,166.9355926513672,0
2009-03-09 00:00:00+09:00,166.9355926513672,166.9355926513672,166.9355926513672,166.9355926513672,0
2009-03-10 00:00:00+09:00,166.9355926513672,166.9355926513672,166.9355926513672,166.9355926513672,0
2009-03-11 00:00:00+09:00,166.9355926513672,166.9355926513672,166.9355926513672,166.9355926513672,0
2009-03-12 00:00:00+09:00,166.9355926513672,166.9355926513672,166.9355926513672,166.9355926513672,0
2009-03-13 00:00:00+09:00,166.9355926513672,166.9355926513672,166.9355926513672,166.9355926513672,0
2009-03-16 00:00:00+09:00,166.9355926513672,166.9355926513672,166.9355926513672,166.9355926513672,0
2009-03-17 00:00:00+09:00,174.35494995117188,174.35494995117188,174.35494995117188,174.35494995117188,2000
2009-03-18 00:00:00+09:00,172.70619201660156,173.118378632393,172.70619201660156,172.70619201660156,6000
2009-03-19 00:00:00+09:00,177.24024963378906,177.24024963378906,177.24024963378906,177.24024963378906,2000
2009-03-23 00:00:00+09:00,185.07179060311154,187.13272368332437,179.30117797851562,179.30117797851562,14000
2009-03-24 00:00:00+09:00,179.30117797851562,179.30117797851562,179.30117797851562,179.30117797851562,0
2009-03-25 00:00:00+09:00,185.48397827148438,185.48397827148438,185.48397827148438,185.48397827148438,4000
2009-03-26 00:00:00+09:00,185.48397827148438,185.48397827148438,185.48397827148438,185.48397827148438,0
2009-03-27 00:00:00+09:00,185.48397827148438,185.48397827148438,185.48397827148438,185.48397827148438,0
2009-03-30 00:00:00+09:00,185.48397827148438,185.48397827148438,185.48397827148438,185.48397827148438,0
2009-03-31 00:00:00+09:00,177.24024963378906,177.24024963378906,177.24024963378906,177.24024963378906,2000
2009-04-01 00:00:00+09:00,177.24024963378906,177.24024963378906,177.24024963378906,177.24024963378906,0
2009-04-02 00:00:00+09:00,177.24024963378906,177.24024963378906,177.24024963378906,177.24024963378906,0
2009-04-03 00:00:00+09:00,177.24024963378906,177.24024963378906,177.24024963378906,177.24024963378906,0
2009-04-06 00:00:00+09:00,173.118408203125,173.118408203125,173.118408203125,173.118408203125,2000
2009-04-07 00:00:00+09:00,173.118408203125,173.118408203125,173.118408203125,173.118408203125,0
2009-04-08 00:00:00+09:00,173.118408203125,173.118408203125,173.118408203125,173.118408203125,2000
2009-04-09 00:00:00+09:00,173.118408203125,173.118408203125,173.118408203125,173.118408203125,2000
2009-04-10 00:00:00+09:00,173.118408203125,173.118408203125,173.118408203125,173.118408203125,0
2009-04-13 00:00:00+09:00,173.118408203125,173.118408203125,173.118408203125,173.118408203125,0
2009-04-14 00:00:00+09:00,173.118408203125,173.118408203125,173.118408203125,173.118408203125,0
2009-04-15 00:00:00+09:00,173.118408203125,173.118408203125,173.118408203125,173.118408203125,0
2009-04-16 00:00:00+09:00,181.36209106445312,181.36209106445312,181.36209106445312,181.36209106445312,4000
2009-04-17 00:00:00+09:00,185.0717916531033,187.54491136338976,185.0717916531033,185.48397827148438,10000
2009-04-20 00:00:00+09:00,185.48398469623766,195.7886505126953,185.48398469623766,195.7886505126953,12000
2009-04-21 00:00:00+09:00,179.30117797851562,179.30117797851562,179.30117797851562,179.30117797851562,4000
2009-04-22 00:00:00+09:00,179.30117797851562,179.30117797851562,179.30117797851562,179.30117797851562,0
2009-04-23 00:00:00+09:00,179.30117797851562,179.30117797851562,179.30117797851562,179.30117797851562,0
2009-04-24 00:00:00+09:00,179.30117797851562,179.30117797851562,179.30117797851562,179.30117797851562,0
2009-04-27 00:00:00+09:00,191.25462341308594,191.25462341308594,191.25462341308594,191.25462341308594,2000
2009-04-28 00:00:00+09:00,191.25462341308594,191.25462341308594,191.25462341308594,191.25462341308594,0
2009-04-30 00:00:00+09:00,191.66680908203125,191.66680908203125,191.66680908203125,191.66680908203125,2000
2009-05-01 00:00:00+09:00,177.65243151434538,179.30117797851562,177.65243151434538,179.30117797851562,4000
2009-05-07 00:00:00+09:00,189.60586547851562,189.60586547851562,189.60586547851562,189.60586547851562,2000
2009-05-08 00:00:00+09:00,189.60586547851562,189.60586547851562,189.60586547851562,189.60586547851562,0
2009-05-11 00:00:00+09:00,190.8424072265625,191.6667804759213,190.8424072265625,190.8424072265625,6000
2009-05-12 00:00:00+09:00,190.8424072265625,190.8424072265625,190.8424072265625,190.8424072265625,0
2009-05-13 00:00:00+09:00,190.8424072265625,190.8424072265625,190.8424072265625,190.8424072265625,0
2009-05-14 00:00:00+09:00,179.30118276906566,179.30118276906566,177.24024963378906,177.24024963378906,4000
2009-05-15 00:00:00+09:00,179.71337890625,179.71337890625,179.71337890625,179.71337890625,2000
2009-05-18 00:00:00+09:00,183.42308044433594,183.42308044433594,183.42308044433594,183.42308044433594,2000
2009-05-19 00:00:00+09:00,184.65963745117188,184.65963745117188,184.65963745117188,184.65963745117188,2000
2009-05-20 00:00:00+09:00,185.4839988376783,189.60586547851562,185.4839988376783,189.60586547851562,18000
2009-05-21 00:00:00+09:00,189.60586547851562,189.60586547851562,189.60586547851562,189.60586547851562,0
2009-05-22 00:00:00+09:00,181.36209106445312,181.36209106445312,181.36209106445312,181.36209106445312,2000
2009-05-25 00:00:00+09:00,181.36209106445312,181.36209106445312,181.36209106445312,181.36209106445312,0
2009-05-26 00:00:00+09:00,181.36209106445312,181.36209106445312,181.36209106445312,181.36209106445312,0
2009-05-27 00:00:00+09:00,181.36209106445312,181.36209106445312,181.36209106445312,181.36209106445312,0
2009-05-28 00:00:00+09:00,181.36209106445312,181.36209106445312,181.36209106445312,181.36209106445312,0
2009-05-29 00:00:00+09:00,191.25462239583334,191.66680908203125,191.25462239583334,191.66680908203125,4000
2009-06-01 00:00:00+09:00,191.66680908203125,191.66680908203125,191.66680908203125,191.66680908203125,0
2009-06-02 00:00:00+09:00,191.66680908203125,191.66680908203125,191.66680908203125,191.66680908203125,0
2009-06-03 00:00:00+09:00,191.66680908203125,191.66680908203125,191.66680908203125,191.66680908203125,0
2009-06-04 00:00:00+09:00,184.65963745117188,184.65963745117188,184.65963745117188,184.65963745117188,10000
2009-06-05 00:00:00+09:00,184.65963745117188,184.65963745117188,184.65963745117188,184.65963745117188,0
2009-06-08 00:00:00+09:00,184.65963745117188,184.65963745117188,184.65963745117188,184.65963745117188,0
2009-06-09 00:00:00+09:00,192.90338134765625,192.90338134765625,192.90338134765625,192.90338134765625,2000
2009-06-10 00:00:00+09:00,192.90338134765625,192.90338134765625,192.90338134765625,192.90338134765625,0
2009-06-11 00:00:00+09:00,187.5449353557522,194.55210876464844,187.5449353557522,194.55210876464844,8000
2009-06-12 00:00:00+09:00,195.3765106201172,195.3765106201172,195.3765106201172,195.3765106201172,2000
2009-06-15 00:00:00+09:00,195.3765106201172,195.3765106201172,195.3765106201172,195.3765106201172,0
2009-06-16 00:00:00+09:00,195.3765106201172,195.3765106201172,195.3765106201172,195.3765106201172,0
2009-06-17 00:00:00+09:00,197.849609375,197.849609375,197.849609375,197.849609375,4000
2009-06-18 00:00:00+09:00,206.5055246887207,206.5055246887207,202.79584460449217,206.0933380126953,10000
2009-06-19 00:00:00+09:00,210.21519322549145,217.2223663330078,210.21519322549145,217.2223663330078,4000
2009-06-22 00:00:00+09:00,225.46612649091216,225.46612649091216,200.73492431640625,200.73492431640625,12000
2009-06-23 00:00:00+09:00,200.73492431640625,200.73492431640625,200.73492431640625,200.73492431640625,0
2009-06-24 00:00:00+09:00,200.73492431640625,200.73492431640625,200.73492431640625,200.73492431640625,0
2009-06-25 00:00:00+09:00,197.849609375,197.849609375,197.849609375,197.849609375,2000
2009-06-26 00:00:00+09:00,190.8424072265625,190.8424072265625,190.8424072265625,190.8424072265625,4000
2009-06-29 00:00:00+09:00,190.8424072265625,190.8424072265625,190.8424072265625,190.8424072265625,0
2009-06-30 00:00:00+09:00,190.8424072265625,190.8424072265625,190.8424072265625,190.8424072265625,0
2009-07-01 00:00:00+09:00,190.8424072265625,190.8424072265625,190.8424072265625,190.8424072265625,0
2009-07-02 00:00:00+09:00,190.8424072265625,190.8424072265625,190.8424072265625,190.8424072265625,0
2009-07-03 00:00:00+09:00,182.5986507762562,182.5986507762562,181.36209106445312,181.36209106445312,16000
2009-07-06 00:00:00+09:00,182.18649291992188,182.18649291992188,182.18649291992188,182.18649291992188,2000
2009-07-07 00:00:00+09:00,182.18649291992188,182.18649291992188,182.18649291992188,182.18649291992188,2000
2009-07-08 00:00:00+09:00,183.83523559570312,183.83523559570312,183.83523559570312,183.83523559570312,2000
2009-07-09 00:00:00+09:00,181.36211105872846,181.36211105872846,179.30117797851562,179.30117797851562,4000
2009-07-10 00:00:00+09:00,179.30117797851562,179.30117797851562,179.30117797851562,179.30117797851562,0
2009-07-13 00:00:00+09:00,179.30117797851562,179.30117797851562,179.30117797851562,179.30117797851562,0
2009-07-14 00:00:00+09:00,179.71337890625,179.71337890625,179.71337890625,179.71337890625,2000
2009-07-15 00:00:00+09:00,179.71337890625,179.71337890625,179.71337890625,179.71337890625,0
2009-07-16 00:00:00+09:00,189.60587565104166,191.66680908203125,189.60587565104166,191.66680908203125,8000
2009-07-17 00:00:00+09:00,193.72774251302081,193.72774251302081,191.66680908203125,191.66680908203125,10000
2009-07-21 00:00:00+09:00,189.60586547851562,189.60586547851562,189.60586547851562,189.60586547851562,16000
2009-07-22 00:00:00+09:00,189.60586547851562,189.60586547851562,189.60586547851562,189.60586547851562,0
2009-07-23 00:00:00+09:00,189.60586547851562,189.60586547851562,189.60586547851562,189.60586547851562,0
2009-07-24 00:00:00+09:00,178.8889923095703,178.8889923095703,178.8889923095703,178.8889923095703,2000
2009-07-27 00:00:00+09:00,187.54493713378906,187.54493713378906,187.54493713378906,187.54493713378906,2000
2009-07-28 00:00:00+09:00,185.07179260253906,185.07179260253906,185.07179260253906,185.07179260253906,2000
2009-07-29 00:00:00+09:00,181.36209106445312,181.36209106445312,181.36209106445312,181.36209106445312,4000
2009-07-30 00:00:00+09:00,179.30117797851562,179.30117797851562,179.30117797851562,179.30117797851562,2000
2009-07-31 00:00:00+09:00,183.01084899902344,183.01084899902344,183.01084899902344,183.01084899902344,2000
2009-08-03 00:00:00+09:00,183.42303559586807,183.42303559586807,183.01084899902344,183.01084899902344,4000
2009-08-04 00:00:00+09:00,186.7205810546875,186.7205810546875,186.7205810546875,186.7205810546875,2000
2009-08-05 00:00:00+09:00,185.48397827148438,185.48397827148438,185.48397827148438,185.48397827148438,2000
2009-08-06 00:00:00+09:00,185.48397827148438,185.48397827148438,185.48397827148438,185.48397827148438,0
2009-08-07 00:00:00+09:00,183.42303559586807,183.42303559586807,183.01084899902344,183.01084899902344,6000
2009-08-10 00:00:00+09:00,183.01084899902344,183.01084899902344,183.01084899902344,183.01084899902344,0
2009-08-11 00:00:00+09:00,185.48397827148438,185.48397827148438,185.48397827148438,185.48397827148438,2000
2009-08-12 00:00:00+09:00,187.54494623610358,192.07899988137203,187.54494623610358,190.01806640625,18000
2009-08-13 00:00:00+09:00,197.0252227783203,197.0252227783203,197.0252227783203,197.0252227783203,6000
2009-08-14 00:00:00+09:00,197.0252227783203,197.0252227783203,197.0252227783203,197.0252227783203,0
2009-08-17 00:00:00+09:00,198.2617645263672,198.2617645263672,198.2617645263672,198.2617645263672,2000
2009-08-18 00:00:00+09:00,198.2617645263672,198.2617645263672,198.2617645263672,198.2617645263672,0
2009-08-19 00:00:00+09:00,211.86392211914062,211.86392211914062,211.86392211914062,211.86392211914062,2000
2009-08-20 00:00:00+09:00,210.21517944335938,210.21517944335938,210.21517944335938,210.21517944335938,8000
2009-08-21 00:00:00+09:00,210.21517944335938,210.21517944335938,210.21517944335938,210.21517944335938,0
2009-08-24 00:00:00+09:00,211.03956604003906,211.03956604003906,211.03956604003906,211.03956604003906,4000
2009-08-25 00:00:00+09:00,213.51267908349894,213.92486572265625,213.51267908349894,213.92486572265625,4000
2009-08-26 00:00:00+09:00,213.92486572265625,213.92486572265625,213.92486572265625,213.92486572265625,0
2009-08-27 00:00:00+09:00,213.92486572265625,213.92486572265625,213.92486572265625,213.92486572265625,0
2009-08-28 00:00:00+09:00,213.92486572265625,213.92486572265625,213.92486572265625,213.92486572265625,0
2009-08-31 00:00:00+09:00,216.39797973632812,216.39797973632812,216.39797973632812,216.39797973632812,2000
2009-09-02 00:00:00+09:00,216.39797973632812,216.39797973632812,216.39797973632812,216.39797973632812,0
2009-09-03 00:00:00+09:00,216.39797973632812,216.39797973632812,216.39797973632812,216.39797973632812,0
2009-09-04 00:00:00+09:00,216.39797973632812,216.39797973632812,216.39797973632812,216.39797973632812,0
2009-09-07 00:00:00+09:00,206.50550842285156,206.50550842285156,206.50550842285156,206.50550842285156,2000
2009-09-08 00:00:00+09:00,206.50550842285156,206.50550842285156,206.50550842285156,206.50550842285156,0
2009-09-09 00:00:00+09:00,206.50550842285156,206.50550842285156,206.50550842285156,206.50550842285156,0
2009-09-10 00:00:00+09:00,202.3836212158203,202.3836212158203,202.3836212158203,202.3836212158203,2000
2009-09-11 00:00:00+09:00,202.3836212158203,202.3836212158203,202.3836212158203,202.3836212158203,0
2009-09-14 00:00:00+09:00,201.97146606445312,201.97146606445312,201.97146606445312,201.97146606445312,2000
2009-09-15 00:00:00+09:00,201.97146606445312,201.97146606445312,201.97146606445312,201.97146606445312,0
2009-09-16 00:00:00+09:00,201.97146606445312,201.97146606445312,201.97146606445312,201.97146606445312,0
2009-09-17 00:00:00+09:00,206.0933380126953,206.0933380126953,206.0933380126953,206.0933380126953,2000
2009-09-18 00:00:00+09:00,206.0933380126953,206.0933380126953,206.0933380126953,206.0933380126953,0
2009-09-21 00:00:00+09:00,206.0933380126953,206.0933380126953,206.0933380126953,206.0933380126953,0
2009-09-24 00:00:00+09:00,205.68115234375,205.68115234375,205.68115234375,205.68115234375,10000
2009-09-25 00:00:00+09:00,205.68115234375,205.68115234375,205.68115234375,205.68115234375,0
2009-09-28 00:00:00+09:00,205.68115234375,205.68115234375,205.68115234375,205.68115234375,0
2009-09-29 00:00:00+09:00,201.97146606445312,201.97146606445312,201.97146606445312,201.97146606445312,2000
2009-09-30 00:00:00+09:00,201.97146606445312,201.97146606445312,201.97146606445312,201.97146606445312,0
2009-10-01 00:00:00+09:00,201.97146606445312,201.97146606445312,201.97146606445312,201.97146606445312,0
2009-10-02 00:00:00+09:00,199.08615112304688,199.08615112304688,199.08615112304688,199.08615112304688,2000
2009-10-05 00:00:00+09:00,199.08615112304688,199.08615112304688,199.08615112304688,199.08615112304688,0
2009-10-06 00:00:00+09:00,199.08615112304688,199.08615112304688,199.08615112304688,199.08615112304688,0
2009-10-07 00:00:00+09:00,201.14707946777344,201.14707946777344,201.14707946777344,201.14707946777344,2000
2009-10-08 00:00:00+09:00,201.14707946777344,201.14707946777344,201.14707946777344,201.14707946777344,0
2009-10-09 00:00:00+09:00,201.14707946777344,201.14707946777344,201.14707946777344,201.14707946777344,0
2009-10-13 00:00:00+09:00,201.14707946777344,201.14707946777344,201.14707946777344,201.14707946777344,0
2009-10-14 00:00:00+09:00,201.14707946777344,201.14707946777344,201.14707946777344,201.14707946777344,0
2009-10-15 00:00:00+09:00,201.14707946777344,201.14707946777344,201.14707946777344,201.14707946777344,0
2009-10-16 00:00:00+09:00,201.14707946777344,201.14707946777344,201.14707946777344,201.14707946777344,0
2009-10-19 00:00:00+09:00,211.45173932243796,211.8639259487975,210.21517944335938,210.21517944335938,10000
2009-10-20 00:00:00+09:00,214.33703333196402,215.57359313964844,214.33703333196402,215.57359313964844,18000
2009-10-21 00:00:00+09:00,215.57359313964844,215.57359313964844,215.57359313964844,215.57359313964844,0
2009-10-22 00:00:00+09:00,215.57359313964844,215.57359313964844,215.57359313964844,215.57359313964844,0
2009-10-23 00:00:00+09:00,215.57359313964844,215.57359313964844,215.57359313964844,215.57359313964844,0
2009-10-26 00:00:00+09:00,215.5736296781027,215.5736296781027,213.1005096435547,213.1005096435547,6000
2009-10-27 00:00:00+09:00,213.1005096435547,213.1005096435547,213.1005096435547,213.1005096435547,0
2009-10-28 00:00:00+09:00,213.1005096435547,213.1005096435547,213.1005096435547,213.1005096435547,0
2009-10-29 00:00:00+09:00,213.1005096435547,213.1005096435547,213.1005096435547,213.1005096435547,0
2009-10-30 00:00:00+09:00,213.51268005371094,213.51268005371094,213.51268005371094,213.51268005371094,2000
2009-11-02 00:00:00+09:00,213.51268005371094,213.51268005371094,213.51268005371094,213.51268005371094,0
2009-11-04 00:00:00+09:00,199.08615112304688,199.08615112304688,199.08615112304688,199.08615112304688,2000
2009-11-05 00:00:00+09:00,199.08615112304688,199.08615112304688,199.08615112304688,199.08615112304688,0
2009-11-06 00:00:00+09:00,199.91050720214844,199.91050720214844,199.91050720214844,199.91050720214844,2000
2009-11-09 00:00:00+09:00,199.91050720214844,199.91050720214844,199.91050720214844,199.91050720214844,0
2009-11-10 00:00:00+09:00,197.849609375,197.849609375,197.849609375,197.849609375,2000
2009-11-11 00:00:00+09:00,197.849609375,197.849609375,197.849609375,197.849609375,0
2009-11-12 00:00:00+09:00,197.849609375,197.849609375,197.849609375,197.849609375,0
2009-11-13 00:00:00+09:00,197.849609375,197.849609375,197.849609375,197.849609375,0
2009-11-16 00:00:00+09:00,199.91050720214844,199.91050720214844,199.91050720214844,199.91050720214844,4000
2009-11-17 00:00:00+09:00,198.67396545410156,198.67396545410156,198.67396545410156,198.67396545410156,8000
2009-11-18 00:00:00+09:00,199.08615112304688,199.08615112304688,199.08615112304688,199.08615112304688,4000
2009-11-19 00:00:00+09:00,198.2617645263672,198.2617645263672,198.2617645263672,198.2617645263672,2000
2009-11-20 00:00:00+09:00,192.0790091483824,204.44461059570312,192.0790091483824,204.44461059570312,10000
2009-11-24 00:00:00+09:00,204.44461059570312,204.44461059570312,204.44461059570312,204.44461059570312,0
2009-11-25 00:00:00+09:00,204.44461059570312,204.44461059570312,204.44461059570312,204.44461059570312,0
2009-11-26 00:00:00+09:00,204.44461059570312,204.44461059570312,204.44461059570312,204.44461059570312,0
2009-11-27 00:00:00+09:00,204.44461059570312,204.44461059570312,204.44461059570312,204.44461059570312,0
2009-11-30 00:00:00+09:00,202.79582527273553,202.79582527273553,194.9642791748047,194.9642791748047,4000
2009-12-01 00:00:00+09:00,194.9642791748047,194.9642791748047,194.9642791748047,194.9642791748047,0
2009-12-02 00:00:00+09:00,194.9642791748047,194.9642791748047,194.9642791748047,194.9642791748047,0
2009-12-03 00:00:00+09:00,194.9642791748047,194.9642791748047,194.9642791748047,194.9642791748047,0
2009-12-04 00:00:00+09:00,194.9642791748047,194.9642791748047,194.9642791748047,194.9642791748047,0
2009-12-07 00:00:00+09:00,193.72772216796875,193.72772216796875,193.72772216796875,193.72772216796875,4000
2009-12-08 00:00:00+09:00,193.72772216796875,193.72772216796875,193.72772216796875,193.72772216796875,0
2009-12-09 00:00:00+09:00,193.72772216796875,193.72772216796875,193.72772216796875,193.72772216796875,0
2009-12-10 00:00:00+09:00,191.66680908203125,191.66680908203125,191.66680908203125,191.66680908203125,2000
2009-12-11 00:00:00+09:00,191.66680908203125,191.66680908203125,191.66680908203125,191.66680908203125,0
2009-12-14 00:00:00+09:00,191.66680908203125,191.66680908203125,191.66680908203125,191.66680908203125,0
2009-12-15 00:00:00+09:00,191.66680908203125,191.66680908203125,191.66680908203125,191.66680908203125,0
2009-12-16 00:00:00+09:00,191.66680908203125,197.849609375,191.66680908203125,197.849609375,6000
2009-12-17 00:00:00+09:00,197.849609375,197.849609375,197.849609375,197.849609375,2000
2009-12-18 00:00:00+09:00,197.849609375,197.849609375,197.849609375,197.849609375,0
2009-12-21 00:00:00+09:00,199.91052785545887,204.0323944091797,199.91052785545887,204.0323944091797,10000
2009-12-22 00:00:00+09:00,204.0323944091797,204.0323944091797,204.0323944091797,204.0323944091797,0
2009-12-24 00:00:00+09:00,204.0323944091797,204.0323944091797,204.0323944091797,204.0323944091797,0
2009-12-25 00:00:00+09:00,204.0323944091797,204.0323944091797,204.0323944091797,204.0323944091797,0
2009-12-28 00:00:00+09:00,204.0323944091797,204.0323944091797,204.0323944091797,204.0323944091797,0
2009-12-29 00:00:00+09:00,204.0323944091797,204.0323944091797,204.0323944091797,204.0323944091797,0
2009-12-30 00:00:00+09:00,201.55929565429688,201.55929565429688,201.55929565429688,201.55929565429688,2000
2010-01-04 00:00:00+09:00,201.55929565429688,201.55929565429688,201.55929565429688,201.55929565429688,0
2010-01-05 00:00:00+09:00,201.55929565429688,201.55929565429688,201.55929565429688,201.55929565429688,0
2010-01-06 00:00:00+09:00,201.55929565429688,201.55929565429688,201.55929565429688,201.55929565429688,0
2010-01-07 00:00:00+09:00,201.55929565429688,201.55929565429688,201.55929565429688,201.55929565429688,0
2010-01-08 00:00:00+09:00,201.55929565429688,201.55929565429688,201.55929565429688,201.55929565429688,0
2010-01-12 00:00:00+09:00,201.55929565429688,201.55929565429688,201.55929565429688,201.55929565429688,0
2010-01-13 00:00:00+09:00,201.55929565429688,201.55929565429688,201.55929565429688,201.55929565429688,2000
2010-01-14 00:00:00+09:00,201.55929565429688,201.55929565429688,201.55929565429688,201.55929565429688,0
2010-01-15 00:00:00+09:00,201.55929565429688,201.55929565429688,201.55929565429688,201.55929565429688,0
2010-01-18 00:00:00+09:00,201.55929565429688,201.55929565429688,201.55929565429688,201.55929565429688,0
2010-01-19 00:00:00+09:00,206.91769506641015,206.91769506641015,206.50550842285156,206.50550842285156,4000
2010-01-20 00:00:00+09:00,206.50550842285156,206.50550842285156,206.50550842285156,206.50550842285156,10000
2010-01-21 00:00:00+09:00,206.50550842285156,206.50550842285156,206.50550842285156,206.50550842285156,0
2010-01-22 00:00:00+09:00,206.50550842285156,206.50550842285156,206.50550842285156,206.50550842285156,2000
2010-01-25 00:00:00+09:00,206.50550842285156,206.50550842285156,206.50550842285156,206.50550842285156,0
2010-01-26 00:00:00+09:00,206.50550842285156,206.50550842285156,206.50550842285156,206.50550842285156,0
2010-01-27 00:00:00+09:00,206.50550842285156,206.50550842285156,206.50550842285156,206.50550842285156,0
2010-01-28 00:00:00+09:00,206.50550842285156,206.50550842285156,206.50550842285156,206.50550842285156,0
2010-01-29 00:00:00+09:00,197.849609375,197.849609375,197.849609375,197.849609375,2000
2010-02-01 00:00:00+09:00,197.84958636174437,201.14707946777344,197.84958636174437,201.14707946777344,6000
2010-02-02 00:00:00+09:00,197.849609375,197.849609375,197.849609375,197.849609375,4000
2010-02-03 00:00:00+09:00,197.849609375,197.849609375,197.849609375,197.849609375,0
2010-02-04 00:00:00+09:00,197.849609375,197.849609375,197.849609375,197.849609375,0
2010-02-05 00:00:00+09:00,197.849609375,197.849609375,197.849609375,197.849609375,0
2010-02-08 00:00:00+09:00,201.14707946777344,201.14707946777344,199.91051955301253,201.14707946777344,6000
2010-02-09 00:00:00+09:00,197.84958270417542,197.84958270417542,196.20083618164062,196.20083618164062,6000
2010-02-10 00:00:00+09:00,196.20083618164062,196.20083618164062,196.20083618164062,196.20083618164062,0
2010-02-12 00:00:00+09:00,196.20083618164062,196.20083618164062,196.20083618164062,196.20083618164062,0
2010-02-15 00:00:00+09:00,193.72772216796875,193.72772216796875,193.72772216796875,193.72772216796875,4000
2010-02-16 00:00:00+09:00,193.72772216796875,193.72772216796875,193.72772216796875,193.72772216796875,0
2010-02-17 00:00:00+09:00,193.72772216796875,193.72772216796875,193.72772216796875,193.72772216796875,2000
2010-02-18 00:00:00+09:00,193.72771926460507,194.9642791748047,193.72771926460507,194.9642791748047,4000
2010-02-19 00:00:00+09:00,194.9642791748047,194.9642791748047,194.9642791748047,194.9642791748047,0
2010-02-22 00:00:00+09:00,197.4374306931388,200.73492431640625,197.4374306931388,200.73492431640625,16000
2010-02-23 00:00:00+09:00,200.73492431640625,200.73492431640625,200.73492431640625,200.73492431640625,0
2010-02-24 00:00:00+09:00,200.73492431640625,200.73492431640625,200.73492431640625,200.73492431640625,0
2010-02-25 00:00:00+09:00,200.73492431640625,200.73492431640625,200.73492431640625,200.73492431640625,2000
2010-02-26 00:00:00+09:00,200.73490883132158,200.73490883132158,194.55210876464844,194.55210876464844,4000
2010-03-01 00:00:00+09:00,197.849609375,197.849609375,197.849609375,197.849609375,2000
2010-03-02 00:00:00+09:00,195.7886505126953,195.7886505126953,195.7886505126953,195.7886505126953,2000
2010-03-03 00:00:00+09:00,195.7886505126953,195.7886505126953,195.7886505126953,195.7886505126953,0
2010-03-04 00:00:00+09:00,195.7886505126953,195.7886505126953,195.7886505126953,195.7886505126953,0
2010-03-05 00:00:00+09:00,195.7886505126953,195.7886505126953,195.7886505126953,195.7886505126953,2000
2010-03-08 00:00:00+09:00,195.7886505126953,195.7886505126953,195.7886505126953,195.7886505126953,0
2010-03-09 00:00:00+09:00,194.13992919921876,197.849609375,194.13992919921876,197.849609375,4000
2010-03-10 00:00:00+09:00,192.07899055900154,192.49117723402085,186.72056378375044,187.54493713378906,22000
2010-03-11 00:00:00+09:00,187.54493713378906,187.54493713378906,187.54493713378906,187.54493713378906,0
2010-03-12 00:00:00+09:00,187.54493713378906,187.54493713378906,187.54493713378906,187.54493713378906,0
2010-03-15 00:00:00+09:00,189.60586547851562,189.60586547851562,189.60586547851562,189.60586547851562,2000
2010-03-16 00:00:00+09:00,189.60586547851562,189.60586547851562,189.60586547851562,189.60586547851562,0
2010-03-17 00:00:00+09:00,192.90332122737388,192.90332122737388,192.4911346435547,192.4911346435547,4000
2010-03-18 00:00:00+09:00,192.90335879118547,192.90335879118547,189.60586547851562,189.60586547851562,12000
2010-03-19 00:00:00+09:00,189.6058664758221,189.6058664758221,189.1936798095703,189.1936798095703,6000
2010-03-23 00:00:00+09:00,187.54491136338976,188.781471218533,185.48397827148438,185.48397827148438,22000
2010-03-24 00:00:00+09:00,188.36927795410156,188.36927795410156,188.36927795410156,188.36927795410156,2000
2010-03-25 00:00:00+09:00,188.36927795410156,188.36927795410156,188.36927795410156,188.36927795410156,0
2010-03-26 00:00:00+09:00,190.4302520751953,190.4302520751953,190.4302520751953,190.4302520751953,2000
2010-03-29 00:00:00+09:00,197.0252227783203,197.0252227783203,197.0252227783203,197.0252227783203,2000
2010-03-30 00:00:00+09:00,193.72772216796875,193.72772216796875,193.72772216796875,193.72772216796875,2000
2010-03-31 00:00:00+09:00,200.3227194027025,201.97146606445312,200.3227194027025,201.97146606445312,6000
2010-04-01 00:00:00+09:00,201.97146606445312,201.97146606445312,201.97146606445312,201.97146606445312,2000
2010-04-02 00:00:00+09:00,205.26898193359375,205.26898193359375,205.26898193359375,205.26898193359375,2000
2010-04-05 00:00:00+09:00,200.32272552918337,205.68115234375,200.32272552918337,205.68115234375,4000
2010-04-06 00:00:00+09:00,205.68115234375,205.68115234375,205.68115234375,205.68115234375,2000
2010-04-07 00:00:00+09:00,204.85679522288373,205.26898193359375,204.85679522288373,205.26898193359375,4000
2010-04-08 00:00:00+09:00,205.26898193359375,205.26898193359375,205.26898193359375,205.26898193359375,0
2010-04-09 00:00:00+09:00,204.0323944091797,204.0323944091797,204.0323944091797,204.0323944091797,2000
2010-04-12 00:00:00+09:00,203.62021272620376,203.62021272620376,201.97146606445312,201.97146606445312,6000
2010-04-13 00:00:00+09:00,204.0323944091797,204.0323944091797,204.0323944091797,204.0323944091797,2000
2010-04-14 00:00:00+09:00,204.0323944091797,204.0323944091797,204.0323944091797,204.0323944091797,0
2010-04-15 00:00:00+09:00,204.0323944091797,204.0323944091797,204.0323944091797,204.0323944091797,0
2010-04-16 00:00:00+09:00,205.26898193359375,205.26898193359375,205.26898193359375,205.26898193359375,2000
2010-04-19 00:00:00+09:00,205.26895239847286,205.26895239847286,204.8567657470703,204.8567657470703,10000
2010-04-20 00:00:00+09:00,204.4446085121737,205.26898193359375,204.4446085121737,205.26898193359375,14000
2010-04-21 00:00:00+09:00,205.26898193359375,205.26898193359375,205.26898193359375,205.26898193359375,0
2010-04-22 00:00:00+09:00,205.26898193359375,205.26898193359375,205.26898193359375,205.26898193359375,0
2010-04-23 00:00:00+09:00,205.26898193359375,205.26898193359375,205.26898193359375,205.26898193359375,2000
2010-04-26 00:00:00+09:00,205.2689323881233,206.9176788330078,205.2689323881233,206.9176788330078,12000
2010-04-27 00:00:00+09:00,205.68115234375,205.68115234375,205.68115234375,205.68115234375,2000
2010-04-28 00:00:00+09:00,206.9176788330078,206.9176788330078,206.9176788330078,206.9176788330078,4000
2010-04-30 00:00:00+09:00,208.9786509155993,209.8030242919922,208.9786509155993,209.8030242919922,6000
2010-05-06 00:00:00+09:00,209.8030242919922,209.8030242919922,209.8030242919922,209.8030242919922,2000
2010-05-07 00:00:00+09:00,208.15428890856393,208.15428890856393,205.26898193359375,205.26898193359375,4000
2010-05-10 00:00:00+09:00,226.70265197753906,234.122011496804,226.70265197753906,226.70265197753906,22000
2010-05-11 00:00:00+09:00,226.70265197753906,226.70265197753906,226.70265197753906,226.70265197753906,2000
2010-05-12 00:00:00+09:00,233.29762468009162,239.0682373046875,226.70263882341058,239.0682373046875,16000
2010-05-13 00:00:00+09:00,230.8245183771307,230.8245183771307,226.70265197753906,226.70265197753906,6000
2010-05-14 00:00:00+09:00,230.82452392578125,230.82452392578125,230.82452392578125,230.82452392578125,2000
2010-05-17 00:00:00+09:00,239.0682373046875,239.0682373046875,239.0682373046875,239.0682373046875,4000
2010-05-18 00:00:00+09:00,243.1901397705078,243.1901397705078,243.1901397705078,243.1901397705078,4000
2010-05-19 00:00:00+09:00,241.12920934503728,241.12920934503728,235.77078247070312,235.77078247070312,8000
2010-05-20 00:00:00+09:00,238.65605068864494,244.42666331324085,238.65605068864494,239.0682373046875,12000
2010-05-21 00:00:00+09:00,239.0682373046875,239.0682373046875,239.0682373046875,239.0682373046875,0
2010-05-24 00:00:00+09:00,247.31198120117185,247.31198120117185,247.31198120117185,247.31198120117188,6000
2010-05-25 00:00:00+09:00,237.41952514648438,237.41952514648438,237.41952514648438,237.41952514648438,2000
2010-05-26 00:00:00+09:00,237.41953124999998,241.12921142578125,237.41953124999998,241.12921142578125,4000
2010-05-27 00:00:00+09:00,226.70267181396483,226.70267181396483,206.0933380126953,206.0933380126953,24000
2010-05-28 00:00:00+09:00,214.33704570695465,214.33704570695465,210.21517944335938,210.21517944335938,8000
2010-05-31 00:00:00+09:00,210.21517944335938,210.21517944335938,210.21517944335938,210.21517944335938,0
2010-06-01 00:00:00+09:00,210.21517944335938,210.21517944335938,210.21517944335938,210.21517944335938,0
2010-06-02 00:00:00+09:00,214.33706269009423,215.98580932617188,214.33706269009423,215.98580932617188,6000
2010-06-03 00:00:00+09:00,215.98580932617188,215.98580932617188,215.98580932617188,215.98580932617188,0
2010-06-04 00:00:00+09:00,222.99297801186057,224.2295379638672,222.99297801186057,224.2295379638672,4000
2010-06-07 00:00:00+09:00,226.2904815673828,226.2904815673828,226.2904815673828,226.2904815673828,2000
2010-06-08 00:00:00+09:00,234.5342254638672,234.5342254638672,234.5342254638672,234.5342254638672,2000
2010-06-09 00:00:00+09:00,234.94639587402344,234.94639587402344,234.94639587402344,234.94639587402344,2000
2010-06-10 00:00:00+09:00,234.94639587402344,234.94639587402344,234.94639587402344,234.94639587402344,0
2010-06-11 00:00:00+09:00,237.0073042244747,239.0682373046875,237.0073042244747,239.0682373046875,8000
2010-06-14 00:00:00+09:00,242.3657621383667,265.86040234565735,242.3657621383667,263.7994689941406,14000
2010-06-15 00:00:00+09:00,263.7994689941406,263.7994689941406,263.7994689941406,263.7994689941406,6000
2010-06-16 00:00:00+09:00,255.55574334737076,255.55574334737076,248.13638305664062,248.13638305664062,4000
2010-06-17 00:00:00+09:00,247.31198120117185,247.31198120117185,247.31198120117185,247.31198120117188,6000
2010-06-18 00:00:00+09:00,247.31198120117185,247.31198120117185,247.31198120117185,247.31198120117188,0
2010-06-21 00:00:00+09:00,247.72411441498292,258.0287780761719,247.72411441498292,258.0287780761719,10000
2010-06-22 00:00:00+09:00,258.0287780761719,258.0287780761719,258.0287780761719,258.0287780761719,0
2010-06-23 00:00:00+09:00,258.0287780761719,258.0287780761719,258.0287780761719,258.0287780761719,0
2010-06-24 00:00:00+09:00,253.49480175581135,253.49480175581135,251.43386840820312,251.43386840820312,6000
2010-06-25 00:00:00+09:00,239.0682373046875,239.0682373046875,239.0682373046875,239.0682373046875,2000
2010-06-28 00:00:00+09:00,237.81437683105466,237.81437683105466,237.81437683105466,237.8143768310547,2000
2010-06-29 00:00:00+09:00,230.2912271673029,230.2912271673029,229.87327575683594,229.87327575683594,8000
2010-06-30 00:00:00+09:00,229.45533330580767,229.45533330580767,213.1552276611328,213.1552276611328,6000
2010-07-01 00:00:00+09:00,213.5731964111328,213.5731964111328,213.5731964111328,213.5731964111328,4000
2010-07-02 00:00:00+09:00,213.5731964111328,213.5731964111328,213.5731964111328,213.5731964111328,0
2010-07-05 00:00:00+09:00,213.15527783907376,217.3347930908203,213.15527783907376,217.3347930908203,8000
2010-07-06 00:00:00+09:00,217.3347930908203,217.3347930908203,217.3347930908203,217.3347930908203,0
2010-07-07 00:00:00+09:00,220.26043701171875,220.26043701171875,220.26043701171875,220.26043701171875,2000
2010-07-08 00:00:00+09:00,220.26043701171875,220.26043701171875,220.26043701171875,220.26043701171875,0
2010-07-09 00:00:00+09:00,220.26043701171875,220.26043701171875,220.26043701171875,220.26043701171875,2000
2010-07-12 00:00:00+09:00,220.26039745402784,221.51425170898438,220.26039745402784,221.51425170898438,4000
2010-07-13 00:00:00+09:00,221.51425170898438,221.51425170898438,221.51425170898438,221.51425170898438,0
2010-07-14 00:00:00+09:00,222.76815795898438,222.76815795898438,222.76815795898438,222.76815795898438,2000
2010-07-15 00:00:00+09:00,234.88873291015625,234.88873291015625,234.88873291015625,234.88873291015625,2000
2010-07-16 00:00:00+09:00,230.70925903320312,230.70925903320312,230.70925903320312,230.70925903320312,4000
2010-07-21 00:00:00+09:00,216.9168243408203,216.9168243408203,216.9168243408203,216.9168243408203,0
2010-07-22 00:00:00+09:00,216.9168243408203,216.9168243408203,216.9168243408203,216.9168243408203,0
2010-07-23 00:00:00+09:00,216.9168243408203,216.9168243408203,216.9168243408203,216.9168243408203,0
2010-07-26 00:00:00+09:00,219.42453002929688,219.42453002929688,219.42453002929688,219.42453002929688,4000
2010-07-27 00:00:00+09:00,219.42453002929688,219.42453002929688,219.42453002929688,219.42453002929688,0
2010-07-28 00:00:00+09:00,219.42453002929688,219.42453002929688,219.42453002929688,219.42453002929688,0
2010-07-29 00:00:00+09:00,219.42453002929688,219.42453002929688,219.42453002929688,219.42453002929688,0
2010-07-30 00:00:00+09:00,221.09632873535156,221.09632873535156,221.09632873535156,221.09632873535156,4000
2010-08-02 00:00:00+09:00,205.21417523193358,208.97573852539062,196.85514569091796,208.97573852539062,22000
2010-08-03 00:00:00+09:00,208.97573852539062,208.97573852539062,208.97573852539062,208.97573852539062,0
2010-08-04 00:00:00+09:00,208.97573852539062,208.97573852539062,208.97573852539062,208.97573852539062,0
2010-08-05 00:00:00+09:00,208.97573852539062,208.97573852539062,208.97573852539062,208.97573852539062,2000
2010-08-06 00:00:00+09:00,208.97573852539062,208.97573852539062,208.97573852539062,208.97573852539062,0
2010-08-09 00:00:00+09:00,208.97573852539062,208.97573852539062,208.97573852539062,208.97573852539062,0
2010-08-10 00:00:00+09:00,208.97573852539062,208.97573852539062,208.97573852539062,208.97573852539062,0
2010-08-11 00:00:00+09:00,208.97573852539062,208.97573852539062,208.97573852539062,208.97573852539062,0
2010-08-12 00:00:00+09:00,208.97573852539062,208.97573852539062,208.97573852539062,208.97573852539062,0
2010-08-13 00:00:00+09:00,198.5269775390625,198.5269775390625,198.5269775390625,198.5269775390625,2000
2010-08-16 00:00:00+09:00,198.5269775390625,198.5269775390625,198.5269775390625,198.5269775390625,0
2010-08-17 00:00:00+09:00,216.0809326171875,216.0809326171875,216.0809326171875,216.0809326171875,4000
2010-08-18 00:00:00+09:00,216.0809326171875,216.0809326171875,216.0809326171875,216.0809326171875,0
2010-08-19 00:00:00+09:00,216.0809326171875,216.0809326171875,216.0809326171875,216.0809326171875,0
2010-08-20 00:00:00+09:00,224.43995666503906,224.43995666503906,224.43995666503906,224.43995666503906,8000
2010-08-23 00:00:00+09:00,224.43995666503906,224.43995666503906,224.43995666503906,224.43995666503906,2000
2010-08-24 00:00:00+09:00,224.43995666503906,224.43995666503906,224.43995666503906,224.43995666503906,8000
2010-08-25 00:00:00+09:00,224.43995666503906,224.43995666503906,224.43995666503906,224.43995666503906,2000
2010-08-26 00:00:00+09:00,224.43995666503906,224.43995666503906,224.43995666503906,224.43995666503906,0
2010-08-27 00:00:00+09:00,224.43995666503906,224.43995666503906,224.43995666503906,224.43995666503906,0
2010-08-30 00:00:00+09:00,224.43995666503906,224.43995666503906,224.43995666503906,224.43995666503906,0
2010-08-31 00:00:00+09:00,223.60403442382812,223.60403442382812,223.60403442382812,223.60403442382812,18000
2010-09-01 00:00:00+09:00,223.60403442382812,223.60403442382812,223.60403442382812,223.60403442382812,4000
2010-09-02 00:00:00+09:00,223.60403442382812,223.60403442382812,223.60403442382812,223.60403442382812,0
2010-09-03 00:00:00+09:00,223.60403442382812,223.60403442382812,223.60403442382812,223.60403442382812,0
2010-09-06 00:00:00+09:00,208.97572310929448,208.97572310929448,199.36283984626692,202.70645141601562,36000
2010-09-07 00:00:00+09:00,204.3782958984375,206.88600505056556,204.3782958984375,204.3782958984375,12000
2010-09-08 00:00:00+09:00,204.3782958984375,204.3782958984375,204.3782958984375,204.3782958984375,0
2010-09-09 00:00:00+09:00,204.3782958984375,204.3782958984375,204.3782958984375,204.3782958984375,0
2010-09-10 00:00:00+09:00,204.3782958984375,204.3782958984375,204.3782958984375,204.3782958984375,0
2010-09-13 00:00:00+09:00,204.37827991001816,204.37827991001816,201.03466796875,201.03466796875,6000
2010-09-14 00:00:00+09:00,198.94491854580966,198.94491854580966,193.09359741210938,193.09359741210938,10000
2010-09-16 00:00:00+09:00,198.9449005126953,198.9449005126953,198.9449005126953,198.9449005126953,0
2010-09-17 00:00:00+09:00,204.79624346785968,204.79624346785968,203.54238891601562,203.54238891601562,6000
2010-09-21 00:00:00+09:00,203.12442096910976,206.46803283691406,203.12442096910976,206.46803283691406,12000
2010-09-22 00:00:00+09:00,206.46803283691406,206.46803283691406,206.46803283691406,206.46803283691406,0
2010-09-24 00:00:00+09:00,206.46803283691406,206.46803283691406,206.46803283691406,206.46803283691406,10000
2010-09-27 00:00:00+09:00,206.46803283691406,206.46803283691406,206.46803283691406,206.46803283691406,0
2010-09-28 00:00:00+09:00,206.46803283691406,206.46803283691406,206.46803283691406,206.46803283691406,0
2010-09-29 00:00:00+09:00,206.46803283691406,206.46803283691406,206.46803283691406,206.46803283691406,0
2010-09-30 00:00:00+09:00,209.3937225341797,209.3937225341797,209.3937225341797,209.3937225341797,2000
2010-10-01 00:00:00+09:00,209.3937225341797,209.3937225341797,209.3937225341797,209.3937225341797,0
2010-10-04 00:00:00+09:00,202.28851318359375,202.28851318359375,202.28851318359375,202.28851318359375,2000
2010-10-05 00:00:00+09:00,202.28851318359375,202.28851318359375,202.28851318359375,202.28851318359375,2000
2010-10-06 00:00:00+09:00,198.94488351004466,204.79620361328125,198.94488351004466,204.79620361328125,4000
2010-10-07 00:00:00+09:00,204.79620361328125,204.79620361328125,204.79620361328125,204.79620361328125,0
2010-10-08 00:00:00+09:00,204.79620361328125,204.79620361328125,204.79620361328125,204.79620361328125,2000
2010-10-12 00:00:00+09:00,204.79620361328125,204.79620361328125,204.79620361328125,204.79620361328125,2000
2010-10-13 00:00:00+09:00,204.79624894644712,204.79624894644712,201.45263671875,201.45263671875,6000
2010-10-14 00:00:00+09:00,201.45263671875,201.45263671875,201.45263671875,201.45263671875,6000
2010-10-15 00:00:00+09:00,204.79620361328125,204.79620361328125,204.79620361328125,204.79620361328125,2000
2010-10-18 00:00:00+09:00,205.21419894914683,205.21419894914683,204.3782958984375,204.3782958984375,8000
2010-10-19 00:00:00+09:00,204.37829195057833,204.37829195057833,203.1244373987343,203.54238891601562,6000
2010-10-20 00:00:00+09:00,203.5423908859003,203.96034240722656,203.5423908859003,203.96034240722656,16000
2010-10-21 00:00:00+09:00,203.96034240722656,203.96034240722656,203.96034240722656,203.96034240722656,16000
2010-10-22 00:00:00+09:00,203.96034240722656,203.96034240722656,203.96034240722656,203.96034240722656,16000
2010-10-25 00:00:00+09:00,203.54235635765295,203.54235635765295,203.12440490722656,203.12440490722656,8000
2010-10-26 00:00:00+09:00,204.79620361328125,204.79620361328125,204.79620361328125,204.79620361328125,10000
2010-10-27 00:00:00+09:00,204.79620361328125,204.79620361328125,204.79620361328125,204.79620361328125,2000
2010-10-28 00:00:00+09:00,204.79620361328125,204.79620361328125,204.79620361328125,204.79620361328125,2000
2010-10-29 00:00:00+09:00,204.79620361328125,204.79620361328125,204.79620361328125,204.79620361328125,2000
2010-11-01 00:00:00+09:00,204.79620361328125,204.79620361328125,204.79620361328125,204.79620361328125,2000
2010-11-02 00:00:00+09:00,204.79620361328125,204.79620361328125,204.79620361328125,204.79620361328125,2000
2010-11-04 00:00:00+09:00,204.79620361328125,204.79620361328125,204.79620361328125,204.79620361328125,2000
2010-11-05 00:00:00+09:00,198.10902404785156,198.10902404785156,198.10902404785156,198.10902404785156,2000
2010-11-08 00:00:00+09:00,198.10902404785156,198.10902404785156,198.10902404785156,198.10902404785156,2000
2010-11-09 00:00:00+09:00,198.10902404785156,198.10902404785156,198.10902404785156,198.10902404785156,2000
2010-11-10 00:00:00+09:00,200.61671447753906,200.61671447753906,200.61671447753906,200.61671447753906,2000
2010-11-11 00:00:00+09:00,200.61670639935664,200.61670639935664,198.9449005126953,198.9449005126953,10000
2010-11-12 00:00:00+09:00,198.10902311499984,198.10902311499984,191.4217987060547,191.4217987060547,6000
2010-11-15 00:00:00+09:00,193.92950439453125,193.92950439453125,193.92950439453125,193.92950439453125,4000
2010-11-16 00:00:00+09:00,194.34742736816406,194.34742736816406,194.34742736816406,194.34742736816406,2000
2010-11-17 00:00:00+09:00,194.76539611816406,194.76539611816406,194.76539611816406,194.76539611816406,2000
2010-11-18 00:00:00+09:00,196.43719482421875,196.43719482421875,196.43719482421875,196.43719482421875,2000
2010-11-19 00:00:00+09:00,196.85514630256816,196.85514630256816,196.43719482421875,196.43719482421875,4000
2010-11-22 00:00:00+09:00,193.51156586028716,196.43722668322886,190.16795349121094,190.16795349121094,14000
2010-11-24 00:00:00+09:00,190.16795349121094,190.16795349121094,190.16795349121094,190.16795349121094,14000
2010-11-25 00:00:00+09:00,190.16795349121094,190.16795349121094,190.16795349121094,190.16795349121094,14000
2010-11-26 00:00:00+09:00,190.16795349121094,190.16795349121094,190.16795349121094,190.16795349121094,14000
2010-11-29 00:00:00+09:00,190.16795349121094,190.16795349121094,190.16795349121094,190.16795349121094,14000
2010-11-30 00:00:00+09:00,190.16795349121094,190.16795349121094,190.16795349121094,190.16795349121094,14000
2010-12-01 00:00:00+09:00,190.16795349121094,190.16795349121094,190.16795349121094,190.16795349121094,14000
2010-12-02 00:00:00+09:00,190.16795349121094,190.16795349121094,190.16795349121094,190.16795349121094,14000
2010-12-03 00:00:00+09:00,190.16795349121094,190.16795349121094,190.16795349121094,190.16795349121094,14000
2010-12-06 00:00:00+09:00,192.25767517089844,192.25767517089844,192.25767517089844,192.25767517089844,2000
2010-12-07 00:00:00+09:00,192.25767517089844,192.25767517089844,192.25767517089844,192.25767517089844,2000
2010-12-08 00:00:00+09:00,192.25767517089844,192.25767517089844,192.25767517089844,192.25767517089844,2000
2010-12-09 00:00:00+09:00,192.25767517089844,192.25767517089844,192.25767517089844,192.25767517089844,2000
2010-12-10 00:00:00+09:00,192.25767517089844,192.25767517089844,192.25767517089844,192.25767517089844,2000
2010-12-13 00:00:00+09:00,198.10902404785156,198.10902404785156,198.10902404785156,198.10902404785156,2000
2010-12-14 00:00:00+09:00,195.6013168174342,198.5269775390625,195.6013168174342,198.5269775390625,4000
2010-12-15 00:00:00+09:00,196.85516357421875,196.85516357421875,196.85516357421875,196.85516357421875,2000
2010-12-16 00:00:00+09:00,196.85516357421875,196.85516357421875,196.85516357421875,196.85516357421875,2000
2010-12-17 00:00:00+09:00,196.85513509330102,197.27308654785156,196.85513509330102,197.27308654785156,12000
2010-12-20 00:00:00+09:00,194.76539611816406,195.60129910579568,194.76539611816406,194.76539611816406,14000
2010-12-21 00:00:00+09:00,194.76539611816406,194.76539611816406,194.76539611816406,194.76539611816406,14000
2010-12-22 00:00:00+09:00,194.76539611816406,194.76539611816406,194.76539611816406,194.76539611816406,14000
2010-12-24 00:00:00+09:00,193.09359741210938,193.09359741210938,193.09359741210938,193.09359741210938,2000
2010-12-27 00:00:00+09:00,193.5115295741869,193.5115295741869,192.25767517089844,192.25767517089844,10000
2010-12-28 00:00:00+09:00,192.25767517089844,192.25767517089844,192.25767517089844,192.25767517089844,10000
2010-12-29 00:00:00+09:00,192.25767517089844,192.25767517089844,192.25767517089844,192.25767517089844,10000
2010-12-30 00:00:00+09:00,193.92950439453125,193.92950439453125,193.92950439453125,193.92950439453125,2000
2011-01-04 00:00:00+09:00,188.4961395263672,188.4961395263672,188.4961395263672,188.4961395263672,2000
2011-01-05 00:00:00+09:00,188.4961395263672,188.4961395263672,188.4961395263672,188.4961395263672,2000
2011-01-06 00:00:00+09:00,188.4961395263672,188.4961395263672,188.4961395263672,188.4961395263672,2000
2011-01-07 00:00:00+09:00,196.43721205919917,196.85516357421875,196.43721205919917,196.85516357421875,4000
2011-01-11 00:00:00+09:00,196.85512895726444,196.85512895726444,196.01922607421875,196.01922607421875,4000
2011-01-12 00:00:00+09:00,194.34745591262293,194.34745591262293,193.92950439453125,193.92950439453125,4000
2011-01-13 00:00:00+09:00,194.76538397747538,194.76538397747538,192.25767517089844,192.25767517089844,6000
2011-01-14 00:00:00+09:00,193.51158142089844,193.51158142089844,193.51158142089844,193.51158142089844,2000
2011-01-17 00:00:00+09:00,194.76538891082114,196.43719482421875,194.76538891082114,196.43719482421875,10000
2011-01-18 00:00:00+09:00,193.9295330006412,193.9295330006412,193.51158142089844,193.51158142089844,4000
2011-01-19 00:00:00+09:00,193.51158142089844,193.51158142089844,193.51158142089844,193.51158142089844,4000
2011-01-20 00:00:00+09:00,193.51154163671666,194.76539611816406,193.51154163671666,194.76539611816406,12000
2011-01-21 00:00:00+09:00,192.67564392089844,192.67564392089844,192.67564392089844,192.67564392089844,2000
2011-01-24 00:00:00+09:00,194.76539611816406,194.76539611816406,194.76539611816406,194.76539611816406,2000
2011-01-25 00:00:00+09:00,194.76539611816406,194.76539611816406,194.76539611816406,194.76539611816406,2000
2011-01-26 00:00:00+09:00,194.76539611816406,194.76539611816406,194.76539611816406,194.76539611816406,0
2011-01-27 00:00:00+09:00,195.60130110746786,195.60130110746786,195.183349609375,195.183349609375,4000
2011-01-28 00:00:00+09:00,195.183349609375,195.183349609375,195.183349609375,195.183349609375,4000
2011-01-31 00:00:00+09:00,195.183349609375,195.183349609375,195.183349609375,195.183349609375,2000
2011-02-01 00:00:00+09:00,195.18334038917055,196.43719482421875,195.18334038917055,196.43719482421875,4000
2011-02-02 00:00:00+09:00,196.43719482421875,196.43719482421875,196.43719482421875,196.43719482421875,4000
2011-02-03 00:00:00+09:00,194.76539611816406,194.76539611816406,194.76539611816406,194.76539611816406,6000
2011-02-04 00:00:00+09:00,194.76539611816406,194.76539611816406,194.76539611816406,194.76539611816406,6000
2011-02-07 00:00:00+09:00,194.76539611816406,194.76539611816406,194.76539611816406,194.76539611816406,6000
2011-02-08 00:00:00+09:00,194.76537882486977,194.76537882486977,194.34742736816406,194.34742736816406,4000
2011-02-09 00:00:00+09:00,194.76539611816406,194.76539611816406,194.76539611816406,194.76539611816406,2000
2011-02-10 00:00:00+09:00,194.34744462434827,194.76539611816406,194.34744462434827,194.76539611816406,4000
2011-02-14 00:00:00+09:00,194.76539611816406,194.76539611816406,194.76539611816406,194.76539611816406,4000
2011-02-15 00:00:00+09:00,195.601318359375,195.601318359375,195.601318359375,195.601318359375,2000
2011-02-16 00:00:00+09:00,195.60129186751996,196.43719482421875,195.60129186751996,196.43719482421875,4000
2011-02-17 00:00:00+09:00,196.43719482421875,196.43719482421875,196.43719482421875,196.43719482421875,2000
2011-02-18 00:00:00+09:00,196.85513509330102,197.27308654785156,196.85513509330102,197.27308654785156,6000
2011-02-21 00:00:00+09:00,197.27308654785156,197.27308654785156,197.27308654785156,197.27308654785156,14000
2011-02-22 00:00:00+09:00,197.27308654785156,197.27308654785156,197.27308654785156,197.27308654785156,14000
2011-02-23 00:00:00+09:00,197.27308654785156,197.27308654785156,197.27308654785156,197.27308654785156,14000
2011-02-24 00:00:00+09:00,197.27308654785156,197.27308654785156,197.27308654785156,197.27308654785156,14000
2011-02-25 00:00:00+09:00,196.85516357421875,196.85516357421875,196.85516357421875,196.85516357421875,2000
2011-02-28 00:00:00+09:00,197.27308261517396,202.70645141601562,197.27308261517396,202.70645141601562,4000
2011-03-01 00:00:00+09:00,202.70645141601562,202.70645141601562,202.70645141601562,202.70645141601562,4000
2011-03-02 00:00:00+09:00,202.70645141601562,202.70645141601562,202.70645141601562,202.70645141601562,4000
2011-03-03 00:00:00+09:00,202.70645141601562,202.70645141601562,202.70645141601562,202.70645141601562,4000
2011-03-04 00:00:00+09:00,202.70645141601562,202.70645141601562,202.70645141601562,202.70645141601562,4000
2011-03-07 00:00:00+09:00,202.70645141601562,202.70645141601562,202.70645141601562,202.70645141601562,4000
2011-03-08 00:00:00+09:00,202.70645141601562,202.70645141601562,202.70645141601562,202.70645141601562,0
2011-03-09 00:00:00+09:00,202.70645141601562,202.70645141601562,202.70645141601562,202.70645141601562,12000
2011-03-10 00:00:00+09:00,202.70645141601562,202.70645141601562,202.70645141601562,202.70645141601562,2000
2011-03-11 00:00:00+09:00,202.70645141601562,202.70645141601562,202.70645141601562,202.70645141601562,2000
2011-03-14 00:00:00+09:00,202.70645141601562,202.70645141601562,202.70645141601562,202.70645141601562,0
2011-03-15 00:00:00+09:00,180.55504973655525,180.55504973655525,179.71914672851562,179.71914672851562,4000
2011-03-16 00:00:00+09:00,177.6293845403762,177.6293845403762,175.5396270751953,175.5396270751953,6000
2011-03-17 00:00:00+09:00,175.5396316883176,179.71914672851562,175.5396316883176,179.71914672851562,4000
2011-03-18 00:00:00+09:00,183.89866638183594,183.89866638183594,183.89866638183594,183.89866638183594,2000
2011-03-22 00:00:00+09:00,188.49612692128056,201.87057495117188,188.49612692128056,201.87057495117188,14000
2011-03-23 00:00:00+09:00,201.87057495117188,201.87057495117188,201.87057495117188,201.87057495117188,14000
2011-03-24 00:00:00+09:00,201.87057495117188,201.87057495117188,201.87057495117188,201.87057495117188,14000
2011-03-25 00:00:00+09:00,202.28851318359375,202.28851318359375,202.28851318359375,202.28851318359375,2000
2011-03-28 00:00:00+09:00,202.28851318359375,202.28851318359375,202.28851318359375,202.28851318359375,2000
2011-03-29 00:00:00+09:00,202.28851318359375,202.28851318359375,202.28851318359375,202.28851318359375,2000
2011-03-30 00:00:00+09:00,202.28851318359375,202.28851318359375,202.28851318359375,202.28851318359375,2000
2011-03-31 00:00:00+09:00,202.28851318359375,202.28851318359375,202.28851318359375,202.28851318359375,2000
2011-04-01 00:00:00+09:00,202.28851318359375,202.28851318359375,202.28851318359375,202.28851318359375,2000
2011-04-04 00:00:00+09:00,201.45263671875,201.45263671875,201.45263671875,201.45263671875,2000
2011-04-05 00:00:00+09:00,201.45263671875,201.45263671875,201.45263671875,201.45263671875,2000
2011-04-06 00:00:00+09:00,201.45263671875,201.45263671875,201.45263671875,201.45263671875,2000
2011-04-07 00:00:00+09:00,201.45263671875,201.45263671875,201.45263671875,201.45263671875,2000
2011-04-08 00:00:00+09:00,196.43718984852669,196.43718984852669,192.25767517089844,192.25767517089844,4000
2011-04-11 00:00:00+09:00,192.25767517089844,192.25767517089844,192.25767517089844,192.25767517089844,4000
2011-04-12 00:00:00+09:00,192.25767517089844,192.25767517089844,192.25767517089844,192.25767517089844,4000
2011-04-13 00:00:00+09:00,192.25767517089844,192.25767517089844,192.25767517089844,192.25767517089844,4000
2011-04-14 00:00:00+09:00,192.67564392089844,192.67564392089844,192.67564392089844,192.67564392089844,2000
2011-04-15 00:00:00+09:00,193.51158142089844,193.51158142089844,193.51158142089844,193.51158142089844,2000
2011-04-18 00:00:00+09:00,193.51158142089844,193.51158142089844,193.51158142089844,193.51158142089844,2000
2011-04-19 00:00:00+09:00,196.019290899355,196.019290899355,193.51158142089844,193.51158142089844,10000
2011-04-20 00:00:00+09:00,191.83973693847656,191.83973693847656,191.83973693847656,191.83973693847656,12000
2011-04-21 00:00:00+09:00,191.83973693847656,191.83973693847656,191.83973693847656,191.83973693847656,12000
2011-04-22 00:00:00+09:00,191.83973693847656,191.83973693847656,191.83973693847656,191.83973693847656,12000
2011-04-25 00:00:00+09:00,189.3320148965587,194.34743250971258,189.3320148965587,192.25767517089844,24000
2011-04-26 00:00:00+09:00,192.25767517089844,192.25767517089844,192.25767517089844,192.25767517089844,24000
2011-04-27 00:00:00+09:00,190.16795349121094,190.16795349121094,190.16795349121094,190.16795349121094,2000
2011-04-28 00:00:00+09:00,190.58591064453125,190.58591064453125,188.0782012939453,188.0782012939453,6000
2011-05-02 00:00:00+09:00,188.0782012939453,188.0782012939453,188.0782012939453,188.0782012939453,0
2011-05-06 00:00:00+09:00,188.0782012939453,188.0782012939453,188.0782012939453,188.0782012939453,0
2011-05-09 00:00:00+09:00,188.0782012939453,188.0782012939453,188.0782012939453,188.0782012939453,0
2011-05-10 00:00:00+09:00,188.07816270220977,188.07816270220977,186.40635681152344,186.40635681152344,16000
2011-05-11 00:00:00+09:00,186.40635681152344,186.40635681152344,186.40635681152344,186.40635681152344,16000
2011-05-12 00:00:00+09:00,186.40635681152344,186.40635681152344,186.40635681152344,186.40635681152344,14000
2011-05-13 00:00:00+09:00,186.4063660770184,186.4063660770184,185.1525115966797,185.1525115966797,6000
2011-05-16 00:00:00+09:00,185.1525115966797,185.1525115966797,185.1525115966797,185.1525115966797,4000
2011-05-17 00:00:00+09:00,185.15252092534845,185.15252092534845,183.89866638183594,183.89866638183594,12000
2011-05-18 00:00:00+09:00,183.89864821998262,184.31659969320984,180.1370849609375,180.1370849609375,16000
2011-05-19 00:00:00+09:00,180.1370849609375,180.1370849609375,180.1370849609375,180.1370849609375,4000
2011-05-20 00:00:00+09:00,178.46528020894752,179.30118316074586,177.21142578125,177.21142578125,22000
2011-05-23 00:00:00+09:00,177.62939453125,177.62939453125,177.62939453125,177.62939453125,2000
2011-05-24 00:00:00+09:00,177.62939453125,177.62939453125,177.62939453125,177.62939453125,6000
2011-05-25 00:00:00+09:00,177.6293711537703,177.6293711537703,175.9575653076172,175.9575653076172,10000
2011-05-26 00:00:00+09:00,175.9575765605189,175.9575765605189,172.19601316611352,175.12167358398438,8000
2011-05-27 00:00:00+09:00,175.95757856823147,175.95757856823147,175.5396270751953,175.5396270751953,10000
2011-05-30 00:00:00+09:00,175.5396270751953,175.5396270751953,175.5396270751953,175.5396270751953,0
2011-05-31 00:00:00+09:00,175.5396270751953,175.5396270751953,175.5396270751953,175.5396270751953,0
2011-06-01 00:00:00+09:00,176.37551879882812,176.37551879882812,175.95756733248018,176.37551879882812,10000
2011-06-02 00:00:00+09:00,176.37555291102484,176.37555291102484,173.44989208074716,173.8678436279297,24000
2011-06-03 00:00:00+09:00,173.0319480525637,173.0319480525637,172.196044921875,172.196044921875,10000
2011-06-06 00:00:00+09:00,172.61399648721937,172.61399648721937,172.196044921875,172.196044921875,12000
2011-06-07 00:00:00+09:00,171.77809335653063,172.196044921875,171.77809335653063,172.196044921875,8000
2011-06-08 00:00:00+09:00,172.19602373118505,172.19602373118505,170.94216918945312,170.94216918945312,8000
2011-06-09 00:00:00+09:00,170.94214784218173,171.36009930389855,169.68829345703125,169.68829345703125,12000
2011-06-10 00:00:00+09:00,170.52422900750537,170.52422900750537,170.1062774658203,170.1062774658203,14000
2011-06-13 00:00:00+09:00,170.1062774658203,170.1062774658203,170.1062774658203,170.1062774658203,14000
2011-06-14 00:00:00+09:00,170.1062774658203,170.1062774658203,170.1062774658203,170.1062774658203,2000
2011-06-15 00:00:00+09:00,170.1062774658203,170.1062774658203,170.1062774658203,170.1062774658203,2000
2011-06-16 00:00:00+09:00,172.61396988578466,173.03192138671875,172.61396988578466,173.03192138671875,6000
2011-06-17 00:00:00+09:00,173.86782110305057,175.5396270751953,173.86782110305057,175.5396270751953,8000
2011-06-20 00:00:00+09:00,177.21143905603577,177.21143905603577,174.70373001278998,176.79348754882812,16000
2011-06-21 00:00:00+09:00,174.7037353515625,174.7037353515625,174.7037353515625,174.7037353515625,2000
2011-06-22 00:00:00+09:00,175.53962507225162,175.53962507225162,175.12167358398438,175.12167358398438,4000
2011-06-23 00:00:00+09:00,176.37551879882812,176.37551879882812,176.37551879882812,176.37551879882812,2000
2011-06-24 00:00:00+09:00,175.12166439978432,176.37551879882812,175.12166439978432,176.37551879882812,18000
2011-06-27 00:00:00+09:00,176.79348155430384,177.6293845403762,175.5396270751953,175.5396270751953,32000
2011-06-28 00:00:00+09:00,171.25820497923257,171.25820497923257,167.40489536719986,169.1174774169922,20000
2011-06-29 00:00:00+09:00,169.11743356238685,169.97372436523438,169.11743356238685,169.97372436523438,6000
2011-06-30 00:00:00+09:00,170.83004935780664,171.68634033203125,170.83004935780664,171.68634033203125,4000
2011-07-01 00:00:00+09:00,171.68634033203125,171.68634033203125,171.68634033203125,171.68634033203125,4000
2011-07-04 00:00:00+09:00,172.11448581914354,172.11448581914354,171.68634033203125,171.68634033203125,4000
2011-07-05 00:00:00+09:00,171.25820583767361,171.25820583767361,169.54562377929688,169.54562377929688,4000
2011-07-06 00:00:00+09:00,169.54562377929688,169.54562377929688,169.54562377929688,169.54562377929688,4000
2011-07-07 00:00:00+09:00,170.83006286621094,170.83006286621094,170.83006286621094,170.83006286621094,2000
2011-07-08 00:00:00+09:00,170.83006286621094,170.83006286621094,170.83006286621094,170.83006286621094,2000
2011-07-11 00:00:00+09:00,171.25816345214844,171.25816345214844,171.25816345214844,171.25816345214844,2000
2011-07-12 00:00:00+09:00,171.25816345214844,171.25816345214844,171.25816345214844,171.25816345214844,2000
2011-07-13 00:00:00+09:00,171.25819571575715,172.11448669433594,171.25819571575715,172.11448669433594,4000
2011-07-14 00:00:00+09:00,172.11448669433594,172.11448669433594,172.11448669433594,172.11448669433594,0
2011-07-15 00:00:00+09:00,172.11448669433594,172.11448669433594,172.11448669433594,172.11448669433594,4000
2011-07-19 00:00:00+09:00,172.9707650643808,173.39891052246094,171.2581832320602,173.39891052246094,6000
2011-07-20 00:00:00+09:00,172.54261319721164,175.11148585027186,170.40188598632812,170.40188598632812,16000
2011-07-21 00:00:00+09:00,169.97372436523438,169.97372436523438,169.97372436523438,169.97372436523438,2000
2011-07-22 00:00:00+09:00,170.40188598632812,170.40188598632812,170.40188598632812,170.40188598632812,2000
2011-07-25 00:00:00+09:00,170.40191480848526,170.40191480848526,169.54562377929688,169.54562377929688,4000
2011-07-26 00:00:00+09:00,168.68929678109976,169.9737330510066,166.97671508789062,166.97671508789062,6000
2011-07-27 00:00:00+09:00,166.97671508789062,166.97671508789062,166.97671508789062,166.97671508789062,6000
2011-07-28 00:00:00+09:00,169.97372436523438,169.97372436523438,169.97372436523438,169.97372436523438,4000
2011-07-29 00:00:00+09:00,170.83006286621094,170.83006286621094,170.83006286621094,170.83006286621094,2000
2011-08-01 00:00:00+09:00,171.25816345214844,171.25816345214844,171.25816345214844,171.25816345214844,2000
2011-08-02 00:00:00+09:00,169.11744220440204,169.11744220440204,166.97671508789062,166.97671508789062,10000
2011-08-03 00:00:00+09:00,166.97671508789062,166.97671508789062,166.97671508789062,166.97671508789062,10000
2011-08-04 00:00:00+09:00,166.97671508789062,166.97671508789062,166.97671508789062,166.97671508789062,10000
2011-08-05 00:00:00+09:00,166.1204376220703,166.1204376220703,166.1204376220703,166.1204376220703,4000
2011-08-08 00:00:00+09:00,166.54859924316406,166.54859924316406,166.54859924316406,166.54859924316406,2000
2011-08-09 00:00:00+09:00,166.1204376220703,166.1204376220703,166.1204376220703,166.1204376220703,6000
2011-08-10 00:00:00+09:00,166.1204376220703,166.1204376220703,166.1204376220703,166.1204376220703,2000
2011-08-11 00:00:00+09:00,166.1204376220703,166.1204376220703,166.1204376220703,166.1204376220703,4000
2011-08-12 00:00:00+09:00,166.97671508789062,166.97671508789062,166.97671508789062,166.97671508789062,2000
2011-08-15 00:00:00+09:00,166.97671508789062,166.97671508789062,166.97671508789062,166.97671508789062,2000
2011-08-16 00:00:00+09:00,166.97671508789062,166.97671508789062,166.97671508789062,166.97671508789062,2000
2011-08-17 00:00:00+09:00,166.97671508789062,166.97671508789062,166.97671508789062,166.97671508789062,2000
2011-08-18 00:00:00+09:00,166.54859924316406,166.54859924316406,166.54859924316406,166.54859924316406,10000
2011-08-19 00:00:00+09:00,166.54859924316406,166.54859924316406,166.54859924316406,166.54859924316406,6000
2011-08-22 00:00:00+09:00,167.40489620632596,169.54562377929688,167.40489620632596,169.54562377929688,20000
2011-08-23 00:00:00+09:00,169.54562377929688,169.54562377929688,169.54562377929688,169.54562377929688,20000
2011-08-24 00:00:00+09:00,169.54562377929688,169.54562377929688,169.54562377929688,169.54562377929688,2000
2011-08-25 00:00:00+09:00,169.54562377929688,169.54562377929688,169.54562377929688,169.54562377929688,2000
2011-08-26 00:00:00+09:00,169.54562377929688,169.54562377929688,169.54562377929688,169.54562377929688,2000
2011-08-29 00:00:00+09:00,169.54562377929688,169.54562377929688,169.54562377929688,169.54562377929688,2000
2011-08-30 00:00:00+09:00,170.40188598632812,170.40188598632812,170.40188598632812,170.40188598632812,2000
2011-08-31 00:00:00+09:00,172.54261779785156,172.54261779785156,172.54261779785156,172.54261779785156,6000
2011-09-01 00:00:00+09:00,172.54261779785156,172.54261779785156,172.54261779785156,172.54261779785156,6000
2011-09-02 00:00:00+09:00,172.54261779785156,172.54261779785156,172.54261779785156,172.54261779785156,6000
2011-09-05 00:00:00+09:00,172.54261779785156,172.54261779785156,172.54261779785156,172.54261779785156,6000
2011-09-06 00:00:00+09:00,172.54261779785156,172.54261779785156,172.54261779785156,172.54261779785156,6000
2011-09-07 00:00:00+09:00,166.54859924316406,166.54859924316406,166.54859924316406,166.54859924316406,2000
2011-09-08 00:00:00+09:00,171.68633227445642,171.68633227445642,167.83302307128906,167.83302307128906,4000
2011-09-09 00:00:00+09:00,167.83302307128906,167.83302307128906,167.83302307128906,167.83302307128906,2000
2011-09-12 00:00:00+09:00,167.83302307128906,167.83302307128906,167.83302307128906,167.83302307128906,2000
2011-09-13 00:00:00+09:00,166.54859924316406,166.54859924316406,166.54859924316406,166.54859924316406,2000
2011-09-14 00:00:00+09:00,166.54859924316406,166.54859924316406,166.54859924316406,166.54859924316406,2000
2011-09-15 00:00:00+09:00,167.4048614501953,167.4048614501953,167.4048614501953,167.4048614501953,2000
2011-09-16 00:00:00+09:00,168.26116943359375,168.26116943359375,168.26116943359375,168.26116943359375,4000
2011-09-20 00:00:00+09:00,172.1144608631181,174.25518798828125,172.1144608631181,174.25518798828125,14000
2011-09-21 00:00:00+09:00,167.40488849807463,167.40488849807463,165.6923065185547,165.6923065185547,6000
2011-09-22 00:00:00+09:00,165.6923065185547,165.6923065185547,165.6923065185547,165.6923065185547,6000
2011-09-26 00:00:00+09:00,165.6923065185547,165.6923065185547,165.6923065185547,165.6923065185547,6000
2011-09-27 00:00:00+09:00,166.54859924316406,166.54859924316406,166.54859924316406,166.54859924316406,2000
2011-09-28 00:00:00+09:00,168.26115877544458,170.40188598632812,166.97672244891447,170.40188598632812,8000
2011-09-29 00:00:00+09:00,166.97671508789062,166.97671508789062,166.97671508789062,166.97671508789062,4000
2011-09-30 00:00:00+09:00,169.1174774169922,169.1174774169922,169.1174774169922,169.1174774169922,2000
2011-10-03 00:00:00+09:00,169.1174774169922,169.1174774169922,169.1174774169922,169.1174774169922,2000
2011-10-04 00:00:00+09:00,168.6893227800208,172.11448669433594,168.6893227800208,172.11448669433594,4000
2011-10-05 00:00:00+09:00,172.11448669433594,172.11448669433594,172.11448669433594,172.11448669433594,2000
2011-10-06 00:00:00+09:00,172.11448669433594,172.11448669433594,172.11448669433594,172.11448669433594,2000
2011-10-07 00:00:00+09:00,172.11448669433594,172.11448669433594,172.11448669433594,172.11448669433594,2000
2011-10-11 00:00:00+09:00,172.11448669433594,172.11448669433594,172.11448669433594,172.11448669433594,2000
2011-10-12 00:00:00+09:00,172.11448669433594,172.11448669433594,172.11448669433594,172.11448669433594,2000
2011-10-13 00:00:00+09:00,172.11448669433594,172.11448669433594,172.11448669433594,172.11448669433594,2000
2011-10-14 00:00:00+09:00,172.11448669433594,172.11448669433594,172.11448669433594,172.11448669433594,2000
2011-10-17 00:00:00+09:00,172.11448669433594,172.11448669433594,172.11448669433594,172.11448669433594,2000
2011-10-18 00:00:00+09:00,171.6863268906662,172.54261779785156,171.6863268906662,172.54261779785156,4000
2011-10-19 00:00:00+09:00,172.54261779785156,172.54261779785156,172.54261779785156,172.54261779785156,2000
2011-10-20 00:00:00+09:00,181.5336456298828,181.5336456298828,181.5336456298828,181.5336456298828,18000
2011-10-21 00:00:00+09:00,181.5336456298828,181.5336456298828,181.5336456298828,181.5336456298828,18000
2011-10-24 00:00:00+09:00,181.5336456298828,181.5336456298828,181.5336456298828,181.5336456298828,18000
2011-10-25 00:00:00+09:00,180.67738342285156,180.67738342285156,180.67738342285156,180.67738342285156,8000
2011-10-26 00:00:00+09:00,175.11148071289062,175.11148071289062,175.11148071289062,175.11148071289062,2000
2011-10-27 00:00:00+09:00,175.11148071289062,175.11148071289062,175.11148071289062,175.11148071289062,2000
2011-10-28 00:00:00+09:00,175.96775817871094,175.96775817871094,175.96775817871094,175.96775817871094,2000
2011-10-31 00:00:00+09:00,179.39292907714844,179.39292907714844,179.39292907714844,179.39292907714844,2000
2011-11-01 00:00:00+09:00,179.39292907714844,179.39292907714844,179.39292907714844,179.39292907714844,2000
2011-11-02 00:00:00+09:00,172.54261779785156,172.54261779785156,172.54261779785156,172.54261779785156,2000
2011-11-04 00:00:00+09:00,175.53964233398438,175.53964233398438,175.53964233398438,175.53964233398438,2000
2011-11-07 00:00:00+09:00,175.53964233398438,175.53964233398438,175.53964233398438,175.53964233398438,2000
2011-11-08 00:00:00+09:00,175.53964233398438,175.53964233398438,175.53964233398438,175.53964233398438,2000
2011-11-09 00:00:00+09:00,175.53964233398438,175.53964233398438,175.53964233398438,175.53964233398438,2000
2011-11-10 00:00:00+09:00,175.53964233398438,175.53964233398438,175.53964233398438,175.53964233398438,2000
2011-11-11 00:00:00+09:00,175.53964233398438,175.53964233398438,175.53964233398438,175.53964233398438,2000
2011-11-14 00:00:00+09:00,175.53964233398438,175.53964233398438,175.53964233398438,175.53964233398438,2000
2011-11-15 00:00:00+09:00,175.53964233398438,175.53964233398438,175.53964233398438,175.53964233398438,2000
2011-11-16 00:00:00+09:00,175.53964233398438,175.53964233398438,175.53964233398438,175.53964233398438,2000
2011-11-17 00:00:00+09:00,175.53964233398438,175.53964233398438,175.53964233398438,175.53964233398438,2000
2011-11-18 00:00:00+09:00,176.8240489727679,176.8240489727679,175.96775817871094,175.96775817871094,4000
2011-11-21 00:00:00+09:00,178.5366829685047,178.96482849121094,178.5366829685047,178.96482849121094,12000
2011-11-22 00:00:00+09:00,178.96482849121094,178.96482849121094,178.96482849121094,178.96482849121094,0
2011-11-24 00:00:00+09:00,178.96482849121094,178.96482849121094,178.96482849121094,178.96482849121094,12000
2011-11-25 00:00:00+09:00,178.96482849121094,178.96482849121094,178.96482849121094,178.96482849121094,12000
2011-11-28 00:00:00+09:00,173.82704162597656,173.82704162597656,173.82704162597656,173.82704162597656,2000
2011-11-29 00:00:00+09:00,173.82704162597656,173.82704162597656,173.82704162597656,173.82704162597656,2000
2011-11-30 00:00:00+09:00,177.25218200683594,177.25218200683594,177.25218200683594,177.25218200683594,2000
2011-12-01 00:00:00+09:00,178.96482849121094,178.96482849121094,178.96482849121094,178.96482849121094,2000
2011-12-02 00:00:00+09:00,178.96482849121094,178.96482849121094,178.96482849121094,178.96482849121094,2000
2011-12-05 00:00:00+09:00,174.25518798828125,174.25518798828125,174.25518798828125,174.25518798828125,2000
2011-12-06 00:00:00+09:00,174.25518798828125,174.25518798828125,174.25518798828125,174.25518798828125,2000
2011-12-07 00:00:00+09:00,174.25518798828125,174.25518798828125,174.25518798828125,174.25518798828125,2000
2011-12-08 00:00:00+09:00,178.10850524902344,178.10850524902344,178.10850524902344,178.10850524902344,2000
2011-12-09 00:00:00+09:00,178.10850524902344,178.10850524902344,178.10850524902344,178.10850524902344,2000
2011-12-12 00:00:00+09:00,178.10850524902344,178.10850524902344,178.10850524902344,178.10850524902344,2000
2011-12-13 00:00:00+09:00,178.10850524902344,178.10850524902344,178.10850524902344,178.10850524902344,2000
2011-12-14 00:00:00+09:00,178.10850524902344,178.10850524902344,178.10850524902344,178.10850524902344,2000
2011-12-15 00:00:00+09:00,177.68035888671875,177.68035888671875,177.68035888671875,177.68035888671875,2000
2011-12-16 00:00:00+09:00,177.68035888671875,177.68035888671875,177.68035888671875,177.68035888671875,2000
2011-12-19 00:00:00+09:00,178.96482849121094,178.96482849121094,178.96482849121094,178.96482849121094,2000
2011-12-20 00:00:00+09:00,178.96478460402716,181.10551169259207,178.96478460402716,179.82107543945312,18000
2011-12-21 00:00:00+09:00,169.54559546780874,177.68035888671875,169.54559546780874,177.68035888671875,4000
2011-12-22 00:00:00+09:00,177.68035888671875,177.68035888671875,177.68035888671875,177.68035888671875,4000
2011-12-26 00:00:00+09:00,177.68035888671875,177.68035888671875,177.68035888671875,177.68035888671875,0
2011-12-27 00:00:00+09:00,174.68333435058594,174.68333435058594,174.68333435058594,174.68333435058594,4000
2011-12-28 00:00:00+09:00,167.83302307128906,167.83302307128906,167.83302307128906,167.83302307128906,2000
2011-12-29 00:00:00+09:00,174.68333435058594,174.68333435058594,174.68333435058594,174.68333435058594,2000
2011-12-30 00:00:00+09:00,175.53964233398438,175.53964233398438,175.53964233398438,175.53964233398438,4000
2012-01-04 00:00:00+09:00,175.53964233398438,175.53964233398438,175.53964233398438,175.53964233398438,4000
2012-01-05 00:00:00+09:00,175.53964233398438,175.53964233398438,175.53964233398438,175.53964233398438,4000
2012-01-06 00:00:00+09:00,175.53964233398438,175.53964233398438,175.53964233398438,175.53964233398438,4000
2012-01-10 00:00:00+09:00,175.53964233398438,175.53964233398438,175.53964233398438,175.53964233398438,4000
2012-01-11 00:00:00+09:00,178.96482849121094,178.96482849121094,178.96482849121094,178.96482849121094,2000
2012-01-12 00:00:00+09:00,178.96482849121094,178.96482849121094,178.96482849121094,178.96482849121094,2000
2012-01-13 00:00:00+09:00,178.96482849121094,178.96482849121094,178.96482849121094,178.96482849121094,2000
2012-01-16 00:00:00+09:00,178.96482849121094,178.96482849121094,178.96482849121094,178.96482849121094,2000
2012-01-17 00:00:00+09:00,178.96478366168984,179.39292907714844,178.96478366168984,179.39292907714844,6000
2012-01-18 00:00:00+09:00,179.39292907714844,179.39292907714844,179.39292907714844,179.39292907714844,6000
2012-01-19 00:00:00+09:00,183.6743945411629,184.5306854248047,183.6743945411629,184.5306854248047,6000
2012-01-20 00:00:00+09:00,187.95585722489793,188.38400268554688,187.95585722489793,188.38400268554688,12000
2012-01-23 00:00:00+09:00,178.10850524902344,178.10850524902344,178.10850524902344,178.10850524902344,2000
2012-01-24 00:00:00+09:00,178.10850524902344,178.10850524902344,178.10850524902344,178.10850524902344,2000
2012-01-25 00:00:00+09:00,178.10850524902344,178.10850524902344,178.10850524902344,178.10850524902344,2000
2012-01-26 00:00:00+09:00,178.10850524902344,178.10850524902344,178.10850524902344,178.10850524902344,2000
2012-01-27 00:00:00+09:00,178.10850524902344,178.10850524902344,178.10850524902344,178.10850524902344,2000
2012-01-30 00:00:00+09:00,177.68035888671875,177.68035888671875,177.68035888671875,177.68035888671875,2000
2012-01-31 00:00:00+09:00,181.96180725097656,181.96180725097656,181.96180725097656,181.96180725097656,2000
2012-02-01 00:00:00+09:00,179.39292907714844,179.39292907714844,179.39292907714844,179.39292907714844,2000
2012-02-02 00:00:00+09:00,182.818115234375,182.818115234375,182.818115234375,182.818115234375,2000
2012-02-03 00:00:00+09:00,182.818115234375,182.818115234375,182.818115234375,182.818115234375,2000
2012-02-06 00:00:00+09:00,185.81512451171875,185.81512451171875,185.81512451171875,185.81512451171875,2000
2012-02-07 00:00:00+09:00,185.81512451171875,185.81512451171875,185.81512451171875,185.81512451171875,2000
2012-02-08 00:00:00+09:00,185.81512451171875,185.81512451171875,185.81512451171875,185.81512451171875,2000
2012-02-09 00:00:00+09:00,185.81512451171875,185.81512451171875,185.81512451171875,185.81512451171875,2000
2012-02-10 00:00:00+09:00,185.81512451171875,185.81512451171875,185.81512451171875,185.81512451171875,2000
2012-02-13 00:00:00+09:00,185.81512451171875,185.81512451171875,185.81512451171875,185.81512451171875,2000
2012-02-14 00:00:00+09:00,185.81512451171875,185.81512451171875,185.81512451171875,185.81512451171875,2000
2012-02-15 00:00:00+09:00,188.38400268554688,188.38400268554688,188.38400268554688,188.38400268554688,8000
2012-02-16 00:00:00+09:00,188.38399478367398,191.8091583251953,188.38399478367398,191.8091583251953,6000
2012-02-17 00:00:00+09:00,192.6654473548513,192.6654473548513,190.5247201620196,190.95286560058594,10000
2012-02-20 00:00:00+09:00,191.8091681985294,191.8091681985294,189.24029541015625,189.24029541015625,12000
2012-02-21 00:00:00+09:00,188.81210327148438,188.81210327148438,188.81210327148438,188.81210327148438,2000
2012-02-22 00:00:00+09:00,188.81210327148438,188.81210327148438,188.81210327148438,188.81210327148438,2000
2012-02-23 00:00:00+09:00,188.81210327148438,188.81210327148438,188.81210327148438,188.81210327148438,2000
2012-02-24 00:00:00+09:00,194.80618286132812,194.80618286132812,194.80618286132812,194.80618286132812,2000
2012-02-27 00:00:00+09:00,194.80618286132812,194.80618286132812,194.80618286132812,194.80618286132812,2000
2012-02-28 00:00:00+09:00,194.80618286132812,194.80618286132812,194.80618286132812,194.80618286132812,2000
2012-02-29 00:00:00+09:00,194.80618286132812,194.80618286132812,194.80618286132812,194.80618286132812,2000
2012-03-01 00:00:00+09:00,194.80618286132812,194.80618286132812,194.80618286132812,194.80618286132812,2000
2012-03-02 00:00:00+09:00,194.80618286132812,194.80618286132812,194.80618286132812,194.80618286132812,2000
2012-03-05 00:00:00+09:00,194.80618286132812,194.80618286132812,194.80618286132812,194.80618286132812,2000
2012-03-06 00:00:00+09:00,194.80618286132812,194.80618286132812,194.80618286132812,194.80618286132812,0
2012-03-07 00:00:00+09:00,194.80618286132812,194.80618286132812,194.80618286132812,194.80618286132812,2000
2012-03-08 00:00:00+09:00,194.80618286132812,194.80618286132812,194.80618286132812,194.80618286132812,0
2012-03-09 00:00:00+09:00,194.80618286132812,194.80618286132812,194.80618286132812,194.80618286132812,2000
2012-03-12 00:00:00+09:00,194.80618286132812,194.80618286132812,194.80618286132812,194.80618286132812,0
2012-03-13 00:00:00+09:00,194.80618286132812,194.80618286132812,194.80618286132812,194.80618286132812,2000
2012-03-14 00:00:00+09:00,196.9469012636127,197.80319213867188,196.9469012636127,197.80319213867188,8000
2012-03-15 00:00:00+09:00,197.80319213867188,197.80319213867188,197.80319213867188,197.80319213867188,8000
2012-03-16 00:00:00+09:00,200.80023193359375,200.80023193359375,200.80023193359375,200.80023193359375,2000
2012-03-19 00:00:00+09:00,204.6535186767578,204.6535186767578,204.6535186767578,204.6535186767578,2000
2012-03-21 00:00:00+09:00,211.50383186340332,212.36012268066406,211.50383186340332,212.36012268066406,10000
2012-03-22 00:00:00+09:00,213.64459228515625,213.64459228515625,213.64459228515625,213.64459228515625,2000
2012-03-23 00:00:00+09:00,213.64459228515625,213.64459228515625,213.64459228515625,213.64459228515625,2000
2012-03-26 00:00:00+09:00,213.64459228515625,213.64459228515625,213.64459228515625,213.64459228515625,2000
2012-03-27 00:00:00+09:00,214.0727081298828,214.0727081298828,214.0727081298828,214.0727081298828,2000
2012-03-28 00:00:00+09:00,214.0727081298828,214.0727081298828,214.0727081298828,214.0727081298828,2000
2012-03-29 00:00:00+09:00,214.0727081298828,214.0727081298828,214.0727081298828,214.0727081298828,2000
2012-03-30 00:00:00+09:00,214.0727081298828,214.0727081298828,214.0727081298828,214.0727081298828,2000
2012-04-02 00:00:00+09:00,214.0727081298828,214.0727081298828,214.0727081298828,214.0727081298828,2000
2012-04-03 00:00:00+09:00,214.0727081298828,214.0727081298828,214.0727081298828,214.0727081298828,2000
2012-04-04 00:00:00+09:00,214.9290008544922,214.9290008544922,214.9290008544922,214.9290008544922,2000
2012-04-05 00:00:00+09:00,214.9290008544922,214.9290008544922,214.9290008544922,214.9290008544922,2000
2012-04-06 00:00:00+09:00,214.9290008544922,214.9290008544922,214.9290008544922,214.9290008544922,2000
2012-04-09 00:00:00+09:00,214.9290008544922,214.9290008544922,214.9290008544922,214.9290008544922,2000
2012-04-10 00:00:00+09:00,214.9290008544922,214.9290008544922,214.9290008544922,214.9290008544922,2000
2012-04-11 00:00:00+09:00,214.9290008544922,214.9290008544922,214.9290008544922,214.9290008544922,6000
2012-04-12 00:00:00+09:00,226.48895263671875,226.48895263671875,226.48895263671875,226.48895263671875,2000
2012-04-13 00:00:00+09:00,226.48895263671875,226.48895263671875,226.48895263671875,226.48895263671875,2000
2012-04-16 00:00:00+09:00,226.48895263671875,226.48895263671875,226.48895263671875,226.48895263671875,2000
2012-04-17 00:00:00+09:00,226.48895263671875,226.48895263671875,226.48895263671875,226.48895263671875,2000
2012-04-18 00:00:00+09:00,226.48895263671875,226.48895263671875,226.48895263671875,226.48895263671875,2000
2012-04-19 00:00:00+09:00,227.34524363279343,227.77338910102844,219.21047973632812,219.21047973632812,14000
2012-04-20 00:00:00+09:00,219.21047973632812,219.21047973632812,219.21047973632812,219.21047973632812,10000
2012-04-23 00:00:00+09:00,216.2134246826172,216.2134246826172,216.2134246826172,216.2134246826172,2000
2012-04-24 00:00:00+09:00,216.2134246826172,216.2134246826172,216.2134246826172,216.2134246826172,2000
2012-04-25 00:00:00+09:00,219.21047973632812,219.21047973632812,219.21047973632812,219.21047973632812,2000
2012-04-26 00:00:00+09:00,219.21047973632812,219.21047973632812,219.21047973632812,219.21047973632812,2000
2012-04-27 00:00:00+09:00,223.491943359375,223.491943359375,223.491943359375,223.491943359375,2000
2012-05-01 00:00:00+09:00,223.491943359375,223.491943359375,223.491943359375,223.491943359375,0
2012-05-02 00:00:00+09:00,223.491943359375,223.491943359375,223.491943359375,223.491943359375,2000
2012-05-07 00:00:00+09:00,220.49488830566406,220.49488830566406,220.49488830566406,220.49488830566406,2000
2012-05-08 00:00:00+09:00,220.49488830566406,220.49488830566406,220.49488830566406,220.49488830566406,2000
2012-05-09 00:00:00+09:00,220.49488830566406,220.49488830566406,220.49488830566406,220.49488830566406,2000
2012-05-10 00:00:00+09:00,220.49488830566406,220.49488830566406,220.49488830566406,220.49488830566406,2000
2012-05-11 00:00:00+09:00,220.49488830566406,220.49488830566406,220.49488830566406,220.49488830566406,2000
2012-05-14 00:00:00+09:00,220.49488830566406,220.49488830566406,220.49488830566406,220.49488830566406,2000
2012-05-15 00:00:00+09:00,226.91708374023438,226.91708374023438,226.91708374023438,226.91708374023438,2000
2012-05-16 00:00:00+09:00,223.0637969970703,223.0637969970703,223.0637969970703,223.0637969970703,2000
2012-05-17 00:00:00+09:00,226.91708374023438,226.91708374023438,226.91708374023438,226.91708374023438,2000
2012-05-18 00:00:00+09:00,223.920060135936,224.34820556640625,223.920060135936,224.34820556640625,4000
2012-05-21 00:00:00+09:00,224.34823782453066,225.20452880859375,224.34823782453066,225.20452880859375,10000
2012-05-22 00:00:00+09:00,225.20452880859375,225.20452880859375,225.20452880859375,225.20452880859375,10000
2012-05-23 00:00:00+09:00,225.20452880859375,225.20452880859375,225.20452880859375,225.20452880859375,10000
2012-05-24 00:00:00+09:00,222.63563537597656,222.63563537597656,222.63563537597656,222.63563537597656,2000
2012-05-25 00:00:00+09:00,222.63563537597656,222.63563537597656,222.63563537597656,222.63563537597656,2000
2012-05-28 00:00:00+09:00,222.63563537597656,222.63563537597656,222.63563537597656,222.63563537597656,2000
2012-05-29 00:00:00+09:00,222.63563537597656,222.63563537597656,222.63563537597656,222.63563537597656,2000
2012-05-30 00:00:00+09:00,222.63563537597656,222.63563537597656,222.63563537597656,222.63563537597656,2000
2012-05-31 00:00:00+09:00,222.63563537597656,222.63563537597656,222.63563537597656,222.63563537597656,2000
2012-06-01 00:00:00+09:00,222.63563537597656,222.63563537597656,222.63563537597656,222.63563537597656,2000
2012-06-04 00:00:00+09:00,222.63563537597656,222.63563537597656,222.63563537597656,222.63563537597656,2000
2012-06-05 00:00:00+09:00,222.63563537597656,222.63563537597656,222.63563537597656,222.63563537597656,2000
2012-06-06 00:00:00+09:00,218.35415649414062,218.35415649414062,218.35415649414062,218.35415649414062,2000
2012-06-07 00:00:00+09:00,226.06082153320312,226.06082153320312,226.06082153320312,226.06082153320312,2000
2012-06-08 00:00:00+09:00,226.48893829921505,226.91708374023438,226.48893829921505,226.91708374023438,4000
2012-06-11 00:00:00+09:00,226.91708374023438,226.91708374023438,226.91708374023438,226.91708374023438,4000
2012-06-12 00:00:00+09:00,226.91708374023438,226.91708374023438,226.91708374023438,226.91708374023438,4000
2012-06-13 00:00:00+09:00,226.91708374023438,226.91708374023438,226.91708374023438,226.91708374023438,4000
2012-06-14 00:00:00+09:00,269.7315673828125,269.7315673828125,269.7315673828125,269.7315673828125,2000
2012-06-15 00:00:00+09:00,235.48001098632812,235.48001098632812,231.19855624112216,235.48001098632812,12000
2012-06-18 00:00:00+09:00,239.7614382024397,244.0428924560547,239.7614382024397,244.0428924560547,6000
2012-06-19 00:00:00+09:00,244.0428924560547,244.0428924560547,244.0428924560547,244.0428924560547,6000
2012-06-20 00:00:00+09:00,268.8753967285156,268.8753967285156,268.8753967285156,268.8753967285156,8000
2012-06-21 00:00:00+09:00,244.04290466308592,256.88726806640625,244.04290466308592,256.88726806640625,4000
2012-06-22 00:00:00+09:00,256.88726806640625,256.88726806640625,256.88726806640625,256.88726806640625,4000
2012-06-25 00:00:00+09:00,256.88726806640625,256.88726806640625,256.88726806640625,256.88726806640625,2000
2012-06-26 00:00:00+09:00,246.1836195828622,248.3243467096697,244.0428924560547,244.0428924560547,8000
2012-06-27 00:00:00+09:00,223.99652063776603,223.99652063776603,222.68914794921875,222.68914794921875,4000
2012-06-28 00:00:00+09:00,235.76284790039062,235.76284790039062,235.76284790039062,235.76284790039062,4000
2012-06-29 00:00:00+09:00,239.2491746715609,239.2491746715609,235.76284790039062,235.76284790039062,8000
2012-07-02 00:00:00+09:00,235.76284790039062,235.76284790039062,235.76284790039062,235.76284790039062,8000
2012-07-03 00:00:00+09:00,227.48286357678865,227.48286357678865,223.5607452392578,223.5607452392578,8000
2012-07-04 00:00:00+09:00,224.43235769867897,224.43235769867897,223.12498474121094,223.12498474121094,4000
2012-07-05 00:00:00+09:00,223.12498474121094,223.12498474121094,223.12498474121094,223.12498474121094,4000
2012-07-06 00:00:00+09:00,223.12498474121094,223.12498474121094,223.12498474121094,223.12498474121094,2000
2012-07-09 00:00:00+09:00,223.12498474121094,223.12498474121094,223.12498474121094,223.12498474121094,2000
2012-07-10 00:00:00+09:00,223.12498474121094,223.12498474121094,223.12498474121094,223.12498474121094,2000
2012-07-11 00:00:00+09:00,223.12498474121094,223.12498474121094,223.12498474121094,223.12498474121094,2000
2012-07-12 00:00:00+09:00,223.12498474121094,223.12498474121094,223.12498474121094,223.12498474121094,2000
2012-07-13 00:00:00+09:00,223.12498474121094,223.12498474121094,223.12498474121094,223.12498474121094,2000
2012-07-17 00:00:00+09:00,223.12498474121094,223.12498474121094,223.12498474121094,223.12498474121094,2000
2012-07-18 00:00:00+09:00,226.6112669722423,226.6112669722423,226.17547607421875,226.17547607421875,4000
2012-07-19 00:00:00+09:00,230.53338623046875,230.53338623046875,230.53338623046875,230.53338623046875,4000
2012-07-20 00:00:00+09:00,224.8681338377969,227.04708862304688,224.8681338377969,227.04708862304688,12000
2012-07-23 00:00:00+09:00,231.40499877929688,231.40499877929688,231.40499877929688,231.40499877929688,12000
2012-07-24 00:00:00+09:00,231.40499877929688,231.40499877929688,231.40499877929688,231.40499877929688,12000
2012-07-25 00:00:00+09:00,231.40499877929688,231.40499877929688,231.40499877929688,231.40499877929688,12000
2012-07-26 00:00:00+09:00,210.92282104492188,210.92282104492188,210.92282104492188,210.92282104492188,4000
2012-07-27 00:00:00+09:00,217.8954315185547,217.8954315185547,217.8954315185547,217.8954315185547,4000
2012-07-30 00:00:00+09:00,206.5648956298828,206.5648956298828,206.5648956298828,206.5648956298828,10000
2012-07-31 00:00:00+09:00,216.58807373046875,216.58807373046875,216.58807373046875,216.58807373046875,4000
2012-08-01 00:00:00+09:00,210.4870147705078,210.4870147705078,210.4870147705078,210.4870147705078,4000
2012-08-02 00:00:00+09:00,210.4870147705078,210.4870147705078,210.4870147705078,210.4870147705078,4000
2012-08-03 00:00:00+09:00,210.4870147705078,210.4870147705078,210.4870147705078,210.4870147705078,4000
2012-08-06 00:00:00+09:00,210.4870147705078,210.4870147705078,210.4870147705078,210.4870147705078,4000
2012-08-07 00:00:00+09:00,210.4870147705078,210.4870147705078,210.4870147705078,210.4870147705078,4000
2012-08-08 00:00:00+09:00,210.4870147705078,210.4870147705078,210.4870147705078,210.4870147705078,4000
2012-08-09 00:00:00+09:00,210.4870147705078,210.4870147705078,210.4870147705078,210.4870147705078,4000
2012-08-10 00:00:00+09:00,210.4870147705078,210.4870147705078,210.4870147705078,210.4870147705078,4000
2012-08-13 00:00:00+09:00,210.4870147705078,210.4870147705078,210.4870147705078,210.4870147705078,2000
2012-08-14 00:00:00+09:00,213.97332763671875,213.97332763671875,213.97332763671875,213.97332763671875,2000
2012-08-15 00:00:00+09:00,213.97332763671875,213.97332763671875,213.97332763671875,213.97332763671875,2000
2012-08-16 00:00:00+09:00,213.53753662109375,213.53753662109375,213.53753662109375,213.53753662109375,2000
2012-08-17 00:00:00+09:00,217.8954315185547,217.8954315185547,217.8954315185547,217.8954315185547,2000
2012-08-20 00:00:00+09:00,217.89544726174975,219.63861083984375,217.89544726174975,219.63861083984375,12000
2012-08-21 00:00:00+09:00,223.99655151367188,223.99655151367188,223.99655151367188,223.99655151367188,12000
2012-08-22 00:00:00+09:00,228.35440063476562,228.35440063476562,228.35440063476562,228.35440063476562,12000
2012-08-23 00:00:00+09:00,228.35440063476562,228.35440063476562,228.35440063476562,228.35440063476562,12000
2012-08-24 00:00:00+09:00,228.35440063476562,228.35440063476562,228.35440063476562,228.35440063476562,12000
2012-08-27 00:00:00+09:00,232.2765350341797,232.2765350341797,232.2765350341797,232.2765350341797,4000
2012-08-28 00:00:00+09:00,232.2765350341797,232.2765350341797,232.2765350341797,232.2765350341797,4000
2012-08-29 00:00:00+09:00,232.2765350341797,232.2765350341797,232.2765350341797,232.2765350341797,4000
2012-08-30 00:00:00+09:00,232.2765350341797,232.2765350341797,232.2765350341797,232.2765350341797,4000
2012-08-31 00:00:00+09:00,232.2765350341797,232.2765350341797,232.2765350341797,232.2765350341797,4000
2012-09-03 00:00:00+09:00,230.9691925048828,230.9691925048828,230.9691925048828,230.9691925048828,2000
2012-09-04 00:00:00+09:00,230.9691925048828,230.9691925048828,230.9691925048828,230.9691925048828,2000
2012-09-05 00:00:00+09:00,230.9691925048828,230.9691925048828,230.9691925048828,230.9691925048828,4000
2012-09-06 00:00:00+09:00,230.9691925048828,230.9691925048828,230.9691925048828,230.9691925048828,2000
2012-09-07 00:00:00+09:00,239.24918899392992,239.24918899392992,232.2765350341797,232.2765350341797,4000
2012-09-10 00:00:00+09:00,232.2765350341797,232.2765350341797,232.2765350341797,232.2765350341797,4000
2012-09-11 00:00:00+09:00,230.9691925048828,230.9691925048828,230.9691925048828,230.9691925048828,12000
2012-09-12 00:00:00+09:00,219.63861083984375,219.63861083984375,219.63861083984375,219.63861083984375,2000
2012-09-13 00:00:00+09:00,219.63861083984375,219.63861083984375,219.63861083984375,219.63861083984375,2000
2012-09-14 00:00:00+09:00,219.63861083984375,219.63861083984375,219.63861083984375,219.63861083984375,2000
2012-09-18 00:00:00+09:00,224.8681182861328,224.8681182861328,224.8681182861328,224.8681182861328,2000
2012-09-19 00:00:00+09:00,229.6617889404297,229.6617889404297,229.6617889404297,229.6617889404297,2000
2012-09-20 00:00:00+09:00,233.1481170654297,233.1481170654297,233.1481170654297,233.1481170654297,8000
2012-09-21 00:00:00+09:00,233.1481170654297,233.1481170654297,233.1481170654297,233.1481170654297,8000
2012-09-24 00:00:00+09:00,233.1481170654297,233.1481170654297,233.1481170654297,233.1481170654297,8000
2012-09-25 00:00:00+09:00,233.1481170654297,233.1481170654297,233.1481170654297,233.1481170654297,8000
2012-09-26 00:00:00+09:00,221.3817596435547,221.3817596435547,221.3817596435547,221.3817596435547,4000
2012-09-27 00:00:00+09:00,221.3817596435547,221.3817596435547,221.3817596435547,221.3817596435547,4000
2012-09-28 00:00:00+09:00,228.35440063476562,228.35440063476562,228.35440063476562,228.35440063476562,2000
2012-10-01 00:00:00+09:00,223.99655151367188,223.99655151367188,223.99655151367188,223.99655151367188,2000
2012-10-02 00:00:00+09:00,232.7123260498047,232.7123260498047,232.7123260498047,232.7123260498047,2000
2012-10-03 00:00:00+09:00,234.8913116455078,234.8913116455078,234.8913116455078,234.8913116455078,2000
2012-10-04 00:00:00+09:00,230.9691925048828,230.9691925048828,230.9691925048828,230.9691925048828,2000
2012-10-05 00:00:00+09:00,230.9691925048828,230.9691925048828,230.9691925048828,230.9691925048828,2000
2012-10-09 00:00:00+09:00,230.9691925048828,230.9691925048828,230.9691925048828,230.9691925048828,2000
2012-10-10 00:00:00+09:00,230.9691925048828,230.9691925048828,230.9691925048828,230.9691925048828,2000
2012-10-11 00:00:00+09:00,230.9691925048828,230.9691925048828,230.9691925048828,230.9691925048828,2000
2012-10-12 00:00:00+09:00,230.9691925048828,230.9691925048828,230.9691925048828,230.9691925048828,2000
2012-10-15 00:00:00+09:00,230.9691925048828,230.9691925048828,230.9691925048828,230.9691925048828,2000
2012-10-16 00:00:00+09:00,230.9691925048828,230.9691925048828,230.9691925048828,230.9691925048828,2000
2012-10-17 00:00:00+09:00,230.9691925048828,230.9691925048828,230.9691925048828,230.9691925048828,2000
2012-10-18 00:00:00+09:00,230.96916340015554,235.3270721435547,230.96916340015554,235.3270721435547,6000
2012-10-19 00:00:00+09:00,230.9691925048828,230.9691925048828,230.9691925048828,230.9691925048828,12000
2012-10-22 00:00:00+09:00,223.56070138479916,228.35440063476562,223.56070138479916,228.35440063476562,24000
2012-10-23 00:00:00+09:00,228.35440063476562,228.35440063476562,228.35440063476562,228.35440063476562,24000
2012-10-24 00:00:00+09:00,228.35440063476562,228.35440063476562,228.35440063476562,228.35440063476562,24000
2012-10-25 00:00:00+09:00,230.9691925048828,230.9691925048828,230.9691925048828,230.9691925048828,6000
2012-10-26 00:00:00+09:00,230.9691925048828,230.9691925048828,230.9691925048828,230.9691925048828,6000
2012-10-29 00:00:00+09:00,230.9691925048828,230.9691925048828,230.9691925048828,230.9691925048828,6000
2012-10-30 00:00:00+09:00,230.9691925048828,230.9691925048828,230.9691925048828,230.9691925048828,6000
2012-10-31 00:00:00+09:00,230.9691925048828,230.9691925048828,230.9691925048828,230.9691925048828,6000
2012-11-01 00:00:00+09:00,230.9691925048828,230.9691925048828,230.9691925048828,230.9691925048828,6000
2012-11-02 00:00:00+09:00,230.9691925048828,230.9691925048828,230.9691925048828,230.9691925048828,6000
2012-11-05 00:00:00+09:00,230.9691925048828,230.9691925048828,230.9691925048828,230.9691925048828,6000
2012-11-06 00:00:00+09:00,230.9691925048828,230.9691925048828,230.9691925048828,230.9691925048828,6000
2012-11-07 00:00:00+09:00,230.9691925048828,230.9691925048828,230.9691925048828,230.9691925048828,6000
2012-11-08 00:00:00+09:00,230.9691925048828,230.9691925048828,230.9691925048828,230.9691925048828,6000
2012-11-09 00:00:00+09:00,230.9691925048828,230.9691925048828,230.9691925048828,230.9691925048828,6000
2012-11-12 00:00:00+09:00,213.53753662109375,213.53753662109375,213.53753662109375,213.53753662109375,4000
2012-11-13 00:00:00+09:00,213.53753662109375,213.53753662109375,213.53753662109375,213.53753662109375,4000
2012-11-14 00:00:00+09:00,213.53753662109375,213.53753662109375,213.53753662109375,213.53753662109375,4000
2012-11-15 00:00:00+09:00,217.8954315185547,217.8954315185547,217.8954315185547,217.8954315185547,4000
2012-11-16 00:00:00+09:00,217.8954315185547,217.8954315185547,217.8954315185547,217.8954315185547,4000
2012-11-19 00:00:00+09:00,217.8954315185547,217.8954315185547,217.8954315185547,217.8954315185547,2000
2012-11-20 00:00:00+09:00,217.89544889825652,225.73968505859375,217.89544889825652,225.73968505859375,10000
2012-11-21 00:00:00+09:00,225.73968505859375,225.73968505859375,225.73968505859375,225.73968505859375,10000
2012-11-22 00:00:00+09:00,225.73968505859375,225.73968505859375,225.73968505859375,225.73968505859375,2000
2012-11-26 00:00:00+09:00,225.73968505859375,225.73968505859375,225.73968505859375,225.73968505859375,2000
2012-11-27 00:00:00+09:00,225.73968505859375,225.73968505859375,225.73968505859375,225.73968505859375,2000
2012-11-28 00:00:00+09:00,225.73968505859375,225.73968505859375,225.73968505859375,225.73968505859375,2000
2012-11-29 00:00:00+09:00,225.73968505859375,225.73968505859375,225.73968505859375,225.73968505859375,2000
2012-11-30 00:00:00+09:00,225.73968505859375,225.73968505859375,225.73968505859375,225.73968505859375,2000
2012-12-03 00:00:00+09:00,222.2533416748047,222.2533416748047,222.2533416748047,222.2533416748047,2000
2012-12-04 00:00:00+09:00,222.2533416748047,222.2533416748047,222.2533416748047,222.2533416748047,2000
2012-12-05 00:00:00+09:00,222.2533416748047,222.2533416748047,222.2533416748047,222.2533416748047,2000
2012-12-06 00:00:00+09:00,222.2533416748047,222.2533416748047,222.2533416748047,222.2533416748047,2000
2012-12-07 00:00:00+09:00,222.2533416748047,222.2533416748047,222.2533416748047,222.2533416748047,2000
2012-12-10 00:00:00+09:00,227.04708862304688,227.04708862304688,227.04708862304688,227.04708862304688,2000
2012-12-11 00:00:00+09:00,226.6112823486328,226.6112823486328,226.6112823486328,226.6112823486328,4000
2012-12-12 00:00:00+09:00,226.6112823486328,226.6112823486328,226.6112823486328,226.6112823486328,4000
2012-12-13 00:00:00+09:00,226.6112823486328,226.6112823486328,226.6112823486328,226.6112823486328,4000
2012-12-14 00:00:00+09:00,226.6112823486328,226.6112823486328,226.6112823486328,226.6112823486328,4000
2012-12-17 00:00:00+09:00,228.79022216796875,228.79022216796875,228.79022216796875,228.79022216796875,2000
2012-12-18 00:00:00+09:00,231.40499877929688,231.40499877929688,231.40499877929688,231.40499877929688,2000
2012-12-19 00:00:00+09:00,230.96919326923773,234.8913116455078,230.96919326923773,234.8913116455078,8000
2012-12-20 00:00:00+09:00,231.4049815419615,239.24921820440085,221.8175811767578,221.8175811767578,22000
2012-12-21 00:00:00+09:00,221.8175811767578,221.8175811767578,221.8175811767578,221.8175811767578,2000
2012-12-25 00:00:00+09:00,225.73968505859375,225.73968505859375,225.73968505859375,225.73968505859375,2000
2012-12-26 00:00:00+09:00,225.73968505859375,225.73968505859375,225.73968505859375,225.73968505859375,0
2012-12-27 00:00:00+09:00,225.73968505859375,225.73968505859375,225.73968505859375,225.73968505859375,2000
2012-12-28 00:00:00+09:00,230.09762573242188,230.09762573242188,230.09762573242188,230.09762573242188,4000
2013-01-04 00:00:00+09:00,230.09762573242188,230.09762573242188,230.09762573242188,230.09762573242188,4000
2013-01-07 00:00:00+09:00,230.09762573242188,230.09762573242188,230.09762573242188,230.09762573242188,4000
2013-01-08 00:00:00+09:00,230.09762573242188,230.09762573242188,230.09762573242188,230.09762573242188,4000
2013-01-09 00:00:00+09:00,225.73968505859375,225.73968505859375,225.73968505859375,225.73968505859375,2000
2013-01-10 00:00:00+09:00,225.73968505859375,225.73968505859375,225.73968505859375,225.73968505859375,2000
2013-01-11 00:00:00+09:00,230.09762573242188,230.09762573242188,230.09762573242188,230.09762573242188,6000
2013-01-15 00:00:00+09:00,251.8871307373047,251.8871307373047,251.8871307373047,251.8871307373047,2000
2013-01-16 00:00:00+09:00,240.12074451446531,244.04286193847656,240.12074451446531,244.04286193847656,4000
2013-01-17 00:00:00+09:00,244.04286193847656,244.04286193847656,244.04286193847656,244.04286193847656,4000
2013-01-18 00:00:00+09:00,248.40081787109375,248.40081787109375,248.40081787109375,248.40081787109375,2000
2013-01-21 00:00:00+09:00,251.8871307373047,251.8871307373047,251.8871307373047,251.8871307373047,8000
2013-01-22 00:00:00+09:00,256.2450256347656,256.2450256347656,256.2450256347656,256.2450256347656,2000
2013-01-23 00:00:00+09:00,256.2450256347656,256.2450256347656,256.2450256347656,256.2450256347656,2000
2013-01-24 00:00:00+09:00,256.2450256347656,256.2450256347656,256.2450256347656,256.2450256347656,2000
2013-01-25 00:00:00+09:00,256.2450256347656,256.2450256347656,256.2450256347656,256.2450256347656,2000
2013-01-28 00:00:00+09:00,250.57978820800784,250.57978820800784,250.57978820800784,250.5797882080078,2000
2013-01-29 00:00:00+09:00,250.57978820800784,250.57978820800784,250.57978820800784,250.5797882080078,2000
2013-01-30 00:00:00+09:00,250.57978820800784,250.57978820800784,250.57978820800784,250.5797882080078,2000
2013-01-31 00:00:00+09:00,250.1439666748047,250.1439666748047,250.1439666748047,250.1439666748047,2000
2013-02-01 00:00:00+09:00,250.1439666748047,250.1439666748047,250.1439666748047,250.1439666748047,4000
2013-02-04 00:00:00+09:00,250.1439666748047,250.1439666748047,250.1439666748047,250.1439666748047,4000
2013-02-05 00:00:00+09:00,241.86395151680762,241.86395151680762,235.7628788659332,237.50604248046875,14000
2013-02-06 00:00:00+09:00,246.2218780517578,246.2218780517578,246.2218780517578,246.2218780517578,4000
2013-02-07 00:00:00+09:00,246.2218780517578,246.2218780517578,246.2218780517578,246.2218780517578,4000
2013-02-08 00:00:00+09:00,246.2218780517578,246.2218780517578,246.2218780517578,246.2218780517578,4000
2013-02-12 00:00:00+09:00,246.2218780517578,246.2218780517578,246.2218780517578,246.2218780517578,4000
2013-02-13 00:00:00+09:00,244.04290660511361,244.04290660511361,239.68499755859372,239.68499755859375,4000
2013-02-14 00:00:00+09:00,237.50604248046875,237.50604248046875,237.50604248046875,237.50604248046875,2000
2013-02-15 00:00:00+09:00,239.68499755859372,239.68499755859372,239.68499755859372,239.68499755859375,2000
2013-02-18 00:00:00+09:00,239.68499755859372,239.68499755859372,239.68499755859372,239.68499755859375,2000
2013-02-19 00:00:00+09:00,244.04290878563597,248.40081787109375,244.04290878563597,248.40081787109375,4000
2013-02-20 00:00:00+09:00,246.65765423691064,248.40081787109375,246.65765423691064,248.40081787109375,14000
2013-02-21 00:00:00+09:00,248.40081787109375,248.40081787109375,248.40081787109375,248.40081787109375,14000
2013-02-22 00:00:00+09:00,248.40081787109375,248.40081787109375,248.40081787109375,248.40081787109375,14000
2013-02-25 00:00:00+09:00,248.40081787109375,248.40081787109375,248.40081787109375,248.40081787109375,14000
2013-02-26 00:00:00+09:00,241.86393696328867,241.86393696328867,240.5565643310547,240.5565643310547,4000
2013-02-27 00:00:00+09:00,241.864013671875,241.864013671875,241.864013671875,241.864013671875,2000
2013-02-28 00:00:00+09:00,241.864013671875,241.864013671875,241.864013671875,241.864013671875,2000
2013-03-01 00:00:00+09:00,246.2218780517578,246.2218780517578,246.2218780517578,246.2218780517578,4000
2013-03-04 00:00:00+09:00,244.91448974609375,244.91448974609375,244.91448974609375,244.91448974609375,2000
2013-03-05 00:00:00+09:00,244.91448974609375,244.91448974609375,244.91448974609375,244.91448974609375,2000
2013-03-06 00:00:00+09:00,246.2218780517578,246.2218780517578,246.2218780517578,246.2218780517578,2000
2013-03-07 00:00:00+09:00,242.73553466796875,242.73553466796875,242.73553466796875,242.73553466796875,4000
2013-03-08 00:00:00+09:00,242.73553466796875,242.73553466796875,242.73553466796875,242.73553466796875,4000
2013-03-11 00:00:00+09:00,243.17137145996094,243.17137145996094,243.17137145996094,243.17137145996094,6000
2013-03-12 00:00:00+09:00,243.17137145996094,243.17137145996094,243.17137145996094,243.17137145996094,6000
2013-03-13 00:00:00+09:00,243.17137145996094,243.17137145996094,243.17137145996094,243.17137145996094,6000
2013-03-14 00:00:00+09:00,243.17137145996094,243.17137145996094,243.17137145996094,243.17137145996094,6000
2013-03-15 00:00:00+09:00,247.09344471638278,247.09344471638278,246.65765380859375,246.65765380859375,4000
2013-03-18 00:00:00+09:00,248.40083321005156,248.8366241455078,244.4787147909455,248.8366241455078,14000
2013-03-19 00:00:00+09:00,249.27241539996604,250.57978820800784,249.27241539996604,250.5797882080078,8000
2013-03-21 00:00:00+09:00,253.19449142456057,270.1903350830078,253.19449142456057,261.4745178222656,22000
2013-03-22 00:00:00+09:00,270.19033663390115,278.90615394467216,261.47451932313015,265.8324279785156,12000
2013-03-25 00:00:00+09:00,287.6219852071413,309.4115295410156,287.6219852071413,309.4115295410156,8000
2013-03-26 00:00:00+09:00,284.1356813389956,285.00726318359375,284.1356813389956,285.00726318359375,6000
2013-03-27 00:00:00+09:00,291.9798831031436,291.9798831031436,274.5482482910156,274.5482482910156,10000
2013-03-28 00:00:00+09:00,281.08514404296875,281.08514404296875,281.08514404296875,281.08514404296875,4000
2013-03-29 00:00:00+09:00,289.3651715419089,289.3651715419089,281.08514404296875,281.08514404296875,6000
2013-04-01 00:00:00+09:00,281.08514404296875,281.08514404296875,281.08514404296875,281.08514404296875,6000
2013-04-02 00:00:00+09:00,268.0114440917969,268.0114440917969,268.0114440917969,268.0114440917969,2000
2013-04-03 00:00:00+09:00,270.19036865234375,270.19036865234375,270.19036865234375,270.19036865234375,2000
2013-04-04 00:00:00+09:00,270.19036865234375,270.19036865234375,270.19036865234375,270.19036865234375,2000
2013-04-05 00:00:00+09:00,270.19036865234375,270.19036865234375,270.19036865234375,270.19036865234375,2000
2013-04-08 00:00:00+09:00,270.1903705596924,278.90618896484375,270.1903705596924,278.90618896484375,4000
2013-04-09 00:00:00+09:00,270.62615966796875,270.62615966796875,270.62615966796875,270.62615966796875,4000
2013-04-10 00:00:00+09:00,272.8051146484375,272.8051146484375,272.36932373046875,272.36932373046875,4000
2013-04-11 00:00:00+09:00,272.80508480980285,274.5482482910156,272.80508480980285,274.5482482910156,6000
2013-04-12 00:00:00+09:00,274.54827861421427,274.54827861421427,272.80511494047323,273.67669677734375,8000
2013-04-15 00:00:00+09:00,274.5482795739249,278.03460693359375,274.5482795739249,278.03460693359375,14000
2013-04-16 00:00:00+09:00,278.03460693359375,278.03460693359375,278.03460693359375,278.03460693359375,14000
2013-04-17 00:00:00+09:00,278.03460693359375,278.03460693359375,278.03460693359375,278.03460693359375,14000
2013-04-18 00:00:00+09:00,278.03460693359375,278.03460693359375,278.03460693359375,278.03460693359375,14000
2013-04-19 00:00:00+09:00,275.85565175889417,275.85565175889417,275.41986083984375,275.41986083984375,4000
2013-04-22 00:00:00+09:00,283.2640979730971,291.9799163722693,278.03460693359375,278.03460693359375,26000
2013-04-23 00:00:00+09:00,285.4430527687073,285.4430527687073,278.90618896484375,278.90618896484375,6000
2013-04-24 00:00:00+09:00,279.34194801197566,279.34194801197566,274.9840393066406,274.9840393066406,10000
2013-04-25 00:00:00+09:00,278.90619027140673,285.00726318359375,278.90619027140673,285.00726318359375,8000
2013-04-26 00:00:00+09:00,283.26409949439744,285.00726318359375,279.7777721160049,285.00726318359375,8000
2013-04-30 00:00:00+09:00,285.4430537297176,285.4430537297176,283.26409912109375,283.26409912109375,4000
2013-05-01 00:00:00+09:00,283.26409816741943,283.26409816741943,278.90618896484375,278.90618896484375,4000
2013-05-02 00:00:00+09:00,278.90618896484375,278.90618896484375,278.90618896484375,278.90618896484375,4000
2013-05-07 00:00:00+09:00,285.44305401228104,290.6725450781549,284.1356812458126,284.57147216796875,10000
2013-05-08 00:00:00+09:00,291.544189453125,291.97998046875,285.443115234375,285.443115234375,6000
2013-05-09 00:00:00+09:00,294.15884148584655,294.15884148584655,286.3146057128906,286.3146057128906,6000
2013-05-10 00:00:00+09:00,286.75042724609375,286.75042724609375,286.75042724609375,286.75042724609375,2000
2013-05-13 00:00:00+09:00,282.39245586601623,282.39245586601623,281.9566650390625,281.9566650390625,12000
2013-05-14 00:00:00+09:00,281.9566650390625,281.9566650390625,281.9566650390625,281.9566650390625,12000
2013-05-15 00:00:00+09:00,281.9566650390625,281.9566650390625,281.9566650390625,281.9566650390625,12000
2013-05-16 00:00:00+09:00,281.95669469967277,281.95669469967277,279.3419494628906,279.3419494628906,8000
2013-05-17 00:00:00+09:00,278.90618990384615,283.26409912109375,278.90618990384615,283.26409912109375,8000
2013-05-20 00:00:00+09:00,282.828308199369,283.26409912109375,282.828308199369,283.26409912109375,14000
2013-05-21 00:00:00+09:00,283.26409912109375,283.26409912109375,283.26409912109375,283.26409912109375,14000
2013-05-22 00:00:00+09:00,283.26409912109375,283.26409912109375,283.26409912109375,283.26409912109375,14000
2013-05-23 00:00:00+09:00,283.26403751992365,283.26403751992365,281.9566650390625,281.9566650390625,6000
2013-05-24 00:00:00+09:00,281.9566650390625,281.9566650390625,281.9566650390625,281.9566650390625,6000
2013-05-27 00:00:00+09:00,277.5988167683037,281.52093505859375,277.1630258471604,281.52093505859375,6000
2013-05-28 00:00:00+09:00,285.8787841796875,285.8787841796875,285.8787841796875,285.8787841796875,2000
2013-05-29 00:00:00+09:00,285.8787841796875,285.8787841796875,285.8787841796875,285.8787841796875,2000
2013-05-30 00:00:00+09:00,281.0851430817852,281.0851430817852,274.54827928918553,276.72723388671875,10000
2013-05-31 00:00:00+09:00,276.72723388671875,276.72723388671875,276.72723388671875,276.72723388671875,4000
2013-06-03 00:00:00+09:00,278.90618896484375,278.90618896484375,278.90618896484375,278.90618896484375,2000
2013-06-04 00:00:00+09:00,278.90618896484375,278.90618896484375,278.90618896484375,278.90618896484375,2000
2013-06-05 00:00:00+09:00,278.90612925038636,281.9566650390625,278.90612925038636,281.9566650390625,4000
2013-06-06 00:00:00+09:00,281.9567250185792,281.9567250185792,277.16302490234375,277.16302490234375,6000
2013-06-07 00:00:00+09:00,276.29147334046087,276.29147334046087,274.54830947080495,275.8556823730469,12000
2013-06-10 00:00:00+09:00,278.90618896484375,278.90618896484375,278.90618896484375,278.90618896484375,2000
2013-06-11 00:00:00+09:00,278.90618896484375,278.90618896484375,278.90618896484375,278.90618896484375,2000
2013-06-12 00:00:00+09:00,278.4703369140625,278.4703369140625,278.4703369140625,278.4703369140625,2000
2013-06-13 00:00:00+09:00,278.4703369140625,278.4703369140625,278.4703369140625,278.4703369140625,2000
2013-06-14 00:00:00+09:00,278.9061595775463,282.3924865722656,278.9061595775463,282.3924865722656,4000
2013-06-17 00:00:00+09:00,281.9566650390625,281.9566650390625,281.9566650390625,281.9566650390625,2000
2013-06-18 00:00:00+09:00,281.9567263559195,283.26409912109375,281.9567263559195,283.26409912109375,12000
2013-06-19 00:00:00+09:00,285.4430537297176,285.4430537297176,283.26409912109375,283.26409912109375,4000
2013-06-20 00:00:00+09:00,283.26416015625,285.443115234375,283.26416015625,285.443115234375,14000
2013-06-21 00:00:00+09:00,283.26409912109375,283.26409912109375,283.26409912109375,283.26409912109375,2000
2013-06-24 00:00:00+09:00,283.26407264260683,296.3377990722656,283.26407264260683,296.3377990722656,8000
2013-06-25 00:00:00+09:00,295.4662457034218,295.4662457034218,286.75042724609375,286.75042724609375,4000
2013-06-26 00:00:00+09:00,273.4749481945503,273.4749481945503,272.14739990234375,272.14739990234375,6000
2013-06-27 00:00:00+09:00,272.14739990234375,272.14739990234375,272.14739990234375,272.14739990234375,4000
2013-06-28 00:00:00+09:00,276.57257080078125,276.57257080078125,276.57257080078125,276.57257080078125,2000
2013-07-01 00:00:00+09:00,274.3599853515625,274.3599853515625,274.3599853515625,274.3599853515625,2000
2013-07-02 00:00:00+09:00,265.95220665564904,265.95220665564904,258.8719482421875,258.8719482421875,6000
2013-07-03 00:00:00+09:00,265.9521484375,265.9521484375,265.9521484375,265.9521484375,2000
2013-07-04 00:00:00+09:00,265.9521484375,265.9521484375,265.9521484375,265.9521484375,2000
2013-07-05 00:00:00+09:00,265.5096435546875,265.5096435546875,265.5096435546875,265.5096435546875,2000
2013-07-08 00:00:00+09:00,265.5096435546875,265.5096435546875,265.5096435546875,265.5096435546875,2000
2013-07-09 00:00:00+09:00,265.5096435546875,265.5096435546875,265.5096435546875,265.5096435546875,2000
2013-07-10 00:00:00+09:00,265.5096435546875,265.5096435546875,265.5096435546875,265.5096435546875,2000
2013-07-11 00:00:00+09:00,265.5096435546875,265.5096435546875,265.5096435546875,265.5096435546875,2000
2013-07-12 00:00:00+09:00,265.5096435546875,265.5096435546875,265.5096435546875,265.5096435546875,0
2013-07-16 00:00:00+09:00,265.5096435546875,265.5096435546875,265.5096435546875,265.5096435546875,0
2013-07-17 00:00:00+09:00,266.8372398825253,270.81988525390625,266.8372398825253,270.81988525390625,4000
2013-07-18 00:00:00+09:00,267.72222900390625,267.72222900390625,267.72222900390625,267.72222900390625,2000
2013-07-19 00:00:00+09:00,267.72222900390625,267.72222900390625,267.72222900390625,267.72222900390625,4000
2013-07-22 00:00:00+09:00,267.2796936035156,267.2796936035156,267.2796936035156,267.2796936035156,6000
2013-07-23 00:00:00+09:00,267.2796936035156,267.2796936035156,267.2796936035156,267.2796936035156,0
2013-07-24 00:00:00+09:00,259.31439208984375,259.31439208984375,259.31439208984375,259.31439208984375,2000
2013-07-25 00:00:00+09:00,259.31439208984375,259.31439208984375,259.31439208984375,259.31439208984375,0
2013-07-26 00:00:00+09:00,259.31439208984375,259.31439208984375,259.31439208984375,259.31439208984375,0
2013-07-29 00:00:00+09:00,259.31439208984375,259.31439208984375,259.31439208984375,259.31439208984375,0
2013-07-30 00:00:00+09:00,259.31439208984375,259.31439208984375,259.31439208984375,259.31439208984375,0
2013-07-31 00:00:00+09:00,263.73956298828125,263.73956298828125,263.73956298828125,263.73956298828125,2000
2013-08-01 00:00:00+09:00,263.73956298828125,263.73956298828125,263.73956298828125,263.73956298828125,0
2013-08-02 00:00:00+09:00,263.73956298828125,263.73956298828125,263.73956298828125,263.73956298828125,0
2013-08-05 00:00:00+09:00,259.31439208984375,259.31439208984375,259.31439208984375,259.31439208984375,4000
2013-08-06 00:00:00+09:00,259.31439208984375,259.31439208984375,259.31439208984375,259.31439208984375,0
2013-08-07 00:00:00+09:00,263.29705810546875,263.29705810546875,263.29705810546875,263.29705810546875,2000
2013-08-08 00:00:00+09:00,263.29705810546875,263.29705810546875,263.29705810546875,263.29705810546875,0
2013-08-09 00:00:00+09:00,263.29705810546875,263.29705810546875,263.29705810546875,263.29705810546875,0
2013-08-12 00:00:00+09:00,263.29705810546875,263.29705810546875,263.29705810546875,263.29705810546875,0
2013-08-13 00:00:00+09:00,263.29705810546875,263.29705810546875,263.29705810546875,263.29705810546875,0
2013-08-14 00:00:00+09:00,263.29705810546875,263.29705810546875,263.29705810546875,263.29705810546875,0
2013-08-15 00:00:00+09:00,263.29705810546875,263.29705810546875,263.29705810546875,263.29705810546875,2000
2013-08-16 00:00:00+09:00,263.29705810546875,263.29705810546875,263.29705810546875,263.29705810546875,0
2013-08-19 00:00:00+09:00,264.62461140950523,265.5096435546875,264.62461140950523,265.5096435546875,4000
2013-08-20 00:00:00+09:00,265.5096435546875,265.5096435546875,265.5096435546875,265.5096435546875,10000
2013-08-21 00:00:00+09:00,265.5096435546875,265.5096435546875,265.5096435546875,265.5096435546875,0
2013-08-22 00:00:00+09:00,265.5096435546875,265.5096435546875,265.5096435546875,265.5096435546875,0
2013-08-23 00:00:00+09:00,258.8719482421875,258.8719482421875,258.8719482421875,258.8719482421875,4000
2013-08-26 00:00:00+09:00,258.8719482421875,258.8719482421875,258.8719482421875,258.8719482421875,2000
2013-08-27 00:00:00+09:00,258.8719482421875,258.8719482421875,258.8719482421875,258.8719482421875,0
2013-08-28 00:00:00+09:00,258.8719482421875,258.8719482421875,258.8719482421875,258.8719482421875,0
2013-08-29 00:00:00+09:00,258.8719482421875,258.8719482421875,258.8719482421875,258.8719482421875,2000
2013-08-30 00:00:00+09:00,262.4120178222656,262.4120178222656,262.4120178222656,262.4120178222656,2000
2013-09-02 00:00:00+09:00,262.4120178222656,262.4120178222656,262.4120178222656,262.4120178222656,0
2013-09-03 00:00:00+09:00,262.4120178222656,262.4120178222656,262.4120178222656,262.4120178222656,0
2013-09-04 00:00:00+09:00,262.4120178222656,262.4120178222656,262.4120178222656,262.4120178222656,0
2013-09-05 00:00:00+09:00,261.0844421386719,261.0844421386719,261.0844421386719,261.0844421386719,2000
2013-09-06 00:00:00+09:00,261.0844421386719,261.0844421386719,261.0844421386719,261.0844421386719,0
2013-09-09 00:00:00+09:00,261.0844421386719,261.0844421386719,261.0844421386719,261.0844421386719,0
2013-09-10 00:00:00+09:00,257.101817795326,257.101817795326,256.6593017578125,256.6593017578125,4000
2013-09-11 00:00:00+09:00,256.6593017578125,256.6593017578125,256.6593017578125,256.6593017578125,2000
2013-09-12 00:00:00+09:00,256.6593017578125,256.6593017578125,256.6593017578125,256.6593017578125,2000
2013-09-13 00:00:00+09:00,256.6593017578125,256.6593017578125,256.6593017578125,256.6593017578125,0
2013-09-17 00:00:00+09:00,261.0844421386719,261.0844421386719,261.0844421386719,261.0844421386719,4000
2013-09-18 00:00:00+09:00,261.0844421386719,261.0844421386719,261.0844421386719,261.0844421386719,0
2013-09-19 00:00:00+09:00,261.0844421386719,261.0844421386719,261.0844421386719,261.0844421386719,0
2013-09-20 00:00:00+09:00,269.0497741699219,269.0497741699219,269.0497741699219,269.0497741699219,12000
2013-09-24 00:00:00+09:00,269.0497741699219,269.0497741699219,269.0497741699219,269.0497741699219,0
2013-09-25 00:00:00+09:00,269.0497741699219,269.0497741699219,269.0497741699219,269.0497741699219,0
2013-09-26 00:00:00+09:00,269.0497741699219,269.0497741699219,269.0497741699219,269.0497741699219,0
2013-09-27 00:00:00+09:00,272.58991653009167,280.5552062988281,269.4923038422497,280.5552062988281,12000
2013-09-30 00:00:00+09:00,280.5551951010396,280.9977111816406,280.5551951010396,280.9977111816406,6000
2013-10-01 00:00:00+09:00,281.8826904296875,281.8826904296875,281.8826904296875,281.8826904296875,2000
2013-10-02 00:00:00+09:00,281.8827433428426,281.8827433428426,280.9977111816406,280.9977111816406,4000
2013-10-03 00:00:00+09:00,280.9977111816406,280.9977111816406,280.9977111816406,280.9977111816406,0
2013-10-04 00:00:00+09:00,274.3599853515625,274.3599853515625,274.3599853515625,274.3599853515625,4000
2013-10-07 00:00:00+09:00,274.3599853515625,274.3599853515625,274.3599853515625,274.3599853515625,0
2013-10-08 00:00:00+09:00,274.3599853515625,274.3599853515625,274.3599853515625,274.3599853515625,0
2013-10-09 00:00:00+09:00,274.3599853515625,274.3599853515625,274.3599853515625,274.3599853515625,0
2013-10-10 00:00:00+09:00,274.3599791115465,277.01507568359375,272.5899147301817,277.01507568359375,6000
2013-10-11 00:00:00+09:00,277.015081983997,277.015081983997,274.3599853515625,274.3599853515625,6000
2013-10-15 00:00:00+09:00,276.1300048828125,276.1300048828125,276.1300048828125,276.1300048828125,2000
2013-10-16 00:00:00+09:00,280.5552062988281,280.5552062988281,280.5552062988281,280.5552062988281,2000
2013-10-17 00:00:00+09:00,280.5552062988281,280.5552062988281,280.5552062988281,280.5552062988281,0
2013-10-18 00:00:00+09:00,280.5552126161612,280.9977287243886,277.9001159667969,277.9001159667969,16000
2013-10-21 00:00:00+09:00,284.5378509566166,302.2384948730469,284.5378509566166,302.2384948730469,14000
2013-10-22 00:00:00+09:00,302.2384948730469,302.2384948730469,302.2384948730469,302.2384948730469,0
2013-10-23 00:00:00+09:00,300.46844482421875,300.46844482421875,300.46844482421875,300.46844482421875,4000
2013-10-24 00:00:00+09:00,300.46844482421875,300.46844482421875,300.46844482421875,300.46844482421875,0
2013-10-25 00:00:00+09:00,291.61810302734375,291.61810302734375,291.61810302734375,291.61810302734375,6000
2013-10-28 00:00:00+09:00,292.94569185697117,299.14091796875,285.86543344350963,287.635498046875,8000
2013-10-29 00:00:00+09:00,287.635498046875,287.635498046875,287.635498046875,287.635498046875,0
2013-10-30 00:00:00+09:00,287.635498046875,287.635498046875,287.635498046875,287.635498046875,0
2013-10-31 00:00:00+09:00,298.6983337402344,298.6983337402344,298.6983337402344,298.6983337402344,2000
2013-11-01 00:00:00+09:00,290.2904968261719,294.71565683876594,290.2904968261719,290.2904968261719,3600
2013-11-05 00:00:00+09:00,296.0432434082031,296.0432434082031,296.0432434082031,296.0432434082031,1800
2013-11-06 00:00:00+09:00,295.15822551985434,295.15822551985434,294.273193359375,294.273193359375,2000
2013-11-07 00:00:00+09:00,294.2731791725786,296.0432434082031,293.3881470547663,296.0432434082031,4600
2013-11-08 00:00:00+09:00,296.0432434082031,296.0432434082031,296.0432434082031,296.0432434082031,600
2013-11-11 00:00:00+09:00,296.0432851642906,296.0432851642906,295.60076904296875,295.60076904296875,1600
2013-11-12 00:00:00+09:00,295.15822551985434,295.15822551985434,294.273193359375,294.273193359375,6400
2013-11-13 00:00:00+09:00,294.273193359375,294.273193359375,293.83067727913533,294.273193359375,2400
2013-11-14 00:00:00+09:00,294.2732477543429,296.9283447265625,294.2732477543429,296.9283447265625,2800
2013-11-15 00:00:00+09:00,296.4857177734375,296.4857177734375,296.4857177734375,296.4857177734375,800
2013-11-18 00:00:00+09:00,296.0432434082031,296.0432434082031,292.0605988780479,296.0432434082031,3200
2013-11-19 00:00:00+09:00,296.4857534903067,298.6983337402344,296.4857534903067,298.6983337402344,3600
2013-11-20 00:00:00+09:00,300.910888671875,300.910888671875,300.910888671875,300.910888671875,11400
2013-11-21 00:00:00+09:00,300.46844482421875,300.46844482421875,300.46844482421875,300.46844482421875,400
2013-11-22 00:00:00+09:00,300.4683726591223,300.910888671875,300.4683726591223,300.910888671875,400
2013-11-25 00:00:00+09:00,300.910888671875,300.910888671875,296.48572854434747,300.910888671875,3200
2013-11-26 00:00:00+09:00,300.910888671875,300.910888671875,300.910888671875,300.910888671875,0
2013-11-27 00:00:00+09:00,299.5833688463483,299.5833688463483,297.37078857421875,297.37078857421875,600
2013-11-28 00:00:00+09:00,299.1408996582031,299.1408996582031,299.1408996582031,299.1408996582031,200
2013-11-29 00:00:00+09:00,300.910888671875,300.910888671875,300.4683726591223,300.910888671875,2200
2013-12-02 00:00:00+09:00,302.2384420798643,303.12347412109375,302.2384420798643,303.12347412109375,800
2013-12-03 00:00:00+09:00,304.4510192871094,304.4510192871094,304.4510192871094,304.4510192871094,1400
2013-12-04 00:00:00+09:00,300.0259094238281,300.0259094238281,300.0259094238281,300.0259094238281,2000
2013-12-05 00:00:00+09:00,300.0259094238281,300.0259094238281,300.0259094238281,300.0259094238281,600
2013-12-06 00:00:00+09:00,299.5833933332325,300.0259094238281,298.6983611520413,300.0259094238281,1400
2013-12-09 00:00:00+09:00,304.45102751358695,305.3360595703125,303.1234794284987,305.3360595703125,2200
2013-12-10 00:00:00+09:00,300.91093456296994,305.33609536536653,294.273193359375,294.273193359375,10800
2013-12-11 00:00:00+09:00,296.48572854434747,300.910888671875,296.48572854434747,300.910888671875,400
2013-12-12 00:00:00+09:00,301.7959756656569,303.5660400390625,301.7959756656569,303.5660400390625,400
2013-12-13 00:00:00+09:00,303.5659983716851,304.0085144042969,303.5659983716851,304.0085144042969,800
2013-12-16 00:00:00+09:00,304.0085530274146,304.8935852050781,304.0085530274146,304.8935852050781,4200
2013-12-17 00:00:00+09:00,304.8935852050781,305.3361012939099,302.2384886720876,304.8935852050781,7000
2013-12-18 00:00:00+09:00,304.8936060145607,305.3361221335949,300.46844482421875,300.46844482421875,4600
2013-12-19 00:00:00+09:00,300.910960943253,300.910960943253,298.2558642290478,300.46844482421875,5000
2013-12-20 00:00:00+09:00,300.910888671875,300.910888671875,300.910888671875,300.910888671875,10600
2013-12-24 00:00:00+09:00,296.48572854434747,300.910888671875,295.15818050608914,300.910888671875,2800
2013-12-25 00:00:00+09:00,300.4683903351291,300.4683903351291,291.61806955942575,292.94561767578125,7000
2013-12-26 00:00:00+09:00,296.485799752911,300.46844482421875,296.485799752911,300.46844482421875,1400
2013-12-27 00:00:00+09:00,300.4684193482873,302.6809997558594,294.2731942070855,302.6809997558594,3000
2013-12-30 00:00:00+09:00,307.10611830662634,314.1863746364621,302.680958100479,303.12347412109375,2400
2014-01-06 00:00:00+09:00,318.6115513392857,318.6115513392857,309.76123046875,309.76123046875,2400
2014-01-07 00:00:00+09:00,309.76123046875,311.9738106863839,309.76123046875,309.76123046875,800
2014-01-08 00:00:00+09:00,315.9565124511719,316.3990285750531,315.9565124511719,315.9565124511719,1600
2014-01-09 00:00:00+09:00,317.28401894736123,317.28401894736123,316.39898681640625,316.39898681640625,1000
2014-01-10 00:00:00+09:00,316.3989847013266,316.3989847013266,312.8588562011719,312.8588562011719,1400
2014-01-14 00:00:00+09:00,309.7612428797985,317.7265319824219,309.7612428797985,317.7265319824219,6000
2014-01-15 00:00:00+09:00,316.39896215269357,317.726510245642,313.7438659667969,313.7438659667969,1200
2014-01-16 00:00:00+09:00,316.39899190266925,318.611572265625,315.95647583007815,318.611572265625,2000
2014-01-17 00:00:00+09:00,318.6116171077806,325.2493591308594,318.6116171077806,325.2493591308594,4000
2014-01-20 00:00:00+09:00,326.5768556140718,337.6397572270146,326.5768556140718,334.5421447753906,10200
2014-01-21 00:00:00+09:00,338.52477505332547,338.52477505332547,336.31219482421875,336.31219482421875,3000
2014-01-22 00:00:00+09:00,336.3122060019351,336.3122060019351,335.86968994140625,335.86968994140625,1000
2014-01-23 00:00:00+09:00,336.3122446308311,336.7547607421875,334.0996640740494,336.7547607421875,3800
2014-01-24 00:00:00+09:00,340.7374057443947,340.7374057443947,336.7547607421875,336.7547607421875,2200
2014-01-27 00:00:00+09:00,335.42718302408855,345.16253662109375,334.9846669514974,345.16253662109375,2600
2014-01-28 00:00:00+09:00,350.4727035030242,411.5399169921875,350.4727035030242,411.5399169921875,28400
2014-01-29 00:00:00+09:00,418.17769621938703,418.17769621938703,381.0063454443304,390.74169921875,26200
2014-01-30 00:00:00+09:00,381.8914168508429,381.8914168508429,369.5009653191818,369.9434814453125,2000
2014-01-31 00:00:00+09:00,369.94345404177295,374.8111310686384,363.74822873485334,368.61590576171875,3600
2014-02-03 00:00:00+09:00,348.70269726562503,365.5183095703125,331.8870849609375,331.8870849609375,8800
2014-02-04 00:00:00+09:00,314.62894569396974,354.01287841796875,296.4857856750488,354.01287841796875,8800
2014-02-05 00:00:00+09:00,320.8242136961336,347.37518310546875,320.8242136961336,347.37518310546875,1200
2014-02-06 00:00:00+09:00,347.37506929467867,348.2601013183594,347.37506929467867,348.2601013183594,1000
2014-02-07 00:00:00+09:00,348.7026662050708,353.5703430175781,348.7026662050708,353.5703430175781,2200
2014-02-10 00:00:00+09:00,364.6332337161145,367.288330078125,364.6332337161145,367.288330078125,2800
2014-02-12 00:00:00+09:00,367.288330078125,367.288330078125,367.288330078125,367.288330078125,800
2014-02-13 00:00:00+09:00,362.8631591796875,362.8631591796875,362.8631591796875,362.8631591796875,800
2014-02-14 00:00:00+09:00,362.8631591796875,362.8631591796875,362.8631591796875,362.8631591796875,2200
2014-02-17 00:00:00+09:00,367.288330078125,367.288330078125,367.288330078125,367.288330078125,400
2014-02-18 00:00:00+09:00,360.6506123536949,363.7482249751377,360.6506123536949,361.53564453125,4200
2014-02-19 00:00:00+09:00,359.32306291515704,366.4033203125,359.32306291515704,366.4033203125,800
2014-02-20 00:00:00+09:00,373.04109596946023,375.69619273792614,365.0758056640625,365.0758056640625,8400
2014-02-21 00:00:00+09:00,365.07573643402804,365.07573643402804,364.1907043457031,364.1907043457031,1200
2014-02-24 00:00:00+09:00,367.288330078125,367.288330078125,367.288330078125,367.288330078125,200
2014-02-25 00:00:00+09:00,366.40325855928313,377.0236428653493,366.40325855928313,376.13861083984375,3000
2014-02-26 00:00:00+09:00,373.9260976348443,373.9260976348443,371.71351717546656,373.48358154296875,1000
2014-02-27 00:00:00+09:00,376.1386361206777,376.1386361206777,373.9260559082031,373.9260559082031,400
2014-02-28 00:00:00+09:00,384.54644775390625,384.54644775390625,384.54644775390625,384.54644775390625,1000
2014-03-03 00:00:00+09:00,384.5465331746039,391.6267915529625,378.7938232421875,378.7938232421875,1800
2014-03-04 00:00:00+09:00,365.5183011174916,369.5009460449219,365.5183011174916,369.5009460449219,2000
2014-03-05 00:00:00+09:00,372.5985107421875,372.5985107421875,372.5985107421875,372.5985107421875,200
2014-03-06 00:00:00+09:00,373.48359911701016,373.48359911701016,370.385986328125,370.385986328125,1600
2014-03-07 00:00:00+09:00,370.385986328125,370.385986328125,370.385986328125,370.385986328125,0
2014-03-10 00:00:00+09:00,370.385986328125,370.385986328125,370.385986328125,370.385986328125,0
2014-03-11 00:00:00+09:00,380.12130130481165,382.7763977050781,378.79375310467844,382.7763977050781,1200
2014-03-12 00:00:00+09:00,376.13864061309073,381.0063171386719,374.3685764219703,381.0063171386719,1000
2014-03-13 00:00:00+09:00,374.36860038994917,383.66143798828125,374.36860038994917,383.66143798828125,2000
2014-03-14 00:00:00+09:00,378.3512080182384,378.3512080182384,371.7134675266904,373.041015625,2600
2014-03-17 00:00:00+09:00,373.041015625,373.041015625,371.7134675266904,373.041015625,1000
2014-03-18 00:00:00+09:00,374.3686570773814,376.58123779296875,372.5985925049115,376.58123779296875,4800
2014-03-19 00:00:00+09:00,359.76558452525444,363.7482293723975,354.4553913957304,355.3404235839844,42600
2014-03-20 00:00:00+09:00,353.5703522887411,358.8805453143542,349.58770751953125,349.58770751953125,22800
2014-03-24 00:00:00+09:00,353.57032069135994,354.4553527832031,350.47270836990873,354.4553527832031,4200
2014-03-25 00:00:00+09:00,357.5530299136513,358.8805782920436,353.12786865234375,353.12786865234375,1800
2014-03-26 00:00:00+09:00,346.4900430247054,348.7026231206486,345.6050109863281,345.6050109863281,6000
2014-03-27 00:00:00+09:00,345.6050466289957,354.012851860687,343.8349823696922,347.817626953125,5000
2014-03-28 00:00:00+09:00,354.8979282836144,354.8979282836144,350.915283203125,350.915283203125,2200
2014-03-31 00:00:00+09:00,358.43796889183693,358.43796889183693,354.45532479303876,357.9954528808594,9000
2014-04-01 00:00:00+09:00,357.55302345693406,357.55302345693406,355.3404428662352,355.782958984375,5400
2014-04-02 00:00:00+09:00,358.880512519423,359.3230285644531,356.22541624924236,359.3230285644531,4400
2014-04-03 00:00:00+09:00,359.3231023804754,362.8632314679678,359.3231023804754,362.42071533203125,4000
2014-04-04 00:00:00+09:00,362.42071533203125,362.42071533203125,361.53568306015814,362.42071533203125,5000
2014-04-07 00:00:00+09:00,362.42064087966395,362.42064087966395,359.3230285644531,359.3230285644531,5800
2014-04-08 00:00:00+09:00,359.7655363859954,360.2080524209105,357.9954722463349,358.43798828125,5200
2014-04-09 00:00:00+09:00,355.3404235839844,357.9955201487464,355.3404235839844,355.3404235839844,4200
2014-04-10 00:00:00+09:00,356.22547192201296,357.1105041503906,356.22547192201296,357.1105041503906,1600
2014-04-11 00:00:00+09:00,355.34039521129154,360.2080718580215,354.89787915249786,358.8805236816406,2200
2014-04-14 00:00:00+09:00,359.7655334472656,359.7655334472656,358.8805013846647,359.7655334472656,1800
2014-04-15 00:00:00+09:00,359.76558138182384,359.76558138182384,355.3404204792183,356.66796875,3000
2014-04-16 00:00:00+09:00,358.8805013846647,359.7655334472656,357.55295329076336,359.7655334472656,2800
2014-04-17 00:00:00+09:00,359.76562024107074,360.20813637912863,357.11052341272335,357.55303955078125,5200
2014-04-18 00:00:00+09:00,359.76556903867095,361.9781494140625,357.11047258820105,361.9781494140625,8000
2014-04-21 00:00:00+09:00,362.86314863040127,364.1906967351466,357.9954722463349,358.43798828125,14400
2014-04-22 00:00:00+09:00,360.2081186493482,360.650634765625,356.66798971913346,360.650634765625,4000
2014-04-23 00:00:00+09:00,360.6505655098665,360.6505655098665,357.55295329076336,359.7655334472656,4800
2014-04-24 00:00:00+09:00,360.6505655098665,360.6505655098665,358.43798535336424,359.7655334472656,8000
2014-04-25 00:00:00+09:00,359.7655363859954,361.978116560571,358.43798828125,358.43798828125,5000
2014-04-28 00:00:00+09:00,362.8631456663687,362.8631456663687,359.3230174159652,359.7655334472656,4000
2014-04-30 00:00:00+09:00,364.1907073230278,364.1907073230278,359.76554684522677,362.8631591796875,7600
2014-05-01 00:00:00+09:00,362.8632314679678,362.8632314679678,360.2081346523485,362.42071533203125,4400
2014-05-02 00:00:00+09:00,362.8632153470092,364.19076369583973,360.650634765625,360.650634765625,3600
2014-05-07 00:00:00+09:00,360.650634765625,362.4206992307324,359.76560253307133,360.650634765625,7400
2014-05-08 00:00:00+09:00,360.65061545782066,360.65061545782066,360.2080993652344,360.2080993652344,3800
2014-05-09 00:00:00+09:00,360.6506011888276,361.9781494140625,360.20808511374923,361.9781494140625,6000
2014-05-12 00:00:00+09:00,361.5355975724674,361.5355975724674,359.7655334472656,359.7655334472656,5000
2014-05-13 00:00:00+09:00,360.6505655098665,360.6505655098665,359.7655334472656,359.7655334472656,6800
2014-05-14 00:00:00+09:00,359.7655832726481,360.65061545782066,359.7655832726481,360.2080993652344,3800
2014-05-15 00:00:00+09:00,359.76560253307133,360.650634765625,359.32308641679447,360.650634765625,5000
2014-05-16 00:00:00+09:00,360.650634765625,360.650634765625,359.32308641679447,360.650634765625,6800
2014-05-19 00:00:00+09:00,360.650634765625,360.650634765625,360.2081186493482,360.650634765625,4600
2014-05-20 00:00:00+09:00,360.6505655098665,360.6505655098665,359.3230174159652,359.7655334472656,11600
2014-05-21 00:00:00+09:00,360.2081186493482,360.650634765625,359.76560253307133,360.650634765625,1600
2014-05-22 00:00:00+09:00,360.65061545782066,360.65061545782066,359.7655832726481,360.2080993652344,3000
2014-05-23 00:00:00+09:00,360.650634765625,360.650634765625,360.2081186493482,360.650634765625,3600
2014-05-26 00:00:00+09:00,360.650634765625,362.4206992307324,360.650634765625,360.650634765625,8400
2014-05-27 00:00:00+09:00,360.6506123536949,361.53564453125,360.2080962649174,361.53564453125,7800
2014-05-28 00:00:00+09:00,361.09307861328125,361.09307861328125,360.65056258556893,361.09307861328125,6600
2014-05-29 00:00:00+09:00,361.09307861328125,361.09307861328125,360.65056258556893,361.09307861328125,13600
2014-05-30 00:00:00+09:00,361.09315088190186,361.09315088190186,360.2081186493482,360.650634765625,20600
2014-06-02 00:00:00+09:00,361.9781927675189,365.0758056640625,361.5356766394413,365.0758056640625,10200
2014-06-03 00:00:00+09:00,365.07573347114766,365.51824951171875,364.1907013900055,365.51824951171875,8400
2014-06-04 00:00:00+09:00,365.51828813783214,366.4033203125,364.19073987583033,366.4033203125,9800
2014-06-05 00:00:00+09:00,366.84585742654195,370.385986328125,366.84585742654195,370.385986328125,29800
2014-06-06 00:00:00+09:00,370.8284465581391,373.0410267881996,367.2883181900423,372.5985107421875,41400
2014-06-09 00:00:00+09:00,373.92606625919456,379.2362589161298,371.7134859854715,378.3512268066406,34400
2014-06-10 00:00:00+09:00,378.35125422977904,380.5638346638713,376.13867379568677,379.6788024902344,21600
2014-06-11 00:00:00+09:00,378.3512057849493,397.82191111189405,378.3512057849493,392.51171875,48600
2014-06-12 00:00:00+09:00,392.95427347704583,396.93691814066455,385.87401629727924,393.39678955078125,30000
2014-06-13 00:00:00+09:00,393.3967804770693,398.7069732394144,389.4141359053104,397.3794250488281,18400
2014-06-16 00:00:00+09:00,397.37948598414494,406.2298086118542,397.37948598414494,405.78729248046875,25600
2014-06-17 00:00:00+09:00,407.11479592918704,411.53995675450426,407.11479592918704,407.55731201171875,21200
2014-06-18 00:00:00+09:00,408.44233296491575,410.21239724645386,407.1147847537622,407.99981689453125,16400
2014-06-19 00:00:00+09:00,407.11476247548023,408.88482666015625,406.2297303831422,408.88482666015625,20800
2014-06-20 00:00:00+09:00,407.1148065192321,407.9998387073174,391.18422713369694,398.7070007324219,39600
2014-06-23 00:00:00+09:00,398.26448340164984,403.5746765136719,394.72435466030186,403.5746765136719,24200
2014-06-24 00:00:00+09:00,407.11479087063316,409.3273712557997,402.6896301003002,405.3447265625,20600
2014-06-25 00:00:00+09:00,410.21244892321135,414.1950940583882,406.6723199141653,411.9825134277344,34600
2014-06-26 00:00:00+09:00,382.4592730849805,388.7217641062551,373.5128573403026,378.8807067871094,88200
2014-06-27 00:00:00+09:00,378.43337755318146,378.8806983304311,367.6976788991905,371.2762451171875,28000
2014-06-30 00:00:00+09:00,371.2762440207476,373.5128479003906,369.0396401411045,373.5128479003906,8200
2014-07-01 00:00:00+09:00,373.51291189482714,373.51291189482714,369.0397033691406,369.0397033691406,13200
2014-07-02 00:00:00+09:00,368.59234619140625,370.3816294253451,367.69770457443684,368.59234619140625,8600
2014-07-03 00:00:00+09:00,368.59229697904055,369.4869384765625,368.1449762302796,369.4869384765625,4400
2014-07-04 00:00:00+09:00,371.27629003965654,371.27629003965654,367.6977233886719,367.6977233886719,5200
2014-07-07 00:00:00+09:00,367.6976916902443,369.9342956542969,367.25037089743375,369.9342956542969,6400
2014-07-08 00:00:00+09:00,369.9342909335509,369.9342909335509,367.2503662109375,367.2503662109375,5000
2014-07-09 00:00:00+09:00,367.25038502824754,368.59234745831424,365.9084225981809,366.3557434082031,5400
2014-07-10 00:00:00+09:00,366.8030454238353,370.38161172065315,366.355724636733,367.2503662109375,3600
2014-07-11 00:00:00+09:00,365.9084225981809,366.8030642182253,365.46110178815866,366.3557434082031,4000
2014-07-14 00:00:00+09:00,365.46107833019795,365.46107833019795,364.5664367675781,364.5664367675781,4800
2014-07-15 00:00:00+09:00,364.56644263922,365.46108421624876,363.6718010621912,365.0137634277344,7000
2014-07-16 00:00:00+09:00,366.8030454238353,368.5923285722442,366.355724636733,367.2503662109375,5000
2014-07-17 00:00:00+09:00,371.7236108710296,371.7236108710296,365.90844006317957,367.6977233886719,5600
2014-07-18 00:00:00+09:00,368.5923285722442,368.5923285722442,365.90840384963076,367.2503662109375,2000
2014-07-22 00:00:00+09:00,367.25037915665825,368.1450207623992,365.4610959451764,365.9084167480469,12400
2014-07-23 00:00:00+09:00,366.8030465817919,366.8030465817919,365.0137634277344,365.0137634277344,1800
2014-07-24 00:00:00+09:00,365.0137634277344,368.5923297358494,365.0137634277344,365.0137634277344,3000
2014-07-25 00:00:00+09:00,365.4610900878906,366.8030524749943,365.0137692921894,365.4610900878906,1600
2014-07-28 00:00:00+09:00,365.4610900878906,365.4610900878906,364.5664484964882,365.4610900878906,2000
2014-07-29 00:00:00+09:00,365.4610772109613,366.80303955078125,364.5664356510814,366.80303955078125,4200
2014-07-30 00:00:00+09:00,366.8030465817919,366.8030465817919,365.0137634277344,365.0137634277344,1800
2014-07-31 00:00:00+09:00,365.01377972352856,369.039666999891,365.01377972352856,368.59234619140625,3200
2014-08-01 00:00:00+09:00,368.59234745831424,368.59234745831424,364.5664601681142,366.3557434082031,3400
2014-08-04 00:00:00+09:00,366.3557187708413,366.80303955078125,364.5664356510814,366.80303955078125,7000
2014-08-05 00:00:00+09:00,366.8030465817919,366.8030465817919,364.56644263922,365.0137634277344,2200
2014-08-06 00:00:00+09:00,364.56643088150963,364.56643088150963,364.1191101074219,364.1191101074219,2800
2014-08-07 00:00:00+09:00,364.11907365899833,364.5663943883091,363.6717529296875,363.6717529296875,1400
2014-08-08 00:00:00+09:00,362.77716064453125,363.2244814344752,362.77716064453125,362.77716064453125,1800
2014-08-11 00:00:00+09:00,362.77719838498103,362.77719838498103,360.9879150390625,360.9879150390625,5000
2014-08-12 00:00:00+09:00,360.98787276937355,360.98787276937355,360.0932312011719,360.0932312011719,3000
2014-08-13 00:00:00+09:00,360.0932323455811,360.0932323455811,357.85662841796875,357.85662841796875,5000
2014-08-14 00:00:00+09:00,357.8566048013505,359.1985670693556,356.06732177734375,356.06732177734375,5800
2014-08-15 00:00:00+09:00,356.5146660614014,357.85662841796875,355.62002449035646,357.85662841796875,5000
2014-08-18 00:00:00+09:00,357.85662253598247,358.75126409232246,356.96198097964253,357.4093017578125,4000
2014-08-19 00:00:00+09:00,357.8566459760274,359.1986083984375,355.6200419386772,359.1986083984375,7600
2014-08-20 00:00:00+09:00,359.1985919304614,359.1985919304614,355.6200256347656,355.6200256347656,12200
2014-08-21 00:00:00+09:00,355.6200256347656,356.0673464217276,355.6200256347656,355.6200256347656,5600
2014-08-22 00:00:00+09:00,355.62005031018776,355.62005031018776,355.1727294921875,355.1727294921875,6800
2014-08-25 00:00:00+09:00,355.1727294921875,356.96201276418844,355.1727294921875,355.1727294921875,5600
2014-08-26 00:00:00+09:00,355.1727541987261,355.1727541987261,354.7254333496094,354.7254333496094,1800
2014-08-27 00:00:00+09:00,354.7254333496094,356.0673958969597,353.83079165137576,354.7254333496094,5800
2014-08-28 00:00:00+09:00,356.06732871315694,356.06732871315694,352.4887625954368,354.2780456542969,7600
2014-08-29 00:00:00+09:00,354.2780644284019,354.2780644284019,351.146818909464,353.3834228515625,6200
2014-09-01 00:00:00+09:00,352.93607950637954,352.93607950637954,349.3575134277344,349.3575134277344,5800
2014-09-02 00:00:00+09:00,350.6994992784634,351.1468200683594,349.8048576986714,351.1468200683594,4600
2014-09-03 00:00:00+09:00,351.14679346132516,359.64588782535725,351.14679346132516,356.06732177734375,7200
2014-09-04 00:00:00+09:00,356.06732664797966,360.0932135070649,356.06732664797966,358.7512512207031,3000
2014-09-05 00:00:00+09:00,358.30394920349124,358.7512699890137,357.85662841796875,357.85662841796875,800
2014-09-08 00:00:00+09:00,358.3039480647686,360.0932312011719,356.96198571246606,360.0932312011719,5200
2014-09-09 00:00:00+09:00,359.64594808857095,359.64594808857095,358.3039855957031,358.3039855957031,1800
2014-09-10 00:00:00+09:00,358.3039433141525,360.09322642683236,357.4093017578125,357.4093017578125,4600
2014-09-11 00:00:00+09:00,358.7512512207031,358.7512512207031,358.7512512207031,358.7512512207031,200
2014-09-12 00:00:00+09:00,358.75128963782527,366.8030642182253,358.75128963782527,366.3557434082031,10400
2014-09-16 00:00:00+09:00,366.8030373446913,373.51284900343563,366.8030373446913,371.2762451171875,10000
2014-09-17 00:00:00+09:00,371.7235658944371,373.96016978068525,368.14499967644014,371.2762451171875,16200
2014-09-18 00:00:00+09:00,367.25041995886596,370.38166592684655,367.25041995886596,369.0397033691406,3400
2014-09-19 00:00:00+09:00,367.2503837659521,368.59234619140625,365.01377972352856,368.59234619140625,6000
2014-09-22 00:00:00+09:00,368.59232045368975,371.2762451171875,368.59232045368975,371.2762451171875,9000
2014-09-24 00:00:00+09:00,371.7235764807698,377.0914259606365,371.7235764807698,374.4075012207031,24000
2014-09-25 00:00:00+09:00,374.85479736328125,376.6440804055881,374.40747660270455,374.85479736328125,6000
2014-09-26 00:00:00+09:00,375.3021520967337,379.7753601074219,375.3021520967337,379.7753601074219,13400
2014-09-29 00:00:00+09:00,380.6700166494276,385.5905456542969,380.6700166494276,385.5905456542969,9800
2014-09-30 00:00:00+09:00,384.6958829771798,384.6958829771798,373.0655423290325,379.3280334472656,7600
2014-10-01 00:00:00+09:00,377.98604166521864,379.32800394331997,375.749437868383,377.0914001464844,5200
2014-10-02 00:00:00+09:00,375.74943888443465,377.5387219267415,373.96015584212785,374.85479736328125,7200
2014-10-03 00:00:00+09:00,374.85480698529415,380.22265625,373.51284466911767,380.22265625,7200
2014-10-06 00:00:00+09:00,382.0119687442891,382.45928955078125,378.43340229235196,382.45928955078125,11000
2014-10-07 00:00:00+09:00,382.4592601102941,382.4592601102941,379.32801470588237,380.22265625,3200
2014-10-08 00:00:00+09:00,377.9860051170947,379.32796726543944,374.8547601042904,376.64404296875,8800
2014-10-09 00:00:00+09:00,379.7753684997558,379.7753684997558,375.7494812011719,375.7494812011719,11000
2014-10-10 00:00:00+09:00,375.74945178003367,375.74945178003367,367.69767781331865,373.5128479003906,3800
2014-10-14 00:00:00+09:00,369.0397033691406,375.7495161576704,368.1450616640033,369.0397033691406,3600
2014-10-15 00:00:00+09:00,371.72357764610877,373.51286081167365,370.8289360633263,372.1708984375,5600
2014-10-16 00:00:00+09:00,369.4869609170331,383.8012257467487,369.4869609170331,373.5128479003906,5400
2014-10-17 00:00:00+09:00,373.51287714640296,377.98608525594074,373.51287714640296,375.7494812011719,2600
2014-10-20 00:00:00+09:00,380.2227404413514,382.01202392578125,379.32809869913643,382.01202392578125,12200
2014-10-21 00:00:00+09:00,383.3539357467811,385.1432189941406,383.3539357467811,385.1432189941406,10400
2014-10-22 00:00:00+09:00,385.1432422792291,386.9325256347656,385.1432422792291,386.9325256347656,6800
2014-10-23 00:00:00+09:00,380.22265625,384.6958639705882,379.77533547794116,380.22265625,8400
2014-10-24 00:00:00+09:00,382.459295397607,382.9066162109375,380.67001214428484,382.9066162109375,1200
2014-10-27 00:00:00+09:00,383.35391705668815,386.037841796875,383.35391705668815,386.037841796875,4800
2014-10-28 00:00:00+09:00,386.48518469574253,390.5110720363232,386.0378638801225,390.0637512207031,17400
2014-10-29 00:00:00+09:00,390.95832483300336,393.64224925977453,384.69583450387057,391.85296630859375,20600
2014-10-30 00:00:00+09:00,391.85296630859375,395.87885294875053,389.1690418818225,391.85296630859375,7000
2014-10-31 00:00:00+09:00,391.85296630859375,393.1949285219793,389.1690418818225,391.85296630859375,4200
2014-11-04 00:00:00+09:00,390.0637453694568,392.30034941400646,385.1432164714476,389.6164245605469,8000
2014-11-05 00:00:00+09:00,389.6164245605469,395.8789158852859,387.37982051599727,389.6164245605469,13000
2014-11-06 00:00:00+09:00,389.61642206648827,394.0896301269531,389.61642206648827,394.0896301269531,2600
2014-11-07 00:00:00+09:00,391.4056936357344,393.1949768066406,389.1690896721016,393.1949768066406,14800
2014-11-10 00:00:00+09:00,390.0637453694568,390.95838698727664,388.72178294272703,389.6164245605469,5000
2014-11-11 00:00:00+09:00,391.405698269774,396.3262270480226,391.405698269774,395.87890625,25200
2014-11-12 00:00:00+09:00,397.2208509380315,397.2208509380315,391.4056808229477,394.53692626953125,18800
2014-11-13 00:00:00+09:00,391.40570529067423,396.3262341571856,386.9324972302094,394.0896301269531,33600
2014-11-14 00:00:00+09:00,390.95841627854566,401.2467956542969,390.95841627854566,401.2467956542969,8800
2014-11-17 00:00:00+09:00,402.5887145996094,404.8253185696072,402.5887145996094,402.5887145996094,16800
2014-11-18 00:00:00+09:00,403.4833216128142,411.53509521484375,403.4833216128142,411.53509521484375,17200
2014-11-19 00:00:00+09:00,411.5351315973636,412.87709398300717,409.298527621291,411.9824523925781,8000
2014-11-20 00:00:00+09:00,416.90294130702705,419.58686582187914,416.00829980207635,418.2449035644531,19000
2014-11-21 00:00:00+09:00,420.4815553530618,431.2172546386719,420.4815553530618,431.2172546386719,25600
2014-11-25 00:00:00+09:00,469.6868663630323,498.3153991699219,461.63509151109463,498.3153991699219,251400
2014-11-26 00:00:00+09:00,511.73507106050533,572.5707088788871,479.9752895523796,546.6260986328125,163400
2014-11-27 00:00:00+09:00,558.2564117431641,603.8831377029419,558.2564117431641,572.5706787109375,149400
2014-11-28 00:00:00+09:00,571.6760232796346,602.541160686751,534.5483942246974,594.9367065429688,154200
2014-12-01 00:00:00+09:00,594.9366145347482,594.9366145347482,559.1509535101017,569.4393310546875,51200
2014-12-02 00:00:00+09:00,564.5187513238886,567.6499963787754,557.8089404919882,560.940185546875,21000
2014-12-03 00:00:00+09:00,565.8607719962234,594.9366219406934,557.8089981654471,593.1473388671875,26200
2014-12-04 00:00:00+09:00,598.9624729965673,598.9624729965673,559.1509269945549,590.46337890625,23200
2014-12-05 00:00:00+09:00,599.409919656733,670.5339325115244,598.5152779856036,665.6134033203125,88400
2014-12-08 00:00:00+09:00,665.6134237211044,696.92588317035,648.6152314486568,653.0884399414062,68800
2014-12-09 00:00:00+09:00,661.5874103156888,666.0606179581207,635.1954852253401,657.5615234375,24000
2014-12-10 00:00:00+09:00,666.5079880731403,703.6356142543957,666.5079880731403,703.1882934570312,148800
2014-12-11 00:00:00+09:00,667.4025276169053,697.3730164576109,649.0623777293094,681.2694702148438,75400
2014-12-12 00:00:00+09:00,699.1624062807505,715.7132757832379,694.6891983071052,703.1882934570312,81200
2014-12-15 00:00:00+09:00,703.1882786875912,773.8649631867256,702.7409578996219,767.1551513671875,124800
2014-12-16 00:00:00+09:00,773.8648711449338,848.1201131160661,719.739062238265,751.051513671875,154000
2014-12-17 00:00:00+09:00,751.0516830705915,796.2310874720982,693.7946161063057,782.8114624023438,67600
2014-12-18 00:00:00+09:00,800.7042659551845,800.7042659551845,769.3918086273281,780.5748291015625,53800
2014-12-19 00:00:00+09:00,772.9703921178343,773.8650337753782,742.5525757613456,772.5230712890625,29400
2014-12-22 00:00:00+09:00,782.3640534942364,782.3640534942364,768.9444299351585,776.1015625,44800
2014-12-24 00:00:00+09:00,776.101686959832,799.8096923828125,733.6062055412822,799.8096923828125,71600
2014-12-25 00:00:00+09:00,799.8095882825978,799.8095882825978,769.3917739631254,777.890869140625,34800
2014-12-26 00:00:00+09:00,795.7836110498998,827.5433841721837,785.4952338412727,826.6487426757812,150400
2014-12-29 00:00:00+09:00,818.5970453498069,1005.5771354898175,785.9426276937763,995.2887573242188,487000
2014-12-30 00:00:00+09:00,981.8689946804708,1218.9489797286028,921.0333758756672,1173.322265625,203800
2015-01-05 00:00:00+09:00,1173.322646320681,1173.322646320681,1001.5514316096093,1014.076416015625,147000
2015-01-06 00:00:00+09:00,989.9209679770809,1002.8932716695053,939.8210364753036,943.846923828125,56400
2015-01-07 00:00:00+09:00,939.3738130645963,979.6326907673647,934.9006044309554,970.2389526367188,48800
2015-01-08 00:00:00+09:00,970.2388084576079,974.7120164265226,943.8468814410109,954.5825805664062,19600
2015-01-09 00:00:00+09:00,942.0575438607513,971.5807147509742,878.5379943696654,904.0352783203125,30600
2015-01-13 00:00:00+09:00,908.0612675556636,908.0612675556636,845.4363525518247,855.7247314453125,36600
2015-01-14 00:00:00+09:00,846.7781805129277,903.5879158141121,845.4362182617188,845.4362182617188,24200
2015-01-15 00:00:00+09:00,845.4363295611213,851.251500081912,796.2310405390455,821.281005859375,27400
2015-01-16 00:00:00+09:00,817.2549992624507,844.9888853895837,782.8113019755275,830.6746215820312,30200
2015-01-19 00:00:00+09:00,823.9649299054107,823.9649299054107,789.5212276238055,811.8872680664062,10200
2015-01-20 00:00:00+09:00,794.44175324366,809.6506606818832,794.44175324366,806.9667358398438,12200
2015-01-21 00:00:00+09:00,814.1237534546918,819.4916023785689,796.230923708435,802.9407348632812,10000
2015-01-22 00:00:00+09:00,785.048015463974,813.2292262755013,785.048015463974,797.572998046875,6800
2015-01-23 00:00:00+09:00,800.7042309154164,800.7042309154164,785.0480029366233,787.2846069335938,6200
2015-01-26 00:00:00+09:00,788.179155923557,790.4157596577328,782.811306961535,789.5211181640625,12000
2015-01-27 00:00:00+09:00,789.5212868782987,807.8614414176814,785.0480784540591,802.4935913085938,9600
2015-01-28 00:00:00+09:00,787.2846497670179,832.0167321401439,787.2846497670179,827.9908447265625,17600
2015-01-29 00:00:00+09:00,827.9908483244926,854.3827770393198,804.7301653893907,842.3051147460938,31400
2015-01-30 00:00:00+09:00,874.5120832610619,874.5120832610619,840.9630263584636,851.2514038085938,21600
2015-02-02 00:00:00+09:00,851.2514503975592,851.2514503975592,803.8354473801439,831.5693359375,15800
2015-02-03 00:00:00+09:00,831.5693560451931,836.0425639851888,805.1774291992188,805.1774291992188,9400
2015-02-04 00:00:00+09:00,814.1238226966669,820.8336344221889,802.9408031541303,812.7818603515625,13200
2015-02-05 00:00:00+09:00,812.7818567016196,812.7818567016196,806.9666865656146,807.861328125,3200
2015-02-06 00:00:00+09:00,807.8613421787012,813.2291916283936,800.7042095791113,804.2827758789062,6600
2015-02-09 00:00:00+09:00,785.0479852670799,798.020288157533,747.4730389636983,762.6819458007812,19200
2015-02-10 00:00:00+09:00,748.367754002136,759.5507748330108,740.3159790039062,740.3159790039062,19200
2015-02-12 00:00:00+09:00,757.7614182411841,760.4453429811175,738.0793034816728,748.8150024414062,8600
2015-02-13 00:00:00+09:00,760.445386554123,804.2828264848902,755.9721783979223,780.1275024414062,24800
2015-02-16 00:00:00+09:00,780.1275146346209,796.2310642486382,760.8927192623222,790.4158935546875,13800
2015-02-17 00:00:00+09:00,790.4158617971175,802.4935235223705,788.1792577739225,792.6524658203125,3200
2015-02-18 00:00:00+09:00,798.4675097465515,805.1773207528252,793.9943024090359,801.5987548828125,12600
2015-02-19 00:00:00+09:00,805.1774291992188,805.1774291992188,787.2845974392361,805.1774291992188,10200
2015-02-20 00:00:00+09:00,805.1774790943684,820.8337078545368,805.1774790943684,813.6765747070312,11200
2015-02-23 00:00:00+09:00,814.1238190406976,814.1238190406976,804.2827618874585,807.861328125,6600
2015-02-24 00:00:00+09:00,809.6506324181189,814.1238403320312,793.994404719426,814.1238403320312,8200
2015-02-25 00:00:00+09:00,796.2309060777937,814.1237354278564,796.2309060777937,801.5987548828125,4200
2015-02-26 00:00:00+09:00,796.678334113227,805.1774291992188,796.2310133192275,805.1774291992188,7000
2015-02-27 00:00:00+09:00,805.1773385815634,827.5433757643846,796.6782444520913,802.9407348632812,25000
2015-03-02 00:00:00+09:00,803.3881322717154,832.4639833839991,803.3881322717154,832.0166625976562,11000
2015-03-03 00:00:00+09:00,832.0166567206832,832.0166567206832,816.3604293092725,831.5693359375,5000
2015-03-04 00:00:00+09:00,818.5970893947557,827.543505672294,814.5712020698635,817.255126953125,4200
2015-03-05 00:00:00+09:00,817.2550650967207,834.2532547374844,816.3604235366805,831.1220092773438,4600
2015-03-06 00:00:00+09:00,834.2532910415285,843.6470278307361,825.3068750518071,843.19970703125,11800
2015-03-09 00:00:00+09:00,842.7523152327337,851.69873046875,827.9907300933069,851.69873046875,5800
2015-03-10 00:00:00+09:00,851.698681640625,912.5343017578125,845.8835120705997,912.5343017578125,49600
2015-03-11 00:00:00+09:00,914.7709940509911,914.7709940509911,876.748727794593,882.1165771484375,35000
2015-03-12 00:00:00+09:00,894.641528735767,894.641528735767,882.1165473334662,893.7468872070312,13600
2015-03-13 00:00:00+09:00,908.0611636352539,908.0611636352539,893.7468989868164,894.6415405273438,39000
2015-03-16 00:00:00+09:00,1095.93602747157,1095.93602747157,975.606724863467,987.6843872070312,138000
2015-03-17 00:00:00+09:00,995.2887881609893,1017.6548283443823,961.7397278858998,983.658447265625,41200
2015-03-18 00:00:00+09:00,1006.0243987829507,1006.0243987829507,980.0797944568452,986.34228515625,13000
2015-03-19 00:00:00+09:00,984.105736374206,991.262869002382,976.5012829567689,985.89501953125,15800
2015-03-20 00:00:00+09:00,985.8949836056668,999.3146067944916,982.763738194941,997.0780029296875,26000
2015-03-23 00:00:00+09:00,1014.9708391516043,1014.9708391516043,1001.1038951173603,1011.3922729492188,9600
2015-03-24 00:00:00+09:00,1011.3924907857645,1018.5496247320591,1002.8933942245395,1014.076416015625,11600
2015-03-25 00:00:00+09:00,1019.8914966532659,1019.8914966532659,1011.392400847822,1011.8397216796875,9600
2015-03-26 00:00:00+09:00,1014.5235301421149,1014.5235301421149,895.5362025328545,914.77099609375,20600
2015-03-27 00:00:00+09:00,968.8967601507482,984.1056658964201,934.9003826015992,952.793212890625,31400
2015-03-30 00:00:00+09:00,1006.4718716973019,1015.4182883346112,958.1612218558314,1011.8397216796875,28300
2015-03-31 00:00:00+09:00,1011.8396558207851,1136.19483898532,1011.8396558207851,1109.3555908203125,33300
2015-04-01 00:00:00+09:00,1163.034074858757,1163.034074858757,1052.9931585451977,1108.4609375,42300
2015-04-02 00:00:00+09:00,1118.3020823286395,1129.0377823189942,1073.5699990354938,1086.9896240234375,27400
2015-04-03 00:00:00+09:00,1086.9896295951116,1086.9896295951116,1049.4146794362682,1078.043212890625,24800
2015-04-06 00:00:00+09:00,1078.9378130165696,1086.9895877405738,1061.0449802965602,1065.5181884765625,13600
2015-04-07 00:00:00+09:00,1072.675154926621,1079.8322869027786,1046.7305515130497,1052.9930419921875,24500
2015-04-08 00:00:00+09:00,1053.8878472085564,1073.5699632005667,1046.7307141205526,1065.5181884765625,14100
2015-04-09 00:00:00+09:00,1065.518223441426,1072.6753567642902,1060.1503734492776,1068.2021484375,9200
2015-04-10 00:00:00+09:00,1059.2557311647486,1067.3075061482643,1043.1521811977168,1049.4146728515625,18800
2015-04-13 00:00:00+09:00,1040.468209820593,1048.5199844451722,1011.8396778220902,1045.8360595703125,30700
2015-04-14 00:00:00+09:00,1044.0466746985394,1044.0466746985394,1018.1020701002038,1028.8377685546875,14700
2015-04-15 00:00:00+09:00,1015.4180552344441,1042.2572989851342,1008.2609235675933,1012.734130859375,16400
2015-04-16 00:00:00+09:00,1010.0504267059597,1015.418276626452,995.7361602513137,1010.945068359375,14200
2015-04-17 00:00:00+09:00,1010.050499773455,1010.050499773455,988.5790985382355,993.0523071289062,18300
2015-04-20 00:00:00+09:00,993.0521992964512,1013.6289565791704,987.6843495705244,989.4736328125,17000
2015-04-21 00:00:00+09:00,989.473664195627,996.630797390532,976.9486811045431,977.8433227539062,16000
2015-04-22 00:00:00+09:00,993.9468628683209,1015.4182622462143,943.8469309865693,1014.5236206054688,15900
2015-04-23 00:00:00+09:00,1002.8930883204683,1019.8912762581034,1002.8930883204683,1009.1555786132812,8800
2015-04-24 00:00:00+09:00,1001.9983668288704,1015.4179878131856,990.3680286424639,993.9465942382812,21100
2015-04-27 00:00:00+09:00,1010.9450369507726,1010.9450369507726,945.6361982805015,980.5272216796875,23100
2015-04-28 00:00:00+09:00,997.5253009617217,997.5253009617217,943.8468094301492,953.6878662109375,44700
2015-04-30 00:00:00+09:00,953.687990927449,961.7397657101386,946.5308577872806,949.2147827148438,18900
2015-05-01 00:00:00+09:00,961.7396378717503,969.791411584165,946.5307319705227,958.1610717773438,20000
2015-05-07 00:00:00+09:00,957.2665416965996,967.1075996018917,917.0076684476771,934.005859375,27900
2015-05-08 00:00:00+09:00,921.4808803908563,928.6380134424359,894.6416314474334,906.27197265625,39700
2015-05-11 00:00:00+09:00,907.1666358266165,937.5844520180415,907.1666358266165,931.3219604492188,16500
2015-05-12 00:00:00+09:00,942.952428869299,976.0541744747677,932.2167275918496,959.9506225585938,24300
2015-05-13 00:00:00+09:00,964.4237095137182,988.5790343345628,962.6344261936557,978.7379760742188,32100
2015-05-14 00:00:00+09:00,978.7378147588712,978.7378147588712,948.3200033312646,957.2664184570312,15200
2015-05-15 00:00:00+09:00,975.159181375108,993.9466518419679,956.3717109082481,970.6859741210938,20100
2015-05-18 00:00:00+09:00,966.2129416725852,988.5789819890803,966.2129416725852,984.1057739257812,12300
2015-05-19 00:00:00+09:00,983.2110879295301,999.3146362304688,983.2110879295301,999.3146362304688,26600
2015-05-20 00:00:00+09:00,999.3145242149238,1007.3662974628506,991.2627509669969,1004.682373046875,18000
2015-05-21 00:00:00+09:00,1006.47171921295,1019.8913421357893,997.5253039310571,1000.209228515625,16700
2015-05-22 00:00:00+09:00,1008.2612733975262,1019.891616391464,1002.8934227849396,1016.3130493164062,7300
2015-05-25 00:00:00+09:00,1019.8914277241491,1037.784259789485,1019.8914277241491,1025.25927734375,10000
2015-05-26 00:00:00+09:00,1031.5217402572234,1035.9949481507933,1025.2592492062256,1032.4163818359375,15900
2015-05-27 00:00:00+09:00,1040.4681914518285,1040.4681914518285,1025.259284096127,1035.100341796875,16400
2015-05-28 00:00:00+09:00,1046.7307594728227,1053.8878928709275,1040.468267749481,1050.309326171875,13000
2015-05-29 00:00:00+09:00,1053.8878694605908,1064.6235693192725,1044.0468112567992,1048.52001953125,15400
2015-06-01 00:00:00+09:00,1044.0466662284655,1047.6252323509282,1030.6270432692306,1046.7305908203125,20400
2015-06-02 00:00:00+09:00,1046.7305950296336,1046.7305950296336,1035.9948966190734,1037.7841796875,14600
2015-06-03 00:00:00+09:00,1039.5734627559268,1042.2573873585668,1036.8895381532866,1037.7841796875,8700
2015-06-04 00:00:00+09:00,1042.2574345434655,1042.2574345434655,1038.6788682446038,1041.36279296875,8600
2015-06-05 00:00:00+09:00,1039.573509819319,1043.1520761181807,1039.573509819319,1041.36279296875,9900
2015-06-08 00:00:00+09:00,1035.9950593756655,1055.6771762204537,1035.9950593756655,1050.309326171875,12100
2015-06-09 00:00:00+09:00,1050.3091094604283,1051.203750950599,1042.2573360488918,1043.1519775390625,15300
2015-06-10 00:00:00+09:00,1043.1521113247777,1050.3092441640558,1035.9949784854998,1044.0467529296875,14800
2015-06-11 00:00:00+09:00,1045.8359610592577,1051.20381030336,1044.941319518574,1047.625244140625,13000
2015-06-12 00:00:00+09:00,1046.7307710688165,1055.6771879155585,1046.7307710688165,1051.2039794921875,27800
2015-06-15 00:00:00+09:00,1051.2039561812328,1051.2039561812328,1046.7307478570572,1049.4146728515625,16300
2015-06-16 00:00:00+09:00,1049.414684497112,1054.7825345456906,1047.6254011475858,1050.309326171875,12000
2015-06-17 00:00:00+09:00,1054.7824521886046,1055.6770937935144,1044.0467529296875,1044.0467529296875,16200
2015-06-18 00:00:00+09:00,1043.1523023793395,1043.1523023793395,1011.839840472584,1016.3130493164062,23200
2015-06-19 00:00:00+09:00,1021.6806362516984,1042.257391622792,1018.1020701002038,1028.8377685546875,15500
2015-06-22 00:00:00+09:00,1030.627232142857,1041.3629324776784,1028.8379487537202,1033.3111572265625,24800
2015-06-23 00:00:00+09:00,1033.311065255779,1045.83604786494,1033.311065255779,1044.94140625,25100
2015-06-24 00:00:00+09:00,1045.8361061922221,1054.7825228405732,1044.046822862552,1049.4146728515625,35400
2015-06-25 00:00:00+09:00,1033.3110542531394,1036.8896206747954,1020.7860717773438,1020.7860717773438,174100
2015-06-26 00:00:00+09:00,1001.4239753983393,1028.4408092669996,986.1144362060985,1003.22509765625,78100
2015-06-29 00:00:00+09:00,960.8987045916307,998.7222712203547,960.8987045916307,984.3132934570312,29000
2015-06-30 00:00:00+09:00,969.9043052759063,978.0093551807189,942.8874722598644,961.7992553710938,28600
2015-07-01 00:00:00+09:00,955.495384970864,998.7223203889616,954.5948238163204,983.4127807617188,21400
2015-07-02 00:00:00+09:00,986.1144516033169,994.2195018904674,975.3077178871162,982.51220703125,9800
2015-07-03 00:00:00+09:00,982.5121884652071,983.4127495912064,968.1032104492188,968.1032104492188,14100
2015-07-06 00:00:00+09:00,968.1032002766927,968.1032002766927,945.5891723632812,945.5891723632812,12600
2015-07-07 00:00:00+09:00,965.401506052343,981.611605967401,957.2964560948141,975.3076782226562,10300
2015-07-08 00:00:00+09:00,981.6116785660885,982.5122397390849,941.08642578125,941.08642578125,17200
2015-07-09 00:00:00+09:00,923.0751988507699,974.4071855185689,904.1634142889493,932.080810546875,17800
2015-07-10 00:00:00+09:00,937.4841994422088,947.3903725391006,919.4729756296783,924.8763427734375,20000
2015-07-13 00:00:00+09:00,929.3790747213085,932.0807580780564,866.3397963971887,923.9757080078125,21800
2015-07-14 00:00:00+09:00,990.6172573184006,996.0206241765009,970.8049121720325,982.51220703125,24300
2015-07-15 00:00:00+09:00,974.4072486124447,989.716789487132,959.0977077377576,967.2027587890625,16500
2015-07-16 00:00:00+09:00,954.594911100719,978.9100644966807,914.9702166776702,959.0977172851562,10100
2015-07-17 00:00:00+09:00,972.6059801532033,978.9099078023445,961.7992470403899,969.904296875,6600
2015-07-21 00:00:00+09:00,972.6060180664062,973.5065791942454,969.9043346828884,972.6060180664062,4900
2015-07-22 00:00:00+09:00,969.0038879683797,989.7167963543209,946.4898571140958,950.0921020507812,9000
2015-07-23 00:00:00+09:00,953.6941969194485,953.6941969194485,936.5835361626312,943.7880249023438,7900
2015-07-24 00:00:00+09:00,943.7881344391715,951.8931852120269,942.8875732421875,942.8875732421875,8300
2015-07-27 00:00:00+09:00,942.8875337073846,942.8875337073846,935.6830444335938,935.6830444335938,6900
2015-07-28 00:00:00+09:00,932.9813752242823,959.0976492411783,932.9813752242823,941.08642578125,10600
2015-07-29 00:00:00+09:00,941.0864132117495,943.788096694654,931.1802404410995,940.1858520507812,6600
2015-07-30 00:00:00+09:00,930.2796524327424,954.5948030771607,930.2796524327424,933.8818969726562,9000
2015-07-31 00:00:00+09:00,933.8819752228566,971.7055460611979,933.8819752228566,948.2909545898438,8000
2015-08-03 00:00:00+09:00,945.5893655019263,988.8163079248716,945.5893655019263,986.1146240234375,18400
2015-08-04 00:00:00+09:00,989.7167285463345,1008.6285131682389,987.0150450289195,1002.3245849609375,18200
2015-08-05 00:00:00+09:00,990.6174161941179,1028.4409902669843,990.6174161941179,1024.8387451171875,18300
2015-08-06 00:00:00+09:00,1018.5346716062528,1032.9436501612483,1009.5290600093805,1027.540283203125,12100
2015-08-07 00:00:00+09:00,1009.5289649462762,1036.5457971928313,1009.5289649462762,1029.34130859375,19700
2015-08-10 00:00:00+09:00,1026.639867692086,1026.639867692086,1008.6286419431019,1024.8387451171875,14100
2015-08-11 00:00:00+09:00,1024.8386654490964,1024.8386654490964,990.6173391862969,1005.9268798828125,10900
2015-08-12 00:00:00+09:00,1005.9267642867641,1005.9267642867641,992.4183475774521,993.3189086914062,3100
2015-08-13 00:00:00+09:00,990.6172718475815,996.9211999411569,975.3077321917552,987.9155883789062,5800
2015-08-14 00:00:00+09:00,987.915600941698,1012.2307524689777,982.5122339356359,988.816162109375,3700
2015-08-17 00:00:00+09:00,990.6172253495438,996.9211531472228,957.296464133241,993.3189086914062,7400
2015-08-18 00:00:00+09:00,1011.3303460257393,1011.3303460257393,1005.0264168875558,1008.628662109375,2900
2015-08-19 00:00:00+09:00,1005.9267838504336,1005.9267838504336,973.5065831175638,981.6116333007812,5900
2015-08-20 00:00:00+09:00,981.6117777092841,990.6173903488187,974.4072875976562,974.4072875976562,8100
2015-08-21 00:00:00+09:00,974.407159864288,977.1088433019893,959.9981815298808,960.8987426757812,9600
2015-08-24 00:00:00+09:00,945.5892501578475,959.0976680172453,919.4729756296783,924.8763427734375,16200
2015-08-25 00:00:00+09:00,914.0695579227953,919.4729247676592,869.0415008822636,890.6549682617188,14700
2015-08-26 00:00:00+09:00,919.472900390625,947.3902950156097,882.5498945962904,919.472900390625,13500
2015-08-27 00:00:00+09:00,954.5947707824415,961.7992596185354,921.2740099155072,944.6885986328125,9300
2015-08-28 00:00:00+09:00,944.6885986328125,957.2964540959767,941.0863542147655,944.6885986328125,6200
2015-08-31 00:00:00+09:00,944.6886390245473,986.1144516033169,928.4785384502463,982.51220703125,4600
2015-09-01 00:00:00+09:00,981.6116767296423,981.6116767296423,933.8819346501276,936.5836181640625,10700
2015-09-02 00:00:00+09:00,932.0808051614201,954.5948342715993,913.1690207088695,918.5723876953125,7100
2015-09-03 00:00:00+09:00,918.5723894817073,949.1914691310975,918.5723894817073,923.0751953125,4900
2015-09-04 00:00:00+09:00,947.3903129478751,947.3903129478751,901.4616951148507,903.2628173828125,9200
2015-09-07 00:00:00+09:00,900.5612473689466,945.5893097373939,889.7545124005193,915.8707885742188,9500
2015-09-08 00:00:00+09:00,915.870693137429,915.870693137429,884.3510527639678,891.5555419921875,7500
2015-09-09 00:00:00+09:00,907.765581203781,945.5891470872718,907.765581203781,943.7880249023438,6900
2015-09-10 00:00:00+09:00,942.8875083224408,942.8875083224408,904.1633795183673,933.8818969726562,5700
2015-09-11 00:00:00+09:00,909.5667672412158,942.8875300015375,909.5667672412158,926.6774291992188,16000
2015-09-14 00:00:00+09:00,942.887550233856,942.887550233856,909.566786758543,914.9701538085938,2700
2015-09-15 00:00:00+09:00,904.1634896638618,968.1033380365054,904.1634896638618,946.4898681640625,12300
2015-09-16 00:00:00+09:00,962.6997761276533,962.6997761276533,949.1913601857311,954.5947265625,3000
2015-09-17 00:00:00+09:00,958.1971341121564,967.2027462748646,954.5948892470731,966.3021850585938,5500
2015-09-18 00:00:00+09:00,949.1915670563722,958.1971796470399,938.384831947571,956.3960571289062,3600
2015-09-24 00:00:00+09:00,956.3959732425664,969.0038297636548,923.9757707597676,928.4785766601562,11400
2015-09-25 00:00:00+09:00,928.4785432388533,971.7054783265982,928.4785432388533,965.4015502929688,6000
2015-09-28 00:00:00+09:00,945.5892551883397,945.5892551883397,901.4617566128838,938.384765625,6300
2015-09-29 00:00:00+09:00,932.0809176564217,932.0809176564217,908.6663245558739,922.1747436523438,2900
2015-09-30 00:00:00+09:00,922.17458374143,929.3790726769099,918.57233927369,919.472900390625,3200
2015-10-01 00:00:00+09:00,927.5779993393842,932.0808051614201,918.5723876953125,918.5723876953125,3800
2015-10-02 00:00:00+09:00,914.0696411132812,932.9814267914871,913.1690798905096,914.0696411132812,3200
2015-10-05 00:00:00+09:00,927.5780154800785,946.4898002617111,927.5780154800785,928.4785766601562,9100
2015-10-06 00:00:00+09:00,936.5836181640625,948.2909133911132,933.8819346501276,936.5836181640625,10600
2015-10-07 00:00:00+09:00,945.589283910291,952.7937736924646,910.4673962221945,914.0696411132812,8200
2015-10-08 00:00:00+09:00,912.2684702835684,923.9757655586784,911.36790910856,914.9701538085938,4600
2015-10-09 00:00:00+09:00,914.0695336890151,919.472900390625,914.0695336890151,919.472900390625,5100
2015-10-13 00:00:00+09:00,914.0694997976492,932.0807214685389,899.6605224609375,899.6605224609375,13100
2015-10-14 00:00:00+09:00,900.561169787244,905.0639756361802,898.7600474476695,901.4617309570312,9800
2015-10-15 00:00:00+09:00,901.4617095433094,921.2740548079976,901.4617095433094,908.6661987304688,5000
2015-10-16 00:00:00+09:00,932.0808910268597,934.7825747689666,912.2685435847429,915.8707885742188,5100
2015-10-19 00:00:00+09:00,910.4672912240725,927.5779524834765,909.5667301051565,923.9757080078125,3200
2015-10-20 00:00:00+09:00,923.9757274089184,929.3790942358712,901.4616989632821,912.2684326171875,9100
2015-10-21 00:00:00+09:00,905.964590108336,914.0696411132812,901.4617839944774,914.0696411132812,5100
2015-10-22 00:00:00+09:00,904.1634108231707,923.0751953125,904.1634108231707,923.0751953125,3600
2015-10-23 00:00:00+09:00,927.5780011432927,927.5780011432927,903.2628496570121,923.0751953125,8900
2015-10-26 00:00:00+09:00,923.0750756124847,928.478441908753,914.0694651187044,927.577880859375,7700
2015-10-27 00:00:00+09:00,936.5836557331615,941.987022977776,936.5836557331615,939.2853393554688,12000
2015-10-28 00:00:00+09:00,951.8931121261031,972.6060180664062,938.3846952085141,972.6060180664062,19500
2015-10-29 00:00:00+09:00,975.307774637116,981.6117030050383,927.5780312799903,938.384765625,13000
2015-10-30 00:00:00+09:00,950.9925537109375,972.6060208407315,946.489748058897,950.9925537109375,6700
2015-11-02 00:00:00+09:00,951.8931994315905,953.6943218524639,947.390393379407,948.2909545898438,6700
2015-11-04 00:00:00+09:00,963.6004222916789,963.6004222916789,941.0863937334622,951.8931274414062,5600
2015-11-05 00:00:00+09:00,956.3961089747546,970.805089900928,941.0865667406955,969.0039672851562,10800
2015-11-06 00:00:00+09:00,970.8048371345766,977.1087646484375,970.8048371345766,977.1087646484375,8800
2015-11-09 00:00:00+09:00,977.109016418457,1032.9438173566546,976.2084551130022,1008.628662109375,20500
2015-11-10 00:00:00+09:00,1008.6285941615453,1032.0431865260098,954.5949194743196,1025.7392578125,18200
2015-11-11 00:00:00+09:00,1035.6452807099574,1043.750330732905,1017.6340584367408,1019.4351806640625,16800
2015-11-12 00:00:00+09:00,1035.6455078125,1040.1483143682065,1026.6398947010869,1035.6455078125,15500
2015-11-13 00:00:00+09:00,1020.3357745985431,1039.24755859375,1020.3357745985431,1039.24755859375,6700
2015-11-16 00:00:00+09:00,1031.1425314604148,1039.2475819260426,1031.1425314604148,1036.5458984375,7300
2015-11-17 00:00:00+09:00,1040.14794921875,1040.14794921875,1032.9434612587934,1040.14794921875,9800
2015-11-18 00:00:00+09:00,1040.1480965049698,1042.8497798725152,1034.744729769879,1041.94921875,8100
2015-11-19 00:00:00+09:00,1041.0488045324632,1043.75048828125,1035.64543703489,1043.75048828125,8800
2015-11-20 00:00:00+09:00,1042.8499506650087,1044.6510732050174,1031.1426541549524,1041.048828125,12900
2015-11-24 00:00:00+09:00,1041.0486615989182,1050.954833984375,1039.247539347017,1050.954833984375,11000
2015-11-25 00:00:00+09:00,1053.6565425928277,1055.4576648878583,1035.645319642523,1052.7559814453125,10300
2015-11-26 00:00:00+09:00,1054.5570531493092,1054.5570531493092,1043.7503198975658,1049.1536865234375,3300
2015-11-27 00:00:00+09:00,1049.1538571492094,1052.7561021522968,1035.6454383876317,1048.2532958984375,10600
2015-11-30 00:00:00+09:00,1038.3470509150256,1053.6565911279965,1038.3470509150256,1051.85546875,7700
2015-12-01 00:00:00+09:00,1052.7560550005007,1053.6566162109375,1044.6510041065706,1053.6566162109375,4900
2015-12-02 00:00:00+09:00,972.6059500433252,1017.6340032860717,954.5947287462266,1006.8272705078125,66100
2015-12-03 00:00:00+09:00,991.5176554890422,1050.9546811586852,991.5176554890422,1040.14794921875,22000
2015-12-04 00:00:00+09:00,1035.645384143013,1035.645384143013,1022.1369660889737,1031.142578125,6200
2015-12-07 00:00:00+09:00,1026.639867692086,1037.4466031414763,1022.1370612548399,1024.8387451171875,8700
2015-12-08 00:00:00+09:00,990.6172253495438,1004.1256420588558,986.1144197797731,993.3189086914062,35700
2015-12-09 00:00:00+09:00,987.0150000895928,990.6172446154673,954.594799356723,981.6116333007812,9400
2015-12-10 00:00:00+09:00,965.4015236637307,987.0149906114261,932.0807621193668,932.9813232421875,10800
2015-12-11 00:00:00+09:00,920.373504726788,941.0864113889369,920.373504726788,935.6830444335938,14700
2015-12-14 00:00:00+09:00,933.8818969726562,938.3847026475485,920.3734799479795,933.8818969726562,6600
2015-12-15 00:00:00+09:00,933.8819546797027,934.7825158703292,923.0752203921844,924.8763427734375,5300
2015-12-16 00:00:00+09:00,925.7769180992104,936.5836525517304,925.7769180992104,930.2797241210938,7600
2015-12-17 00:00:00+09:00,950.0919212485259,957.2964097508844,935.682944243809,954.5947265625,6600
2015-12-18 00:00:00+09:00,954.594807867426,978.0093974943628,953.6942467279284,973.506591796875,9500
2015-12-21 00:00:00+09:00,973.5065601345387,992.4183434489007,968.1031934732924,984.3132934570312,14800
2015-12-22 00:00:00+09:00,992.418379604434,992.418379604434,978.909962459183,982.51220703125,6600
2015-12-24 00:00:00+09:00,991.5179591497383,991.5179591497383,957.296630859375,957.296630859375,4100
2015-12-25 00:00:00+09:00,957.296630859375,957.296630859375,957.296630859375,957.296630859375,0
2015-12-28 00:00:00+09:00,967.2025814416273,988.8160469487028,951.8930433741156,954.5947265625,6200
2015-12-29 00:00:00+09:00,953.694267618071,962.6998792103096,920.373504726788,935.6830444335938,9100
2015-12-30 00:00:00+09:00,935.6829833380066,935.6829833380066,903.2627837228302,909.5667114257812,23800
2016-01-04 00:00:00+09:00,906.8650323615666,908.6661545708249,889.7543713736126,892.4560546875,16200
2016-01-05 00:00:00+09:00,892.4560924507003,903.2628261635241,889.7544090224943,895.1577758789062,8700
2016-01-06 00:00:00+09:00,889.7543964981433,908.666180229379,889.7543964981433,894.2572021484375,7100
2016-01-07 00:00:00+09:00,900.5611427353182,906.8650707344653,892.4560924507003,895.1577758789062,5200
2016-01-08 00:00:00+09:00,896.9589089133523,898.7600312204072,890.6549808386601,891.5555419921875,9900
2016-01-12 00:00:00+09:00,892.4561834767031,894.2573059458791,873.5443975503553,875.3455200195312,13600
2016-01-13 00:00:00+09:00,882.5499035358914,893.3566370485759,878.9476590316633,885.2515869140625,7300
2016-01-14 00:00:00+09:00,893.3566677180382,893.3566677180382,845.6269263984253,869.9420776367188,16000
2016-01-15 00:00:00+09:00,886.1521466881256,886.1521466881256,852.8313850748526,854.6325073242188,7300
2016-01-18 00:00:00+09:00,854.6325649793664,871.7432275026624,837.5219024560704,845.626953125,7800
2016-01-19 00:00:00+09:00,847.4280841454913,847.4280841454913,794.2949736624053,802.4000244140625,10800
2016-01-20 00:00:00+09:00,802.400021088651,815.0078777612,792.4938479887911,793.3944091796875,16300
2016-01-21 00:00:00+09:00,780.7864990234375,806.9027717704729,780.7864990234375,780.7864990234375,11400
2016-01-22 00:00:00+09:00,787.9909502565528,808.703855234725,787.9909502565528,804.2010498046875,9300
2016-01-25 00:00:00+09:00,815.0077795500963,860.0358336688862,815.0077795500963,847.427978515625,8100
2016-01-26 00:00:00+09:00,847.4279868326473,847.4279868326473,838.4223759205045,839.3229370117188,3100
2016-01-27 00:00:00+09:00,784.3887267068168,797.8971433550397,769.9797489487122,770.8803100585938,58500
2016-01-28 00:00:00+09:00,770.8803961338141,780.7865694486178,769.0792737129407,772.6815185546875,13100
2016-01-29 00:00:00+09:00,784.3886868380087,790.6926142867642,772.6813930046055,789.7920532226562,16500
2016-02-01 00:00:00+09:00,799.6982886904761,799.6982886904761,790.6926773313492,794.294921875,7700
2016-02-02 00:00:00+09:00,792.4937850046375,792.4937850046375,780.7864904534326,788.8915405273438,9200
2016-02-03 00:00:00+09:00,783.4881591796875,785.2892813846983,776.2836703596444,783.4881591796875,6100
2016-02-04 00:00:00+09:00,778.9854125976562,787.9910243039875,778.0848514270231,778.9854125976562,4900
2016-02-05 00:00:00+09:00,786.1897915670559,786.1897915670559,776.2836200811021,779.8858642578125,4300
2016-02-08 00:00:00+09:00,781.6871492040849,792.4938839857082,779.886026740481,791.5933227539062,5400
2016-02-09 00:00:00+09:00,780.7865349389225,796.0960748396857,778.0848514270231,778.9854125976562,8000
2016-02-10 00:00:00+09:00,792.4938411912021,796.0960859238894,775.3831787109375,775.3831787109375,14800
2016-02-12 00:00:00+09:00,769.9798495205965,776.2837781131628,739.3607677852746,742.9630126953125,27100
2016-02-15 00:00:00+09:00,782.5877572984903,787.0905637271352,769.0793380125555,786.1900024414062,11500
2016-02-16 00:00:00+09:00,791.593209102236,802.3999423323006,783.4881591796875,783.4881591796875,11300
2016-02-17 00:00:00+09:00,785.2893517258275,785.2893517258275,769.9798116119066,775.3831787109375,6200
2016-02-18 00:00:00+09:00,788.8914746995887,788.8914746995887,774.4824979927469,779.8858642578125,6900
2016-02-19 00:00:00+09:00,780.7865097028217,787.9909988350278,776.283703995193,777.1842651367188,8900
2016-02-22 00:00:00+09:00,777.1842651367188,794.294926825708,774.4825817121415,777.1842651367188,15200
2016-02-23 00:00:00+09:00,777.18429025639,788.8915854746207,774.4826067444906,778.9854125976562,6800
2016-02-24 00:00:00+09:00,774.4825439453125,788.8915215070857,773.5819828477016,774.4825439453125,7800
2016-02-25 00:00:00+09:00,778.9853536671606,788.8915257947198,776.2836703596444,783.4881591796875,14200
2016-02-26 00:00:00+09:00,791.5931394456628,813.2066040039062,791.5931394456628,813.2066040039062,8100
2016-02-29 00:00:00+09:00,819.5107136566586,855.5331626085996,819.5107136566586,843.8258666992188,16500
2016-03-01 00:00:00+09:00,843.8257341861218,855.5330282570071,843.8257341861218,847.427978515625,6700
2016-03-02 00:00:00+09:00,853.7319596453411,896.958894310928,853.7319596453411,886.1521606445312,13500
2016-03-03 00:00:00+09:00,872.6438419588151,894.2573117286928,872.6438419588151,893.3567504882812,8100
2016-03-04 00:00:00+09:00,887.0528628600376,887.953424142129,846.5276051659242,865.4393920898438,10900
2016-03-07 00:00:00+09:00,875.3453589906084,884.3509696798122,844.7262826473155,846.5274047851562,7600
2016-03-08 00:00:00+09:00,843.8258164580611,847.4280611387786,838.422449436985,840.2235717773438,5600
2016-03-09 00:00:00+09:00,840.2235717773438,842.9252552878818,838.422449436985,840.2235717773438,3000
2016-03-10 00:00:00+09:00,846.5275159932798,853.732005491095,846.5275159932798,850.1297607421875,3800
2016-03-11 00:00:00+09:00,847.4280869250914,878.9477288404773,847.4280869250914,877.1466064453125,13500
2016-03-14 00:00:00+09:00,882.5498825365793,898.7599824199042,879.8481992226917,892.4560546875,4700
2016-03-15 00:00:00+09:00,892.4561316819486,911.3679165107286,888.8538869526573,902.3623046875,17000
2016-03-16 00:00:00+09:00,900.5611427353182,907.7656318772007,895.1577758789062,895.1577758789062,5000
2016-03-17 00:00:00+09:00,900.5611427353182,911.3678764481419,891.555531307965,895.1577758789062,7700
2016-03-18 00:00:00+09:00,904.1634259090246,904.1634259090246,864.538733936916,867.2404174804688,7300
2016-03-22 00:00:00+09:00,867.240360459958,876.2459716796875,867.240360459958,876.2459716796875,9100
2016-03-23 00:00:00+09:00,885.2515511604736,887.0526733398438,878.9476235326778,887.0526733398438,3200
2016-03-24 00:00:00+09:00,878.047079186898,878.047079186898,868.1409070114562,870.8425903320312,9100
2016-03-25 00:00:00+09:00,880.7487851975548,897.8594466686728,880.7487851975548,894.2572021484375,4500
2016-03-28 00:00:00+09:00,894.2572098606784,912.2684326171875,884.3510373445984,912.2684326171875,14900
2016-03-29 00:00:00+09:00,909.5668598426361,915.8707885742188,900.5612473689466,915.8707885742188,6300
2016-03-30 00:00:00+09:00,923.0751535166866,926.6773980182151,911.3678588867188,911.3678588867188,7300
2016-03-31 00:00:00+09:00,918.5724666675809,918.5724666675809,897.8595581054688,897.8595581054688,6700
2016-04-01 00:00:00+09:00,900.5612071931671,911.3679416794852,869.0415649414062,869.0415649414062,11200
2016-04-04 00:00:00+09:00,878.0471103947337,896.958894310928,863.6381321728715,886.1521606445312,9800
2016-04-05 00:00:00+09:00,882.5500039493336,882.5500039493336,854.6326058652221,857.3342895507812,10800
2016-04-06 00:00:00+09:00,866.3398364931662,868.1409588143578,845.6269297994626,848.32861328125,4500
2016-04-07 00:00:00+09:00,855.5331025660165,862.7375918507829,847.4280521206542,848.32861328125,4200
2016-04-08 00:00:00+09:00,842.0247133522913,868.1409878840736,842.0247133522913,859.1353759765625,7400
2016-04-11 00:00:00+09:00,869.9420669398356,878.9476783988401,860.9364554808311,873.5443115234375,2700
2016-04-12 00:00:00+09:00,873.5443616549826,882.5499736308072,870.8426780622353,877.1466064453125,3600
2016-04-13 00:00:00+09:00,878.0471676428949,882.5499736308072,877.1466064453125,877.1466064453125,1500
2016-04-14 00:00:00+09:00,877.1466329498758,883.4505615234375,873.5443880506975,883.4505615234375,7100
2016-04-15 00:00:00+09:00,884.3510884273389,890.6550167562508,883.4505272374944,889.7544555664062,4500
2016-04-18 00:00:00+09:00,889.7544900969992,895.1578574457664,874.4449492754921,883.4505615234375,3900
2016-04-19 00:00:00+09:00,883.4505782361733,897.8595581054688,883.4505782361733,897.8595581054688,3500
2016-04-20 00:00:00+09:00,897.8594150220576,924.876247971568,897.8594150220576,905.0639038085938,23400
2016-04-21 00:00:00+09:00,908.6662024440897,920.37349742107,907.7656412920143,917.6718139648438,5400
2016-04-22 00:00:00+09:00,917.6717093162166,927.577880859375,909.5666598718143,927.577880859375,8900
2016-04-25 00:00:00+09:00,927.57801779254,927.57801779254,883.4505198587201,902.3623046875,8900
2016-04-26 00:00:00+09:00,918.5724848239502,918.5724848239502,909.566872227637,916.7713623046875,2600
2016-04-27 00:00:00+09:00,918.5723894817073,926.6774399771341,913.169022484756,923.0751953125,5900
2016-04-28 00:00:00+09:00,927.5779504430399,927.5779504430399,916.77121703982,919.472900390625,9200
2016-05-02 00:00:00+09:00,900.5611465271726,914.9701248716074,900.5611465271726,904.1633911132812,7100
2016-05-06 00:00:00+09:00,909.5667156754541,920.3734489310041,889.7543713736126,892.4560546875,4200
2016-05-09 00:00:00+09:00,905.9646382529354,915.8708122298561,905.0640769823062,913.1691284179688,4800
2016-05-10 00:00:00+09:00,914.0695548928384,914.0695548928384,903.2628212389329,912.2684326171875,9300
2016-05-11 00:00:00+09:00,909.5667240433357,911.3678462691641,909.5667240433357,910.46728515625,2600
2016-05-12 00:00:00+09:00,909.5667240433357,910.46728515625,905.0639184787648,910.46728515625,4200
2016-05-13 00:00:00+09:00,911.3678082662916,914.0694914923774,905.0638807387579,907.7655639648438,6100
2016-05-16 00:00:00+09:00,908.6661689862406,928.4785136023925,908.6661689862406,923.9757080078125,9900
2016-05-17 00:00:00+09:00,934.7825502390227,953.6943359375,928.4786216728636,953.6943359375,14600
2016-05-18 00:00:00+09:00,954.5949352092032,954.5949352092032,906.865188448743,916.7713623046875,8500
2016-05-19 00:00:00+09:00,918.5724960417436,943.7882116193601,909.5668833354521,913.1691284179688,6100
2016-05-20 00:00:00+09:00,913.1690154529971,939.2852890704892,913.1690154529971,935.6830444335938,7200
2016-05-23 00:00:00+09:00,945.5893367528915,945.5893367528915,916.7713760137558,922.1747436523438,5700
2016-05-24 00:00:00+09:00,922.1747298624755,923.0752911221068,915.8708010450562,916.7713623046875,2700
2016-05-25 00:00:00+09:00,919.4729756296783,927.5780263453171,916.7712920577987,924.8763427734375,7200
2016-05-26 00:00:00+09:00,923.9758081196355,937.4842263669987,923.9758081196355,931.1802978515625,6300
2016-05-27 00:00:00+09:00,939.2853284542517,944.6886956361553,932.0808388783802,942.8875732421875,4500
2016-05-30 00:00:00+09:00,944.688734645753,950.0921020507812,940.1859284748963,950.0921020507812,8500
2016-05-31 00:00:00+09:00,950.0920284495635,950.0920284495635,938.3847333122702,949.1914672851562,5300
2016-06-01 00:00:00+09:00,949.1914477790754,962.6998649675821,945.5892031954736,960.8987426757812,7200
2016-06-02 00:00:00+09:00,951.8932179143753,968.1033200169853,951.8932179143753,967.2027587890625,7300
2016-06-03 00:00:00+09:00,971.705456938567,975.307701449924,949.1914287425853,972.6060180664062,7100
2016-06-06 00:00:00+09:00,968.1031893715194,977.1088004354405,966.3020671587352,975.3076782226562,9400
2016-06-07 00:00:00+09:00,979.810521696593,981.6116439791234,975.3077159902667,978.0093994140625,3600
2016-06-08 00:00:00+09:00,972.606032566471,983.4127662616539,936.5835869158609,978.0093994140625,9200
2016-06-09 00:00:00+09:00,978.0093257218463,985.2138143091158,975.3076425016201,977.1087646484375,5400
2016-06-10 00:00:00+09:00,987.9155378978621,987.9155378978621,969.0037545835002,984.3132934570312,14600
2016-06-13 00:00:00+09:00,980.7110721693126,984.313316695187,972.6060219860951,981.6116333007812,10700
2016-06-14 00:00:00+09:00,981.6116273392079,981.6116273392079,966.3020881972202,968.1032104492188,9100
2016-06-15 00:00:00+09:00,968.103248157395,979.8105432513914,968.103248157395,970.804931640625,8500
2016-06-16 00:00:00+09:00,969.9043327012173,978.0093828352108,968.1032104492188,968.1032104492188,7700
2016-06-17 00:00:00+09:00,963.600348547307,977.1087646484375,963.600348547307,977.1087646484375,7900
2016-06-20 00:00:00+09:00,978.0093994140625,981.6116439791234,978.0093994140625,978.0093994140625,7600
2016-06-21 00:00:00+09:00,981.6116835125185,985.2139282226562,978.0094388023808,985.2139282226562,10700
2016-06-22 00:00:00+09:00,985.213917438667,989.7167232770521,978.0094280972507,988.816162109375,34100
2016-06-23 00:00:00+09:00,990.6171875,990.6171875,981.6115767045454,990.6171875,14600
2016-06-24 00:00:00+09:00,987.9155042613636,990.6171875,963.6003551136363,990.6171875,24500
2016-06-27 00:00:00+09:00,986.1144252130163,989.7166696886802,923.9757080078125,923.9757080078125,112500
2016-06-28 00:00:00+09:00,910.3878771824393,929.4109074519231,867.812523722166,894.98828125,52600
2016-06-29 00:00:00+09:00,894.9882186133382,938.4694276147959,894.9882186133382,932.12841796875,13400
2016-06-30 00:00:00+09:00,942.0928995962919,954.7749193985496,942.0928995962919,946.6221923828125,12800
2016-07-01 00:00:00+09:00,946.6221650998165,982.8565063476562,946.6221650998165,982.8565063476562,15800
2016-07-04 00:00:00+09:00,978.3271859623945,978.3271859623945,949.339713785731,966.551025390625,11400
2016-07-05 00:00:00+09:00,949.3398269283927,972.8921508789062,946.6222510879488,972.8921508789062,6600
2016-07-06 00:00:00+09:00,970.1746396856793,977.421509076422,958.3984769257224,962.0219116210938,8100
2016-07-07 00:00:00+09:00,962.0219116210938,981.9508024456362,951.1516075349797,962.0219116210938,12700
2016-07-08 00:00:00+09:00,978.3271618721834,978.3271618721834,952.0572658589489,954.7748413085938,5500
2016-07-11 00:00:00+09:00,954.7748413085938,954.7748413085938,954.7748413085938,954.7748413085938,0
2016-07-12 00:00:00+09:00,978.3273241274825,987.3859104619962,961.1160100919063,969.2687377929688,7000
2016-07-13 00:00:00+09:00,969.2687804507513,995.5386819769866,959.3043350442482,992.8211059570312,9100
2016-07-14 00:00:00+09:00,991.0092373629229,993.7268129681229,981.0447934771897,987.3858032226562,7400
2016-07-15 00:00:00+09:00,992.8210551227368,992.8210551227368,973.798023957064,975.6097412109375,8100
2016-07-19 00:00:00+09:00,975.6096608313054,994.6326904296874,974.7038022790016,994.6326904296875,6500
2016-07-20 00:00:00+09:00,994.6326904296874,994.6326904296874,975.6096608313054,994.6326904296875,8000
2016-07-21 00:00:00+09:00,994.6326715031895,994.6326715031895,977.421359336923,987.3858032226562,5000
2016-07-22 00:00:00+09:00,984.6682699207017,987.385845642654,969.2686741629723,980.1389770507812,7200
2016-07-25 00:00:00+09:00,980.138934942123,987.3858032226562,970.1744910563898,987.3858032226562,3100
2016-07-26 00:00:00+09:00,991.0093231485321,991.0093231485321,972.8921508789062,972.8921508789062,8100
2016-07-27 00:00:00+09:00,981.0448608398438,988.2917296179774,974.7038506589768,981.0448608398438,4600
2016-07-28 00:00:00+09:00,970.1745313187721,977.4213999000514,954.7749355835534,964.7393798828125,7900
2016-07-29 00:00:00+09:00,964.7392520619862,976.515411946311,956.586525988223,971.0802612304688,3200
2016-08-01 00:00:00+09:00,961.1158726138025,994.6326372572622,958.3982971021707,977.4213256835938,8500
2016-08-02 00:00:00+09:00,968.362739780971,972.892032296317,951.1514282226562,951.1514282226562,5200
2016-08-03 00:00:00+09:00,952.0573905022268,963.8335523257558,942.0929458823176,943.9046630859375,5600
2016-08-04 00:00:00+09:00,948.4338606826086,952.0572947253311,921.25810536219,933.9401245117188,4700
2016-08-05 00:00:00+09:00,952.0573934906895,952.0573934906895,926.6933525603952,933.0343627929688,5800
2016-08-08 00:00:00+09:00,951.1514130760642,986.4798941331751,951.1514130760642,985.5740356445312,17600
2016-08-09 00:00:00+09:00,986.4799098423549,1015.4673819405692,972.892032296317,1014.5615234375,22600
2016-08-10 00:00:00+09:00,1014.5615549960727,1014.5615549960727,991.0092331836639,1009.1264038085938,6600
2016-08-12 00:00:00+09:00,1014.5614520666221,1019.090744263348,1012.7497351879317,1016.3731689453125,6800
2016-08-15 00:00:00+09:00,1016.373337487433,1016.373337487433,1011.844044539628,1013.65576171875,1400
2016-08-16 00:00:00+09:00,1014.5615549960727,1014.5615549960727,1005.5029696836078,1009.1264038085938,5900
2016-08-17 00:00:00+09:00,997.3503204759969,1000.9737548828125,974.7038554333993,1000.9737548828125,9000
2016-08-18 00:00:00+09:00,999.1620914816,1012.7499712388293,992.8210809282263,1007.3148193359375,5500
2016-08-19 00:00:00+09:00,980.1389823581862,1007.3147397248642,980.1389823581862,1000.06787109375,3400
2016-08-22 00:00:00+09:00,1000.0678924005682,1000.973750998757,982.8565790349787,996.4444580078125,9800
2016-08-23 00:00:00+09:00,981.0448897600832,1000.9737794874347,981.0448897600832,986.4800415039062,11700
2016-08-24 00:00:00+09:00,986.479984485689,992.8209944869744,980.1389744844035,991.00927734375,4800
2016-08-25 00:00:00+09:00,991.0092839694615,996.4444354354732,980.1389810374382,984.6682739257812,4400
2016-08-26 00:00:00+09:00,981.0447373218284,981.0447373218284,953.8689828253788,954.7748413085938,3900
2016-08-29 00:00:00+09:00,981.9506952310389,981.9506952310389,901.3292820617008,912.1995849609375,10500
2016-08-30 00:00:00+09:00,904.0468817748407,908.5761747697047,887.7414269933306,897.7058715820312,8400
2016-08-31 00:00:00+09:00,897.7058166323151,919.4464216768919,897.7058166323151,917.6347045898438,3700
2016-09-01 00:00:00+09:00,917.6347110209834,926.6932965197099,897.7058229237854,911.293701171875,4700
2016-09-02 00:00:00+09:00,904.9526890602937,987.3858168926126,904.9526890602937,922.1640014648438,6500
2016-09-05 00:00:00+09:00,922.1641339932614,935.7520141601562,921.2582753154685,935.7520141601562,4000
2016-09-06 00:00:00+09:00,909.4819978041455,940.2811889648438,909.4819978041455,940.2811889648438,1900
2016-09-07 00:00:00+09:00,940.2813075491212,940.2813075491212,916.7289819265035,935.7520141601562,4900
2016-09-08 00:00:00+09:00,945.7163321053472,945.7163321053472,924.8815853252485,931.2225952148438,3400
2016-09-09 00:00:00+09:00,938.4694466365568,939.3753051757812,933.03429540121,939.3753051757812,4700
2016-09-12 00:00:00+09:00,939.3753449864163,944.8104964521043,932.1284763654988,942.998779296875,2000
2016-09-13 00:00:00+09:00,951.151611682637,972.8922199496687,935.7520141601562,935.7520141601562,2900
2016-09-14 00:00:00+09:00,936.6577547106439,943.9046232190435,936.6577547106439,940.2811889648438,3000
2016-09-15 00:00:00+09:00,934.8459621263587,942.9986885402514,934.8459621263587,937.5635375976562,1500
2016-09-16 00:00:00+09:00,947.5280171436774,949.3397341936653,933.0342807437742,936.65771484375,5400
2016-09-20 00:00:00+09:00,936.6577109208855,968.3627591628884,936.6577109208855,958.3983154296875,9800
2016-09-21 00:00:00+09:00,959.3042554820668,996.4444580078125,959.3042554820668,996.4444580078125,10200
2016-09-23 00:00:00+09:00,996.444540650305,996.444540650305,972.8922151440252,992.8211059570312,8400
2016-09-26 00:00:00+09:00,993.7268822132457,996.4444580078125,988.2917306241122,996.4444580078125,5100
2016-09-27 00:00:00+09:00,995.538494873047,1014.5615234375,989.1974853515626,1014.5615234375,10600
2016-09-28 00:00:00+09:00,1014.5615295794025,1014.5615295794025,997.3502179168947,1008.2205200195312,5100
2016-09-29 00:00:00+09:00,1013.6556649344309,1014.5615234375,997.3502118791853,1014.5615234375,9600
2016-09-30 00:00:00+09:00,1009.1265366369015,1011.8441125883473,997.350374180636,1007.3148193359375,3200
2016-10-03 00:00:00+09:00,1007.3146016937727,1007.3146016937727,996.4443002366457,997.3501586914062,4200
2016-10-04 00:00:00+09:00,997.3503455494887,1005.5030731697842,997.3503455494887,1001.879638671875,4100
2016-10-05 00:00:00+09:00,1004.5972433844917,1011.8441125883473,1003.6913847340097,1007.3148193359375,8800
2016-10-06 00:00:00+09:00,1007.314883704258,1013.655894662828,1007.314883704258,1011.8441772460938,7200
2016-10-07 00:00:00+09:00,1005.503034412701,1013.65576171875,1005.503034412701,1013.65576171875,6300
2016-10-11 00:00:00+09:00,1005.5030199276505,1014.5616056927644,1000.9737270450935,1010.9381713867188,8500
2016-10-12 00:00:00+09:00,1005.5030199276505,1014.5616056927644,1000.0678684685821,1010.9381713867188,5300
2016-10-13 00:00:00+09:00,1013.6559197659569,1013.6559197659569,995.5387451499435,1012.7500610351562,4200
2016-10-14 00:00:00+09:00,1014.561620308311,1014.561620308311,1011.844044539628,1013.65576171875,7500
2016-10-17 00:00:00+09:00,1013.6556816204081,1023.6201253181958,1005.5029549585818,1006.4088134765625,8700
2016-10-18 00:00:00+09:00,1010.938172678171,1014.5616069888455,981.9506981927753,984.6682739257812,6000
2016-10-19 00:00:00+09:00,1010.0322475484853,1010.0322475484853,992.8209357068519,1006.4088134765625,3100
2016-10-20 00:00:00+09:00,1006.409024995891,1014.5617533711952,1006.409024995891,1011.8441772460938,8500
2016-10-21 00:00:00+09:00,1011.8439751531328,1014.56155073546,997.3502387140549,1004.5971069335938,5600
2016-10-24 00:00:00+09:00,991.0092579657721,1013.6557218132533,991.0092579657721,1010.0322875976562,2900
2016-10-25 00:00:00+09:00,1014.5615234375,1014.5615234375,1010.0322309221541,1014.5615234375,6200
2016-10-26 00:00:00+09:00,999.1619170119943,1031.7728227349605,979.2330301812926,1027.2435302734375,12500
2016-10-27 00:00:00+09:00,1032.678693498884,1032.678693498884,998.2560703822545,1014.5615234375,5800
2016-10-28 00:00:00+09:00,1003.6912897970825,1023.6201782226562,993.7268455842956,1023.6201782226562,11800
2016-10-31 00:00:00+09:00,1023.6201741536458,1024.5260327148437,1005.5030029296875,1019.0908813476562,9200
2016-11-01 00:00:00+09:00,1008.2207489961422,1027.2437819960694,1004.5973141390132,1020.9027709960938,5600
2016-11-02 00:00:00+09:00,999.1619349340009,1019.9966806307208,999.1619349340009,1008.2205200195312,5400
2016-11-04 00:00:00+09:00,999.1619170119943,1027.2435302734375,998.2560585196896,1027.2435302734375,8200
2016-11-07 00:00:00+09:00,1014.5614950799683,1028.1493722462178,997.3501840027187,998.2560424804688,8700
2016-11-08 00:00:00+09:00,1003.6913041117332,1026.3377685546875,1003.6913041117332,1026.3377685546875,6900
2016-11-09 00:00:00+09:00,1026.3378509960587,1026.3378509960587,996.444515530154,1007.3148193359375,7100
2016-11-10 00:00:00+09:00,1025.4317707889845,1028.1493461532662,991.0091495080821,997.3501586914062,14600
2016-11-11 00:00:00+09:00,997.3502513310681,1031.7728758093428,979.2330805530287,991.9151000976562,8700
2016-11-14 00:00:00+09:00,978.32723057403,982.856523308169,962.0217767311294,974.7037963867188,9400
2016-11-15 00:00:00+09:00,966.5511549415695,981.0448929725584,966.5511549415695,975.6097412109375,4500
2016-11-16 00:00:00+09:00,980.1389744844035,993.7268530585867,980.1389744844035,991.00927734375,4600
2016-11-17 00:00:00+09:00,999.1620627984432,1001.879638671875,993.7269110515795,1001.879638671875,3400
2016-11-18 00:00:00+09:00,1003.6912231445312,1013.6556666956051,1001.879506135245,1003.6912231445312,4900
2016-11-21 00:00:00+09:00,1003.6912231445312,1005.5029401538173,995.5384966027435,1003.6912231445312,8300
2016-11-22 00:00:00+09:00,1006.4088219703042,1019.9966998546918,1000.0678122909234,1015.4674072265625,8700
2016-11-24 00:00:00+09:00,1015.4674135273192,1015.4674135273192,996.4443843711429,1009.1264038085938,5000
2016-11-25 00:00:00+09:00,1009.126318603294,1016.3731862413787,991.9150079628428,997.3501586914062,6600
2016-11-28 00:00:00+09:00,978.3273425205149,1012.7499712388293,975.609766569069,1007.3148193359375,7500
2016-11-29 00:00:00+09:00,1010.0322309221541,1014.5615234375,987.3857683454241,1014.5615234375,5000
2016-11-30 00:00:00+09:00,1014.56155073546,1014.56155073546,1002.7853898787091,1004.5971069335938,3700
2016-12-01 00:00:00+09:00,1010.0323114230266,1010.0323114230266,993.7268570682154,995.53857421875,3300
2016-12-02 00:00:00+09:00,996.444443430592,1010.0323222046454,993.7268676757812,993.7268676757812,3500
2016-12-05 00:00:00+09:00,987.3858074031465,1019.0908562647154,982.8565147086366,991.9151000976562,7100
2016-12-06 00:00:00+09:00,1000.0678184403802,1000.0678184403802,982.8565063476562,982.8565063476562,8600
2016-12-07 00:00:00+09:00,991.0092879634201,991.9151465447395,976.5155506623097,989.1975708007812,8000
2016-12-08 00:00:00+09:00,995.5385983961111,995.5385983961111,976.5155678535102,981.0448608398438,9100
2016-12-09 00:00:00+09:00,974.7037501719618,981.9506182029801,971.98617466033,977.4213256835938,11100
2016-12-12 00:00:00+09:00,986.479998996286,994.6327262607181,986.479998996286,993.7268676757812,9700
2016-12-13 00:00:00+09:00,996.4444173177083,1019.9967399088541,985.5741145833333,1019.0908813476562,9900
2016-12-14 00:00:00+09:00,1019.0910469130308,1019.0910469130308,994.6328617871181,1011.8441772460938,4100
2016-12-15 00:00:00+09:00,1018.1851882046637,1020.9027643297652,1009.1266011209924,1011.8441772460938,6500
2016-12-16 00:00:00+09:00,1014.5615234375,1015.4673819405692,1010.0322309221541,1014.5615234375,6300
2016-12-19 00:00:00+09:00,1014.561613635102,1021.8084823039243,1010.938179300691,1019.9967651367188,7100
2016-12-20 00:00:00+09:00,1019.9967624550335,1030.8670654296875,1018.1850452925911,1030.8670654296875,13500
2016-12-21 00:00:00+09:00,1027.2437819960694,1027.2437819960694,1016.3734774246825,1020.9027709960938,3200
2016-12-22 00:00:00+09:00,1020.9025208273051,1028.149388765742,1007.3146434427358,1027.2435302734375,4800
2016-12-26 00:00:00+09:00,1016.3732992111583,1030.8670360983049,1016.3732992111583,1025.431884765625,10400
2016-12-27 00:00:00+09:00,1017.2791827775058,1026.3377685546875,1017.2791827775058,1026.3377685546875,3400
2016-12-28 00:00:00+09:00,1026.337722241039,1040.8314588304977,1016.3732783357862,1029.0552978515625,4700
2016-12-29 00:00:00+09:00,1018.1850950006854,1032.6788330078125,1018.1850950006854,1032.6788330078125,9200
2016-12-30 00:00:00+09:00,1032.678933310342,1039.925803017783,1014.5617590417395,1036.3023681640625,11000
2017-01-04 00:00:00+09:00,1028.1494140625,1033.5845651500551,1018.1849704019824,1028.1494140625,5900
2017-01-05 00:00:00+09:00,1022.7143881279126,1032.6788330078125,1022.7143881279126,1032.6788330078125,4100
2017-01-06 00:00:00+09:00,1019.9968159371589,1037.2081298828125,1015.4675227935658,1037.2081298828125,12700
2017-01-10 00:00:00+09:00,1036.3023681640625,1036.3023681640625,1027.2437810297613,1036.3023681640625,7700
2017-01-11 00:00:00+09:00,1037.2082268774927,1037.2082268774927,1026.337922316331,1036.3023681640625,4500
2017-01-12 00:00:00+09:00,1036.3022047876782,1036.3022047876782,997.3502862510784,1017.2791748046875,7600
2017-01-13 00:00:00+09:00,1008.2205328434071,1025.431844724831,1008.2205328434071,1021.8084106445312,8100
2017-01-16 00:00:00+09:00,1018.1849765642315,1030.8669958452806,1018.1849765642315,1021.8084106445312,4600
2017-01-17 00:00:00+09:00,1029.9611627732472,1029.9611627732472,1015.4674260939404,1022.7142944335938,5100
2017-01-18 00:00:00+09:00,1021.8083826013514,1021.8083826013514,1000.9736372114302,1005.5029296875,6000
2017-01-19 00:00:00+09:00,1016.373495958359,1019.9969308815618,1008.2207673811529,1012.7500610351562,5200
2017-01-20 00:00:00+09:00,1012.7497943965635,1029.9611057503514,1012.7497943965635,1027.2435302734375,8400
2017-01-23 00:00:00+09:00,1027.2436190814922,1027.2436190814922,1017.2791748046875,1017.2791748046875,7200
2017-01-24 00:00:00+09:00,1022.7142378119144,1029.0552472580466,1019.9966623350005,1027.2435302734375,2000
2017-01-25 00:00:00+09:00,1032.678681227265,1032.678681227265,1020.9025208273051,1027.2435302734375,5200
2017-01-26 00:00:00+09:00,1032.6788078221027,1032.6788078221027,1025.431938995281,1031.77294921875,4700
2017-01-27 00:00:00+09:00,1026.3378226296943,1032.6788330078125,1022.7143881279126,1032.6788330078125,6400
2017-01-30 00:00:00+09:00,1024.5261053788035,1032.6788330078125,1010.0323673716763,1032.6788330078125,7400
2017-01-31 00:00:00+09:00,1030.8670149252448,1031.772873462086,1022.7142880936743,1029.0552978515625,4300
2017-02-01 00:00:00+09:00,1019.0909997139884,1032.678879710175,1019.0909997139884,1029.9613037109375,5900
2017-02-02 00:00:00+09:00,1031.7729240109086,1031.7729240109086,1021.8084796174758,1030.8670654296875,5100
2017-02-03 00:00:00+09:00,1031.77284812087,1032.6787066354625,1023.6201214895374,1028.1494140625,7300
2017-02-06 00:00:00+09:00,1028.1495863781126,1035.396455709412,1026.3378690452878,1029.9613037109375,6500
2017-02-07 00:00:00+09:00,1028.1495863781126,1031.7730210437624,1022.7144343796381,1029.9613037109375,8800
2017-02-08 00:00:00+09:00,1032.6788330078125,1063.4780262729578,1028.1495398805853,1032.6788330078125,25600
2017-02-09 00:00:00+09:00,1037.2081008388664,1037.2081008388664,1026.3377975986336,1031.77294921875,8500
2017-02-10 00:00:00+09:00,1033.5847920237723,1037.2082268774927,1026.337922316331,1036.3023681640625,10600
2017-02-13 00:00:00+09:00,1041.7374769846597,1046.266770362854,1027.2437381744385,1043.5491943359375,14200
2017-02-14 00:00:00+09:00,1046.2665391152193,1057.1368408203125,1041.7372467380972,1057.1368408203125,9300
2017-02-15 00:00:00+09:00,1057.1371133711637,1067.1015591698635,1057.1371133711637,1062.572265625,16200
2017-02-16 00:00:00+09:00,1068.9131363353956,1077.971722236543,1057.1369746639039,1070.724853515625,10300
2017-02-17 00:00:00+09:00,1070.7246601001636,1072.536376953125,1065.2895095412796,1072.536376953125,7700
2017-02-20 00:00:00+09:00,1072.5365706958546,1076.1600050563136,1053.5135403034449,1070.724853515625,11300
2017-02-21 00:00:00+09:00,1065.289759343593,1082.5010734826476,1065.289759343593,1081.59521484375,8300
2017-02-22 00:00:00+09:00,1077.9715712931145,1103.3356082647174,1073.442278976757,1091.5594482421875,17800
2017-02-23 00:00:00+09:00,1105.1473979206828,1116.9235587181984,1102.4298223520254,1116.0177001953125,13500
2017-02-24 00:00:00+09:00,1110.5825616244613,1110.5825616244613,1099.712259226832,1103.335693359375,5100
2017-02-27 00:00:00+09:00,1093.371098584468,1100.6179658493193,1085.21837291151,1097.900390625,6200
2017-02-28 00:00:00+09:00,1100.618197019493,1114.2060759950423,1100.618197019493,1110.5826416015625,8100
2017-03-01 00:00:00+09:00,1114.2062487276057,1118.7355424216205,1107.8652375559852,1112.39453125,4800
2017-03-02 00:00:00+09:00,1114.2062487276057,1114.2062487276057,1088.8422040411238,1112.39453125,6700
2017-03-03 00:00:00+09:00,1113.3003648977117,1113.3003648977117,1108.7710713057763,1111.4886474609375,4500
2017-03-06 00:00:00+09:00,1094.2771774598393,1127.7939453125,1094.2771774598393,1127.7939453125,14600
2017-03-07 00:00:00+09:00,1132.3231958144204,1135.040771484375,1127.7939030311627,1135.040771484375,10800
2017-03-08 00:00:00+09:00,1132.3232118856786,1157.6872518319178,1132.3232118856786,1153.157958984375,8400
2017-03-09 00:00:00+09:00,1171.2752325167016,1171.2752325167016,1154.9697768436154,1156.781494140625,8300
2017-03-10 00:00:00+09:00,1150.4403119255514,1169.4633407054228,1145.9110193589154,1154.9696044921875,18000
2017-03-13 00:00:00+09:00,1161.3106394800648,1168.5575077451508,1153.1579126818428,1155.87548828125,9800
2017-03-14 00:00:00+09:00,1155.8755716186238,1167.6517333984375,1150.4404200279407,1167.6517333984375,7000
2017-03-15 00:00:00+09:00,1170.3693596140347,1170.3693596140347,1161.310773239313,1169.4635009765625,4700
2017-03-16 00:00:00+09:00,1161.3105103010378,1173.086669921875,1161.3105103010378,1173.086669921875,7300
2017-03-17 00:00:00+09:00,1164.9339440305262,1173.086669921875,1163.1222271657819,1173.086669921875,7300
2017-03-21 00:00:00+09:00,1173.086935526451,1173.086935526451,1164.0283491517293,1169.4635009765625,8600
2017-03-22 00:00:00+09:00,1156.7813049506547,1168.5574654552424,1152.2520124488901,1163.122314453125,6900
2017-03-23 00:00:00+09:00,1159.4989056420234,1171.2750664024502,1159.4989056420234,1164.0281982421875,6400
2017-03-24 00:00:00+09:00,1159.4989056420234,1171.2750664024502,1149.5344619216621,1164.0281982421875,12800
2017-03-27 00:00:00+09:00,1160.404895945183,1164.934189059723,1142.2877234870223,1146.8170166015625,4800
2017-03-28 00:00:00+09:00,1159.4987934362935,1173.086669921875,1149.5343506802003,1173.086669921875,11400
2017-03-29 00:00:00+09:00,1172.1810010827107,1176.7102939771569,1160.4048395571501,1166.745849609375,14800
2017-03-30 00:00:00+09:00,1166.74559986491,1183.9569091796875,1166.74559986491,1183.9569091796875,12500
2017-03-31 00:00:00+09:00,1186.674863094348,1188.4865804425838,1133.2292013213964,1135.94677734375,21400
2017-04-03 00:00:00+09:00,1147.7228003800205,1162.2165374013941,1009.1264401131356,1117.8294677734375,29500
2017-04-04 00:00:00+09:00,1106.959102722462,1130.5114240569824,1099.7122346195324,1128.69970703125,14500
2017-04-05 00:00:00+09:00,1122.3587738537399,1136.8525110463627,1101.5240266393444,1105.1474609375,12500
2017-04-06 00:00:00+09:00,1096.0887949565458,1100.6180874976885,1063.477888660318,1071.630615234375,10400
2017-04-07 00:00:00+09:00,1075.2541542821284,1134.134963067586,1072.5365784920302,1079.783447265625,10200
2017-04-10 00:00:00+09:00,1095.1829581355416,1116.9235627635426,1093.3712410832084,1094.277099609375,5700
2017-04-11 00:00:00+09:00,1087.9361108925652,1103.335706134175,1087.9361108925652,1090.6536865234375,4100
2017-04-12 00:00:00+09:00,1090.6535597698603,1102.429719468372,1086.124267578125,1086.124267578125,3700
2017-04-13 00:00:00+09:00,1083.4067722627124,1098.806366851731,1082.500913757476,1093.3712158203125,8700
2017-04-14 00:00:00+09:00,1087.0303413794006,1093.371351704114,1079.7834724368713,1080.6893310546875,6900
2017-04-17 00:00:00+09:00,1087.9360052260395,1097.9004482381015,1068.9129776575576,1082.5008544921875,6000
2017-04-18 00:00:00+09:00,1096.9947861753785,1096.9947861753785,1080.6893310546875,1080.6893310546875,6100
2017-04-19 00:00:00+09:00,1080.6891717357225,1099.712199905421,1080.6891717357225,1092.46533203125,6800
2017-04-20 00:00:00+09:00,1092.4653825570415,1096.0888166617083,1092.4653825570415,1094.277099609375,5200
2017-04-21 00:00:00+09:00,1096.088825094289,1109.6767030913254,1096.088825094289,1103.335693359375,4600
2017-04-24 00:00:00+09:00,1104.2415771484375,1119.6411725639612,1070.724810655827,1104.2415771484375,11500
2017-04-25 00:00:00+09:00,1106.9591650074074,1132.323204794811,1106.9591650074074,1117.8294677734375,5800
2017-04-26 00:00:00+09:00,1119.6412856390095,1139.5701758364676,1116.9237097029925,1121.4530029296875,8400
2017-04-27 00:00:00+09:00,1121.4528971612926,1144.0993611588956,1118.7353214815803,1139.570068359375,8400
2017-04-28 00:00:00+09:00,1144.0994331700028,1145.9111504038428,1133.2291297669624,1137.7584228515625,6600
2017-05-01 00:00:00+09:00,1137.7585198269423,1144.0995306858504,1135.9468024386829,1136.8526611328125,6900
2017-05-02 00:00:00+09:00,1159.498820754717,1159.498820754717,1148.6285193101414,1152.251953125,8200
2017-05-08 00:00:00+09:00,1159.4988684514637,1183.9570477078619,1154.0637175055977,1175.8043212890625,13700
2017-05-09 00:00:00+09:00,1161.3108224760974,1205.6978975941386,1157.6873877725839,1202.074462890625,14500
2017-05-10 00:00:00+09:00,1205.6977671606576,1212.9446357837119,1191.204029914549,1193.0157470703125,12900
2017-05-11 00:00:00+09:00,1177.6159620837357,1177.6159620837357,1149.5343506802003,1173.086669921875,31500
2017-05-12 00:00:00+09:00,1177.6161700883258,1183.0513216425798,1155.8755638713105,1158.5931396484375,10800
2017-05-15 00:00:00+09:00,1168.5576110561144,1194.8275108395464,1168.5576110561144,1190.2982177734375,15000
2017-05-16 00:00:00+09:00,1195.7333984375,1196.63925707268,1183.051377544981,1195.7333984375,9900
2017-05-17 00:00:00+09:00,1183.051501510908,1204.7921110333136,1183.051501510908,1200.2628173828125,6200
2017-05-18 00:00:00+09:00,1181.2397840507076,1200.2628173828125,1181.2397840507076,1200.2628173828125,10500
2017-05-19 00:00:00+09:00,1198.45097434304,1198.45097434304,1186.6748120857008,1195.7333984375,9300
2017-05-22 00:00:00+09:00,1195.733163475094,1207.5093234184094,1195.733163475094,1204.791748046875,6900
2017-05-23 00:00:00+09:00,1212.9445590816676,1220.1914272464574,1210.2269835198717,1216.5679931640625,10200
2017-05-24 00:00:00+09:00,1217.4738811156412,1222.003173828125,1217.4738811156412,1222.003173828125,5700
2017-05-25 00:00:00+09:00,1222.9092448281601,1230.1561144271418,1209.3213643300694,1212.0389404296875,9800
2017-05-26 00:00:00+09:00,1212.0389555501795,1222.0034013730883,1197.545216171403,1199.35693359375,7200
2017-05-29 00:00:00+09:00,1199.3568617876838,1210.2271656709559,1199.3568617876838,1201.1685791015625,11500
2017-05-30 00:00:00+09:00,1204.791941815112,1209.3212348294546,1201.168507403638,1202.980224609375,10500
2017-05-31 00:00:00+09:00,1203.8862523032135,1212.9448396042158,1200.2628173828125,1200.2628173828125,9200
2017-06-01 00:00:00+09:00,1215.6621850676695,1219.2856193003602,1209.321175160461,1218.3797607421875,14000
2017-06-02 00:00:00+09:00,1210.227140964174,1231.0618896484375,1210.227140964174,1231.0618896484375,15200
2017-06-05 00:00:00+09:00,1221.0973445427815,1231.061788748991,1220.1914859785804,1227.4383544921875,9100
2017-06-06 00:00:00+09:00,1227.438329248696,1236.496914704406,1223.814895066412,1226.532470703125,12700
2017-06-07 00:00:00+09:00,1231.0616872520645,1231.0616872520645,1223.8148193359375,1223.8148193359375,17200
2017-06-08 00:00:00+09:00,1228.3441371579142,1231.0617126825998,1224.720703125,1224.720703125,16200
2017-06-09 00:00:00+09:00,1225.6265616332284,1230.1558541743714,1224.720703125,1224.720703125,12200
2017-06-12 00:00:00+09:00,1231.0617846679686,1233.7793603515624,1219.2856233723958,1222.9090576171875,27200
2017-06-13 00:00:00+09:00,1229.2501472394492,1232.8735817191528,1228.3442886195232,1230.156005859375,3300
2017-06-14 00:00:00+09:00,1233.7793603515624,1236.4969360351563,1222.9090576171875,1222.9090576171875,7600
2017-06-15 00:00:00+09:00,1229.2499702730327,1231.0616872520645,1222.9089608464217,1223.8148193359375,8700
2017-06-16 00:00:00+09:00,1227.4383796984466,1233.7793897780696,1227.4383796984466,1228.34423828125,19000
2017-06-19 00:00:00+09:00,1228.34423828125,1237.4028241092828,1228.34423828125,1228.34423828125,15300
2017-06-20 00:00:00+09:00,1229.2501163247873,1268.2020360019912,1229.2501163247873,1250.99072265625,24600
2017-06-21 00:00:00+09:00,1256.425735056486,1266.3901785212454,1250.990584075708,1259.143310546875,24900
2017-06-22 00:00:00+09:00,1259.1432941428588,1277.260463842756,1259.1432941428588,1267.2960205078125,22200
2017-06-23 00:00:00+09:00,1276.3546605334004,1280.8839531541719,1262.766782671086,1273.6370849609375,25400
2017-06-26 00:00:00+09:00,1261.860992297987,1271.8254366018475,1241.0262451171875,1241.0262451171875,34500
2017-06-27 00:00:00+09:00,1241.0263092984858,1249.179036877819,1230.156005859375,1230.156005859375,124800
2017-06-28 00:00:00+09:00,1193.760909850339,1215.5979996646743,1193.760909850339,1208.3189697265625,96800
2017-06-29 00:00:00+09:00,1219.2373285944454,1231.0657504390185,1206.4990281464438,1226.516357421875,25700
2017-06-30 00:00:00+09:00,1225.6065339177715,1227.4262912064391,1221.9670193404356,1224.6966552734375,12100
2017-07-03 00:00:00+09:00,1231.9755645279683,1234.7052001953125,1215.5977505239039,1234.7052001953125,18200
2017-07-04 00:00:00+09:00,1236.5250172334559,1236.5250172334559,1206.4990234375,1206.4990234375,9300
2017-07-05 00:00:00+09:00,1207.4088830748601,1219.2373046875,1199.2199758045708,1219.2373046875,12000
2017-07-06 00:00:00+09:00,1211.0484953642608,1230.1559472069725,1211.0484953642608,1211.9583740234375,7600
2017-07-07 00:00:00+09:00,1201.0397419803041,1206.49901353476,1166.46435546875,1166.46435546875,13400
2017-07-10 00:00:00+09:00,1169.1939361667335,1179.2026002117407,1167.3741790676413,1168.2840576171875,7300
2017-07-11 00:00:00+09:00,1171.9235747466216,1184.6618744721284,1170.103817642978,1178.292724609375,4200
2017-07-12 00:00:00+09:00,1183.7521204342338,1198.3101787946857,1183.7521204342338,1188.301513671875,4200
2017-07-13 00:00:00+09:00,1187.391678560697,1190.1213146033654,1181.022527794471,1182.84228515625,4300
2017-07-14 00:00:00+09:00,1182.8421416322908,1191.9409273371546,1182.8421416322908,1185.57177734375,3000
2017-07-17 00:00:00+09:00,1185.57177734375,1185.57177734375,1185.57177734375,1185.57177734375,0
2017-07-18 00:00:00+09:00,1194.670721133852,1200.1299932791705,1187.391691606761,1196.490478515625,5100
2017-07-19 00:00:00+09:00,1201.949611561334,1222.8768190298506,1198.3100972189832,1219.2373046875,6400
2017-07-20 00:00:00+09:00,1220.1472308403622,1235.6151673983684,1220.1472308403622,1233.79541015625,6900
2017-07-21 00:00:00+09:00,1239.2548160328586,1239.2548160328586,1234.7054224350873,1237.43505859375,6300
2017-07-24 00:00:00+09:00,1237.4350392035199,1260.1820068359375,1234.7054030876297,1260.1820068359375,17200
2017-07-25 00:00:00+09:00,1259.2719919023723,1259.2719919023723,1246.53369140625,1246.53369140625,7700
2017-07-26 00:00:00+09:00,1230.1560045849646,1232.8856406898128,1220.1473388671875,1220.1473388671875,8900
2017-07-27 00:00:00+09:00,1220.147146124589,1251.9928956505848,1220.147146124589,1244.7138671875,6100
2017-07-28 00:00:00+09:00,1250.1733064144437,1251.993063774581,1241.984398293825,1249.263427734375,5500
2017-07-31 00:00:00+09:00,1249.2634482141625,1249.2634482141625,1232.8856317044358,1236.525146484375,6600
2017-08-01 00:00:00+09:00,1191.9410566232252,1231.9757180670588,1172.8336045704864,1225.6065673828125,23400
2017-08-02 00:00:00+09:00,1235.6151313781738,1235.6151313781738,1214.687923703875,1222.8768310546875,4400
2017-08-03 00:00:00+09:00,1222.8767789701546,1235.6150787510937,1217.4175076354666,1234.7052001953125,4800
2017-08-04 00:00:00+09:00,1248.3535357603093,1248.3535357603093,1204.6793595821061,1235.615234375,9100
2017-08-07 00:00:00+09:00,1195.5804826846204,1197.4002398880978,1168.2841246324601,1170.1038818359375,24200
2017-08-08 00:00:00+09:00,1170.1039720700112,1179.2027587890625,1164.6447000385801,1179.2027587890625,7600
2017-08-09 00:00:00+09:00,1181.0223954316157,1181.0223954316157,1137.3482236436978,1142.8074951171875,8700
2017-08-10 00:00:00+09:00,1146.4470358455883,1160.09521484375,1144.6272786458335,1160.09521484375,8100
2017-08-11 00:00:00+09:00,1160.09521484375,1160.09521484375,1160.09521484375,1160.09521484375,0
2017-08-14 00:00:00+09:00,1144.627463388633,1162.8250383232694,1118.24097973341,1141.8978271484375,6700
2017-08-15 00:00:00+09:00,1140.987798549107,1150.0865848214285,1113.691439732143,1114.601318359375,12200
2017-08-16 00:00:00+09:00,1141.8977332409518,1181.0225161328729,1139.1680972252364,1179.2027587890625,11700
2017-08-17 00:00:00+09:00,1196.4904979143955,1196.4904979143955,1164.6447432170542,1173.7435302734375,9500
2017-08-18 00:00:00+09:00,1149.1766451695921,1161.9149452744016,1140.9877379593574,1142.8074951171875,7600
2017-08-21 00:00:00+09:00,1149.1767145251551,1162.8248940325798,1144.6273213560137,1154.635986328125,4600
2017-08-22 00:00:00+09:00,1156.4557435957815,1169.194044469378,1154.635986328125,1154.635986328125,6900
2017-08-23 00:00:00+09:00,1155.5457735554012,1156.4556521172558,1143.7173522512908,1145.537109375,4000
2017-08-24 00:00:00+09:00,1150.0866364806018,1155.5459084892123,1148.2668791443982,1149.1767578125,2200
2017-08-25 00:00:00+09:00,1153.7260071090047,1155.5457642180095,1146.4469786729858,1151.90625,2300
2017-08-28 00:00:00+09:00,1150.9966031081385,1151.9064818457734,1133.7089070930756,1138.25830078125,3200
2017-08-29 00:00:00+09:00,1138.2582222444464,1138.2582222444464,1115.5112553730546,1132.7989501953125,4100
2017-08-30 00:00:00+09:00,1141.8978271484375,1141.8978271484375,1137.3484334147784,1141.8978271484375,2300
2017-08-31 00:00:00+09:00,1145.5371428958954,1146.447021484375,1132.79884265718,1146.447021484375,4900
2017-09-01 00:00:00+09:00,1145.5371860826606,1145.5371860826606,1140.98779296875,1140.98779296875,2400
2017-09-04 00:00:00+09:00,1130.0692376953125,1151.9063244140625,1130.0692376953125,1137.3482666015625,8200
2017-09-05 00:00:00+09:00,1141.8977150550256,1150.9965016291692,1130.069292508639,1135.528564453125,8000
2017-09-06 00:00:00+09:00,1132.7989618257104,1144.6273847202763,1132.7989618257104,1136.4384765625,3800
2017-09-07 00:00:00+09:00,1136.438446573573,1155.5458984375,1134.618689253199,1155.5458984375,3500
2017-09-08 00:00:00+09:00,1128.2494804687499,1153.726081640625,1128.2494804687499,1137.3482666015625,8500
2017-09-11 00:00:00+09:00,1152.8162741189474,1159.1854248046875,1149.1767594413818,1159.1854248046875,2300
2017-09-12 00:00:00+09:00,1159.1855368599433,1182.8423845509626,1155.546021830556,1175.5633544921875,8100
2017-09-13 00:00:00+09:00,1191.0312933670848,1191.0312933670848,1149.1768705291277,1175.5633544921875,4500
2017-09-14 00:00:00+09:00,1182.842373107531,1182.842373107531,1163.7349193881016,1171.923828125,2500
2017-09-15 00:00:00+09:00,1171.9236725730866,1175.5631870841833,1165.5545221786679,1171.0137939453125,4600
2017-09-18 00:00:00+09:00,1171.0137939453125,1171.0137939453125,1171.0137939453125,1171.0137939453125,0
2017-09-19 00:00:00+09:00,1171.0139493764557,1179.202858113354,1171.0139493764557,1171.923828125,6500
2017-09-20 00:00:00+09:00,1171.9236175087276,1179.202646188906,1171.9236175087276,1172.83349609375,9700
2017-09-21 00:00:00+09:00,1171.9236725730866,1178.2928229675056,1165.5545221786679,1171.0137939453125,4600
2017-09-22 00:00:00+09:00,1167.374334455557,1172.8336064795112,1150.086639713035,1169.194091796875,2900
2017-09-25 00:00:00+09:00,1169.1940366897643,1175.5631870841833,1165.5545221786679,1171.0137939453125,5900
2017-09-26 00:00:00+09:00,1154.6359902994288,1174.6533203125,1151.9063543885554,1174.6533203125,10800
2017-09-27 00:00:00+09:00,1174.6532532637946,1174.6532532637946,1164.6445888285493,1172.83349609375,2000
2017-09-28 00:00:00+09:00,1165.5544743811774,1165.5544743811774,1147.3569025719476,1156.4556884765625,8300
2017-09-29 00:00:00+09:00,1150.9962830697823,1162.824703370104,1150.9962830697823,1152.8160400390625,2500
2017-10-02 00:00:00+09:00,1164.6447432170542,1174.6534089790757,1157.3657135719477,1173.7435302734375,3400
2017-10-03 00:00:00+09:00,1163.7347649231194,1174.6533084564091,1163.7347649231194,1171.0137939453125,5900
2017-10-04 00:00:00+09:00,1164.6446456086287,1181.9323395668816,1164.6446456086287,1181.0224609375,4000
2017-10-05 00:00:00+09:00,1181.0225599185442,1182.8423173298206,1167.3743793339693,1173.7435302734375,5800
2017-10-06 00:00:00+09:00,1171.0137960143009,1181.9323395668816,1160.0952524617198,1181.0224609375,5400
2017-10-09 00:00:00+09:00,1181.0224609375,1181.0224609375,1181.0224609375,1181.0224609375,0
2017-10-10 00:00:00+09:00,1181.022537974913,1181.022537974913,1161.9150855115283,1176.47314453125,3000
2017-10-11 00:00:00+09:00,1180.112630730395,1207.4089907318692,1180.112630730395,1205.5892333984375,8400
2017-10-12 00:00:00+09:00,1205.5892551901122,1207.409012556437,1200.129983091138,1202.859619140625,4200
2017-10-13 00:00:00+09:00,1214.6877989944264,1214.6877989944264,1208.3186494865904,1212.8680419921875,7900
2017-10-16 00:00:00+09:00,1214.6880769515144,1218.3275917888225,1183.7522008343972,1213.7781982421875,4500
2017-10-17 00:00:00+09:00,1219.2373046875,1223.7866976154385,1213.7780331739739,1219.2373046875,5800
2017-10-18 00:00:00+09:00,1205.589377070819,1205.589377070819,1186.4819227927155,1192.85107421875,6100
2017-10-19 00:00:00+09:00,1192.8508831194627,1201.0397907838983,1177.382946419973,1181.0224609375,5400
2017-10-20 00:00:00+09:00,1181.022384491318,1191.0310487666682,1181.022384491318,1185.57177734375,8700
2017-10-23 00:00:00+09:00,1185.571860160799,1211.0484619140625,1175.5631951863024,1211.0484619140625,8900
2017-10-24 00:00:00+09:00,1200.1299514541397,1211.9583740234375,1196.4904368174327,1211.9583740234375,5400
2017-10-25 00:00:00+09:00,1210.138516278981,1210.138516278981,1200.1298518586284,1209.2286376953125,5000
2017-10-26 00:00:00+09:00,1204.6792996714864,1207.408935546875,1193.7607561699322,1207.408935546875,3600
2017-10-27 00:00:00+09:00,1207.4088830748601,1219.2373046875,1185.5717970207556,1219.2373046875,4100
2017-10-30 00:00:00+09:00,1210.138518831623,1220.1471832730876,1196.4903400478079,1219.2373046875,13400
2017-10-31 00:00:00+09:00,1191.940836466441,1221.0569485022622,1191.940836466441,1212.8680419921875,7000
2017-11-01 00:00:00+09:00,1212.8682904222524,1247.4436805468179,1199.220110109924,1242.894287109375,9900
2017-11-02 00:00:00+09:00,1233.7953403498464,1233.7953403498464,1203.769347553722,1221.9669189453125,4100
2017-11-03 00:00:00+09:00,1221.9669189453125,1221.9669189453125,1221.9669189453125,1221.9669189453125,0
2017-11-06 00:00:00+09:00,1221.9669596354167,1221.9669596354167,1206.4990234375,1206.4990234375,3400
2017-11-07 00:00:00+09:00,1203.7693687325093,1223.7866976154385,1188.3014327775186,1219.2373046875,4500
2017-11-08 00:00:00+09:00,1203.7694091796875,1221.0571028867275,1196.4903802504075,1203.7694091796875,5800
2017-11-09 00:00:00+09:00,1197.4003354247677,1204.679364819447,1191.0311847044231,1199.2200927734375,10700
2017-11-10 00:00:00+09:00,1186.4817998798076,1186.4817998798076,1173.7434983473556,1182.84228515625,7600
2017-11-13 00:00:00+09:00,1182.8421846388298,1182.8421846388298,1171.0137627924416,1180.112548828125,1800
2017-11-14 00:00:00+09:00,1174.6532344979134,1189.2112916256954,1173.743355927427,1185.57177734375,3300
2017-11-15 00:00:00+09:00,1189.2113348638084,1189.2113348638084,1180.112548828125,1180.112548828125,6700
2017-11-16 00:00:00+09:00,1181.9324064753605,1191.0311932842546,1181.022527794471,1182.84228515625,3200
2017-11-17 00:00:00+09:00,1191.9410633787581,1205.589243493782,1191.9410633787581,1199.2200927734375,4100
2017-11-20 00:00:00+09:00,1199.219885529253,1216.5075773540298,1199.219885529253,1210.138427734375,4500
2017-11-21 00:00:00+09:00,1211.0485518510266,1221.0572175688037,1211.0485518510266,1220.1473388671875,3200
2017-11-22 00:00:00+09:00,1220.1472682388062,1220.1472682388062,1198.3101806640625,1198.3101806640625,9700
2017-11-23 00:00:00+09:00,1198.3101806640625,1198.3101806640625,1198.3101806640625,1198.3101806640625,0
2017-11-24 00:00:00+09:00,1204.679196243693,1205.5890747907047,1193.7606536795506,1194.6705322265625,3700
2017-11-27 00:00:00+09:00,1192.850887229226,1210.1385812470407,1192.850887229226,1201.039794921875,3300
2017-11-28 00:00:00+09:00,1201.039794921875,1207.408945349491,1191.9410085967093,1201.039794921875,5700
2017-11-29 00:00:00+09:00,1206.499064656047,1206.499064656047,1191.0311279296875,1191.0311279296875,4800
2017-11-30 00:00:00+09:00,1191.0310243348817,1194.6705385421694,1178.292724609375,1178.292724609375,9700
2017-12-01 00:00:00+09:00,1166.4643154364535,1190.1211580272084,1166.4643154364535,1181.9322509765625,4800
2017-12-04 00:00:00+09:00,1189.2113686019356,1189.2113686019356,1176.4730677905914,1181.0224609375,2000
2017-12-05 00:00:00+09:00,1174.6532344979134,1187.3915344847228,1173.743355927427,1185.57177734375,2900
2017-12-06 00:00:00+09:00,1180.112580223054,1187.391609245247,1171.0137939453125,1171.0137939453125,8400
2017-12-07 00:00:00+09:00,1171.0138623046873,1186.4817998798076,1171.0138623046873,1182.84228515625,5200
2017-12-08 00:00:00+09:00,1155.5459001527738,1173.743473383526,1154.636021491236,1165.5545654296875,20300
2017-12-11 00:00:00+09:00,1168.2841698537954,1179.2027134972889,1167.3742912168377,1174.6533203125,4700
2017-12-12 00:00:00+09:00,1176.4732332495344,1181.9325057936157,1173.7435969774938,1175.5633544921875,4300
2017-12-13 00:00:00+09:00,1175.563299211505,1180.112692784305,1173.743541782385,1177.383056640625,4300
2017-12-14 00:00:00+09:00,1180.1126606947073,1186.4818115234375,1180.1126606947073,1186.4818115234375,4700
2017-12-15 00:00:00+09:00,1186.4817881643037,1186.4817881643037,1173.7434867576317,1179.2027587890625,9200
2017-12-18 00:00:00+09:00,1179.2027571741246,1188.301543880715,1169.194091796875,1169.194091796875,8500
2017-12-19 00:00:00+09:00,1173.743328914464,1180.1124787612866,1166.4643005180953,1168.2840576171875,4100
2017-12-20 00:00:00+09:00,1168.2841126535686,1173.7433842080245,1166.46435546875,1166.46435546875,7200
2017-12-21 00:00:00+09:00,1171.0138723988543,1181.022537974913,1171.0138723988543,1176.47314453125,4800
2017-12-22 00:00:00+09:00,1181.0226501418288,1199.2202256447845,1181.0226501418288,1192.85107421875,9700
2017-12-25 00:00:00+09:00,1178.2927154212869,1195.5804077710973,1178.2927154212869,1184.661865234375,6300
2017-12-26 00:00:00+09:00,1185.5718777292902,1190.1212709669314,1174.6533339589516,1188.301513671875,7700
2017-12-27 00:00:00+09:00,1189.2112822787453,1198.3100679120944,1189.2112822787453,1191.94091796875,3200
2017-12-28 00:00:00+09:00,1193.7608642578125,1200.1300152104075,1189.2114707202445,1193.7608642578125,4100
2017-12-29 00:00:00+09:00,1197.400198760073,1200.129834471532,1181.022384491318,1185.57177734375,5200
2018-01-01 00:00:00+09:00,1185.57177734375,1185.57177734375,1185.57177734375,1185.57177734375,0
2018-01-02 00:00:00+09:00,1185.57177734375,1185.57177734375,1185.57177734375,1185.57177734375,0
2018-01-03 00:00:00+09:00,1185.57177734375,1185.57177734375,1185.57177734375,1185.57177734375,0
2018-01-04 00:00:00+09:00,1188.3013457196387,1190.121102757494,1173.7432894167948,1183.751953125,4700
2018-01-05 00:00:00+09:00,1187.3915344847228,1191.9409273371546,1173.743355927427,1185.57177734375,5700
2018-01-08 00:00:00+09:00,1185.57177734375,1185.57177734375,1185.57177734375,1185.57177734375,0
2018-01-09 00:00:00+09:00,1185.5719211989183,1185.5719211989183,1173.7434983473556,1182.84228515625,3900
2018-01-10 00:00:00+09:00,1182.842273476683,1182.842273476683,1176.473122773347,1179.2027587890625,2400
2018-01-11 00:00:00+09:00,1179.2026152930139,1182.8421295377452,1179.2026152930139,1181.9322509765625,2300
2018-01-12 00:00:00+09:00,1176.47314453125,1187.391688796041,1174.6533871537847,1176.47314453125,7300
2018-01-15 00:00:00+09:00,1182.8422967641632,1192.8509623521675,1182.8422967641632,1186.4818115234375,3200
2018-01-16 00:00:00+09:00,1186.4816223238286,1187.3915008685556,1181.9322296001944,1184.661865234375,4100
2018-01-17 00:00:00+09:00,1184.6620425180288,1190.1213146033654,1182.84228515625,1182.84228515625,3500
2018-01-18 00:00:00+09:00,1183.7521204342338,1191.941028261988,1183.7521204342338,1188.301513671875,5600
2018-01-19 00:00:00+09:00,1190.1212513316761,1202.859552186908,1190.1212513316761,1201.039794921875,7400
2018-01-22 00:00:00+09:00,1201.0397036020993,1208.3187321087787,1190.1211608420801,1191.94091796875,7300
2018-01-23 00:00:00+09:00,1191.9411068427853,1198.3102577953803,1182.8423197676495,1193.7608642578125,4200
2018-01-24 00:00:00+09:00,1192.850805907641,1192.850805907641,1183.7520202027772,1185.57177734375,5000
2018-01-25 00:00:00+09:00,1185.5717500585633,1188.3013857072015,1168.2840576171875,1168.2840576171875,8500
2018-01-26 00:00:00+09:00,1169.194080075838,1182.8422599989021,1164.6446867681498,1165.5545654296875,9000
2018-01-29 00:00:00+09:00,1169.1940032341988,1177.3829106498467,1169.1940032341988,1170.1038818359375,4600
2018-01-30 00:00:00+09:00,1169.193899286618,1170.1037778074638,1157.365478515625,1157.365478515625,9500
2018-01-31 00:00:00+09:00,1158.2755344180612,1175.5632289616142,1155.5458984375,1155.5458984375,10400
2018-02-01 00:00:00+09:00,1155.545675492983,1159.1851894315437,1145.5370121619414,1152.8160400390625,9000
2018-02-02 00:00:00+09:00,1149.176526100502,1155.545675492983,1144.6271336773013,1152.8160400390625,5000
2018-02-05 00:00:00+09:00,1148.2668197766868,1150.0865770188052,1130.0692473555032,1130.9791259765625,10300
2018-02-06 00:00:00+09:00,1091.854312294408,1092.7641908879866,1037.2615966796875,1037.2615966796875,17700
2018-02-07 00:00:00+09:00,1047.270247375073,1092.764176453052,1047.270247375073,1070.0172119140625,13000
2018-02-08 00:00:00+09:00,1076.386312866211,1091.854248046875,1055.4591064453125,1055.4591064453125,9700
2018-02-09 00:00:00+09:00,1053.6395915857727,1058.1889853318253,1032.712380353931,1035.4420166015625,10900
2018-02-12 00:00:00+09:00,1035.4420166015625,1035.4420166015625,1035.4420166015625,1035.4420166015625,0
2018-02-13 00:00:00+09:00,1039.0814031126272,1048.1801894796379,1005.4158935546874,1005.4158935546875,10800
2018-02-14 00:00:00+09:00,1005.4159253264127,1019.0641053082193,993.5875026755137,996.317138671875,10300
2018-02-15 00:00:00+09:00,1013.6049012398872,1019.0641735984503,995.4073267113434,998.136962890625,8900
2018-02-16 00:00:00+09:00,1014.5146781103009,1071.8370321201205,1006.3257703946124,1051.8197021484375,7600
2018-02-19 00:00:00+09:00,1052.7297178417566,1112.781715575167,1052.7297178417566,1105.502685546875,6100
2018-02-20 00:00:00+09:00,1105.5025035190736,1140.9877690641301,1105.5025035190736,1133.708740234375,9700
2018-02-21 00:00:00+09:00,1135.5284997762528,1165.5544937607212,1131.888985353893,1143.7174072265625,15100
2018-02-22 00:00:00+09:00,1144.6273977545243,1158.275578172901,1144.6273977545243,1150.086669921875,6900
2018-02-23 00:00:00+09:00,1151.906295524255,1160.0952028384086,1151.906295524255,1156.4556884765625,4400
2018-02-26 00:00:00+09:00,1160.0951933524977,1165.5544648506273,1156.4556790204115,1162.8248291015625,3900
2018-02-27 00:00:00+09:00,1169.1939239501953,1169.1939239501953,1164.64453125,1164.64453125,6700
2018-02-28 00:00:00+09:00,1168.2840454101563,1173.7433166503906,1164.64453125,1164.64453125,6700
2018-03-01 00:00:00+09:00,1161.0051406599623,1161.0051406599623,1116.4210874528007,1118.2408447265625,11400
2018-03-02 00:00:00+09:00,1109.1421639541768,1109.1421639541768,1063.6482277788618,1074.5667724609375,13300
2018-03-05 00:00:00+09:00,1088.2148942183462,1089.1247728924418,1055.4592619509044,1056.369140625,6300
2018-03-06 00:00:00+09:00,1060.0085712123562,1085.4851720655286,1053.639420999063,1077.2962646484375,8800
2018-03-07 00:00:00+09:00,1077.2961944918873,1080.935708662468,1063.6480163522097,1065.4677734375,3900
2018-03-08 00:00:00+09:00,1090.9446575733486,1090.9446575733486,1070.9273244068652,1086.395263671875,3600
2018-03-09 00:00:00+09:00,1082.7554415150275,1115.5110683171629,1082.7554415150275,1094.5838623046875,7900
2018-03-12 00:00:00+09:00,1109.1420132506128,1115.511163449755,1107.322256050858,1113.69140625,3200
2018-03-13 00:00:00+09:00,1119.1506943359375,1140.0779024414062,1115.5111798828125,1137.3482666015625,5700
2018-03-14 00:00:00+09:00,1142.80753828125,1142.80753828125,1129.1593590820312,1137.3482666015625,6100
2018-03-15 00:00:00+09:00,1146.4471524003623,1152.816303247031,1117.3310342441628,1130.0693359375,5900
2018-03-16 00:00:00+09:00,1137.3481750488281,1140.0778106689454,1123.6999969482422,1128.2493896484375,7500
2018-03-19 00:00:00+09:00,1128.2497224590288,1137.3485105433758,1109.1422674819003,1117.3311767578125,6600
2018-03-20 00:00:00+09:00,1117.3309960775816,1121.8803893840866,1095.4939082063586,1099.1334228515625,11200
2018-03-21 00:00:00+09:00,1099.1334228515625,1099.1334228515625,1099.1334228515625,1099.1334228515625,0
2018-03-22 00:00:00+09:00,1088.214578636494,1093.673849097881,1083.665186585338,1090.9442138671875,4400
2018-03-23 00:00:00+09:00,1083.665310121194,1085.4850671491054,1064.557861328125,1064.557861328125,8800
2018-03-26 00:00:00+09:00,1064.5579760002367,1081.845669627591,1056.3690684925425,1080.935791015625,7900
2018-03-27 00:00:00+09:00,1082.755583699544,1111.8717002360027,1082.755583699544,1091.8543701171875,10700
2018-03-28 00:00:00+09:00,1085.485217685555,1094.5840040869427,1070.9271594433346,1081.845703125,7900
2018-03-29 00:00:00+09:00,1082.7556934165316,1101.8631468297644,1080.0260572146412,1088.2149658203125,11600
2018-03-30 00:00:00+09:00,1091.8543150738353,1101.8629796286789,1089.1246792861507,1093.674072265625,7800
2018-04-02 00:00:00+09:00,1094.5841169580567,1094.5841169580567,1075.4766635448239,1088.2149658203125,9400
2018-04-03 00:00:00+09:00,1085.485217685555,1099.1333972876366,1079.1160672045837,1081.845703125,6100
2018-04-04 00:00:00+09:00,1091.854242033559,1123.699990759538,1090.9443634985312,1108.2320556640625,9300
2018-04-05 00:00:00+09:00,1100.9530700079285,1104.5925842889465,1091.8542843053835,1102.7728271484375,7900
2018-04-06 00:00:00+09:00,1103.6828178674887,1141.8977217013178,1103.6828178674887,1109.14208984375,4500
2018-04-09 00:00:00+09:00,1110.0519082031249,1145.5371741210938,1110.0519082031249,1137.3482666015625,5400
2018-04-10 00:00:00+09:00,1144.6272574411312,1163.734707684584,1144.6272574411312,1162.8248291015625,4700
2018-04-11 00:00:00+09:00,1163.7347389004583,1168.2841319375987,1147.3569239667538,1153.72607421875,4100
2018-04-12 00:00:00+09:00,1155.5457642180095,1160.0951569905212,1137.348193127962,1151.90625,7500
2018-04-13 00:00:00+09:00,1151.90625,1161.0050355450237,1144.627221563981,1151.90625,5400
2018-04-16 00:00:00+09:00,1152.8162741189474,1159.1854248046875,1138.2582154086845,1159.1854248046875,4500
2018-04-17 00:00:00+09:00,1156.4557770976871,1161.915049058809,1150.0866264763781,1155.5458984375,3700
2018-04-18 00:00:00+09:00,1165.554633351345,1178.292935355185,1164.6447546367851,1177.383056640625,5800
2018-04-19 00:00:00+09:00,1178.292918592847,1228.3362471817325,1178.292918592847,1220.1473388671875,13400
2018-04-20 00:00:00+09:00,1220.1471315428944,1220.1471315428944,1191.940896585527,1194.6705322265625,8900
2018-04-23 00:00:00+09:00,1186.4819889126227,1205.5894442555407,1186.4819889126227,1204.6795654296875,3500
2018-04-24 00:00:00+09:00,1220.1471806993334,1220.1471806993334,1195.5804589402865,1209.2286376953125,6200
2018-04-25 00:00:00+09:00,1208.3188593867305,1214.6880100009678,1201.0398301133164,1211.9583740234375,6600
2018-04-26 00:00:00+09:00,1218.3275396377946,1240.1646277268962,1210.1386316043815,1235.615234375,13900
2018-04-27 00:00:00+09:00,1249.263384359137,1255.6325348984772,1235.6152046319796,1254.72265625,12300
2018-04-30 00:00:00+09:00,1254.72265625,1254.72265625,1254.72265625,1254.72265625,0
2018-05-01 00:00:00+09:00,1253.8128061273314,1253.8128061273314,1221.0571740369223,1225.6065673828125,6400
2018-05-02 00:00:00+09:00,1219.2372832365738,1231.0657046411077,1217.4175260974148,1221.9669189453125,6700
2018-05-03 00:00:00+09:00,1221.9669189453125,1221.9669189453125,1221.9669189453125,1221.9669189453125,0
2018-05-04 00:00:00+09:00,1221.9669189453125,1221.9669189453125,1221.9669189453125,1221.9669189453125,0
2018-05-07 00:00:00+09:00,1221.9669902050853,1243.8040771484375,1220.147232959806,1243.8040771484375,4700
2018-05-08 00:00:00+09:00,1238.3449373133042,1246.5338457892922,1232.885664995979,1237.43505859375,6500
2018-05-09 00:00:00+09:00,1240.1645583142135,1249.2633445087417,1220.147228686251,1223.7867431640625,8100
2018-05-10 00:00:00+09:00,1224.6967133596038,1242.894287109375,1223.7868346721152,1242.894287109375,4900
2018-05-11 00:00:00+09:00,1245.6238365228705,1254.72262276482,1236.5250502809213,1253.812744140625,5900
2018-05-14 00:00:00+09:00,1248.353470261636,1248.353470261636,1236.5250481673202,1243.8040771484375,7700
2018-05-15 00:00:00+09:00,1248.3534723954554,1253.812744140625,1237.434928905116,1253.812744140625,6200
2018-05-16 00:00:00+09:00,1251.0832446202794,1291.1179084481282,1249.2634871735588,1287.4783935546875,19800
2018-05-17 00:00:00+09:00,1282.928695186492,1287.4780877226142,1262.0014895203294,1269.280517578125,8700
2018-05-18 00:00:00+09:00,1286.56837890625,1286.56837890625,1266.551049107143,1273.830078125,4300
2018-05-21 00:00:00+09:00,1273.8301898709576,1284.7487343555658,1273.8301898709576,1280.1993408203125,6100
2018-05-22 00:00:00+09:00,1286.5684712226755,1292.9376220703125,1282.928956452597,1292.9376220703125,6000
2018-05-23 00:00:00+09:00,1298.3966766357423,1310.22509765625,1292.9374053955078,1310.22509765625,9800
2018-05-24 00:00:00+09:00,1309.315219116211,1310.22509765625,1300.2164337158204,1310.22509765625,5800
2018-05-25 00:00:00+09:00,1300.2165625206026,1300.2165625206026,1280.1992326567445,1293.847412109375,4800
2018-05-28 00:00:00+09:00,1298.3967835971764,1299.306662212171,1290.2078760622258,1296.5770263671875,4800
2018-05-29 00:00:00+09:00,1300.216504701046,1306.5856548290428,1277.4695399582006,1285.658447265625,9900
2018-05-30 00:00:00+09:00,1282.0189570740192,1282.0189570740192,1245.6238127993843,1246.53369140625,9300
2018-05-31 00:00:00+09:00,1264.7313367090192,1282.928909899077,1260.1819434115048,1278.3795166015625,6000
2018-06-01 00:00:00+09:00,1278.3795367857263,1278.3795367857263,1255.6325699390052,1265.6412353515625,8000
2018-06-04 00:00:00+09:00,1273.830223083496,1282.0191316604614,1264.7314357757568,1281.1092529296875,10300
2018-06-05 00:00:00+09:00,1276.5597983735183,1319.3240966796875,1276.5597983735183,1319.3240966796875,8200
2018-06-06 00:00:00+09:00,1310.2252274525317,1313.864741973233,1290.2078975886734,1293.847412109375,37300
2018-06-07 00:00:00+09:00,1292.0275268554688,1315.6843688964843,1286.5682556152344,1310.22509765625,34000
2018-06-08 00:00:00+09:00,1292.9376018245046,1312.9549327464883,1292.9376018245046,1305.6759033203125,18400
2018-06-11 00:00:00+09:00,1305.6758815887408,1316.5944255462773,1301.1264882731007,1308.405517578125,23600
2018-06-12 00:00:00+09:00,1314.7746365373305,1317.5042724609375,1306.5857287665099,1317.5042724609375,13600
2018-06-13 00:00:00+09:00,1317.5040898543937,1337.5214171864357,1316.594211339301,1335.70166015625,22100
2018-06-14 00:00:00+09:00,1336.611641867119,1354.8092135739553,1329.3326131843846,1348.4400634765625,20100
2018-06-15 00:00:00+09:00,1342.0709779613776,1346.6203711070095,1340.251220703125,1340.251220703125,27000
2018-06-18 00:00:00+09:00,1340.251352086018,1346.6205031142613,1323.87353515625,1323.87353515625,35900
2018-06-19 00:00:00+09:00,1323.873384817023,1323.873384817023,1289.2979974472312,1296.5770263671875,24000
2018-06-20 00:00:00+09:00,1295.667217962819,1319.3240632346121,1279.2894020054239,1318.4141845703125,81600
2018-06-21 00:00:00+09:00,1312.0450746132235,1315.6845893833017,1292.9376220703125,1292.9376220703125,48100
2018-06-22 00:00:00+09:00,1287.4784146403517,1287.4784146403517,1274.7401123046875,1274.7401123046875,38400
2018-06-25 00:00:00+09:00,1267.4609372248603,1272.010330395086,1211.0484619140625,1211.0484619140625,40800
2018-06-26 00:00:00+09:00,1201.0398147372703,1232.8855674007586,1188.301513671875,1188.301513671875,134900
2018-06-27 00:00:00+09:00,1194.7050178296638,1213.000653631037,1180.9832909786342,1207.511962890625,73900
2018-06-28 00:00:00+09:00,1207.5118217382667,1223.0631103515625,1196.534441540646,1223.0631103515625,18500
2018-06-29 00:00:00+09:00,1228.5519757366822,1232.2111029912962,1208.4267758363046,1226.722412109375,11900
2018-07-02 00:00:00+09:00,1227.6371756126987,1227.6371756126987,1204.7676306124622,1208.4267578125,10300
2018-07-03 00:00:00+09:00,1213.915318924161,1213.915318924161,1189.2162129626297,1191.0457763671875,10000
2018-07-04 00:00:00+09:00,1199.2788415857262,1199.2788415857262,1182.812770534206,1184.642333984375,7200
2018-07-05 00:00:00+09:00,1188.3014312603507,1214.83010062644,1185.5570861535139,1191.0457763671875,8100
2018-07-06 00:00:00+09:00,1191.9605580694665,1207.5118470082084,1188.3014312603507,1191.0457763671875,6900
2018-07-09 00:00:00+09:00,1191.9607015290615,1199.2789560280885,1171.8355016567364,1175.49462890625,13000
2018-07-10 00:00:00+09:00,1176.4094140468499,1183.7276685665815,1141.647705078125,1141.647705078125,13200
2018-07-11 00:00:00+09:00,1145.3067368321053,1148.9658637868406,1103.226776852651,1109.6302490234375,15400
2018-07-12 00:00:00+09:00,1098.6529976196787,1127.9260167069642,1098.6529976196787,1118.7781982421875,10500
2018-07-13 00:00:00+09:00,1118.778062985884,1127.9258803447217,1116.9484995141163,1117.86328125,5800
2018-07-16 00:00:00+09:00,1117.86328125,1117.86328125,1117.86328125,1117.86328125,0
2018-07-17 00:00:00+09:00,1137.9885580559987,1185.5572116081787,1137.9885580559987,1182.8128662109375,9000
2018-07-18 00:00:00+09:00,1207.5119973399158,1207.5119973399158,1190.1311428327504,1192.87548828125,7900
2018-07-19 00:00:00+09:00,1189.2164484266157,1191.960794076831,1174.5799382921343,1181.898193359375,8000
2018-07-20 00:00:00+09:00,1181.8980751899844,1193.7902384852396,1173.6650390625,1173.6650390625,8800
2018-07-23 00:00:00+09:00,1164.5171294496351,1173.6649466487681,1164.5171294496351,1167.261474609375,3000
2018-07-24 00:00:00+09:00,1167.2615009719777,1175.4945366371405,1167.2615009719777,1169.091064453125,1700
2018-07-25 00:00:00+09:00,1170.0058427764727,1183.7275688450006,1170.0058427764727,1177.3240966796875,2400
2018-07-26 00:00:00+09:00,1180.0686295925648,1184.6425390095903,1172.750374525324,1181.898193359375,3500
2018-07-27 00:00:00+09:00,1179.1536865234375,1180.0684682817955,1173.6649959732897,1179.1536865234375,3100
2018-07-30 00:00:00+09:00,1180.0684647053158,1187.38671875,1168.1763018827041,1187.38671875,7800
2018-07-31 00:00:00+09:00,1187.38687439421,1225.807713165055,1171.8355825107728,1223.9781494140625,11300
2018-08-01 00:00:00+09:00,1223.977968887544,1224.8927506281177,1161.7728105285357,1169.091064453125,13500
2018-08-02 00:00:00+09:00,1175.4946065809888,1200.1937150461147,1162.6876614509235,1165.4320068359375,5900
2018-08-03 00:00:00+09:00,1167.2615496859266,1180.9832763671875,1167.2615496859266,1180.9832763671875,2400
2018-08-06 00:00:00+09:00,1176.4093084967099,1193.7901614216223,1159.9432373046875,1159.9432373046875,3500
2018-08-07 00:00:00+09:00,1172.750144618332,1172.750144618332,1118.7780240781747,1148.9658203125,11100
2018-08-08 00:00:00+09:00,1140.7328665890677,1140.7328665890677,1071.2094521056924,1086.7607421875,20800
2018-08-09 00:00:00+09:00,1084.9313061247692,1084.9313061247692,1052.9139404296875,1052.9139404296875,10100
2018-08-10 00:00:00+09:00,1046.5103100650242,1052.9137822419955,1034.6181474506488,1041.9364013671875,12500
2018-08-13 00:00:00+09:00,1020.8964352369957,1025.470343997018,1007.1747089569285,1009.0042724609375,13900
2018-08-14 00:00:00+09:00,1007.1747784740388,1009.9191239194722,993.4530512468721,1005.34521484375,10700
2018-08-15 00:00:00+09:00,1007.1747514296767,1020.8964782883916,989.7938974086377,990.7086791992188,9900
2018-08-16 00:00:00+09:00,985.2200448172433,990.7087358747209,946.7992074148996,947.7139892578125,11600
2018-08-17 00:00:00+09:00,948.6286113341877,995.2824774653773,948.6286113341877,957.7764282226562,13800
2018-08-20 00:00:00+09:00,956.8616912182282,956.8616912182282,923.0147671502793,931.247802734375,14400
2018-08-21 00:00:00+09:00,931.2478449330301,931.2478449330301,912.9522094726562,912.9522094726562,12000
2018-08-22 00:00:00+09:00,914.7817598302721,919.3556686294235,912.0374145507812,912.0374145507812,7200
2018-08-23 00:00:00+09:00,919.3556402240146,937.6512748553383,916.611295029316,931.247802734375,8800
2018-08-24 00:00:00+09:00,932.1625697796162,955.9468944256123,931.2477880624625,951.3729858398438,8400
2018-08-27 00:00:00+09:00,978.816558576062,989.7939405414011,958.6913583062739,959.6061401367188,9700
2018-08-28 00:00:00+09:00,960.520806298686,966.0094966203928,942.2251718929969,943.1399536132812,10600
2018-08-29 00:00:00+09:00,943.1400581173781,953.2026581554878,926.6739853277439,937.6513671875,7700
2018-08-30 00:00:00+09:00,933.9921707731643,954.1173693598533,927.5886984955813,941.3104248046875,8800
2018-08-31 00:00:00+09:00,933.0774188554916,947.7139273865582,933.0774188554916,934.906982421875,7300
2018-09-03 00:00:00+09:00,934.906982421875,941.3104549042166,933.9922006386834,934.906982421875,8100
2018-09-04 00:00:00+09:00,932.1626108206955,937.6513013652726,930.3330473058363,933.077392578125,5500
2018-09-05 00:00:00+09:00,929.418247561483,932.1625927806606,919.3556484244984,927.5886840820312,6500
2018-09-06 00:00:00+09:00,932.1626668619467,932.1626668619467,914.7818124258554,915.6965942382812,5400
2018-09-07 00:00:00+09:00,914.7817417302598,915.6965234719901,901.9747973460362,906.5487060546875,10800
2018-09-10 00:00:00+09:00,912.9522413196545,987.0495675189451,912.9522413196545,944.9696044921875,16600
2018-09-11 00:00:00+09:00,949.5434605901513,949.5434605901513,933.9921707731643,941.3104248046875,11100
2018-09-12 00:00:00+09:00,947.7138773499443,953.2025677593068,920.2704253031312,923.0147705078125,12400
2018-09-13 00:00:00+09:00,921.185203687147,933.0773661975073,921.185203687147,931.247802734375,5700
2018-09-14 00:00:00+09:00,923.9295917254664,931.2478459173512,919.3556828555382,925.7591552734375,16000
2018-09-17 00:00:00+09:00,925.7591552734375,925.7591552734375,925.7591552734375,925.7591552734375,0
2018-09-18 00:00:00+09:00,925.7592292098637,969.6687578680392,925.7592292098637,965.0948486328125,8800
2018-09-19 00:00:00+09:00,970.5834350585938,975.157343800623,965.0947445681588,970.5834350585938,12500
2018-09-20 00:00:00+09:00,970.583368879376,974.2424956235019,956.8616435889041,966.0094604492188,13900
2018-09-21 00:00:00+09:00,965.0947634320255,989.793871121755,962.3504181331666,988.8790893554688,10000
2018-09-24 00:00:00+09:00,988.8790893554688,988.8790893554688,988.8790893554688,988.8790893554688,0
2018-09-25 00:00:00+09:00,988.8790102517552,1038.2772216796875,976.0720665482172,1038.2772216796875,21900
2018-09-26 00:00:00+09:00,1038.2773648137631,1040.1069284522014,1004.4304375026537,1009.9191284179688,26000
2018-09-27 00:00:00+09:00,1019.9817105764031,1019.9817105764031,1000.7712927090448,1004.430419921875,5900
2018-09-28 00:00:00+09:00,1011.7486200403284,1015.4077470567491,982.4756039089626,987.9642944335938,13500
2018-10-01 00:00:00+09:00,987.9643291975881,998.0269288468228,986.134765625,986.134765625,13900
2018-10-02 00:00:00+09:00,1005.3451958741381,1005.3451958741381,972.4130511503264,974.2426147460938,15200
2018-10-03 00:00:00+09:00,974.2425728951017,974.2425728951017,945.8843383789062,945.8843383789062,16400
2018-10-04 00:00:00+09:00,948.6287091697499,953.2026180857081,928.5035099395334,934.906982421875,18100
2018-10-05 00:00:00+09:00,933.0773842334747,944.0547652244568,933.0773842334747,936.7365112304688,6300
2018-10-08 00:00:00+09:00,936.7365112304688,936.7365112304688,936.7365112304688,936.7365112304688,0
2018-10-09 00:00:00+09:00,936.7365099009901,936.7365099009901,919.3556566899366,923.9295654296875,12300
2018-10-10 00:00:00+09:00,933.0773829091894,933.0773829091894,923.9295654296875,923.9295654296875,5800
2018-10-11 00:00:00+09:00,923.9294617989993,923.9294617989993,903.8042656013973,908.378173828125,26700
2018-10-12 00:00:00+09:00,911.122689277895,915.6965983606154,903.8044347455425,907.4635620117188,15800
2018-10-15 00:00:00+09:00,907.4635302684088,912.0374391911326,885.5087674393344,888.2531127929688,20600
2018-10-16 00:00:00+09:00,888.253104341947,891.9122314453125,876.3609412560096,891.9122314453125,16400
2018-10-17 00:00:00+09:00,892.8270271070077,911.1226629083807,892.8270271070077,905.6339721679688,12000
2018-10-18 00:00:00+09:00,911.1226147633388,916.6113052137204,905.6339243129572,906.5487060546875,6700
2018-10-19 00:00:00+09:00,906.5488063267298,908.3783700125558,894.6566423688615,896.4862060546875,7700
2018-10-22 00:00:00+09:00,896.4861222809436,898.3156857958027,880.020050647212,886.4235229492188,21200
2018-10-23 00:00:00+09:00,885.5087712975896,888.2531166631813,878.190516989345,880.0200805664062,9700
2018-10-24 00:00:00+09:00,878.1904823651453,884.5939546323912,878.1904823651453,881.849609375,6800
2018-10-25 00:00:00+09:00,878.1905295047418,878.1905295047418,863.5540206796628,868.1279296875,19400
2018-10-26 00:00:00+09:00,862.6391438545363,873.616524264138,855.3208902481351,869.9573974609375,10000
2018-10-29 00:00:00+09:00,869.0427329918857,881.8496785307135,851.661878332048,852.57666015625,11200
2018-10-30 00:00:00+09:00,859.8948485329595,895.5713369295397,858.980066779201,894.6565551757812,14300
2018-10-31 00:00:00+09:00,894.6565740122824,912.9522094726562,883.6791927360581,912.9522094726562,10200
2018-11-01 00:00:00+09:00,908.3782986041197,908.3782986041197,887.3383178710938,887.3383178710938,7800
2018-11-02 00:00:00+09:00,899.2305035294621,901.9748489115459,892.8270309712665,897.4009399414062,5700
2018-11-05 00:00:00+09:00,898.3156953992834,902.8896042353286,887.3383141927749,895.5713500976562,5900
2018-11-06 00:00:00+09:00,905.6339313314973,906.5487130803169,890.0826416015625,890.0826416015625,5300
2018-11-07 00:00:00+09:00,889.1678090527244,912.9521331631883,889.1678090527244,899.2304077148438,5200
2018-11-08 00:00:00+09:00,912.0374027063351,926.673910673538,907.4634939665841,923.9295654296875,7200
2018-11-09 00:00:00+09:00,919.3557307545732,945.8844035823171,919.3557307545732,937.6513671875,5200
2018-11-12 00:00:00+09:00,930.3330726623535,941.3104540507,921.1852548387316,922.1000366210938,3500
2018-11-13 00:00:00+09:00,905.6339983786306,926.6739801591442,896.4861802131899,907.4635620117188,4600
2018-11-14 00:00:00+09:00,919.3556886282026,936.7365424430642,882.7644174390205,883.67919921875,11600
2018-11-15 00:00:00+09:00,884.5940289907504,916.611393018337,882.7644653320312,882.7644653320312,8700
2018-11-16 00:00:00+09:00,897.4009276606907,919.3556904169155,897.4009276606907,909.2930908203125,5100
2018-11-19 00:00:00+09:00,909.2931211214539,910.2079029334473,901.0600848135132,902.8896484375,2400
2018-11-20 00:00:00+09:00,902.8896275250561,918.44091796875,902.8896275250561,918.44091796875,4500
2018-11-21 00:00:00+09:00,918.4409048245888,919.3556866023025,910.2078688251652,917.526123046875,6300
2018-11-22 00:00:00+09:00,903.8044227547688,932.1626586914062,903.8044227547688,932.1626586914062,5800
2018-11-23 00:00:00+09:00,932.1626586914062,932.1626586914062,932.1626586914062,932.1626586914062,0
2018-11-26 00:00:00+09:00,932.1626024842262,948.6286739706993,927.5886937379837,936.7365112304688,7100
2018-11-27 00:00:00+09:00,951.3730162448109,992.5381948323268,946.7991075128647,991.6234130859375,12000
2018-11-28 00:00:00+09:00,1005.3451175356306,1006.2598992622327,986.134701276988,994.3677368164062,8600
2018-11-29 00:00:00+09:00,1005.3452363889317,1005.3452363889317,976.9869995117188,976.9869995117188,3600
2018-11-30 00:00:00+09:00,977.9017815694322,1004.4304547831961,977.9017815694322,1002.6008911132812,5500
2018-12-03 00:00:00+09:00,1002.6008253788096,1002.6008253788096,995.2825711789643,998.0269165039062,7100
2018-12-04 00:00:00+09:00,998.0269335238667,1002.6008424767717,990.7086791992188,990.7086791992188,4800
2018-12-05 00:00:00+09:00,990.7086099099981,1002.6007723558246,986.134701276988,994.3677368164062,9100
2018-12-06 00:00:00+09:00,994.3677166810969,997.1120618053318,949.5434129852609,976.0720825195312,11000
2018-12-07 00:00:00+09:00,976.9868436884401,983.3903155103682,947.7138296453409,957.7764282226562,7900
2018-12-10 00:00:00+09:00,952.2878589316236,991.6234765435927,944.9696044921875,944.9696044921875,5300
2018-12-11 00:00:00+09:00,965.0947812671997,974.2425990991163,934.906982421875,934.906982421875,5400
2018-12-12 00:00:00+09:00,933.9921878372107,997.1121300123015,933.9921878372107,993.4530029296875,8700
2018-12-13 00:00:00+09:00,1006.259930765825,1006.259930765825,976.9869145980919,1000.771240234375,14000
2018-12-14 00:00:00+09:00,1000.7712742057049,1000.7712742057049,984.3052020524118,986.134765625,11500
2018-12-17 00:00:00+09:00,986.134724781493,991.623415271928,970.5834350585938,970.5834350585938,6500
2018-12-18 00:00:00+09:00,970.5834359526634,972.4129994511604,930.3330389857292,936.7365112304688,10900
2018-12-19 00:00:00+09:00,936.73651378327,989.7938553842755,936.73651378327,962.3504028320312,8100
2018-12-20 00:00:00+09:00,966.9242022768838,976.0720187601088,962.3502940352713,963.2650756835938,8300
2018-12-21 00:00:00+09:00,965.0946787631873,970.583368879376,955.0320802168412,966.0094604492188,13100
2018-12-24 00:00:00+09:00,966.0094604492188,966.0094604492188,966.0094604492188,966.0094604492188,0
2018-12-25 00:00:00+09:00,923.9295439800176,933.0773612471464,914.7817267128887,926.6738891601562,7900
2018-12-26 00:00:00+09:00,954.1173693598533,969.6686591768404,936.7365160349855,941.3104248046875,8000
2018-12-27 00:00:00+09:00,941.3103238575494,982.4754983702702,941.3103238575494,980.6459350585938,5300
2018-12-28 00:00:00+09:00,987.9642614089058,987.9642614089058,925.7591042090859,968.7538452148438,5900
2018-12-31 00:00:00+09:00,968.7538452148438,968.7538452148438,968.7538452148438,968.7538452148438,0
2019-01-04 00:00:00+09:00,965.0948215262,965.0948215262,924.8444213867188,924.8444213867188,6000
2019-01-07 00:00:00+09:00,933.9921743355545,941.3104283949907,928.5034837909773,933.077392578125,6100
2019-01-08 00:00:00+09:00,945.884386297117,947.713949906976,936.7365682478219,944.9696044921875,3600
2019-01-09 00:00:00+09:00,947.7140065960143,960.5209526310955,944.0548791574196,953.2026977539062,4600
2019-01-10 00:00:00+09:00,953.20267180825,976.9869995117188,953.20267180825,976.9869995117188,4400
2019-01-11 00:00:00+09:00,968.7539116854127,992.5382381290584,964.1800027539424,986.134765625,4800
2019-01-15 00:00:00+09:00,986.1348768349644,1032.7887531972865,982.4757492771352,1028.21484375,12000
2019-01-16 00:00:00+09:00,1029.1294442083602,1029.1294442083602,972.4129770608772,973.3277587890625,15000
2019-01-17 00:00:00+09:00,982.475741854581,1009.9191983309659,982.475741854581,1006.2600708007812,5000
2019-01-18 00:00:00+09:00,994.3677166810969,998.0268435134101,976.0720825195312,976.0720825195312,6900
2019-01-21 00:00:00+09:00,976.986935679351,1006.2599524787323,976.986935679351,998.0269165039062,7200
2019-01-22 00:00:00+09:00,998.9416731888882,1009.919054212942,989.7938556688434,1009.0042724609375,8700
2019-01-23 00:00:00+09:00,993.4528916670913,999.8563633445035,971.4981316302495,981.5607299804688,2800
2019-01-24 00:00:00+09:00,976.0721456728024,1001.68603515625,976.0721456728024,1001.68603515625,2900
2019-01-25 00:00:00+09:00,1006.25998352829,1014.4930197571579,1004.430419921875,1004.430419921875,4000
2019-01-28 00:00:00+09:00,999.8565097701884,999.8565097701884,976.072182913807,978.8165283203125,5500
2019-01-29 00:00:00+09:00,971.4981937690878,975.1573206759393,925.7591074334433,926.6738891601562,13300
2019-01-30 00:00:00+09:00,954.1174078101656,954.1174078101656,914.7817908055279,918.44091796875,10900
2019-01-31 00:00:00+09:00,919.3556997595556,946.7991534837214,917.5261361779445,918.44091796875,8000
2019-02-01 00:00:00+09:00,920.2704551833832,933.9921816523204,910.2078557728294,916.611328125,6600
2019-02-04 00:00:00+09:00,916.6113101085984,917.5260918552138,907.4634926424447,911.1226196289062,5200
2019-02-05 00:00:00+09:00,912.9521489092693,948.6286356902929,912.9521489092693,946.799072265625,5900
2019-02-06 00:00:00+09:00,948.6285693104337,978.8163637050762,939.4807528272087,963.2650756835938,4300
2019-02-07 00:00:00+09:00,955.0321342740477,956.8616977496685,940.3956264690814,948.628662109375,1900
2019-02-08 00:00:00+09:00,953.20255923483,953.20255923483,926.6738891601562,926.6738891601562,5100
2019-02-12 00:00:00+09:00,926.6739179514284,954.1173706054688,926.6739179514284,954.1173706054688,3800
2019-02-13 00:00:00+09:00,954.1174307987608,954.1174307987608,927.5887582262161,928.5035400390625,3700
2019-02-14 00:00:00+09:00,928.5035489710366,938.5661490091463,924.8444216844513,937.6513671875,3000
2019-02-15 00:00:00+09:00,937.651393221453,965.0948486328125,937.651393221453,965.0948486328125,3400
2019-02-18 00:00:00+09:00,966.0095323350694,987.9642944335938,966.0095323350694,987.9642944335938,4900
2019-02-19 00:00:00+09:00,995.2826364336223,1002.6008911132812,989.7939454238781,1002.6008911132812,5100
2019-02-20 00:00:00+09:00,1002.60085631546,1014.4930197571579,1002.60085631546,1004.430419921875,11500
2019-02-21 00:00:00+09:00,1009.0043110830006,1009.0043110830006,986.134766407502,998.9417114257812,6900
2019-02-22 00:00:00+09:00,1000.7713274433665,1002.6008911132812,1000.7713274433665,1002.6008911132812,2600
2019-02-25 00:00:00+09:00,1002.6008263221154,1011.7486440805288,983.390409029447,1010.8338623046875,9000
2019-02-26 00:00:00+09:00,1010.8338754388351,1012.66343901429,987.9643307456488,1011.7486572265625,4000
2019-02-27 00:00:00+09:00,1011.7486044992768,1015.4077314594912,989.7938427379905,1008.0894775390625,5100
2019-02-28 00:00:00+09:00,1003.5155722852813,1015.4077349468206,999.8564453125,999.8564453125,5600
2019-03-01 00:00:00+09:00,999.8565586476078,1009.0043771164788,987.9643946380754,1003.5156860351562,6000
2019-03-04 00:00:00+09:00,1003.5156127379821,1016.3225576589773,1003.5156127379821,1015.4077758789062,4400
2019-03-05 00:00:00+09:00,1017.2373178487197,1019.0668813700304,1012.663409045443,1018.152099609375,6700
2019-03-06 00:00:00+09:00,1019.9815754585713,1020.8963571405969,1011.7485403203407,1016.3224487304688,4000
2019-03-07 00:00:00+09:00,1010.8337637515051,1020.8963623046875,995.282475078405,1020.8963623046875,5500
2019-03-08 00:00:00+09:00,1000.7713583303052,1011.7487406885901,983.3905029296875,983.3905029296875,7800
2019-03-11 00:00:00+09:00,979.7312503828774,994.3677583251052,979.7312503828774,991.6234130859375,2900
2019-03-12 00:00:00+09:00,1018.1521955853499,1025.4704503604469,998.0269949538335,1003.5156860351562,1000
2019-03-13 00:00:00+09:00,1003.5156860351562,1003.5156860351562,1003.5156860351562,1003.5156860351562,0
2019-03-14 00:00:00+09:00,1000.7713404944949,1008.0895952695918,1000.7713404944949,1003.5156860351562,1400
2019-03-15 00:00:00+09:00,1014.4928890366152,1024.5554875753012,975.1572765672064,987.0494384765625,11100
2019-03-18 00:00:00+09:00,991.6235659855212,1009.004421846891,985.2200927734375,985.2200927734375,3200
2019-03-19 00:00:00+09:00,998.9416220285635,998.9416220285635,982.475551335785,984.3051147460938,3100
2019-03-20 00:00:00+09:00,982.4756392594222,998.9417114257812,982.4756392594222,998.9417114257812,5500
2019-03-22 00:00:00+09:00,998.941536174101,1000.7710994271671,984.3050301495721,995.2824096679688,7100
2019-03-25 00:00:00+09:00,984.3053601511004,984.3053601511004,969.6688492194857,971.4984130859375,3800
2019-03-26 00:00:00+09:00,972.4131156866499,1050.1695736672382,972.4131156866499,1017.2374267578125,9600
2019-03-27 00:00:00+09:00,1033.7032629546848,1033.7032629546848,1008.0893767929757,1026.385009765625,5200
2019-03-28 00:00:00+09:00,1029.1294978215144,1029.1294978215144,1009.0042987530047,1010.8338623046875,5400
2019-03-29 00:00:00+09:00,1023.6406648197276,1041.936297792377,1022.7258831710951,1026.385009765625,5700
2019-04-01 00:00:00+09:00,1026.385009765625,1026.385009765625,1026.385009765625,1026.385009765625,0
2019-04-02 00:00:00+09:00,992.5381733632023,1005.3451175356306,985.2199195503861,994.3677368164062,34300
2019-04-03 00:00:00+09:00,991.6234226819585,1002.6008037448584,991.6234226819585,1000.771240234375,1900
2019-04-04 00:00:00+09:00,1014.4928749631905,1014.4928749631905,1004.4302765640966,1007.1746215820312,2900
2019-04-05 00:00:00+09:00,1016.3226448992174,1019.0669904750029,1012.6635174648368,1017.2374267578125,3600
2019-04-08 00:00:00+09:00,1019.9816583296023,1019.9816583296023,1012.6634042788069,1013.5781860351562,2200
2019-04-09 00:00:00+09:00,1019.9816583296023,1019.9816583296023,1012.6634042788069,1013.5781860351562,2200
2019-04-10 00:00:00+09:00,1016.3225313042045,1033.7033846748436,1011.7486225224575,1013.5781860351562,1800
2019-04-11 00:00:00+09:00,1031.8737425445229,1031.8737425445229,1018.1520172447287,1020.8963623046875,4200
2019-04-12 00:00:00+09:00,1031.8736996574198,1031.8736996574198,1018.1519749279329,1026.385009765625,5600
2019-04-15 00:00:00+09:00,1033.7034437687637,1048.3399527070824,1033.7034437687637,1047.4251708984375,10100
2019-04-16 00:00:00+09:00,1047.425166878791,1056.5729849301342,1047.425166878791,1055.658203125,4500
2019-04-17 00:00:00+09:00,1061.1469465133853,1065.7208557655981,1051.9991280089594,1059.3173828125,6000
2019-04-18 00:00:00+09:00,1064.8060211763432,1065.7208029814774,1041.9364760479853,1055.658203125,7500
2019-04-19 00:00:00+09:00,1047.4251015234036,1052.9137920117357,1034.6181570506283,1051.084228515625,4500
2019-04-22 00:00:00+09:00,1051.0842981330172,1051.0842981330172,1044.6808254725026,1047.4251708984375,6100
2019-04-23 00:00:00+09:00,1053.8284463367609,1067.5501708984375,1053.8284463367609,1067.5501708984375,7900
2019-04-24 00:00:00+09:00,1068.465005537468,1079.4423857313461,1065.7206604889984,1071.2093505859375,7700
2019-04-25 00:00:00+09:00,1073.039163349828,1073.039163349828,1051.9991797547332,1062.9765625,7800
2019-04-26 00:00:00+09:00,1062.9763315845335,1070.2945851582654,1054.7432963140852,1063.89111328125,5900
2019-05-07 00:00:00+09:00,1068.465005537468,1084.0162941454619,1068.465005537468,1071.2093505859375,5400
2019-05-08 00:00:00+09:00,1071.2094938122834,1073.9538392276863,1051.9990759044626,1055.658203125,9200
2019-05-09 00:00:00+09:00,1056.5728824182677,1061.146791000165,1025.4703040613663,1040.1068115234375,9700
2019-05-10 00:00:00+09:00,1033.703411480328,1033.703411480328,1015.4077758789062,1015.4077758789062,18300
2019-05-13 00:00:00+09:00,1007.1746662163971,1033.7033358987546,1007.1746662163971,1014.492919921875,7400
2019-05-14 00:00:00+09:00,1009.0042724609375,1009.919054212942,987.04951041283,1009.0042724609375,4400
2019-05-15 00:00:00+09:00,1027.2999030661854,1051.084228515625,1012.6633950972993,1051.084228515625,9100
2019-05-16 00:00:00+09:00,1044.680769361413,1060.2320592730978,1029.1294794497283,1051.9990234375,9800
2019-05-17 00:00:00+09:00,1041.0216645890532,1062.0616455078125,1031.8738467982882,1062.0616455078125,28700
2019-05-20 00:00:00+09:00,1062.0616094922896,1062.0616094922896,1049.2546650195143,1051.084228515625,19000
2019-05-21 00:00:00+09:00,1051.0841988428242,1060.2320160651288,1050.1694171205936,1057.4876708984375,12000
2019-05-22 00:00:00+09:00,1065.7208120863872,1070.2947211511355,1061.1469030216388,1064.8060302734375,13200
2019-05-23 00:00:00+09:00,1059.3171361614316,1076.6979872728887,1059.3171361614316,1067.5501708984375,7600
2019-05-24 00:00:00+09:00,1062.061612112196,1076.6981201171875,1051.9990128587642,1076.6981201171875,14700
2019-05-27 00:00:00+09:00,1077.6128090361244,1079.44237237914,1062.9763022920006,1070.2945556640625,14700
2019-05-28 00:00:00+09:00,1073.0390707437093,1073.9538525602002,1056.572998046875,1056.572998046875,10900
2019-05-29 00:00:00+09:00,1055.6581846099261,1060.2320935553764,1037.362548828125,1037.362548828125,23800
2019-05-30 00:00:00+09:00,1035.5329422800164,1051.0842320492393,1026.385124768709,1042.8511962890625,25400
2019-05-31 00:00:00+09:00,1036.4476509777876,1036.4476509777876,1020.8963623046875,1020.8963623046875,24600
2019-06-03 00:00:00+09:00,1007.1747792336193,1036.4477973403186,1007.1747792336193,1030.9591064453125,35700
2019-06-04 00:00:00+09:00,1026.3851673590443,1045.5955849299355,1026.3851673590443,1037.362548828125,16100
2019-06-05 00:00:00+09:00,1046.5102835380937,1046.5102835380937,1029.129430926884,1040.1068115234375,22100
2019-06-06 00:00:00+09:00,1012.6633372332232,1035.5328796278307,1012.6633372332232,1030.044189453125,22400
2019-06-07 00:00:00+09:00,1038.277409505501,1040.1069732226913,1014.493081182027,1017.2374267578125,41800
2019-06-10 00:00:00+09:00,1018.1520795163856,1037.3624961110343,1018.1520795163856,1033.703369140625,24700
2019-06-11 00:00:00+09:00,1036.4478501308786,1041.0217594430183,1019.9817766071753,1021.8113403320312,16900
2019-06-12 00:00:00+09:00,1022.7260701028033,1038.2773609719873,1022.7260701028033,1030.9591064453125,10200
2019-06-13 00:00:00+09:00,1025.4703055198574,1030.04421410826,1017.2372700607327,1019.0668334960938,13800
2019-06-14 00:00:00+09:00,1024.5557161921708,1032.7887531972865,1021.8113705237989,1028.21484375,22000
2019-06-17 00:00:00+09:00,1023.6409037865758,1034.6182861328125,1022.7261219243894,1034.6182861328125,14300
2019-06-18 00:00:00+09:00,1030.044368257276,1041.936532366818,1024.5556771297947,1025.470458984375,26400
2019-06-19 00:00:00+09:00,1037.3625791561528,1041.9364882353248,1026.3851973661408,1030.9591064453125,15800
2019-06-20 00:00:00+09:00,1030.044232395717,1030.044232395717,1024.5555419921875,1024.5555419921875,13200
2019-06-21 00:00:00+09:00,1024.5556551522582,1027.3000006571303,992.5382909287501,1002.6008911132812,44700
2019-06-24 00:00:00+09:00,998.0269819384944,1005.3452366181534,996.1974182685797,1002.6008911132812,29900
2019-06-25 00:00:00+09:00,997.1122305933985,1004.4304854968364,996.1974487304688,996.1974487304688,99600
2019-06-26 00:00:00+09:00,985.1488816594502,995.2765804428652,984.2281817700489,993.4351806640625,71100
2019-06-27 00:00:00+09:00,988.8318032806031,1002.6423033264217,985.149003268385,1000.8009033203125,17300
2019-06-28 00:00:00+09:00,999.8801883242546,1003.56298828125,993.4352883995126,1003.56298828125,13100
2019-07-01 00:00:00+09:00,1007.2459412738954,1011.8494419195713,999.8803402408139,1005.404541015625,13100
2019-07-02 00:00:00+09:00,1005.4043879219181,1006.3250879108576,999.8801879882812,999.8801879882812,5100
2019-07-03 00:00:00+09:00,1006.3251342773438,1006.3251342773438,986.9904336187672,1006.3251342773438,9600
2019-07-04 00:00:00+09:00,1006.3249813258157,1006.3249813258157,999.8800820858517,1004.4835815429688,3600
2019-07-05 00:00:00+09:00,1003.5630489766929,1003.5630489766929,987.9111482128362,992.5146484375,9000
2019-07-08 00:00:00+09:00,986.9903101979069,994.355909527742,984.2282104492188,984.2282104492188,9700
2019-07-09 00:00:00+09:00,984.2282375434444,984.2282375434444,952.9244395299017,960.2900390625,10500
2019-07-10 00:00:00+09:00,962.131452930066,962.131452930066,949.2416535606679,950.162353515625,11100
2019-07-11 00:00:00+09:00,950.1624453612344,962.1315459326453,950.1624453612344,959.3694458007812,6900
2019-07-12 00:00:00+09:00,955.686553245367,962.131452930066,950.162353515625,950.162353515625,6700
2019-07-16 00:00:00+09:00,952.9244696097691,959.3693694042313,950.1623696978567,958.4486694335938,7000
2019-07-17 00:00:00+09:00,958.4487452813756,962.1315454553675,944.6382446289062,944.6382446289062,7100
2019-07-18 00:00:00+09:00,944.6381176463075,952.0037170041734,913.3343203753773,915.1757202148438,15100
2019-07-19 00:00:00+09:00,924.3827693186649,949.2416684935694,912.4136697159332,947.4002685546875,14400
2019-07-22 00:00:00+09:00,947.4002217331978,958.4486208204654,921.6206238629067,940.955322265625,18100
2019-07-23 00:00:00+09:00,939.1139535866823,946.4795532226562,939.1139535866823,946.4795532226562,2900
2019-07-24 00:00:00+09:00,946.4795681688263,946.4795681688263,934.5104685713605,943.7174682617188,6100
2019-07-25 00:00:00+09:00,945.5588839336506,948.3209838867188,938.1932840588023,948.3209838867188,3400
2019-07-26 00:00:00+09:00,940.0346683855755,943.7174682617188,935.4311685403964,943.7174682617188,2500
2019-07-29 00:00:00+09:00,947.4002388332201,952.9244384765625,947.4002388332201,952.9244384765625,2000
2019-07-30 00:00:00+09:00,956.6072387695312,957.5279387105991,925.3034407732232,956.6072387695312,15800
2019-07-31 00:00:00+09:00,955.6865691108667,955.6865691108667,938.1932696762747,954.765869140625,3100
2019-08-01 00:00:00+09:00,952.0037390641918,956.6072387695312,941.876039712445,956.6072387695312,3100
2019-08-02 00:00:00+09:00,946.4796442315129,949.2417443605932,928.9863434140044,929.9070434570312,10000
2019-08-05 00:00:00+09:00,928.0656123046875,928.0656123046875,912.413712097168,920.7000122070312,8600
2019-08-06 00:00:00+09:00,912.413712097168,932.6691123657226,908.7309120483399,920.7000122070312,9800
2019-08-07 00:00:00+09:00,920.6999516582109,928.9862512231349,919.7792517065527,924.3827514648438,5500
2019-08-08 00:00:00+09:00,931.7483674150111,937.2725672218195,926.2241676082027,932.6690673828125,6700
2019-08-09 00:00:00+09:00,948.3209681068979,948.3209681068979,930.8276686952172,943.7174682617188,6100
2019-08-13 00:00:00+09:00,912.4136851757248,957.5279844427384,912.4136851757248,955.6865844726562,18800
2019-08-14 00:00:00+09:00,960.2900864768162,977.7833862304688,960.2900864768162,977.7833862304688,14700
2019-08-15 00:00:00+09:00,955.6866458565848,967.6557464308966,955.6866458565848,966.7350463867188,2400
2019-08-16 00:00:00+09:00,966.7348495382347,975.0211482485624,965.8141496815316,973.1797485351562,3100
2019-08-19 00:00:00+09:00,974.1005855900513,978.7040855219514,966.7349856990113,970.4177856445312,5600
2019-08-20 00:00:00+09:00,970.4177117057778,984.2282104492188,970.4177117057778,984.2282104492188,6500
2019-08-21 00:00:00+09:00,984.228286485511,985.1489864728688,969.4970866877859,981.4661865234375,6500
2019-08-22 00:00:00+09:00,981.4662009867446,981.4662009867446,969.4971009747112,971.3385009765625,2100
2019-08-23 00:00:00+09:00,964.8935392975466,971.3384388920912,963.9728393554688,963.9728393554688,1500
2019-08-26 00:00:00+09:00,923.4620697523709,970.4177682143559,923.4620697523709,951.0830688476562,11200
2019-08-27 00:00:00+09:00,965.8143458707651,967.6557459582214,935.4312444277382,952.0038452148438,5700
2019-08-28 00:00:00+09:00,949.2417306927194,983.3076317942041,949.2417306927194,969.4971313476562,3700
2019-08-29 00:00:00+09:00,965.8142683651417,986.0696677016842,944.6381690587563,951.0830688476562,6800
2019-08-30 00:00:00+09:00,951.0829850449672,989.7523803710938,951.0829850449672,989.7523803710938,7000
2019-09-02 00:00:00+09:00,989.752548075168,989.752548075168,970.4178471360251,985.1490478515625,4700
2019-09-03 00:00:00+09:00,985.1489864728688,994.355986346447,967.6556867130702,981.4661865234375,4700
2019-09-04 00:00:00+09:00,970.4177534836989,989.7524525569036,957.5279541015625,957.5279541015625,5200
2019-09-05 00:00:00+09:00,961.2107874694483,988.831787109375,961.2107874694483,988.831787109375,5300
2019-09-06 00:00:00+09:00,988.831848257769,995.2767485722983,988.831848257769,992.5146484375,3700
2019-09-09 00:00:00+09:00,991.5939485052817,999.8802489106183,990.6732484602443,996.1974487304688,6200
2019-09-10 00:00:00+09:00,997.1181487755061,1003.5630490907679,986.0697482350573,996.1974487304688,6100
2019-09-11 00:00:00+09:00,999.8802041495464,1011.8493041992188,999.8802041495464,1011.8493041992188,12800
2019-09-12 00:00:00+09:00,1008.1665496547217,1011.8493498361089,1004.4837494733347,1007.245849609375,7900
2019-09-13 00:00:00+09:00,1011.849212340474,1011.849212340474,1002.6422131381039,1010.0078125,16300
2019-09-17 00:00:00+09:00,1003.5629136642469,1013.6906127929686,1002.642213743454,1013.6906127929688,6900
2019-09-18 00:00:00+09:00,993.4353489291733,1010.0079497454153,988.8318487024394,1007.245849609375,5700
2019-09-19 00:00:00+09:00,996.1974491751693,1010.9286499023438,993.4353490388241,1010.9286499023438,7900
2019-09-20 00:00:00+09:00,1010.9284815122004,1011.849181404288,994.3558834546233,1008.1663818359375,9100
2019-09-24 00:00:00+09:00,997.1181192294034,1012.77001953125,995.276719193892,1012.77001953125,7600
2019-09-25 00:00:00+09:00,1011.8493344655085,1012.7700344968692,1000.800934089179,1006.3251342773438,8600
2019-09-26 00:00:00+09:00,1003.5628823754994,1011.849181404288,998.0386830229737,1008.1663818359375,9500
2019-09-27 00:00:00+09:00,1001.7215725806451,1001.7215725806451,984.2282730594758,998.95947265625,6000
2019-09-30 00:00:00+09:00,1000.8009165484642,1000.8009165484642,966.735015985177,968.576416015625,5800
2019-10-01 00:00:00+09:00,974.1006774902344,985.1490783691406,974.1006774902344,975.9420776367188,3400
2019-10-02 00:00:00+09:00,978.7040096933722,986.9903089287818,976.8626098632812,976.8626098632812,6900
2019-10-03 00:00:00+09:00,974.1006009793394,974.1006009793394,962.1315009673059,971.3385009765625,6100
2019-10-04 00:00:00+09:00,973.1798697908908,973.1798697908908,962.1314701338514,965.8142700195312,1900
2019-10-07 00:00:00+09:00,975.0213161221928,975.0213161221928,966.735015985177,968.576416015625,2200
2019-10-08 00:00:00+09:00,971.3385015507408,987.9111015771989,971.3385015507408,978.7041015625,2700
2019-10-09 00:00:00+09:00,976.8625826548381,993.4351806640625,969.4969835396272,993.4351806640625,3800
2019-10-10 00:00:00+09:00,988.8316460991086,988.8316460991086,972.2590486784532,973.1797485351562,1300
2019-10-11 00:00:00+09:00,975.9420161374169,982.3869162439847,963.9729159395051,968.576416015625,4500
2019-10-15 00:00:00+09:00,975.021316354925,977.7834164012563,968.5764162468188,972.2592163085938,5500
2019-10-16 00:00:00+09:00,982.386916478475,982.386916478475,966.7350162159313,972.2592163085938,5400
2019-10-17 00:00:00+09:00,974.1005862823314,984.2282861397091,973.179886295297,977.7833862304688,4900
2019-10-18 00:00:00+09:00,977.7833116572257,991.5938104094463,977.7833116572257,987.9110107421875,3000
2019-10-21 00:00:00+09:00,987.9109805936591,991.5937801485283,987.9109805936591,989.7523803710938,5900
2019-10-23 00:00:00+09:00,989.7525787353516,991.5939788818359,975.0213775634766,975.9420776367188,6400
2019-10-24 00:00:00+09:00,982.3869015683796,997.1181015918979,978.7041015625,978.7041015625,4400
2019-10-25 00:00:00+09:00,978.7041180037045,998.038818359375,978.7041180037045,998.038818359375,4000
2019-10-28 00:00:00+09:00,998.03875595776,998.03875595776,982.3868566484593,986.9903564453125,3900
2019-10-29 00:00:00+09:00,987.9110559470645,993.4352557007294,981.4661562344555,983.3075561523438,5300
2019-10-30 00:00:00+09:00,988.8318190696023,1012.77001953125,988.8318190696023,1012.77001953125,23500
2019-10-31 00:00:00+09:00,1012.7699410816309,1012.7699410816309,993.4352422064361,997.1180419921875,4100
2019-11-01 00:00:00+09:00,988.8317568186934,990.6731567382812,982.3868571001358,990.6731567382812,2200
2019-11-05 00:00:00+09:00,994.3558834546233,1008.1663818359375,993.4351835625357,1008.1663818359375,6600
2019-11-06 00:00:00+09:00,1008.1665343400654,1011.8493344655085,1003.5630341832614,1006.3251342773438,5100
2019-11-07 00:00:00+09:00,1004.4835815429688,1006.3249813258157,998.0386823030047,1004.4835815429688,2500
2019-11-08 00:00:00+09:00,1011.8494419195713,1011.8494419195713,1001.7217404990843,1005.404541015625,9400
2019-11-11 00:00:00+09:00,1007.2458343087045,1008.1665343400654,1002.6423341519006,1006.3251342773438,5100
2019-11-12 00:00:00+09:00,998.9594559171306,998.9594559171306,985.1489565265713,986.9903564453125,9400
2019-11-13 00:00:00+09:00,1006.3251492258802,1006.3251492258802,991.5939485052817,996.1974487304688,5300
2019-11-14 00:00:00+09:00,1001.7215725806451,1001.7215725806451,996.1973727318548,998.95947265625,4300
2019-11-15 00:00:00+09:00,999.8801883242546,1005.4043882597477,998.0387883457569,1003.56298828125,3500
2019-11-18 00:00:00+09:00,1007.24568194385,1008.1663818359375,1002.6421824834118,1008.1663818359375,4300
2019-11-19 00:00:00+09:00,1009.0873415321657,1009.0873415321657,1001.7217404990843,1005.404541015625,2200
2019-11-20 00:00:00+09:00,1005.4043128988149,1012.769912260711,1005.4043128988149,1010.0078125,9500
2019-11-21 00:00:00+09:00,1010.0080416613009,1010.0080416613009,1003.5631407573546,1005.404541015625,2900
2019-11-22 00:00:00+09:00,1005.4044187209186,1005.4044187209186,999.8802186180563,1001.7216186523438,2800
2019-11-25 00:00:00+09:00,1003.5630186866312,1005.4044187209186,998.038818583769,1001.7216186523438,3900
2019-11-26 00:00:00+09:00,1001.7215869413408,1001.7215869413408,988.831787109375,988.831787109375,4300
2019-11-27 00:00:00+09:00,988.831787109375,991.5938870733676,986.9903871333798,988.831787109375,3000
2019-11-28 00:00:00+09:00,992.5145562015363,992.5145562015363,986.0696564859419,986.9903564453125,3900
2019-11-29 00:00:00+09:00,986.9904021504435,987.9111021524495,986.0697021484375,986.0697021484375,1900
2019-12-02 00:00:00+09:00,982.3869015683796,983.3076015698495,978.7041015625,978.7041015625,5000
2019-12-03 00:00:00+09:00,970.4177389500134,970.4177389500134,962.1314394713131,963.9728393554688,4800
2019-12-04 00:00:00+09:00,961.2108461216518,968.5764464750744,961.2108461216518,966.7350463867188,6000
2019-12-05 00:00:00+09:00,966.7349860438327,979.6247858577505,966.7349860438327,974.1005859375,9000
2019-12-06 00:00:00+09:00,982.386916478475,982.386916478475,964.8936161850438,972.2592163085938,7900
2019-12-09 00:00:00+09:00,972.2591856172913,979.6247855083315,968.5763856717713,970.4177856445312,1900
2019-12-10 00:00:00+09:00,970.4178158126715,973.1799158576791,964.8936157226562,964.8936157226562,4300
2019-12-11 00:00:00+09:00,964.8936308500299,969.4971309972151,962.1315307617188,962.1315307617188,3700
2019-12-12 00:00:00+09:00,963.0520629882812,965.8141625953222,962.1313631192676,963.0520629882812,2900
2019-12-13 00:00:00+09:00,969.4971465192522,976.8627468726748,963.0522462100074,966.7350463867188,13300
2019-12-16 00:00:00+09:00,964.893538770374,965.8142387119487,960.2900390625,960.2900390625,5200
2019-12-17 00:00:00+09:00,962.1314861102907,974.1005859375,962.1314861102907,974.1005859375,4300
2019-12-18 00:00:00+09:00,974.1006465040563,974.1006465040563,959.3694458007812,959.3694458007812,4600
2019-12-19 00:00:00+09:00,960.2901307028446,965.814330879467,960.2901307028446,962.1315307617188,5300
2019-12-20 00:00:00+09:00,962.1314689025585,962.1314689025585,952.0037692299,954.765869140625,12400
2019-12-23 00:00:00+09:00,949.2416827908199,949.2416827908199,931.7483831079629,937.2725830078125,8900
2019-12-24 00:00:00+09:00,937.2725213707316,943.7174208300589,928.9862220658823,933.5897216796875,5400
2019-12-25 00:00:00+09:00,933.5897971369096,933.5897971369096,921.6206971736159,923.4620971679688,13400
2019-12-26 00:00:00+09:00,928.0655666977613,928.9862666647233,920.6999669620647,925.303466796875,14500
2019-12-27 00:00:00+09:00,925.3035429994503,925.3035429994503,921.6207428283083,922.5414428710938,2100
2019-12-30 00:00:00+09:00,928.9862220658823,937.2725213707316,925.3034223748382,933.5897216796875,4100
2020-01-06 00:00:00+09:00,933.5898278967127,933.5898278967127,921.6207275390625,921.6207275390625,11900
2020-01-07 00:00:00+09:00,921.6206971736159,934.5104971340861,921.6206971736159,923.4620971679688,5500
2020-01-08 00:00:00+09:00,922.5413201892065,923.462020109555,918.8585205078125,918.8585205078125,11200
2020-01-09 00:00:00+09:00,921.6206516098691,924.3827514648438,920.6999516582109,924.3827514648438,2800
2020-01-10 00:00:00+09:00,929.9070586703622,929.9070586703622,926.2242584380043,927.1449584960938,3800
2020-01-14 00:00:00+09:00,927.1448667307991,927.1448667307991,920.6999669620647,925.303466796875,6300
2020-01-15 00:00:00+09:00,923.4621430353426,926.2242431640625,921.6207429495294,926.2242431640625,3300
2020-01-16 00:00:00+09:00,924.3828276215972,925.3035276491088,920.700027511551,921.6207275390625,8100
2020-01-17 00:00:00+09:00,921.6207122192383,923.4621122436523,920.7000122070312,920.7000122070312,3500
2020-01-20 00:00:00+09:00,920.7000122070312,922.5414122314453,920.7000122070312,920.7000122070312,5200
2020-01-21 00:00:00+09:00,920.7000122070312,923.4621122436523,919.7793121948242,920.7000122070312,9000
2020-01-22 00:00:00+09:00,920.700027511551,921.6207275390625,919.7793274840394,921.6207275390625,4800
2020-01-23 00:00:00+09:00,920.6999203485095,921.620620268858,918.8585205078125,918.8585205078125,5500
2020-01-24 00:00:00+09:00,920.6999042122986,920.6999042122986,914.2550048828125,914.2550048828125,10800
2020-01-27 00:00:00+09:00,912.413726340011,915.1758264197487,903.2067260742188,903.2067260742188,12600
2020-01-28 00:00:00+09:00,899.5238957293521,908.7308956856402,899.5238957293521,905.048095703125,9500
2020-01-29 00:00:00+09:00,905.0480645295908,905.0480645295908,899.5238647460938,899.5238647460938,7300
2020-01-30 00:00:00+09:00,902.2859020252838,904.1273018253354,892.158203125,892.158203125,11700
2020-01-31 00:00:00+09:00,892.1582954570392,903.2066954007796,892.1582954570392,901.3652954101562,3000
2020-02-03 00:00:00+09:00,896.7617495177223,900.4445493104027,893.9996496732118,898.6031494140625,5100
2020-02-04 00:00:00+09:00,898.6031494140625,909.6515487921042,898.6031494140625,898.6031494140625,11300
2020-02-05 00:00:00+09:00,899.5238804710372,906.8894803111276,899.5238804710372,904.1273803710938,5600
2020-02-06 00:00:00+09:00,904.127335290416,910.572234829146,904.127335290416,908.7308349609375,7900
2020-02-07 00:00:00+09:00,904.127350101626,908.730849847561,904.127350101626,905.96875,3000
2020-02-10 00:00:00+09:00,904.1274107641103,912.4137108627631,902.2860107421875,902.2860107421875,5300
2020-02-12 00:00:00+09:00,902.2859492067431,902.2859492067431,898.6031494140625,898.6031494140625,3400
2020-02-13 00:00:00+09:00,894.9203948188884,896.7617948082277,893.0789948295491,893.9996948242188,10900
2020-02-14 00:00:00+09:00,893.9997254358901,902.2860256716502,893.9997254358901,895.8411254882812,7400
2020-02-17 00:00:00+09:00,893.9996022278781,893.9996022278781,888.4754028320312,888.4754028320312,9100
2020-02-18 00:00:00+09:00,888.4754319116083,888.4754319116083,879.2684326171875,879.2684326171875,9600
2020-02-19 00:00:00+09:00,880.1891782748623,882.0305782294123,876.5063783657625,878.3477783203125,6400
2020-02-20 00:00:00+09:00,878.3477321107305,879.2684320395678,875.5856323242188,875.5856323242188,10300
2020-02-21 00:00:00+09:00,875.5856328994191,881.1098324760717,875.5856328994191,879.2684326171875,4400
2020-02-25 00:00:00+09:00,839.6783766283072,856.2509761670239,839.6783766283072,852.5681762695312,18200
2020-02-26 00:00:00+09:00,841.5197123254746,848.8853115580828,830.4713134765625,830.4713134765625,15000
2020-02-27 00:00:00+09:00,838.757719388479,845.2026195374575,811.13671875,811.13671875,14700
2020-02-28 00:00:00+09:00,774.3086488884096,774.3086488884096,729.1943518663738,733.7978515625,23700
2020-03-02 00:00:00+09:00,722.7495574951172,749.4498596191406,722.7495574951172,747.6084594726562,10700
2020-03-03 00:00:00+09:00,754.0532669559602,764.1809665121452,723.6701682874051,742.0841674804688,22400
2020-03-04 00:00:00+09:00,728.2736667277532,737.4806663071179,728.2736667277532,731.0357666015625,4500
2020-03-05 00:00:00+09:00,731.9563762664795,749.4496733093262,731.9563762664795,736.5598754882812,8900
2020-03-06 00:00:00+09:00,730.1150496283811,742.0841488026168,719.066650390625,719.066650390625,17400
2020-03-09 00:00:00+09:00,713.5425410996999,718.1460413648592,695.1285400390625,695.1285400390625,13800
2020-03-10 00:00:00+09:00,672.1110236037513,686.8422241210938,652.7763229247392,686.8422241210938,19600
2020-03-11 00:00:00+09:00,677.6351630938342,691.4456623416705,677.6351630938342,683.1593627929688,10700
2020-03-12 00:00:00+09:00,682.2387231243544,685.0008232179752,659.2212223441804,668.42822265625,10000
2020-03-13 00:00:00+09:00,653.6969745073878,661.0625742201471,631.6001753691099,643.5692749023438,24700
2020-03-16 00:00:00+09:00,694.2077936998663,708.0182935745321,657.3797940340909,688.68359375,15100
2020-03-17 00:00:00+09:00,661.9833241648488,708.9390258789062,650.0142237279322,708.9390258789062,15900
2020-03-18 00:00:00+09:00,708.9390278094586,757.7361297236162,701.5734275205292,756.8154296875,10700
2020-03-19 00:00:00+09:00,765.1016088252445,777.9914072892077,754.9739100321306,767.8637084960938,14500
2020-03-23 00:00:00+09:00,767.8637752918714,819.4229736328125,767.8637752918714,819.4229736328125,8300
2020-03-24 00:00:00+09:00,819.4230201679039,835.9956205757942,819.4230201679039,833.2335205078125,8900
2020-03-25 00:00:00+09:00,870.9821910920148,870.9821910920148,754.9739922784906,849.8060913085938,17600
2020-03-26 00:00:00+09:00,835.9956514277578,846.1233520507812,819.4230504082648,846.1233520507812,13500
2020-03-27 00:00:00+09:00,858.0923912238454,891.2375908848524,849.8060913085938,849.8060913085938,22600
2020-03-30 00:00:00+09:00,863.6166224813308,886.6341230805133,832.3128216664425,855.330322265625,24800
2020-03-31 00:00:00+09:00,856.2508907318115,883.8718872070312,856.2508907318115,883.8718872070312,10000
2020-04-01 00:00:00+09:00,884.7926626775848,884.7926626775848,862.6958636096742,877.4270629882812,7000
2020-04-02 00:00:00+09:00,851.6474576033611,851.6474576033611,825.8678588867188,825.8678588867188,9600
2020-04-03 00:00:00+09:00,883.8719495362191,883.8719495362191,776.1500556864924,781.6742553710938,4700
2020-04-06 00:00:00+09:00,769.7052062462117,854.4096069335938,765.1017062088539,854.4096069335938,9800
2020-04-07 00:00:00+09:00,804.6917590043677,850.7267566590797,802.8503590981792,818.5022583007812,16800
2020-04-08 00:00:00+09:00,817.5815224095395,875.5856169048109,817.5815224095395,874.6649169921875,13400
2020-04-09 00:00:00+09:00,873.7443231442186,874.6650231686066,842.4405223150263,862.6959228515625,9800
2020-04-10 00:00:00+09:00,862.6958904995944,873.7442903779244,833.233490824048,842.4404907226562,6800
2020-04-13 00:00:00+09:00,837.8369624719486,859.0130615234375,834.1541626369071,859.0130615234375,7300
2020-04-14 00:00:00+09:00,862.6958636096742,882.0305627940959,862.6958636096742,877.4270629882812,9800
2020-04-15 00:00:00+09:00,877.4270620840567,877.4270620840567,870.0614624023438,870.0614624023438,5400
2020-04-16 00:00:00+09:00,866.3786502554397,891.237548828125,859.0130506783477,891.237548828125,7700
2020-04-17 00:00:00+09:00,890.3168488809885,891.237548828125,880.1891494624871,891.237548828125,4300
2020-04-20 00:00:00+09:00,891.2375334273203,894.9203331522266,882.0305341150546,890.3168334960938,12900
2020-04-21 00:00:00+09:00,886.6340781157871,893.0789779567118,878.3477783203125,878.3477783203125,5300
2020-04-22 00:00:00+09:00,875.5856169048109,882.9512162057977,870.0614174290707,874.6649169921875,5700
2020-04-23 00:00:00+09:00,882.9513251215434,895.8411254882812,882.9513251215434,895.8411254882812,4500
2020-04-24 00:00:00+09:00,895.8411712646484,898.603271484375,884.7927703857422,894.9204711914062,10400
2020-04-27 00:00:00+09:00,899.5238969438188,919.779296875,899.5238969438188,919.779296875,13900
2020-04-28 00:00:00+09:00,905.9687969219219,919.779296875,902.2859969344345,919.779296875,10700
2020-04-30 00:00:00+09:00,919.7792198135099,920.6999197332432,908.730820776711,915.1757202148438,11400
2020-05-01 00:00:00+09:00,895.8410188334188,901.3652183329056,894.9203189168378,896.76171875,15600
2020-05-07 00:00:00+09:00,903.2066947709151,912.4136947176115,893.9996948242188,893.9996948242188,15700
2020-05-08 00:00:00+09:00,884.7926471614036,887.5547469964548,876.50634765625,876.50634765625,37900
2020-05-11 00:00:00+09:00,870.0614777579116,873.7442776637652,866.378677852058,870.982177734375,34600
2020-05-12 00:00:00+09:00,863.6165436990397,865.4579435789949,840.5990451995983,843.3611450195312,18600
2020-05-13 00:00:00+09:00,843.3611635561342,870.0614624023438,843.3611635561342,870.0614624023438,5500
2020-05-14 00:00:00+09:00,848.8854068887645,865.4580070232523,848.8854068887645,854.4096069335938,16200
2020-05-15 00:00:00+09:00,849.8060759505067,851.6474758983952,845.2025760807857,848.8853759765625,31500
2020-05-18 00:00:00+09:00,847.0439196134869,874.6649169921875,847.0439196134869,874.6649169921875,34900
2020-05-19 00:00:00+09:00,885.71339579492,905.048095703125,882.0305958124046,905.048095703125,16300
2020-05-20 00:00:00+09:00,905.0480352245203,914.2550345655633,903.2066353563117,908.7308349609375,18300
2020-05-21 00:00:00+09:00,909.6515348950418,911.4929347632503,906.889435092729,908.7308349609375,21400
2020-05-22 00:00:00+09:00,905.9687803311162,907.8101802911389,903.2066803910824,904.1273803710938,24300
2020-05-25 00:00:00+09:00,917.0171508789062,917.0171508789062,906.8894514214084,917.0171508789062,17200
2020-05-26 00:00:00+09:00,919.7793121948242,928.0656123046875,919.7793121948242,920.7000122070312,35000
2020-05-27 00:00:00+09:00,919.7793121948242,920.7000122070312,912.413712097168,920.7000122070312,22200
2020-05-28 00:00:00+09:00,919.779296875,920.6999968718719,915.1757968906406,919.779296875,25700
2020-05-29 00:00:00+09:00,909.6515656597574,917.9378653469414,909.6515656597574,910.572265625,67800
2020-06-01 00:00:00+09:00,906.8894657640293,913.334365520728,905.048065833544,910.572265625,19700
2020-06-02 00:00:00+09:00,907.81015137209,919.7792507309512,907.81015137209,917.0171508789062,11400
2020-06-03 00:00:00+09:00,914.2550510268613,917.9378508295879,914.2550510268613,917.0171508789062,13300
2020-06-04 00:00:00+09:00,916.0964509282246,919.7792507309512,915.175750977543,917.0171508789062,7500
2020-06-05 00:00:00+09:00,915.1757968906406,920.6999968718719,915.1757968906406,919.779296875,97100
2020-06-08 00:00:00+09:00,920.7000122070312,924.3828122558593,919.7793121948242,920.7000122070312,35200
2020-06-09 00:00:00+09:00,921.6206843403936,948.3209838867188,921.6206843403936,948.3209838867188,29300
2020-06-10 00:00:00+09:00,947.4002705911322,965.8142700195312,943.7174707054523,965.8142700195312,13600
2020-06-11 00:00:00+09:00,953.8451992149612,961.2107992088992,949.24169921875,949.24169921875,10700
2020-06-12 00:00:00+09:00,929.9070586703622,932.6691588446306,922.5414582056464,927.1449584960938,42300
2020-06-15 00:00:00+09:00,934.5104227980522,950.1623215050147,934.5104227980522,940.955322265625,11100
2020-06-16 00:00:00+09:00,942.7967548076923,957.5279541015625,942.7967548076923,957.5279541015625,13500
2020-06-17 00:00:00+09:00,959.3694156326411,965.8143157376588,959.3694156326411,964.8936157226562,7700
2020-06-18 00:00:00+09:00,958.4486535856622,959.369353541076,947.4002541206978,953.8451538085938,11300
2020-06-19 00:00:00+09:00,952.0037671354551,952.0037671354551,931.7483678347007,936.3518676757812,20100
2020-06-22 00:00:00+09:00,936.3518226459302,942.7967221135029,936.3518226459302,940.955322265625,16700
2020-06-23 00:00:00+09:00,940.0346687991603,950.1623684630102,939.1139688297194,947.4002685546875,15900
2020-06-24 00:00:00+09:00,943.7175441024326,945.5589441884862,929.9070434570312,929.9070434570312,37600
2020-06-25 00:00:00+09:00,925.303466796875,929.9069666316853,925.303466796875,925.303466796875,25900
2020-06-26 00:00:00+09:00,924.3827514648438,930.8276511264513,913.3343520449453,924.3827514648438,165000
2020-06-29 00:00:00+09:00,926.2389189852319,937.3760602956755,919.7422532208063,930.87939453125,84200
2020-06-30 00:00:00+09:00,942.0166085466224,942.0166085466224,927.1670856532766,932.7356567382812,23500
2020-07-01 00:00:00+09:00,934.5918057016227,934.5918057016227,904.8927612304688,904.8927612304688,19200
2020-07-02 00:00:00+09:00,918.8142774932239,918.8142774932239,903.9647538165657,909.5333251953125,9000
2020-07-03 00:00:00+09:00,913.2456665039062,913.2456665039062,908.6051905562238,913.2456665039062,5300
2020-07-06 00:00:00+09:00,914.1737060546875,917.8860865868892,913.245610921637,914.1737060546875,4800
2020-07-07 00:00:00+09:00,918.8141527004585,929.9512939453125,916.029867389245,929.9512939453125,10300
2020-07-08 00:00:00+09:00,929.0232059272664,934.5917765921652,910.4613037109375,910.4613037109375,11300
2020-07-09 00:00:00+09:00,916.9580364033063,926.2389881887649,911.3894653320312,911.3894653320312,5900
2020-07-10 00:00:00+09:00,898.3961224724264,900.2523128081133,867.7689819335938,867.7689819335938,18600
2020-07-13 00:00:00+09:00,890.0432537452998,917.8861083984375,886.3308731248815,917.8861083984375,10000
2020-07-14 00:00:00+09:00,921.5984726106902,921.5984726106902,903.9646649776558,915.101806640625,6300
2020-07-15 00:00:00+09:00,923.454656332851,924.3827514648438,916.9579904089012,924.3827514648438,3900
2020-07-16 00:00:00+09:00,923.4546573851919,923.4546573851919,914.1737060546875,914.1737060546875,2500
2020-07-17 00:00:00+09:00,923.4546640249399,923.4546640249399,904.8927612304688,904.8927612304688,2800
2020-07-20 00:00:00+09:00,905.8209049876143,915.1018568829792,905.8209049876143,913.2456665039062,2800
2020-07-21 00:00:00+09:00,914.1737318467665,929.0232543945312,914.1737318467665,929.0232543945312,8000
2020-07-22 00:00:00+09:00,929.0232447574012,934.5918156550481,916.9580078125,916.9580078125,10200
2020-07-27 00:00:00+09:00,916.9579678931955,930.87939453125,914.1736825655845,930.87939453125,7100
2020-07-28 00:00:00+09:00,932.7356295776367,932.7356295776367,921.5984877319336,928.0951538085938,1900
2020-07-29 00:00:00+09:00,931.8075070175094,931.8075070175094,923.4546508789062,923.4546508789062,4000
2020-07-30 00:00:00+09:00,929.0233250209263,929.9514202507175,909.5333251953125,909.5333251953125,7300
2020-07-31 00:00:00+09:00,909.5333001227795,911.3894905311932,889.1152056302273,894.6837768554688,4800
2020-08-03 00:00:00+09:00,891.8994466314149,897.468017578125,881.6903998957795,897.468017578125,3500
2020-08-04 00:00:00+09:00,898.3960941461713,921.5984726106902,898.3960941461713,915.101806640625,2400
2020-08-05 00:00:00+09:00,903.9646970687375,920.67041015625,903.9646970687375,920.67041015625,3700
2020-08-06 00:00:00+09:00,922.5265557523948,923.4546508789062,917.8860801198374,923.4546508789062,4600
2020-08-07 00:00:00+09:00,926.2389689168253,929.0232543945312,918.814207642943,929.0232543945312,3600
2020-08-11 00:00:00+09:00,940.1603228578473,940.1603228578473,927.1669916436223,937.3760375976562,13000
2020-08-12 00:00:00+09:00,936.4480251334828,941.0885009765625,933.663739627635,941.0885009765625,5500
2020-08-13 00:00:00+09:00,941.0884179445776,941.0884179445776,932.7355621640045,937.3760375976562,5800
2020-08-14 00:00:00+09:00,937.3761704034014,939.2323608398438,931.8075990940742,939.2323608398438,4400
2020-08-17 00:00:00+09:00,941.0885386378244,960.5785379587261,938.3042530205527,947.585205078125,18900
2020-08-18 00:00:00+09:00,951.2975234393925,961.5065700324006,951.2975234393925,957.794189453125,12400
2020-08-19 00:00:00+09:00,959.6503343746265,979.1403314944207,959.6503343746265,970.7874755859375,17700
2020-08-20 00:00:00+09:00,970.7875202943356,976.3560911564447,968.0032348632812,968.0032348632812,10100
2020-08-21 00:00:00+09:00,960.5784529749059,960.5784529749059,949.4413114911388,954.081787109375,3100
2020-08-24 00:00:00+09:00,964.2908444895328,964.2908444895328,955.93798828125,955.93798828125,3700
2020-08-25 00:00:00+09:00,964.2909006131749,964.2909006131749,955.0099487304688,955.0099487304688,3200
2020-08-26 00:00:00+09:00,955.0099667241827,955.0099667241827,944.8009194608533,947.585205078125,2300
2020-08-27 00:00:00+09:00,954.081781641766,955.0098767600946,953.1536865234375,953.1536865234375,2000
2020-08-28 00:00:00+09:00,950.369443056943,955.0099188531195,929.0232543945312,929.0232543945312,5700
2020-08-31 00:00:00+09:00,929.0233134394107,942.0166464945073,929.0233134394107,939.2323608398438,1600
2020-09-01 00:00:00+09:00,947.5850994586945,950.369384765625,940.160338640213,950.369384765625,2600
2020-09-02 00:00:00+09:00,950.369406614786,954.081787109375,949.4413114911388,954.081787109375,3200
2020-09-03 00:00:00+09:00,955.0099487304688,955.0099487304688,952.2256631656569,955.0099487304688,2100
2020-09-04 00:00:00+09:00,952.2256720406668,952.2256720406668,935.5199584960938,935.5199584960938,2400
2020-09-07 00:00:00+09:00,950.3694906953966,952.2256811069111,933.6637769917666,947.585205078125,6400
2020-09-08 00:00:00+09:00,952.2256077442354,955.93798828125,946.6570369387135,955.93798828125,4400
2020-09-09 00:00:00+09:00,947.5851212438442,955.0098822330223,947.5851212438442,954.081787109375,6700
2020-09-10 00:00:00+09:00,954.0818465584397,964.2908935546875,952.2256561954855,964.2908935546875,7000
2020-09-11 00:00:00+09:00,970.7875706858639,972.6437610695845,963.3628091509815,966.1470947265625,9200
2020-09-14 00:00:00+09:00,970.7875420425546,972.6437323715079,959.6504000688351,971.7156372070312,5200
2020-09-15 00:00:00+09:00,969.859446878078,971.7156372070312,968.0032565491247,971.7156372070312,2100
2020-09-16 00:00:00+09:00,971.7156372070312,974.4999227004612,967.0751613846481,971.7156372070312,4900
2020-09-17 00:00:00+09:00,974.4999389648436,974.4999389648436,970.7875582449776,974.4999389648438,4300
2020-09-18 00:00:00+09:00,974.4999851690275,993.0618896484375,966.147128153293,993.0618896484375,9300
2020-09-23 00:00:00+09:00,993.0618272017374,1003.2708740234375,987.4932562080827,1003.2708740234375,15700
2020-09-24 00:00:00+09:00,1002.3428004392281,1006.9832763671875,999.5585148824524,1006.9832763671875,6700
2020-09-25 00:00:00+09:00,1006.9831474791182,1046.8912353515625,1002.342672145113,1046.8912353515625,20900
2020-09-28 00:00:00+09:00,1057.10030022368,1111.85791015625,1049.675539554857,1111.85791015625,31200
2020-09-29 00:00:00+09:00,1111.8579156539956,1112.7860107421875,1071.9498268617403,1112.7860107421875,16900
2020-09-30 00:00:00+09:00,1113.714044744318,1122.9949951171875,1102.576904296875,1122.9949951171875,13800
2020-10-02 00:00:00+09:00,1122.0669837247701,1122.0669837247701,1113.7141277665212,1116.4984130859375,10200
2020-10-05 00:00:00+09:00,1116.4984294834421,1119.28271484375,1111.8579538829292,1119.28271484375,12200
2020-10-06 00:00:00+09:00,1106.2894002777475,1106.2894002777475,1039.4665505965413,1059.8846435546875,10000
2020-10-07 00:00:00+09:00,1061.7408879597983,1069.1656494140625,1061.7408879597983,1069.1656494140625,5100
2020-10-08 00:00:00+09:00,1090.511764276654,1090.511764276654,1069.1655765503876,1077.5184326171875,4000
2020-10-09 00:00:00+09:00,1076.5903970243173,1119.2827748373506,1076.5903970243173,1087.7275390625,7600
2020-10-12 00:00:00+09:00,1087.7275390625,1098.8646811006824,1087.7275390625,1087.7275390625,2200
2020-10-13 00:00:00+09:00,1086.799394812547,1086.799394812547,1079.3746337890625,1079.3746337890625,3500
2020-10-14 00:00:00+09:00,1079.3746392423755,1084.9432100381227,1078.446544109751,1080.302734375,2100
2020-10-15 00:00:00+09:00,1080.30271248653,1085.8712831694504,1076.59033203125,1076.59033203125,3000
2020-10-16 00:00:00+09:00,1072.8780463676947,1072.8780463676947,1071.949951171875,1071.949951171875,900
2020-10-19 00:00:00+09:00,1071.9498279607185,1092.367919921875,1071.9498279607185,1092.367919921875,4300
2020-10-20 00:00:00+09:00,1092.3681321636823,1094.2243227026179,1086.799560546875,1086.799560546875,4900
2020-10-21 00:00:00+09:00,1084.9433700079392,1086.799560546875,1071.950036235389,1086.799560546875,2300
2020-10-22 00:00:00+09:00,1086.799560546875,1086.799560546875,1075.6624173132607,1086.799560546875,2800
2020-10-23 00:00:00+09:00,1067.3094590504966,1079.374696413676,1067.3094590504966,1069.1656494140625,4200
2020-10-26 00:00:00+09:00,1069.1655169547873,1069.1655169547873,1046.8912353515625,1046.8912353515625,2400
2020-10-27 00:00:00+09:00,1045.0350981613685,1076.59033203125,1041.3227177060883,1076.59033203125,5200
2020-10-28 00:00:00+09:00,1056.1722357354881,1058.9565210669525,1048.747474851583,1055.244140625,3700
2020-10-29 00:00:00+09:00,1048.74752311464,1048.74752311464,1017.192287905881,1021.832763671875,8100
2020-10-30 00:00:00+09:00,1046.8913764184078,1046.8913764184078,955.9380476160993,966.1470947265625,7900
2020-11-02 00:00:00+09:00,967.075149304939,1022.7608584779681,967.075149304939,980.0684814453125,5500
2020-11-04 00:00:00+09:00,1003.2708985205411,1003.2708985205411,952.2256631656569,955.0099487304688,12600
2020-11-05 00:00:00+09:00,968.9313408810557,970.7875311892569,955.9380087236469,969.8594360351562,3300
2020-11-06 00:00:00+09:00,972.6437861244974,980.9966430664062,970.7875956929621,980.9966430664062,3900
2020-11-09 00:00:00+09:00,992.1336216991305,1036.68218469404,986.5650513247667,1025.5450439453125,6600
2020-11-10 00:00:00+09:00,1039.4665237467018,1055.244140625,1030.1855726418205,1055.244140625,12600
2020-11-11 00:00:00+09:00,1066.3813907026524,1073.80615234375,1049.6756770101827,1073.80615234375,7800
2020-11-12 00:00:00+09:00,1073.8059746160582,1084.943115234375,1073.8059746160582,1084.943115234375,5700
2020-11-13 00:00:00+09:00,1084.015285326087,1084.015285326087,1026.4733780570652,1045.96337890625,6700
2020-11-16 00:00:00+09:00,1034.826087883662,1053.387990805342,1026.473231568906,1041.32275390625,8600
2020-11-17 00:00:00+09:00,1036.6822889877808,1044.1070502338885,1036.6822889877808,1043.178955078125,4300
2020-11-18 00:00:00+09:00,1047.819379741095,1061.740806398417,1046.8912846306068,1055.244140625,2900
2020-11-19 00:00:00+09:00,1063.5970513261498,1065.4532416426002,1048.7475287945456,1064.525146484375,3700
2020-11-20 00:00:00+09:00,1064.5251301585376,1064.5251301585376,1048.747512710678,1061.7408447265625,5000
2020-11-24 00:00:00+09:00,1069.16565481353,1071.02184518647,1059.884702948829,1070.09375,3200
2020-11-25 00:00:00+09:00,1067.3094210562226,1067.3094210562226,1058.0284695687774,1062.6689453125,1900
2020-11-26 00:00:00+09:00,1053.3879449333945,1059.8846106730716,1053.3879449333945,1054.3160400390625,2000
2020-11-27 00:00:00+09:00,1063.5970273521325,1081.2308349609375,1051.5317905671607,1081.2308349609375,15000
2020-11-30 00:00:00+09:00,1072.8780355594101,1079.3747018647007,1059.884702948829,1070.09375,4200
2020-12-01 00:00:00+09:00,1070.093671668921,1083.0870033283875,1070.093671668921,1077.5184326171875,4100
2020-12-02 00:00:00+09:00,1074.7343009419185,1083.087158203125,1073.8062056906733,1083.087158203125,7100
2020-12-03 00:00:00+09:00,1084.0151475694445,1085.871337890625,1079.374671766493,1085.871337890625,2900
2020-12-04 00:00:00+09:00,1079.3746446863265,1081.2308349609375,1077.5184544117153,1081.2308349609375,2900
2020-12-07 00:00:00+09:00,1081.2308372036991,1081.2308372036991,1060.812744140625,1060.812744140625,4500
2020-12-08 00:00:00+09:00,1060.8128300848657,1076.5904487300475,1059.8847348704433,1075.662353515625,4200
2020-12-09 00:00:00+09:00,1082.158935546875,1082.158935546875,1079.3746501209396,1082.158935546875,1900
2020-12-10 00:00:00+09:00,1079.3746501209396,1084.015125830832,1077.5184598369829,1082.158935546875,2000
2020-12-11 00:00:00+09:00,1085.8712542978706,1092.367919921875,1082.1588739412966,1092.367919921875,8900
2020-12-14 00:00:00+09:00,1092.368022701812,1113.714211760556,1086.7994516430092,1110.0018310546875,7300
2020-12-15 00:00:00+09:00,1110.0017929654648,1110.0017929654648,1102.5770318085051,1103.505126953125,3400
2020-12-16 00:00:00+09:00,1103.5051378174853,1111.8579942013014,1096.0803765874266,1105.361328125,4500
2020-12-17 00:00:00+09:00,1108.1454967524382,1110.0016868642513,1103.5050214729054,1106.289306640625,2300
2020-12-18 00:00:00+09:00,1108.1454745205965,1122.9949951171875,1106.2892844460227,1122.9949951171875,9500
2020-12-21 00:00:00+09:00,1122.9950337343364,1132.2759844263558,1121.1388435959327,1129.49169921875,14700
2020-12-22 00:00:00+09:00,1130.4200966303822,1139.7010498046875,1126.7077153606601,1139.7010498046875,7100
2020-12-23 00:00:00+09:00,1141.5570013730676,1141.5570013730676,1122.995098911717,1140.62890625,9300
2020-12-24 00:00:00+09:00,1136.916487423761,1136.916487423761,1128.5636315977906,1134.1322021484375,4700
2020-12-25 00:00:00+09:00,1144.3412360592165,1161.9750426164956,1137.844570485482,1152.694091796875,11800
2020-12-28 00:00:00+09:00,1157.3347221765764,1158.2628173828125,1149.9099605266865,1158.2628173828125,23100
2020-12-29 00:00:00+09:00,1157.3347354366572,1157.3347354366572,1100.7209272075986,1118.354736328125,16400
2020-12-30 00:00:00+09:00,1118.3546876428916,1118.3546876428916,1068.2375481136667,1110.0018310546875,13500
2021-01-04 00:00:00+09:00,1110.0018521905367,1110.0018521905367,1042.2509030183717,1050.603759765625,10300
2021-01-05 00:00:00+09:00,1057.1004261245996,1059.8847117070175,1049.6756645714856,1050.603759765625,2600
2021-01-06 00:00:00+09:00,1057.100436955743,1058.0285321593915,1050.6037705302028,1052.4599609375,1800
2021-01-07 00:00:00+09:00,1066.3813907026524,1073.80615234375,1061.7409146769664,1073.80615234375,5400
2021-01-08 00:00:00+09:00,1067.309496585823,1080.3028295877373,1067.309496585823,1075.662353515625,6500
2021-01-12 00:00:00+09:00,1076.5903538445018,1080.302734375,1076.5903538445018,1080.302734375,3900
2021-01-13 00:00:00+09:00,1080.3027777037116,1087.7275390625,1078.4465873640145,1087.7275390625,3000
2021-01-14 00:00:00+09:00,1087.7274444761576,1092.367919921875,1078.4464935847227,1092.367919921875,3700
2021-01-15 00:00:00+09:00,1079.3747771981443,1087.727634459351,1079.3747771981443,1083.087158203125,2600
2021-01-18 00:00:00+09:00,1079.3747771981443,1093.296205966822,1079.3747771981443,1083.087158203125,2500
2021-01-19 00:00:00+09:00,1081.230851264849,1092.3679930804526,1081.230851264849,1084.01513671875,1800
2021-01-20 00:00:00+09:00,1056.1722792712883,1076.590372543668,1049.6756132300764,1062.6689453125,12300
2021-01-21 00:00:00+09:00,1056.1723793290562,1063.5971412224064,1056.1723793290562,1058.9566650390625,2700
2021-01-22 00:00:00+09:00,1049.6756126819957,1054.3160884232955,1020.9046630859375,1020.9046630859375,6300
2021-01-25 00:00:00+09:00,1021.8327611717707,1050.6037108505398,1021.8327611717707,1042.2508544921875,5700
2021-01-26 00:00:00+09:00,1042.2508869289402,1047.8194580078125,1030.1856495913835,1047.8194580078125,3600
2021-01-27 00:00:00+09:00,1040.394796657986,1047.8195588107637,1034.8262250434027,1044.107177734375,2700
2021-01-28 00:00:00+09:00,1038.5384638738878,1082.158935546875,1038.5384638738878,1082.158935546875,13500
2021-01-29 00:00:00+09:00,1082.1590108580508,1097.0085341631357,1059.8847259004237,1095.15234375,6600
2021-02-01 00:00:00+09:00,1096.0804335680727,1097.936623972083,1093.2961479620574,1094.2242431640625,3300
2021-02-02 00:00:00+09:00,1093.296013890156,1113.7141058303796,1092.367918801964,1112.7860107421875,5200
2021-02-03 00:00:00+09:00,1110.0018256406904,1111.8580159845712,1097.008493233525,1109.07373046875,4100
2021-02-04 00:00:00+09:00,1107.2174965939605,1113.714162542123,1095.1522598330876,1101.64892578125,4300
2021-02-05 00:00:00+09:00,1104.4332546090482,1111.8580159845712,1100.7208739212867,1109.07373046875,3400
2021-02-08 00:00:00+09:00,1099.7926623715555,1139.7007505420002,1099.7926623715555,1130.4197998046875,9500
2021-02-09 00:00:00+09:00,1102.577002681903,1123.9231904442631,1095.1522417210822,1119.28271484375,4100
2021-02-10 00:00:00+09:00,1129.491810438368,1129.491810438368,1105.3613362630208,1127.6356201171875,2000
2021-02-12 00:00:00+09:00,1083.0869410529208,1127.6355041810616,1083.0869410529208,1108.1455078125,8500
2021-02-15 00:00:00+09:00,1102.5771176413382,1118.354736328125,1102.5771176413382,1118.354736328125,2800
2021-02-16 00:00:00+09:00,1118.3546032988818,1118.3546032988818,1109.0736522341608,1116.4984130859375,2200
2021-02-17 00:00:00+09:00,1117.426604509974,1118.354699696444,1070.09375,1070.09375,12900
2021-02-18 00:00:00+09:00,1072.8779477242745,1072.8779477242745,1055.244140625,1055.244140625,6400
2021-02-19 00:00:00+09:00,1053.387999210058,1066.3813313589046,1053.387999210058,1063.5970458984375,3100
2021-02-22 00:00:00+09:00,1060.812819471829,1076.5904379591616,1060.812819471829,1073.80615234375,3600
2021-02-24 00:00:00+09:00,1079.3747018647007,1079.3747018647007,1064.5251788811795,1070.09375,3800
2021-02-25 00:00:00+09:00,1070.0937836674466,1098.8647353532149,1067.3094980204369,1097.008544921875,8100
2021-02-26 00:00:00+09:00,1097.008544921875,1107.2175922942445,1093.2961640591952,1097.008544921875,3300
2021-03-01 00:00:00+09:00,1110.0016645951705,1122.9949951171875,1098.8645241477273,1122.9949951171875,5700
2021-03-02 00:00:00+09:00,1122.9950511594845,1122.9950511594845,1105.3612445710298,1111.85791015625,6800
2021-03-03 00:00:00+09:00,1099.7925969716664,1099.7925969716664,1092.3678368233345,1098.864501953125,2100
2021-03-04 00:00:00+09:00,1092.3680581302967,1097.0085341631357,1091.439962923729,1095.15234375,3100
2021-03-05 00:00:00+09:00,1095.152449544271,1113.71435546875,1068.237685953776,1113.71435546875,5400
2021-03-08 00:00:00+09:00,1130.4199326812243,1132.276123046875,1102.577077196465,1132.276123046875,12700
2021-03-09 00:00:00+09:00,1132.2759891633063,1150.837890625,1117.4264679939515,1150.837890625,6100
2021-03-10 00:00:00+09:00,1146.1975690373256,1156.4066162109375,1136.9166170613148,1156.4066162109375,5300
2021-03-11 00:00:00+09:00,1150.8379453125,1160.118896484375,1132.27604296875,1160.118896484375,12000
2021-03-12 00:00:00+09:00,1137.8446371895925,1147.1255885532923,1137.8446371895925,1143.4132080078125,9800
2021-03-15 00:00:00+09:00,1141.5569508133303,1152.694091796875,1137.844570485482,1152.694091796875,7200
2021-03-16 00:00:00+09:00,1157.3346111328126,1160.118896484375,1148.0536599609375,1160.118896484375,6100
2021-03-17 00:00:00+09:00,1169.3999652847278,1169.3999652847278,1152.694251494946,1159.19091796875,10300
2021-03-18 00:00:00+09:00,1159.190900192438,1198.1708984375,1150.838043425639,1198.1708984375,12600
2021-03-19 00:00:00+09:00,1204.667478434245,1225.0855712890625,1187.961766098485,1225.0855712890625,9500
2021-03-22 00:00:00+09:00,1225.0856092808026,1231.582275390625,1213.9484673782497,1231.582275390625,13500
2021-03-23 00:00:00+09:00,1231.5823739454347,1231.5823739454347,1185.1776123046875,1185.1776123046875,10300
2021-03-24 00:00:00+09:00,1167.5436254523195,1174.040291094741,1133.204107056663,1134.1322021484375,9300
2021-03-25 00:00:00+09:00,1158.2626857383577,1161.0469710406135,1132.276022917305,1135.9884033203125,8600
2021-03-26 00:00:00+09:00,1135.988594168297,1136.9166894249704,1119.2828795481748,1126.7076416015625,9600
2021-03-29 00:00:00+09:00,1129.491784132999,1164.7593994140625,1129.491784132999,1164.7593994140625,19000
2021-03-30 00:00:00+09:00,1174.040287562779,1203.7393304102168,1170.3279072068492,1195.386474609375,11700
2021-03-31 00:00:00+09:00,1195.3864965291216,1203.7393524831293,1195.3864965291216,1199.098876953125,4600
2021-04-01 00:00:00+09:00,1199.0989828294705,1201.883268393316,1196.314697265625,1196.314697265625,4100
2021-04-02 00:00:00+09:00,1197.2427544318568,1197.2427544318568,1178.6808512623707,1189.8179931640625,2400
2021-04-05 00:00:00+09:00,1199.098904247181,1206.5236652641913,1197.2427139929284,1203.7393798828125,4200
2021-04-06 00:00:00+09:00,1199.0989139441288,1200.0270090787603,1163.831298828125,1163.831298828125,8900
2021-04-07 00:00:00+09:00,1163.8314114200368,1185.1776015816483,1163.8314114200368,1183.3214111328125,5900
2021-04-08 00:00:00+09:00,1190.7460883225367,1201.8832302242286,1187.0337076886394,1189.8179931640625,8100
2021-04-09 00:00:00+09:00,1183.3212601511102,1201.8831622711277,1183.3212601511102,1199.098876953125,7600
2021-04-12 00:00:00+09:00,1207.4517150925462,1216.732666015625,1207.4517150925462,1216.732666015625,4800
2021-04-13 00:00:00+09:00,1225.0856718393807,1239.0070999284646,1221.373291015625,1221.373291015625,10900
2021-04-14 00:00:00+09:00,1211.1641682567683,1213.948453701037,1205.5955973682314,1208.3798828125,6700
2021-04-15 00:00:00+09:00,1206.523663316196,1224.157470703125,1206.523663316196,1224.157470703125,4100
2021-04-16 00:00:00+09:00,1219.5171006037472,1226.0137670453196,1212.0923389562358,1221.373291015625,2400
2021-04-19 00:00:00+09:00,1221.3733337955532,1235.2947623722503,1221.3733337955532,1228.798095703125,5700
2021-04-20 00:00:00+09:00,1222.301258577412,1227.8698292315232,1220.445068359375,1220.445068359375,6700
2021-04-21 00:00:00+09:00,1207.4517927063669,1217.660839377981,1167.543701171875,1167.543701171875,10400
2021-04-22 00:00:00+09:00,1178.680897420889,1203.7394676810184,1176.82470703125,1176.82470703125,3700
2021-04-23 00:00:00+09:00,1163.8314155402036,1177.7528439557561,1162.9033203125,1162.9033203125,4400
2021-04-26 00:00:00+09:00,1175.8965410817666,1175.8965410817666,1164.7593994140625,1164.7593994140625,2900
2021-04-27 00:00:00+09:00,1166.615595143312,1174.0403562898089,1165.6875,1165.6875,2900
2021-04-28 00:00:00+09:00,1170.327994739036,1174.0403753726252,1148.0537109375,1148.0537109375,6000
2021-04-30 00:00:00+09:00,1152.6942354205332,1164.7594729893472,1149.9099498277299,1156.4066162109375,7200
2021-05-06 00:00:00+09:00,1161.047092198943,1172.1842345701557,1156.4066162109375,1156.4066162109375,5300
2021-05-07 00:00:00+09:00,1158.2628441739826,1165.6876059956105,1156.4066537185754,1162.9033203125,5300
2021-05-10 00:00:00+09:00,1170.3279138096882,1177.7526745634373,1170.3279138096882,1175.896484375,2900
2021-05-11 00:00:00+09:00,1176.824694068031,1176.824694068031,1153.622314453125,1153.622314453125,5500
2021-05-12 00:00:00+09:00,1150.8378858103945,1151.7659808795963,1129.49169921875,1129.49169921875,5600
2021-05-13 00:00:00+09:00,1129.4918321041519,1164.7594488830816,1129.4918321041519,1131.3480224609375,4400
2021-05-14 00:00:00+09:00,1143.4132433439556,1161.047051479942,1128.563720703125,1128.563720703125,7700
2021-05-17 00:00:00+09:00,905.820868879822,955.9380071170252,892.8275367442508,938.30419921875,285300
2021-05-18 00:00:00+09:00,928.095130958292,938.3041773988332,927.1670358273337,934.591796875,96900
2021-05-19 00:00:00+09:00,928.0951715284779,929.9513618715348,919.7423149847216,920.67041015625,120200
2021-05-20 00:00:00+09:00,919.7422768529901,919.7422768529901,910.4613255224857,914.1737060546875,71300
2021-05-21 00:00:00+09:00,908.605086029553,911.3893712778561,901.1803253674116,905.82080078125,112100
2021-05-24 00:00:00+09:00,900.2523389750098,902.108529364649,882.6185302734375,882.6185302734375,347600
2021-05-25 00:00:00+09:00,866.8408921722672,870.5532728667952,864.0566066513713,868.6970825195312,811900
2021-05-26 00:00:00+09:00,864.9846747344085,865.9127698789733,860.3441990115845,864.0565795898438,155800
2021-05-27 00:00:00+09:00,864.9847412109375,868.6971220745038,862.2004555632628,864.9847412109375,66100
2021-05-28 00:00:00+09:00,867.7689372959422,870.55322265625,866.8408421758396,870.55322265625,52700
2021-05-31 00:00:00+09:00,873.337490799563,878.9060614103998,872.409395697757,877.9779663085938,51700
2021-06-01 00:00:00+09:00,878.9061279296875,878.9061279296875,873.337556897398,878.9061279296875,45700
2021-06-02 00:00:00+09:00,877.97806146117,878.9061566635602,873.3375854492188,873.3375854492188,44700
2021-06-03 00:00:00+09:00,875.1937255859375,877.9780110331886,874.2656304368538,875.1937255859375,26100
2021-06-04 00:00:00+09:00,876.1217761049814,880.762251614012,872.409395697757,877.9779663085938,44900
2021-06-07 00:00:00+09:00,881.6903849838914,885.4027655522445,881.6903849838914,884.4746704101562,43400
2021-06-08 00:00:00+09:00,885.4027709960938,886.3308661438883,883.5465807005045,885.4027709960938,22700
2021-06-09 00:00:00+09:00,884.474653071345,891.8994140625,884.474653071345,891.8994140625,28900
2021-06-10 00:00:00+09:00,893.7555870788385,899.3241577148438,892.8274919728376,899.3241577148438,27000
2021-06-11 00:00:00+09:00,899.3241577148438,903.0365381388473,893.7555870788385,899.3241577148438,46800
2021-06-14 00:00:00+09:00,900.2522801080034,906.7489460469271,900.2522801080034,903.9646606445312,35400
2021-06-15 00:00:00+09:00,906.7489855579494,906.7489855579494,900.2523193359375,900.2523193359375,41100
2021-06-16 00:00:00+09:00,900.2523017368434,908.6051581447109,900.2523017368434,907.6770629882812,29400
2021-06-17 00:00:00+09:00,907.6770807325225,910.461366256242,897.4680338122181,900.2523193359375,51700
2021-06-18 00:00:00+09:00,897.4680914829071,899.3242819513308,889.115234375,889.115234375,62200
2021-06-21 00:00:00+09:00,882.6184702771775,882.6184702771775,863.1284725108045,872.409423828125,89200
2021-06-22 00:00:00+09:00,877.0498492004007,878.9060393574385,872.4093738078059,874.2655639648438,33700
2021-06-23 00:00:00+09:00,874.2656412760416,877.0499267578125,874.2656412760416,877.0499267578125,19000
2021-06-24 00:00:00+09:00,877.0498492004007,877.9779442789196,873.3374688863248,874.2655639648438,34100
2021-06-25 00:00:00+09:00,875.1937472414945,878.9061279296875,875.1937472414945,878.9061279296875,71100
2021-06-28 00:00:00+09:00,879.8342231017357,885.4027941340252,878.9061279296875,878.9061279296875,135600
2021-06-29 00:00:00+09:00,879.8441298175011,887.3481309246865,878.9061296791028,883.5961303710938,74300
2021-06-30 00:00:00+09:00,883.5961286123433,887.3481291584679,878.9061279296875,878.9061279296875,22400
2021-07-01 00:00:00+09:00,880.7821282027498,880.7821282027498,878.9061279296875,878.9061279296875,11000
2021-07-02 00:00:00+09:00,881.7201027063537,881.7201027063537,875.1541019415192,876.0921020507812,19600
2021-07-05 00:00:00+09:00,879.844138238663,879.844138238663,873.2781372070312,873.2781372070312,14300
2021-07-06 00:00:00+09:00,874.2160880796371,874.2160880796371,871.402087796119,872.340087890625,18400
2021-07-07 00:00:00+09:00,870.4640837296196,872.3400839100714,860.1460827371349,862.9600830078125,36900
2021-07-08 00:00:00+09:00,864.836204186945,866.7122046298667,858.2702026367188,858.2702026367188,62600
2021-07-09 00:00:00+09:00,856.3941211885619,872.3401234450849,849.8281202594054,869.526123046875,58300
2021-07-12 00:00:00+09:00,877.0301258922135,877.9681260268576,873.2781253536372,874.2161254882812,15300
2021-07-13 00:00:00+09:00,877.9681277931564,880.7821282027498,875.1541273835629,878.9061279296875,14400
2021-07-14 00:00:00+09:00,877.0301276566253,880.7821282027498,877.0301276566253,878.9061279296875,6100
2021-07-15 00:00:00+09:00,878.9061397976346,880.7821400960287,877.9681396484375,877.9681396484375,9400
2021-07-16 00:00:00+09:00,877.0300903320312,878.9060905252549,875.1540901388076,877.0300903320312,6300
2021-07-19 00:00:00+09:00,875.154084180749,876.0920842709749,861.0840828273607,862.9600830078125,20400
2021-07-20 00:00:00+09:00,859.2081298828125,861.0841301663995,858.2701297410191,859.2081298828125,11400
2021-07-21 00:00:00+09:00,862.9600830078125,867.6500834589419,861.0840828273607,862.9600830078125,5900
2021-07-26 00:00:00+09:00,867.6501583743405,867.6501583743405,864.836157860694,866.712158203125,5000
2021-07-27 00:00:00+09:00,870.4640738897137,870.4640738897137,865.7740734916011,868.5880737304688,7000
2021-07-28 00:00:00+09:00,866.7121463260136,871.402147117821,866.7121463260136,867.650146484375,5600
2021-07-29 00:00:00+09:00,870.4641708423619,870.4641708423619,865.774169921875,865.774169921875,5400
2021-07-30 00:00:00+09:00,865.774169921875,866.7121701059724,858.2701684490961,865.774169921875,11800
2021-08-02 00:00:00+09:00,866.7120500761887,877.0300506723338,866.7120500761887,870.4640502929688,13600
2021-08-03 00:00:00+09:00,873.2781609903752,875.1541613362193,865.7741596069993,871.4021606445312,8800
2021-08-04 00:00:00+09:00,872.3401817396657,872.3401817396657,860.1461791992188,860.1461791992188,7300
2021-08-05 00:00:00+09:00,862.0221303081929,864.8361307335733,859.2081298828125,859.2081298828125,7700
2021-08-06 00:00:00+09:00,861.0841284206487,861.0841284206487,854.5181274414062,854.5181274414062,15100
2021-08-10 00:00:00+09:00,851.7040641060465,854.5180643178506,844.2000635412355,849.8280639648438,28300
2021-08-11 00:00:00+09:00,849.8281131563534,855.4561139057332,847.9521129065602,850.76611328125,10300
2021-08-12 00:00:00+09:00,850.766101450647,853.580101786206,850.766101450647,851.7041015625,7300
2021-08-13 00:00:00+09:00,855.4561139057332,856.3941140306299,850.76611328125,850.76611328125,5600
2021-08-16 00:00:00+09:00,860.1460647414589,860.1460647414589,849.8280639648438,849.8280639648438,17000
2021-08-17 00:00:00+09:00,854.5180880791318,854.5180880791318,847.9520874023438,847.9520874023438,7600
2021-08-18 00:00:00+09:00,849.8281770496098,861.0841793946378,847.9521766587718,860.1461791992188,13600
2021-08-19 00:00:00+09:00,860.1460827371349,865.7740832784901,858.2700825566831,862.9600830078125,14700
2021-08-20 00:00:00+09:00,858.2701280009733,863.8981288403239,852.6421271616226,854.5181274414062,9700
2021-08-23 00:00:00+09:00,858.270106097452,864.8361069091264,858.270106097452,861.0841064453125,10200
2021-08-24 00:00:00+09:00,858.2701297410191,862.0221303081929,855.4561293156387,859.2081298828125,7600
2021-08-25 00:00:00+09:00,859.2080944173355,862.0220947265625,858.2700943142597,862.0220947265625,6600
2021-08-26 00:00:00+09:00,862.0221202130431,866.7121208670858,859.2081198206175,864.8361206054688,15400
2021-08-27 00:00:00+09:00,862.9601693695829,865.774169921875,862.0221691854855,865.774169921875,6100
2021-08-30 00:00:00+09:00,867.6500501303838,875.1540505639438,867.6500501303838,870.4640502929688,13100
2021-08-31 00:00:00+09:00,870.4640837296196,872.3400839100714,862.9600830078125,862.9600830078125,5900
2021-09-01 00:00:00+09:00,863.8981204746602,868.5881211287028,862.9601203438516,864.8361206054688,8400
2021-09-02 00:00:00+09:00,864.8360831882643,867.6500834589419,862.9600830078125,862.9600830078125,6200
2021-09-03 00:00:00+09:00,863.898073332356,868.5880737304688,858.2700728546208,868.5880737304688,13800
2021-09-06 00:00:00+09:00,872.3401370596553,873.2781372070312,867.6501363227753,873.2781372070312,11400
2021-09-07 00:00:00+09:00,872.3400898489723,877.0300903320312,870.4640896557487,877.0300903320312,12400
2021-09-08 00:00:00+09:00,876.0921292639083,884.534130509492,875.15412912551,883.5961303710938,23900
2021-09-09 00:00:00+09:00,883.5960554110724,887.3480556463636,879.8440551757812,879.8440551757812,16500
2021-09-10 00:00:00+09:00,881.7201805919535,890.1621823210254,881.7201805919535,889.2241821289062,20500
2021-09-13 00:00:00+09:00,890.1621449895944,890.1621449895944,883.5961439201242,887.34814453125,7900
2021-09-14 00:00:00+09:00,887.3481580232319,891.1001586914062,884.5341575221012,891.1001586914062,8500
2021-09-15 00:00:00+09:00,890.1621449895944,891.1001451423758,884.5341440729056,887.34814453125,9700
2021-09-16 00:00:00+09:00,884.5341322515179,888.2861328125,881.7201318307814,888.2861328125,11300
2021-09-17 00:00:00+09:00,888.2861109959505,894.8521118164062,884.5341105271186,894.8521118164062,11700
2021-09-21 00:00:00+09:00,889.2241448368129,889.2241448368129,877.0301428506541,887.34814453125,14200
2021-09-22 00:00:00+09:00,887.3481547903507,887.3481547903507,878.9061533177153,881.7201538085938,6500
2021-09-24 00:00:00+09:00,882.658157188014,891.1001586914062,882.658157188014,891.1001586914062,14300
2021-09-27 00:00:00+09:00,890.1621194072897,891.100119533114,883.5961185265194,884.5341186523438,8700
2021-09-28 00:00:00+09:00,881.720108337724,890.162109375,877.9681078767123,890.162109375,15400
2021-09-29 00:00:00+09:00,879.8440945095487,889.2240955171131,877.0300942072793,886.4100952148438,14400
2021-09-30 00:00:00+09:00,886.4100555875408,890.1620558228319,879.8440551757812,879.8440551757812,8000
2021-10-01 00:00:00+09:00,879.8440886466734,881.7200888356855,872.340087890625,872.340087890625,13100
2021-10-04 00:00:00+09:00,874.2161475929055,874.2161475929055,865.774146167652,867.650146484375,11200
2021-10-05 00:00:00+09:00,863.8981695536803,870.4641708423619,863.8981695536803,865.774169921875,8100
2021-10-06 00:00:00+09:00,872.3400719856983,872.3400719856983,862.9600712116585,863.8980712890625,13000
2021-10-07 00:00:00+09:00,864.836157860694,867.6501583743405,862.960157518263,866.712158203125,5700
2021-10-08 00:00:00+09:00,866.7121208670858,867.6501209978943,862.9601203438516,864.8361206054688,6300
2021-10-11 00:00:00+09:00,864.8361697377777,867.6501702900698,863.8981695536803,865.774169921875,6900
2021-10-12 00:00:00+09:00,866.7120715212744,866.7120715212744,863.8980712890625,863.8980712890625,5000
2021-10-13 00:00:00+09:00,862.9601066772194,864.8361069091264,859.2081062134055,861.0841064453125,12700
2021-10-14 00:00:00+09:00,861.0842033011014,861.0842033011014,858.2702026367188,858.2702026367188,7900
2021-10-15 00:00:00+09:00,858.2701566621855,866.712158203125,857.33215649097,866.712158203125,13600
2021-10-18 00:00:00+09:00,864.8360950357896,864.8360950357896,859.2080944173355,862.0220947265625,6400
2021-10-19 00:00:00+09:00,862.9600712116585,863.8980712890625,862.0220711342545,863.8980712890625,2500
2021-10-20 00:00:00+09:00,862.0220829175867,862.9600830078125,858.2700825566831,862.9600830078125,10000
2021-10-21 00:00:00+09:00,859.2081298828125,862.9601304499864,859.2081298828125,859.2081298828125,6100
2021-10-22 00:00:00+09:00,858.2701142804232,858.2701142804232,850.76611328125,850.76611328125,21800
2021-10-25 00:00:00+09:00,850.7660640354451,853.5800642472492,848.8900638942424,849.8280639648438,10200
2021-10-26 00:00:00+09:00,849.828103206505,856.3941040039062,848.8901030925905,856.3941040039062,9600
2021-10-27 00:00:00+09:00,850.7660640354451,853.5800642472492,849.8280639648438,849.8280639648438,13800
2021-10-28 00:00:00+09:00,854.5181376251727,854.5181376251727,848.89013671875,848.89013671875,9300
2021-10-29 00:00:00+09:00,849.828103206505,856.3941040039062,848.8901030925905,856.3941040039062,12300
2021-11-01 00:00:00+09:00,856.3942021937969,859.2082028581797,848.8902004221097,858.2702026367188,15000
2021-11-02 00:00:00+09:00,855.4561020099119,856.394102121765,851.7041015625,851.7041015625,6800
2021-11-04 00:00:00+09:00,850.7661033204195,856.3941040039062,849.828103206505,856.3941040039062,10400
2021-11-05 00:00:00+09:00,850.7661150882119,855.4561157226562,848.8901148344341,855.4561157226562,12700
2021-11-08 00:00:00+09:00,853.5801391601562,855.4561394660028,848.89013839554,853.5801391601562,12800
2021-11-09 00:00:00+09:00,855.4561394660028,855.4561394660028,847.9521382426168,853.5801391601562,13900
2021-11-10 00:00:00+09:00,856.3941040039062,856.3941040039062,851.7041034343339,856.3941040039062,9400
2021-11-11 00:00:00+09:00,853.5800642472492,861.0840648120602,849.8280639648438,849.8280639648438,18100
2021-11-12 00:00:00+09:00,858.270106097452,861.0841064453125,854.518105633638,861.0841064453125,7000
2021-11-15 00:00:00+09:00,860.1461570046165,866.712158203125,853.580155806108,866.712158203125,19200
2021-11-16 00:00:00+09:00,866.7121310171602,866.7121310171602,853.5801290320518,859.2081298828125,13800
2021-11-17 00:00:00+09:00,856.3941040039062,861.0841045734786,849.828103206505,856.3941040039062,12300
2021-11-18 00:00:00+09:00,856.3941277211898,858.2701280009733,844.2001259025967,854.5181274414062,23800
2021-11-19 00:00:00+09:00,854.5180643178506,854.5180643178506,846.0760636824383,849.8280639648438,10300
2021-11-22 00:00:00+09:00,846.0761108398438,854.5181119457845,835.7581094881383,846.0761108398438,24000
2021-11-24 00:00:00+09:00,845.1380970026709,847.0140972179931,837.6340961413819,842.3240966796875,23300
2021-11-25 00:00:00+09:00,842.3241103483145,846.0761108398438,841.3861102254322,846.0761108398438,8700
2021-11-26 00:00:00+09:00,844.2001069073185,844.2001069073185,836.6961059570312,836.6961059570312,24900
2021-11-29 00:00:00+09:00,832.9441043461595,832.9441043461595,802.9281005859375,802.9281005859375,48400
2021-11-30 00:00:00+09:00,802.9280749697758,810.4320756704279,798.2380745318682,800.1140747070312,35200
2021-12-01 00:00:00+09:00,797.3001043810816,797.3001043810816,780.4161021706586,783.2301025390625,32600
2021-12-02 00:00:00+09:00,781.3540885916112,789.7960895487835,778.5400882725538,779.4780883789062,21500
2021-12-03 00:00:00+09:00,779.4780958379617,799.1760982598597,776.6640954919764,798.2380981445312,33200
2021-12-06 00:00:00+09:00,804.8040751449388,810.4320756704279,794.4860741815421,800.1140747070312,24800
2021-12-07 00:00:00+09:00,798.2380552435196,812.3080562172597,798.2380552435196,811.3700561523438,24600
2021-12-08 00:00:00+09:00,807.6181284586589,811.3701290554471,802.9281277126737,810.43212890625,21700
2021-12-09 00:00:00+09:00,806.6801488455473,809.4941493647759,791.6721460763277,799.1761474609375,26100
2021-12-10 00:00:00+09:00,797.3001471147851,803.8661483263186,794.4861465955564,799.1761474609375,16900
2021-12-13 00:00:00+09:00,799.1760963818706,801.0520966081191,792.6100955900007,793.548095703125,14500
2021-12-14 00:00:00+09:00,792.6101446771003,800.1141460468243,787.9201438210227,794.4861450195312,24500
2021-12-15 00:00:00+09:00,787.9200793850806,798.2380804246471,783.2300789125504,785.1060791015625,24200
2021-12-16 00:00:00+09:00,787.9201013036521,787.9201013036521,774.7880996152579,778.5401000976562,37300
2021-12-17 00:00:00+09:00,775.7260978929925,780.4160984848485,773.85009765625,773.85009765625,31400
2021-12-20 00:00:00+09:00,770.0980896375194,771.0360897467003,752.2760875630822,755.090087890625,51100
2021-12-21 00:00:00+09:00,756.0280860900879,757.904086303711,747.5860851287842,750.4000854492188,44900
2021-12-22 00:00:00+09:00,752.2761587971293,753.2141589951307,748.5241580051236,749.462158203125,27300
2021-12-23 00:00:00+09:00,748.5241293870765,750.4001297113549,737.2681274414062,737.2681274414062,55200
2021-12-24 00:00:00+09:00,740.0820922851562,741.020092402121,727.8880907646151,740.0820922851562,76100
2021-12-27 00:00:00+09:00,740.0821772070065,740.0821772070065,733.5161756348276,738.2061767578125,68600
2021-12-28 00:00:00+09:00,738.2062007053643,743.8342022355196,729.7641984101314,736.3302001953125,95900
2021-12-29 00:00:00+09:00,733.516154837101,750.4001584011264,731.6401544410983,749.462158203125,47800
2021-12-30 00:00:00+09:00,746.6481103576432,757.9041120213263,744.7721100803627,753.214111328125,15500
2022-01-04 00:00:00+09:00,760.7181663280296,768.22216796875,756.0281653025794,768.22216796875,27800
2022-01-05 00:00:00+09:00,764.4701300519479,767.2841305306666,754.1521282966455,766.3461303710938,40500
2022-01-06 00:00:00+09:00,759.780086517334,763.5320869445801,750.4000854492188,750.4000854492188,21600
2022-01-07 00:00:00+09:00,759.7801362798455,759.7801362798455,747.5861340926381,751.338134765625,28700
2022-01-11 00:00:00+09:00,750.4000479714913,750.4000479714913,735.3920470120614,748.5240478515625,34200
2022-01-12 00:00:00+09:00,748.5241053237528,748.5241053237528,738.2061038719216,739.1441040039062,33100
2022-01-13 00:00:00+09:00,739.144150152439,739.144150152439,729.7641482469512,730.7021484375,36200
2022-01-14 00:00:00+09:00,735.392111838401,735.392111838401,720.3841095559847,728.8261108398438,38300
2022-01-17 00:00:00+09:00,730.7020955880482,732.5780958334605,715.6940936247507,720.3840942382812,41800
2022-01-18 00:00:00+09:00,713.8180915562541,725.0740929999796,713.8180915562541,715.694091796875,25900
2022-01-19 00:00:00+09:00,715.6940215612645,715.6940215612645,695.0580209395766,696.9340209960938,49800
2022-01-20 00:00:00+09:00,695.9960603841146,713.8180619303386,695.9960603841146,703.5000610351562,32000
2022-01-21 00:00:00+09:00,703.5000767161252,712.8800777390069,695.0580757955317,711.9420776367188,31800
2022-01-24 00:00:00+09:00,712.8800950537677,725.0740966796875,710.0660946785555,725.0740966796875,28700
2022-01-25 00:00:00+09:00,717.5700985092715,717.5700985092715,696.9340956763251,700.6860961914062,27400
2022-01-26 00:00:00+09:00,700.6860725596368,707.2520732395799,699.7480724625021,702.5620727539062,22000
2022-01-27 00:00:00+09:00,699.7481252765128,702.5621257803058,673.4841205744453,679.1121215820312,58100
2022-01-28 00:00:00+09:00,678.1740959685983,683.8020967650182,664.1040939775486,676.298095703125,125400
2022-01-31 00:00:00+09:00,680.0501492458628,729.76416015625,680.0501492458628,729.76416015625,65600
2022-02-01 00:00:00+09:00,726.0121104118907,732.5781114104478,720.3841095559847,728.8261108398438,23700
2022-02-02 00:00:00+09:00,726.9501074461979,753.214111328125,726.9501074461979,753.214111328125,53400
2022-02-03 00:00:00+09:00,753.2141059836761,754.1521061156607,736.3301036079523,739.1441040039062,14000
2022-02-04 00:00:00+09:00,736.3302001953125,740.082201215416,725.074197135002,736.3302001953125,22900
2022-02-07 00:00:00+09:00,737.2680623162653,737.2680623162653,726.0120613648719,727.8880615234375,20000
2022-02-08 00:00:00+09:00,728.8261091004999,736.3301102237998,724.1361083984375,724.1361083984375,12800
2022-02-09 00:00:00+09:00,724.1360947291056,726.9500950972239,720.3840942382812,720.3840942382812,13600
2022-02-10 00:00:00+09:00,720.3841580976864,734.4541611855318,720.3841580976864,729.76416015625,24800
2022-02-14 00:00:00+09:00,729.7641092409124,731.6401095217374,720.3841078367875,724.1361083984375,13700
2022-02-15 00:00:00+09:00,726.0121973900278,740.082201215416,726.0121973900278,736.3302001953125,21200
2022-02-16 00:00:00+09:00,740.0820922851562,740.0820922851562,733.5160914664033,740.0820922851562,12100
2022-02-17 00:00:00+09:00,738.2060938914417,748.5240952037744,738.2060938914417,744.7720947265625,5000
2022-02-18 00:00:00+09:00,744.7720809743374,745.7100810763202,740.0820804644235,741.0200805664062,6300
2022-02-21 00:00:00+09:00,735.3921186382528,747.5861206054688,733.5161183356042,747.5861206054688,8000
2022-02-22 00:00:00+09:00,745.7101679028659,749.4621687476601,741.9581670580716,743.8341674804688,6100
2022-02-24 00:00:00+09:00,741.9580688476562,741.9580688476562,733.5160680643074,741.9580688476562,13700
2022-02-25 00:00:00+09:00,741.9581433182242,745.7101440429688,732.578141506363,745.7101440429688,6900
2022-02-28 00:00:00+09:00,746.6480869079969,758.8420883273486,743.8340865804541,755.090087890625,25800
2022-03-01 00:00:00+09:00,752.2761411864342,773.8501452354217,752.2761411864342,770.09814453125,25700
2022-03-02 00:00:00+09:00,751.3380855560303,758.8420864105225,750.4000854492188,750.4000854492188,17900
2022-03-03 00:00:00+09:00,749.4621344291315,754.1521352703652,746.6481339243913,751.338134765625,7400
2022-03-04 00:00:00+09:00,750.4001584011264,753.2141589951307,744.7721572131179,749.462158203125,9400
2022-03-07 00:00:00+09:00,758.8420724533311,758.8420724533311,737.2680703934712,746.6480712890625,25500
2022-03-08 00:00:00+09:00,745.7100292127959,748.5240293230329,730.7020286248654,735.3920288085938,19100
2022-03-09 00:00:00+09:00,740.0821107854497,745.7101116279247,724.1361083984375,724.1361083984375,16000
2022-03-10 00:00:00+09:00,743.834055856271,767.2840576171875,740.0820555745244,767.2840576171875,24900
2022-03-11 00:00:00+09:00,743.8340920797209,770.0980953309595,742.8960919636052,769.1600952148438,19900
2022-03-14 00:00:00+09:00,769.160071602703,782.2920728251883,766.3460713407419,771.0360717773438,13500
2022-03-15 00:00:00+09:00,771.0360991328596,778.5401000976562,768.2220987710608,778.5401000976562,13200
2022-03-16 00:00:00+09:00,783.230122859394,783.230122859394,769.160120652339,771.97412109375,15700
2022-03-17 00:00:00+09:00,778.540055066951,786.9820556640625,770.0980544698394,786.9820556640625,14400
2022-03-18 00:00:00+09:00,785.1061417314615,793.5481432554558,779.4781407154654,789.796142578125,15900
2022-03-22 00:00:00+09:00,790.734077673692,790.734077673692,775.7260761994582,780.4160766601562,18400
2022-03-23 00:00:00+09:00,790.734118999463,794.4861195641106,785.1061181524918,791.672119140625,19600
2022-03-24 00:00:00+09:00,791.6720601902973,796.362060546875,781.3540594058267,796.362060546875,9600
2022-03-25 00:00:00+09:00,793.5481700942096,800.1141715016084,786.0441684857537,797.3001708984375,15300
2022-03-28 00:00:00+09:00,796.362060546875,799.1760607608215,786.0440597624042,796.362060546875,15500
2022-03-29 00:00:00+09:00,804.8040556979316,811.3700561523438,795.4240550487716,811.3700561523438,22900
2022-03-30 00:00:00+09:00,816.9981941554857,819.8121948242188,802.9281908118207,819.8121948242188,26900
2022-03-31 00:00:00+09:00,830.1301125069342,830.1301125069342,788.858106913369,792.610107421875,30800
2022-04-01 00:00:00+09:00,792.610093705294,792.610093705294,775.726091709205,788.8580932617188,15600
2022-04-04 00:00:00+09:00,793.5481262207031,810.43212890625,792.6101260715061,810.43212890625,10700
2022-04-05 00:00:00+09:00,818.8740566716717,818.8740566716717,810.4320560874277,811.3700561523438,12100
2022-04-06 00:00:00+09:00,814.1841715494792,815.1221717471169,787.920166015625,787.920166015625,18500
2022-04-07 00:00:00+09:00,784.1681247287327,785.1061248779297,771.036122639974,776.6641235351562,9800
2022-04-08 00:00:00+09:00,776.6641354174538,786.0441370529304,771.9741345997156,775.7261352539062,15000
2022-04-11 00:00:00+09:00,786.0441419007942,791.6721429167903,778.5401405461328,789.796142578125,17700
2022-04-12 00:00:00+09:00,783.2300829419903,783.2300829419903,765.4080810546875,765.4080810546875,16200
2022-04-13 00:00:00+09:00,759.7800570536942,767.2840576171875,758.8420569832576,767.2840576171875,11700
2022-04-14 00:00:00+09:00,775.7261015566523,783.2301025390625,770.0981008198447,783.2301025390625,10100
2022-04-15 00:00:00+09:00,785.1061716603709,785.1061716603709,766.34616755857,768.22216796875,11400
2022-04-18 00:00:00+09:00,769.1601136850094,769.1601136850094,752.2761111894848,753.214111328125,13400
2022-04-19 00:00:00+09:00,766.3460772114415,766.3460772114415,754.1520759828629,756.028076171875,13100
2022-04-20 00:00:00+09:00,752.2760796640433,767.284081253351,750.4000794653799,765.4080810546875,13600
2022-04-21 00:00:00+09:00,764.4701450153932,774.7881469726562,764.4701450153932,774.7881469726562,9600
2022-04-22 00:00:00+09:00,760.7180923181078,774.7880940255943,760.7180923181078,764.4700927734375,15600
2022-04-25 00:00:00+09:00,761.6560905550733,767.2840912241994,759.7800903320312,759.7800903320312,11400
2022-04-26 00:00:00+09:00,759.7801292540831,766.3461303710938,756.0281286157914,766.3461303710938,7200
2022-04-27 00:00:00+09:00,751.3380992376983,773.8501022111125,751.3380992376983,754.152099609375,33300
2022-04-28 00:00:00+09:00,759.7800861455042,781.3540885916112,759.7800861455042,779.4780883789062,19000
2022-05-02 00:00:00+09:00,779.4781746624185,785.106175923519,771.9741729809512,782.2921752929688,7100
2022-05-06 00:00:00+09:00,787.9201373800256,787.9201373800256,770.0981342726203,775.7261352539062,11900
2022-05-09 00:00:00+09:00,779.4780684597973,779.4780684597973,761.6560668945312,761.6560668945312,16800
2022-05-10 00:00:00+09:00,760.7181294136561,771.0361311689585,759.7801292540831,766.3461303710938,9600
2022-05-11 00:00:00+09:00,761.6560924319401,771.0360935702646,761.6560924319401,764.4700927734375,9100
2022-05-12 00:00:00+09:00,764.4701671483898,776.6641698145605,762.5941667382098,768.22216796875,9400
2022-05-13 00:00:00+09:00,768.2221255063441,790.7341291841858,768.2221255063441,786.0441284179688,18900
2022-05-16 00:00:00+09:00,778.5401461156364,781.3541466437651,769.1601443552071,770.09814453125,14500
2022-05-17 00:00:00+09:00,776.6641016794536,779.4781020478574,770.0981008198447,783.2301025390625,8100
2022-05-18 00:00:00+09:00,780.4161706349207,780.4161706349207,761.6561665331197,768.22216796875,21600
2022-05-19 00:00:00+09:00,750.400114352706,766.3461167827011,750.400114352706,762.5941162109375,17800
2022-05-20 00:00:00+09:00,754.1520933569932,771.9740955631908,754.1520933569932,769.1600952148438,19000
2022-05-23 00:00:00+09:00,769.160148949144,784.1681518554688,769.160148949144,784.1681518554688,15500
2022-05-24 00:00:00+09:00,779.4780725632271,781.3540727378678,769.160071602703,771.0360717773438,12800
2022-05-25 00:00:00+09:00,779.4780883789062,779.4780883789062,771.036087421734,779.4780883789062,9700
2022-05-26 00:00:00+09:00,781.3541242811415,781.3541242811415,773.8501230875652,776.6641235351562,10600
2022-05-27 00:00:00+09:00,778.5400724759068,778.5400724759068,764.4700711661012,771.0360717773438,31600
2022-05-30 00:00:00+09:00,771.0360482225141,785.106049102487,770.0980481638492,772.9120483398438,30300
2022-05-31 00:00:00+09:00,778.5400764758771,783.2300769365751,775.7260761994582,780.4160766601562,18000
2022-06-01 00:00:00+09:00,778.5401640392486,787.920166015625,778.5401640392486,787.920166015625,12800
2022-06-02 00:00:00+09:00,779.4781509472423,788.8581527636952,779.4781509472423,784.1681518554688,10000
2022-06-03 00:00:00+09:00,782.2921005800546,784.1681008212537,778.5401000976562,778.5401000976562,32300
2022-06-06 00:00:00+09:00,777.602163841611,790.734166608538,774.788163248698,787.920166015625,24000
2022-06-07 00:00:00+09:00,786.9821302384527,792.6101311698361,786.0441300832222,790.734130859375,19200
2022-06-08 00:00:00+09:00,787.9200599050353,804.8040611887146,787.9200599050353,796.362060546875,21200
2022-06-09 00:00:00+09:00,792.6100955900007,795.4240959293735,786.9820949112552,793.548095703125,21800
2022-06-10 00:00:00+09:00,784.1681757133356,788.8581767642527,782.2921752929688,782.2921752929688,46600
2022-06-13 00:00:00+09:00,777.6021475064553,784.1681487519862,774.7881469726562,774.7881469726562,21900
2022-06-14 00:00:00+09:00,769.1601308498125,774.7881318072502,765.4081302115208,766.3461303710938,22400
2022-06-15 00:00:00+09:00,761.6560867309571,768.2220874786377,750.4000854492188,750.4000854492188,29400
2022-06-16 00:00:00+09:00,751.3381245552829,764.470126732279,751.3381245552829,756.9661254882812,18100
2022-06-17 00:00:00+09:00,750.4000928925306,783.2300969565787,748.5240926602992,769.1600952148438,82000
2022-06-20 00:00:00+09:00,769.1600933425997,771.0360935702646,763.532092659605,764.4700927734375,35400
2022-06-21 00:00:00+09:00,765.4080947503811,773.8500957954221,765.4080947503811,769.1600952148438,24900
2022-06-22 00:00:00+09:00,766.3460985298616,784.1681008212537,765.408098409262,778.5401000976562,45000
2022-06-23 00:00:00+09:00,773.8500483985086,782.2920489264924,770.0980481638492,772.9120483398438,37400
2022-06-24 00:00:00+09:00,772.9120956793064,779.478096492116,769.1600952148438,769.1600952148438,37200
2022-06-27 00:00:00+09:00,770.0980953309595,779.478096492116,769.1600952148438,769.1600952148438,55200
2022-06-28 00:00:00+09:00,766.3460985298616,787.9201013036521,766.3460985298616,778.5401000976562,107700
2022-06-29 00:00:00+09:00,771.8777765026886,794.7200288282921,769.9742554755549,778.5401000976562,78400
2022-06-30 00:00:00+09:00,778.5401533155018,785.202477365879,772.82958984375,772.82958984375,25600
2022-07-01 00:00:00+09:00,775.6848361445409,787.105962566301,770.9260334688075,776.6365966796875,29600
2022-07-04 00:00:00+09:00,780.4436117915783,786.1541748046875,774.7330487784692,786.1541748046875,15200
2022-07-05 00:00:00+09:00,785.202477365879,785.202477365879,772.82958984375,772.82958984375,14700
2022-07-06 00:00:00+09:00,770.9260130464361,770.9260130464361,757.6013659073619,762.3601684570312,28400
2022-07-07 00:00:00+09:00,759.5048922381824,760.4566527547715,744.2767239727551,751.8908081054688,25800
2022-07-08 00:00:00+09:00,758.5531317215931,760.4566527547715,747.1320055225227,751.8908081054688,33700
2022-07-11 00:00:00+09:00,751.8908068908388,765.2154541015625,751.8908068908388,765.2154541015625,25500
2022-07-12 00:00:00+09:00,761.4084255710263,762.36018610299,754.7461018472798,760.4566650390625,21100
2022-07-13 00:00:00+09:00,761.4083904109589,764.263671875,757.6013484589041,764.263671875,12300
2022-07-14 00:00:00+09:00,767.1189533390411,767.1189533390411,758.5531089469177,764.263671875,11400
2022-07-15 00:00:00+09:00,762.3601474907562,762.3601474907562,748.083740234375,748.083740234375,20900
2022-07-19 00:00:00+09:00,743.3249963331285,743.3249963331285,723.3380246007396,731.9038696289062,44800
2022-07-20 00:00:00+09:00,730.9520522992228,738.5661361773398,728.096770844929,734.7590942382812,28500
2022-07-21 00:00:00+09:00,732.8555897303991,746.1802368164062,732.8555897303991,746.1802368164062,11300
2022-07-22 00:00:00+09:00,742.3732029395767,753.7943291386471,742.3732029395767,751.8908081054688,14000
2022-07-25 00:00:00+09:00,753.7943291386471,754.7460896552363,748.0837660391119,751.8908081054688,9900
2022-07-26 00:00:00+09:00,748.083726962508,752.842529296875,744.2766850950143,752.842529296875,9700
2022-07-27 00:00:00+09:00,751.8908081054688,756.6496106884147,750.9390475888795,751.8908081054688,11000
2022-07-28 00:00:00+09:00,754.7461233520509,762.360207824707,749.9873205566406,761.408447265625,24000
2022-07-29 00:00:00+09:00,761.408482843907,761.408482843907,753.794398015468,757.6014404296875,11200
2022-08-01 00:00:00+09:00,755.6978703658773,766.167236328125,755.6978703658773,766.167236328125,17500
2022-08-02 00:00:00+09:00,761.4084174022698,761.4084174022698,752.8425727064944,754.74609375,9200
2022-08-03 00:00:00+09:00,754.746058675845,764.2636634510764,754.746058675845,758.5531005859375,10800
2022-08-04 00:00:00+09:00,756.6495971679688,764.2636811646275,756.6495971679688,756.6495971679688,9100
2022-08-05 00:00:00+09:00,755.6978623792436,760.4566650390625,754.7461018472798,760.4566650390625,8100
2022-08-08 00:00:00+09:00,760.4566650390625,761.4084255710263,753.794341315316,760.4566650390625,14800
2022-08-09 00:00:00+09:00,760.4566349838719,761.4083954782197,753.7943115234375,753.7943115234375,14600
2022-08-10 00:00:00+09:00,755.6978366683865,760.4566391662981,750.9390341704747,756.6495971679688,16300
2022-08-12 00:00:00+09:00,756.6495789552588,771.8777465820312,754.7460580019122,771.8777465820312,30300
2022-08-15 00:00:00+09:00,771.8778494830108,771.8778494830108,754.7461586190228,757.6014404296875,20500
2022-08-16 00:00:00+09:00,756.6495796308913,762.36014249603,756.6495796308913,758.5531005859375,6800
2022-08-17 00:00:00+09:00,760.4566299229452,767.1189533390411,760.4566299229452,764.263671875,9000
2022-08-18 00:00:00+09:00,764.263689476899,767.1189710067006,761.4084079470974,762.3601684570312,7500
2022-08-19 00:00:00+09:00,761.4084079470974,765.2154499868328,759.5048869272297,762.3601684570312,6900
2022-08-22 00:00:00+09:00,757.6013659073619,762.3601684570312,757.6013659073619,762.3601684570312,5900
2022-08-23 00:00:00+09:00,758.5531576238291,761.4084392710957,754.7461154274737,755.6978759765625,8000
2022-08-24 00:00:00+09:00,756.6495796308913,760.4566215409837,755.6978191533681,758.5531005859375,8000
2022-08-25 00:00:00+09:00,756.6496229112074,762.36018610299,756.6496229112074,760.4566650390625,4600
2022-08-26 00:00:00+09:00,757.601387461522,764.2637112206057,757.601387461522,763.3119506835938,6500
2022-08-29 00:00:00+09:00,756.6496147935056,758.5531358370114,754.74609375,754.74609375,11700
2022-08-30 00:00:00+09:00,755.6978839111329,761.408447265625,755.6978839111329,761.408447265625,7700
2022-08-31 00:00:00+09:00,761.4083996658806,761.4083996658806,756.6495971679688,756.6495971679688,7300
2022-09-01 00:00:00+09:00,756.6496243810958,756.6496243810958,747.1320190429688,747.1320190429688,12900
2022-09-02 00:00:00+09:00,752.8425561804778,752.8425561804778,740.4696696692941,743.324951171875,14300
2022-09-05 00:00:00+09:00,742.3732259743002,742.3732259743002,739.5179443359375,739.5179443359375,7600
2022-09-06 00:00:00+09:00,739.5179798673997,743.3250222347995,735.7109375,735.7109375,15300
2022-09-07 00:00:00+09:00,735.7108900547028,736.6626505851746,730.9520874023438,730.9520874023438,9500
2022-09-08 00:00:00+09:00,730.9520522992228,738.5661361773398,730.0002918144583,734.7590942382812,14200
2022-09-09 00:00:00+09:00,734.7591845765805,741.4215087890625,730.952142169448,741.4215087890625,22100
2022-09-12 00:00:00+09:00,741.4214654281793,744.2767470665419,739.5179443359375,739.5179443359375,10000
2022-09-13 00:00:00+09:00,739.5179875854963,744.276790594412,739.5179875854963,741.4215087890625,8800
2022-09-14 00:00:00+09:00,737.6144586836999,739.5179798673997,735.7109375,735.7109375,13300
2022-09-15 00:00:00+09:00,735.710832924849,737.6143538379793,733.8073120117188,733.8073120117188,10000
2022-09-16 00:00:00+09:00,733.8073033949908,735.7108242857689,728.0967407226562,728.0967407226562,17200
2022-09-20 00:00:00+09:00,736.6625847311581,736.6625847311581,728.0967407226562,728.0967407226562,16700
2022-09-21 00:00:00+09:00,728.0968194364095,730.0003405329753,725.2415377915609,726.1932983398438,13600
2022-09-22 00:00:00+09:00,726.193276633115,733.8073607917846,725.2415161132812,725.2415161132812,11100
2022-09-26 00:00:00+09:00,725.2414507357028,728.0967320378119,718.5791276974483,722.3861694335938,19700
2022-09-27 00:00:00+09:00,719.530923077918,726.1932464397506,718.5791625976562,718.5791625976562,14000
2022-09-28 00:00:00+09:00,718.5791362687653,728.0967407226562,714.772094487209,728.0967407226562,17100
2022-09-29 00:00:00+09:00,728.0968217116135,742.3732299804688,727.1450611603566,742.3732299804688,18200
2022-09-30 00:00:00+09:00,741.4214353883422,742.3731958959011,731.9038303127537,732.8555908203125,8400
2022-10-03 00:00:00+09:00,732.8555732687521,736.6626152078105,725.2414893906351,734.7590942382812,6800
2022-10-04 00:00:00+09:00,736.6627057801469,741.4215087890625,730.952142169448,741.4215087890625,16900
2022-10-05 00:00:00+09:00,739.5179050318073,741.4214260228803,735.7108630496616,740.4696655273438,7100
2022-10-06 00:00:00+09:00,741.4214260228803,746.1802285005624,739.5179050318073,740.4696655273438,16600
2022-10-07 00:00:00+09:00,737.6144192323512,740.4697008551861,735.7108981504613,736.6626586914062,11900
2022-10-11 00:00:00+09:00,735.7108956542323,735.7108956542323,716.6756848999185,720.4827270507812,29600
2022-10-12 00:00:00+09:00,719.530978449331,731.9038656448882,717.6274573423221,729.048583984375,14300
2022-10-13 00:00:00+09:00,717.6274729451661,720.4827546677595,710.0133883515834,710.9651489257812,29500
2022-10-14 00:00:00+09:00,713.8204247467122,723.3380304100017,713.8204247467122,721.4345092773438,18100
2022-10-17 00:00:00+09:00,718.579241384073,720.4827625533023,714.7721990456143,716.6757202148438,6300
2022-10-18 00:00:00+09:00,716.6756374277967,722.3862002758269,713.8203560037816,715.723876953125,14800
2022-10-19 00:00:00+09:00,713.8204423208085,719.531005859375,712.8686817310474,719.531005859375,10900
2022-10-20 00:00:00+09:00,713.8203517776305,720.4826750608885,712.8685913085938,712.8685913085938,9400
2022-10-21 00:00:00+09:00,713.8203517776305,715.7238727157043,711.9168308395568,712.8685913085938,8500
2022-10-24 00:00:00+09:00,713.820378738424,713.820378738424,702.3992526786092,703.3510131835938,19800
2022-10-25 00:00:00+09:00,703.3510388955775,708.109841594465,703.3510388955775,707.1580810546875,12100
2022-10-26 00:00:00+09:00,708.109841594465,710.9651232137975,707.1580810546875,707.1580810546875,10600
2022-10-27 00:00:00+09:00,707.1580770131703,708.1098375475084,704.3027954101562,704.3027954101562,7200
2022-10-28 00:00:00+09:00,704.3027390635717,706.2062599799597,693.8333740234375,693.8333740234375,53500
2022-10-31 00:00:00+09:00,696.6886855415676,702.39924853781,695.7369250421939,700.4957275390625,7800
2022-11-01 00:00:00+09:00,700.4958101891112,704.3028526357913,698.5922889657713,701.4475708007812,7500
2022-11-02 00:00:00+09:00,698.592206540315,703.3510090371836,698.592206540315,700.4957275390625,7300
2022-11-04 00:00:00+09:00,699.5439805475697,700.4957410653215,695.7369384765625,695.7369384765625,14500
2022-11-07 00:00:00+09:00,696.6887246890944,699.5440063476562,695.7369641362404,699.5440063476562,15500
2022-11-08 00:00:00+09:00,696.6886591770693,710.0133056640625,696.6886591770693,710.0133056640625,14900
2022-11-09 00:00:00+09:00,707.1580284943727,712.8685913085938,705.254507556299,712.8685913085938,11800
2022-11-10 00:00:00+09:00,711.9168308395568,712.8685913085938,709.0615494324463,712.8685913085938,6100
2022-11-11 00:00:00+09:00,713.8203735351562,716.6756550292969,710.0133315429688,713.8203735351562,16700
2022-11-14 00:00:00+09:00,713.8203745302947,713.8203745302947,700.4957275390625,700.4957275390625,13400
2022-11-15 00:00:00+09:00,700.4957275390625,704.3027695365574,700.4957275390625,700.4957275390625,8700
2022-11-16 00:00:00+09:00,699.5439495303766,704.3027519081343,699.5439495303766,702.3992309570312,12600
2022-11-17 00:00:00+09:00,700.4957748186572,705.2545776367188,699.5440142550449,705.2545776367188,12100
2022-11-18 00:00:00+09:00,704.3027519081343,707.1580333347889,702.3992309570312,702.3992309570312,11900
2022-11-21 00:00:00+09:00,701.4475353822695,705.2545776367188,700.4957748186572,705.2545776367188,14100
2022-11-22 00:00:00+09:00,704.3027470872621,712.8685913085938,702.3992261491885,712.8685913085938,18900
2022-11-24 00:00:00+09:00,710.0133141050948,715.723876953125,710.0133141050948,715.723876953125,13600
2022-11-25 00:00:00+09:00,712.8685955291098,715.723876953125,710.0133141050948,715.723876953125,18100
2022-11-28 00:00:00+09:00,715.7239162886983,715.7239162886983,710.9651136538001,714.7721557617188,13500
2022-11-29 00:00:00+09:00,711.9168441936534,713.8203651674332,708.1098022460938,708.1098022460938,13700
2022-11-30 00:00:00+09:00,710.0133408703251,711.9168618914252,706.206298828125,706.206298828125,10400
2022-12-01 00:00:00+09:00,707.1580987639434,707.1580987639434,701.4475353822695,705.2545776367188,17800
2022-12-02 00:00:00+09:00,705.2546132474612,709.0616556941412,700.4958101891112,701.4475708007812,13200
2022-12-05 00:00:00+09:00,700.495701524078,702.3992224521324,696.6886596679688,696.6886596679688,26900
2022-12-06 00:00:00+09:00,696.6886907327586,698.5922117456896,690.0263671875,690.0263671875,29600
2022-12-07 00:00:00+09:00,690.0264065568618,691.9299276783979,689.0746459960938,689.0746459960938,20000
2022-12-08 00:00:00+09:00,688.1228597005208,689.0746202256944,685.267578125,685.267578125,22200
2022-12-09 00:00:00+09:00,685.2675605414647,689.0746025444729,684.3158000407127,687.1710815429688,21000
2022-12-12 00:00:00+09:00,686.2193603515625,688.1228814621078,685.2675997962899,686.2193603515625,16700
2022-12-13 00:00:00+09:00,689.0746420173804,690.026402572653,686.2193603515625,686.2193603515625,22000
2022-12-14 00:00:00+09:00,687.1710856681035,690.0263671875,686.2193251616379,690.0263671875,16700
2022-12-15 00:00:00+09:00,689.0746025444729,690.0263630452249,687.1710815429688,687.1710815429688,13500
2022-12-16 00:00:00+09:00,690.026402572653,690.026402572653,686.2193603515625,686.2193603515625,14500
2022-12-19 00:00:00+09:00,687.1710815429688,687.1710815429688,683.3640395399607,687.1710815429688,33300
2022-12-20 00:00:00+09:00,683.3640354034467,687.1710773834102,682.4122749084557,684.3157958984375,28900
2022-12-21 00:00:00+09:00,686.2193168884193,690.0263588683828,683.3640354034467,684.3157958984375,31400
2022-12-22 00:00:00+09:00,683.3640529999673,684.3158135194658,682.4122924804688,682.4122924804688,22300
2022-12-23 00:00:00+09:00,685.2675997962899,686.2193603515625,681.4605575751993,686.2193603515625,19800
2022-12-26 00:00:00+09:00,685.2675740389644,687.1710950779615,682.4122924804688,682.4122924804688,43500
2022-12-27 00:00:00+09:00,682.4123141573,684.3158352567625,681.4605536075687,683.3640747070312,28100
2022-12-28 00:00:00+09:00,683.3640529999673,684.3158135194658,682.4122924804688,682.4122924804688,71900
2022-12-29 00:00:00+09:00,676.7017211914062,677.653481699411,673.8464396673919,676.7017211914062,41800
2022-12-30 00:00:00+09:00,675.7499606834015,681.4605237314303,675.7499606834015,676.7017211914062,14700
2023-01-04 00:00:00+09:00,675.7499565512446,677.6534775556144,673.846435546875,673.846435546875,24900
2023-01-05 00:00:00+09:00,675.7500138519504,675.7500138519504,670.9912109375,670.9912109375,23100
2023-01-06 00:00:00+09:00,670.9911932398945,674.7982354710429,670.0394326821074,672.8947143554688,27500
2023-01-10 00:00:00+09:00,672.8946617094364,684.3157875093136,672.8946617094364,678.605224609375,20000
2023-01-11 00:00:00+09:00,678.605228786362,684.3157917214505,678.605228786362,681.4605102539062,19500
2023-01-12 00:00:00+09:00,676.7016732969636,677.6534337376062,670.9911106531073,671.94287109375,31100
2023-01-13 00:00:00+09:00,671.9429280483197,674.7982096122644,668.1358859630601,669.087646484375,36000
2023-01-16 00:00:00+09:00,669.0876247482082,673.846427200187,667.1841037674168,668.1358642578125,27600
2023-01-17 00:00:00+09:00,668.1359291888298,672.8947321032801,668.1359291888298,670.9912109375,10700
2023-01-18 00:00:00+09:00,669.0876545764831,676.7017388390889,669.0876545764831,674.7982177734375,18000
2023-01-19 00:00:00+09:00,674.7982314716686,674.7982314716686,670.0394287109375,670.0394287109375,11900
2023-01-20 00:00:00+09:00,670.0394287109375,671.9429498152299,669.0876681587913,670.0394287109375,10500
2023-01-23 00:00:00+09:00,670.0394247057775,671.9429457986917,667.1841430664062,667.1841430664062,40100
2023-01-24 00:00:00+09:00,667.1840688905364,671.94287109375,667.1840688905364,671.94287109375,22500
2023-01-25 00:00:00+09:00,671.9429145425053,673.846435546875,670.0393935381355,673.846435546875,17200
2023-01-26 00:00:00+09:00,674.7981524156781,675.7499128563209,669.0875897718219,671.94287109375,26400
2023-01-27 00:00:00+09:00,672.8946315343927,673.8463919750354,669.0875897718219,671.94287109375,14200
2023-01-30 00:00:00+09:00,671.9428623744419,672.8946228027344,666.2322998046875,666.2322998046875,79800
2023-01-31 00:00:00+09:00,669.0875897718219,671.94287109375,668.1358293311791,671.94287109375,14800
2023-02-01 00:00:00+09:00,672.8947103673761,674.7982314716686,669.0876681587913,670.0394287109375,19800
2023-02-02 00:00:00+09:00,671.9429280483197,672.8946885696346,669.087646484375,669.087646484375,13300
2023-02-03 00:00:00+09:00,669.0876641593204,669.0876641593204,667.1841430664062,667.1841430664062,14900
2023-02-06 00:00:00+09:00,668.1358859630601,670.0394070056899,667.1841254417452,669.087646484375,15200
2023-02-07 00:00:00+09:00,670.9911675270048,670.9911675270048,667.1841254417452,669.087646484375,17100
2023-02-08 00:00:00+09:00,669.0876897717199,670.9912109375,667.1841686059397,670.9912109375,24900
2023-02-09 00:00:00+09:00,670.0393852386039,670.0393852386039,668.1358642578125,668.1358642578125,13900
2023-02-10 00:00:00+09:00,668.1358642578125,670.0393852386039,667.1841037674168,668.1358642578125,17000
2023-02-13 00:00:00+09:00,668.1359213636669,668.1359213636669,664.3288790766943,665.2806396484375,48800
2023-02-14 00:00:00+09:00,667.1841686059397,670.9912109375,666.2324080230496,670.9912109375,18500
2023-02-15 00:00:00+09:00,670.9911852522346,670.9911852522346,665.2806219734922,667.1841430664062,32400
2023-02-16 00:00:00+09:00,670.9912109375,670.9912109375,666.2324080230496,670.9912109375,18800
2023-02-17 00:00:00+09:00,667.1841254417452,671.9429280483197,667.1841254417452,669.087646484375,13700
2023-02-20 00:00:00+09:00,668.1358293311791,671.94287109375,668.1358293311791,671.94287109375,16200
2023-02-21 00:00:00+09:00,671.9428970551827,675.7499389648438,670.9911365777674,675.7499389648438,13400
2023-02-22 00:00:00+09:00,675.7500254740568,679.5570678710938,673.8465042755383,679.5570678710938,13700
2023-02-24 00:00:00+09:00,677.6535466725753,679.5570678710938,677.6535466725753,679.5570678710938,6900
2023-02-27 00:00:00+09:00,679.5569587169347,688.122802734375,679.5569587169347,688.122802734375,17100
2023-02-28 00:00:00+09:00,689.0746380054187,689.0746380054187,681.4605536075687,683.3640747070312,9400
2023-03-01 00:00:00+09:00,683.3640312322691,683.3640312322691,679.5569892755434,681.4605102539062,11000
2023-03-02 00:00:00+09:00,684.3157917214505,684.3157917214505,679.5569892755434,681.4605102539062,8000
2023-03-03 00:00:00+09:00,683.3640354034467,685.2675563934284,681.4605144134649,684.3157958984375,11600
2023-03-06 00:00:00+09:00,683.3640826314852,690.0264065568618,683.3640826314852,689.0746459960938,19200
2023-03-07 00:00:00+09:00,685.2675213952282,689.0745631807573,685.2675213952282,688.122802734375,12100
2023-03-08 00:00:00+09:00,688.1228678049134,690.9781494140625,686.2193467321474,690.9781494140625,12500
2023-03-09 00:00:00+09:00,691.929883044699,700.4957275390625,690.0263620459515,700.4957275390625,21200
2023-03-10 00:00:00+09:00,700.4957451677452,702.3992662143967,698.5922241210938,698.5922241210938,19700
2023-03-13 00:00:00+09:00,698.5922337051265,698.5922337051265,689.0746283412965,690.9781494140625,13600
2023-03-14 00:00:00+09:00,688.122837878401,688.122837878401,679.5569934234832,684.3157958984375,17300
2023-03-15 00:00:00+09:00,684.3158392410172,688.1228814621078,682.412318130472,686.2193603515625,8000
2023-03-16 00:00:00+09:00,680.5087890625,682.4123101507868,677.6535074300699,680.5087890625,14600
2023-03-17 00:00:00+09:00,678.605228786362,683.3640312322691,678.605228786362,681.4605102539062,5300
2023-03-20 00:00:00+09:00,682.412284239435,685.2675657634494,675.7499606834015,676.7017211914062,11000
2023-03-22 00:00:00+09:00,681.4605536075687,685.2675958064937,680.5087930578375,683.3640747070312,9700
2023-03-23 00:00:00+09:00,681.4604796096992,690.0263236271395,681.4604796096992,688.122802734375,11000
2023-03-24 00:00:00+09:00,693.833405048233,693.833405048233,687.1710815429688,687.1710815429688,11000
2023-03-27 00:00:00+09:00,690.9781494140625,690.9781494140625,688.1228678049134,690.9781494140625,7900
2023-03-28 00:00:00+09:00,693.8333915699955,694.7851520522588,685.2675472296252,691.9298706054688,12500
2023-03-29 00:00:00+09:00,691.9298657259644,702.3992309570312,691.9298657259644,702.3992309570312,25400
2023-03-30 00:00:00+09:00,695.7369240722657,713.8203735351562,695.7369240722657,713.8203735351562,23100
2023-03-31 00:00:00+09:00,713.8203299619297,713.8203299619297,702.3992046825389,711.9168090820312,10100
2023-04-03 00:00:00+09:00,711.9168265907757,711.9168265907757,706.2062638106358,710.0133056640625,9300
2023-04-04 00:00:00+09:00,712.8686046805433,712.8686046805433,707.1580417592039,708.1098022460938,11600
2023-04-05 00:00:00+09:00,708.1098375475084,708.1098375475084,703.3510348758182,704.3027954101562,11300
2023-04-06 00:00:00+09:00,704.3027519081343,710.0133147614436,702.3992309570312,702.3992309570312,16500
2023-04-07 00:00:00+09:00,702.399244363116,703.351004856833,696.6886814008143,697.6404418945312,18600
2023-04-10 00:00:00+09:00,700.4957100059282,703.3509914325828,697.6404285792736,702.3992309570312,15400
2023-04-11 00:00:00+09:00,702.3992783558,707.1580810546875,697.6404756569125,707.1580810546875,20100
2023-04-12 00:00:00+09:00,705.2545544854526,717.62744140625,703.3510334207145,717.62744140625,28100
2023-04-13 00:00:00+09:00,717.62744140625,721.4344835357261,711.9168782120358,717.62744140625,21000
2023-04-14 00:00:00+09:00,719.5309529942791,727.1450371529487,719.5309529942791,725.2415161132812,16600
2023-04-17 00:00:00+09:00,725.2414507357028,727.1449716037755,721.4344089995574,722.3861694335938,12500
2023-04-18 00:00:00+09:00,726.1932983398438,727.1450588881266,722.3862561467122,726.1932983398438,15200
2023-04-19 00:00:00+09:00,726.1932590344813,727.14501953125,723.3379775441754,727.14501953125,12200
2023-04-20 00:00:00+09:00,724.2897555934476,727.1450371529487,722.3862345537801,725.2415161132812,10400
2023-04-21 00:00:00+09:00,727.1450371529487,727.1450371529487,723.3379950736139,725.2415161132812,9200
2023-04-24 00:00:00+09:00,728.0968273941655,732.8556301875915,727.1450668354804,731.9038696289062,11400
2023-04-25 00:00:00+09:00,732.8556301875915,738.5661935397026,731.9038696289062,731.9038696289062,22800
2023-04-26 00:00:00+09:00,730.0003187124498,732.855600271951,725.2415161132812,725.2415161132812,19800
2023-04-27 00:00:00+09:00,725.2415297393596,730.0003324279381,720.4827270507812,720.4827270507812,86800
2023-04-28 00:00:00+09:00,743.324986520421,743.324986520421,733.807381059212,739.5179443359375,33500
2023-05-01 00:00:00+09:00,744.276790594412,744.276790594412,737.61446638193,741.4215087890625,15700
2023-05-02 00:00:00+09:00,741.4214260228803,743.3249470139531,736.662623545198,740.4696655273438,14400
2023-05-08 00:00:00+09:00,742.3732339559386,748.0837972940612,742.3732339559386,745.228515625,16300
2023-05-09 00:00:00+09:00,747.1319962503916,759.5048828125,747.1319962503916,759.5048828125,26100
2023-05-10 00:00:00+09:00,763.3119384457756,763.3119384457756,753.7943332282472,754.74609375,22000
2023-05-11 00:00:00+09:00,759.5048828125,760.4566433172776,756.6496012981672,759.5048828125,8500
2023-05-12 00:00:00+09:00,759.5049045070987,761.4084255710263,757.6013834431711,760.4566650390625,10200
2023-05-15 00:00:00+09:00,756.6496243810958,756.6496243810958,747.1320190429688,747.1320190429688,25900
2023-05-16 00:00:00+09:00,747.1319797506162,749.0355007181337,747.1319797506162,748.083740234375,8700
2023-05-17 00:00:00+09:00,748.0837932880108,750.9390749417819,742.3732299804688,742.3732299804688,21100
2023-05-18 00:00:00+09:00,740.4697106264279,740.4697106264279,728.0968234308706,729.048583984375,27800
2023-05-19 00:00:00+09:00,730.0002968345773,730.952057325887,724.2897338867188,724.2897338867188,14900
2023-05-22 00:00:00+09:00,724.2897074460674,733.8073120117188,724.2897074460674,733.8073120117188,12500
2023-05-23 00:00:00+09:00,733.8073430086306,734.7591035053993,726.1932590344813,727.14501953125,16500
2023-05-24 00:00:00+09:00,726.1933023238618,733.8073867518971,726.1933023238618,729.048583984375,9400
2023-05-25 00:00:00+09:00,729.048583984375,733.8073867518971,725.2415417703573,729.048583984375,8700
2023-05-26 00:00:00+09:00,729.0485363432675,730.0002968345773,724.2897338867188,724.2897338867188,11100
2023-05-29 00:00:00+09:00,730.9520792322835,731.9038397521172,725.2415161132812,725.2415161132812,7900
2023-05-30 00:00:00+09:00,727.1450452804565,733.8073689937592,727.1450452804565,730.9520874023438,8700
2023-05-31 00:00:00+09:00,730.9520615183246,733.8073430086306,727.14501953125,727.14501953125,11800
2023-06-01 00:00:00+09:00,728.0968273941655,742.3732357744433,728.0968273941655,731.9038696289062,10900
2023-06-02 00:00:00+09:00,732.8555990002819,740.4696831457394,732.8555990002819,738.566162109375,6000
2023-06-05 00:00:00+09:00,744.2767158041196,748.083757828693,743.3249552979762,746.1802368164062,13500
2023-06-06 00:00:00+09:00,744.27669829934,748.083740234375,742.3731773318225,748.083740234375,11600
2023-06-07 00:00:00+09:00,748.083740234375,749.9872612018925,747.1319797506162,748.083740234375,14300
2023-06-08 00:00:00+09:00,749.0355521329404,757.6013970747402,749.0355521329404,755.6978759765625,22600
2023-06-09 00:00:00+09:00,758.5531223077224,762.3601643268327,757.6013618029449,759.5048828125,38900
2023-06-12 00:00:00+09:00,759.5048828125,760.4566433172776,756.6496012981672,759.5048828125,13400
2023-06-13 00:00:00+09:00,759.5049616367972,760.4567222403522,757.6014404296875,757.6014404296875,24700
2023-06-14 00:00:00+09:00,757.6013576675512,759.5048786667159,753.7943156692218,756.6495971679688,16100
2023-06-15 00:00:00+09:00,756.6496147935056,758.5531358370114,754.74609375,754.74609375,8300
2023-06-16 00:00:00+09:00,754.7461586190228,760.4567222403522,754.7461586190228,757.6014404296875,10700
2023-06-19 00:00:00+09:00,759.504871156754,761.4083921370968,732.8555774319557,737.6143798828125,74600
2023-06-20 00:00:00+09:00,737.6144192323512,740.4697008551861,733.8073770685713,736.6626586914062,26500
2023-06-21 00:00:00+09:00,736.662627665853,748.0837536761763,736.662627665853,743.324951171875,22900
2023-06-22 00:00:00+09:00,743.3249119126889,749.9872350668359,743.3249119126889,744.2766723632812,30400
2023-06-23 00:00:00+09:00,749.0355401105942,749.0355401105942,744.2767374415307,747.1320190429688,21000
2023-06-26 00:00:00+09:00,747.1320190429688,751.8908217120323,745.2284979753434,747.1320190429688,29900
2023-06-27 00:00:00+09:00,744.2766808834173,750.9390041138315,744.2766808834173,749.9872436523438,36100
2023-06-28 00:00:00+09:00,749.9873263476316,755.6978897462176,748.0838052147695,750.9390869140625,181500
2023-06-29 00:00:00+09:00,747.0732224573443,753.8384392195712,730.6434103205075,735.4757080078125,81600
2023-06-30 00:00:00+09:00,739.3415555087003,739.3415555087003,722.9117431640625,722.9117431640625,39200
2023-07-03 00:00:00+09:00,722.9116990383823,738.3750508894707,722.9116990383823,732.5762939453125,28800
2023-07-04 00:00:00+09:00,731.6098824055989,732.5763419596354,724.8446655273438,724.8446655273438,15000
2023-07-05 00:00:00+09:00,724.8446490313556,724.8446490313556,715.1800537109375,715.1800537109375,30600
2023-07-06 00:00:00+09:00,717.1130017601912,721.9452996157181,713.2471634757696,714.213623046875,18800
2023-07-07 00:00:00+09:00,713.2471634757696,718.0794613312966,713.2471634757696,714.213623046875,11600
2023-07-10 00:00:00+09:00,717.1130017601912,720.9788400446126,714.213623046875,714.213623046875,22400
2023-07-11 00:00:00+09:00,718.0794086719019,718.0794086719019,701.6495971679688,701.6495971679688,34300
2023-07-12 00:00:00+09:00,702.616085583917,705.5154642039332,700.6831665039062,700.6831665039062,14400
2023-07-13 00:00:00+09:00,704.5490401550963,704.5490401550963,699.7167422116457,703.5825805664062,15300
2023-07-14 00:00:00+09:00,710.3477750728758,711.3142346307981,703.5825581674198,708.4148559570312,12700
2023-07-18 00:00:00+09:00,708.414846134317,711.3142247678818,700.6831697781444,702.6160888671875,20000
2023-07-19 00:00:00+09:00,705.5154452297857,709.3812832858392,705.5154452297857,707.4483642578125,14800
2023-07-20 00:00:00+09:00,710.3478072579614,713.247186063096,708.4148880545384,709.38134765625,10800
2023-07-21 00:00:00+09:00,710.3477815501241,716.1465389505332,709.3813219833892,712.2807006835938,11400
2023-07-24 00:00:00+09:00,716.146484375,716.146484375,712.2806464026653,716.146484375,7400
2023-07-25 00:00:00+09:00,709.38134765625,711.314266859673,708.4148880545384,709.38134765625,15400
2023-07-26 00:00:00+09:00,709.3813251913482,715.1800826179805,708.4148656202427,714.213623046875,9900
2023-07-27 00:00:00+09:00,710.3477593188015,717.1129760742188,710.3477593188015,717.1129760742188,11300
2023-07-28 00:00:00+09:00,717.112975314445,717.112975314445,696.8173250696966,698.750244140625,92600
2023-07-31 00:00:00+09:00,698.7502153091009,707.4483507693802,697.7837558135143,699.7166748046875,31600
2023-08-01 00:00:00+09:00,699.71665286887,705.515409660601,699.71665286887,704.5489501953125,14900
2023-08-02 00:00:00+09:00,703.582490730024,705.515409660601,699.71665286887,704.5489501953125,15900
2023-08-03 00:00:00+09:00,709.3812956790157,709.3812956790157,696.8173217773438,696.8173217773438,19700
2023-08-04 00:00:00+09:00,700.6831376677375,703.5825161684315,697.7837591670433,701.6495971679688,7900
2023-08-07 00:00:00+09:00,701.6496390515753,708.4148559570312,700.683179493653,708.4148559570312,10800
2023-08-08 00:00:00+09:00,706.4819688511154,709.38134765625,706.4819688511154,709.38134765625,11000
2023-08-09 00:00:00+09:00,708.4148237718259,709.3812832858392,706.4819047437991,707.4483642578125,11600
2023-08-10 00:00:00+09:00,711.3141968917336,721.9452514648438,710.3477373850872,721.9452514648438,19800
2023-08-14 00:00:00+09:00,721.9452803460906,722.9117398914,718.0794421648532,720.9788208007812,6400
2023-08-15 00:00:00+09:00,718.079410097263,721.945248105862,718.079410097263,720.0123291015625,8600
2023-08-16 00:00:00+09:00,721.9453060925407,721.9453060925407,718.0794677734375,718.0794677734375,6900
2023-08-17 00:00:00+09:00,718.079428985513,719.0458885130844,713.2471313476562,713.2471313476562,12900
2023-08-18 00:00:00+09:00,713.2471313476562,717.1129694579416,713.2471313476562,713.2471313476562,10000
2023-08-21 00:00:00+09:00,717.1129826195438,720.9788208007812,717.1129826195438,720.9788208007812,5600
2023-08-22 00:00:00+09:00,720.0123612554719,721.9452803460906,718.0794421648532,720.9788208007812,10400
2023-08-23 00:00:00+09:00,720.9787986135674,727.7440152225419,720.9787986135674,725.8110961914062,23400
2023-08-24 00:00:00+09:00,727.7440085047219,727.7440085047219,720.9787919581973,721.9452514648438,15900
2023-08-25 00:00:00+09:00,721.9452836143779,724.8446622634316,721.9452836143779,722.9117431640625,8900
2023-08-28 00:00:00+09:00,724.8446399947087,727.7440185546875,720.9788019147369,727.7440185546875,9600
2023-08-29 00:00:00+09:00,727.7440506912353,729.6769698165772,726.7775911285644,728.7105102539062,7200
2023-08-30 00:00:00+09:00,729.6769342536774,729.6769342536774,724.8446366758385,725.8110961914062,14400
2023-08-31 00:00:00+09:00,725.8111315658933,728.7105102539062,725.8111315658933,728.7105102539062,6600
2023-09-01 00:00:00+09:00,724.8446399947087,729.6769375946734,724.8446399947087,727.7440185546875,17100
2023-09-04 00:00:00+09:00,728.710481393574,729.6769409179688,725.81110282039,729.6769409179688,9200
2023-09-05 00:00:00+09:00,729.6769540369277,737.4086303710938,728.7104944951569,737.4086303710938,25700
2023-09-06 00:00:00+09:00,739.3415171705832,741.274436169722,735.4756791723056,736.442138671875,12300
2023-09-07 00:00:00+09:00,739.341520539129,744.1738180589925,736.4421420272108,738.3750610351562,14800
2023-09-08 00:00:00+09:00,735.4756825232381,747.0731965709107,735.4756825232381,738.3750610351562,26600
2023-09-11 00:00:00+09:00,738.3750996881096,744.173857015503,733.5428019152816,743.2073974609375,29600
2023-09-12 00:00:00+09:00,744.1738827857274,748.0397211378611,740.3080444335938,740.3080444335938,38200
2023-09-13 00:00:00+09:00,740.3080284463206,750.9390836851059,740.3080284463206,749.0061645507812,21800
2023-09-14 00:00:00+09:00,749.9726241179436,750.9390836851059,745.140326282132,749.0061645507812,12200
2023-09-15 00:00:00+09:00,752.872012481494,754.804931640625,750.9390933223631,754.804931640625,14600
2023-09-19 00:00:00+09:00,753.8384432195093,755.7713623046875,750.939064591742,755.7713623046875,10900
2023-09-20 00:00:00+09:00,755.7713046949737,758.6706831017319,749.9725478814573,757.7042236328125,22800
2023-09-21 00:00:00+09:00,757.7043039132883,757.7043039132883,749.9726273427445,750.9390869140625,10900
2023-09-22 00:00:00+09:00,750.9391095255323,753.8384883267892,746.1068115234375,746.1068115234375,12600
2023-09-25 00:00:00+09:00,747.0732199073144,751.905517578125,745.1403008389902,751.905517578125,10100
2023-09-26 00:00:00+09:00,749.0061323772105,753.8384300054505,748.0396728515625,748.0396728515625,11400
2023-09-27 00:00:00+09:00,746.1067603731523,751.905517578125,738.3750840998554,751.905517578125,16800
2023-09-28 00:00:00+09:00,752.8720190780282,752.8720190780282,740.3080444335938,740.3080444335938,10600
2023-09-29 00:00:00+09:00,745.1402519454856,745.1402519454856,737.4085761795143,741.2744140625,9200
2023-10-02 00:00:00+09:00,741.2744552107047,743.2073742594939,729.6769409179688,729.6769409179688,18200
2023-10-03 00:00:00+09:00,729.6769409179688,733.5427790155474,726.7775623447848,729.6769409179688,11400
2023-10-04 00:00:00+09:00,727.7440218691794,731.609859966758,721.9452647228114,729.6769409179688,38400
2023-10-05 00:00:00+09:00,733.5427635152927,740.3079800431017,731.6098445073472,738.3750610351562,12300
2023-10-06 00:00:00+09:00,747.0732257888014,747.0732257888014,736.442170829323,737.4086303710938,12100
2023-10-10 00:00:00+09:00,742.2409313725491,743.2073909186071,738.375093188317,739.341552734375,16400
2023-10-11 00:00:00+09:00,740.307988924923,740.307988924923,725.8110961914062,725.8110961914062,22700
2023-10-12 00:00:00+09:00,729.6769924189284,729.6769924189284,721.9453156780656,723.8782348632812,10600
2023-10-13 00:00:00+09:00,722.9117366011425,723.8781961420531,716.1465198147681,719.0458984375,15900
2023-10-16 00:00:00+09:00,721.9452704352302,721.9452704352302,711.3142155827703,715.1800537109375,19100
2023-10-17 00:00:00+09:00,713.2471602503286,717.1129985172681,711.314241116859,712.2807006835938,9100
2023-10-18 00:00:00+09:00,712.2806816511256,719.0458984375,711.314222110215,719.0458984375,10100
2023-10-19 00:00:00+09:00,718.0794323070629,722.911729967272,715.1800537109375,715.1800537109375,8700
2023-10-20 00:00:00+09:00,714.2135908752276,718.079428985513,712.2806718200849,713.2471313476562,6600
2023-10-23 00:00:00+09:00,713.2470957230548,717.112933640253,710.3477172851562,710.3477172851562,8900
2023-10-24 00:00:00+09:00,710.3477172851562,715.1800146816539,702.61604145076,710.3477172851562,20200
2023-10-25 00:00:00+09:00,711.3142155827703,719.0458918391048,710.3477560507284,715.1800537109375,9300
2023-10-26 00:00:00+09:00,715.1800793837983,720.0123772174727,712.2807006835938,712.2807006835938,10100
2023-10-27 00:00:00+09:00,718.0794134382583,721.9452514648438,716.1464944249655,721.9452514648438,12000
2023-10-30 00:00:00+09:00,720.0123600501798,720.9788195938713,684.2533569335938,684.2533569335938,130900
2023-10-31 00:00:00+09:00,691.0186188723086,697.7838361200096,686.1863208382365,692.9515380859375,30400
2023-11-01 00:00:00+09:00,698.7502186672747,705.5154351688942,697.7837591670433,701.6495971679688,16000
2023-11-02 00:00:00+09:00,702.6160532914472,706.4818912737936,697.7837558135143,699.7166748046875,16400
2023-11-06 00:00:00+09:00,707.4484092310855,707.4484092310855,697.7838134765625,697.7838134765625,23200
2023-11-07 00:00:00+09:00,698.7502730520148,701.6496517783718,697.7838134765625,697.7838134765625,13400
2023-11-08 00:00:00+09:00,697.7837490505642,699.7166680230035,695.850830078125,695.850830078125,12300
2023-11-09 00:00:00+09:00,699.7167069639008,702.616085583917,695.8508688038793,700.6831665039062,14900
2023-11-10 00:00:00+09:00,707.448428452827,712.2807264613846,701.6496708425578,709.38134765625,13500
2023-11-13 00:00:00+09:00,705.5154351688942,707.448354169357,701.6495971679688,701.6495971679688,9200
2023-11-14 00:00:00+09:00,702.6161050162451,712.2807006835938,702.6161050162451,712.2807006835938,8300
2023-11-15 00:00:00+09:00,714.2136133045649,714.2136133045649,706.4819368411867,708.4148559570312,10800
2023-11-16 00:00:00+09:00,708.4148880545384,712.2807264613846,707.448428452827,709.38134765625,6300
2023-11-17 00:00:00+09:00,709.3813251913482,718.0794613312966,708.4148656202427,714.213623046875,10300
2023-11-20 00:00:00+09:00,714.2136100215886,715.1800695750684,706.48193359375,706.48193359375,13600
2023-11-21 00:00:00+09:00,708.4148880545384,715.180105266519,706.4819688511154,709.38134765625,9700
2023-11-22 00:00:00+09:00,706.4819047437991,714.2135808559063,706.4819047437991,707.4483642578125,10000
2023-11-24 00:00:00+09:00,711.314266859673,711.314266859673,706.4819688511154,709.38134765625,10500
2023-11-27 00:00:00+09:00,710.3477172851562,713.2470957230548,709.3812578058568,710.3477172851562,7200
2023-11-28 00:00:00+09:00,709.38134765625,713.247186063096,709.38134765625,709.38134765625,10600
2023-11-29 00:00:00+09:00,713.2471634757696,714.213623046875,709.3813251913482,714.213623046875,6900
2023-11-30 00:00:00+09:00,714.2135908752276,714.2135908752276,711.3142122925135,713.2471313476562,4300
2023-12-01 00:00:00+09:00,715.1800537109375,717.1129727750211,713.2471346468539,715.1800537109375,7500
2023-12-04 00:00:00+09:00,715.18008903411,720.0123869329891,715.18008903411,718.0794677734375,8900
2023-12-05 00:00:00+09:00,719.0458951471951,720.0123546836833,716.1465165377306,717.1129760742188,8600
2023-12-06 00:00:00+09:00,720.9787886037122,720.9787886037122,717.1129505951133,720.0123291015625,6500
2023-12-07 00:00:00+09:00,720.0123291015625,721.945248105862,719.0458695994128,720.0123291015625,5900
2023-12-08 00:00:00+09:00,720.0123513711466,722.911729967272,715.1800537109375,715.1800537109375,13600
2023-12-11 00:00:00+09:00,715.18008903411,720.0123869329891,714.2136294543342,718.0794677734375,10000
2023-12-12 00:00:00+09:00,718.0794580840029,718.0794580840029,710.3477815501241,712.2807006835938,12600
2023-12-13 00:00:00+09:00,713.247186063096,713.247186063096,708.4148880545384,709.38134765625,13600
2023-12-14 00:00:00+09:00,710.3477427998527,713.2471213418929,707.4483642578125,707.4483642578125,11800
2023-12-15 00:00:00+09:00,707.4483609134204,708.414820422865,705.5154418945312,705.5154418945312,14200
2023-12-18 00:00:00+09:00,706.4819688511154,709.38134765625,705.515509249404,709.38134765625,12400
2023-12-19 00:00:00+09:00,709.38134765625,712.2807264613846,705.515509249404,709.38134765625,11800
2023-12-20 00:00:00+09:00,706.4819688511154,710.3478072579614,706.4819688511154,709.38134765625,10600
2023-12-21 00:00:00+09:00,710.3477718076692,710.3477718076692,706.48193359375,706.48193359375,10600
2023-12-22 00:00:00+09:00,707.4483642578125,709.3812832858392,705.5154452297857,707.4483642578125,23100
2023-12-25 00:00:00+09:00,711.3142122925135,713.2471313476562,707.4483741822281,713.2471313476562,24700
2023-12-26 00:00:00+09:00,713.2471125865143,720.0123291015625,712.2806530843645,720.0123291015625,21900
2023-12-27 00:00:00+09:00,722.9117496571643,726.777587890625,721.945290098799,726.777587890625,62300
2023-12-28 00:00:00+09:00,720.9788208007812,720.9788208007812,720.9788208007812,720.9788208007812,1900
2023-12-29 00:00:00+09:00,720.9788175193212,720.9788175193212,717.1129793556787,719.0458984375,10100
2024-01-04 00:00:00+09:00,716.1465581224185,723.8782348632812,715.1800985298106,723.8782348632812,15200
2024-01-05 00:00:00+09:00,724.8446655273438,725.8111250813802,720.0123677571614,724.8446655273438,7900
2024-01-09 00:00:00+09:00,729.6769698165772,730.6434293792482,726.7775911285644,728.7105102539062,10700
2024-01-10 00:00:00+09:00,729.6769632975261,729.6769632975261,724.8446655273438,724.8446655273438,12800
2024-01-11 00:00:00+09:00,728.7104747381096,728.7104747381096,722.9117176447029,725.8110961914062,11800
2024-01-12 00:00:00+09:00,725.811101830524,725.811101830524,708.4148304151452,711.314208984375,35500
2024-01-15 00:00:00+09:00,721.945241333502,721.945241333502,715.1800248819163,716.146484375,1800
2024-01-16 00:00:00+09:00,716.1465065997579,716.1465065997579,707.4483708920686,711.314208984375,19700
2024-01-17 00:00:00+09:00,712.2806362437553,715.1800146816539,710.3477172851562,710.3477172851562,13600
2024-01-18 00:00:00+09:00,710.3477750728758,711.3142346307981,708.4148559570312,708.4148559570312,13500
2024-01-19 00:00:00+09:00,709.3813155149535,710.3477750728758,708.4148559570312,708.4148559570312,15200
2024-01-22 00:00:00+09:00,710.3477847624536,714.213623046875,710.3477847624536,714.213623046875,14200
2024-01-23 00:00:00+09:00,715.1800146816539,715.1800146816539,710.3477172851562,710.3477172851562,15700
2024-01-24 00:00:00+09:00,714.2136133045649,714.2136133045649,708.4148559570312,708.4148559570312,11100
2024-01-25 00:00:00+09:00,713.2471537466427,713.2471537466427,708.4148559570312,708.4148559570312,13200
2024-01-26 00:00:00+09:00,708.4148559570312,712.2806941887203,708.4148559570312,708.4148559570312,23500
2024-01-29 00:00:00+09:00,713.2471346468539,715.1800537109375,710.3477560507284,715.1800537109375,12100
2024-01-30 00:00:00+09:00,716.1465552193778,716.1465552193778,703.5825805664062,703.5825805664062,95300
2024-01-31 00:00:00+09:00,706.4819047437991,710.3477427998527,704.5489857157722,707.4483642578125,15500
2024-02-01 00:00:00+09:00,708.4148527007096,711.3142313611492,706.48193359375,706.48193359375,10300
2024-02-02 00:00:00+09:00,706.481911368992,711.314208984375,706.481911368992,711.314208984375,10200
2024-02-05 00:00:00+09:00,711.3141767644559,713.2470957230548,707.4483388472577,710.3477172851562,16800
2024-02-06 00:00:00+09:00,712.2807006835938,716.1465389505332,710.3477815501241,712.2807006835938,16400
2024-02-07 00:00:00+09:00,717.1129694579416,717.1129694579416,711.3142122925135,713.2471313476562,16000
2024-02-08 00:00:00+09:00,717.1129760742188,719.0458951471951,712.2806783917779,717.1129760742188,14500
2024-02-09 00:00:00+09:00,713.2471444383065,724.8446589820187,713.2471444383065,720.9788208007812,32400
2024-02-13 00:00:00+09:00,723.8781894993137,727.744027627481,714.2135941788957,715.1800537109375,37600
2024-02-14 00:00:00+09:00,716.1465065997579,720.0123446920644,711.314208984375,711.314208984375,12300
2024-02-15 00:00:00+09:00,718.0794580840029,718.0794580840029,710.3477815501241,712.2807006835938,16700
2024-02-16 00:00:00+09:00,712.2807102947825,718.0794677734375,711.3142507150067,718.0794677734375,8500
2024-02-19 00:00:00+09:00,720.9787818404184,720.9787818404184,715.1800248819163,716.146484375,10900
2024-02-20 00:00:00+09:00,716.1465198147681,720.0123579784106,715.1800602738575,719.0458984375,5400
2024-02-21 00:00:00+09:00,716.1465165377306,720.0123546836833,716.1465165377306,717.1129760742188,5800
2024-02-22 00:00:00+09:00,720.0123456740221,729.6769409179688,716.1465075764435,729.6769409179688,26100
2024-02-26 00:00:00+09:00,742.2408976510067,742.2408976510067,720.0123291015625,720.0123291015625,29500
2024-02-27 00:00:00+09:00,726.777555706974,728.7104747381096,721.9452581291351,725.8110961914062,10100
2024-02-28 00:00:00+09:00,721.9452514648438,729.6769275180147,721.9452514648438,721.9452514648438,11200
2024-02-29 00:00:00+09:00,721.945248105862,723.8781671101615,718.079410097263,720.0123291015625,11200
2024-03-01 00:00:00+09:00,720.0123964928499,723.8782348632812,717.1130177150263,723.8782348632812,8700
2024-03-04 00:00:00+09:00,723.8781894993137,723.8781894993137,715.1800537109375,715.1800537109375,15900
2024-03-05 00:00:00+09:00,719.0458984375,721.9452770602319,715.1800602738575,719.0458984375,9400
2024-03-06 00:00:00+09:00,715.1800570012424,720.0123546836833,715.1800570012424,717.1129760742188,9900
2024-03-07 00:00:00+09:00,717.1129760742188,720.0123546836833,715.1800570012424,717.1129760742188,7000
2024-03-08 00:00:00+09:00,714.2135974647542,719.0458951471951,714.2135974647542,717.1129760742188,11800
2024-03-11 00:00:00+09:00,719.0459176507378,719.0459176507378,708.4148624166544,712.2807006835938,28900
2024-03-12 00:00:00+09:00,715.1800570012424,717.1129760742188,710.3477593188015,717.1129760742188,10700
2024-03-13 00:00:00+09:00,719.0459209024019,719.0459209024019,714.213623046875,714.213623046875,8100
2024-03-14 00:00:00+09:00,716.1465198147681,720.0123579784106,715.1800602738575,719.0458984375,6400
2024-03-15 00:00:00+09:00,720.0123964928499,723.8782348632812,719.045936900242,723.8782348632812,7200
2024-03-18 00:00:00+09:00,724.8446944558891,725.811154048497,720.9788560854578,723.8782348632812,10600
2024-03-19 00:00:00+09:00,721.9453156780656,723.8782348632812,720.0123964928499,723.8782348632812,6300
2024-03-21 00:00:00+09:00,725.8111315658933,729.6769698165772,723.8782124405515,728.7105102539062,16500
2024-03-22 00:00:00+09:00,722.9117372445323,737.4086303710938,722.9117372445323,737.4086303710938,21800
2024-03-25 00:00:00+09:00,737.408659368954,737.408659368954,704.549033656576,718.0794677734375,73100
2024-03-26 00:00:00+09:00,718.0794486490886,729.6769632975261,718.0794486490886,724.8446655273438,15900
2024-03-27 00:00:00+09:00,729.6769342536774,730.6433937692452,722.9117176447029,725.8110961914062,13600
2024-03-28 00:00:00+09:00,729.6769342536774,733.5427723159486,725.8110961914062,725.8110961914062,11100
2024-03-29 00:00:00+09:00,734.5092129266985,734.5092129266985,727.7439964918474,732.5762939453125,6000
2024-04-01 00:00:00+09:00,734.509238539942,735.4756980643367,729.6769409179688,729.6769409179688,13400
2024-04-02 00:00:00+09:00,729.67692412306,730.6433836252097,720.0123291015625,720.0123291015625,21000
2024-04-03 00:00:00+09:00,720.9787986135674,729.6769342536774,720.9787986135674,725.8110961914062,9400
2024-04-04 00:00:00+09:00,726.7775590346946,729.6769375946734,722.9117209547228,727.7440185546875,11600
2024-04-05 00:00:00+09:00,727.7440152225419,728.7104747381096,723.8781771602708,725.8110961914062,8500
2024-04-08 00:00:00+09:00,732.5763161546522,732.5763161546522,724.8446399947087,727.7440185546875,10500
2024-04-09 00:00:00+09:00,726.777587890625,728.7105070073554,724.8446687738946,726.777587890625,10300
2024-04-10 00:00:00+09:00,722.9117307801178,734.5092451776597,722.9117307801178,733.5427856445312,21600
2024-04-11 00:00:00+09:00,731.609859966758,731.609859966758,727.7440218691794,729.6769409179688,10000
2024-04-12 00:00:00+09:00,733.5427500406901,733.5427500406901,727.7439931233724,730.6433715820312,7800
2024-04-15 00:00:00+09:00,731.6098856824509,732.5763452408162,725.8111283322598,726.777587890625,10600
2024-04-16 00:00:00+09:00,728.7105037434895,728.7105037434895,724.8446655273438,724.8446655273438,8700
2024-04-17 00:00:00+09:00,729.6769632975261,729.6769632975261,724.8446655273438,724.8446655273438,8100
2024-04-18 00:00:00+09:00,724.8446687738946,727.7440474489902,723.8782092155294,726.777587890625,8000
2024-04-19 00:00:00+09:00,728.7105102539062,734.5092676299321,722.9117528778805,728.7105102539062,27600
2024-04-22 00:00:00+09:00,725.8110775104614,733.5427534360056,724.8446180197683,732.5762939453125,11800
2024-04-23 00:00:00+09:00,732.5763194911527,734.509238539942,729.6769409179688,729.6769409179688,6700
2024-04-24 00:00:00+09:00,733.5427601731668,739.3415171705832,733.5427601731668,736.442138671875,13600
2024-04-25 00:00:00+09:00,737.4085913987776,737.4085913987776,730.6433749639265,732.5762939453125,8900
2024-04-26 00:00:00+09:00,731.609901890299,731.609901890299,718.0794677734375,718.0794677734375,62600
2024-04-30 00:00:00+09:00,724.8446366758385,727.7440152225419,724.8446366758385,725.8110961914062,9000
2024-05-01 00:00:00+09:00,727.7440474489902,730.6434261240857,725.8111283322598,726.777587890625,8500
2024-05-02 00:00:00+09:00,729.6769665657206,729.6769665657206,725.8111283322598,726.777587890625,5300
2024-05-07 00:00:00+09:00,732.5763452408162,732.5763452408162,726.777587890625,726.777587890625,9800
2024-05-08 00:00:00+09:00,728.710481393574,732.5763194911527,728.710481393574,729.6769409179688,8900
2024-05-09 00:00:00+09:00,729.6769120958116,731.6098310682509,728.710452609592,730.6433715820312,6100
2024-05-10 00:00:00+09:00,733.5427856445312,733.5427856445312,730.6434070451458,733.5427856445312,6700
2024-05-13 00:00:00+09:00,734.50927734375,734.50927734375,729.6769794664885,734.50927734375,12300
2024-05-14 00:00:00+09:00,734.50927734375,734.50927734375,727.7440603155839,734.50927734375,15700
2024-05-15 00:00:00+09:00,734.5092869053933,741.2745040216272,733.5428273173599,740.3080444335938,21100
2024-05-16 00:00:00+09:00,741.2744495738636,744.173828125,733.5427734374999,744.173828125,21100
2024-05-17 00:00:00+09:00,744.1738146684302,744.1738146684302,735.4756791723056,736.442138671875,11500
2024-05-20 00:00:00+09:00,741.2744880134829,752.8720028194305,735.4757306105091,749.0061645507812,27800
2024-05-21 00:00:00+09:00,748.0396526667078,749.0061121662771,736.442138671875,736.442138671875,23200
2024-05-22 00:00:00+09:00,738.3750866201955,753.8384392195712,734.5092484703515,735.4757080078125,22500
2024-05-23 00:00:00+09:00,742.2409247700393,742.2409247700393,735.4757080078125,735.4757080078125,7700
2024-05-24 00:00:00+09:00,735.4756924715908,748.0396661931818,734.5092329545454,744.173828125,17100
2024-05-27 00:00:00+09:00,749.9726403139279,749.9726403139279,738.375125257527,740.3080444335938,15700
2024-05-28 00:00:00+09:00,744.1738504646651,744.1738504646651,736.442174096201,739.341552734375,13600
2024-05-29 00:00:00+09:00,739.3415461576565,739.3415461576565,734.5092484703515,735.4757080078125,10600
2024-05-30 00:00:00+09:00,735.4757047107882,735.4757047107882,732.5763261114028,733.5427856445312,13800
2024-05-31 00:00:00+09:00,735.475714550143,746.106769556781,734.5092550040849,739.341552734375,12500
2024-06-03 00:00:00+09:00,739.3415624715011,745.1403198242188,739.3415624715011,745.1403198242188,11900
2024-06-04 00:00:00+09:00,747.0732711238564,749.0061903246944,744.1738923225996,746.1068115234375,7900
2024-06-05 00:00:00+09:00,746.106779383005,749.0061580593639,744.1738602654325,745.1403198242188,11600
2024-06-06 00:00:00+09:00,746.106779383005,748.0396985005776,745.1403198242188,745.1403198242188,13900
2024-06-07 00:00:00+09:00,745.140326282132,752.8720028194305,745.140326282132,749.0061645507812,23300
2024-06-10 00:00:00+09:00,749.0061323772105,750.9390514285066,748.0396728515625,748.0396728515625,14700
2024-06-11 00:00:00+09:00,748.0396628379822,750.9390413761139,742.2409057617188,742.2409057617188,24400
2024-06-12 00:00:00+09:00,742.2409057617188,745.1402842998505,740.3079867362976,742.2409057617188,14400
2024-06-13 00:00:00+09:00,739.341527223587,744.1738247871399,739.341527223587,742.2409057617188,9000
2024-06-14 00:00:00+09:00,739.341527223587,749.0061223506927,739.341527223587,742.2409057617188,15200
2024-06-17 00:00:00+09:00,742.2408735332464,743.2073330039929,739.3414951210071,741.2744140625,14100
2024-06-18 00:00:00+09:00,742.2408735332464,747.0731708869785,741.2744140625,741.2744140625,18300
2024-06-19 00:00:00+09:00,744.1738827857274,744.1738827857274,740.3080444335938,740.3080444335938,12400
2024-06-20 00:00:00+09:00,742.2409636096606,744.1738827857274,740.3080444335938,740.3080444335938,11800
2024-06-21 00:00:00+09:00,744.173857015503,749.0061547883311,740.3080187972407,743.2073974609375,52100
2024-06-24 00:00:00+09:00,751.9054785724753,751.9054785724753,743.2073432162384,747.0731811523438,43200
2024-06-25 00:00:00+09:00,749.0061903246944,750.9391095255323,739.3415943205048,746.1068115234375,67200
2024-06-26 00:00:00+09:00,749.0061001203964,750.939019088449,742.2408837322121,747.0731811523438,143900
2024-06-27 00:00:00+09:00,751.981697655478,752.9633969996758,738.2379068367095,745.1098022460938,66100
2024-06-28 00:00:00+09:00,750.9999901196353,751.981689453125,744.1280947852072,751.981689453125,30400
2024-07-01 00:00:00+09:00,752.9634285674007,752.9634285674007,743.1464347138492,748.054931640625,24300
2024-07-02 00:00:00+09:00,752.96337890625,752.96337890625,747.0731829826027,752.96337890625,11700
2024-07-03 00:00:00+09:00,753.945078226858,756.8901761886816,751.9816795856422,752.96337890625,22600
2024-07-04 00:00:00+09:00,755.9084867870838,755.9084867870838,750.9999901196353,751.981689453125,14400
2024-07-05 00:00:00+09:00,755.9085083007812,756.8902076622109,751.9817108550629,755.9085083007812,13000
2024-07-08 00:00:00+09:00,756.8901960784314,756.8901960784314,751.0,751.0,17300
2024-07-09 00:00:00+09:00,747.0731910304019,749.0365896927683,744.1280930368523,746.0914916992188,23500
2024-07-10 00:00:00+09:00,750.9999983112803,750.9999983112803,744.128102901896,745.1098022460938,10000
2024-07-11 00:00:00+09:00,746.0914916992188,748.0548903615851,744.1280930368523,746.0914916992188,11700
2024-07-12 00:00:00+09:00,746.0915115074621,749.036609579202,744.1281127929688,744.1281127929688,8200
2024-07-16 00:00:00+09:00,747.0732108647087,748.0549102219553,744.1281127929688,744.1281127929688,13800
2024-07-17 00:00:00+09:00,747.0732124688113,751.0000099062296,744.1281143907477,750.018310546875,14100
2024-07-18 00:00:00+09:00,749.0366226017708,755.9085182219704,744.1281257301995,754.9268188476562,18000
2024-07-19 00:00:00+09:00,751.0,753.9450980392156,749.0366013071895,751.0,5100
2024-07-22 00:00:00+09:00,750.9999901196353,751.981689453125,747.0731927856764,751.981689453125,5400
2024-07-23 00:00:00+09:00,751.0000213503993,754.9268188476562,747.0732238531423,754.9268188476562,9700
2024-07-24 00:00:00+09:00,750.999978425155,750.999978425155,747.0731811523438,747.0731811523438,9300
2024-07-25 00:00:00+09:00,747.0731811523438,750.999978425155,746.091481834141,747.0731811523438,22700
2024-07-26 00:00:00+09:00,748.0549118281659,752.9634086249387,746.0915131094569,750.018310546875,6200
2024-07-29 00:00:00+09:00,749.0366013071895,751.9816993464052,746.0915032679738,751.0,10000
2024-07-30 00:00:00+09:00,747.0731957315916,747.0731957315916,727.439208984375,727.439208984375,81100
2024-07-31 00:00:00+09:00,732.3476877047001,736.2744849578083,729.4025897648688,735.2927856445312,13800
2024-08-01 00:00:00+09:00,737.256204096987,741.1830014556925,733.3294067382812,733.3294067382812,10000
2024-08-02 00:00:00+09:00,731.3659927159139,734.3110906731592,716.6405029296875,716.6405029296875,33800
2024-08-05 00:00:00+09:00,711.7320450298259,713.6954437747358,670.5006713867188,670.5006713867188,69000
2024-08-06 00:00:00+09:00,687.1895642784552,724.494140625,687.1895642784552,724.494140625,17400
2024-08-07 00:00:00+09:00,709.7686034993272,735.2927856445312,704.8601069329419,735.2927856445312,12700
2024-08-08 00:00:00+09:00,721.5489957591618,721.5489957591618,701.9150094800009,704.860107421875,41100
2024-08-09 00:00:00+09:00,715.6588099012814,715.6588099012814,702.896718641039,703.87841796875,16400
2024-08-13 00:00:00+09:00,701.915007601963,716.6404972719342,696.0248117339745,698.9699096679688,40600
2024-08-14 00:00:00+09:00,710.7503070151969,716.6405029296875,706.8235097388698,716.6405029296875,11600
2024-08-15 00:00:00+09:00,715.6588447445729,718.6039428710938,707.8052497405172,718.6039428710938,10600
2024-08-16 00:00:00+09:00,716.6405358011249,725.475830078125,714.6771370729026,725.475830078125,10700
2024-08-19 00:00:00+09:00,725.4758284960404,725.4758284960404,717.6222336002782,719.5856323242188,4700
2024-08-20 00:00:00+09:00,719.5856224288732,726.4575178681667,719.5856224288732,720.5673217773438,5600
2024-08-21 00:00:00+09:00,722.5307319857916,726.4575294422361,720.5673332575693,725.475830078125,4500
2024-08-22 00:00:00+09:00,725.4758400025406,728.4209381351626,722.5307418699186,724.494140625,5900
2024-08-23 00:00:00+09:00,724.494140625,728.4209381351626,723.5124412474594,724.494140625,5200
2024-08-26 00:00:00+09:00,724.4941208298142,727.4392188819679,722.5307221283783,726.45751953125,6400
2024-08-27 00:00:00+09:00,727.4392009061926,734.3110961914062,725.4758022532744,734.3110961914062,9200
2024-08-28 00:00:00+09:00,729.4026093795756,734.3111060779577,725.47581202087,733.3294067382812,5900
2024-08-29 00:00:00+09:00,733.3294365175309,735.2928352766139,727.4392402402816,730.3843383789062,6000
2024-08-30 00:00:00+09:00,730.3843300079061,738.2379249542278,729.402630639616,737.2562255859375,10100
2024-09-02 00:00:00+09:00,740.2013236908081,740.2013236908081,731.3660293761964,737.2562255859375,3600
2024-09-03 00:00:00+09:00,737.2561923538578,737.2561923538578,727.4391991134603,728.4208984375,5900
2024-09-04 00:00:00+09:00,728.4209281704584,729.4026275345695,724.4941307140139,725.475830078125,10300
2024-09-05 00:00:00+09:00,725.4758103096533,729.4026076590966,721.54901296021,727.439208984375,4400
2024-09-06 00:00:00+09:00,726.4575278580107,726.4575278580107,717.6222336002782,719.5856323242188,7600
2024-09-09 00:00:00+09:00,719.5856437372968,725.4758400025406,718.603944359756,724.494140625,6700
2024-09-10 00:00:00+09:00,727.4392303671614,736.2745246631188,727.4392303671614,731.3660278320312,11800
2024-09-11 00:00:00+09:00,735.2928136877111,736.2745130384291,726.45751953125,726.45751953125,6600
2024-09-12 00:00:00+09:00,734.3110961914062,735.2927955178653,729.4025995591107,734.3110961914062,4700
2024-09-13 00:00:00+09:00,734.3111159910146,736.2745146968729,727.4392205205104,732.3477172851562,15100
2024-09-17 00:00:00+09:00,734.3111373697917,736.2745361328125,730.38433984375,736.2745361328125,6000
2024-09-18 00:00:00+09:00,736.2744948443245,736.2744948443245,730.3842988855699,734.3110961914062,4400
2024-09-19 00:00:00+09:00,734.3110961914062,734.3110961914062,730.3842988855699,734.3110961914062,7200
2024-09-20 00:00:00+09:00,734.3111159910146,734.3111159910146,732.3477172851562,732.3477172851562,4100
2024-09-24 00:00:00+09:00,735.2927955178653,735.2927955178653,731.365998212029,734.3110961914062,8100
2024-09-25 00:00:00+09:00,735.2927955178653,735.2927955178653,732.3476975384881,734.3110961914062,2200
2024-09-26 00:00:00+09:00,734.3110961914062,734.3110961914062,731.365998212029,734.3110961914062,5600
2024-09-27 00:00:00+09:00,735.2928054176341,738.2379034366634,733.3294067382812,733.3294067382812,9800
2024-09-30 00:00:00+09:00,732.3477386067708,739.2196342773437,731.3660392252605,736.2745361328125,9000
2024-10-01 00:00:00+09:00,739.2196143941676,740.2013137492728,737.2562156839573,738.2379150390625,9600
2024-10-02 00:00:00+09:00,741.1830330403646,741.1830330403646,736.2745361328125,736.2745361328125,13400
2024-10-03 00:00:00+09:00,738.2379348958334,742.164732421875,736.2745361328125,736.2745361328125,5400
2024-10-04 00:00:00+09:00,740.2013137492728,742.164712459483,737.2562156839573,738.2379150390625,5900
2024-10-07 00:00:00+09:00,741.1830230590983,741.1830230590983,736.2745262176473,737.2562255859375,8600
2024-10-08 00:00:00+09:00,737.2561941707836,737.2561941707836,734.3110961914062,734.3110961914062,9100
2024-10-09 00:00:00+09:00,735.2928054176341,736.2745047573105,731.3660080589284,733.3294067382812,10100
2024-10-10 00:00:00+09:00,732.3476975384881,734.3110961914062,730.3842988855699,734.3110961914062,8300
2024-10-11 00:00:00+09:00,733.3294365175309,734.3111358970724,730.3843383789062,730.3843383789062,8500
2024-10-15 00:00:00+09:00,734.3111358970724,734.3111358970724,730.3843383789062,730.3843383789062,7000
2024-10-16 00:00:00+09:00,730.3843383789062,733.3294365175309,730.3843383789062,730.3843383789062,6500
2024-10-17 00:00:00+09:00,732.3476858228886,733.3293851336432,729.402587890625,729.402587890625,4400
2024-10-18 00:00:00+09:00,729.4026389993647,733.3294365175309,729.4026389993647,730.3843383789062,3000
2024-10-21 00:00:00+09:00,731.3660162848395,731.3660162848395,726.45751953125,726.45751953125,11400
2024-10-22 00:00:00+09:00,727.4392288063473,727.4392288063473,724.4941307140139,725.475830078125,18300
2024-10-23 00:00:00+09:00,724.4940993267556,727.4391972914985,722.5307006835938,722.5307006835938,7100
2024-10-24 00:00:00+09:00,722.5306908285278,723.5123901367188,720.567292212146,723.5123901367188,10800
2024-10-25 00:00:00+09:00,723.5124397486285,723.5124397486285,718.6039428710938,718.6039428710938,10600
2024-10-28 00:00:00+09:00,718.6039132254464,725.4758085704985,718.6039132254464,721.5490112304688,8500
2024-10-29 00:00:00+09:00,722.5307319857916,728.4209281704584,720.5673332575693,725.475830078125,11900
2024-10-30 00:00:00+09:00,720.5673486871414,721.5490480722738,705.8418579101562,705.8418579101562,101700
2024-10-31 00:00:00+09:00,712.7137466180519,718.6039428710938,708.7869491160242,718.6039428710938,7700
2024-11-01 00:00:00+09:00,718.6039230804028,722.5307204742847,718.6039230804028,720.5673217773438,5700
2024-11-05 00:00:00+09:00,719.5856323242188,722.5307304101295,719.5856323242188,719.5856323242188,7200
2024-11-06 00:00:00+09:00,722.5307105654762,725.4758085704985,721.5490112304688,721.5490112304688,8400
2024-11-07 00:00:00+09:00,723.5124099004836,726.457507905506,721.5490112304688,721.5490112304688,4100
2024-11-08 00:00:00+09:00,721.5490509742914,728.420946697856,712.7137564725654,717.6222534179688,14200
2024-11-11 00:00:00+09:00,716.6405145554315,723.5124099004836,716.6405145554315,721.5490112304688,4500
2024-11-12 00:00:00+09:00,723.5124313499027,726.4575294422361,722.5307319857916,725.475830078125,4300
2024-11-13 00:00:00+09:00,721.5490112304688,726.457507905506,721.5490112304688,721.5490112304688,7400
2024-11-14 00:00:00+09:00,722.5307105654762,726.457507905506,721.5490112304688,721.5490112304688,3900
2024-11-15 00:00:00+09:00,721.5489915203369,723.5123901367188,716.6404949793822,723.5123901367188,10900
2024-11-18 00:00:00+09:00,722.5306908285278,726.4574880612915,718.6038935957641,723.5123901367188,7000
2024-11-19 00:00:00+09:00,723.5124116349317,729.4026076590966,723.5124116349317,727.439208984375,6400
2024-11-20 00:00:00+09:00,727.4391892691159,729.402587890625,725.4757906476068,729.402587890625,4800
2024-11-21 00:00:00+09:00,726.4575096470141,729.4026076590966,726.4575096470141,727.439208984375,3200
2024-11-22 00:00:00+09:00,727.4391991134603,729.4025977615398,726.4574997894205,728.4208984375,3400
2024-11-25 00:00:00+09:00,728.4209381351626,729.4026375127032,724.494140625,724.494140625,6800
2024-11-26 00:00:00+09:00,724.4940993267556,725.4757986483366,722.5307006835938,722.5307006835938,5100
2024-11-27 00:00:00+09:00,722.5307304101295,722.5307304101295,719.5856323242188,719.5856323242188,5700
2024-11-28 00:00:00+09:00,718.6039230804028,726.4575178681667,718.6039230804028,720.5673217773438,6700
2024-11-29 00:00:00+09:00,722.5307204742847,723.5124198227552,719.5856224288732,720.5673217773438,5600
2024-12-02 00:00:00+09:00,720.5673217773438,722.5307204742847,720.5673217773438,720.5673217773438,2900
2024-12-03 00:00:00+09:00,721.5490112304688,724.494109235491,718.6039132254464,721.5490112304688,10100
2024-12-04 00:00:00+09:00,721.5490211258142,723.5124198227552,720.5673217773438,720.5673217773438,6200
2024-12-05 00:00:00+09:00,723.5124000051746,724.4940993267556,720.5673020404317,722.5307006835938,7300
2024-12-06 00:00:00+09:00,723.5124313499027,725.475830078125,723.5124313499027,725.475830078125,5200
2024-12-09 00:00:00+09:00,725.475830078125,725.475830078125,719.5856338934582,725.475830078125,14400
2024-12-10 00:00:00+09:00,725.4758004653808,729.4025977615398,725.4758004653808,728.4208984375,8400
2024-12-11 00:00:00+09:00,729.4026175834036,729.4026175834036,724.4941208298142,726.45751953125,10900
2024-12-12 00:00:00+09:00,729.4026175834036,730.3843169341216,725.4758201805321,726.45751953125,6200
2024-12-13 00:00:00+09:00,728.4209182326858,729.4026175834036,724.4941208298142,726.45751953125,6800
2024-12-16 00:00:00+09:00,726.4575294422361,728.4209281704584,724.4941307140139,725.475830078125,7400
2024-12-17 00:00:00+09:00,725.4758400025406,727.439238757622,723.5124412474594,724.494140625,9800
2024-12-18 00:00:00+09:00,722.5306908285278,726.4574880612915,721.5489915203369,723.5123901367188,11100
2024-12-19 00:00:00+09:00,723.5124412474594,727.439238757622,723.5124412474594,724.494140625,6700
2024-12-20 00:00:00+09:00,725.4758004653808,730.3842970855795,725.4758004653808,728.4208984375,7000
2024-12-23 00:00:00+09:00,731.3660097565466,739.2196044921875,731.3660097565466,739.2196044921875,21300
2024-12-24 00:00:00+09:00,740.2013351198226,745.1098320370628,739.2196357363746,742.1647338867188,18900
2024-12-25 00:00:00+09:00,742.1647140784754,745.1098121502154,741.1830147212287,744.1281127929688,14700
2024-12-26 00:00:00+09:00,745.1097923680355,746.0914916992188,742.164694374486,746.0914916992188,44500
2024-12-27 00:00:00+09:00,741.1829796196795,741.1829796196795,727.4391892691159,729.402587890625,24700
2024-12-30 00:00:00+09:00,730.384308719252,734.3111060779577,730.384308719252,733.3294067382812,8500
2025-01-06 00:00:00+09:00,731.3660063338183,733.32940500854,727.439208984375,727.439208984375,9600
2025-01-07 00:00:00+09:00,728.4209083217359,730.3843069964574,726.4575096470141,727.439208984375,9000
2025-01-08 00:00:00+09:00,726.4575096470141,729.4026076590966,726.4575096470141,727.439208984375,5500
2025-01-09 00:00:00+09:00,727.4392188819679,729.4026175834036,726.45751953125,726.45751953125,6700
2025-01-10 00:00:00+09:00,726.4575393800812,726.4575393800812,723.5124412474594,724.494140625,10500
2025-01-14 00:00:00+09:00,726.4575310009438,731.3660278320312,724.4941322685088,731.3660278320312,10600
2025-01-15 00:00:00+09:00,726.4574997894205,732.3476957336591,726.4574997894205,728.4208984375,6200
2025-01-16 00:00:00+09:00,726.4574880612915,728.4208866776735,723.5123901367188,723.5123901367188,12800
2025-01-17 00:00:00+09:00,723.5123901367188,728.4208866776735,723.5123901367188,723.5123901367188,8400
2025-01-20 00:00:00+09:00,723.5123901367188,728.4208866776735,723.5123901367188,723.5123901367188,5500
2025-01-21 00:00:00+09:00,723.5124412474594,727.439238757622,722.5307418699186,724.494140625,5100
2025-01-22 00:00:00+09:00,724.494101141341,728.4208984375,723.5124018173012,728.4208984375,5400
2025-01-23 00:00:00+09:00,727.439238757622,729.4026375127032,724.494140625,724.494140625,2800
2025-01-24 00:00:00+09:00,724.4940894449097,728.4208866776735,723.5123901367188,723.5123901367188,5400
2025-01-27 00:00:00+09:00,724.4940894449097,727.4391873694825,722.5306908285278,723.5123901367188,8400
2025-01-28 00:00:00+09:00,724.4940993267556,726.4574979699177,722.5307006835938,722.5307006835938,9000
2025-01-29 00:00:00+09:00,722.5307204742847,724.4941191712257,720.5673217773438,720.5673217773438,24900
2025-01-30 00:00:00+09:00,718.6039041722074,719.5856034948471,692.0980224609375,692.0980224609375,153800
2025-01-31 00:00:00+09:00,711.7320556640625,715.6588532125539,707.8052581155712,711.7320556640625,17900
2025-02-03 00:00:00+09:00,716.6405227158095,716.6405227158095,709.7686272925073,714.6771240234375,9100
2025-02-04 00:00:00+09:00,715.6588134765625,716.6405128091778,714.6771141439472,715.6588134765625,2600
2025-02-05 00:00:00+09:00,715.6588134765625,717.6222121417932,715.6588134765625,715.6588134765625,2400
2025-02-06 00:00:00+09:00,713.695455861646,718.6039528070494,713.695455861646,717.6222534179688,4900
2025-02-07 00:00:00+09:00,718.6039329622485,721.5490310481592,716.6405342383079,719.5856323242188,5500
2025-02-10 00:00:00+09:00,717.6222336002782,719.5856323242188,716.6405342383079,719.5856323242188,4400
2025-02-12 00:00:00+09:00,718.6039230804028,720.5673217773438,718.6039230804028,720.5673217773438,4100
2025-02-13 00:00:00+09:00,720.5673217773438,721.5490211258142,718.6039230804028,720.5673217773438,3500
2025-02-14 00:00:00+09:00,720.5673217773438,721.5490211258142,718.6039230804028,720.5673217773438,5500
2025-02-17 00:00:00+09:00,720.5673118954613,721.5490112304688,718.6039132254464,721.5490112304688,4200
2025-02-18 00:00:00+09:00,721.5490310481592,721.5490310481592,717.6222336002782,719.5856323242188,4300
2025-02-19 00:00:00+09:00,719.58565219613,719.58565219613,717.6222534179688,717.6222534179688,5000
2025-02-20 00:00:00+09:00,719.5856008869328,720.5673002060146,716.6405029296875,716.6405029296875,6500
2025-02-21 00:00:00+09:00,718.6039428710938,720.5673416221076,716.6405441200798,718.6039428710938,7700
2025-02-25 00:00:00+09:00,719.5856125604538,721.5490112304688,716.6405145554315,721.5490112304688,5200
2025-02-26 00:00:00+09:00,721.5490509742914,721.5490509742914,717.6222534179688,717.6222534179688,2500
2025-02-27 00:00:00+09:00,717.622213890439,721.5490112304688,716.6405145554315,721.5490112304688,9600
2025-02-28 00:00:00+09:00,721.5490211258142,721.5490211258142,717.6222237319323,720.5673217773438,3700
2025-03-03 00:00:00+09:00,719.5856224288732,721.5490211258142,718.6039230804028,720.5673217773438,6100
2025-03-04 00:00:00+09:00,717.6222534179688,719.58565219613,716.640554028888,717.6222534179688,4700
2025-03-05 00:00:00+09:00,715.6588447445729,718.6039428710938,715.6588447445729,718.6039428710938,4500
2025-03-06 00:00:00+09:00,716.6405243834618,720.5673217773438,715.6588250349913,720.5673217773438,5100
2025-03-07 00:00:00+09:00,720.5673217773438,720.5673217773438,718.6039230804028,720.5673217773438,2700
2025-03-10 00:00:00+09:00,722.5307204742847,724.4941191712257,720.5673217773438,720.5673217773438,6800
2025-03-11 00:00:00+09:00,721.5490211258142,731.3660146105192,719.5856224288732,720.5673217773438,13500
2025-03-12 00:00:00+09:00,728.4208984375,728.4208984375,722.5307024932615,728.4208984375,5900
2025-03-13 00:00:00+09:00,731.3660179322271,733.3294166380854,727.4392205205104,732.3477172851562,6900
2025-03-14 00:00:00+09:00,734.3111060779577,735.2928054176341,732.3477073986048,733.3294067382812,4000
2025-03-17 00:00:00+09:00,733.3294166380854,736.2745146968729,732.3477172851562,732.3477172851562,6100
2025-03-18 00:00:00+09:00,736.2745361328125,736.2745361328125,732.3477386067708,736.2745361328125,5100
2025-03-19 00:00:00+09:00,736.2744948443245,736.2744948443245,732.3476975384881,734.3110961914062,6000
2025-03-21 00:00:00+09:00,736.2745361328125,737.256235514323,735.292836751302,736.2745361328125,7100
2025-03-24 00:00:00+09:00,736.2744849578083,736.2744849578083,734.3110863312542,735.2927856445312,6400
2025-03-25 00:00:00+09:00,737.2562255859375,740.2013236908081,735.2928268493571,737.2562255859375,6300
2025-03-26 00:00:00+09:00,740.2013038341425,740.2013038341425,736.2745064663221,739.2196044921875,3600
2025-03-27 00:00:00+09:00,739.2195946164726,741.1829932741525,737.2561959587928,740.2012939453125,3900
2025-03-28 00:00:00+09:00,737.2562156839573,742.164712459483,737.2562156839573,738.2379150390625,4600
2025-03-31 00:00:00+09:00,737.2562156839573,739.2196143941676,735.2928169737471,738.2379150390625,7500
2025-04-01 00:00:00+09:00,735.2927856445312,744.128079464025,735.2927856445312,735.2927856445312,7500
2025-04-02 00:00:00+09:00,741.1829914766199,741.1829914766199,733.3293968649472,734.3110961914062,7900
2025-04-03 00:00:00+09:00,733.3294379882813,741.1830330403646,731.3660392252605,736.2745361328125,7900
2025-04-04 00:00:00+09:00,732.3476858228886,740.201280308925,727.4391892691159,729.402587890625,10100
2025-04-07 00:00:00+09:00,721.549042492378,725.4758400025406,717.6222449822154,724.494140625,18200
2025-04-08 00:00:00+09:00,727.439238757622,731.3660362677846,721.549042492378,724.494140625,8100
2025-04-09 00:00:00+09:00,730.3843284658138,734.3111259306837,726.4575310009438,731.3660278320312,6100
2025-04-10 00:00:00+09:00,741.1830014556925,741.1830014556925,732.3477073986048,733.3294067382812,5300
2025-04-11 00:00:00+09:00,733.329398643433,740.2012939453125,731.3659999857531,740.2012939453125,8000
2025-04-14 00:00:00+09:00,741.1829950433029,746.0914916992188,738.2378970497533,746.0914916992188,13000
2025-04-15 00:00:00+09:00,750.9999704360962,754.9267676671346,749.036571820577,753.945068359375,11500
2025-04-16 00:00:00+09:00,753.945078226858,753.945078226858,748.0548823032105,752.96337890625,8700
2025-04-17 00:00:00+09:00,754.9267676671346,755.9084669748943,749.036571820577,753.945068359375,10100
2025-04-18 00:00:00+09:00,755.9084669748943,755.9084669748943,751.9816697438558,753.945068359375,5800
2025-04-21 00:00:00+09:00,753.945078226858,754.9267775474658,751.9816795856422,752.96337890625,3900
2025-04-22 00:00:00+09:00,750.9999901196353,752.9633887866147,750.9999901196353,751.981689453125,3600
2025-04-23 00:00:00+09:00,754.9267775474658,754.9267775474658,749.0365816238185,752.96337890625,6600
2025-04-24 00:00:00+09:00,750.0183204660877,752.9634185831012,749.03662109375,749.03662109375,4600
2025-04-25 00:00:00+09:00,750.018310546875,752.9634086249387,749.0366111875204,750.018310546875,3800
2025-04-28 00:00:00+09:00,748.0548823032105,753.945078226858,747.0731829826027,752.96337890625,5200
2025-04-30 00:00:00+09:00,752.9634086249387,754.9268073436477,750.018310546875,750.018310546875,6900
2025-05-01 00:00:00+09:00,749.036609579202,751.0000082936954,741.1830147212287,744.1281127929688,11400
2025-05-02 00:00:00+09:00,744.1281227101738,751.0000183024841,743.1464233398438,743.1464233398438,8200
2025-05-07 00:00:00+09:00,743.1464233398438,747.073220821164,743.1464233398438,743.1464233398438,2900
2025-05-08 00:00:00+09:00,746.0915115074621,749.036609579202,743.146413435722,744.1281127929688,5700
2025-05-09 00:00:00+09:00,745.1098022460938,748.054900278687,743.1464035576982,745.1098022460938,4100
2025-05-12 00:00:00+09:00,744.1281242320609,749.03662109375,743.1464248597231,749.03662109375,6600
2025-05-13 00:00:00+09:00,749.0366310259801,751.0000297966905,746.0915328699147,748.054931640625,7400
2025-05-14 00:00:00+09:00,751.0000297966905,751.0000297966905,746.0915328699147,748.054931640625,4400
2025-05-15 00:00:00+09:00,746.0915229767365,751.0000198384256,746.0915229767365,749.03662109375,6200
2025-05-16 00:00:00+09:00,746.0914934521867,751.981689453125,745.109794118697,751.981689453125,5600
2025-05-19 00:00:00+09:00,751.981689453125,752.9633887866147,746.0914934521867,751.981689453125,5900
2025-05-20 00:00:00+09:00,753.945119473342,754.9268188476562,749.0366226017708,754.9268188476562,4600
2025-05-21 00:00:00+09:00,754.9267676671346,754.9267676671346,750.9999704360962,753.945068359375,3200
2025-05-22 00:00:00+09:00,753.945119473342,754.9268188476562,751.9817207247135,754.9268188476562,3700
2025-05-23 00:00:00+09:00,755.9085182219704,755.9085182219704,751.9817207247135,754.9268188476562,5700
2025-05-26 00:00:00+09:00,756.8901878712708,757.8718872070312,753.9450898639896,757.8718872070312,6900
2025-05-27 00:00:00+09:00,758.8535865427916,758.8535865427916,755.9084885355104,757.8718872070312,6800
2025-05-28 00:00:00+09:00,755.9084786912293,758.8535766601562,755.9084786912293,758.8535766601562,3700
2025-05-29 00:00:00+09:00,759.835285878552,759.835285878552,755.9084885355104,757.8718872070312,7100
2025-05-30 00:00:00+09:00,760.8170166015625,760.8170166015625,753.9451209677419,760.8170166015625,9800
2025-06-02 00:00:00+09:00,760.8170066912149,762.78040541816,760.8170066912149,761.7987060546875,9300
2025-06-03 00:00:00+09:00,762.7803757634488,764.7437744140625,761.7986764381419,764.7437744140625,7700
2025-06-04 00:00:00+09:00,764.7437942092483,764.7437942092483,762.7803955078125,762.7803955078125,7100
2025-06-05 00:00:00+09:00,762.7803659292367,765.7254638671875,762.7803659292367,765.7254638671875,7800
2025-06-06 00:00:00+09:00,765.7254638671875,768.6705618051382,764.7437645545373,765.7254638671875,15400
2025-06-09 00:00:00+09:00,767.6889038085938,767.6889038085938,765.7255050776255,767.6889038085938,17000
2025-06-10 00:00:00+09:00,767.688893908894,769.6522926145434,764.74379585042,768.6705932617188,18000
2025-06-11 00:00:00+09:00,767.6889038085938,769.652302539562,765.7255050776255,767.6889038085938,12700
2025-06-12 00:00:00+09:00,770.6340133492496,772.597412109375,768.670614589124,772.597412109375,10800
2025-06-13 00:00:00+09:00,772.5973807354363,772.5973807354363,767.6888840344487,769.6522827148438,10500
2025-06-16 00:00:00+09:00,769.6522827148438,771.6156813952388,767.6888840344487,769.6522827148438,13000
2025-06-17 00:00:00+09:00,768.6706116116432,771.6157097404234,760.8170166015625,760.8170166015625,25600
2025-06-18 00:00:00+09:00,759.8352841210427,761.7986827880221,750.0182907861455,751.981689453125,30200
2025-06-19 00:00:00+09:00,755.9084786912293,759.8352759831319,751.9816813993269,758.8535766601562,20200
2025-06-20 00:00:00+09:00,758.8535981049408,762.7803955078125,755.9085000527872,762.7803955078125,11300
2025-06-23 00:00:00+09:00,760.817001866162,763.7620999379019,736.2745179349954,744.1281127929688,69800
2025-06-24 00:00:00+09:00,739.2195847669185,748.0548786087542,736.2744868196398,741.1829833984375,43800
2025-06-25 00:00:00+09:00,742.1647239695137,747.073220821164,742.1647239695137,743.1464233398438,21200
2025-06-26 00:00:00+09:00,745.1098039215686,754.9267973856208,744.1281045751633,751.0,70900
2025-06-27 00:00:00+09:00,752.0,752.0,732.0,748.0,51100
2025-06-30 00:00:00+09:00,750.0,750.0,736.0,744.0,25800
2025-07-01 00:00:00+09:00,744.0,748.0,740.0,742.0,11700
2025-07-02 00:00:00+09:00,748.0,752.0,742.0,748.0,11100
2025-07-03 00:00:00+09:00,753.0,754.0,748.0,754.0,7600
2025-07-04 00:00:00+09:00,756.0,756.0,750.0,753.0,7200
2025-07-07 00:00:00+09:00,756.0,757.0,750.0,750.0,8300
2025-07-08 00:00:00+09:00,756.0,756.0,750.0,750.0,5400
2025-07-09 00:00:00+09:00,750.0,752.0,748.0,750.0,4800
2025-07-10 00:00:00+09:00,749.0,751.0,747.0,750.0,7900
2025-07-11 00:00:00+09:00,752.0,752.0,749.0,749.0,3000
2025-07-14 00:00:00+09:00,749.0,750.0,748.0,748.0,4200
2025-07-15 00:00:00+09:00,748.0,752.0,747.0,752.0,4700
2025-07-16 00:00:00+09:00,751.0,755.0,743.0,744.0,11300
2025-07-17 00:00:00+09:00,745.0,745.0,741.0,741.0,6600
2025-07-18 00:00:00+09:00,742.0,744.0,741.0,741.0,3700
2025-07-22 00:00:00+09:00,743.0,743.0,738.0,738.0,12800
2025-07-23 00:00:00+09:00,740.0,741.0,739.0,740.0,5700
2025-07-24 00:00:00+09:00,739.0,742.0,738.0,738.0,14500
2025-07-25 00:00:00+09:00,742.0,743.0,741.0,741.0,4800
2025-07-28 00:00:00+09:00,741.0,742.0,739.0,740.0,11700
2025-07-29 00:00:00+09:00,742.0,742.0,739.0,739.0,4800
2025-07-30 00:00:00+09:00,742.0,742.0,739.0,740.0,3900
2025-07-31 00:00:00+09:00,740.0,743.0,740.0,743.0,3800
2025-08-01 00:00:00+09:00,743.0,743.0,741.0,742.0,3100
2025-08-04 00:00:00+09:00,741.0,745.0,740.0,742.0,9700
2025-08-05 00:00:00+09:00,742.0,743.0,740.0,742.0,4400
2025-08-06 00:00:00+09:00,742.0,744.0,740.0,741.0,4700
2025-08-07 00:00:00+09:00,742.0,745.0,741.0,745.0,4400
2025-08-08 00:00:00+09:00,745.0,746.0,741.0,746.0,8600
2025-08-12 00:00:00+09:00,740.0,744.0,740.0,740.0,15100
2025-08-13 00:00:00+09:00,740.0,742.0,740.0,740.0,6900
2025-08-14 00:00:00+09:00,742.0,743.0,740.0,741.0,4400
2025-08-15 00:00:00+09:00,744.0,746.0,741.0,741.0,6800
2025-08-18 00:00:00+09:00,742.0,747.0,741.0,743.0,5300
2025-08-19 00:00:00+09:00,743.0,747.0,741.0,741.0,5100
2025-08-20 00:00:00+09:00,741.0,745.0,741.0,744.0,4600
2025-08-21 00:00:00+09:00,742.0,745.0,740.0,741.0,8500
2025-08-22 00:00:00+09:00,740.0,745.0,740.0,742.0,4200
2025-08-25 00:00:00+09:00,742.0,745.0,741.0,745.0,4900
2025-08-26 00:00:00+09:00,745.0,745.0,742.0,743.0,4100
2025-08-27 00:00:00+09:00,746.0,747.0,743.0,743.0,2200
2025-08-28 00:00:00+09:00,743.0,745.0,742.0,745.0,3100
2025-08-29 00:00:00+09:00,745.0,747.0,744.0,747.0,3800
2025-09-01 00:00:00+09:00,748.0,751.0,745.0,745.0,14100
2025-09-02 00:00:00+09:00,746.0,751.0,742.0,744.0,8700
2025-09-03 00:00:00+09:00,742.0,745.0,742.0,743.0,5800
2025-09-04 00:00:00+09:00,743.0,745.0,741.0,742.0,7300
2025-09-05 00:00:00+09:00,745.0,745.0,742.0,745.0,3100
2025-09-08 00:00:00+09:00,745.0,746.0,741.0,744.0,6700
2025-09-09 00:00:00+09:00,745.0,749.0,745.0,748.0,9100
2025-09-10 00:00:00+09:00,750.0,751.0,747.0,751.0,7200
2025-09-11 00:00:00+09:00,751.0,752.0,748.0,751.0,9800
2025-09-12 00:00:00+09:00,752.0,752.0,748.0,750.0,5500
2025-09-16 00:00:00+09:00,752.0,752.0,748.0,752.0,5800
2025-09-17 00:00:00+09:00,753.0,753.0,750.0,750.0,2700
2025-09-18 00:00:00+09:00,752.0,753.0,748.0,750.0,4800
2025-09-19 00:00:00+09:00,750.0,752.0,748.0,748.0,4100
2025-09-22 00:00:00+09:00,749.0,750.0,746.0,750.0,7000
2025-09-24 00:00:00+09:00,750.0,752.0,748.0,748.0,9000
2025-09-25 00:00:00+09:00,747.0,750.0,746.0,746.0,9100
2025-09-26 00:00:00+09:00,746.0,749.0,746.0,747.0,6100
2025-09-29 00:00:00+09:00,753.0,753.0,743.0,744.0,20300
2025-09-30 00:00:00+09:00,744.0,749.0,744.0,745.0,5300
2025-10-01 00:00:00+09:00,748.0,749.0,744.0,744.0,5800
2025-10-02 00:00:00+09:00,748.0,748.0,744.0,744.0,4500
2025-10-03 00:00:00+09:00,743.0,747.0,743.0,745.0,3800
2025-10-06 00:00:00+09:00,747.0,747.0,743.0,744.0,7300
2025-10-07 00:00:00+09:00,743.0,747.0,742.0,745.0,7600
2025-10-08 00:00:00+09:00,745.0,748.0,745.0,746.0,3000
2025-10-09 00:00:00+09:00,746.0,748.0,745.0,747.0,2600
2025-10-10 00:00:00+09:00,747.0,748.0,745.0,746.0,2600
2025-10-14 00:00:00+09:00,745.0,747.0,743.0,747.0,5700
2025-10-15 00:00:00+09:00,744.0,747.0,743.0,747.0,3400
2025-10-16 00:00:00+09:00,747.0,749.0,747.0,747.0,4400
2025-10-17 00:00:00+09:00,744.0,749.0,744.0,747.0,3700
2025-10-20 00:00:00+09:00,747.0,749.0,747.0,747.0,2800
2025-10-21 00:00:00+09:00,749.0,749.0,746.0,747.0,4000
2025-10-22 00:00:00+09:00,747.0,749.0,746.0,747.0,3700
2025-10-23 00:00:00+09:00,746.0,750.0,746.0,748.0,2700
2025-10-24 00:00:00+09:00,749.0,750.0,747.0,750.0,1800
2025-10-27 00:00:00+09:00,750.0,751.0,748.0,748.0,8100
2025-10-28 00:00:00+09:00,748.0,748.0,747.0,748.0,2900
2025-10-29 00:00:00+09:00,748.0,749.0,747.0,749.0,2700
2025-10-30 00:00:00+09:00,748.0,748.0,746.0,746.0,3600
2025-10-31 00:00:00+09:00,746.0,748.0,745.0,746.0,3200
2025-11-04 00:00:00+09:00,744.0,746.0,744.0,744.0,9400
2025-11-05 00:00:00+09:00,745.0,745.0,743.0,744.0,1900
2025-11-06 00:00:00+09:00,744.0,747.0,741.0,742.0,17900
2025-11-07 00:00:00+09:00,742.0,746.0,742.0,743.0,1800
2025-11-10 00:00:00+09:00,747.0,748.0,743.0,745.0,4700
2025-11-11 00:00:00+09:00,745.0,747.0,743.0,744.0,5100
2025-11-12 00:00:00+09:00,745.0,748.0,744.0,745.0,4100
2025-11-13 00:00:00+09:00,745.0,748.0,745.0,746.0,4000
2025-11-14 00:00:00+09:00,746.0,752.0,746.0,752.0,14900
2025-11-17 00:00:00+09:00,750.0,750.0,744.0,749.0,7800
2025-11-18 00:00:00+09:00,747.0,750.0,746.0,748.0,5100
2025-11-19 00:00:00+09:00,743.0,748.0,743.0,746.0,11400
2025-11-20 00:00:00+09:00,745.0,747.0,745.0,747.0,3200
2025-11-21 00:00:00+09:00,749.0,752.0,745.0,747.0,9700
2025-11-25 00:00:00+09:00,747.0,750.0,745.0,746.0,7400
2025-11-26 00:00:00+09:00,746.0,749.0,743.0,745.0,14600
2025-11-27 00:00:00+09:00,746.0,749.0,745.0,748.0,4600
2025-11-28 00:00:00+09:00,748.0,749.0,746.0,747.0,3500
2025-12-01 00:00:00+09:00,748.0,749.0,746.0,747.0,5500
2025-12-02 00:00:00+09:00,749.0,749.0,745.0,746.0,6600
2025-12-03 00:00:00+09:00,747.0,749.0,746.0,749.0,2900
2025-12-04 00:00:00+09:00,749.0,750.0,748.0,750.0,4500
2025-12-05 00:00:00+09:00,750.0,750.0,743.0,748.0,15400
2025-12-08 00:00:00+09:00,748.0,748.0,744.0,747.0,11500
2025-12-09 00:00:00+09:00,745.0,749.0,744.0,745.0,5200
2025-12-10 00:00:00+09:00,744.0,748.0,744.0,748.0,4900
2025-12-11 00:00:00+09:00,748.0,748.0,744.0,747.0,4800
2025-12-12 00:00:00+09:00,746.0,749.0,744.0,745.0,8300
2025-12-15 00:00:00+09:00,745.0,748.0,745.0,748.0,6400
2025-12-16 00:00:00+09:00,748.0,749.0,747.0,748.0,5800
2025-12-17 00:00:00+09:00,750.0,750.0,747.0,749.0,2300
2025-12-18 00:00:00+09:00,747.0,750.0,744.0,745.0,17600
2025-12-19 00:00:00+09:00,745.0,748.0,745.0,747.0,4900
2025-12-22 00:00:00+09:00,745.0,748.0,745.0,747.0,10500
2025-12-23 00:00:00+09:00,749.0,749.0,745.0,747.0,20900
2025-12-24 00:00:00+09:00,746.0,749.0,745.0,746.0,11700
2025-12-25 00:00:00+09:00,747.0,749.0,746.0,748.0,6800
2025-12-26 00:00:00+09:00,749.0,750.0,746.0,750.0,30500
2025-12-29 00:00:00+09:00,745.0,750.0,744.0,748.0,16500
2025-12-30 00:00:00+09:00,749.0,749.0,744.0,745.0,6200
2026-01-05 00:00:00+09:00,745.0,746.0,744.0,746.0,11700
2026-01-06 00:00:00+09:00,748.0,748.0,744.0,747.0,8200
2026-01-07 00:00:00+09:00,748.0,748.0,742.0,748.0,14700
2026-01-08 00:00:00+09:00,748.0,748.0,745.0,747.0,4400
2026-01-09 00:00:00+09:00,748.0,749.0,745.0,749.0,6400
2026-01-13 00:00:00+09:00,748.0,749.0,745.0,746.0,8500
2026-01-14 00:00:00+09:00,746.0,747.0,745.0,746.0,9700
2026-01-15 00:00:00+09:00,747.0,747.0,746.0,746.0,4200
2026-01-16 00:00:00+09:00,746.0,746.0,745.0,746.0,3100
2026-01-19 00:00:00+09:00,746.0,746.0,743.0,746.0,15400
2026-01-20 00:00:00+09:00,745.0,747.0,745.0,746.0,5900
2026-01-21 00:00:00+09:00,746.0,747.0,745.0,746.0,5900
2026-01-22 00:00:00+09:00,746.0,746.0,745.0,746.0,4500
2026-01-23 00:00:00+09:00,748.0,748.0,745.0,747.0,6400
2026-01-26 00:00:00+09:00,747.0,747.0,744.0,746.0,9100
2026-01-27 00:00:00+09:00,746.0,746.0,745.0,746.0,3600
2026-01-28 00:00:00+09:00,746.0,746.0,744.0,744.0,2800
2026-01-29 00:00:00+09:00,746.0,747.0,744.0,747.0,4900
2026-01-30 00:00:00+09:00,745.0,747.0,745.0,747.0,6600
2026-02-02 00:00:00+09:00,748.0,748.0,747.0,748.0,5300
2026-02-03 00:00:00+09:00,748.0,748.0,745.0,747.0,8000
2026-02-04 00:00:00+09:00,748.0,749.0,747.0,749.0,3300
2026-02-05 00:00:00+09:00,749.0,750.0,748.0,749.0,5700
2026-02-06 00:00:00+09:00,747.0,750.0,747.0,749.0,4700
2026-02-09 00:00:00+09:00,750.0,750.0,747.0,750.0,7000
2026-02-10 00:00:00+09:00,748.0,750.0,747.0,750.0,2600
2026-02-12 00:00:00+09:00,750.0,750.0,748.0,750.0,7000
2026-02-13 00:00:00+09:00,748.0,750.0,747.0,750.0,7800
2026-02-16 00:00:00+09:00,750.0,750.0,748.0,750.0,5100
2026-02-17 00:00:00+09:00,751.0,752.0,749.0,750.0,6100
2026-02-18 00:00:00+09:00,751.0,752.0,750.0,752.0,3300
2026-02-19 00:00:00+09:00,752.0,753.0,750.0,753.0,4100
2026-02-20 00:00:00+09:00,751.0,753.0,751.0,753.0,3200
2026-02-24 00:00:00+09:00,751.0,753.0,750.0,752.0,4900
2026-02-25 00:00:00+09:00,752.0,752.0,750.0,752.0,3900
2026-02-26 00:00:00+09:00,752.0,754.0,751.0,753.0,4700
2026-02-27 00:00:00+09:00,754.0,756.0,751.0,752.0,11200
2026-03-02 00:00:00+09:00,752.0,758.0,752.0,756.0,8700
2026-03-03 00:00:00+09:00,756.0,759.0,753.0,754.0,5300
2026-03-04 00:00:00+09:00,751.0,752.0,750.0,751.0,7500
2026-03-05 00:00:00+09:00,753.0,759.0,751.0,751.0,5900
2026-03-06 00:00:00+09:00,751.0,752.0,748.0,749.0,7000
2026-03-09 00:00:00+09:00,750.0,754.0,750.0,752.0,6500
2026-03-10 00:00:00+09:00,750.0,751.0,748.0,751.0,12900
2026-03-11 00:00:00+09:00,753.0,758.0,752.0,758.0,6900
2026-03-12 00:00:00+09:00,758.0,758.0,753.0,757.0,5900
2026-03-13 00:00:00+09:00,757.0,758.0,754.0,758.0,1800
2026-03-16 00:00:00+09:00,758.0,759.0,755.0,758.0,2700
2026-03-17 00:00:00+09:00,760.0,760.0,755.0,758.0,4100
2026-03-18 00:00:00+09:00,757.0,760.0,754.0,758.0,4400
2026-03-19 00:00:00+09:00,760.0,760.0,757.0,760.0,5400
2026-03-23 00:00:00+09:00,755.0,758.0,754.0,757.0,6400
2026-03-24 00:00:00+09:00,758.0,758.0,753.0,756.0,4600
2026-03-25 00:00:00+09:00,756.0,759.0,754.0,755.0,3200
2026-03-26 00:00:00+09:00,754.0,754.0,746.0,749.0,16900
2026-03-27 00:00:00+09:00,750.0,753.0,750.0,750.0,4400
2026-03-30 00:00:00+09:00,750.0,752.0,747.0,752.0,6000
2026-03-31 00:00:00+09:00,753.0,755.0,750.0,752.0,6200
2026-04-01 00:00:00+09:00,752.0,756.0,752.0,755.0,5000
2026-04-02 00:00:00+09:00,755.0,759.0,753.0,753.0,6000
2026-04-03 00:00:00+09:00,756.0,759.0,752.0,757.0,6000
2026-04-06 00:00:00+09:00,756.0,759.0,756.0,757.0,1900
2026-04-07 00:00:00+09:00,758.0,760.0,757.0,760.0,2400
2026-04-08 00:00:00+09:00,759.0,762.0,756.0,762.0,8100
2026-04-09 00:00:00+09:00,762.0,766.0,762.0,765.0,7000
2026-04-10 00:00:00+09:00,765.0,766.0,762.0,766.0,4700
2026-04-13 00:00:00+09:00,762.0,765.0,762.0,762.0,3900
2026-04-14 00:00:00+09:00,764.0,767.0,760.0,765.0,4000
2026-04-15 00:00:00+09:00,767.0,768.0,760.0,766.0,4700
2026-04-16 00:00:00+09:00,766.0,767.0,764.0,767.0,3200
2026-04-17 00:00:00+09:00,768.0,768.0,763.0,767.0,4400
2026-04-20 00:00:00+09:00,765.0,766.0,761.0,766.0,4600
2026-04-21 00:00:00+09:00,766.0,767.0,761.0,767.0,2500
2026-04-22 00:00:00+09:00,767.0,767.0,756.0,763.0,6000
2026-04-23 00:00:00+09:00,762.0,764.0,758.0,760.0,1300
2026-04-24 00:00:00+09:00,760.0,762.0,759.0,762.0,2000
2026-04-27 00:00:00+09:00,762.0,763.0,755.0,763.0,5300
2026-04-28 00:00:00+09:00,764.0,765.0,758.0,765.0,5500
2026-04-30 00:00:00+09:00,765.0,765.0,759.0,759.0,2700
2026-05-01 00:00:00+09:00,,,,,3300
