Price,Close,High,Low,Open,Volume
Ticker,4917.T,4917.T,4917.T,4917.T,4917.T
Date,,,,,
2005-01-03,859.2724609375,859.2724609375,859.2724609375,859.2724609375,0
2005-01-04,859.2724609375,860.8179150039343,857.7270068710657,857.7270068710657,31200
2005-01-05,832.9998779296875,859.2726013523308,832.9998779296875,859.2726013523308,75000
2005-01-06,840.7274780273438,846.9092977187213,834.5456583359663,839.1820231044994,30800
2005-01-07,842.2727661132812,842.2727661132814,839.181856879838,840.7273114965597,53800
2005-01-10,842.2727661132812,842.2727661132814,842.2727661132814,842.2727661132814,0
2005-01-11,848.4544677734375,849.9999221773963,842.2726501576018,849.9999221773963,27200
2005-01-12,851.5455322265625,857.7273509723088,840.7273494215063,846.9091681672527,76000
2005-01-13,851.5455322265625,859.2728056587455,848.4546228536893,859.2728056587455,86400
2005-01-14,849.9998779296875,860.8180581942472,849.9998779296875,860.8180581942472,53600
2005-01-17,854.6361694335938,860.8179862106903,851.5452610450455,860.8179862106903,20200
2005-01-18,851.5455322265625,860.818260345182,851.5455322265625,859.2728056587455,27800
2005-01-19,851.5455322265625,859.2728056587455,851.5455322265625,859.2728056587455,35000
2005-01-20,851.5455322265625,857.7273509723088,845.3637134808162,851.5455322265625,44000
2005-01-21,853.0908203125,859.2726378509964,851.5453659278759,859.2726378509964,19800
2005-01-24,853.0908203125,857.7271834663723,853.0908203125,856.1817290817482,19800
2005-01-25,853.0908203125,856.1817290817482,849.9999115432519,853.0908203125,24400
2005-01-26,853.0908203125,857.7271834663723,853.0908203125,853.0908203125,46000
2005-01-27,856.1818237304688,859.272732841409,853.0909146195283,859.272732841409,16400
2005-01-28,857.7272338867188,860.818142837662,853.0908704603041,853.0908704603041,30600
2005-01-31,857.7272338867188,862.3635973131335,853.0908704603041,857.7272338867189,61600
2005-02-01,863.9091796875,865.4546343917709,857.7273608704159,857.7273608704159,29800
2005-02-02,865.45458984375,876.2727722167969,860.818225969587,865.45458984375,69000
2005-02-03,867.0,874.7272727272727,856.1818181818181,856.1818181818181,93400
2005-02-04,867.0,871.6363636363636,862.3636363636364,867.0,48600
2005-02-07,879.3639526367188,887.0912281431927,871.6366771302451,874.7275873328346,95400
2005-02-08,877.818359375,890.1819982394366,877.818359375,880.9092690911091,66200
2005-02-09,871.6364135742188,880.9091413781997,865.4545950382313,874.7273228422124,35800
2005-02-10,880.9088745117188,888.636145340769,874.7270578484786,879.3634203459087,47000
2005-02-11,880.9088745117188,880.9088745117188,880.9088745117188,880.9088745117188,0
2005-02-14,930.3635864257812,930.3635864257812,877.8181347007371,880.9090436257397,159400
2005-02-15,911.8184204101562,927.2729699086334,907.1820555606131,927.2729699086334,89000
2005-02-16,873.1817626953125,900.9999427457825,868.5453993535674,899.4544882985342,216800
2005-02-17,865.45458984375,871.6364083426339,865.45458984375,868.545499093192,147200
2005-02-18,880.9088745117188,885.5452370091489,868.5452411852385,868.5452411852385,85000
2005-02-21,870.0908203125,893.2726361289964,870.0908203125,874.7271834757993,73800
2005-02-22,874.7275390625,880.909359126546,871.636629030477,871.636629030477,69000
2005-02-23,870.0908203125,876.2726378635657,865.4544571492007,874.7271834757993,144800
2005-02-24,877.818359375,877.818359375,870.0910850847271,870.0910850847271,45400
2005-02-25,890.1819458007812,891.7274005677965,877.8183076646593,879.3637624316746,108800
2005-02-28,899.4545288085938,900.9999833254469,891.7272562243274,896.3636197748872,126600
2005-03-01,900.9999389648438,902.5453934056068,893.2726667610286,899.4544845240807,100400
2005-03-02,905.6363525390625,910.272716118614,900.999988959511,905.6363525390625,105800
2005-03-03,914.9092407226562,921.0910599167282,880.9092351552601,910.2728763271022,191400
2005-03-04,914.9092407226562,918.0001503196922,902.5456023345122,913.3637859241381,72800
2005-03-07,914.9092407226562,924.1819695137642,910.2728763271022,924.1819695137642,40600
2005-03-08,913.3634033203125,917.999765773715,911.8179491691783,917.999765773715,34800
2005-03-09,913.3634033203125,919.5452199248492,913.3634033203125,913.3634033203125,36200
2005-03-10,913.3634033203125,919.5452199248492,913.3634033203125,913.3634033203125,25200
2005-03-11,913.3634033203125,916.4543116225808,910.2724950180441,910.2724950180441,103400
2005-03-14,919.54541015625,919.54541015625,913.3635922728466,917.9999556853991,46400
2005-03-15,919.54541015625,924.1817735688024,916.4545012145483,924.1817735688024,28600
2005-03-16,925.727294921875,927.2727495043823,919.5454765918457,921.090931174353,44400
2005-03-17,930.3635864257812,930.3635864257812,921.0908596507735,924.1817685757761,109800
2005-03-18,936.5457153320312,945.8184451868038,930.3638954288496,930.3638954288496,75200
2005-03-21,936.5457153320312,936.5457153320312,936.5457153320312,936.5457153320312,0
2005-03-22,939.6361083984375,945.8179249010587,936.5452001471268,936.5452001471268,64400
2005-03-23,942.7275390625,945.8184490266394,933.4548091700821,942.7275390625001,52600
2005-03-24,930.3635864257812,945.8181310507942,930.3635864257812,939.6363132007891,55600
2005-03-25,933.45458984375,942.7273175574296,930.3636806058568,930.3636806058568,64800
2005-03-28,927.210693359375,928.7716541226063,910.0401249638311,910.0401249638311,84600
2005-03-29,911.6009521484375,927.210557493445,911.6009521484375,927.210557493445,42400
2005-03-30,917.844970703125,920.9668923721833,910.0401665304795,913.1620881995377,39200
2005-03-31,910.0400390625,917.8448421419383,905.3571572148371,905.3571572148371,46400
2005-04-01,920.9671020507812,920.9671020507812,905.3574901516155,906.9184513415321,49800
2005-04-04,908.4791870117188,919.4059126286982,905.3572654068674,919.4059126286982,41400
2005-04-05,920.9671020507812,924.0890244306145,908.4794125314487,908.4794125314487,30600
2005-04-06,922.527587890625,922.527587890625,916.2837463482181,920.9666275050232,60800
2005-04-07,920.9671020507812,922.5280632406979,914.7232572911149,920.9671020507812,28400
2005-04-08,920.9671020507812,920.9671020507812,916.2842184810315,920.9671020507812,47600
2005-04-11,911.6009521484375,919.4057548209412,908.4790310794359,908.4790310794359,80000
2005-04-12,910.0400390625,913.1619602942753,903.7961965989495,911.6009996783877,77600
2005-04-13,911.6009521484375,914.722873217439,905.3571100104344,906.9180705449352,43600
2005-04-14,889.7474975585938,895.9913396467242,885.0646159924959,889.7474975585938,99200
2005-04-15,872.5771484375,889.7477184425312,871.0161875279516,877.2600311661448,169400
2005-04-18,849.1629028320312,874.138282327091,847.60194161359,869.4553986717673,88000
2005-04-19,867.8939819335938,880.3816651268828,858.5282195386269,858.5282195386269,100200
2005-04-20,875.698974609375,889.7476212608623,864.772249435996,889.7476212608623,77200
2005-04-21,875.698974609375,875.698974609375,863.2112886969419,867.8941709141043,81800
2005-04-22,883.5040893554688,883.5040893554688,872.5773603351714,875.6992829123992,65000
2005-04-25,878.8209228515625,889.7476483577097,878.8209228515624,886.6257267845248,58200
2005-04-26,892.8696899414062,892.8696899414062,880.3820019701977,883.5039239629999,74400
2005-04-27,891.3085327148438,903.796217936768,886.6256507566222,902.2352572840275,71800
2005-04-28,913.1620483398438,917.8449306390224,891.3085976103432,894.430519143129,221000
2005-04-29,913.1620483398438,913.1620483398438,913.1620483398438,913.1620483398438,0
2005-05-02,902.2352905273438,911.6010547888733,902.2352905273438,905.3572119478536,153400
2005-05-03,902.2352905273438,902.2352905273438,902.2352905273438,902.2352905273438,0
2005-05-04,902.2352905273438,902.2352905273438,902.2352905273438,902.2352905273438,0
2005-05-05,902.2352905273438,902.2352905273438,902.2352905273438,902.2352905273438,0
2005-05-06,902.2352905273438,913.1620154991282,894.4304869760691,903.7962512375987,131400
2005-05-09,906.9183959960938,908.4793570907515,895.9916683334902,902.2355127121209,144600
2005-05-10,900.6741943359375,905.3570757622941,889.7474710077719,905.3570757622941,224600
2005-05-11,899.1135864257812,899.1135864257812,891.3087809880575,891.3087809880575,50600
2005-05-12,897.5523681640625,899.1133288043478,895.9914075237771,899.1133288043478,36800
2005-05-13,892.8696899414062,897.5525729306094,889.7477679486041,897.5525729306094,23600
2005-05-16,888.18701171875,891.308934431294,885.0650890062061,889.7479730750221,51800
2005-05-17,867.8939819335938,886.6255067235275,866.3330215344326,878.8207047277217,75400
2005-05-18,855.4064331054688,875.6989214820584,855.4064331054688,869.4550789046461,76000
2005-05-19,855.4064331054688,861.650275682881,855.4064331054688,861.650275682881,86400
2005-05-20,880.3819580078125,880.3819580078125,866.3333097417304,872.5771534155447,63200
2005-05-23,866.3331909179688,877.2599158484655,855.4064659874717,855.4064659874717,33400
2005-05-24,861.6502075195312,871.0159706447436,860.0892469986626,871.0159706447436,62600
2005-05-25,825.7486572265625,864.7726958478556,822.6267341368591,861.6507727581522,169600
2005-05-26,838.2360229492188,842.918905758991,833.5531401394466,838.2360229492188,75400
2005-05-27,842.9190063476562,847.6018897162543,839.7970841019242,844.4799674705222,53000
2005-05-30,849.1629028320312,856.9677089242374,842.9190579582663,846.0409803951487,82200
2005-05-31,858.5283203125,871.016004971591,853.8454385653409,855.4063991477273,73200
2005-06-01,874.1380615234375,880.3819048200335,863.2113357543946,871.0161398751395,57800
2005-06-02,871.01611328125,885.0647602696573,871.0161132812501,885.0647602696573,120400
2005-06-03,886.6259155273438,886.6259155273438,869.4553432195959,880.382071051799,131200
2005-06-06,874.1380615234375,885.0647872924804,869.4551790509905,885.0647872924804,114000
2005-06-07,878.8209228515625,878.8209228515624,871.0161189186001,874.138040491785,94800
2005-06-08,878.8209228515625,878.8209228515624,871.0161189186001,875.6990012783775,29600
2005-06-09,877.260009765625,877.260009765625,869.4552054082797,875.6990488941559,22600
2005-06-10,872.5771484375,902.2354057189176,872.5771484374999,902.2354057189176,168800
2005-06-13,881.9427490234375,885.0646702589187,874.1379459347346,874.1379459347346,34800
2005-06-14,878.8209228515625,881.9428444247474,874.138040491785,874.138040491785,16600
2005-06-15,889.7474975585938,892.8694186026589,883.5036554704633,889.7474975585938,83800
2005-06-16,886.6259155273438,891.3087988840023,885.0649544084575,889.7478377651161,110000
2005-06-17,888.18701171875,911.6014320628295,886.626050362478,911.6014320628295,126200
2005-06-20,891.3085327148438,897.5523753258059,888.1866114093627,892.8694933675844,27200
2005-06-21,897.5523681640625,900.6742894446331,894.4304468834918,895.9914075237771,26600
2005-06-22,897.5523681640625,902.2352500849184,897.5523681640625,899.1133288043478,48200
2005-06-23,897.5523681640625,903.7962107252038,897.5523681640625,899.1133288043478,51600
2005-06-24,894.4305419921875,897.5524636047256,888.1866987671111,895.9915027984565,33000
2005-06-27,891.3085327148438,905.3571785895085,891.3085327148438,894.4304540203249,27400
2005-06-28,895.9913330078125,900.6742145392121,889.7474909659461,892.8694119868793,69000
2005-06-29,908.4791870117188,911.60110861657,895.9915005923136,895.9915005923136,85800
2005-06-30,899.1135864257812,910.0403140385946,899.1135864257812,908.4793529510498,59200
2005-07-01,910.0400390625,916.2838815260507,903.7961965989495,908.4790784466124,57400
2005-07-04,920.9671020507812,922.5280632406979,914.7232572911149,919.4061408608648,61000
2005-07-05,920.9671020507812,927.2109468104476,920.9671020507812,920.9671020507812,41600
2005-07-06,930.3327026367188,936.576546278576,922.5278980843973,936.576546278576,70400
2005-07-07,933.4544677734375,936.5763890703387,933.4544677734376,936.5763890703387,97200
2005-07-08,931.8936767578125,936.5765595555904,931.8936767578125,933.4546376904051,51200
2005-07-11,935.0155639648438,939.6984465890416,933.4546030901112,935.0155639648438,70400
2005-07-12,931.8936767578125,939.6984814207757,931.8936767578125,939.6984814207757,63200
2005-07-13,935.0155639648438,936.5765248395763,931.8936422153785,936.5765248395763,53800
2005-07-14,935.0155639648438,939.6984465890416,935.0155639648438,936.5765248395763,39400
2005-07-15,935.0155639648438,945.9422900879721,935.0155639648438,945.9422900879721,64400
2005-07-18,935.0155639648438,935.0155639648438,935.0155639648438,935.0155639648438,0
2005-07-19,935.0155639648438,942.8203683385069,933.4546030901112,942.8203683385069,22600
2005-07-20,942.8203735351562,945.942295301829,936.5765300018109,945.942295301829,81800
2005-07-21,931.8936767578125,942.820403285961,930.3327158252198,942.820403285961,57000
2005-07-22,930.3327026367188,939.6984680995046,930.3327026367188,939.6984680995046,29800
2005-07-25,939.6983032226562,942.8202244958212,933.4544606763263,936.5763819494913,48800
2005-07-26,930.3327026367188,939.6984680995046,930.3327026367188,939.6984680995046,28400
2005-07-27,936.5765380859375,939.6984598795574,931.8936553955078,936.5765380859375,61200
2005-07-28,935.0155639648438,939.6984465890416,935.0155639648438,936.5765248395763,41000
2005-07-29,935.0155639648438,942.8203683385069,930.3326813406459,939.6984465890416,76600
2005-08-01,935.0155639648438,939.6984465890416,933.4546030901112,939.6984465890416,60800
2005-08-02,936.5765380859375,936.5765380859375,927.2107727050782,936.5765380859375,103000
2005-08-03,928.7716064453125,936.5764098608194,928.7716064453125,936.5764098608194,102200
2005-08-04,919.4060668945312,930.3327943448908,905.3574173154977,928.7718332805537,72400
2005-08-05,914.7229614257812,931.8935289610775,908.4791186856736,931.8935289610775,128200
2005-08-08,910.0400390625,927.2106058372642,899.1133147512865,927.2106058372642,94800
2005-08-09,905.357421875,916.2841493803879,899.1135775862069,905.357421875,167800
2005-08-10,910.0400390625,916.2838815260507,905.3571572148371,905.3571572148371,141600
2005-08-11,902.2352905273438,910.0400940786184,895.9914476863241,910.0400940786184,163200
2005-08-12,902.2352905273438,916.283936919638,899.1133691068339,906.9181726581086,71000
2005-08-15,900.6741943359375,905.3570757622941,899.1132338604853,905.3570757622941,77800
2005-08-16,900.6741943359375,902.2351548113897,899.1132338604853,900.6741943359375,41000
2005-08-17,891.3085327148438,900.674296631287,885.0646901038816,897.5523753258059,95800
2005-08-18,892.8696899414062,897.5525729306094,889.7477679486041,891.3087289450052,65200
2005-08-19,888.18701171875,895.99181850011,885.0650890062061,894.4308571438379,56000
2005-08-22,894.4305419921875,894.4305419921874,885.0647771545729,889.7476595733801,40000
2005-08-23,900.6741943359375,905.3570757622941,897.552273385033,899.1132338604853,76600
2005-08-24,895.9913330078125,905.3570960706119,892.8694119868793,899.1132540287456,69800
2005-08-25,886.6259155273438,897.5526433595469,885.0649544084575,895.9916822406608,93600
2005-08-26,900.6741943359375,905.3570757622941,889.7474710077719,889.7474710077719,59200
2005-08-29,897.5523681640625,903.7962107252038,897.5523681640625,903.7962107252038,37400
2005-08-30,897.5523681640625,903.7962107252038,897.5523681640625,902.2352500849184,21400
2005-08-31,881.9427490234375,899.113315818584,881.9427490234375,895.9913945831029,119200
2005-09-01,878.8209228515625,892.8695699308947,878.8209228515624,883.5038052113398,147000
2005-09-02,885.0645751953125,885.0645751953125,881.9426542951527,881.9426542951527,53200
2005-09-05,883.5040893554688,886.6260119326965,883.5040893554688,886.6260119326965,42400
2005-09-06,881.9427490234375,891.3085127298812,880.381788405697,891.3085127298812,64800
2005-09-07,880.3819580078125,885.0648407631733,880.3819580078125,883.5038798447197,76600
2005-09-08,871.01611328125,885.0647602696573,871.0161132812501,881.9428387166779,133600
2005-09-09,875.698974609375,877.2599353484292,866.3332101750501,872.5770531312667,293800
2005-09-12,883.5040893554688,886.6260119326965,878.821205489627,886.6260119326965,38200
2005-09-13,877.260009765625,886.6257749944396,875.6990488941559,883.5038532515014,116000
2005-09-14,878.8209228515625,883.5038052113398,877.25996206497,878.8209228515624,68200
2005-09-15,888.18701171875,891.308934431294,881.9431662936622,886.626050362478,73200
2005-09-16,895.9913330078125,897.552293518279,889.7474909659461,895.9913330078124,157000
2005-09-19,895.9913330078125,895.9913330078124,895.9913330078124,895.9913330078124,0
2005-09-20,897.5523681640625,902.2352500849184,895.9914075237771,897.5523681640625,108800
2005-09-21,892.8696899414062,897.5525729306094,891.3087289450052,897.5525729306094,125200
2005-09-22,894.4305419921875,895.9915027984565,892.8695811859184,895.9915027984565,81400
2005-09-23,894.4305419921875,894.4305419921874,894.4305419921874,894.4305419921874,0
2005-09-26,894.4305419921875,895.9915027984565,892.8695811859184,892.8695811859184,261800
2005-09-27,889.6981201171875,903.8954305445894,886.5431622444315,903.8954305445894,187800
2005-09-28,886.543212890625,892.8531289966081,883.3882548376336,888.1206919171209,107600
2005-09-29,889.6981201171875,891.2755990535655,858.1485413896277,886.5431622444315,244400
2005-09-30,888.1205444335938,897.5854170208079,883.3881081399867,897.5854170208079,110600
2005-10-03,891.2754516601562,894.4304090111656,883.3880582826328,889.6979729846515,88600
2005-10-04,889.6981201171875,891.2755990535655,884.9656833080535,884.9656833080535,96400
2005-10-05,886.543212890625,892.8531289966081,886.5432128906251,888.1206919171209,154200
2005-10-06,864.4581909179688,894.4302814789933,864.4581909179688,888.1203676766723,269800
2005-10-07,867.6134643554688,872.3459014337714,862.8810272771661,867.6134643554688,143600
2005-10-10,867.6134643554688,867.6134643554688,867.6134643554688,867.6134643554688,0
2005-10-11,888.1205444335938,889.6980231981295,862.8808842010227,867.6133204946298,218800
2005-10-12,891.2754516601562,896.0078876866703,889.6979729846515,892.852930335661,134600
2005-10-13,892.8530883789062,896.0080462883723,891.2756094241731,894.4305673336393,76600
2005-10-14,884.9656372070312,894.4305103322401,884.9656372070312,894.4305103322401,93200
2005-10-17,897.585693359375,900.7406518597595,888.1208178582217,894.4307348589906,94000
2005-10-18,891.2754516601562,899.1628450376797,888.1204943091468,899.1628450376797,153600
2005-10-19,896.0081176757812,899.1630758366115,889.6982013541208,897.5855967561964,119600
2005-10-20,899.1629028320312,899.1629028320312,892.852987724438,897.5854240551329,265600
2005-10-21,896.0081176757812,897.5855967561964,891.275680434536,892.853159514951,74200
2005-10-24,892.8530883789062,892.8530883789061,870.7683830126434,870.7683830126434,149000
2005-10-25,894.4305419921875,897.5854998122658,886.5431474419919,886.5431474419919,93800
2005-10-26,883.3881225585938,894.4304740905762,881.8106437683106,894.4304740905762,88600
2005-10-27,884.9656372070312,889.6980737696357,883.3881583528298,884.9656372070312,148400
2005-10-28,872.3457641601562,884.965594383088,872.3457641601562,884.965594383088,159800
2005-10-31,880.2333374023438,883.3882956009185,873.9234210051943,881.8108165016312,85200
2005-11-01,897.585693359375,897.585693359375,888.1208178582217,889.698297108414,150800
2005-11-02,881.8106079101562,892.85295899311,881.8106079101562,892.85295899311,160400
2005-11-03,881.8106079101562,881.8106079101562,881.8106079101562,881.8106079101562,0
2005-11-04,881.8106079101562,886.543044088565,881.8106079101562,886.543044088565,133000
2005-11-07,883.3881225585938,886.5430801391602,881.8106437683106,884.965601348877,72600
2005-11-08,889.6981201171875,897.5855147990775,886.5431622444315,886.5431622444315,239000
2005-11-09,896.0081176757812,900.7405549170265,891.275680434536,891.275680434536,325600
2005-11-10,903.8956298828125,907.0505884513389,894.4307541772332,896.0082334614964,509000
2005-11-11,896.0081176757812,903.8955130778568,894.4306385953662,903.8955130778568,187000
2005-11-14,899.1629028320312,902.3178603858278,896.0079452782346,899.1629028320312,301600
2005-11-15,883.3881225585938,899.1629104614259,883.3881225585939,897.5854316711426,194400
2005-11-16,902.318115234375,902.318115234375,884.9658437875601,889.6982814548733,173600
2005-11-17,891.2754516601562,900.7403237131845,889.6979729846515,900.7403237131845,200600
2005-11-18,899.1629028320312,900.7403816089295,892.852987724438,897.5854240551329,243800
2005-11-21,888.1205444335938,897.5854170208079,888.1205444335938,897.5854170208079,280400
2005-11-22,883.3881225585938,891.2755165100099,881.8106437683106,889.6980377197266,210400
2005-11-23,883.3881225585938,883.3881225585939,883.3881225585939,883.3881225585939,0
2005-11-24,883.3881225585938,891.2755165100099,883.3881225585939,888.1205589294434,110800
2005-11-25,875.5007934570312,886.5431458069397,873.9233145499014,884.9656668998099,165600
2005-11-28,877.0780639648438,883.3879780940872,877.0780639648438,883.3879780940872,153000
2005-11-29,877.0780639648438,883.3879780940872,877.0780639648438,878.6555424971546,112600
2005-11-30,875.5007934570312,880.2332301784205,875.5007934570312,880.2332301784205,106600
2005-12-01,878.6561279296875,880.2336075130443,875.5011687629741,877.0786483463309,155200
2005-12-02,889.6981201171875,891.2755990535655,878.6557675625415,881.8107254352975,271200
2005-12-05,891.2754516601562,892.852930335661,886.5430156336421,889.6979729846515,206400
2005-12-06,888.1205444335938,894.4304594917365,884.9655869045224,891.2755019626652,314200
2005-12-07,894.4305419921875,896.0080209022267,889.6981052620702,889.6981052620702,141200
2005-12-08,889.6981201171875,896.0080358626994,883.3882043716756,894.4305569263215,287400
2005-12-09,894.4305419921875,896.0080209022267,889.6981052620702,896.0080209022267,179600
2005-12-12,903.8956298828125,903.8956298828124,896.0082334614964,897.5857127457597,187800
2005-12-13,897.585693359375,899.1631726095673,894.4307348589906,899.1631726095673,154400
2005-12-14,894.4305419921875,902.3179365423832,894.4305419921875,897.5854998122658,152400
2005-12-15,892.8530883789062,903.8954410620375,891.2756094241731,903.8954410620375,133800
2005-12-16,883.3881225585938,892.8529953002931,883.3881225585939,892.8529953002931,181200
2005-12-19,883.3881225585938,886.5430801391602,875.5007286071778,884.965601348877,249600
2005-12-20,880.2333374023438,886.5432537994932,880.2333374023438,883.3882956009185,109000
2005-12-21,883.3881225585938,891.2755165100099,881.8106437683106,881.8106437683106,220000
2005-12-22,881.8106079101562,889.6980015408375,881.8106079101562,883.3880866362925,103800
2005-12-23,881.8106079101562,881.8106079101562,881.8106079101562,881.8106079101562,0
2005-12-26,877.0780639648438,883.3879780940872,875.5005854325328,881.8104995617764,227000
2005-12-27,877.0780639648438,880.2330210294655,877.0780639648438,880.2330210294655,98800
2005-12-28,884.9656372070312,884.9656372070312,878.6557217902254,881.8106794986282,83000
2005-12-29,884.9656372070312,888.1205949154343,883.3881583528298,886.5431160612327,129200
2005-12-30,880.2333374023438,886.5432537994932,880.2333374023438,886.5432537994932,84600
2006-01-02,880.2333374023438,880.2333374023438,880.2333374023438,880.2333374023438,0
2006-01-03,880.2333374023438,880.2333374023438,880.2333374023438,880.2333374023438,0
2006-01-04,884.9656372070312,888.1205949154343,883.3881583528298,888.1205949154343,85800
2006-01-05,891.2754516601562,894.4304090111656,886.5430156336421,886.5430156336421,172400
2006-01-06,891.2754516601562,896.0078876866703,891.2754516601562,894.4304090111656,177200
2006-01-09,891.2754516601562,891.2754516601562,891.2754516601562,891.2754516601562,0
2006-01-10,891.2754516601562,897.585366362175,891.2754516601562,896.0078876866703,256000
2006-01-11,892.8530883789062,896.0080462883723,891.2756094241731,896.0080462883723,139200
2006-01-12,896.0081176757812,897.5855967561964,892.853159514951,897.5855967561964,244200
2006-01-13,908.6280517578125,914.9379687839084,897.5856969621447,899.1631762186687,279600
2006-01-16,943.332275390625,946.487232833403,918.092615848401,927.557488176735,342200
2006-01-17,907.0504150390625,937.0225157099186,907.0504150390626,930.712599779212,157400
2006-01-18,894.4305419921875,919.6702045528136,892.8530630821484,919.6702045528136,206000
2006-01-19,932.2899169921875,933.8673957011421,903.8953002310041,903.8953002310041,249000
2006-01-20,927.5578002929688,938.6001550583612,927.5578002929688,927.5578002929688,118200
2006-01-23,914.9379272460938,930.7127190951644,914.9379272460938,924.4028023555361,78600
2006-01-24,930.7125244140625,932.2900032690015,919.6701724294888,921.2476512844279,61800
2006-01-25,929.1351928710938,937.0225883963153,927.5577137660495,930.712671976138,78600
2006-01-26,938.5999755859375,938.5999755859375,930.7125808331145,932.2900597836791,89600
2006-01-27,944.9099731445312,946.4874522315839,935.4450986222154,940.1775358833734,177200
2006-01-30,933.867431640625,946.4872617979307,932.2899528709618,932.2899528709618,154600
2006-01-31,933.867431640625,943.3323042586043,927.5575165619721,935.4449104102881,180800
2006-02-01,914.9379272460938,935.4451566498856,914.9379272460938,935.4451566498856,166600
2006-02-02,922.8250122070312,927.5574481670673,918.0925762469951,927.5574481670673,86600
2006-02-03,932.2899169921875,938.599831828006,922.8250447384596,924.4025234474143,136200
2006-02-06,935.445068359375,935.445068359375,922.8252360712215,933.8675893233558,249600
2006-02-07,932.2899169921875,933.8673957011421,929.1349595742781,933.8673957011421,144400
2006-02-08,919.6702880859375,932.2901205125028,919.6702880859375,930.7126414591821,179400
2006-02-09,924.402587890625,929.1350243474029,918.0926726149211,924.4025878906249,114400
2006-02-10,921.2474975585938,930.7123691088532,919.6700189668837,930.7123691088532,81800
2006-02-13,941.7548828125,941.7548828124999,921.2476575586264,921.2476575586264,263000
2006-02-14,943.332275390625,944.9097541120141,929.134966898124,929.134966898124,205000
2006-02-15,952.797607421875,952.7976074218749,935.4453331145229,943.3327305269556,218000
2006-02-16,933.867431640625,952.7971768765835,930.7124741012985,952.7971768765835,96200
2006-02-17,930.7125244140625,943.3323552535752,930.7125244140625,937.0224398338188,120000
2006-02-20,940.1773071289062,940.1773071289062,919.6700839868328,930.7124349094877,126400
2006-02-21,941.7548828125,941.7548828124999,921.2476575586264,922.825136424309,145000
2006-02-22,933.867431640625,944.9097830282675,932.2899528709618,941.754825488941,89600
2006-02-23,944.9099731445312,949.6424104056891,933.8676195351627,933.8676195351627,105000
2006-02-24,946.4874267578125,952.7973429361979,943.3324686686198,952.7973429361979,78400
2006-02-27,959.107177734375,959.107177734375,949.6423042698909,949.6423042698909,80000
2006-02-28,955.952392578125,962.2623093608188,949.6424757954311,962.2623093608188,84000
2006-03-01,949.6423950195312,959.1072693884967,949.6423950195312,959.1072693884967,47800
2006-03-02,959.107177734375,971.7270090203535,952.7972620913856,959.107177734375,87600
2006-03-03,959.107177734375,968.572051198859,952.7972620913856,962.2621355558696,117400
2006-03-06,968.5720825195312,968.5720825195312,952.7972929019493,959.107208748982,132600
2006-03-07,949.6423950195312,968.5721437574622,946.4874368965428,968.5721437574622,83000
2006-03-08,946.4874267578125,955.9523010253906,946.4874267578125,955.9523010253906,36400
2006-03-09,955.952392578125,959.1073509694719,946.4875174040841,952.797434186778,46600
2006-03-10,952.797607421875,962.2624843167943,949.6426484569018,949.6426484569018,88800
2006-03-13,965.4171752929688,965.4171752929688,952.7973429361979,952.7973429361979,54200
2006-03-14,965.4171752929688,965.4171752929688,955.9523010253906,955.9523010253906,64000
2006-03-15,1000.1216430664062,1003.276600930969,965.4171065562155,968.5720644207782,264800
2006-03-16,990.6568603515625,996.9667766595343,987.5019021975767,993.8118185055483,128600
2006-03-17,1009.5866088867188,1022.2064414978028,987.5019018173218,987.5019018173218,200000
2006-03-20,1028.516357421875,1037.9812318766776,1006.4316503606691,1022.2064411186733,242600
2006-03-21,1028.516357421875,1028.516357421875,1028.516357421875,1028.516357421875,0
2006-03-22,1022.206298828125,1025.3612565405574,1009.586467978395,1022.206298828125,155800
2006-03-23,1009.5866088867188,1022.2064414978028,1003.2766925811768,1022.2064414978028,184800
2006-03-24,1003.2766723632812,1009.5865885416666,987.5018819173176,1009.5865885416666,80800
2006-03-27,978.0369262695312,996.9666732295866,971.7270106161794,996.9666732295866,194000
2006-03-28,955.7363891601562,971.6653289794922,949.364813232422,949.364813232422,196600
2006-03-29,962.1082153320312,971.6655817095017,954.1437433508058,954.1437433508058,131200
2006-03-30,968.4797973632812,971.6655861703973,962.1082197490491,965.2940085561652,59800
2006-03-31,944.58642578125,968.4798429595279,944.58642578125,968.4798429595279,133800
2006-04-03,958.9222412109375,962.1080293877181,947.7719825922057,950.9577707689863,174600
2006-04-04,938.2150268554688,958.9226590271514,936.6221320730317,955.7368694622772,183200
2006-04-05,923.8785400390625,942.9932684536637,922.2856460045124,939.8074803845635,334600
2006-04-06,920.6928100585938,931.8430690039401,917.5070217884949,925.4714924637422,339800
2006-04-07,936.6218872070312,936.6218872070312,923.8787322790444,923.8787322790444,402400
2006-04-10,944.58642578125,949.3651092169056,941.4006368241463,949.3651092169056,394200
2006-04-11,938.2150268554688,947.7723955500916,935.0292372905946,947.7723955500916,255600
2006-04-12,933.4359130859375,944.5861714333805,933.4359130859376,944.5861714333805,256400
2006-04-13,931.8431396484375,946.1791879507211,928.6573511368189,946.1791879507211,303000
2006-04-14,930.2498168945312,936.6213909828499,928.6569233724515,933.4356039386905,200800
2006-04-17,920.6928100585938,936.6217514090885,920.6928100585938,936.6217514090885,156600
2006-04-18,922.2860107421875,922.2860107421875,907.949958761739,917.5073267487047,212600
2006-04-19,920.6928100585938,928.6572807338412,919.0999159235444,928.6572807338412,222600
2006-04-20,912.728271484375,922.2856355836878,912.7282714843751,922.2856355836878,216400
2006-04-21,909.5423583984375,914.3210397910738,906.3565708033466,914.3210397910738,260200
2006-04-24,893.6134033203125,907.949447223847,888.8347220191345,907.949447223847,376600
2006-04-25,906.3565063476562,906.3565063476562,890.427569504991,898.3920379263236,238200
2006-04-26,912.728271484375,915.9140595174794,903.1709073850623,914.3211655009272,215600
2006-04-27,906.3565063476562,912.7280810847224,901.5778252948567,911.1351874004558,194400
2006-04-28,906.3565063476562,914.3209747689889,896.7991442420571,914.3209747689889,292600
2006-05-01,903.1710205078125,907.9497031560021,898.3923378596231,907.9497031560021,174000
2006-05-02,911.13525390625,911.13525390625,898.3921035019667,904.7636787041084,238600
2006-05-03,911.13525390625,911.13525390625,911.13525390625,911.13525390625,0
2006-05-04,911.13525390625,911.13525390625,911.13525390625,911.13525390625,0
2006-05-05,911.13525390625,911.13525390625,911.13525390625,911.13525390625,0
2006-05-08,915.9142456054688,919.1000342858356,903.1710908840014,915.9142456054688,200800
2006-05-09,923.8785400390625,931.8430102118131,914.3211758317618,915.9140698663119,340000
2006-05-10,914.3211669921875,925.4714251262386,911.1353789538873,923.8785311070885,150400
2006-05-11,909.5423583984375,915.9139335886192,898.3921018156195,914.3210397910738,181200
2006-05-12,912.728271484375,912.7282714843751,896.7993313188537,912.7282714843751,158000
2006-05-15,904.7637329101562,907.9495207020933,890.427687846439,893.6134756383761,634000
2006-05-16,872.90576171875,901.5778487825046,860.1626119126369,892.0204864279198,466600
2006-05-17,868.1270751953125,874.4986500591314,860.1626066155391,874.4986500591314,444400
2006-05-18,885.6489868164062,887.2418806775869,863.3484727598781,866.5342604822392,381000
2006-05-19,896.7992553710938,899.9850431344014,885.6489981995171,890.4276798444785,425800
2006-05-22,892.0205078125,901.5778703962053,880.8702514648437,896.7991891043526,319600
2006-05-23,898.39208984375,904.7636649490248,888.8347271858378,892.0205147384752,334600
2006-05-24,874.498779296875,898.3921885672814,864.9414155887125,898.3921885672814,513000
2006-05-25,884.0559692382812,888.8346501530829,868.1270328556095,874.4986074086783,274000
2006-05-26,884.0559692382812,887.2417565148156,882.4630756000141,882.4630756000141,128200
2006-05-29,885.6489868164062,895.2063499834898,879.2774113716839,895.2063499834898,368800
2006-05-30,885.6489868164062,892.0205622611286,877.6845175105033,887.2418806775869,293200
2006-05-31,884.0559692382812,885.6488628765485,882.4630756000141,882.4630756000141,118000
2006-06-01,884.0559692382812,887.2417565148156,880.870181961747,885.6488628765485,206600
2006-06-02,892.0205078125,892.0205078125,880.8702514648437,884.0560389927455,327000
2006-06-05,885.6489868164062,890.4276683999481,882.4631990940451,890.4276683999481,149400
2006-06-06,880.870361328125,885.649043215981,879.2774673655063,882.4632552907436,112400
2006-06-07,872.90576171875,885.6489115248631,872.90576171875,880.8702303475707,389200
2006-06-08,872.90576171875,877.6844428960425,841.0478872034672,872.90576171875,514000
2006-06-09,861.7554931640625,861.7554931640625,826.7118317045258,853.7910246505314,893600
2006-06-12,849.0123291015625,858.5696911552386,842.6407543991118,858.5696911552386,266800
2006-06-13,850.6052856445312,855.3839670245567,847.4194980578476,849.0123918511895,92800
2006-06-14,849.0123291015625,858.5696911552386,837.8620733722737,847.4194354259498,253400
2006-06-15,852.1981201171875,856.9768011645735,841.0478643399532,856.9768011645735,207600
2006-06-16,858.5700073242188,868.1273728974011,858.5700073242188,864.941584373007,148600
2006-06-19,863.3485717773438,864.9414658212133,858.5698896457349,858.5698896457349,125800
2006-06-20,860.162841796875,882.4633599175347,858.5699476453993,882.4633599175347,56800
2006-06-21,841.0479125976562,863.3484254316851,837.8621250499378,860.1626378839667,188000
2006-06-22,849.0123291015625,858.5696911552386,844.2336480747244,844.2336480747244,119600
2006-06-23,850.6052856445312,856.9768608178986,845.8266042645058,852.1981794378731,108600
2006-06-26,856.9769287109375,864.9413983086229,845.8266712741781,847.4195651937152,122800
2006-06-27,871.3130493164062,880.8704136599134,861.755684972899,868.1272612019038,107400
2006-06-28,876.0917358398438,876.0917358398438,861.7556892533736,861.7556892533736,83600
2006-06-29,888.8349609375,888.8349609375001,872.9060189852152,874.4989131804437,138800
2006-06-30,880.870361328125,898.3921949169303,879.2774673655063,898.3921949169303,104800
2006-07-03,904.7637329101562,906.3566268061247,893.6134756383761,904.7637329101561,124600
2006-07-04,911.13525390625,912.7281477067854,880.8702716960773,909.5423601057146,116000
2006-07-05,901.5780639648438,903.1709580707887,893.613593435119,893.613593435119,51800
2006-07-06,879.2774047851562,893.6134494283925,877.6845109359078,893.6134494283925,83000
2006-07-07,890.4276123046875,890.4276123046875,879.2773559788685,885.6489310221937,80800
2006-07-10,907.9495849609375,907.9495849609375,880.8703868129797,887.2419628477933,86400
2006-07-11,911.13525390625,914.3210415073208,903.170784903573,907.9494663051792,99600
2006-07-12,914.3211669921875,914.3211669921876,898.392226800686,909.5424849347371,71800
2006-07-13,914.3211669921875,914.3211669921876,887.241968666635,888.8348626857851,70400
2006-07-14,909.5423583984375,923.8784025763463,898.3921018156195,923.8784025763463,122600
2006-07-17,909.5423583984375,909.5423583984375,909.5423583984375,909.5423583984375,0
2006-07-18,904.7637329101562,917.5068840779048,896.7992634303132,907.9495207020933,166600
2006-07-19,898.39208984375,901.5778773963874,885.6489396332004,896.7991960674312,114600
2006-07-20,906.3565063476562,911.1351874004558,893.613356873524,911.1351874004558,105600
2006-07-21,896.7992553710938,901.5779370160551,893.6134676077861,893.6134676077861,61200
2006-07-24,899.9849853515625,904.7636666897124,887.2418351164961,896.7991977927959,90000
2006-07-25,901.5780639648438,903.1709580707887,896.7993816470089,899.9851698588988,61000
2006-07-26,896.7992553710938,901.5779370160551,893.6134676077861,898.3921492527476,55000
2006-07-27,903.1710205078125,903.1710205078126,895.2065494274967,899.9852320756862,100400
2006-07-28,892.0205078125,906.356551688058,879.2773577008928,903.1707641601562,123800
2006-07-31,898.39208984375,903.170771172706,892.0205147384752,893.6134085147938,61200
2006-08-01,923.8785400390625,923.8785400390625,898.3922354862608,904.7638116244613,158800
2006-08-02,935.0291137695312,939.8077974855595,914.3214843334088,923.8788517654652,214800
2006-08-03,939.8078002929688,941.4006948697364,933.4362219858978,935.0291165626654,132000
2006-08-04,938.2150268554688,939.8079216379059,931.8434477257202,939.8079216379059,71200
2006-08-07,939.8078002929688,949.3651677535752,933.4362219858978,938.214905716201,192400
2006-08-08,946.1790771484375,946.1790771484375,939.8075008713437,939.8075008713437,145200
2006-08-09,952.5508422851562,952.5508422851562,944.586370359695,946.1792647447872,160800
2006-08-10,954.1437377929688,958.9224209538684,944.5863714711694,952.5508434060022,291600
2006-08-11,952.5508422851562,955.7366310553407,942.9934759746028,954.1437366702485,129800
2006-08-14,958.9222412109375,958.9222412109376,949.364876680596,952.5506648573765,44200
2006-08-15,955.7363891601562,962.1079650878906,954.1434951782227,958.9221771240235,181800
2006-08-16,971.665283203125,971.665283203125,944.5860867859888,955.7363441342213,156600
2006-08-17,990.780029296875,1003.5231807990856,971.665302043559,974.8510899191117,379800
2006-08-18,984.4085693359375,997.1517223370499,971.6654163348251,978.0369928353813,154400
2006-08-21,981.222900390625,1000.3376322164164,981.222900390625,984.408689028257,91400
2006-08-22,987.5944213867188,987.5944213867186,981.2228444745463,984.4086329306325,105200
2006-08-23,987.5944213867188,997.1517867549773,984.4086329306325,987.5944213867186,123800
2006-08-24,978.0369262695312,990.7800784033362,962.107986102275,987.5942903698849,215200
2006-08-25,968.4797973632812,987.5945302059775,965.2940085561652,978.0371637846295,93000
2006-08-28,947.77197265625,968.4795955882354,947.7719726562501,968.4795955882354,78800
2006-08-29,962.1082153320312,962.1082153320312,949.3650601620706,954.1437433508058,35600
2006-08-30,958.9222412109375,971.6653939180596,955.7364530341571,968.4796057412791,36200
2006-08-31,968.4797973632812,974.8513749775134,955.736642134817,965.2940085561652,62200
2006-09-01,971.665283203125,978.0368588306865,958.9221319480021,962.1079197617828,33200
2006-09-04,974.851318359375,984.4086842256435,974.8513183593751,981.222895603554,27200
2006-09-05,968.4797973632812,974.8513749775134,968.4797973632812,974.8513749775134,19800
2006-09-06,971.665283203125,984.4084344582479,971.665283203125,971.665283203125,40000
2006-09-07,958.9222412109375,971.6653939180596,958.9222412109376,962.1080293877181,46600
2006-09-08,984.4085693359375,993.9659340867719,974.8512045851031,987.5943575862156,202800
2006-09-11,993.9657592773438,1000.3373346573268,978.0368208273864,978.0368208273864,134400
2006-09-12,993.9657592773438,1003.5231223473183,987.5941838973608,1003.5231223473183,137000
2006-09-13,968.4797973632812,1003.5234742415579,962.1082197490491,1003.5234742415579,64000
2006-09-14,955.7363891601562,962.1079650878906,939.8074493408203,955.7363891601562,86400
2006-09-15,954.1437377929688,958.9224209538684,942.9934770842028,952.5508434060022,69200
2006-09-18,954.1437377929688,954.1437377929688,954.1437377929688,954.1437377929688,0
2006-09-19,944.58642578125,955.7366871311131,936.6219533884907,955.7366871311131,66400
2006-09-20,942.9934692382812,950.9579411068479,941.4005748645681,946.179257985708,59000
2006-09-21,938.2150268554688,944.5866059852173,928.657658160846,936.6221320730317,50800
2006-09-22,939.8078002929688,947.7722731768074,928.6575382555944,928.6575382555944,42600
2006-09-25,920.6928100585938,920.6928100585938,899.9851863029506,901.5780804380001,125400
2006-09-26,909.4254760742188,922.3022969743846,901.377463011615,922.3022969743846,71000
2006-09-27,927.13134765625,936.7889658610027,911.0353173149957,930.350553724501,92200
2006-09-28,917.4735717773438,928.7407910798726,912.6447635048314,927.1311883223684,52800
2006-09-29,927.13134765625,931.9601567586263,922.3025385538738,925.5217446221246,68000
2006-10-02,935.1788940429688,938.3980984975057,925.521280679358,927.1308829066265,49000
2006-10-03,940.0076293945312,948.0556399201695,933.5692209740208,938.3980272894037,111800
2006-10-04,923.9119262695312,943.2271581776051,923.9119262695314,941.617555518599,58000
2006-10-05,931.9602661132812,931.9602661132812,920.6930435523261,923.9122499983133,81200
2006-10-06,927.13134765625,933.5697597927518,923.9121415879993,927.1313476562501,61000
2006-10-09,927.13134765625,927.1313476562501,927.1313476562501,927.1313476562501,0
2006-10-10,917.4735717773438,928.7407910798726,917.4735717773438,923.9119828073602,96600
2006-10-11,901.3776245117188,920.6928593226842,901.3776245117188,917.4736535208566,56800
2006-10-12,904.5963134765625,914.2539253642127,898.1579055514625,901.3771095140124,55400
2006-10-13,906.206298828125,911.0351068147758,898.1582855170403,906.206298828125,62600
2006-10-16,928.7409057617188,946.446538280573,898.1584495927887,898.1584495927887,146800
2006-10-17,922.3023071289062,930.3503202801184,907.8158834567245,922.3023071289062,64800
2006-10-18,949.6655883789062,952.8847937632415,922.3023426120563,922.3023426120563,96600
2006-10-19,960.9329833984375,972.200204309307,946.4465565130339,962.5425863857046,99400
2006-10-20,978.6386108398438,981.8578167965537,962.5425810562937,965.7617870130036,91800
2006-10-23,972.2000122070312,972.2000122070312,956.1039855148618,972.2000122070312,61000
2006-10-24,943.2269897460938,972.1998324345403,941.6173873745134,964.1518205766386,118400
2006-10-25,925.521728515625,959.3233916440216,920.6929194972826,933.5697435461956,194600
2006-10-26,944.8369140625,951.2753257426533,928.7408848621167,938.3985023823467,75200
2006-10-27,923.9119262695312,948.0559661546235,920.692720951519,935.1791448825744,111600
2006-10-30,894.9390258789062,911.0350515242103,891.7198207498454,906.2062438306191,340200
2006-10-31,917.4735717773438,927.1311883223684,909.4255579898232,912.6447635048314,133400
2006-11-01,923.9119262695312,927.1311315875437,911.0351049974821,917.4735156335067,86800
2006-11-02,944.8369140625,946.4465169825384,923.9120761020017,930.350487782155,183600
2006-11-03,944.8369140625,944.8369140625,944.8369140625,944.8369140625,0
2006-11-06,949.6655883789062,952.8847937632415,925.5215479963916,931.9599587650622,151000
2006-11-07,944.8369140625,959.323340342845,943.2273111424616,959.323340342845,43000
2006-11-08,928.7409057617188,941.6177294117946,928.7409057617188,933.5697146304972,64000
2006-11-09,915.8638916015625,944.8367387875521,915.8638916015625,936.7887256803328,77000
2006-11-10,877.2335205078125,914.2543846760321,877.2335205078125,911.0351790961869,323400
2006-11-13,888.5006103515625,927.1310716711956,888.5006103515624,902.9870333464248,260200
2006-11-14,956.1039428710938,962.5423532607981,927.1310961174242,940.007916896833,330800
2006-11-15,928.7409057617188,964.1521707994273,928.7409057617188,964.1521707994273,127400
2006-11-16,927.13134765625,954.4945992363824,922.3025385538738,927.1313476562501,90600
2006-11-17,922.3023071289062,946.4463465825426,917.473499238179,928.7407176498759,90600
2006-11-20,923.9119262695312,948.0559661546235,923.9119262695314,928.7407342465498,111000
2006-11-21,927.13134765625,940.0081719292535,927.1313476562501,940.0081719292535,71000
2006-11-22,933.5696411132812,946.4464637493264,923.9120241362473,946.4464637493264,114600
2006-11-23,933.5696411132812,933.5696411132811,933.5696411132811,933.5696411132811,0
2006-11-24,923.9119262695312,941.617555518599,920.692720951519,928.7407342465498,66600
2006-11-27,948.0562744140625,949.6658775964294,922.3026234961933,923.91222667856,47000
2006-11-28,957.7136840820312,962.5424925732011,941.6176557781315,944.8368614389115,94200
2006-11-29,965.7616577148438,965.7616577148436,951.275232849121,956.1040411376953,52200
2006-11-30,964.1519775390625,965.7615801726837,954.4943617373357,964.1519775390625,58600
2006-12-01,964.1519775390625,985.0768117761373,960.9327722718202,981.8576065088951,101800
2006-12-04,972.2000122070312,972.2000122070312,964.1519988609465,964.1519988609465,39000
2006-12-05,981.8574829101562,991.5150974961578,965.7614586001536,965.7614586001536,145000
2006-12-06,968.98095703125,985.0769862178156,965.7617511939368,985.0769862178156,117000
2006-12-07,960.9329833984375,981.8578222329094,949.665762487568,965.7617923602387,169000
2006-12-08,956.1039428710938,959.3231480659459,949.6655324813895,949.6655324813895,112200
2006-12-11,965.7616577148438,972.200068766276,952.884835611979,952.884835611979,44000
2006-12-12,985.0768432617188,985.0768432617189,975.4192271513098,978.6384325214461,86600
2006-12-13,975.4195556640625,985.0771750270729,972.2003492097256,985.0771750270729,32400
2006-12-14,964.1519775390625,975.4191959744105,959.3231696381991,975.4191959744105,165600
2006-12-15,946.44677734375,972.200431149022,940.0083638924319,972.200431149022,170800
2006-12-18,944.8369140625,946.4465169825384,935.17929654227,943.2273111424616,155800
2006-12-19,948.0562744140625,949.6658775964294,936.7890521374948,940.0082585022284,118400
2006-12-20,946.44677734375,951.2755874322385,941.6179672552614,944.8371739809204,70400
2006-12-21,938.3983154296875,946.4463284265115,935.1791102309578,944.8367258271467,67600
2006-12-22,954.494384765625,960.9327954554437,944.836768730897,948.0559740758064,89400
2006-12-25,941.6175537109375,956.1039776141827,941.6175537109375,956.1039776141827,24800
2006-12-26,949.6655883789062,956.1039991475767,944.8367803024033,944.8367803024033,26200
2006-12-27,954.494384765625,959.323192782989,946.4463714033517,957.7135901105344,22800
2006-12-28,949.6655883789062,959.323204531912,943.2271776102357,959.323204531912,43600
2006-12-29,949.6655883789062,956.1039991475767,949.6655883789062,951.2751910710739,21400
2007-01-04,959.3234252929688,968.9810436684014,952.8850130426804,962.5426314181129,43400
2007-01-05,954.494384765625,959.323192782989,948.0559740758064,957.7135901105344,139400
2007-01-09,964.1519775390625,972.1999907071682,954.4943617373357,954.4943617373357,94200
2007-01-10,933.5696411132812,964.1520948738887,933.5696411132811,959.3232863853717,156600
2007-01-11,943.2269897460938,948.0557968608349,933.5693755166116,940.007785002933,132400
2007-01-12,948.0562744140625,949.6658775964294,938.3986553198615,943.227464866962,51400
2007-01-15,959.3234252929688,959.3234252929688,949.6658069175362,956.1042191678246,75800
2007-01-16,957.7136840820312,959.3232869124212,951.2752727604714,959.3232869124212,47400
2007-01-17,946.44677734375,956.104397520727,941.6179672552614,956.104397520727,102600
2007-01-18,940.0076293945312,951.2748441304246,938.3980272894037,946.4460378150418,119600
2007-01-19,946.44677734375,949.665984069409,940.0083638924319,948.0563807065795,122800
2007-01-22,949.6655883789062,954.4943964554091,944.8367803024033,952.8847937632415,71200
2007-01-23,936.7888793945312,948.0560995934346,935.1792765089737,948.0560995934346,193800
2007-01-24,936.7888793945312,941.6176880512041,933.5696736234161,941.6176880512041,146200
2007-01-25,928.7409057617188,943.2273323680541,923.9120968929403,941.6177294117946,164800
2007-01-26,930.350341796875,936.7887524667497,928.7407391294064,930.3503417968751,112800
2007-01-29,933.5696411132812,940.0080524313038,930.3504354542698,930.3504354542698,117000
2007-01-30,941.6175537109375,944.8367590227698,936.7887457431891,938.3983483991052,153000
2007-01-31,978.6386108398438,988.2962287099738,959.3233750995837,964.1521840346487,501200
2007-02-01,997.953369140625,997.9533691406249,972.1997338079636,978.638142641129,420800
2007-02-02,1004.3922119140625,1014.0498293363132,981.8577712621445,981.8577712621445,281000
2007-02-05,991.5154418945312,1004.3922658152394,985.0770299341772,1004.3922658152394,155200
2007-02-06,1014.0496215820312,1026.926442173549,997.953595842634,1004.3920061383928,240400
2007-02-07,985.0768432617188,1010.8304862228096,985.0768432617189,1007.6112808526732,144800
2007-02-08,988.2959594726562,1010.8303950306647,988.2959594726562,1001.1727797915182,185800
2007-02-09,1017.2689208984375,1023.7073317901998,994.7344827772696,997.9536882231507,259800
2007-02-13,985.0768432617188,1014.0496915929458,981.8576378915825,1004.3920754825368,169200
2007-02-14,1014.0496215820312,1023.7072370256697,997.953595842634,1014.0496215820312,176600
2007-02-15,1026.926513671875,1030.145719043887,1001.1728706957778,1014.0496921838263,200400
2007-02-16,1004.3922119140625,1020.488240951147,1004.3922119140626,1020.488240951147,72600
2007-02-19,1004.3922119140625,1007.6114177214795,997.9538002992289,997.9538002992289,78200
2007-02-20,994.7344360351562,1001.1728466243807,994.7344360351562,997.9536413297685,88400
2007-02-21,994.7344360351562,994.7344360351562,988.296025445932,994.7344360351562,80800
2007-02-22,1020.4881591796875,1026.9265702786129,991.5153092345228,997.9537203334482,184200
2007-02-23,1010.8305053710938,1020.4881216644482,1001.1728890777393,1020.4881216644482,185200
2007-02-26,1026.926513671875,1030.145719043887,1017.2688975558385,1020.4881029278506,199000
2007-02-27,1010.8305053710938,1030.1457379578026,1007.6112999399755,1030.1457379578026,110400
2007-02-28,1001.1726684570312,1001.1726684570314,985.0766448483973,997.9534637353046,121600
2007-03-01,1010.8305053710938,1036.5841488200388,981.8576564910305,988.2960673532668,286400
2007-03-02,1004.3922119140625,1026.9266525659807,1001.1730061066457,1014.0498293363132,100800
2007-03-05,1010.8305053710938,1020.4881216644482,997.9536836466211,997.9536836466211,217000
2007-03-06,975.4195556640625,997.9540008444203,972.2003492097256,991.5155879357467,229800
2007-03-07,965.7616577148438,988.2960963948567,965.7616577148436,981.8576853434245,238400
2007-03-08,965.7616577148438,972.200068766276,956.1040411376953,965.7616577148436,224000
2007-03-09,960.9329833984375,972.200204309307,957.7137774239034,960.9329833984375,255000
2007-03-12,988.2959594726562,988.2959594726562,962.5423188349323,962.5423188349323,136800
2007-03-13,975.4195556640625,988.2963814814099,968.9811427553888,978.6387621183993,100400
2007-03-14,968.98095703125,975.4193687058762,965.7617511939368,965.7617511939368,65200
2007-03-15,964.1519775390625,972.1999907071682,959.3231696381991,972.1999907071682,114200
2007-03-16,956.1039428710938,968.9807636505025,946.4463272865373,965.7615584556503,192000
2007-03-19,959.3234252929688,968.9810436684014,944.8369977298199,944.8369977298199,117000
2007-03-20,975.4195556640625,981.8579685727361,960.9331266195467,965.761936301052,103400
2007-03-22,991.5154418945312,991.5154418945312,968.9810000332919,975.419411993646,94800
2007-03-23,985.0768432617188,985.0768432617189,975.4192271513098,978.6384325214461,86200
2007-03-26,972.2000122070312,988.2960388992005,968.9808068685974,985.0768335607667,191200
2007-03-27,965.6968994140625,975.4514135495581,959.1938899903987,962.4453947022306,137000
2007-03-28,964.0712890625,972.2000520394182,959.194031276349,959.194031276349,122000
2007-03-29,949.4391479492188,962.4451636745505,942.9361400865529,952.6906518805516,134200
2007-03-30,959.194091796875,962.4455971927965,944.5623175152277,957.5683390989142,98600
2007-04-02,959.194091796875,965.6971025887182,947.8138229111494,965.6971025887182,99800
2007-04-03,962.4457397460938,972.2002573786555,954.3169750522923,972.2002573786555,116600
2007-04-04,947.8137817382812,965.6970606390036,947.8137817382812,957.5682975023117,117200
2007-04-05,952.6908569335938,959.193866195939,952.6908569335938,955.9423615647664,151400
2007-04-06,960.8201293945312,967.3231421146296,955.9428698544575,962.4458825745559,159800
2007-04-09,975.4515380859375,978.7030432128905,965.6970227050781,968.9485278320312,167400
2007-04-10,954.3170166015625,968.9487936874467,951.065510582477,965.6972876683614,148400
2007-04-11,960.8201293945312,967.3231421146296,954.3171166744329,962.4458825745559,232600
2007-04-12,965.6968994140625,968.9484041258943,952.690880566735,954.3166329226509,150400
2007-04-13,952.6908569335938,972.1998847206297,951.0651046180074,972.1998847206297,73400
2007-04-16,944.56201171875,957.5680290918136,944.56201171875,952.6907725769148,119000
2007-04-17,960.8201293945312,972.2004016547033,952.6913634944083,968.9488952946541,240000
2007-04-18,978.703125,985.2061357973422,968.9486088039866,973.8258669019933,216600
2007-04-19,973.8257446289062,981.9545071049406,972.1999921336994,978.7030021145268,84000
2007-04-20,985.2063598632812,985.2063598632812,973.8260883797119,975.4518414487933,67600
2007-04-23,1004.7150268554688,1004.7150268554688,981.9544922665099,991.7090070903494,231800
2007-04-24,988.4576416015625,994.9606524015727,970.5743619015342,991.7091470015675,135600
2007-04-25,967.3228759765625,988.4576615021008,965.6971232438287,978.7031451056985,93800
2007-04-26,994.9605712890625,998.212076423994,981.9545507493361,991.7090661541308,137000
2007-04-27,994.9605712890625,994.9605712890624,985.2060558842677,994.9605712890624,127600
2007-05-01,978.703125,998.2121573920266,972.2001142026578,998.2121573920266,146600
2007-05-02,988.4576416015625,991.7091470015675,981.9546308015522,991.7091470015675,82600
2007-05-07,994.9605712890625,998.212076423994,991.7090661541308,994.9605712890624,108000
2007-05-08,988.4576416015625,988.4576416015625,978.703125401547,981.9546308015522,91600
2007-05-09,978.703125,985.2061357973422,975.4516196013288,975.4516196013288,110600
2007-05-10,994.9605712890625,994.9605712890624,985.2060558842677,991.7090661541308,109800
2007-05-11,960.8201293945312,981.9549207348508,952.6913634944083,978.7034143748017,202800
2007-05-14,951.0653076171875,967.3228342431223,949.439554954594,962.4455762553418,179000
2007-05-15,941.3109130859375,955.9426889370143,939.6851602135956,942.9366659582794,166800
2007-05-16,908.7955932617188,916.9243552765821,907.1698408587462,915.2986028736094,242400
2007-05-17,915.2987060546875,918.550211227173,912.0472008822019,916.9244586409302,141000
2007-05-18,918.5501708984375,921.8016759281664,912.0471608389795,916.924418383573,186200
2007-05-21,921.8015747070312,933.1818410614391,913.6728130253114,933.1818410614391,187800
2007-05-22,912.047119140625,923.427386224376,899.041099616338,923.427386224376,183200
2007-05-23,939.6849365234375,946.1879464647761,910.4213917874134,913.6728967580829,260200
2007-05-24,951.0653076171875,952.691060279781,942.9365443042201,949.439554954594,128800
2007-05-25,936.4336547851562,957.5684421327379,934.8079019122654,957.5684421327379,135400
2007-05-28,942.9365234375,949.4395339439656,939.6850181842673,949.4395339439656,63600
2007-05-29,934.8079833984375,939.6852424422553,933.1822303838314,939.6852424422553,47000
2007-05-30,933.1819458007812,938.0592033572314,931.5561932819646,936.4334508384147,78200
2007-05-31,925.0531005859375,928.3046053331641,918.5500910914845,926.6788529595508,133800
2007-06-01,923.4274291992188,931.5561917801979,923.4274291992189,931.5561917801979,44400
2007-06-04,942.9365234375,954.3167918238147,928.3047497979526,929.930502424569,106800
2007-06-05,934.8079833984375,939.6852424422553,926.6792183254075,926.6792183254075,178200
2007-06-06,925.0531005859375,926.6788529595508,921.801595838711,921.801595838711,86400
2007-06-07,920.1761474609375,923.4276532823542,916.9246416395207,920.1761474609375,86200
2007-06-08,931.5562133789062,931.5562133789062,921.8016980555669,928.3047082711264,160400
2007-06-11,933.1819458007812,938.0592033572314,928.3046882443313,928.3046882443313,47000
2007-06-12,928.3045043945312,933.1817609850453,928.3045043945311,931.5560087882074,63800
2007-06-13,933.1819458007812,939.6849558760481,928.3046882443313,929.9304407631479,80600
2007-06-14,941.3109130859375,941.3109130859375,936.433654468912,936.433654468912,140400
2007-06-15,941.3109130859375,942.9366659582794,936.433654468912,936.433654468912,71200
2007-06-18,941.3109130859375,942.9366659582794,936.433654468912,941.3109130859375,87600
2007-06-19,931.5562133789062,936.4334710405759,929.9304608250163,936.4334710405759,118600
2007-06-20,929.930419921875,938.0591823337794,928.3046674394941,931.5561724042558,158600
2007-06-21,934.8079833984375,942.9367484714674,926.6792183254075,941.3109954568614,141600
2007-06-22,931.5562133789062,936.4334710405759,929.9304608250163,933.1819659327962,77600
2007-06-25,921.8015747070312,936.433345734127,918.5500700343433,934.8075933977831,134000
2007-06-26,929.930419921875,936.4334298513985,929.930419921875,931.5561724042558,87400
2007-06-27,925.0531005859375,929.9303577067773,920.1758434650978,928.3046053331641,78200
2007-06-28,908.7955932617188,916.9243552765821,905.5440884557735,915.2986028736094,279600
2007-06-29,918.5501708984375,925.0531809578954,915.2986658687084,916.924418383573,153800
2007-07-02,916.92431640625,926.6788304105718,916.92431640625,920.1758210743573,94400
2007-07-03,910.4215087890625,918.5502722603934,907.17000340053,916.9245195661272,205200
2007-07-04,918.5501708984375,921.8016759281664,913.672913353844,913.672913353844,115200
2007-07-05,925.0531005859375,926.6788529595508,915.2985863442581,923.4273482123243,97000
2007-07-06,908.7955932617188,921.8016124855001,907.1698408587462,918.5501076795548,167600
2007-07-09,908.7955932617188,915.2986028736094,908.7955932617188,912.0470980676641,79600
2007-07-10,907.1700439453125,913.6730550130208,905.5442911783854,905.5442911783854,86800
2007-07-11,899.0410766601562,910.4213434533228,899.0410766601562,907.1698386552753,200200
2007-07-12,884.4094848632812,907.1700230766745,877.9064739451688,900.6670121585621,281600
2007-07-13,903.9183959960938,903.9183959960938,887.6608708882503,890.912375909819,217600
2007-07-17,897.415283203125,902.2925401770551,894.1637785538384,902.2925401770551,146800
2007-07-18,889.28662109375,894.1638786134598,887.6608685871801,889.28662109375,68000
2007-07-19,900.6668701171875,900.6668701171875,889.2866028052375,894.1638602246446,89000
2007-07-20,887.660888671875,895.7896513886503,887.660888671875,894.1638988452953,61800
2007-07-23,877.9063110351562,884.4093207465278,877.9063110351562,879.5320634629992,132400
2007-07-24,890.912353515625,890.912353515625,884.4093436359489,887.660848575787,71200
2007-07-25,884.4094848632812,889.2867430518655,884.4094848632812,886.0352375928093,83200
2007-07-26,884.4094848632812,887.6609903223374,882.7837321337531,882.7837321337531,117200
2007-07-27,926.6790161132812,926.6790161132812,873.0291783383019,877.9064363178454,359800
2007-07-30,944.56201171875,954.3165247485477,913.6727204577237,920.1757291442556,400600
2007-07-31,946.1881103515625,972.2001546223958,944.5623575846354,955.942626953125,444800
2007-08-01,947.8137817382812,955.9425448749732,942.9365238562661,946.1880291109429,182200
2007-08-02,933.1819458007812,947.8137184701316,928.3046882443313,942.9364609136815,179600
2007-08-03,939.6849365234375,941.3106890087721,934.8076790674335,934.8076790674335,179400
2007-08-06,934.8079833984375,944.5625014860733,926.6792183254075,926.6792183254075,148400
2007-08-07,926.6790161132812,933.1820267526728,921.8017581337377,929.930521432977,121600
2007-08-08,933.1819458007812,934.807698319598,928.3046882443313,931.5561932819646,167400
2007-08-09,881.1578979492188,892.5381660039135,874.6548876322503,890.9124134246713,747200
2007-08-10,894.1637573242188,894.1637573242188,884.4092436079545,889.2865004660866,410000
2007-08-13,920.1761474609375,926.679159103771,907.1701241752705,908.7958770859789,347600
2007-08-14,928.3045043945312,931.5560087882074,921.8014956071789,925.053000000855,119400
2007-08-15,913.672607421875,926.6786231858874,912.0468554513734,926.6786231858874,105000
2007-08-16,899.0410766601562,903.9183338572276,892.5380670640611,895.7895718621087,119600
2007-08-17,889.28662109375,903.9183936528793,889.28662109375,899.0411361331695,244800
2007-08-20,895.7896728515625,900.6669305984857,892.5381676869471,900.6669305984857,110000
2007-08-21,913.672607421875,915.2983593923765,907.1695995398687,907.1695995398687,127000
2007-08-22,921.8015747070312,925.0530793797192,920.1758223706873,923.4273270433753,87800
2007-08-23,926.6790161132812,933.1820267526728,923.4275107935856,925.0532634534335,120200
2007-08-24,929.930419921875,933.1819248866367,915.2986475804469,933.1819248866367,130200
2007-08-27,938.0592041015625,938.0592041015625,929.930441501029,936.4334515814559,107200
2007-08-28,926.6790161132812,931.5562740928249,916.9245001541941,928.3047687731291,107200
2007-08-29,936.4336547851562,936.4336547851562,908.795855946011,912.0473616917928,140600
2007-08-30,939.6849365234375,939.6849365234375,933.1819265820989,934.8076790674335,80400
2007-08-31,965.6968994140625,968.9484041258943,954.3166329226509,955.9423852785669,235800
2007-09-03,959.194091796875,967.322855286679,951.0653283070709,967.322855286679,91600
2007-09-04,959.194091796875,960.8198444948358,949.4395756091101,960.8198444948358,64200
2007-09-05,947.8137817382812,952.6910396202965,936.4335133469126,946.1880291109429,119600
2007-09-06,970.5744018554688,973.8259073893229,938.059346516927,951.0653686523438,132600
2007-09-07,973.8257446289062,981.9545071049406,957.5682196768378,957.5682196768378,142000
2007-09-10,959.194091796875,964.0713498907573,954.3168337029925,959.194091796875,49200
2007-09-11,946.1881103515625,957.568379720052,936.43359375,957.568379720052,161800
2007-09-12,929.930419921875,949.4394497104457,929.930419921875,942.9364397809221,125200
2007-09-13,912.047119140625,918.5501289027685,907.1698618190173,907.1698618190173,216600
2007-09-14,897.415283203125,910.4213018002719,894.1637785538384,905.5440448263417,232800
2007-09-18,899.0410766601562,910.4213434533228,899.0410766601562,907.1698386552753,231400
2007-09-19,908.7955932617188,913.6728504706368,902.2925836498281,913.6728504706368,126000
2007-09-20,902.2926635742188,907.1699212151605,900.6669110272381,905.5441686681799,102400
2007-09-21,899.0410766601562,913.6728482513704,894.1638194630849,905.5440862562514,181600
2007-09-25,910.5463256835938,917.1206673852804,905.6155694073288,912.1899111090155,134800
2007-09-26,907.2589111328125,918.7640060203663,905.6153261488763,918.7640060203663,91200
2007-09-27,923.694580078125,923.694580078125,913.8330721057606,917.1202414298821,144800
2007-09-28,923.694580078125,923.694580078125,915.4766567678214,920.4074107540035,174600
2007-10-01,941.7743530273438,946.705108802356,922.0513299272947,922.0513299272947,133400
2007-10-02,963.140869140625,969.7152095443153,941.7742628286317,954.9229436360122,261200
2007-10-03,956.5667114257812,963.141053085065,946.7051989368557,953.2795405961394,166600
2007-10-04,949.9922485351562,953.2794189453125,938.4871520996094,943.4179077148438,201800
2007-10-05,938.4869995117188,941.7741693874166,930.2690748224743,938.4869995117188,256200
2007-10-09,923.694580078125,936.8432573746107,923.694580078125,935.19967271255,233400
2007-10-10,940.1306762695312,948.3486017613977,930.2691656792914,930.2691656792914,227200
2007-10-11,961.4974365234375,966.428192608173,936.8436560997596,941.7744121844952,195600
2007-10-12,956.5667114257812,958.8677310065306,956.5667114257812,958.8677310065306,195600
2007-10-15,973.0027465820312,973.0027465820312,972.0165951496846,972.0165951496846,195600
2007-10-16,973.0027465820312,977.9335037437645,973.0027465820312,977.9335037437645,195600
2007-10-17,959.8534545898438,959.8534545898438,955.2514174787965,955.2514174787965,195600
2007-10-18,971.3592529296875,973.002838806049,961.497737671518,969.7156670533259,117800
2007-10-19,949.9922485351562,954.5942871093749,949.9922485351562,954.5942871093749,117800
2007-10-22,938.4869995117188,938.4869995117188,918.763980257532,920.4075651953809,254400
2007-10-23,928.6256713867188,929.2831054903553,928.6256713867188,929.2831054903553,254400
2007-10-24,941.7743530273438,941.7743530273438,927.9682368573093,927.9682368573093,254400
2007-10-25,931.9127197265625,933.5563047701719,931.9127197265625,933.5563047701719,254400
2007-10-26,946.7052612304688,946.7052612304686,945.0616757074991,945.0616757074991,254400
2007-10-29,940.1306762695312,968.0716229418774,935.1999209744113,946.7050166630245,123800
2007-10-30,928.6256713867188,935.2000124230849,928.6256713867188,935.2000124230849,123800
2007-10-31,940.1306762695312,943.4178464662779,926.9819954825448,926.9819954825448,118800
2007-11-01,931.9127197265625,940.1306449446098,931.9127197265625,940.1306449446098,118800
2007-11-02,920.4078369140625,921.393988167899,920.4078369140626,921.393988167899,118800
2007-11-05,920.4078369140625,926.9821786063059,918.7642514910017,923.6950077601842,167200
2007-11-06,925.3385009765625,925.3385009765625,922.0513304579956,922.0513304579956,167200
2007-11-07,917.1207275390625,926.9822407384073,917.1207275390625,926.9822407384073,167200
2007-11-08,938.4869995117188,938.4869995117188,917.1203953196831,917.1203953196831,167200
2007-11-09,946.7052612304688,948.3488467534382,946.7052612304686,948.3488467534382,167200
2007-11-12,930.26953125,951.6361459253533,930.26953125,951.6361459253533,167200
2007-11-13,933.556396484375,933.556396484375,928.6256408691406,930.2692260742188,167200
2007-11-14,928.6256713867188,928.6256713867188,927.6395202312638,927.6395202312638,167200
2007-11-15,936.8436279296875,936.8436279296875,928.6257013689008,928.6257013689008,167200
2007-11-16,918.7639770507812,937.5008452768616,918.7639770507812,937.5008452768616,167200
2007-11-19,917.1207275390625,920.079181498866,917.1207275390625,920.079181498866,167200
2007-11-20,922.05126953125,922.05126953125,910.5461734764929,910.5461734764929,167200
2007-11-21,918.7639770507812,922.7085808878509,918.7639770507812,922.7085808878509,167200
2007-11-22,918.7639770507812,918.7639770507812,917.4491091050915,917.4491091050915,167200
2007-11-26,933.556396484375,933.556396484375,912.1897888183594,915.4769592285156,229000
2007-11-27,945.061767578125,945.061767578125,930.2694964334239,930.2694964334239,167200
2007-11-28,953.279541015625,953.2795410156249,941.4457260237068,941.4457260237068,167200
2007-11-29,951.6361694335938,951.9648865905657,951.6361694335939,951.9648865905657,167200
2007-11-30,964.7848510742188,965.7710025403935,964.7848510742188,965.7710025403935,167200
2007-12-03,968.072021484375,968.0720214843751,964.7848499343432,964.7848499343432,167200
2007-12-04,969.71533203125,971.3589173397775,969.71533203125,971.3589173397775,167200
2007-12-05,968.072021484375,969.7156072593909,968.0720214843751,969.7156072593909,167200
2007-12-06,951.6361694335938,961.4976841427502,951.6361694335939,961.4976841427502,167200
2007-12-07,969.71533203125,969.71533203125,969.3866149695444,969.3866149695444,167200
2007-12-10,956.5667114257812,966.756940997671,956.5667114257812,966.756940997671,167200
2007-12-11,953.279541015625,970.3728293372844,953.2795410156249,970.3728293372844,167200
2007-12-12,969.71533203125,969.71533203125,957.5528007481462,957.5528007481462,167200
2007-12-13,968.072021484375,968.0720214843751,968.0720214843751,968.0720214843751,167200
2007-12-14,979.5772094726562,981.2207953945903,979.5772094726564,981.2207953945903,167200
2007-12-17,976.28955078125,982.2064571496212,976.28955078125,982.2064571496212,167200
2007-12-18,996.0130615234375,996.0130615234375,968.0721010516579,968.0721010516579,196000
2007-12-19,992.7255859375,992.7255859375,975.9610147842508,975.9610147842508,167200
2007-12-20,1002.5869750976562,1002.5869750976562,990.4244445800781,990.4244445800781,167200
2007-12-21,999.300048828125,1002.9159371627004,999.300048828125,1002.9159371627004,167200
2007-12-25,992.7255859375,997.9850592404802,992.7255859375,997.9850592404802,167200
2007-12-26,992.7255859375,992.7255859375,981.2204880872309,986.1512443087748,51000
2007-12-27,989.4383544921875,992.7255251051183,989.4383544921875,992.7255251051183,51000
2007-12-28,981.2205200195312,989.4384473228774,976.2897636375235,977.9333490981928,34800
2008-01-04,986.151123046875,996.0126342773438,981.2203674316406,996.0126342773438,93800
2008-01-07,964.7848510742188,983.8504460869291,964.7848510742188,983.8504460869291,51000
2008-01-08,956.5667114257812,964.7846384998859,956.5667114257812,964.7846384998859,51000
2008-01-09,1002.5869750976562,1002.5869750976562,952.7403583094477,952.7403583094477,51000
2008-01-10,961.4974365234375,984.1789145132211,961.4974365234375,984.1789145132211,51000
2008-01-11,996.0130615234375,996.0130615234375,961.8264745932601,961.8264745932601,51000
2008-01-15,1015.7356567382812,1015.7356567382812,996.670068359375,996.670068359375,51000
2008-01-16,1002.5869750976562,1038.745849609375,992.7254638671875,1015.7356567382812,288000
2008-01-17,1022.3099365234375,1022.3099365234375,1002.5869152400271,1002.5869152400271,288000
2008-01-18,1019.0227661132812,1019.0227661132812,1012.4484256867439,1019.0227661132812,288000
2008-01-21,986.151123046875,986.151123046875,985.8224060058593,985.8224060058593,288000
2008-01-22,951.6361694335938,969.0581787531034,951.6361694335939,969.0581787531034,288000
2008-01-23,961.4974365234375,977.604573066907,961.4974365234375,977.604573066907,288000
2008-01-24,966.428466796875,970.4850260176828,966.4284667968749,970.4850260176828,288000
2008-01-25,971.3592529296875,971.3592529296875,961.497737671518,961.497737671518,288000
2008-01-28,981.2205200195312,981.2205200195312,975.303612361122,975.303612361122,288000
2008-01-29,1009.1611328125,1009.1611328125,999.9570573340798,999.9570573340798,288000
2008-01-30,989.4383544921875,1002.2583198826178,989.4383544921875,1002.2583198826178,288000
2008-01-31,1035.458740234375,1035.458740234375,1024.2823601810517,1024.2823601810517,288000
2008-02-01,1025.5972900390625,1035.4588024432842,1025.5972900390625,1035.4588024432842,288000
2008-02-04,1035.458740234375,1035.458740234375,1025.925945483011,1025.925945483011,288000
2008-02-05,1048.6075439453125,1051.5659978310516,1048.6075439453125,1051.5659978310516,288000
2008-02-06,1035.458740234375,1046.3064032273066,1035.458740234375,1046.3064032273066,288000
2008-02-07,1048.6075439453125,1048.6075439453125,1048.6075439453125,1048.6075439453125,288000
2008-02-08,1042.0330810546875,1045.977685777923,1042.0330810546875,1045.977685777923,288000
2008-02-12,1032.17138671875,1042.6903307872215,1032.17138671875,1042.6903307872215,288000
2008-02-13,1042.0330810546875,1042.0330810546875,1040.0607786930698,1040.0607786930698,288000
2008-02-14,1051.8948974609375,1051.8948974609375,1043.676968574524,1043.676968574524,288000
2008-02-15,1051.8948974609375,1058.4692405700682,1042.033382797241,1051.8948974609375,99800
2008-02-18,1028.884765625,1052.5524024061501,1028.884765625,1052.5524024061501,99800
2008-02-19,1015.7356567382812,1015.7356567382812,1015.7356567382812,1015.7356567382812,99800
2008-02-20,996.0130615234375,1020.2460825516348,996.0130615234375,1020.2460825516348,99800
2008-02-21,1022.3099365234375,1022.3099365234375,1020.3376343950965,1020.3376343950965,99800
2008-02-22,1009.1611328125,1009.1611328125,1000.2857743154519,1000.2857743154519,99800
2008-02-25,1032.17138671875,1032.17138671875,1029.5416507016323,1029.5416507016323,99800
2008-02-26,1005.8742065429688,1022.6387766520184,1005.8742065429689,1022.6387766520184,99800
2008-02-27,996.0130615234375,1006.2032941660865,996.0130615234375,1006.2032941660865,99800
2008-02-28,1005.8742065429688,1005.8742065429689,1005.8490872949021,1005.8490872949021,99800
2008-02-29,1005.8742065429688,1006.5316406648923,1005.8742065429689,1006.5316406648923,99800
2008-03-03,992.7255859375,1005.8742691949503,992.7255859375,1005.8742691949503,99800
2008-03-04,989.4383544921875,998.0008079639997,989.4383544921875,998.0008079639997,99800
2008-03-05,989.4383544921875,989.4383544921875,981.2204279598603,981.2204279598603,99800
2008-03-06,1015.7356567382812,1015.7356567382812,1009.1613159179688,1012.448486328125,61000
2008-03-07,1005.8742065429688,1015.7357183718215,1005.8742065429689,1015.7357183718215,61000
2008-03-10,984.507568359375,994.6977969467341,984.507568359375,994.6977969467341,61000
2008-03-11,996.0130615234375,996.0130615234375,984.5079601527048,984.5079601527048,61000
2008-03-12,996.0130615234375,999.3002333436468,996.0130615234375,999.3002333436468,61000
2008-03-13,996.0130615234375,1001.5848017080488,996.0130615234375,1001.5848017080488,61000
2008-03-14,963.140869140625,996.0125711590764,963.140869140625,996.0125711590764,61000
2008-03-17,946.7052612304688,966.7570046106973,946.7052612304686,966.7570046106973,61000
2008-03-18,977.933349609375,977.933349609375,943.746772009585,943.746772009585,61000
2008-03-19,982.8639526367188,991.410595703125,982.8639526367188,991.410595703125,61000
2008-03-21,981.2205200195312,982.8641054802005,981.2205200195312,982.8641054802005,61000
2008-03-24,968.072021484375,984.8365963895374,968.0720214843751,984.8365963895374,61000
2008-03-25,968.072021484375,975.9612332044514,968.0720214843751,975.9612332044514,61000
2008-03-26,976.43115234375,976.4311523437499,967.0681138966181,967.0681138966181,61000
2008-03-27,978.103515625,984.7914029113248,978.103515625,984.7914029113248,61000
2008-03-28,986.4634399414062,986.4634399414064,980.1099465994108,980.1099465994108,61000
2008-03-31,1003.18310546875,1003.18310546875,994.1544575195312,994.1544575195312,61000
2008-04-01,973.0877075195312,1006.8615420416868,973.0877075195312,1006.8615420416868,61000
2008-04-02,993.1511840820312,993.1511840820312,973.0875237975457,973.0875237975457,61000
2008-04-03,1006.527099609375,1006.527099609375,995.4920848960496,995.4920848960496,61000
2008-04-04,991.4793701171875,991.4793701171875,984.1226935092353,984.1226935092353,61000
2008-04-07,1003.18310546875,1004.8550773111979,1003.18310546875,1004.8550773111979,61000
2008-04-08,988.1358032226562,998.1676387883685,984.7918580340855,998.1676387883685,98600
2008-04-09,1003.18310546875,1003.18310546875,988.4697532552083,988.4697532552083,98600
2008-04-10,1013.2152709960938,1013.2152709960939,1002.5146476720427,1002.5146476720427,98600
2008-04-11,1009.8711547851562,1013.8838878505278,1009.8711547851562,1013.8838878505278,98600
2008-04-14,994.823486328125,1006.8616864988182,994.823486328125,1006.8616864988182,98600
2008-04-15,999.839111328125,999.8391113281249,999.1703226248954,999.1703226248954,98600
2008-04-16,983.1198120117188,1000.1739311996771,983.1198120117186,1000.1739311996771,98600
2008-04-17,969.7437744140625,974.7596904886179,969.7437744140625,974.7596904886179,98600
2008-04-18,966.3995971679688,966.3995971679686,966.3995971679686,966.3995971679686,98600
2008-04-21,968.072021484375,968.4064159650259,968.0720214843749,968.4064159650259,98600
2008-04-22,956.3678588867188,962.3869572992925,956.3678588867188,962.3869572992925,98600
2008-04-23,951.3519897460938,951.3519897460938,951.3519897460938,951.3519897460938,98600
2008-04-24,924.6004028320312,940.6513320674517,924.6004028320312,940.6513320674517,98600
2008-04-25,927.9443359375,927.9443359374999,927.9443359374999,927.9443359374999,98600
2008-04-28,932.96044921875,936.6387879074261,932.96044921875,936.6387879074261,98600
2008-04-30,922.9283447265625,934.2977518717447,922.9283447265624,934.2977518717447,98600
2008-05-01,934.6321411132812,934.6321411132812,931.2881978534842,931.2881978534842,98600
2008-05-02,929.6163330078125,930.6195161009863,929.6163330078124,930.6195161009863,98600
2008-05-07,932.96044921875,933.9636324974799,932.96044921875,933.9636324974799,98600
2008-05-08,956.3678588867188,963.0557460118007,954.6958871054483,963.0557460118007,166000
2008-05-09,949.6798706054688,954.361391094369,949.6798706054688,954.361391094369,166000
2008-05-12,954.69580078125,954.6958007812499,944.3295766746935,944.3295766746935,166000
2008-05-13,939.6478881835938,943.9950136449413,939.6478881835938,943.9950136449413,166000
2008-05-14,953.0240478515625,953.0240478515625,948.0081318102385,948.0081318102385,166000
2008-05-15,966.3995971679688,966.3995971679686,961.0492879794955,961.0492879794955,166000
2008-05-16,953.0240478515625,959.0431471011512,953.0240478515625,959.0431471011512,166000
2008-05-19,944.6640625,944.6640625,939.9825414823009,939.9825414823009,166000
2008-05-20,931.2882690429688,936.3041843160908,931.2882690429688,936.3041843160908,166000
2008-05-21,916.2404174804688,921.2563321747049,916.2404174804688,921.2563321747049,166000
2008-05-22,916.2404174804688,916.2404174804688,916.2404174804688,916.2404174804688,166000
2008-05-23,917.91259765625,925.6036686020037,917.91259765625,925.6036686020037,166000
2008-05-26,909.5529174804688,918.9159622192383,909.5529174804688,918.9159622192383,166000
2008-05-27,917.91259765625,919.5845696009791,917.91259765625,919.5845696009791,166000
2008-05-28,912.8966674804688,916.575005701086,912.8966674804686,916.575005701086,166000
2008-05-29,912.8966674804688,912.8966674804686,911.5590899456988,911.5590899456988,166000
2008-05-30,919.5842895507812,919.9186838378907,919.5842895507814,919.9186838378907,166000
2008-06-02,929.6163330078125,929.6163330078124,929.6163330078124,929.6163330078124,166000
2008-06-03,919.5842895507812,925.7097626357676,919.5842895507814,925.7097626357676,166000
2008-06-04,916.2404174804688,919.9187549229085,916.2404174804688,919.9187549229085,166000
2008-06-05,922.9283447265625,922.9283447265624,917.9124298095702,917.9124298095702,166000
2008-06-06,919.5842895507812,920.253078125,919.5842895507814,920.253078125,166000
2008-06-09,914.5686645507812,917.9126084796688,914.5686645507812,917.9126084796688,166000
2008-06-10,916.2404174804688,916.2404174804688,914.5684459157234,914.5684459157234,166000
2008-06-11,909.5529174804688,916.2408065795898,909.5529174804688,916.2408065795898,166000
2008-06-12,911.2247314453125,911.2247314453125,906.2088154924026,906.2088154924026,166000
2008-06-13,911.2247314453125,911.8935202390338,911.2247314453125,911.8935202390338,166000
2008-06-16,921.2565307617188,921.2565307617186,916.9094037563095,916.9094037563095,166000
2008-06-17,924.6004028320312,924.6004028320312,922.928431036675,922.928431036675,166000
2008-06-18,917.91259765625,926.2724573798953,916.240625711521,924.6004854351663,123000
2008-06-19,909.5529174804688,911.224889755249,909.5529174804688,911.224889755249,123000
2008-06-20,909.5529174804688,923.263090133667,909.5529174804688,923.263090133667,123000
2008-06-23,902.8649291992188,906.2088733814381,902.8649291992188,905.8744789632162,123000
2008-06-24,899.5208129882812,901.192784759635,899.5208129882814,901.192784759635,123000
2008-06-25,909.5529174804688,909.5529174804688,896.1771392822266,896.1771392822266,123000
2008-06-26,899.5208129882812,902.1959678224472,899.5208129882814,902.1959678224472,123000
2008-06-27,882.8009643554688,886.81369601163,882.8009643554688,886.81369601163,123000
2008-06-30,901.19287109375,901.1928710937501,879.7916303701879,879.7916303701879,123000
2008-07-01,916.2404174804688,916.2404174804688,901.5270677107094,901.5270677107094,123000
2008-07-02,892.8328857421875,902.1959272406074,892.8328857421875,902.1959272406074,123000
2008-07-03,867.7534790039062,893.1674537261787,867.7534790039064,893.1674537261787,123000
2008-07-04,866.0814819335938,868.7566370901453,866.0814819335936,868.7566370901453,123000
2008-07-07,837.6580200195312,866.0815456489365,837.6580200195312,866.0815456489365,123000
2008-07-08,839.330078125,842.6740226593624,839.3300781249999,842.6740226593624,123000
2008-07-09,844.3457641601562,844.3457641601561,839.3298487295018,839.3298487295018,123000
2008-07-10,835.986083984375,839.9988171875,835.986083984375,839.9988171875,123000
2008-07-11,834.3138427734375,836.9889973795247,834.3138427734375,836.9889973795247,123000
2008-07-14,819.2661743164062,827.6260332380023,819.2661743164062,827.6260332380023,123000
2008-07-15,807.5625610351562,809.2345332112126,807.5625610351562,809.2345332112126,123000
2008-07-16,797.5306396484375,809.234443584578,797.5306396484375,809.234443584578,123000
2008-07-17,810.9063720703125,810.9063720703125,810.9063720703125,810.9063720703125,123000
2008-07-18,804.218505859375,810.9063936419893,804.2185058593749,810.9063936419893,123000
2008-07-22,827.6259155273438,827.6259155273438,809.2342285156251,810.9062000621449,85800
2008-07-23,822.6102294921875,828.9637231346068,822.6102294921875,828.9637231346068,85800
2008-07-24,844.3457641601562,844.3457641601561,841.0018205397199,841.0018205397199,85800
2008-07-25,846.017822265625,855.3808653578927,846.017822265625,855.3808653578927,85800
2008-07-28,827.6259155273438,844.3456309925426,827.6259155273438,844.3456309925426,85800
2008-07-29,822.6102294921875,822.6102294921875,810.2376366095814,810.2376366095814,85800
2008-07-30,857.7216186523438,857.7216186523436,854.3776747199759,854.3776747199759,85800
2008-07-31,866.0814819335938,866.0814819335936,857.7216220693698,857.7216220693698,85800
2008-08-01,912.8966674804688,912.8966674804686,867.0846369145991,867.0846369145991,85800
2008-08-04,899.5208129882812,903.1991508852594,899.5208129882814,903.1991508852594,85800
2008-08-05,911.2247314453125,915.5718586045011,911.2247314453125,915.5718586045011,85800
2008-08-06,932.96044921875,932.96044921875,910.8904170866936,910.8904170866936,85800
2008-08-07,959.7117919921875,959.7117919921875,946.6704122403773,946.6704122403773,85800
2008-08-08,956.3678588867188,965.3965065055794,956.3678588867188,965.3965065055794,85800
2008-08-11,958.0399169921875,963.0558327879581,958.0399169921875,963.0558327879581,85800
2008-08-12,968.072021484375,973.0879386941385,968.0720214843749,973.0879386941385,85800
2008-08-13,964.727783203125,967.4029382345374,964.7277832031249,967.4029382345374,85800
2008-08-14,944.6640625,963.0557522123894,944.6640625,963.0557522123894,85800
2008-08-15,966.3995971679688,966.3995971679686,941.3200228470006,941.3200228470006,85800
2008-08-18,976.43115234375,982.4502484883346,976.4311523437499,982.4502484883346,85800
2008-08-19,959.7117919921875,959.7117919921875,953.6926936451982,953.6926936451982,85800
2008-08-20,958.0399169921875,959.3774945377264,958.0399169921875,959.3774945377264,85800
2008-08-21,958.0399169921875,958.0399169921875,946.6705078551075,946.6705078551075,85800
2008-08-22,961.384033203125,961.3840332031251,958.3744831861413,958.3744831861413,85800
2008-08-25,954.69580078125,962.0524759536448,954.6958007812499,962.0524759536448,85800
2008-08-26,942.9920043945312,942.9920043945311,940.9856384277343,940.9856384277343,85800
2008-08-27,959.7117919921875,959.7117919921875,950.0143557664825,950.0143557664825,85800
2008-08-28,963.055908203125,963.0559082031249,953.024075826009,953.024075826009,85800
2008-08-29,979.7753295898438,981.7816954524851,979.7753295898438,981.7816954524851,85800
2008-09-01,969.7437744140625,979.7756065631735,969.7437744140625,979.7756065631735,85800
2008-09-02,961.384033203125,965.0623721127719,961.3840332031251,965.0623721127719,85800
2008-09-03,979.7753295898438,979.7753295898438,979.4409352794036,979.4409352794036,85800
2008-09-04,991.4793701171875,991.4793701171875,979.4411720314475,979.4411720314475,85800
2008-09-05,973.0877075195312,973.0877075195312,965.0622418905042,965.0622418905042,85800
2008-09-08,986.4634399414062,986.4634399414064,984.1226792364606,984.1226792364606,85800
2008-09-09,993.1511840820312,993.1511840820312,986.4632973205361,986.4632973205361,85800
2008-09-10,1003.18310546875,1009.8709928385416,994.8232462565104,1001.511133626302,174600
2008-09-11,989.8074951171875,1003.1832720782305,989.8074951171874,1003.1832720782305,174600
2008-09-12,974.7595825195312,976.7659487271186,974.7595825195312,976.7659487271186,174600
2008-09-16,966.3995971679688,975.0938495992376,966.3995971679686,975.0938495992376,174600
2008-09-17,981.4478149414062,988.1357046513989,981.4478149414062,988.1357046513989,174600
2008-09-18,958.0399169921875,981.4475240391171,958.0399169921875,981.4475240391171,174600
2008-09-19,964.727783203125,967.0685438556109,964.7277832031249,967.0685438556109,174600
2008-09-22,921.2565307617188,944.9985320989535,921.2565307617186,944.9985320989535,174600
2008-09-24,931.2882690429688,931.2882690429688,913.5653684112714,913.5653684112714,174600
2008-09-25,910.93212890625,922.1279427810755,910.93212890625,922.1279427810755,174600
2008-09-26,904.1467895507812,904.1467895507812,897.0221807025388,897.0221807025388,174600
2008-09-29,904.1467895507812,910.9321313110123,904.1467895507812,910.9321313110123,174600
2008-09-30,949.9481201171875,949.9481201171875,904.4863172258649,904.4863172258649,174600
2008-10-01,953.34033203125,953.34033203125,949.9476618104983,949.9476618104983,174600
2008-10-02,958.4296264648438,958.4296264648438,954.3584209718958,954.3584209718958,174600
2008-10-03,963.5185546875,964.1970888809418,963.5185546874999,964.1970888809418,174600
2008-10-06,955.0369873046875,958.7689257985957,955.0369873046875,958.7689257985957,174600
2008-10-07,919.4139404296875,931.2882902138348,919.4139404296875,931.2882902138348,174600
2008-10-08,863.4346923828125,919.753025952772,863.4346923828125,919.753025952772,174600
2008-10-09,882.0947265625,882.0947265625,880.3983905498799,880.3983905498799,174600
2008-10-10,810.8484497070312,882.0945477984441,810.8484497070312,882.0945477984441,174600
2008-10-14,860.0424194335938,860.0424194335936,840.0256530641333,840.0256530641333,174600
2008-10-15,873.6129760742188,873.6129760742188,858.3459531913683,858.3459531913683,174600
2008-10-16,904.1467895507812,904.1467895507812,883.7907642700883,883.7907642700883,174600
2008-10-17,934.6809692382812,934.6809692382812,919.7532151016263,919.7532151016263,174600
2008-10-20,970.303955078125,970.3039550781249,938.7521131822278,938.7521131822278,174600
2008-10-21,958.4296264648438,958.4296264648438,957.0725579671945,957.0725579671945,174600
2008-10-22,910.93212890625,961.1436577994065,910.93212890625,961.1436577994065,174600
2008-10-23,919.4139404296875,919.4139404296875,876.3270140700674,876.3270140700674,174600
2008-10-24,902.4505615234375,915.681979530736,902.4505615234375,915.681979530736,174600
2008-10-27,885.4871215820312,902.4504764016104,885.4871215820312,902.4504764016104,174600
2008-10-28,853.2567749023438,860.0421170486845,853.2567749023438,860.0421170486845,174600
2008-10-29,885.4871215820312,885.4871215820312,853.2567474248309,853.2567474248309,174600
2008-10-30,893.9689331054688,893.9689331054689,862.4170884076287,862.4170884076287,174600
2008-10-31,892.2724609375,895.6651318916349,892.2724609375,895.6651318916349,174600
2008-11-04,877.005859375,893.2906877115571,877.005859375,893.2906877115571,87600
2008-11-05,882.0947265625,882.0947265625,876.6664513221154,876.6664513221154,87600
2008-11-06,914.324951171875,918.0568897480867,914.324951171875,918.0568897480867,87600
2008-11-07,910.93212890625,924.5028123908869,910.93212890625,924.5028123908869,87600
2008-11-10,949.9481201171875,949.9481201171875,946.21618107387,946.21618107387,87600
2008-11-11,932.9844360351562,946.5551187411221,932.9844360351562,946.5551187411221,87600
2008-11-12,927.8956298828125,929.5919655864374,927.8956298828125,929.5919655864374,87600
2008-11-13,932.9844360351562,932.9844360351562,919.7530203968395,919.7530203968395,87600
2008-11-14,931.288330078125,933.663200136612,931.2883300781249,933.663200136612,87600
2008-11-17,934.6809692382812,934.6809692382812,931.288297843587,931.288297843587,87600
2008-11-18,943.1626586914062,943.1626586914062,935.6987815362944,935.6987815362944,87600
2008-11-19,949.9481201171875,949.9481201171875,943.841310773577,943.841310773577,87600
2008-11-20,927.8956298828125,949.947994029936,927.8956298828125,949.947994029936,87600
2008-11-21,927.8956298828125,928.5741641642625,927.8956298828125,928.5741641642625,87600
2008-11-25,934.6809692382812,934.6809692382812,929.5919621462399,929.5919621462399,45000
2008-11-26,912.6285400390625,924.8421561882841,912.6285400390625,924.8421561882841,45000
2008-11-27,910.93212890625,911.2713959933659,910.93212890625,911.2713959933659,45000
2008-11-28,897.361572265625,911.610791938652,897.361572265625,911.610791938652,45000
2008-12-01,851.5607299804688,898.0403395451398,851.5607299804688,898.0403395451398,45000
2008-12-02,829.5082397460938,851.8998732116326,829.5082397460938,851.8998732116326,45000
2008-12-03,860.0424194335938,860.0424194335936,836.9722480247241,836.9722480247241,45000
2008-12-04,846.471435546875,854.2745790408943,846.471435546875,854.2745790408943,45000
2008-12-05,868.5238037109375,868.5238037109375,847.1499757289886,847.1499757289886,45000
2008-12-08,880.3983154296875,880.3983154296875,875.9878421731996,875.9878421731996,45000
2008-12-09,853.2567749023438,872.5950000194148,853.2567749023438,872.5950000194148,45000
2008-12-10,865.1314086914062,865.1314086914062,853.9355904612821,853.9355904612821,45000
2008-12-11,844.775146484375,844.775146484375,840.0254067049448,840.0254067049448,45000
2008-12-12,836.2937622070312,844.7754433653175,836.2937622070312,844.7754433653175,45000
2008-12-15,854.9532470703125,870.8988036624969,854.9532470703125,870.8988036624969,45000
2008-12-16,849.8643188476562,849.8643188476562,843.4182421777539,843.4182421777539,69200
2008-12-17,858.345947265625,858.3459472656249,850.5428022904829,850.5428022904829,52000
2008-12-18,856.6494140625,867.5059610922029,856.6494140625,867.5059610922029,75400
2008-12-19,849.8643188476562,857.328197097017,849.8643188476562,857.328197097017,51600
2008-12-22,856.6494140625,862.7562217667079,856.6494140625,862.7562217667079,43600
2008-12-24,839.68603515625,857.3279235716541,839.68603515625,857.3279235716541,40000
2008-12-25,851.5607299804688,852.0717015379157,851.5607299804688,852.0717015379157,158200
2008-12-26,854.9532470703125,854.9532470703125,848.1679038395957,849.864239647275,175400
2008-12-29,868.5238037109375,868.5238037109375,860.0421259403229,860.0421259403229,189600
2008-12-30,868.5238037109375,873.6128103733062,849.8641126155853,861.7384614944458,33800
2009-01-05,858.345947265625,873.6129700430768,856.6496114014636,870.2202983147541,15600
2009-01-06,854.9532470703125,858.3459186856709,854.9532470703125,858.3459186856709,56200
2009-01-07,844.775146484375,851.5604890264182,844.775146484375,851.5604890264182,93600
2009-01-08,844.775146484375,851.221221899316,844.775146484375,851.221221899316,43800
2009-01-09,837.9899291992188,844.7752727554878,837.9899291992188,844.7752727554878,41400
2009-01-13,821.0265502929688,841.3825804655218,821.0265502929689,841.3825804655218,409000
2009-01-14,832.9007568359375,832.9007568359375,821.026407960476,821.026407960476,437200
2009-01-15,822.7228393554688,826.7940451584649,822.7228393554688,826.7940451584649,358400
2009-01-16,848.1680297851562,848.1680297851562,834.9366085205078,834.9366085205078,456400
2009-01-19,822.7228393554688,841.382532619201,822.7228393554688,841.382532619201,301800
2009-01-20,812.5447998046875,819.6694097403445,812.5447998046875,819.6694097403445,144800
2009-01-21,812.5447998046875,818.9908754607582,812.5447998046875,818.9908754607582,244400
2009-01-22,797.2776489257812,812.8839348196476,797.2776489257812,812.8839348196476,294200
2009-01-23,788.7962646484375,797.9564793346775,788.7962646484376,797.9564793346775,138200
2009-01-26,807.4556274414062,807.4556274414062,789.1352056423156,789.1352056423156,67600
2009-01-27,797.2776489257812,799.6525185183261,797.2776489257812,799.6525185183261,245200
2009-01-28,775.2254638671875,797.6170965215571,775.2254638671875,797.6170965215571,288000
2009-01-29,765.0474853515625,794.5637297974987,765.0474853515625,794.5637297974987,330000
2009-01-30,765.0474853515625,765.3867525291021,765.0474853515625,765.3867525291021,215600
2009-02-02,766.7437744140625,766.7437744140624,765.0474386299605,765.0474386299605,252200
2009-02-03,727.7281494140625,746.7271127554087,727.7281494140625,746.7271127554087,393400
2009-02-04,737.9061279296875,737.9061279296875,726.7103108162715,726.7103108162715,278000
2009-02-05,656.142578125,657.1603794354317,656.142578125,657.1603794354317,1061800
2009-02-06,636.1257934570312,656.4818188476562,636.1257934570312,656.4818188476562,553800
2009-02-09,603.8956909179688,620.1805185382285,603.8956909179688,620.1805185382285,522200
2009-02-10,614.0735473632812,614.0735473632812,566.5761459097678,581.1646334990612,693800
2009-02-12,583.5393676757812,583.5393676757812,579.46816278502,579.46816278502,452200
2009-02-13,594.7353515625,596.4316874197805,594.7353515625,596.4316874197805,310000
2009-02-16,602.1991577148438,602.1991577148438,590.6640752572073,590.6640752572073,347600
2009-02-17,588.9677734375,600.163589407222,588.9677734375,600.163589407222,187800
2009-02-18,586.2537231445312,586.2537231445312,579.4683791266547,579.4683791266547,182400
2009-02-19,584.557373046875,584.557373046875,584.557373046875,584.557373046875,81000
2009-02-20,574.3792724609375,583.5394853117616,574.3792724609375,583.5394853117616,127600
2009-02-23,561.4871215820312,575.7363415859256,561.4871215820312,575.7363415859256,190000
2009-02-24,566.9154052734375,566.9154052734375,560.46932945046,560.46932945046,93400
2009-02-25,566.2369384765625,566.2369384765625,561.8264650192855,561.8264650192855,85400
2009-02-26,560.1301879882812,566.57626525768,560.1301879882812,566.57626525768,138600
2009-02-27,564.8797607421875,564.8797607421875,560.1300210122232,560.1300210122232,98200
2009-03-02,564.2012939453125,564.879828273569,564.2012939453125,564.879828273569,99200
2009-03-03,556.7373046875,556.7373046875,554.0231679187614,554.0231679187614,64000
2009-03-04,563.862060546875,563.862060546875,553.6840450135379,553.6840450135379,138000
2009-03-05,569.290283203125,575.0578248088777,569.290283203125,575.0578248088777,169000
2009-03-06,550.6307983398438,554.3627384394977,550.6307983398438,554.3627384394977,188600
2009-03-09,545.202392578125,550.9699350011668,545.202392578125,550.9699350011668,130600
2009-03-10,533.3278198242188,535.36342218996,533.3278198242188,535.36342218996,138200
2009-03-11,528.5780639648438,528.5780639648438,528.2387969148022,528.2387969148022,213600
2009-03-12,520.435791015625,521.4535924322136,520.435791015625,521.4535924322136,100800
2009-03-13,515.6861572265625,520.4358981483861,515.6861572265625,520.4358981483861,212400
2009-03-16,539.434814453125,539.434814453125,534.6850739485062,534.6850739485062,129600
2009-03-17,525.185546875,537.0598970950421,525.185546875,537.0598970950421,235400
2009-03-18,522.4714965820312,532.6495127492137,522.4714965820312,532.6495127492137,139400
2009-03-19,534.345703125,534.345703125,522.4713541666666,522.4713541666666,171800
2009-03-23,544.5237426757812,544.5237426757812,539.4347357348861,539.4347357348861,127400
2009-03-24,560.1301879882812,560.1301879882812,559.4516535388708,559.4516535388708,168600
2009-03-25,556.058837890625,556.058837890625,549.6127622835952,549.6127622835952,355400
2009-03-26,547.12890625,547.8158226420277,547.12890625,547.8158226420277,242200
2009-03-27,556.745849609375,559.1500574732032,556.745849609375,559.1500574732032,187600
2009-03-30,566.3624267578125,572.2012146625323,566.3624267578125,572.2012146625323,243200
2009-03-31,560.180419921875,567.0495850956564,560.180419921875,567.0495850956564,231600
2009-04-01,568.0799560546875,568.0799560546875,564.9888317472556,564.9888317472556,135400
2009-04-02,568.766845703125,568.766845703125,568.4233874629662,568.4233874629662,123000
2009-04-03,567.3928833007812,568.7667159479987,567.3928833007812,568.7667159479987,199400
2009-04-06,573.918701171875,579.4140328407858,573.918701171875,579.4140328407858,129200
2009-04-07,568.0799560546875,573.5752881567885,568.0799560546875,573.5752881567885,124000
2009-04-08,570.1407470703125,570.1407470703125,565.6757894125329,565.6757894125329,58200
2009-04-09,570.82763671875,570.82763671875,570.82763671875,570.82763671875,107400
2009-04-10,571.1710815429688,572.2014563142429,571.1710815429688,572.2014563142429,121000
2009-04-13,582.5051879882812,591.7785606744155,582.5051879882812,591.7785606744155,233800
2009-04-14,603.4561767578125,603.4561767578125,602.4258019540143,602.4258019540143,314200
2009-04-15,672.147705078125,672.147705078125,654.9747948819542,654.9747948819542,576600
2009-04-16,643.6406860351562,672.1477174870869,643.6406860351562,672.1477174870869,341600
2009-04-17,635.397705078125,644.3276187711149,635.397705078125,644.3276187711149,227400
2009-04-20,640.5496826171875,645.3580984652522,637.1150998685698,642.2669739914963,97600
2009-04-21,623.3767700195312,635.3978096617811,623.3767700195312,635.3978096617811,163200
2009-04-22,634.02392578125,634.02392578125,619.5986793658586,619.5986793658586,165600
2009-04-23,645.0145263671875,645.0145263671875,638.8322785106329,638.8322785106329,149400
2009-04-24,638.832275390625,650.1663964056199,638.832275390625,650.1663964056199,144400
2009-04-27,652.5704956054688,652.5704956054688,639.5190856933593,639.5190856933593,174200
2009-04-28,612.0426025390625,622.6898083071383,612.0426025390625,622.6898083071383,203000
2009-04-30,608.9513549804688,615.4770604201917,608.9513549804688,615.4770604201917,201600
2009-05-01,623.7200927734375,623.7200927734375,619.9420525639068,619.9420525639068,156600
2009-05-07,627.841552734375,627.841552734375,627.841552734375,627.841552734375,92600
2009-05-08,631.2762451171875,631.2762451171875,627.8416627172028,627.8416627172028,84400
2009-05-11,644.6710815429688,644.6710815429688,631.6196691302715,631.6196691302715,192000
2009-05-12,648.7925415039062,648.7925415039062,644.6710430930821,644.6710430930821,66600
2009-05-13,665.6220703125,665.6220703125,649.4795330035797,649.4795330035797,159800
2009-05-14,678.6734619140625,678.6734619140625,669.7435479415091,669.7435479415091,171200
2009-05-15,707.5238647460938,707.5238647460938,689.3205808472865,689.3205808472865,293600
2009-05-18,731.5659790039062,731.5659790039062,727.4444805306448,727.4444805306448,210600
2009-05-19,740.1524047851562,740.1524047851562,738.4351138227778,738.4351138227778,162000
2009-05-20,745.3043212890625,745.3043212890625,740.495906313004,740.495906313004,103800
2009-05-21,735.0006713867188,746.3347938894111,735.0006713867188,746.3347938894111,230200
2009-05-22,735.0006713867188,736.3745044173481,735.0006713867188,736.3745044173481,60000
2009-05-25,741.869873046875,741.869873046875,741.869873046875,741.869873046875,103200
2009-05-26,747.0216674804688,747.0216674804688,744.2740015770923,744.2740015770923,70600
2009-05-27,753.8907470703125,757.668787260642,753.8907470703125,757.668787260642,156600
2009-05-28,740.1524047851562,754.2341906766604,740.1524047851562,754.2341906766604,89800
2009-05-29,741.869873046875,741.869873046875,740.4960399486401,740.4960399486401,143400
2009-06-01,741.869873046875,741.869873046875,739.8091233995226,739.8091233995226,89800
2009-06-02,755.6080322265625,755.6080322265624,742.2131625643643,742.2131625643643,105200
2009-06-03,759.0426635742188,759.3861217930306,759.0426635742188,759.3861217930306,113400
2009-06-04,755.6080322265625,759.0426141912286,755.6080322265624,759.0426141912286,48600
2009-06-05,755.6080322265625,755.6080322265624,752.1734502618963,752.1734502618963,107400
2009-06-08,755.6080322265625,760.7599051735617,755.6080322265624,760.7599051735617,172400
2009-06-09,757.3253173828125,757.3253173828126,755.6080264136905,755.6080264136905,82200
2009-06-10,753.8907470703125,760.416452853609,753.8907470703125,760.416452853609,135600
2009-06-11,748.739013671875,752.1735963033974,743.5871397245916,748.7390136718751,102600
2009-06-12,731.5659790039062,736.7178520954831,729.8486879733806,733.2832700344318,256000
2009-06-15,743.5869140625,743.5869140625,736.7177508840936,738.4350416786951,140200
2009-06-16,722.9796752929688,729.8488408539471,719.5450925124795,726.4142580734579,281800
2009-06-17,733.2833251953125,735.0006163550205,721.2622870773565,722.9795782370645,133200
2009-06-18,726.4140625,726.4140625,719.544898788416,724.696771572104,266000
2009-06-19,716.1102905273438,724.6967448502137,716.1102905273438,722.9794539856397,206600
2009-06-22,728.13134765625,731.5659294848172,722.9794749133991,722.9794749133991,141600
2009-06-23,736.7179565429688,740.1525390909546,733.2833739949829,738.4352478169617,114200
2009-06-24,740.1524047851562,743.5869867099134,729.848659010885,731.5659499732635,117800
2009-06-25,745.3043212890625,750.4561944776965,735.0005749117943,743.5870302261844,106600
2009-06-26,747.0216674804688,750.4562498596893,735.0006291531969,745.3043762908585,89600
2009-06-29,733.2833251953125,750.4562367923924,733.2833251953125,740.1524898341445,64200
2009-06-30,750.4561767578125,750.4561767578125,733.2832665345217,733.2832665345217,67800
2009-07-01,747.0216674804688,752.1735410492996,745.3043762908585,747.0216674804688,101000
2009-07-02,745.3043212890625,750.4561944776965,741.8697391633065,747.0216123519405,88800
2009-07-03,740.1524047851562,743.5869867099134,738.4351138227778,738.4351138227778,34200
2009-07-06,740.1524047851562,745.304277672292,729.848659010885,740.1524047851562,54200
2009-07-07,760.760009765625,760.760009765625,740.1525151444342,745.3043887997319,104800
2009-07-08,764.1946411132812,764.1946411132812,747.0217278298367,755.608184471559,118000
2009-07-09,777.9328002929688,781.367382192717,760.7598907942277,764.194472693976,132000
2009-07-10,805.4093017578125,812.278464246152,781.367233048624,788.2363955369635,189000
2009-07-13,789.953857421875,810.5613493546196,774.4982384723165,807.1267673658288,63400
2009-07-14,808.84423828125,810.5615296576433,786.5194503881369,791.6713245173169,112600
2009-07-15,817.430419921875,827.7341647108062,800.2575119403231,807.1266751329438,221200
2009-07-16,850.0588989257812,853.4934803355824,832.8859918767755,834.6032825816761,169400
2009-07-17,843.1898193359375,850.0589828335826,826.0169105918247,850.0589828335826,100400
2009-07-21,853.4937744140625,855.2110657106703,841.4727353378081,841.4727353378081,52200
2009-07-22,855.2108764648438,858.6454582980359,851.7762946316516,853.4935855482477,80400
2009-07-23,870.6668090820312,874.1013921553331,856.9284767888237,856.9284767888237,147400
2009-07-24,882.6878051757812,887.8396795250561,875.8186393767479,875.8186393767479,139000
2009-07-27,884.405029296875,896.4260685300363,868.9494074256675,891.2741945729672,177200
2009-07-28,911.8815307617188,925.619858908788,896.4259115962659,898.1432026146496,293600
2009-07-29,922.1851806640625,927.337053181739,910.1641447894845,915.3160173071608,182400
2009-07-30,917.0333251953125,934.2062339068352,908.4468708395511,929.0543612933784,226200
2009-07-31,906.7294311523438,927.3369182239879,906.7294311523438,927.3369182239879,163200
2009-08-03,910.164306640625,918.7507623636499,899.8605597729953,917.0334712190449,241400
2009-08-04,908.4468994140625,915.3160631147359,903.2950266385575,915.3160631147359,108600
2009-08-05,915.3160400390625,929.0543670940579,911.8814582753137,911.8814582753137,114600
2009-08-06,905.012451171875,922.1853629588176,899.8605776357922,911.881615886652,109600
2009-08-07,906.7294311523438,918.7504652774695,892.9911064379143,910.1640123309511,272800
2009-08-10,884.405029296875,908.4471077631978,879.2531553398057,894.7087772110133,128800
2009-08-11,889.5569458007812,896.4261114054206,879.2531973938225,879.2531973938225,126800
2009-08-12,863.79736328125,875.818400145999,862.0800723005716,874.1011091653206,139800
2009-08-13,838.0380249023438,858.6455173179751,831.1688607637999,858.6455173179751,269400
2009-08-14,824.2998046875,838.038134765625,819.1479309082032,829.4516784667969,253600
2009-08-17,846.624755859375,850.0593390474455,831.1691315130578,846.624755859375,269400
2009-08-18,872.3838500976562,877.5357232281542,839.7553202711691,839.7553202711691,326600
2009-08-19,901.57763671875,901.5776367187501,889.5566015625001,891.2738922991072,212000
2009-08-20,915.3160400390625,922.1852035665602,884.4048041653231,905.012294747816,195600
2009-08-21,898.1430053710938,917.033202424788,887.8392615236243,910.1640398598082,102400
2009-08-24,901.57763671875,918.7505440848215,894.7084737723214,906.7295089285715,74200
2009-08-25,911.8815307617188,915.3161127984861,879.2530014124294,879.2530014124294,86800
2009-08-26,911.8815307617188,917.0334038168697,908.4469487249515,913.5988217801024,113200
2009-08-27,908.4468994140625,917.0333540399043,903.2950266385575,911.8814812643992,133400
2009-08-28,930.771728515625,930.771728515625,906.7296543473246,906.7296543473246,141800
2009-08-31,929.0543212890625,944.5099384639268,922.185158100234,927.3370304918554,137600
2009-09-02,913.5988159179688,918.7506889400627,908.446942895875,910.1642339032396,90600
2009-09-03,903.294921875,911.8813755049905,903.294921875,908.4467940529943,103600
2009-09-04,903.294921875,906.7295033269961,894.7084682450095,894.7084682450095,55800
2009-09-07,891.274169921875,903.2952088225554,889.5568786503492,892.9914611934008,37200
2009-09-08,892.9915161132812,906.7298471304086,886.1223506047176,891.2742247361402,70400
2009-09-09,877.5359497070312,891.2742816006835,874.1013667336183,884.4051156538574,79400
2009-09-10,894.7086791992188,908.4470082464236,891.2740969374174,892.9913880683181,103400
2009-09-11,870.6668090820312,894.7088905951446,868.9495175453803,891.2743075218426,136800
2009-09-14,896.42578125,896.4257812500001,860.3626751077587,872.3837104885058,101200
2009-09-15,867.23193359375,898.143170830755,865.5146426361387,898.143170830755,155800
2009-09-16,843.1898193359375,875.8183459497518,843.1898193359375,874.1010550753405,132000
2009-09-17,846.624755859375,872.3841297699037,841.4728810772693,865.5149633937627,180600
2009-09-18,832.88623046875,851.7764336340206,813.9960273034793,848.341851240335,283600
2009-09-21,832.88623046875,832.88623046875,832.88623046875,832.88623046875,0
2009-09-24,860.3629760742188,872.384015660086,850.059227857761,858.645684704809,250000
2009-09-25,862.1009521484375,872.5295926986201,860.3628453900736,865.577165665165,111200
2009-09-28,882.9580078125,884.6961141270915,849.9339878352608,855.1483067790355,131000
2009-09-29,865.5770263671875,874.2675587604323,858.6246004525916,869.0532393244854,108400
2009-09-30,893.3870239257812,900.3394521275383,865.5773111187531,865.5773111187531,166200
2009-10-01,879.482177734375,895.1251413699666,874.2678565225111,895.1251413699666,70400
2009-10-02,816.9102783203125,876.005915475399,803.0054225191158,865.5772736245013,359400
2009-10-05,860.3628540039062,860.3628540039062,829.0769320401279,830.8150388158933,194800
2009-10-06,834.291259765625,855.1485412597656,832.5531529744466,855.1485412597656,99400
2009-10-07,830.815185546875,837.7676138778112,825.6008642986728,832.553292629609,107400
2009-10-08,815.1719970703125,834.2911697094883,815.1719970703125,829.076849898804,106200
2009-10-09,790.8384399414062,813.4338239397322,775.1954817887191,811.6957174783225,268000
2009-10-13,792.5767211914062,806.4815759491503,790.8386143466882,799.5291485702783,145400
2009-10-14,799.5291137695312,803.0053273076596,796.0529002314028,797.791007000467,95400
2009-10-15,797.7908935546875,804.74331964231,794.3146805108762,799.5290000765931,82000
2009-10-16,790.8384399414062,797.790865787045,787.362227018587,797.790865787045,46000
2009-10-19,787.3623046875,796.0528378518212,785.6241980546357,792.5766245860926,59400
2009-10-20,778.6719360351562,790.8386850357056,775.1957220349993,785.6243640354701,122400
2009-10-21,803.005126953125,803.005126953125,776.9335319221793,776.9335319221793,88600
2009-10-22,799.5291137695312,803.0053273076596,785.6242596170176,803.0053273076596,87000
2009-10-23,789.1004638671875,803.0053178560366,785.6242503699752,803.0053178560366,74000
2009-10-26,820.3863525390625,823.862565897279,789.1004323151153,789.1004323151153,180400
2009-10-27,799.5291137695312,813.4339679220448,792.5766866932744,809.9577543839164,119400
2009-10-28,804.7435913085938,809.9579126345673,792.5768415479886,792.5768415479886,62800
2009-10-29,797.7908935546875,803.0052131204044,789.1003609451593,796.0527870327818,124000
2009-10-30,822.1244506835938,822.1244506835938,804.743384072947,816.9101307003997,94600
2009-11-02,836.029296875,836.029296875,808.2195905340437,815.1720171192827,128800
2009-11-04,806.481689453125,825.6008674358499,806.4816894531249,825.6008674358499,86000
2009-11-05,813.4341430664062,832.5533216427534,792.5768573467549,815.1722502097106,208600
2009-11-06,818.6483154296875,830.8150632173899,806.4815676419852,827.3388495637606,171400
2009-11-09,804.7435913085938,830.8151979384618,797.7911628739622,830.8151979384618,169600
2009-11-10,808.219482421875,822.1243337323588,803.0051631804434,818.6481209047379,79400
2009-11-11,825.6007080078125,830.8150282689145,799.5291067023026,825.6007080078125,111600
2009-11-12,803.005126953125,825.6005093132778,803.005126953125,823.8624029778814,114200
2009-11-13,785.6241455078125,804.7433171905247,782.1479324745922,797.7908911240839,197000
2009-11-16,764.7669677734375,787.3623554576527,763.0288610284979,787.3623554576527,156800
2009-11-17,782.1481323242188,792.5767740885416,768.2432766384549,771.7194905598958,118000
2009-11-18,782.1481323242188,790.8386671278212,773.4575975206163,785.6243462456597,162200
2009-11-19,797.7908935546875,799.5290000765931,775.1955087699141,792.5765739889705,132800
2009-11-20,797.7908935546875,799.5290000765931,783.8860413794423,794.3146805108762,81800
2009-11-24,771.71923828125,796.0527277766048,768.2430254961994,790.8384085990288,113200
2009-11-25,782.1481323242188,789.1005601671006,766.5051696777343,776.9338114420573,74800
2009-11-26,787.3623046875,803.0052643832781,776.9336648903145,799.5290511175497,176000
2009-11-27,783.8861083984375,796.052855091983,764.7669350228658,796.052855091983,115200
2009-11-30,806.481689453125,811.6960107211409,789.1006185597387,790.8387256490772,83200
2009-12-01,830.815185546875,830.815185546875,806.4816863885983,813.4341147195345,99800
2009-12-02,841.2437744140625,844.7199883579223,822.1245977228338,829.0770256105533,85600
2009-12-03,862.1009521484375,867.3152724235288,846.4579913231634,851.6723115982547,192600
2009-12-04,865.5770263671875,896.862942982869,862.1008134098895,896.862942982869,111600
2009-12-07,848.1959228515625,870.7913060422804,841.2434972544186,869.0531996429944,123000
2009-12-08,849.934326171875,858.6248612043073,846.4581121589022,848.1962191653886,79600
2009-12-09,872.5296020507812,876.0058156047685,858.6247478348325,863.8390681658133,67200
2009-12-10,862.1009521484375,879.4820197320753,858.6247386317099,879.4820197320753,62600
2009-12-11,874.2677612304688,895.1250438045555,858.6247992999038,889.9107231610338,181400
2009-12-14,886.4345092773438,886.4345092773438,876.005867991728,882.9582955154718,105200
2009-12-15,862.1009521484375,900.3393008324407,855.1485251149824,900.3393008324407,137800
2009-12-16,895.1253051757812,900.3396273418538,886.4347682323271,900.3396273418538,103400
2009-12-17,903.815673828125,912.5062091533954,896.8632455679086,903.8156738281249,124600
2009-12-18,921.1966552734375,922.9347621701799,903.8155863060142,907.2918000994988,86600
2009-12-21,909.0299072265625,917.7204417124761,905.5536934321971,917.7204417124761,104400
2009-12-22,907.2915649414062,914.2439907263978,900.3391391564146,910.767777833902,88000
2009-12-24,910.7679443359375,921.1965849199368,907.2917308079377,909.0298375719376,65800
2009-12-25,917.7203369140625,919.4584436127633,909.0298034205581,912.5060168179598,41000
2009-12-28,931.6253051757812,935.1015190010639,917.7204498746502,919.4585567872915,85400
2009-12-29,926.410888671875,931.6252088707787,921.1965684729714,931.6252088707787,56200
2009-12-30,915.9821166992188,924.6726491157198,907.2915842827175,912.5059037326182,31800
2010-01-04,913.8963623046875,918.0678177431265,907.6391791470289,910.7677707258581,69400
2010-01-05,938.5775756835938,951.091943359375,924.6727227105035,931.6251491970486,225600
2010-01-06,920.8486938476562,943.7916964123771,915.9819963339277,938.5773776476677,78400
2010-01-07,954.220703125,955.9588100523679,920.8490501195355,920.8490501195355,161200
2010-01-08,938.5775756835938,957.6967485215929,937.534711710612,955.9586418999567,110000
2010-01-12,973.3396606445312,987.2445129394531,947.9633052062987,955.9585952758789,163400
2010-01-13,947.2681884765625,976.1207608228211,944.1395962944381,956.3063436693664,150800
2010-01-14,935.1013793945312,945.5300193134294,925.367982136893,942.40142733776,115200
2010-01-15,942.0538330078125,945.5300464137454,929.5394647464541,929.5394647464541,133200
2010-01-18,949.0065307617188,956.3065809983474,947.6160450023609,955.6113381186684,99400
2010-01-19,948.6587524414062,954.9159373237607,948.6587524414062,954.2206945590547,44600
2010-01-20,931.6253051757812,950.3968598323081,928.1490913504985,949.006374302195,64800
2010-01-21,925.367919921875,928.1488903799423,911.8106889387972,921.5440855420326,105000
2010-01-22,904.8583374023438,922.9346468702354,898.9487746916868,921.5441615265513,203400
2010-01-25,910.4203491210938,914.591805474455,887.4773391776068,887.4773391776068,158400
2010-01-26,924.6724853515625,928.8439401726974,919.458166825144,927.8010764674136,98200
2010-01-27,914.244140625,938.5776348621673,911.463169855038,933.3633146684886,118000
2010-01-28,887.8248291015625,909.0297290918504,886.4343438562977,905.9011372900046,157600
2010-01-29,872.5296020507812,900.3393104826787,872.5296020507812,896.5154755732927,190600
2010-02-01,910.7679443359375,932.320468209536,893.7344980487386,903.8155172799379,378200
2010-02-02,914.244140625,920.1537035111692,910.4203058163023,917.3727327412072,198000
2010-02-03,913.2012329101562,923.6298727987381,911.1155049324399,914.2440968990144,134000
2010-02-04,913.8963623046875,926.7583499065412,912.1582558720045,914.5916048777606,220000
2010-02-05,891.9962768554688,902.7725374098411,890.9534129308521,897.2105964785521,107600
2010-02-08,884.6961669921875,900.6867460419481,875.3103923325455,892.3438352333774,89600
2010-02-09,878.7869262695312,881.2202761444864,871.8344980553736,872.5297408767893,69600
2010-02-10,875.658203125,882.6106303034439,873.5724749714669,879.8296594320664,71200
2010-02-12,898.6011352539062,898.6011352539062,884.6962820971727,886.4343887417643,123000
2010-02-15,889.5631103515625,913.5489855427536,884.6964110374079,912.5061214040061,54000
2010-02-16,874.6152954101562,907.2917015184848,874.2676740685783,903.4678667611272,75600
2010-02-17,884.3486938476562,886.4344218991838,879.4819950607588,883.3058298218925,92400
2010-02-18,881.5676879882812,885.3915225970632,876.3533680672149,882.9581733005656,55200
2010-02-19,862.1009521484375,885.739204062185,861.7533307967647,885.739204062185,202000
2010-02-22,876.3533325195312,882.95813748497,873.9199833217381,877.3961964614426,126600
2010-02-23,877.7440795898438,882.9584008547339,872.8773797426129,882.9584008547339,46600
2010-02-24,865.5770263671875,876.0056652390813,864.1865411842683,876.0056652390813,62800
2010-02-25,860.0152587890625,867.6629288348828,855.1485596689951,867.3153074691637,77000
2010-02-26,865.5770263671875,875.3104226476217,859.667464339781,875.3104226476217,29600
2010-03-01,860.7103271484375,869.4008595307926,858.6245993766723,865.9246465778506,53600
2010-03-02,869.0533447265625,869.0533447265625,858.9723259277343,861.0580539550781,40400
2010-03-03,869.0533447265625,871.8343154296875,863.1437819824218,869.0533447265625,73800
2010-03-04,864.8817138671875,869.4007903463971,862.1007437261355,869.4007903463971,76200
2010-03-05,876.7010498046875,877.3962925087357,869.0533800601581,875.6581857486153,65200
2010-03-08,874.6152954101562,884.0010716327613,872.8771887022665,883.3058289496054,135200
2010-03-09,864.5344848632812,874.9631276239963,863.8392420125668,874.9631276239963,142000
2010-03-10,863.1438598632812,867.6629376636125,863.1438598632812,867.6629376636125,56200
2010-03-11,866.6201782226562,871.1392565687833,863.143964110251,868.7059066900995,40800
2010-03-12,869.7487182617188,870.0963396519113,865.2296401892158,866.620125749986,102400
2010-03-15,866.6201782226562,873.572606447467,865.5773139889347,869.7487709238211,77400
2010-03-16,863.1438598632812,869.0534231406376,863.1438598632812,868.7058017713813,133400
2010-03-17,880.1771240234375,881.9152305084759,866.2722721431304,866.2722721431304,124000
2010-03-18,873.9201049804688,879.482046778276,869.0534059073873,879.482046778276,96800
2010-03-19,883.305908203125,885.0440150669643,869.7486746651786,876.3534807477679,74800
2010-03-23,886.7821044921875,889.9106967855743,877.743948977959,883.3058908328688,78600
2010-03-24,896.8630981445312,903.8155252619307,887.4773215360419,903.8155252619307,171400
2010-03-25,890.9535522460938,895.1250085968362,886.4344745327893,893.7345231465887,132000
2010-03-26,901.3822631835938,901.3822631835939,889.91075732742,893.0393498336492,145400
2010-03-29,897.8652954101562,901.7338885356995,879.5774006348613,883.7976840445448,156800
2010-03-30,900.3272705078125,900.6789608478546,889.4248699665069,893.6451540470123,124200
2010-03-31,896.8102416992188,901.030525189568,891.8865776271447,896.8102416992189,136800
2010-04-01,895.7548217773438,896.8098922388011,889.7760891624184,896.8098922388011,93400
2010-04-02,910.8778076171875,914.0430200760889,906.3058340654409,911.2294978903986,232800
2010-04-05,920.3733520507812,920.3733520507812,910.8777156329857,914.394618009947,149400
2010-04-06,919.6701049804688,921.4285564240262,912.9879894949511,920.7251758466032,167000
2010-04-07,918.9667358398438,921.4285678914621,914.0430717366069,917.208284374402,136800
2010-04-08,915.4497680664062,918.9666707481828,915.0980777982286,915.0980777982286,81000
2010-04-09,914.0429077148438,915.0979784047802,906.3057226553107,910.8776956450348,139200
2010-04-12,908.767822265625,915.4499386058135,903.8441575939072,914.3948676047311,94600
2010-04-13,904.5473022460938,907.7125144234711,896.4584266816846,907.7125144234711,146800
2010-04-14,912.2843017578125,914.7461329499115,905.2504983518155,913.339372268712,68800
2010-04-15,928.8140258789062,936.902902287545,909.4710605539007,912.2845827829924,213600
2010-04-16,904.1956787109375,919.6700504975113,891.534829067377,914.7463867472378,155400
2010-04-19,889.7763671875,902.0855264173665,886.2594645503953,891.5348185060524,136000
2010-04-20,902.0855712890625,908.4159963507401,891.8865531341373,891.8865531341373,104400
2010-04-21,907.0093383789062,911.9330028757284,892.5900352096409,902.0856738820839,147800
2010-04-22,895.7548217773438,906.657216545737,891.5345399315141,906.657216545737,69400
2010-04-23,902.0855712890625,909.1193769131487,893.2933142589546,894.3483851025676,102600
2010-04-26,893.9967651367188,901.7339519317652,893.9967651367189,900.3271906963022,95000
2010-04-27,892.2381591796875,894.3483006676962,889.7763274436774,893.9966104196948,41000
2010-04-28,870.4334716796875,889.4247474254261,868.6750202217487,886.2595348011363,158400
2010-04-30,879.225830078125,882.039352734375,875.7089267578125,880.2809010742187,116800
2010-05-06,873.5986938476562,879.9291191653929,863.3996752801916,875.708835620235,127800
2010-05-07,855.6624145507812,865.5097419685461,847.5735384576172,863.3996003790251,115600
2010-05-10,856.0139770507812,856.7173574756381,844.7598902530717,852.8487651389254,62000
2010-05-11,858.8275756835938,866.2130708061799,858.8275756835938,861.9927878789878,35200
2010-05-12,858.1242065429688,867.6198432547147,858.1242065429688,866.2130822603821,24800
2010-05-13,854.959228515625,866.9167002431162,852.8490864460676,862.6964161040016,60400
2010-05-14,838.7814331054688,851.4422849259286,833.5060781802771,845.1118590156987,162200
2010-05-17,859.8826904296875,864.1029735729007,852.14550466713,861.6411417393597,247600
2010-05-18,849.6839599609375,875.709048138549,849.6839599609374,874.6539769962134,255600
2010-05-19,883.0941772460938,883.7975577138325,845.4633222220666,852.8488171333242,346000
2010-05-20,881.3358154296875,883.0942667773126,865.1580630315368,876.0604613868123,201200
2010-05-21,876.412109375,880.9840826582564,861.9928090201144,863.7512602829053,187600
2010-05-24,869.3782348632812,875.3569686790886,861.9927401496369,871.4883762100368,151600
2010-05-25,871.4883422851562,876.7636954466886,852.8487611144083,854.2555219574837,99000
2010-05-26,829.9891357421875,865.1581669177039,829.9891357421875,861.2895734883971,212400
2010-05-27,832.450927734375,838.429662745564,816.9765547642387,837.0229015664606,165000
2010-05-28,860.2342529296875,879.2255242535645,854.6072095744646,879.2255242535645,308000
2010-05-31,851.0905151367188,853.9040375008071,838.7813547938323,844.408399522009,164000
2010-06-01,878.5225219726562,880.9843545002017,847.2220798367209,851.0906738085781,194000
2010-06-02,874.3018188476562,879.2254815443043,870.0815365362436,876.4119600033625,105400
2010-06-03,872.895263671875,879.2256886300111,869.3783609173549,876.060476150943,72400
2010-06-04,860.2342529296875,870.0815788013274,854.9588997841661,868.6748179625217,81600
2010-06-07,847.9251098632812,856.7173652538171,845.8149685695527,850.3869413726313,60200
2010-06-08,843.001708984375,850.0355154840361,834.5611411847818,837.7263541096293,82600
2010-06-09,854.6072387695312,859.882592095269,841.2430103443287,841.2430103443287,126200
2010-06-10,851.0905151367188,859.8827725244947,844.0567092264979,850.3871345456967,58000
2010-06-11,855.6624145507812,867.268193293147,847.9252287225374,856.7174853455417,151400
2010-06-14,872.543701171875,873.9504624796895,860.5862300554528,868.323417248432,84800
2010-06-15,854.959228515625,871.8403650720833,852.4973961011415,871.8403650720833,72800
2010-06-16,851.7937622070312,858.4758767743035,847.2217890820555,854.6072841300933,91800
2010-06-17,863.7514038085938,865.5098553635787,850.7388623017054,851.7939332346963,77600
2010-06-18,870.4334716796875,875.7088260535037,861.6412143899936,875.7088260535037,69000
2010-06-21,862.3447265625,870.4336045033391,861.6413458719923,870.4336045033391,79800
2010-06-22,870.0817260742188,870.0817260742188,861.6411596127065,861.6411596127065,74600
2010-06-23,862.3447265625,864.8065589792772,861.2896555267383,861.6413458719923,68200
2010-06-24,858.8275756835938,865.8613805622472,853.2005317806709,854.9589830003343,41400
2010-06-25,861.2892456054688,861.6409357833395,847.9250188463802,847.9250188463802,73000
2010-06-28,863.0479125976562,871.1367887140972,863.0479125976562,867.6198860547751,62200
2010-06-29,863.0479125976562,869.3783373844361,860.937771002063,861.9928417998595,23600
2010-06-30,850.7386474609375,850.7386474609375,837.7261092401625,846.1666745725571,85000
2010-07-01,840.188232421875,842.2983744873966,838.7814710448605,839.4848517333678,50600
2010-07-02,838.077880859375,839.8363321410774,829.9890049635438,831.3957659889057,59000
2010-07-05,837.7262573242188,847.5735852860483,826.823858509336,826.823858509336,42400
2010-07-06,838.7814331054688,840.5398847471993,831.0442458818543,833.154387851931,40200
2010-07-07,820.8451538085938,840.8915007525054,817.3282508359777,831.3958627264419,110400
2010-07-08,820.8451538085938,839.4847395634589,819.0867023222856,834.2093851045348,135400
2010-07-09,826.120361328125,827.1754320322477,817.6797956951428,821.1966980422187,88400
2010-07-12,826.4722290039062,828.9340611754072,820.493493730261,828.2306805549784,70000
2010-07-13,821.5484008789062,829.2855861611562,819.4382594382927,828.9338959210539,103200
2010-07-14,842.2981567382812,842.2981567382812,818.3832195114741,828.933927111536,152000
2010-07-15,838.077880859375,859.882676752485,835.6160490649916,859.882676752485,103000
2010-07-16,823.3069458007812,837.0228667261254,820.141733279548,834.9127250453032,44200
2010-07-21,822.955322265625,827.1756059695514,816.9765870183961,822.9553222656251,42400
2010-07-22,815.2179565429688,820.4933100149897,814.8662663115007,815.9213370059049,35000
2010-07-23,815.9215087890625,820.8451730662379,812.7562960394498,815.2181281780374,104400
2010-07-26,832.0993041992188,849.3321300258299,820.4935235404807,820.8452138634728,163800
2010-07-27,843.3532104492188,845.8150421727986,832.0991225699964,832.0991225699964,80400
2010-07-28,859.8826904296875,867.6198761922451,837.7262039278183,844.0566286426381,144000
2010-07-29,847.5735473632812,850.7387597808205,844.0566446771267,849.6836889749742,77800
2010-07-30,844.056640625,845.8150919596354,835.2643839518229,842.2981892903646,66000
2010-08-02,788.4893798828125,844.0564280636708,780.7521959588955,844.0564280636708,341000
2010-08-03,800.0952758789062,809.5909121201065,792.0064005623283,794.1165419492617,194400
2010-08-04,792.0065307617188,799.7437171190712,781.4558220926017,796.5785045183361,175800
2010-08-05,799.0402221679688,800.4469831224898,790.5996564408423,792.0064173953634,92000
2010-08-06,799.3920288085938,806.0741443155728,794.4683647508197,801.8538608374807,72800
2010-08-09,811.3494262695312,811.7011165279922,797.6335061895521,800.4470282572402,94200
2010-08-10,812.0528564453125,819.4383523246332,808.8876439256036,813.8113078451507,127600
2010-08-11,807.1290893554688,808.1841600605085,795.5233116000306,801.8537358302696,97200
2010-08-12,808.8876342773438,814.1629884139351,793.764952419115,795.8750940737516,166000
2010-08-13,810.6461791992188,814.1630823627728,803.2606825557551,811.701250148285,123800
2010-08-16,798.3369750976562,802.9089489638543,795.8751430158574,801.8538780716548,94800
2010-08-17,801.853759765625,811.7010866399396,791.654742645799,793.4131938733552,130200
2010-08-18,816.2731323242188,820.1417253684093,801.8538309776901,810.9977781730497,96200
2010-08-19,808.184326171875,817.6799644689336,804.3157327915919,812.4046098594566,51600
2010-08-20,798.6887817382812,803.9641369677283,797.9854010410216,801.8539948759495,95600
2010-08-23,780.7522583007812,793.4131057326857,776.1802856170378,793.4131057326857,167000
2010-08-24,792.7099609375,796.2268640472494,780.0491097424025,780.7524903643523,181200
2010-08-25,793.413330078125,803.2606586429245,782.5109305956686,782.5109305956686,115200
2010-08-26,798.3369750976562,798.3369750976562,784.972743796462,790.5997885548596,71600
2010-08-27,796.2266845703125,808.5358426798358,791.3030213265031,792.7097822533058,93600
2010-08-30,800.4471435546875,812.7563043738501,796.5785501543793,796.9302404634982,77800
2010-08-31,795.1717529296875,801.5021782073233,782.8625926676181,793.0616111704757,102600
2010-09-01,784.269287109375,794.8199950077075,775.8287207907091,791.30309237493,137800
2010-09-02,781.455810546875,789.8963773574624,777.5872174253558,789.5446870736879,66200
2010-09-03,782.1592407226562,788.8413565381825,780.0490988861742,787.7862856199415,64400
2010-09-06,784.269287109375,786.3794286890416,781.455765003153,781.455765003153,61200
2010-09-07,793.7648315429688,796.5783533207019,785.3242662097692,785.3242662097692,99200
2010-09-08,786.7311401367188,791.3031136824395,781.8074763182502,789.8963525914485,108200
2010-09-09,784.9728393554688,788.841433097812,781.1042456131255,783.5660779946166,59600
2010-09-10,789.896240234375,796.2266642433772,785.675957561707,791.3030011252645,87400
2010-09-13,798.3369750976562,805.3707810456533,786.0278146886616,788.4896467704606,161000
2010-09-14,798.6887817382812,800.7989238300601,794.1168072060939,800.4472334814303,49800
2010-09-16,788.8411254882812,801.5019727988378,788.1377450821393,801.5019727988378,81600
2010-09-17,792.3580932617188,796.2266858164808,788.1378104747056,788.8411909392078,51400
2010-09-21,785.3243408203125,794.8199777223045,785.3243408203125,792.7098361885286,76000
2010-09-22,801.853759765625,803.26052074767,782.862486508018,786.3793889631304,89600
2010-09-24,787.0827026367188,801.8536916942443,787.0827026367188,793.06143630286,94200
2010-09-27,801.1504516601562,801.1504516601562,785.676079459521,786.0277697368082,78200
2010-09-28,813.2675170898438,813.9802844141994,800.7940889136191,801.1504725757969,73800
2010-09-29,818.9697265625,819.6824939485422,811.8420527020778,813.6239711671834,101200
2010-09-30,800.7940063476562,818.6131876192998,797.9429373441933,818.6131876192998,109600
2010-10-01,809.7035522460938,814.3365391207413,798.6556604680881,806.8524834001569,57400
2010-10-04,789.7462158203125,805.070713690472,789.0334484775143,804.7143300190729,68000
2010-10-05,782.26220703125,787.2515787389664,774.7781494696753,787.2515787389664,92200
2010-10-06,784.7568969726562,784.7568969726564,772.2834676383952,780.1239089342165,106800
2010-10-07,777.272705078125,783.3312268508568,774.0652523749139,782.2620759497864,102600
2010-10-08,786.8951416015625,794.7355823240418,779.4110845482868,779.4110845482868,167600
2010-10-12,775.134521484375,792.9537058863147,773.352603044181,792.9537058863147,119600
2010-10-13,792.24072265625,799.3683944750197,783.3311328827879,784.0439000646649,106600
2010-10-14,817.54443359375,826.0976447560212,796.5177894865001,798.6560922770678,218800
2010-10-15,806.8525390625,817.5440479723388,800.0812500862688,817.5440479723388,124000
2010-10-18,807.5652465820312,813.6237678494163,804.7141777503207,806.8524793741036,50600
2010-10-19,796.5172729492188,815.0492184496032,789.389601602917,810.0598485071921,59800
2010-10-20,784.4003295898438,790.1024673787749,781.5492606953782,790.1024673787749,49800
2010-10-21,781.1929931640625,786.1823644707673,775.8472381925932,786.1823644707673,84000
2010-10-22,783.6876831054688,792.5972747733344,782.9749157720395,784.7568341056126,29200
2010-10-25,788.6770629882812,796.517503740989,780.1238548944183,782.6185405884617,51000
2010-10-26,785.469482421875,794.3790727397275,782.2620299074481,788.6769349363019,58600
2010-10-27,789.7462158203125,801.1504933050824,782.6185423923313,785.4696117635237,79800
2010-10-28,793.3101196289062,797.9431077489313,782.6186085826946,786.1824455980985,110800
2010-10-29,781.5494995117188,797.9431506642673,770.1452204490762,786.1824878809172,92200
2010-11-01,815.7621459960938,818.2568314578555,784.04400226798,784.04400226798,275600
2010-11-02,812.5546875,819.6823601973684,807.2089329769738,818.9695929276317,73400
2010-11-04,812.9109497070312,822.1769228295138,805.7832780743523,816.4747855233707,100400
2010-11-05,830.0176391601562,836.4325457745326,821.1080466401888,826.810185852968,201200
2010-11-08,824.3153076171875,836.4323506171808,818.2567861171909,830.3738291171842,102200
2010-11-09,815.4057006835938,819.3259203984187,809.347179306137,815.7620842940324,44600
2010-11-10,813.2675170898438,822.8898759686456,805.7834601841089,815.7622027250886,84200
2010-11-11,796.1610717773438,806.1398139482325,790.4589333939787,805.7834302992721,174800
2010-11-12,781.90576171875,792.9536553437642,778.6983087308427,791.1717370171491,300000
2010-11-15,799.0120849609375,801.8631539527696,779.054602018113,781.9056710099451,228000
2010-11-16,784.4003295898438,796.8737560031307,779.410959024529,796.8737560031307,136200
2010-11-17,776.9164428710938,782.6185819013403,775.4909081135321,778.6983613180458,144800
2010-11-18,796.1610717773438,797.2302227242246,780.4801912230898,781.5493421699708,107800
2010-11-19,791.884521484375,797.5866602529394,791.1717541383045,797.5866602529394,108200
2010-11-22,781.1929931640625,791.5281194422367,780.8366094992979,791.5281194422367,227400
2010-11-24,769.0758666992188,778.3418409967996,768.3630994455586,777.2726901163096,358000
2010-11-25,767.2940673828125,775.4908920692058,766.2249163367612,771.9270552490348,221800
2010-11-26,764.7994384765625,772.6398800639271,764.443054768046,767.2941244361785,180200
2010-11-29,768.7196044921875,772.6398250065195,766.937686076582,766.937686076582,98000
2010-11-30,767.2940673828125,774.7781247051715,767.2940673828125,769.075985792898,198000
2010-12-01,776.20361328125,776.916380602904,768.3631727430555,769.0759400647096,96600
2010-12-02,777.985595703125,780.1238978443155,773.3526077305457,779.7675141541171,146800
2010-12-03,769.7887573242188,785.8260231018066,766.9376878526476,785.8260231018066,314600
2010-12-06,771.2142333984375,776.203604594176,768.3631641437297,773.3525353394682,181600
2010-12-07,776.56005859375,776.56005859375,771.9270706351824,774.778140148147,166400
2010-12-08,783.3312377929688,784.0440050703054,778.3418668516123,778.6982504902805,202000
2010-12-09,782.26220703125,784.7568928851082,776.2036842433087,782.6185907246582,163400
2010-12-10,774.4218139648438,782.2622557076999,771.2143605245843,782.2622557076999,249600
2010-12-13,783.6876831054688,784.0440667721833,771.5706384371713,774.7780914376029,157000
2010-12-14,781.1929931640625,785.8259808060027,774.4217035335346,783.687678817415,313600
2010-12-15,786.8951416015625,786.8951416015625,775.1344805178435,776.9163988638616,223000
2010-12-16,790.1024780273438,794.7354650432911,785.4694910113963,787.6077927110643,181200
2010-12-17,792.24072265625,795.0917913837579,789.7460375196806,793.666257020004,121000
2010-12-20,791.884521484375,796.5175092338336,791.884521484375,795.0919745416925,144200
2010-12-21,794.0228271484375,797.2302802204015,794.0228271484375,796.1611291964135,114800
2010-12-22,792.24072265625,795.8045585656348,789.0332703378036,792.953489838127,195400
2010-12-24,781.5494995117188,793.6665460157764,781.5494995117188,791.1718599708233,153400
2010-12-27,789.389892578125,790.8154273728484,778.341997919018,781.9058349058267,76000
2010-12-28,789.389892578125,791.1718110715293,785.4696718926353,789.389892578125,46200
2010-12-29,787.6079711914062,788.3207385861496,783.6877505203178,786.1824364019195,92000
2010-12-30,784.0441284179688,789.3898838390004,784.0441284179688,789.033500144265,62000
2011-01-04,788.3206176757812,790.8153031747552,785.8259321768072,786.5386994622284,43800
2011-01-05,787.2515869140625,791.8845749764812,786.5388195198442,790.8154238851538,40400
2011-01-06,791.171630859375,792.2407817118877,789.3897127718539,789.3897127718539,43800
2011-01-07,779.7674560546875,794.3791862641217,778.6983050637533,792.2408842822533,274200
2011-01-11,780.836669921875,782.6185883835864,779.4111351525061,780.8366699218751,154800
2011-01-12,782.9749145507812,785.8259838800512,781.905763552305,785.8259838800512,65600
2011-01-13,785.1130981445312,791.1716195555422,778.698193121108,783.3311800824692,219000
2011-01-14,784.0441284179688,786.1824305863814,781.9058262495561,785.113279502175,110400
2011-01-17,785.469482421875,787.9641677108737,782.9747971328762,784.0439479710186,155200
2011-01-18,784.0441284179688,787.6079653653231,782.9749773337625,784.7568958074396,49600
2011-01-19,781.1929931640625,785.4695971412381,779.767458505004,784.4004461469442,187600
2011-01-20,777.6289672851562,780.8364194875239,777.2725837071154,778.6981180192788,108200
2011-01-21,775.134521484375,779.0547420528018,774.0653704202587,778.698358364763,155200
2011-01-24,785.1130981445312,785.4694817569438,777.2726586714583,779.0545767335204,101600
2011-01-25,790.8154907226562,793.6665605404937,782.9750487236034,785.1133510869814,147600
2011-01-26,791.884521484375,794.3792071956219,786.1823827158107,791.1717541383045,104200
2011-01-27,791.884521484375,796.5175092338336,790.458986792234,794.0228235225867,197000
2011-01-28,790.1024780273438,792.2407797270117,786.5386418612303,791.1716288771778,202000
2011-01-31,784.7568969726562,787.6079665347731,781.9058274105395,785.8260480584502,114400
2011-02-01,775.134521484375,784.0441136853449,772.2834519800647,784.0441136853449,301200
2011-02-02,766.2247924804688,776.2035339639353,766.2247924804688,774.4216158418877,468200
2011-02-03,764.7994384765625,768.3632755617282,763.3739036424962,766.9377407276619,151800
2011-02-04,768.7196044921875,769.4323718584296,764.7993839778555,768.3632208090664,164000
2011-02-07,772.283447265625,772.283447265625,765.8685409200868,768.3632267211295,115000
2011-02-08,766.5812377929688,771.2142252831169,764.7993195275271,770.145074323852,141800
2011-02-09,767.6503295898438,769.0758640923318,765.1556442104895,769.0758640923318,104400
2011-02-10,771.9270629882812,775.847283529773,769.4323771891501,771.2142956171009,142200
2011-02-14,770.8577880859375,787.2514349892907,768.0067190592673,784.7567495909544,168400
2011-02-15,769.4321899414062,771.9268751334349,768.3630391448226,768.7194227436838,148400
2011-02-16,768.0066528320312,770.1449544176425,766.9375020392257,769.7885708200406,181400
2011-02-17,779.7674560546875,781.5493743729112,768.0067951544111,768.0067951544111,202200
2011-02-18,777.272705078125,781.9056923160964,774.4216360086041,781.9056923160964,101200
2011-02-21,781.5494995117188,783.3314181152566,777.9856623046429,777.9856623046429,143600
2011-02-22,778.6982421875,782.6184621710527,778.6982421875,782.2620785361843,115200
2011-02-23,774.0653076171875,777.2727605493029,773.7089239580636,775.8472259128072,173400
2011-02-24,772.283447265625,774.0653656949412,769.0759940928559,773.3525983232147,152000
2011-02-25,780.4801025390625,781.1928697559931,771.214128718964,773.352430369756,158600
2011-02-28,780.4801025390625,783.3311714067851,776.5598828459439,780.4801025390625,82800
2011-03-01,782.9749145507812,785.1132165477337,780.4802288876699,782.6185308846225,90200
2011-03-02,774.4218139648438,780.480337129778,774.0654302492593,780.480337129778,111600
2011-03-03,779.0546875,779.7674548261665,773.3525488906679,773.3525488906679,118200
2011-03-04,782.9749145507812,788.3206695431625,781.5493798861462,783.3312982169399,125600
2011-03-07,774.0653076171875,784.0440500726577,773.3525402989396,784.0440500726577,131400
2011-03-08,774.4218139648438,779.4111859830249,773.709046533675,774.0654302492593,76200
2011-03-09,775.4909057617188,779.4111263331246,775.4909057617188,775.4909057617188,98600
2011-03-10,772.9961547851562,775.8472240513071,771.5706201520808,775.1344567347694,136400
2011-03-11,768.0066528320312,772.2832560032538,767.2938856368276,769.7885708200406,182200
2011-03-14,719.8948974609375,744.8417503432472,696.72996264165,712.767225208849,190000
2011-03-15,646.8362426757812,725.2406357273911,606.2085117308561,723.4587177034908,244800
2011-03-16,671.783203125,685.6821659482758,634.719302262931,641.4905918435013,301800
2011-03-17,682.8311157226562,690.3151728365267,659.3097933647776,670.0013035274497,164200
2011-03-18,709.916259765625,715.2620147337396,696.0172968485269,697.0864478421498,106200
2011-03-22,730.2301635742188,734.1503840716889,721.3205715345138,727.0227104399249,136200
2011-03-23,728.8045043945312,742.3470819823025,724.1715173250305,742.3470819823025,85800
2011-03-24,724.171630859375,732.0120717446636,724.171630859375,728.8046186552274,86000
2011-03-25,727.7354125976562,735.9322365397454,725.953494349376,735.9322365397454,87200
2011-03-28,740.2088623046875,740.2088623046875,730.9428871386202,735.2194910614205,113200
2011-03-29,742.016845703125,744.9096989027473,730.4454329046357,734.0614994041637,112600
2011-03-30,725.0213623046875,742.378482200261,704.0481757642027,735.8695622394209,213800
2011-03-31,733.699951171875,735.8695912443399,724.2981775245272,724.6597842032713,86600
2011-04-01,728.2760009765625,742.7402711051933,728.2760009765625,736.954563053741,83000
2011-04-04,729.3605346679688,731.5301743348045,722.490009056322,731.5301743348045,93000
2011-04-05,723.2132568359375,730.4453894042969,717.42755078125,730.4453894042969,88000
2011-04-06,716.7045288085938,731.5304045306685,713.4500682842358,730.4455843558826,82000
2011-04-07,717.0660400390625,726.1062069583649,716.7044333622905,722.1285335138718,58400
2011-04-08,744.5482177734375,757.9276660772828,718.5125345875767,719.2357480094062,159600
2011-04-11,778.1776123046875,780.7088591848608,746.3562229539383,750.3338966227819,265400
2011-04-12,769.4990234375,787.9409643187558,765.1597432301456,780.708830639832,142800
2011-04-13,769.4990234375,772.3918769090695,761.1820697067376,763.7133164943609,120600
2011-04-14,792.6419067382812,795.1731537032301,769.8606840537412,770.2222907630197,257200
2011-04-15,783.240234375,792.6420100415513,779.262560054536,792.6420100415513,131400
2011-04-18,773.1151123046875,782.8784930494146,772.7535056104384,781.0704595781689,89000
2011-04-19,770.22216796875,772.7534145301496,763.7132482394367,763.7132482394367,61400
2011-04-20,770.5838623046875,773.1151091541163,764.7981552202788,773.1151091541163,46200
2011-04-21,766.9678955078125,770.5839629076607,762.9902213679795,769.4991426877064,72600
2011-04-22,762.6285400390625,772.0303143591268,757.5660461744125,759.7356864021197,52000
2011-04-25,762.2667846679688,770.9453438861999,756.8426851565742,762.6283913020617,47400
2011-04-26,764.7981567382812,764.7981567382812,752.1419224660166,758.2892362554022,83200
2011-04-27,759.7357177734375,773.8383798358668,756.1196505779428,773.8383798358668,78000
2011-04-28,771.668701171875,776.731194993996,766.2446006481739,773.8383413813555,91400
2011-05-02,779.6240234375,782.8784836466547,773.4767097090968,775.2847431586272,85200
2011-05-06,779.9856567382812,783.6017237607119,776.3695897158507,783.6017237607119,113800
2011-05-09,781.4320068359375,784.3248601698974,777.4543335017426,784.3248601698974,64800
2011-05-10,787.9409790039062,789.3874057666486,779.9856318088232,784.3249120970503,87800
2011-05-11,784.6865234375,791.1954439084101,784.6865234375,788.3025903657834,67000
2011-05-12,783.240234375,784.6866614006233,775.6464924904778,782.8786276185942,58600
2011-05-13,744.9096069335938,772.0301023316615,728.6373096947531,771.6684957263539,290600
2011-05-16,723.5748901367188,737.3159425231232,723.5748901367188,737.3159425231232,191600
2011-05-17,727.1910400390625,731.5303202382016,724.2981865729698,730.4455001884169,94400
2011-05-18,755.7581176757812,757.2045446952565,737.6777799323415,740.5706339712918,182200
2011-05-19,745.9946899414062,752.1420044004484,743.8250495440973,748.5259370716001,64200
2011-05-20,743.8250732421875,747.4411406862429,741.2938260313488,741.6554327757543,73400
2011-05-23,745.2713012695312,748.8873677482771,740.208808199287,741.6552347907854,75000
2011-05-24,744.1865844726562,753.588358620513,742.3785509826838,745.2714045666397,87000
2011-05-25,747.8026733398438,751.7803471342046,742.0169660025915,743.1017861283264,70000
2011-05-26,755.7581176757812,761.1822189988131,744.9099150297174,751.7804433722245,87800
2011-05-27,752.1419067382812,759.3740404569186,747.0794131352352,747.0794131352352,63000
2011-05-30,755.396240234375,759.3739131125838,748.5257143538325,752.5033872320414,52800
2011-05-31,756.1195068359375,764.4364598044821,756.1195068359375,759.0123600423879,92800
2011-06-01,752.1419067382812,753.5883334820088,744.1865596477802,751.0570866804857,101600
2011-06-02,756.1195068359375,757.5659334391627,745.6329139625553,748.5257671690056,100600
2011-06-03,747.0792846679688,754.3114171429733,746.7176780442186,747.8024979154692,90800
2011-06-06,752.1419067382812,752.8651201101451,746.3561997633715,746.7178064493033,67200
2011-06-07,765.1597290039062,766.6061557127983,746.3561817883093,753.9499220099927,117000
2011-06-08,766.6060791015625,770.2221455124189,761.1819794852778,763.7132259728774,71800
2011-06-09,765.5213623046875,765.8829689944866,757.5660151291074,763.351722165893,48000
2011-06-10,771.306884765625,780.7086564505319,762.9899328905151,775.2845574015471,133600
2011-06-13,787.579345703125,788.3025590600608,762.6284848888387,762.6284848888387,165000
2011-06-14,789.3873291015625,790.8337557238283,779.2623427457019,781.0703760235342,108400
2011-06-15,780.7086791992188,789.0256313166722,775.6461866059861,789.0256313166722,97400
2011-06-16,774.2000122070312,779.985719911521,771.3071583547865,779.985719911521,42200
2011-06-17,773.1151123046875,792.2802670998926,766.967798502452,792.2802670998926,138600
2011-06-20,782.155029296875,787.217521395884,771.306831941856,771.306831941856,51600
2011-06-21,793.3650512695312,793.3650512695312,782.1552442552398,786.4945243898043,129200
2011-06-22,789.3873291015625,792.6417890016605,787.5792958237303,791.1953623793947,77600
2011-06-23,777.81591796875,787.5792976922072,777.4543113123257,781.4319845329934,57600
2011-06-24,778.1776123046875,783.6017127622016,774.9231520301792,778.1776123046875,32000
2011-06-27,764.0748901367188,776.7311235275305,761.1820367902476,774.1998768493681,117000
2011-06-28,768.0526733398438,773.8383808602945,764.0749994195338,765.8830330196747,70600
2011-06-29,794.0884399414062,794.0884399414062,777.4545290865317,777.4545290865317,145800
2011-06-30,799.150634765625,799.150634765625,786.4944029933188,791.9185023243072,138600
2011-07-01,795.5346069335938,799.1506733287465,793.0033604569869,797.7042467706854,101800
2011-07-04,792.6419067382812,797.704400668179,789.749053064054,795.5347604125086,72600
2011-07-05,800.958984375,803.8518384946389,793.0036355459932,793.0036355459932,291800
2011-07-06,806.021484375,808.1911249789704,791.9188204491924,795.8964948898048,238800
2011-07-07,810.7221069335938,814.3381734230389,803.1283673057591,805.6596138483707,170600
2011-07-08,832.7800903320312,840.7354363968618,815.0613650058178,815.4229716451283,304400
2011-07-11,825.90966796875,832.7801949789979,820.1239610127518,831.6953749247483,89200
2011-07-12,815.4229736328125,820.8470732356916,808.1908408289738,813.6149404318529,96000
2011-07-13,826.633056640625,830.6107310164111,814.3384267518319,814.7000335132669,100000
2011-07-14,820.4854736328125,821.5702935626928,815.4229806267043,821.5702935626928,111200
2011-07-15,846.8828125,852.6685191609735,819.7623125266866,831.6953325149444,279000
2011-07-19,838.2042846679688,846.1596316320306,832.4185777850147,842.9051715103689,82600
2011-07-20,849.0524291992188,849.4140358556068,838.5658361639643,838.9274428203524,109600
2011-07-21,863.5166625976562,867.8559423092023,845.4363304662146,846.1595437514723,244600
2011-07-22,853.3919067382812,868.9409965644448,849.0526258565611,867.8561763440148,89000
2011-07-25,847.967529296875,860.6237610774255,847.6059226745735,860.6237610774255,143200
2011-07-26,831.3338012695312,848.329316128021,829.5257677739472,846.8828893315538,172000
2011-07-27,823.0169677734375,830.2491028153833,817.592866491978,828.0794623027996,98800
2011-07-28,820.8471069335938,825.5479934490725,813.2533671778203,813.2533671778203,135400
2011-07-29,821.5703735351562,837.1194607103374,813.9766332868119,832.7801805684264,351600
2011-08-01,833.1417236328125,835.3113635381063,823.3783440589905,831.6952970292833,495000
2011-08-02,791.1954345703125,838.5659107717344,788.3025810618287,838.5659107717344,529000
2011-08-03,786.49462890625,798.7892575880028,780.3473145653735,788.3026625359195,411400
2011-08-04,785.7713623046875,796.2579566474559,783.9633287973136,786.8561824091117,277200
2011-08-05,775.6463623046875,777.4543957832532,760.4588810847356,767.6910149989984,299600
2011-08-08,784.324951171875,790.1106585110866,766.9678291542401,769.1374694064446,261800
2011-08-09,769.8606567382812,770.5838701311777,756.4812089696967,766.2445897737989,292000
2011-08-10,786.1328125,795.8961914960901,772.3917605795767,783.2399594641214,359800
2011-08-11,796.6195068359375,799.1507535666917,776.7311396657257,777.4543530173697,134600
2011-08-12,808.9141845703125,811.8070381584048,793.7267032328278,803.1284773941278,190000
2011-08-15,812.8917846679688,818.3158846546322,804.2132246893071,818.3158846546322,175000
2011-08-16,813.6149291992188,816.5077822808161,808.9140429416233,810.7220761176216,201600
2011-08-17,817.9542236328125,821.2086834085399,808.1908443056304,815.4229771405801,108000
2011-08-18,814.6997680664062,820.8470810078749,809.2756684121691,820.4854743642591,87200
2011-08-19,818.3160400390625,820.8472871801466,802.0437369892358,802.0437369892358,200200
2011-08-22,813.6149291992188,819.0390287272136,799.873877061632,804.5747633192275,181800
2011-08-23,835.3113403320312,840.7354399445769,812.1685153185031,819.4006481352307,240800
2011-08-24,819.400634765625,838.5657864172482,808.1908290826002,838.5657864172482,176400
2011-08-25,822.2935791015625,834.9498127288953,821.9319724264958,831.6953526532953,151200
2011-08-26,810.7221069335938,822.6551263487627,803.4899739547036,822.2935196998181,144800
2011-08-29,819.0391235351562,830.6105372009952,810.7221699628345,812.8918100251793,84000
2011-08-30,825.5480346679688,831.6953481105248,819.4007212254128,831.6953481105248,71200
2011-08-31,826.271240234375,826.271240234375,814.6998268043969,821.9319601981332,220000
2011-09-01,820.8471069335938,824.463173483962,812.8917605227836,824.463173483962,152000
2011-09-02,805.6597290039062,816.86953672344,798.4275949913039,813.6150764177689,212400
2011-09-05,814.3383178710938,819.03920514122,802.0436896261483,805.6597567570146,137600
2011-09-06,809.9991455078125,811.0839657919748,796.6196953364781,796.6196953364781,124400
2011-09-07,809.2758178710938,811.8070648438809,803.8517172151213,811.4454581334827,64400
2011-09-08,828.0794067382812,836.7579682062808,815.4231712641155,817.231204903282,203600
2011-09-09,840.0123291015625,841.8203625262322,827.3560951288742,841.0971491563643,181800
2011-09-12,835.673095703125,837.1195225239007,817.2311537382357,819.762400674593,139800
2011-09-13,828.0794067382812,833.8651143836142,822.6553058207817,831.6954740166144,57800
2011-09-14,816.5079345703125,838.2043367289567,816.1463278676684,826.6329222443464,77600
2011-09-15,823.0169677734375,824.8250015339239,797.704495126627,824.8250015339239,187200
2011-09-16,821.208740234375,833.5033669045505,804.574833562961,804.574833562961,152600
2011-09-20,824.4630737304688,838.2041249593099,818.3157613386188,822.6550406740423,158000
2011-09-21,816.86962890625,831.6955053051681,815.7848086819389,831.6955053051681,65600
2011-09-22,813.9766235351562,821.931970366686,808.1909167485892,812.8918035126749,200200
2011-09-26,799.5122680664062,823.0166992850026,799.5122680664062,823.0166992850026,121400
2011-09-27,807.829345703125,816.1462995756281,801.6820319712749,812.5302326745398,221600
2011-09-28,834.2195434570312,860.9761456856619,819.5583915509324,824.689794718067,204000
2011-09-29,875.2705078125,875.6370365008637,826.5221922601287,826.5221922601287,188200
2011-09-30,847.0479736328125,870.5058145296103,836.418639476451,869.406228237573,176000
2011-10-03,823.2235107421875,842.6495330348571,811.8611203445882,837.5181309198123,293200
2011-10-04,842.2830810546875,842.2830810546875,802.3314466617542,814.0603668505053,297400
2011-10-05,817.3589477539062,841.9163690541358,809.295316879204,841.9163690541358,154600
2011-10-06,826.5222778320312,832.0202087267011,818.8251745794935,826.8888065583426,84200
2011-10-07,827.6218872070312,833.1198182557936,821.0243699485163,829.0880021533678,107200
2011-10-11,817.7256469726562,831.6537395701286,814.4268881995706,828.354980797043,106000
2011-10-12,809.6620483398438,821.3909689133498,808.5624620360775,817.3591524662071,70600
2011-10-13,814.0603637695312,818.0921800691552,810.0285474699073,818.0921800691552,103000
2011-10-14,818.4583740234375,822.1236600692209,807.4625158860872,808.5621016998223,147600
2011-10-17,821.7572631835938,827.2551931335287,818.0919765503039,823.5899065002387,67400
2011-10-18,811.1281127929688,821.7574463993836,810.0285265578224,816.2595152236518,51600
2011-10-19,808.19580078125,818.4586046006945,806.7296859499007,818.4586046006945,64600
2011-10-20,816.2594604492188,816.625989169672,807.0962424378895,810.7615296424212,51200
2011-10-21,806.363037109375,815.8927820933949,805.9965084561435,814.4266674804688,36000
2011-10-24,811.8612060546875,814.7934361442756,806.36327463671,806.36327463671,64000
2011-10-25,803.0643920898438,811.8610810036531,794.2677031760344,808.1957939562325,126400
2011-10-26,788.4032592773438,801.5982929054164,785.4710295822165,797.1999483627255,104200
2011-10-27,793.5347290039062,794.267786490284,778.5070505331626,785.83762539694,115000
2011-10-28,759.81396484375,800.4986489236614,755.4156206188948,799.7655915528522,410400
2011-10-31,737.089111328125,764.2122312874892,736.356054031926,761.6465307507925,444200
2011-11-01,741.8541259765625,748.0851141888162,731.9578505806301,738.5553675112517,252000
2011-11-02,753.5830688476562,758.714471067436,734.5235748884743,735.9896898084114,194200
2011-11-04,745.8859252929688,757.2483153097168,745.5193965827511,755.0491430484107,167000
2011-11-07,741.8541259765625,748.8181716255519,738.1888387928838,746.2524705969769,65600
2011-11-08,731.2249145507812,744.7864793820488,730.4918569923343,736.3563174599095,126400
2011-11-09,748.45166015625,748.45166015625,731.2248099959446,736.3562121713547,178400
2011-11-10,734.5236206054688,742.2207244142087,728.6591605607146,733.0575055942802,95800
2011-11-11,725.7267456054688,736.7226053873698,722.0614590115017,735.256490749783,206200
2011-11-14,736.356201171875,738.1888447785745,724.9938108103379,732.690913958476,94600
2011-11-15,733.7904663085938,745.152856146539,729.7586505596454,738.9218681708916,98200
2011-11-16,734.156982421875,737.4557407053481,730.8582241384017,737.4557407053481,60000
2011-11-17,722.4280395507812,730.8581993223023,715.4639945221334,729.392084579429,191800
2011-11-18,715.83056640625,720.2289109002976,711.0656932043651,716.9301525297619,169200
2011-11-21,713.2649536132812,724.6273449606665,710.6992523412911,716.197183638413,162000
2011-11-22,699.7033081054688,711.0656981270871,695.3049635809713,710.3326407063375,327200
2011-11-24,698.2372436523438,705.5678183888513,695.6715424945661,699.3368298628199,184400
2011-11-25,694.9384155273438,700.0698173297609,692.0061859259625,695.3049442275164,118800
2011-11-28,695.6714477539062,703.7350788659114,694.5718616931782,695.304919066997,90600
2011-11-29,709.2330322265625,709.2330322265625,699.3367573582849,706.3008026359618,103200
2011-11-30,715.0975341796875,716.5636490626802,705.9343161609831,713.2648905759467,170600
2011-12-01,711.0657958984375,722.0616587216092,708.1335658122583,722.0616587216092,125400
2011-12-02,715.4641723632812,725.7269781143939,711.4323558182014,725.7269781143939,108400
2011-12-05,723.8944091796875,726.4601108831092,712.8985447364518,716.1973040694224,105600
2011-12-06,709.9661254882812,728.6590900726397,709.9661254882812,728.6590900726397,98000
2011-12-07,717.2966918945312,719.1293354609454,709.2330602023086,709.2330602023086,113400
2011-12-08,720.9619750976562,727.5594919007867,716.5636305622359,718.396274118661,118800
2011-12-09,720.22900390625,721.3285901717558,712.53190004771,717.2967738649014,148200
2011-12-12,719.8626098632812,725.7270710434302,716.9303792732068,725.7270710434302,70400
2011-12-13,720.5953979492188,726.8263856222283,713.9978815895616,718.0296971426854,107200
2011-12-14,720.22900390625,722.7947051924301,715.4641300890586,720.9620614165872,94200
2011-12-15,712.5318603515625,718.0297913727937,712.1653316168138,713.9979752905575,86600
2011-12-16,711.4321899414062,722.4280506823862,711.0656612500403,714.7309481637003,60800
2011-12-19,710.3327026367188,713.2649325753636,708.5000589250657,711.4322888637106,55000
2011-12-20,724.99365234375,728.2924101147781,708.4998634886091,708.4998634886091,106400
2011-12-21,735.2567138671875,736.3563001790527,724.6273795191573,727.1930809135094,123400
2011-12-22,737.8223876953125,742.220732778444,734.1571001260362,735.6232151537467,61600
2011-12-26,736.7227783203125,740.3880657746424,733.4240196114156,739.6550082837764,50200
2011-12-27,735.2567138671875,735.9897714084309,733.0575412434571,734.8901850965658,17800
2011-12-28,734.156982421875,742.9536711778036,730.8582241384017,736.7226833090208,90800
2011-12-29,737.8223876953125,743.3203190492269,733.7905713691085,743.3203190492269,25000
2011-12-30,746.2525634765625,746.6190922405491,738.188930668859,738.188930668859,28000
2012-01-04,744.419921875,753.2166122368907,741.4876917543697,752.8500834718119,133400
2012-01-05,740.7545776367188,745.1529224816671,739.6549914254816,744.786393744588,57000
2012-01-06,734.8900146484375,741.8540596750312,731.2247277923356,740.7544736182006,114400
2012-01-10,725.3602905273438,742.5871392664974,725.3602905273438,735.9896227280982,137000
2012-01-11,724.6273193359375,729.3921929582781,720.228974453777,725.7269055564776,85200
2012-01-12,718.02978515625,725.3603597877585,715.4640840352221,724.6273023246076,98200
2012-01-13,724.99365234375,729.0254673972289,719.862251366595,723.5275377788486,69600
2012-01-16,726.8264770507812,727.9260632490426,722.4281322577356,726.4599483180274,66400
2012-01-17,725.7267456054688,729.025503540039,722.7945163302951,727.1928602430555,76000
2012-01-18,723.5277709960938,728.2926448679019,723.5277709960938,728.2926448679019,89000
2012-01-19,726.0934448242188,728.2926172971845,724.9938585877358,724.9938585877358,89800
2012-01-20,726.4599609375,730.85830580695,725.3603747201375,727.9260758939834,137800
2012-01-23,726.8264770507812,730.858293111073,724.9938333870122,730.858293111073,71000
2012-01-24,722.4280395507812,727.5594411508375,722.4280395507812,727.5594411508375,84800
2012-01-25,723.8944091796875,727.5596973274328,720.5956498467168,726.0935820683346,96800
2012-01-26,722.0616455078125,726.826519310656,721.3285879996828,724.2608180322018,61800
2012-01-27,726.8264770507812,727.5595345162887,723.527718455997,723.527718455997,109600
2012-01-30,734.156982421875,740.3879702906577,730.8582241384017,730.8582241384017,114000
2012-01-31,729.39208984375,740.0214218062971,727.1929177135678,737.4557209877512,99600
2012-02-01,719.8626098632812,735.9898781086908,715.4642639781696,729.7588881047826,226400
2012-02-02,717.6631469726562,724.627191810491,716.5635609456297,720.5953763780603,152400
2012-02-03,708.1333618164062,718.0296355063871,708.1333618164062,717.6631068512027,228800
2012-02-06,705.56787109375,711.4323313210227,703.0021697443182,711.4323313210227,175200
2012-02-07,706.6673583984375,709.9661168141979,704.468186121264,708.8665306756111,82600
2012-02-08,712.1653442382812,712.1653442382812,706.667413119612,708.1335280845905,161800
2012-02-09,709.2330322265625,712.1652618171634,706.6673313347868,712.1652618171634,122000
2012-02-10,711.0657958984375,711.0657958984375,708.5000945730308,711.0657958984375,85800
2012-02-13,711.4321899414062,713.2648333982363,709.2330177932103,711.4321899414062,93600
2012-02-14,711.4321899414062,712.8983047068702,709.2330177932103,712.5317760155043,119800
2012-02-15,713.9979248046875,717.2966831841752,709.9661090075357,711.4322238428637,228200
2012-02-16,709.599609375,714.7310115089101,709.2330806511493,713.9979540612087,131600
2012-02-17,712.1653442382812,714.7310454269934,710.6992292733028,713.9979879445043,141400
2012-02-20,711.4321899414062,716.1970629291643,711.4321899414062,714.7309481637003,130600
2012-02-21,715.83056640625,715.83056640625,711.7987506200396,712.5318080357142,110600
2012-02-22,725.7267456054688,725.7267456054688,715.8304718017578,716.1970004611545,163600
2012-02-23,725.3602905273438,727.9259914033879,723.5276470444551,725.7268192239214,131800
2012-02-24,726.4599609375,729.0256621113459,723.5277310245333,726.4599609375,100800
2012-02-27,729.7587280273438,731.224843000779,727.5595555671911,730.4917855140613,104400
2012-02-28,735.98974609375,737.4558611258092,730.125285965513,730.125285965513,158800
2012-02-29,732.6910400390625,742.5873172181795,731.5914536858273,740.388144511709,182800
2012-03-01,736.7227783203125,738.9219507929105,733.0574908659826,736.3562495748795,136400
2012-03-02,740.3880004882812,741.8541153407332,737.4557707833771,737.4557707833771,111400
2012-03-05,738.5552368164062,745.5192812330374,737.8221795093925,741.1209373909546,102800
2012-03-06,743.3201904296875,745.1528338972163,739.2883748011241,740.3879608816413,136800
2012-03-07,755.7822265625,755.7822265625,739.6549627561227,739.6549627561227,236000
2012-03-08,749.5511474609375,758.3478357440976,749.1846187824724,758.3478357440976,126800
2012-03-09,753.5830688476562,757.6148848774832,750.6508390077821,756.8818274175147,156600
2012-03-12,748.818115234375,755.0491029773923,748.818115234375,753.5829882143294,107800
2012-03-13,744.419921875,749.9178533511816,744.419921875,748.0852095257877,127000
2012-03-14,744.419921875,751.3839684114968,744.419921875,746.2525657003938,166800
2012-03-15,747.35205078125,750.2842805047663,741.1210626187775,745.5194072040522,143400
2012-03-16,749.9177856445312,753.2165442324105,746.9855557886386,747.7186132526118,111600
2012-03-19,752.1170043945312,755.0492344311571,752.1170043945312,753.5831194128441,98400
2012-03-21,753.5830688476562,756.5152986875304,752.8500113876877,754.3161263076248,182000
2012-03-22,756.5151977539062,758.7143698404001,753.2164396241653,755.0490830295769,122000
2012-03-23,757.9812622070312,760.1804341476706,755.7820902663918,756.8816762367115,104600
2012-03-26,756.8818359375,763.112824417373,756.8818359375,760.9136520127119,162800
2012-03-27,763.4794921875,763.4794921875,759.0811465772024,762.0133769840675,206800
2012-03-28,757.1574096679688,761.6200270137524,750.8353684281085,761.6200270137524,228200
2012-03-29,770.545166015625,772.0327049461571,755.6697767103041,755.6697767103041,208000
2012-03-30,772.03271484375,772.4045995811507,765.3387895705383,772.03271484375,131000
2012-04-02,765.7107543945312,773.1484499204616,759.3887131974905,773.1484499204616,112200
2012-04-03,761.991943359375,766.8264456842514,760.1325193882686,766.0826760958089,83800
2012-04-04,753.06640625,764.5948302469136,750.0913290895062,761.6197530864198,121400
2012-04-05,753.4384155273438,758.2729167128598,748.6039143418277,748.6039143418277,144200
2012-04-06,750.8353271484375,754.9260594905043,745.6289405312616,754.9260594905043,67800
2012-04-09,745.6289672851562,747.860275915436,743.0257738831632,746.0008520568695,64600
2012-04-10,747.8600463867188,750.0913543321789,741.538007207915,743.3974304957985,93800
2012-04-11,735.9598999023438,744.1413641761444,733.3567067243163,741.1662862583987,127600
2012-04-12,741.1663208007812,742.2819750719315,735.5880494450303,736.3318189591304,117600
2012-04-13,750.0914306640625,750.8352000549044,740.7943132785387,746.7444684052739,105400
2012-04-16,744.1412963867188,750.4633363860062,740.4224493283143,745.6288352100805,62000
2012-04-17,757.1574096679688,758.6449487832299,743.3976728518023,745.6289815246942,107000
2012-04-18,757.9010620117188,759.3886008969233,744.5132120448778,744.5132120448778,183800
2012-04-19,750.0914306640625,752.6946235320091,747.8601224915368,751.5789694457463,153400
2012-04-20,755.2979125976562,756.7854515687989,744.8851397996581,747.1164482563719,85200
2012-04-23,752.6947021484375,757.5292036938573,746.7445464002285,754.5541258197528,137000
2012-04-24,751.207275390625,751.9510449702198,746.7446579130569,749.3478514416383,42200
2012-04-25,760.8761596679688,761.6199291300097,750.8352719304148,751.2071566614354,117400
2012-04-26,763.107421875,764.2230760005482,758.272920664291,761.9917677494517,67200
2012-04-27,751.5790405273438,764.5950060980796,750.0915016049739,764.2231213674871,71400
2012-05-01,754.926025390625,759.3886422894858,748.9758695254773,751.5790627164794,97000
2012-05-02,767.1982421875,767.9420116903478,748.6040046163052,750.4634283734247,201000
2012-05-07,763.851318359375,769.0577051446872,756.0417381814067,766.4545117520312,126400
2012-05-08,769.4295043945312,771.2889280397573,755.6697694198587,761.619925084582,194800
2012-05-09,800.6678466796875,805.5023483085012,768.3138742407034,768.3138742407034,452400
2012-05-10,794.7175903320312,806.6179005288609,790.6268587018711,790.6268587018711,344400
2012-05-11,780.9578247070312,790.6268263462612,771.6607077462332,790.6268263462612,285400
2012-05-14,784.3049926757812,797.6928446133479,782.4455687955636,788.3957252122599,228400
2012-05-15,776.4954833984375,797.6929175716707,773.8922897280404,797.6929175716707,226600
2012-05-16,777.6109619140625,782.0735786251905,766.082535410315,770.9170368473705,110800
2012-05-17,770.545166015625,777.9828606682854,764.5950102934966,766.0825492240286,181200
2012-05-18,752.6947021484375,763.4793594420663,747.8602006030177,758.6448578966465,169000
2012-05-21,751.207275390625,760.5043951355585,747.4884274926517,747.4884274926517,116800
2012-05-22,751.5790405273438,760.5042740615626,748.9758474131966,753.438464180306,165800
2012-05-23,736.7036743164062,751.950948746983,735.5880200897786,747.4883318404728,149600
2012-05-24,722.9439697265625,745.2570552119503,721.4564306942034,737.0755905339747,237000
2012-05-25,715.506103515625,728.1501822679801,710.6716028161951,723.6875662377371,331400
2012-05-28,699.8871459960938,720.7126933796119,698.0277221225653,717.7376151819665,331400
2012-05-29,708.8124389648438,711.7875174075084,698.7715492208507,699.88720363685,104000
2012-05-30,711.7872924804688,722.9438331149589,706.9527915388564,721.4562943636936,286000
2012-05-31,732.6128540039062,734.4722774912258,705.4652710890407,706.5809251814323,239600
2012-06-01,725.1753540039062,729.2660867700822,717.3657732684796,725.9191235977564,129600
2012-06-04,719.2250366210938,722.9438837597758,712.159227057598,715.87807419628,149400
2012-06-05,727.7784423828125,731.497289814508,719.968862776252,719.968862776252,154600
2012-06-06,727.7784423828125,730.0097508418298,721.0845170057606,725.1752491806257,119000
2012-06-07,735.5879516601562,736.3317210753839,725.9189492621966,728.8940269231073,202000
2012-06-08,722.572021484375,730.0097159927061,714.7624422506273,730.0097159927061,197000
2012-06-11,713.27490234375,726.2908677149863,710.6717092695027,725.1752135403088,154200
2012-06-12,713.646728515625,714.0186132100052,706.580919322401,712.1591897381041,78600
2012-06-13,714.3905639648438,718.4812959813004,710.6717166771558,712.159255592231,71800
2012-06-14,712.1593627929688,717.3657497794447,708.8123997302342,714.7625562862067,77000
2012-06-15,718.1095581054688,728.5223326404005,713.6469404476409,728.5223326404005,135000
2012-06-18,717.3656005859375,724.0595253192433,714.3905229266906,719.9687935377787,65600
2012-06-19,715.506103515625,720.7124888842418,714.0185648388773,715.8779881848119,63400
2012-06-20,723.6878051757812,728.8941922633768,717.7376485042436,717.7376485042436,100600
2012-06-21,729.265869140625,730.3815231984638,722.9438294795385,723.6875988514311,130200
2012-06-22,726.662841796875,731.1254590443481,724.4315331731384,725.175302714384,67400
2012-06-25,727.0345458984375,734.4722394626159,726.6626612202286,727.7783152548554,89200
2012-06-26,722.2000732421875,731.8690752526389,722.2000732421875,726.2908048619938,85400
2012-06-27,731.4971923828125,732.6128464637218,722.5719597355387,722.5719597355387,54400
2012-06-28,753.4384155273438,755.6697237668127,731.1253331326544,735.5879496115923,231200
2012-06-29,752.6947021484375,755.669780022542,740.7943906520195,748.6039700715438,124400
2012-07-02,740.4225463867188,754.9260518156901,739.6787768775407,754.9260518156901,107600
2012-07-03,743.025634765625,751.9508676156624,742.2818653614552,750.091444105238,73800
2012-07-04,738.93505859375,745.628984640397,738.93505859375,743.7695607385506,85800
2012-07-05,737.8191528320312,739.6785761002571,734.8440756028698,738.1910374856764,55000
2012-07-06,735.216064453125,743.7694126991654,734.1004103340763,737.8192573975721,117800
2012-07-09,744.7490844726562,750.4632704283213,734.1003448094679,737.075422194714,130200
2012-07-10,741.9100952148438,748.604020885955,740.7944409363251,744.513288531387,52200
2012-07-11,741.9100952148438,744.1414037718808,735.2161695437323,741.5382104553375,55000
2012-07-12,738.1912231445312,747.8602265711095,736.7036841558269,742.6538401106443,109000
2012-07-13,737.8191528320312,738.9348067929668,733.7284216419342,735.5878449101601,105600
2012-07-17,741.9100952148438,741.9100952148438,730.753552429658,734.8442847842261,71800
2012-07-18,741.9100952148438,744.8851732908932,737.4474781007694,741.9100952148438,70600
2012-07-19,738.93505859375,749.3478324440897,733.7286716685802,745.2570998600277,112400
2012-07-20,730.8428344726562,740.050521297576,728.893980775502,736.7035591409538,66600
2012-07-23,722.1361694335938,728.1502423140445,715.8780472188639,728.1502423140445,88400
2012-07-24,712.1593627929688,723.3159063354174,709.9280540844791,723.3159063354174,84400
2012-07-25,712.1593627929688,716.6219802099482,708.0686301607376,709.9280540844791,85000
2012-07-26,707.3248291015625,712.9031006244455,706.5810595651781,712.5312158562533,85200
2012-07-27,706.952880859375,719.2250771078544,701.7464945721413,719.2250771078544,157200
2012-07-30,706.208984375,713.2747930654291,702.862022363744,706.5808690429172,211200
2012-07-31,737.818603515625,752.6947195677918,706.2091267091091,706.2091267091091,340200
2012-08-01,747.8600463867188,750.8351236473322,733.3565447412279,733.7284293988047,205600
2012-08-02,731.4268798828125,746.0008867863435,725.9191081789344,746.0008867863435,149800
2012-08-03,721.8281860351562,723.6876094922277,714.018607515456,723.6876094922277,118600
2012-08-06,730.0095825195312,739.3066989550831,722.2000047136677,725.9188512878884,110600
2012-08-07,725.9190063476562,735.5880095059754,724.4314674002225,735.216124769117,79800
2012-08-08,731.1253051757812,736.3316908687929,724.8032654056957,734.1003827146451,105400
2012-08-09,727.7784423828125,735.9599067325427,727.406557639643,735.9599067325427,70200
2012-08-10,747.1163940429688,754.5540883589764,735.2160831373565,736.3317372847577,187000
2012-08-13,741.1663208007812,750.0915549699828,738.1912427443807,750.0915549699828,56800
2012-08-14,749.3475952148438,765.3386357082622,743.0255559500039,744.5130946005545,126800
2012-08-15,771.660888671875,773.148427734375,764.966962890625,767.942041015625,147800
2012-08-16,768.3138427734375,776.8671914587178,764.2231107935208,769.4294969497784,128400
2012-08-17,776.4954833984375,779.0986770688345,773.8922897280404,775.0079441582105,95400
2012-08-20,777.2392578125,779.4705666866029,773.5204096889953,775.7517185630982,126400
2012-08-21,781.70166015625,782.8173142858736,777.2390436377557,777.6109283476302,101200
2012-08-22,778.3545532226562,782.0733996307913,775.0075914553348,778.7264378634698,140000
2012-08-23,782.0735473632812,788.0237027402725,773.5201990088564,777.6109308305379,229600
2012-08-24,802.89892578125,804.7583489535086,783.1890401553092,785.0484633275678,184000
2012-08-27,813.3118286132812,815.5431367850598,795.0894785437564,797.320786715535,222800
2012-08-28,803.6428833007812,813.311886061457,799.9240360851368,813.311886061457,309400
2012-08-29,773.8919067382812,799.5519459333516,772.7762528602346,799.5519459333516,425800
2012-08-30,779.4703979492188,779.4703979492188,763.1074697479946,773.8921269715287,273400
2012-08-31,773.1483154296875,780.214124950209,766.0825059091661,767.1981600439852,99400
2012-09-03,771.2888793945312,775.3796111560259,758.644799404457,763.8511852827229,121000
2012-09-04,771.2888793945312,774.635841744845,763.107415871542,771.6607641001217,152800
2012-09-05,765.3387451171875,773.5202088647959,764.2230909697863,769.801361706792,72400
2012-09-06,766.8262329101562,774.6358114218505,762.3636166177597,765.7105788370571,122000
2012-09-07,765.3387451171875,773.5202088647959,762.7355521065848,771.660785285794,94200
2012-09-10,748.9758911132812,765.7107049663584,744.5132740857939,764.5950507094867,206200
2012-09-11,761.6198120117188,761.6198120117188,748.2319637537003,748.2319637537003,55800
2012-09-12,753.06640625,765.7104841820988,749.7194444444444,761.6197530864198,109600
2012-09-13,757.5291748046875,766.082523366547,751.9509040034748,753.0665581637173,107200
2012-09-14,759.760498046875,767.9419620493377,757.1573049551823,767.1981925945684,215000
2012-09-18,748.60400390625,760.5043159405271,744.141386893396,760.5043159405271,284600
2012-09-19,757.9010620117188,764.2231022738381,748.6039439791903,748.6039439791903,165600
2012-09-20,755.6697387695312,762.7355483347976,752.3227763438788,760.1323553370679,90200
2012-09-21,763.107421875,766.8262689601607,753.810304162098,754.5540735791301,131200
2012-09-24,767.9420166015625,770.1733251243758,761.9918605407271,762.3637452945293,87600
2012-09-25,770.9171142578125,771.2889990210821,761.2481104128037,767.1982666251168,156600
2012-09-26,773.5584716796875,776.577236447218,766.3889053568025,768.2756333365091,83600
2012-09-27,795.444580078125,799.5953819665782,769.7850774949596,772.4264968785208,198200
2012-09-28,772.0491333007812,795.4445615826231,766.0116034215963,795.4445615826231,152400
2012-10-01,773.1812133789062,776.9546697643573,770.1624482705455,773.1812133789062,61200
2012-10-02,769.0302734375,776.5771848549437,767.5208911540113,776.5771848549437,50000
2012-10-03,763.7474365234375,766.7662010946764,760.3513263807937,766.0115099518666,62000
2012-10-04,764.1246948242188,770.5395688054591,760.3512395411362,762.992658239294,58400
2012-10-05,766.7662353515625,770.5396912341981,758.4646324097641,764.8795074102447,96000
2012-10-09,765.6341552734375,776.1998311470976,765.256809706521,767.1435375411032,111400
2012-10-10,760.3512573242188,766.0114403812228,756.5778019528826,761.4832939356195,49800
2012-10-11,767.1435546875,770.5396648656542,756.9552241530374,758.4646064544393,123000
2012-10-12,776.2000122070312,777.7093948267824,766.3890251786488,769.0304447632133,107600
2012-10-15,770.5396728515625,778.841275595311,761.4833789492915,776.9545476990045,68800
2012-10-16,776.9546508789062,781.1054528020087,768.2757014033284,772.4265033264309,102000
2012-10-17,796.5765380859375,798.0859204413822,782.6147512980741,784.8788248312412,205200
2012-10-18,803.36865234375,805.2553800383102,794.6897049487729,798.8405058768054,189200
2012-10-19,805.6327514648438,810.53824362833,797.7084948930584,802.991332607582,91400
2012-10-22,792.04833984375,799.5952511333522,790.9163031503097,799.5952511333522,87200
2012-10-23,793.5577392578125,795.8218126936408,787.1428645229657,793.1803936851745,63400
2012-10-24,789.7841796875,795.0670170098244,783.3693057961061,786.0107244572682,165200
2012-10-25,791.2935791015625,793.5576522892637,783.7466684758919,790.1615425077119,213000
2012-10-26,792.8031616210938,795.4445810077418,785.2562490878134,785.6335947144775,243400
2012-10-29,793.9351196289062,798.0859211098559,789.4069725587794,792.4257372721974,142400
2012-10-30,792.4255981445312,796.1990533737909,765.6340660167875,786.7654153006417,521400
2012-10-31,795.444580078125,795.444580078125,766.3889668589525,784.8789025438804,347400
2012-11-01,792.04833984375,798.0858688754317,787.5201930699887,798.0858688754317,154600
2012-11-02,787.1431274414062,800.7275725937988,782.2376333585979,792.4259672228923,154200
2012-11-05,788.6524658203125,790.5391942074424,779.2188238846628,781.4828979492188,140800
2012-11-06,792.8031616210938,796.1992722610698,783.3695209544934,786.7656315944695,129600
2012-11-07,792.8031616210938,799.595382901046,790.5390878611097,796.1992722610698,216000
2012-11-08,787.1431274414062,790.5392387295044,783.3696704546306,787.1431274414062,181400
2012-11-09,792.4255981445312,798.0857809884207,781.1052324567522,781.8599235026041,93400
2012-11-12,793.5577392578125,799.9726139926594,788.6522468135179,789.029592386156,77200
2012-11-13,795.8218994140625,797.3312818690915,787.5202959114027,790.9164064352182,123400
2012-11-14,793.1803588867188,795.8217777793006,791.2936311063032,795.8217777793006,132400
2012-11-15,804.8779296875,807.1420026261428,790.1614555863221,793.1802195045125,111600
2012-11-16,810.9156494140625,811.2929949931291,799.972627621132,801.4820099373983,274800
2012-11-19,811.6702880859375,815.4437436325945,808.6515236486118,810.915596976606,177400
2012-11-20,820.726806640625,821.4814979570762,812.4252021596624,813.1798934761134,155200
2012-11-21,828.2735595703125,834.6884345191487,824.1227581328303,826.3868316441843,165000
2012-11-22,829.0281982421875,829.7828893648476,818.8398680862754,828.2735071195274,91600
2012-11-26,843.7447509765625,844.4994421670602,827.1415447856104,829.4056183571039,200400
2012-11-27,841.8580932617188,845.6315495291402,837.3299457408131,843.7448213954295,236200
2012-11-28,830.9152221679688,843.7449758254215,830.1605307763539,836.5754076050803,114800
2012-11-29,837.3298950195312,842.6127334739131,830.915019753496,830.915019753496,73200
2012-11-30,829.7830810546875,836.952648376215,827.5190071636788,836.952648376215,141000
2012-12-03,832.0469970703125,836.1977984162414,822.6133576477465,826.386813416773,125600
2012-12-04,835.820556640625,839.2166672545146,830.1603722841421,832.4244460267353,136200
2012-12-05,837.3298950195312,837.7072406234156,824.8774900913453,833.1790933768026,201200
2012-12-06,842.9900512695312,845.2541248181512,837.7072129894178,837.7072129894178,225800
2012-12-07,835.0658569335938,844.1221518122228,833.9338200737651,836.9525850333081,53200
2012-12-10,838.8390502929688,842.6125053100311,834.3109042724939,839.9710867980875,72000
2012-12-11,836.1978149414062,838.8392340319252,830.9149767603685,837.7071972788457,101800
2012-12-12,840.7260131835938,844.8768148644822,839.5939763615332,839.5939763615332,89400
2012-12-13,841.48046875,844.4992327634529,835.4429407230941,844.4992327634529,152200
2012-12-14,845.2542114257812,848.6503220966883,842.2354463849749,848.6503220966883,255800
2012-12-17,847.1410522460938,854.3106201715618,844.4996324840791,849.0277806475327,112800
2012-12-18,862.2345581054688,864.1212858037302,846.763390979725,849.0274642176388,198800
2012-12-19,855.8197631835938,864.8760569738963,853.5556897360182,864.8760569738963,136600
2012-12-20,857.7064819335938,865.25339334524,850.1595705219476,860.3479009276699,151400
2012-12-21,872.4229736328125,878.0831572852745,859.9705695973961,863.7440253657041,275000
2012-12-25,890.1583862304688,897.705299212499,872.4231407226976,886.3849297394536,162600
2012-12-26,895.0638427734375,896.1958796740785,888.2716213695919,892.0450777050617,126000
2012-12-27,899.592041015625,901.1014236347787,890.5357453007026,895.0638931581638,154000
2012-12-28,896.572998046875,903.7425632669468,892.4221971299913,901.8558355774543,131200
2013-01-04,918.459228515625,923.7420671348603,908.6482425084738,910.9123162024317,228800
2013-01-07,936.1942749023438,936.9489659744133,917.3269981006036,917.7043436366384,163600
2013-01-08,946.3826293945312,952.797503676711,935.816954106235,936.1942996522456,162800
2013-01-09,924.4965209960938,935.8168865593112,919.5910292520329,935.8168865593112,169400
2013-01-10,947.5147094726562,947.8920550359667,921.477865604232,924.496630110716,164600
2013-01-11,934.3076782226562,947.5147738356583,931.2889135111129,947.5147738356583,146000
2013-01-15,921.85546875,931.2891104686861,916.1952837187885,931.2891104686861,292200
2013-01-16,926.0061645507812,941.0999895638339,920.3459801708865,921.1006714215391,154800
2013-01-17,935.8171997070312,938.8359648673766,919.5913369701755,927.5155955160818,158000
2013-01-18,939.21337890625,953.5525144620706,931.2891197832965,940.3454159238148,209600
2013-01-21,940.3451538085938,947.1373740206943,939.5904626739159,940.3451538085938,68800
2013-01-22,940.72265625,944.8734581829121,938.0812368381468,941.1000018802647,116200
2013-01-23,952.04296875,957.3258072607015,938.0811812574316,938.0811812574316,200200
2013-01-24,952.04296875,955.061733613258,945.2507478076694,952.4203143579072,97600
2013-01-25,956.5712890625,961.0994371764053,950.9111039201183,950.9111039201183,104200
2013-01-28,955.0618286132812,960.3446676494668,955.0618286132812,958.4579394222577,107000
2013-01-29,952.4202270507812,959.2124473704778,943.7412788645023,943.7412788645023,65200
2013-01-30,975.4382934570312,979.211749137716,955.81632391747,958.4577428939494,143400
2013-01-31,1026.0025634765625,1030.1533645792629,996.1922646480784,999.9657201959877,243600
2013-02-01,1046.3792724609375,1068.6426612367022,1020.7197735329377,1026.3799571199963,255400
2013-02-04,1033.549560546875,1053.1715310282323,1021.4745017891167,1048.6433839940728,169800
2013-02-05,1029.3988037109375,1036.9457157616043,1022.2292372628042,1022.6065828653375,247200
2013-02-06,1042.6058349609375,1050.5300921213357,1033.1721954842733,1034.304232221473,159200
2013-02-07,1049.0206298828125,1051.6620487350353,1038.0776089236033,1041.851064426779,89600
2013-02-08,1051.284912109375,1056.190405238385,1037.7004695982703,1048.6434927322157,152600
2013-02-12,1060.3411865234375,1067.888098883035,1051.2848916919206,1051.2848916919206,158400
2013-02-13,1053.1715087890625,1059.5863836186627,1049.3980530069448,1052.7941632108507,125200
2013-02-14,1058.4539794921875,1067.1329247785761,1058.4539794921875,1063.3594703062333,113800
2013-02-15,1035.4365234375,1052.4170786688,1025.6255359705267,1052.4170786688,168200
2013-02-18,1055.058349609375,1060.7185338883953,1030.5308844002873,1030.5308844002873,124600
2013-02-19,1067.1331787109375,1070.9066340812026,1048.2659018596125,1051.6620116928511,144600
2013-02-20,1076.9442138671875,1086.755198296251,1061.4730461136644,1061.4730461136644,180800
2013-02-21,1081.849853515625,1091.660839281724,1073.5482501750796,1073.925595781468,153800
2013-02-22,1079.585693359375,1082.9818035447067,1073.9255097171554,1075.4348920217471,83400
2013-02-25,1084.86865234375,1093.1702559442936,1077.3217399796195,1082.9819242527174,101000
2013-02-26,1089.3966064453125,1092.03802530403,1074.3027843954987,1081.4723498691603,113000
2013-02-27,1084.4913330078125,1089.3968261633802,1075.4350379513799,1089.3968261633802,125000
2013-02-28,1090.9061279296875,1094.3022383244877,1083.736561540665,1084.4912527395095,92800
2013-03-01,1098.8299560546875,1104.4901378338154,1086.3775561406062,1091.2830470158503,123200
2013-03-04,1121.0938720703125,1128.2634390744647,1101.849244848641,1101.849244848641,136400
2013-03-05,1106.0,1137.697031729785,1104.8679631525076,1129.7727737973387,107400
2013-03-06,1130.90478515625,1132.0368219782283,1110.5281223606419,1112.0375047899463,87200
2013-03-07,1128.2633056640625,1137.696945343528,1128.2633056640625,1132.0367615358487,70400
2013-03-08,1129.3955078125,1135.8103837339208,1118.4524841818409,1125.9993970305713,175200
2013-03-11,1147.1304931640625,1150.903948733681,1130.1499431007787,1132.036670885588,126000
2013-03-12,1182.9783935546875,1186.7518493554999,1143.3571076461574,1149.017291347376,254000
2013-03-13,1181.0914306640625,1196.1852508642423,1177.3179756140175,1179.20470313904,109200
2013-03-14,1186.751953125,1188.6386811903815,1175.4315847327107,1181.0917689288553,76800
2013-03-15,1192.4124755859375,1194.2992041865482,1182.9788325828843,1184.865561183495,100800
2013-03-18,1182.9783935546875,1192.4120330567184,1177.318209853469,1192.4120330567184,109400
2013-03-19,1192.4124755859375,1198.0726613877696,1171.6584609792203,1173.545189579831,208200
2013-03-21,1228.2601318359375,1233.9203167752735,1207.506120391705,1207.506120391705,170200
2013-03-22,1230.146240234375,1252.786968582247,1228.2595128720523,1230.146240234375,196000
2013-03-25,1245.2403564453125,1256.560723322088,1233.919989568537,1237.6934451941288,196600
2013-03-26,1262.220947265625,1267.8811308856502,1250.9005800255745,1262.220947265625,222400
2013-03-27,1272.5078125,1276.3177161302397,1245.8384870883235,1259.1731497941616,210200
2013-03-28,1272.5078125,1280.127619760479,1259.1731497941616,1272.5078125,126600
2013-03-29,1257.2681884765625,1274.4127546830612,1249.6483812736742,1274.4127546830612,106200
2013-04-01,1179.1651611328125,1245.838473959385,1175.3552575427227,1243.93352216434,207800
2013-04-02,1162.020751953125,1192.4999847912397,1121.2547780321465,1150.591039638832,199600
2013-04-03,1200.1195068359375,1209.644264826699,1152.4957168821306,1154.4006684802828,187800
2013-04-04,1222.97900390625,1228.6938590646905,1188.6898729556074,1196.309679833528,250800
2013-04-05,1240.12353515625,1245.83839015697,1217.2641151533699,1236.3136318224367,295800
2013-04-08,1270.6025390625,1272.5074903954273,1238.2183664027361,1243.933220401518,193600
2013-04-09,1310.6065673828125,1316.3214216010515,1262.9827822308207,1270.6025878551395,270400
2013-04-10,1322.0364990234375,1329.6563059342354,1301.0820300187431,1318.2265955680384,157400
2013-04-11,1335.3712158203125,1341.086071237518,1310.6068423457561,1325.846456791637,164800
2013-04-12,1331.561279296875,1339.1810863314781,1327.7513757795734,1335.3711828141766,102400
2013-04-15,1348.705810546875,1356.3256173861228,1331.5612451585673,1341.086003707627,158000
2013-04-16,1335.3712158203125,1360.1355892948689,1323.941504985902,1346.800926654723,152400
2013-04-17,1339.1810302734375,1350.610740346895,1333.4661752367088,1341.085981952347,55800
2013-04-18,1337.2764892578125,1348.7062028412126,1323.9418234105124,1339.1814415217125,68600
2013-04-19,1344.89599609375,1350.6108516012305,1316.3217185563474,1331.561333242962,96000
2013-04-22,1365.8504638671875,1369.6603675320891,1344.8959937102293,1344.8959937102293,84600
2013-04-23,1371.565185546875,1371.565185546875,1352.5156690809463,1367.7552822536893,97800
2013-04-24,1377.280029296875,1377.280029296875,1363.945367879063,1371.565174403527,71000
2013-04-25,1382.9949951171875,1384.8999469010955,1367.7553808459238,1371.5652844137398,84000
2013-04-26,1341.085693359375,1390.614426352761,1337.2757908214223,1386.8045238148084,94200
2013-04-30,1358.2305908203125,1371.5652530022792,1341.086025157784,1354.4206873397507,98600
2013-05-01,1342.9910888671875,1371.5653673537233,1342.9910888671875,1363.945559757314,102200
2013-05-02,1362.04052734375,1362.04052734375,1335.3712023328233,1335.3712023328233,73800
2013-05-07,1396.3294677734375,1398.2344192983671,1365.850243374563,1371.565097949352,98200
2013-05-08,1417.2841796875,1436.3336982316869,1402.0445648521504,1409.6643722698252,144200
2013-05-09,1419.1890869140625,1426.8088940921245,1415.3791833250314,1424.903942297609,125800
2013-05-10,1419.1890869140625,1426.8088940921245,1413.474231530516,1419.1890869140625,229000
2013-05-13,1421.0941162109375,1426.8089719061556,1413.474308617313,1424.9040200077495,184400
2013-05-14,1419.1890869140625,1428.71384588664,1419.1890869140625,1422.9989905030934,152200
2013-05-15,1386.8046875,1422.9987658825548,1381.089833018544,1419.1888628949175,194000
2013-05-16,1362.04052734375,1388.7098523546765,1341.0860576923076,1386.8049005681817,240800
2013-05-17,1371.565185546875,1386.804798719618,1335.3711042616103,1356.325572374132,485400
2013-05-20,1354.420654296875,1375.3751229287536,1348.7057992154537,1373.4701712349463,256800
2013-05-21,1341.085693359375,1362.0401573181152,1329.6559857455168,1354.4203522422097,205800
2013-05-22,1306.7967529296875,1342.990832092463,1304.8918013948046,1341.0858805575801,311200
2013-05-23,1270.6025390625,1339.1807870478822,1270.6025390625,1333.4659330491004,693200
2013-05-24,1238.21875,1262.983125,1211.549423076923,1222.9791346153845,425400
2013-05-27,1230.598876953125,1257.2682024598491,1162.020611364406,1162.020611364406,246600
2013-05-28,1209.644287109375,1236.3136099747785,1205.8343838428887,1209.644287109375,164800
2013-05-29,1266.79296875,1285.8424870770677,1224.884028430451,1224.884028430451,455000
2013-05-30,1202.0244140625,1243.9333476748216,1194.4046079511688,1240.123444619156,178800
2013-05-31,1226.7886962890625,1253.4580157736073,1215.3589879385434,1221.0738421138028,204800
2013-06-03,1181.0699462890625,1211.5491707094254,1179.1649947627898,1211.5491707094254,93200
2013-06-04,1203.9298095703125,1205.8347618006453,1156.3060038119932,1181.0703828063192,135000
2013-06-05,1173.4503173828125,1217.2642091032747,1173.4503173828125,1190.5948837082108,84000
2013-06-06,1134.5892333984375,1162.0205378996757,1132.3032913566676,1150.5908276908265,228200
2013-06-07,1146.7811279296875,1162.02074424769,1104.8721830551806,1123.9217034526837,246600
2013-06-10,1179.1651611328125,1182.9750647229023,1148.6859324120935,1148.6859324120935,168600
2013-06-11,1162.020751953125,1181.0702724769467,1146.7811355340677,1165.8306560578894,179000
2013-06-12,1150.591064453125,1156.3059207335214,1129.6365914250052,1144.8762081727286,280600
2013-06-13,1123.5406494140625,1137.2563033234917,1096.8713223679506,1135.3513513916264,341200
2013-06-14,1128.1123046875,1152.4956844578478,1123.5404209805597,1134.5891399389986,274600
2013-06-17,1165.8304443359375,1165.8304443359375,1109.443873825572,1118.587642016442,185200
2013-06-18,1165.8304443359375,1186.7849131066814,1148.685878978056,1177.2601545745251,266600
2013-06-19,1198.2147216796875,1200.1196735424533,1179.1652030520295,1184.8800586403268,197200
2013-06-20,1196.3096923828125,1202.0245476012017,1177.2601749881817,1192.4997889038864,226200
2013-06-21,1221.0740966796875,1224.8840002574714,1179.1651573240665,1186.7849644796338,504000
2013-06-24,1211.5491943359375,1242.0284193506782,1209.6442427725162,1242.0284193506782,86600
2013-06-25,1203.9298095703125,1221.0743796433073,1190.595143957983,1217.264475182642,172800
2013-06-26,1188.68994140625,1257.2682072566106,1181.0701340895432,1257.2682072566106,146600
2013-06-27,1222.97900390625,1222.97900390625,1192.4997763945678,1207.7393901504088,166200
2013-06-28,1257.2681884765625,1257.2681884765625,1211.549345259233,1211.549345259233,133000
2013-07-01,1266.79296875,1268.6979205827067,1234.408787593985,1255.3632577537594,132200
2013-07-02,1285.8424072265625,1289.652310655382,1270.6027935112847,1285.8424072265625,155800
2013-07-03,1280.1275634765625,1285.8424186706543,1262.982997894287,1278.2226117451985,127800
2013-07-04,1282.032958984375,1287.7478161566678,1266.7933398582604,1266.7933398582604,212400
2013-07-05,1280.1275634765625,1282.0325152079263,1272.5077565511067,1276.3176600138345,109600
2013-07-08,1282.032958984375,1293.4626733289608,1282.032958984375,1285.8428637659035,201400
2013-07-09,1287.7471923828125,1293.4620467868783,1278.222435042703,1291.5570953188565,213200
2013-07-10,1287.7471923828125,1291.5570953188565,1280.1273865107248,1291.5570953188565,119600
2013-07-11,1291.5572509765625,1293.462202674168,1276.317637395718,1285.842395883746,172400
2013-07-12,1291.5572509765625,1295.3671543717737,1276.317637395718,1276.317637395718,253200
2013-07-16,1312.5120849609375,1325.846750555606,1293.4625626828397,1295.3675149106493,321000
2013-07-17,1301.08203125,1312.5117416270132,1289.6523208729868,1293.4622243319911,167600
2013-07-18,1299.1771240234375,1308.7018829972164,1291.5573168444143,1304.8919794077049,782000
2013-07-19,1314.416748046875,1322.0365552819294,1291.557326341712,1306.7969408118206,226000
2013-07-22,1306.7967529296875,1322.0363652087508,1295.3670437203898,1322.0363652087508,122200
2013-07-23,1333.4661865234375,1335.371138218471,1304.8919110979352,1306.7968627929688,145000
2013-07-24,1322.0364990234375,1333.4662093896343,1318.2265955680384,1333.4662093896343,145600
2013-07-25,1318.2266845703125,1323.941540139259,1306.7969734324197,1314.4167808576815,126800
2013-07-26,1302.987060546875,1312.5118197613988,1287.7474458036365,1299.1771568610654,201200
2013-07-29,1274.412841796875,1287.7475053134344,1266.793034073127,1287.7475053134344,77000
2013-07-30,1308.7020263671875,1310.6069783706332,1262.9831782844908,1262.9831782844908,129600
2013-07-31,1325.846435546875,1360.1355675006735,1297.2721589187097,1323.941483771664,466600
2013-08-01,1358.2305908203125,1360.1355425605934,1314.4167007938509,1327.7513629758175,342200
2013-08-02,1392.5194091796875,1392.5194091796875,1341.08572375171,1358.2302855610358,344800
2013-08-05,1377.280029296875,1390.6146907146872,1362.040416247947,1379.184980927991,187800
2013-08-06,1405.8544921875,1405.8544921875,1371.5653582317073,1386.8049733231708,138000
2013-08-07,1381.0899658203125,1402.0444342672415,1371.565207435345,1402.0444342672415,190400
2013-08-08,1369.66015625,1386.8047200973574,1354.4205439412378,1367.7552047114048,134400
2013-08-09,1367.7552490234375,1381.089910225616,1356.3255394215703,1375.3750554246824,93000
2013-08-12,1339.1810302734375,1350.610740346895,1329.6562718788896,1350.610740346895,94200
2013-08-13,1381.0899658203125,1382.994917497306,1358.2305456963902,1360.1354973733837,80600
2013-08-14,1390.6151123046875,1390.6151123046875,1369.6606380096855,1384.900255678778,57800
2013-08-15,1371.565185546875,1390.614702012804,1362.0404273139106,1390.614702012804,74600
2013-08-16,1362.04052734375,1369.660334489729,1352.5157684112762,1360.1355755572552,35400
2013-08-19,1341.085693359375,1360.135206049139,1333.4658882834694,1360.135206049139,125000
2013-08-20,1301.08203125,1329.656307192533,1299.1770795204977,1329.656307192533,247600
2013-08-21,1293.4622802734375,1299.1771357091081,1270.6028585307554,1299.1771357091081,191800
2013-08-22,1283.937255859375,1312.5115271322097,1274.4124987684302,1312.5115271322097,128400
2013-08-23,1299.1771240234375,1306.7969312024607,1287.7474132549028,1295.367220433926,95600
2013-08-26,1291.5572509765625,1302.9869611621957,1280.1275407909293,1302.9869611621957,151200
2013-08-27,1278.2225341796875,1302.986905184659,1278.2225341796875,1293.4621471058238,120200
2013-08-28,1245.83837890625,1259.173040454176,1232.5037173583237,1257.2680888044724,152800
2013-08-29,1255.363037109375,1257.267988607265,1240.1234251262567,1247.7432311178159,99200
2013-08-30,1207.7392578125,1245.8382880274053,1203.9293547910095,1245.8382880274053,181400
2013-09-02,1213.4542236328125,1232.5037404873308,1213.4542236328125,1213.4542236328125,127800
2013-09-03,1259.1732177734375,1259.1732177734375,1215.3593236602921,1215.3593236602921,145000
2013-09-04,1257.2681884765625,1261.0780920780066,1240.123622270064,1261.0780920780066,128800
2013-09-05,1251.55322265625,1268.6977873501712,1243.9334161256184,1261.0779808195396,56200
2013-09-06,1238.21875,1259.173221153846,1226.7890384615384,1257.2682692307692,170000
2013-09-09,1270.6025390625,1270.6025390625,1243.933220401518,1251.553025733227,90400
2013-09-10,1262.983154296875,1274.4128661004665,1257.2682983950792,1268.6980101986708,72600
2013-09-11,1243.9337158203125,1276.317901377656,1242.028763728704,1276.317901377656,80600
2013-09-12,1242.0283203125,1242.0283203125,1222.9788061972777,1242.0283203125,159400
2013-09-13,1264.887939453125,1264.887939453125,1240.1235671445547,1242.0285188605985,226200
2013-09-17,1261.0780029296875,1280.127519590257,1261.0780029296875,1264.8879062618014,76400
2013-09-18,1270.6025390625,1278.2223443942091,1261.0777823978635,1276.3173930612818,100000
2013-09-19,1297.272216796875,1297.272216796875,1278.2226981948652,1283.9375537754681,103000
2013-09-20,1308.7020263671875,1316.3218343809701,1302.9871703568504,1304.892122360296,108400
2013-09-24,1314.416748046875,1318.2266516644022,1297.2721817680026,1299.1771335767662,101600
2013-09-25,1320.1318359375,1322.03678808171,1304.8922187838205,1322.03678808171,141800
2013-09-26,1332.8250732421875,1332.8250732421875,1302.0527771788759,1319.3621937144887,106600
2013-09-27,1344.3648681640625,1352.0579432322402,1327.0554492606625,1330.9019867947513,151200
2013-09-30,1319.3621826171875,1323.208719592748,1303.9760347149463,1319.3621826171875,129800
2013-10-01,1298.2060546875,1311.6689322916666,1292.43625,1311.6689322916666,98600
2013-10-02,1294.3599853515625,1305.899598891101,1277.050565042255,1302.053061044588,134200
2013-10-03,1288.5899658203125,1302.0528460602263,1280.8968913975048,1294.3597716374184,98200
2013-10-04,1273.203857421875,1288.5900067562784,1273.203857421875,1278.973663422276,61000
2013-10-07,1278.973876953125,1284.7436839168233,1267.4342630257283,1271.2808010015272,88000
2013-10-08,1275.126953125,1278.97348993684,1242.431390224359,1265.5106110953996,158800
2013-10-09,1300.12939453125,1300.12939453125,1265.5105644993528,1275.1269061748799,138000
2013-10-10,1332.8250732421875,1334.7483417461444,1288.589897651177,1288.589897651177,135800
2013-10-11,1344.3648681640625,1344.3648681640625,1332.8252555617958,1340.5183306299737,84000
2013-10-15,1328.978515625,1346.2879318921853,1323.208710202605,1346.2879318921853,69800
2013-10-16,1317.4388427734375,1332.8249898423244,1311.669037622605,1328.9784530751026,53600
2013-10-17,1323.20849609375,1336.6713732342387,1311.6688871161882,1325.131764256677,64000
2013-10-18,1319.3621826171875,1325.131988080528,1311.669108666067,1311.669108666067,33600
2013-10-21,1303.9759521484375,1327.0551725404453,1296.282878684435,1307.8224888804389,111600
2013-10-22,1307.8228759765625,1319.3624895881205,1303.9763381060432,1313.5926827823414,49000
2013-10-23,1286.6668701171875,1334.7485917209688,1286.6668701171875,1315.5159030794562,140200
2013-10-24,1294.3599853515625,1300.1297921213318,1275.1272961189984,1282.8203718120242,101800
2013-10-25,1277.05029296875,1294.3597095903144,1265.510681887707,1294.3597095903144,136400
2013-10-28,1278.973876953125,1286.6669529047226,1265.5109940378288,1278.973876953125,122200
2013-10-29,1282.820068359375,1292.4364107008996,1275.1269944861554,1275.1269944861554,83600
2013-10-30,1302.052978515625,1307.8227849196824,1277.0504840980427,1294.359903310215,301600
2013-10-31,1294.3599853515625,1311.66940566087,1292.4367164283062,1296.283254274819,106800
2013-11-01,1246.2779541015625,1307.8225444275656,1240.5081487584996,1303.9760075321904,257800
2013-11-05,1277.05029296875,1278.973561482257,1244.3547282391285,1246.2779967526355,204000
2013-11-06,1286.6668701171875,1288.5901389813387,1261.6643748832212,1275.12725693228,105400
2013-11-07,1265.5108642578125,1277.050477001805,1257.817789095151,1275.1272082111393,100800
2013-11-08,1250.1246337890625,1263.587514460637,1246.278096454327,1252.0479024564304,77000
2013-11-11,1255.8944091796875,1269.3572895231146,1248.2013346977292,1259.7409464206667,64000
2013-11-12,1284.743408203125,1284.743408203125,1253.971111000655,1255.8943795758094,109400
2013-11-13,1257.8177490234375,1286.6667799643421,1253.9712115646503,1282.820242505555,87800
2013-11-14,1271.2806396484375,1277.0504458798223,1257.8177584418731,1271.2806396484375,91600
2013-11-15,1278.973876953125,1286.6669529047226,1277.0506079652255,1278.973876953125,123600
2013-11-18,1267.43408203125,1286.6667691637424,1265.5108133180008,1286.6667691637424,75600
2013-11-19,1275.126953125,1286.6665635605202,1271.2804163131598,1271.2804163131598,62800
2013-11-20,1271.2806396484375,1282.820252111207,1269.3573709046427,1278.9737146236173,48200
2013-11-21,1271.2806396484375,1284.7435208550019,1269.3573709046427,1273.2039083922325,68800
2013-11-22,1261.6640625,1275.1269412157012,1255.894257336128,1273.203672827744,98200
2013-11-25,1269.3575439453125,1269.3575439453125,1263.5877369273794,1263.5877369273794,70200
2013-11-26,1267.43408203125,1273.2038881709977,1263.5875446047514,1263.5875446047514,74800
2013-11-27,1257.8177490234375,1271.280630129193,1255.894480294044,1271.280630129193,100400
2013-11-28,1261.6640625,1263.5873308879573,1257.8175257240853,1263.5873308879573,27800
2013-11-29,1259.7408447265625,1263.5873816570252,1252.047770865637,1259.7408447265625,50000
2013-12-02,1250.1246337890625,1267.4340517953726,1248.2013651216946,1259.7409771259015,120800
2013-12-03,1253.9710693359375,1261.6641433809432,1250.1245323134347,1253.9710693359375,83400
2013-12-04,1244.354736328125,1257.8176160101912,1242.4314678021155,1252.0478104321628,112400
2013-12-05,1223.19873046875,1246.277951798349,1221.275462024617,1246.277951798349,121000
2013-12-06,1225.1221923828125,1236.6618048699347,1215.505848643544,1228.96872987852,96800
2013-12-09,1223.19873046875,1250.1244886866157,1219.3521935804836,1225.1219989128833,193800
2013-12-10,1238.5848388671875,1242.4313756338559,1225.1219601838486,1225.1219601838486,83600
2013-12-11,1221.2755126953125,1240.5081979346087,1217.4289756474532,1238.5849294106793,102600
2013-12-12,1217.4290771484375,1221.275614516995,1211.6592710956013,1211.6592710956013,111400
2013-12-13,1230.89208984375,1238.5851654052733,1217.429207611084,1232.8153587341308,301600
2013-12-16,1198.1961669921875,1225.1219235538097,1196.2728986663574,1223.1986552279795,120600
2013-12-17,1209.736083984375,1213.5826216123062,1196.2732022866157,1198.1964711005812,136400
2013-12-18,1217.4290771484375,1223.1988832012737,1207.812733727044,1211.6592710956013,104600
2013-12-19,1230.89208984375,1230.89208984375,1215.505938720703,1215.505938720703,423600
2013-12-20,1230.89208984375,1232.8153587341308,1219.3524765014647,1221.2757453918457,144000
2013-12-24,1238.5848388671875,1240.5081072505216,1228.9684969505167,1230.891765333851,177200
2013-12-25,1238.5848388671875,1240.5081072505216,1230.891765333851,1230.891765333851,176000
2013-12-26,1255.8944091796875,1259.7409464206667,1238.5849915952815,1252.0478719387083,95600
2013-12-27,1273.203857421875,1273.203857421875,1255.8944394206712,1255.8944394206712,139600
2013-12-30,1280.89697265625,1284.7435101116741,1273.2038977454017,1277.0504352008259,81200
2014-01-06,1284.743408203125,1296.2830196540513,1277.0503339025074,1288.5899453534337,131400
2014-01-07,1290.513427734375,1300.1297722033346,1282.8203521592075,1286.6668899467911,151600
2014-01-08,1317.4388427734375,1317.4388427734375,1296.282890553718,1298.206158937329,168200
2014-01-09,1309.745849609375,1313.5923866126332,1292.4364330947137,1313.5923866126332,73200
2014-01-10,1298.2060546875,1300.1293229166668,1273.2035677083334,1300.1293229166668,156600
2014-01-14,1286.6668701171875,1296.2832144379438,1280.8970635247338,1296.2832144379438,86200
2014-01-15,1296.2828369140625,1298.2061052180893,1280.896690481848,1296.2828369140625,94800
2014-01-16,1282.820068359375,1300.1294845741193,1282.820068359375,1286.666605295985,88600
2014-01-17,1278.973876953125,1290.5134908805217,1277.0506079652255,1280.8971459410245,59200
2014-01-20,1298.2060546875,1300.1293229166668,1275.1268359375001,1280.896640625,80400
2014-01-21,1294.3599853515625,1302.053061044588,1292.4367164283062,1296.283254274819,48800
2014-01-22,1277.05029296875,1296.2829781038215,1265.510681887707,1296.2829781038215,105600
2014-01-23,1257.8177490234375,1280.896973776161,1257.8177490234375,1277.0504363173739,86600
2014-01-24,1223.19873046875,1240.5081464659493,1217.4289251363502,1240.5081464659493,196400
2014-01-27,1202.04296875,1215.50585,1198.1964312500002,1211.6593125,123400
2014-01-28,1188.5799560546875,1211.6591785023513,1188.5799560546875,1205.8893728904354,115800
2014-01-29,1205.889404296875,1211.659210059061,1188.579987010317,1196.2730613598983,120200
2014-01-30,1203.9661865234375,1207.8127238605732,1177.0404251634884,1192.4265745120308,269000
2014-01-31,1357.8277587890625,1359.751027569217,1269.3573949019565,1288.5900827035014,619800
2014-02-03,1365.5205078125,1392.4462643045774,1313.5922631492078,1323.208604753521,495000
2014-02-04,1311.6690673828125,1342.4413622187728,1300.1294568193273,1334.7482885097827,248200
2014-02-05,1302.052978515625,1319.362397727797,1300.1297097142724,1313.5925913237397,236200
2014-02-06,1263.5875244140625,1290.513285969309,1261.664255731545,1288.5900172867914,124600
2014-02-07,1269.3575439453125,1284.7436959931345,1261.6644679214016,1275.1273509632458,98400
2014-02-10,1290.513427734375,1298.2065033095428,1282.8203521592075,1290.513427734375,48800
2014-02-12,1313.5924072265625,1319.362212821994,1294.3597219084577,1296.2829904402681,98200
2014-02-13,1309.745849609375,1325.1319976224074,1303.976044104488,1315.5156551142622,87400
2014-02-14,1302.052978515625,1325.1322041318547,1292.4366345088627,1319.362397727797,97600
2014-02-17,1321.2852783203125,1325.1318147928607,1292.436254776201,1302.0525959575714,72200
2014-02-18,1350.1346435546875,1352.0579122776999,1313.5925378174525,1321.285612709502,124200
2014-02-19,1353.9808349609375,1355.9041031924162,1328.9783479517157,1342.441225572066,154800
2014-02-20,1348.2113037109375,1355.9043781971625,1344.364766467825,1346.2880350893813,101600
2014-02-21,1375.136962890625,1377.0602313701922,1348.2112041766827,1348.2112041766827,116200
2014-02-24,1344.3648681640625,1373.213899669729,1328.978718027707,1373.213899669729,349800
2014-02-25,1361.6741943359375,1361.6741943359375,1338.594970703125,1352.057851155599,124800
2014-02-26,1340.518310546875,1361.6742666674138,1328.97869811749,1359.750997929183,252000
2014-02-27,1344.3648681640625,1352.0579432322402,1336.6717930958848,1352.0579432322402,62800
2014-02-28,1330.9019775390625,1346.2881275684158,1302.0529462340248,1346.2881275684158,256200
2014-03-03,1350.1346435546875,1352.0579122776999,1311.66926909444,1315.5158065404648,151200
2014-03-04,1369.3670654296875,1375.1368704806553,1344.3645768754936,1344.3645768754936,207600
2014-03-05,1355.904296875,1373.213713430851,1352.0577598625887,1369.3671764184396,86800
2014-03-06,1352.0576171875,1355.904153794008,1340.5180073679767,1355.904153794008,61200
2014-03-07,1369.3670654296875,1369.3670654296875,1350.1343819264614,1355.9041869774294,47600
2014-03-10,1363.5975341796875,1373.213877862196,1361.6742654431857,1365.520802916189,44800
2014-03-11,1371.2904052734375,1380.906747526407,1352.0577207674987,1369.3671368228436,71800
2014-03-12,1338.594970703125,1363.5974629720054,1338.594970703125,1363.5974629720054,58400
2014-03-13,1340.518310546875,1346.2881167615674,1334.7485043321826,1338.595041808644,67000
2014-03-14,1303.9759521484375,1325.1319041744446,1300.1294154164361,1317.438830710442,192200
2014-03-17,1280.89697265625,1300.129659933371,1275.127166473114,1300.129659933371,106400
2014-03-18,1317.4388427734375,1327.0551846914918,1284.743280252053,1288.5898170192747,75000
2014-03-19,1313.5924072265625,1330.9018240128569,1302.0527960356997,1321.2854813538045,88400
2014-03-20,1319.3621826171875,1346.2879414461097,1319.3621826171875,1332.8250620316487,75400
2014-03-24,1359.7510986328125,1369.3674430361564,1332.82533430345,1340.518409826125,120400
2014-03-25,1371.2904052734375,1390.5230897793763,1361.674063020468,1361.674063020468,195800
2014-03-26,1411.6790771484375,1413.602345645915,1390.5231236761856,1396.292929168618,229800
2014-03-27,1414.3990478515625,1418.2847595214844,1383.3133544921875,1387.1990661621094,145400
2014-03-28,1431.8848876953125,1431.8848876953125,1404.6849033971655,1406.6277594184617,112800
2014-03-31,1449.370849609375,1453.256562342912,1422.1708604746145,1433.8279986752261,133600
2014-04-01,1439.65625,1441.5991059379219,1391.084851551957,1431.8848262483132,185800
2014-04-02,1426.056396484375,1453.2563822483821,1426.056396484375,1443.5421016183795,114800
2014-04-03,1441.59912109375,1449.3705449271395,1412.4562817185395,1416.3419936352343,105200
2014-04-04,1441.59912109375,1457.141968760529,1431.8848413020132,1441.59912109375,97600
2014-04-07,1418.28466796875,1431.8846579355736,1412.4561008401113,1420.2275236782962,43000
2014-04-08,1379.4276123046875,1404.684737600407,1377.484756512709,1396.9133144324935,98400
2014-04-09,1356.11328125,1371.6561268803725,1346.3990027310172,1363.8847040651863,167800
2014-04-10,1352.227783203125,1369.7134872962688,1342.5135031513785,1356.1134952238237,162400
2014-04-11,1321.14208984375,1340.570649988511,1309.4849537568932,1340.570649988511,223000
2014-04-14,1338.6278076171875,1358.0563679599625,1319.1992472744128,1319.1992472744128,96000
2014-04-15,1375.5419921875,1381.3705599510065,1334.7420178429556,1365.8277125816562,199600
2014-04-16,1398.856201171875,1398.856201171875,1371.6562194824219,1393.0276336669922,85600
2014-04-17,1402.741943359375,1420.2276462544364,1391.0848080960009,1398.856231604917,90000
2014-04-18,1396.91357421875,1406.6278549852225,1389.142149605572,1406.6278549852225,41800
2014-04-21,1410.513427734375,1418.2848515786413,1400.7991479290417,1408.5705717733083,44800
2014-04-22,1394.970703125,1412.4564083173746,1394.970703125,1410.5135521848886,45400
2014-04-23,1412.4561767578125,1414.3990325717848,1389.1419069901458,1406.6276093158958,59800
2014-04-24,1410.513427734375,1426.056275422908,1400.7991479290417,1418.2848515786413,103800
2014-04-25,1381.3707275390625,1412.4564260490836,1379.4278713821861,1383.3135836959389,90800
2014-04-28,1381.3707275390625,1383.3135836959389,1365.827878284052,1377.48501522531,91400
2014-04-30,1393.0277099609375,1400.79913372641,1381.3705743127289,1381.3705743127289,62600
2014-05-01,1398.856201171875,1406.6276245117188,1385.2562103271484,1396.913345336914,101800
2014-05-02,1406.6275634765625,1408.5704192272208,1389.1418617206384,1391.0847174712967,80600
2014-05-07,1356.11328125,1394.9703953259311,1356.11328125,1394.9703953259311,129600
2014-05-08,1352.227783203125,1361.9420632548715,1344.4563591617277,1356.1134952238237,76400
2014-05-09,1352.227783203125,1363.884919265221,1321.142087037536,1340.5706471410292,134600
2014-05-12,1340.57080078125,1354.170794412364,1321.142238451087,1340.57080078125,170600
2014-05-13,1338.6278076171875,1354.1706558914075,1334.7420955486325,1346.3992317542975,98800
2014-05-14,1348.342041015625,1352.2277529493874,1332.7991932805744,1334.7420492474557,107200
2014-05-15,1325.0277099609375,1334.741989359478,1317.256286442105,1334.741989359478,161400
2014-05-16,1295.885009765625,1323.084994978097,1293.9421536790198,1323.084994978097,181400
2014-05-19,1293.94189453125,1303.656173018722,1291.9990388337558,1295.8847502287445,67400
2014-05-20,1286.1710205078125,1293.9424466136,1270.6281682962378,1291.9995900871531,173400
2014-05-21,1286.1710205078125,1299.7710161929404,1278.399594402025,1290.056733560706,104800
2014-05-22,1291.9993896484375,1311.4279518987898,1288.113677198367,1293.9422458734728,59200
2014-05-23,1325.0277099609375,1328.9134217203537,1307.5420070435644,1307.5420070435644,108600
2014-05-26,1350.284912109375,1350.284912109375,1323.0849282683228,1325.0277842569694,90000
2014-05-27,1332.799560546875,1352.2281255694243,1321.1424215333454,1348.3424125649144,147800
2014-05-28,1326.970458984375,1344.456160493686,1315.3133246448344,1336.684737600659,170000
2014-05-29,1319.1993408203125,1326.9707655085028,1313.3707723041698,1317.2564846482649,120000
2014-05-30,1346.3992919921875,1373.5992776889993,1328.9135869013799,1330.8564430225806,354800
2014-06-02,1359.9991455078125,1369.7134251185826,1334.7420185198102,1346.3991540527343,144000
2014-06-03,1340.57080078125,1359.999363111413,1334.742232082201,1359.999363111413,165600
2014-06-04,1342.5135498046875,1352.2278301940123,1332.7992694153627,1350.2849741161474,79800
2014-06-05,1342.5135498046875,1352.2278301940123,1332.7992694153627,1340.5706937268226,81200
2014-06-06,1326.970458984375,1340.5704490471724,1321.1418918146048,1340.5704490471724,105000
2014-06-09,1330.8564453125,1332.7993014370438,1311.427884067062,1325.0278769388685,133600
2014-06-10,1323.0848388671875,1334.741974011392,1317.2562712950855,1321.1419830098203,72800
2014-06-11,1323.0848388671875,1340.570541583494,1315.313415437718,1321.1419830098203,108200
2014-06-12,1340.57080078125,1350.2850819463315,1326.970807150136,1330.8565196161685,191800
2014-06-13,1340.57080078125,1344.4565132472826,1319.1993822180707,1340.57080078125,179600
2014-06-16,1342.5135498046875,1350.2849741161474,1328.9135572596329,1334.7421254932278,91400
2014-06-17,1365.827880859375,1373.5993055015338,1350.285031575058,1350.285031575058,193200
2014-06-18,1379.4276123046875,1381.370468096666,1359.9990543849033,1361.9419101768817,110800
2014-06-19,1410.513427734375,1424.1134194618414,1367.770596590909,1371.6563085130422,288200
2014-06-20,1416.342041015625,1429.9420331790125,1404.6849048755787,1429.9420331790125,173600
2014-06-23,1412.4561767578125,1422.1704558276738,1406.6276093158958,1406.6276093158958,45000
2014-06-24,1406.6275634765625,1416.3418422298537,1400.7989962245879,1412.4561307285373,131600
2014-06-25,1410.513427734375,1416.3419956175749,1393.0277240847752,1393.0277240847752,70600
2014-06-26,1410.513427734375,1416.3419956175749,1402.7420038901084,1402.7420038901084,90000
2014-06-27,1404.6849365234375,1406.6277925905515,1389.1420879865252,1400.7992243892093,87400
2014-06-30,1400.79931640625,1414.3993097694174,1391.085035432559,1402.7421726009882,73600
2014-07-01,1429.9420166015625,1433.827728603197,1408.5706005925717,1408.5706005925717,126000
2014-07-02,1431.8848876953125,1435.770599737905,1422.1706075888314,1431.8848876953125,63000
2014-07-03,1441.59912109375,1445.4848330104448,1424.1134174686238,1429.9419853436657,130800
2014-07-04,1464.9134521484375,1470.742020260434,1443.5420357377839,1445.484891775116,132600
2014-07-07,1437.713623046875,1464.913610509924,1427.9993418100719,1464.913610509924,119600
2014-07-08,1461.02783203125,1472.6849689889461,1445.484982754322,1451.3135512331698,127600
2014-07-09,1462.9703369140625,1464.9131926071755,1447.4274913691588,1461.0274812209495,75600
2014-07-10,1453.2564697265625,1468.799319670162,1443.5421885118128,1468.799319670162,79600
2014-07-11,1459.0850830078125,1462.9707956123607,1433.82795107825,1435.770807380524,95200
2014-07-14,1466.8563232421875,1468.799179299462,1447.4277626694434,1453.2563308412666,79200
2014-07-15,1515.427734375,1519.313446514423,1476.5706129807693,1478.5134690504808,249600
2014-07-16,1521.2559814453125,1527.0845484240301,1507.6559918283046,1525.1416927644575,147200
2014-07-17,1519.313232421875,1527.0846556056188,1515.4275208300032,1523.1989440137468,87000
2014-07-18,1538.741943359375,1548.4562233048257,1519.3133834684738,1525.1419514357442,140200
2014-07-22,1575.65625,1597.027666461159,1536.799129161529,1538.7419852034525,208000
2014-07-23,1575.65625,1591.1990983353883,1544.570553329223,1587.3133862515413,271600
2014-07-24,1571.7705078125,1577.5990758266378,1567.8847958030747,1573.7133638172127,214600
2014-07-25,1554.284912109375,1569.8277612304687,1546.5134875488282,1569.8277612304687,101600
2014-07-28,1550.399169921875,1560.11345043517,1542.627745511239,1554.284882127193,91400
2014-07-29,1542.6279296875,1550.399355025976,1536.7993606836428,1548.456498691357,66600
2014-07-30,1552.342041015625,1554.2848971370463,1534.856335922833,1534.856335922833,125000
2014-07-31,1474.627685546875,1499.8848132308135,1445.4848459115613,1470.7419735954998,468800
2014-08-01,1503.7708740234375,1527.0851511400801,1472.6851712012476,1474.6280276276345,202200
2014-08-04,1497.9420166015625,1509.599152917528,1486.2848802855972,1495.9991605489017,99600
2014-08-05,1488.227783203125,1521.2563371384424,1484.3420709754407,1507.656344341547,218600
2014-08-06,1466.8563232421875,1484.3420277576572,1461.0277550703643,1476.5706035285596,156800
2014-08-07,1505.7132568359375,1507.6561126512097,1464.9132847152218,1466.856140530494,160000
2014-08-08,1488.227783203125,1511.5420565692316,1480.4563587477562,1503.7706321138628,108000
2014-08-11,1515.427734375,1519.313446514423,1499.8848858173078,1503.7705979567309,76200
2014-08-12,1515.427734375,1527.0848707932694,1509.5991661658654,1527.0848707932694,82800
2014-08-13,1517.370849609375,1523.1994188140206,1499.8851419954385,1511.5422804047296,82200
2014-08-14,1542.6279296875,1544.570786022119,1515.4279410028337,1521.2565100066906,134200
2014-08-15,1550.399169921875,1554.284882127193,1544.5706016138981,1550.399169921875,62800
2014-08-18,1548.456298828125,1552.3420109958242,1538.7420184088771,1542.6277305765764,28800
2014-08-19,1554.284912109375,1554.284912109375,1548.4563436889648,1552.3420559692381,33000
2014-08-20,1554.284912109375,1563.9991928100585,1548.4563436889648,1554.284912109375,62600
2014-08-21,1562.05615234375,1565.9418641655006,1548.456160967623,1560.1132964328747,49400
2014-08-22,1554.284912109375,1558.1706243896483,1548.4563436889648,1558.1706243896483,68600
2014-08-25,1562.05615234375,1571.7704318981266,1554.2847287002487,1554.2847287002487,78000
2014-08-26,1562.05615234375,1567.884720076376,1550.3990168784983,1562.05615234375,74200
2014-08-27,1554.284912109375,1573.713473510742,1544.5706314086913,1565.9420489501952,97200
2014-08-28,1554.284912109375,1556.2277682495117,1538.742062988281,1544.5706314086913,103400
2014-08-29,1558.1705322265625,1560.1133882517827,1546.5133960752414,1556.2276762013423,76400
2014-09-01,1562.05615234375,1573.713287809002,1552.3418727893734,1562.05615234375,82600
2014-09-02,1554.284912109375,1571.7706173706054,1550.3991998291015,1563.9991928100585,185000
2014-09-03,1517.370849609375,1569.8279724511845,1513.485136806278,1569.8279724511845,122600
2014-09-04,1521.2559814453125,1529.0274040836027,1515.4274144665949,1515.4274144665949,35400
2014-09-05,1519.313232421875,1534.8560787893623,1515.4275208300032,1534.8560787893623,39800
2014-09-08,1519.313232421875,1536.7989345852982,1501.827530258452,1529.0275114015546,102800
2014-09-09,1495.999267578125,1525.1421104530236,1495.999267578125,1517.370685686384,133000
2014-09-10,1530.9705810546875,1530.9705810546875,1495.9991718427784,1495.9991718427784,87000
2014-09-11,1527.084228515625,1540.6842152835757,1515.4270970002385,1534.8556495258824,79400
2014-09-12,1513.48486328125,1540.684847987203,1511.5420072308248,1536.7991358863526,171600
2014-09-16,1503.7708740234375,1513.485156155372,1497.942304744277,1505.7137304498244,108000
2014-09-17,1511.5418701171875,1515.4275818655608,1507.6561583688144,1507.6561583688144,43400
2014-09-18,1515.427734375,1532.913439002404,1511.542022235577,1517.3705904447115,99400
2014-09-19,1529.0277099609375,1534.8562781056426,1515.4277176232927,1519.3134297197626,143600
2014-09-22,1523.19921875,1532.913499481824,1513.484938018176,1521.2563626036351,69600
2014-09-24,1507.65625,1523.1990979381444,1501.8276820231958,1523.1990979381444,116000
2014-09-25,1513.48486328125,1515.4277193316752,1507.6562951299743,1513.48486328125,122800
2014-09-26,1508.3848876953125,1533.884242103686,1504.4619100940242,1527.9997757017534,125800
2014-09-29,1524.0771484375,1528.0001269405568,1500.5392774191603,1512.3082129283302,107000
2014-09-30,1484.8470458984375,1529.961289036699,1478.9625794021426,1529.961289036699,200800
2014-10-01,1449.540283203125,1490.7315497082207,1439.73283879715,1486.8085719458304,236000
2014-10-02,1410.3106689453125,1478.9627877395906,1406.3876907284966,1447.5789620050634,253200
2014-10-03,1422.0794677734375,1426.002445615571,1398.5416007206359,1398.5416007206359,101200
2014-10-06,1418.156494140625,1443.65585019018,1418.156494140625,1443.65585019018,106200
2014-10-07,1416.1949462890625,1441.6943012776467,1414.2334574437868,1441.6943012776467,96800
2014-10-08,1410.3106689453125,1416.1951362705363,1394.6187560780488,1406.3876907284966,105400
2014-10-09,1398.541748046875,1426.0025958346116,1394.618769791484,1420.1181284515253,57000
2014-10-10,1402.4647216796875,1408.3491890433784,1375.0038739824627,1375.0038739824627,143200
2014-10-14,1371.0806884765625,1390.6955767237234,1369.1191996518462,1375.0036661259946,119200
2014-10-15,1390.695556640625,1400.5030006225759,1363.2347134911627,1371.0806686767235,130000
2014-10-16,1376.96533203125,1396.580222800926,1375.0038429542824,1376.96533203125,168600
2014-10-17,1341.6585693359375,1376.9653737921465,1337.7355910630256,1373.0423955192343,117400
2014-10-20,1359.3118896484375,1373.0423127761994,1347.5429555389273,1367.1578457214443,134800
2014-10-21,1345.581787109375,1375.0041293931076,1345.581787109375,1365.1966819651968,106600
2014-10-22,1437.771484375,1445.6174406335265,1373.0423452421555,1373.0423452421555,312800
2014-10-23,1426.0023193359375,1431.886785578039,1406.3874318622659,1416.1948755991018,156800
2014-10-24,1426.0023193359375,1435.8097630727734,1424.0408305885703,1427.9638080833047,65600
2014-10-27,1431.88671875,1445.6171393407533,1426.0022527825342,1435.8096960616438,75200
2014-10-28,1433.848388671875,1443.6558331908345,1426.0024330567076,1431.8868997680831,81800
2014-10-29,1433.848388671875,1449.5402999022103,1422.0794552491236,1445.6173220946264,110000
2014-10-30,1414.233642578125,1437.7715118027263,1414.233642578125,1427.9640662924758,102600
2014-10-31,1461.309326171875,1467.193793257131,1420.118056575084,1427.9640126887584,203800
2014-11-04,1484.8470458984375,1510.3464007157158,1461.3091799132576,1500.538956555224,373600
2014-11-05,1494.65478515625,1498.5777635949803,1482.885849840059,1484.8473390594243,224600
2014-11-06,1494.65478515625,1504.462231253076,1488.7703174981546,1504.462231253076,165400
2014-11-07,1494.65478515625,1512.3081881305366,1490.7318067175197,1504.462231253076,171800
2014-11-10,1484.8470458984375,1492.6930012268308,1475.039601737946,1480.9240682342408,114400
2014-11-11,1510.3465576171875,1516.231024724787,1480.9242220791903,1490.7316672585227,131200
2014-11-12,1520.15380859375,1522.1152973790322,1504.461898311492,1510.3463646673385,189400
2014-11-13,1549.576171875,1553.4991495253166,1520.1538394976267,1526.0383059731014,150000
2014-11-14,1553.499267578125,1569.1911793718434,1529.9613998875473,1569.1911793718434,184600
2014-11-17,1506.423583984375,1541.7303867340088,1500.539116859436,1541.7303867340088,107800
2014-11-18,1551.537841796875,1553.4993308509797,1516.2310388229891,1516.2310388229891,163200
2014-11-19,1533.8841552734375,1565.267974307165,1531.9226665838296,1551.5375534799093,98000
2014-11-20,1518.1927490234375,1533.884663742026,1518.1927490234375,1528.0001957225554,58200
2014-11-21,1514.269287109375,1524.0767306787363,1502.5003548261416,1516.2307758232473,76600
2014-11-25,1482.885498046875,1514.2693181113593,1480.9240092928449,1512.307829357329,128600
2014-11-26,1477.0009765625,1488.7699086466635,1475.039487881806,1482.8854426045816,117200
2014-11-27,1463.27099609375,1482.8858888027814,1463.27099609375,1477.001420990072,87800
2014-11-28,1488.77001953125,1494.6544860116107,1467.1936424365942,1473.078108916955,59800
2014-12-01,1510.3465576171875,1514.2695356889203,1494.6546453302556,1494.6546453302556,63800
2014-12-02,1526.038330078125,1527.9998189342666,1510.3464192289925,1527.9998189342666,102000
2014-12-03,1559.384033203125,1569.1914799528302,1524.0772249041863,1528.0002036040682,266400
2014-12-04,1573.1141357421875,1580.9600915314254,1559.3837131110213,1567.2296689002592,98000
2014-12-05,1569.1912841796875,1575.0757514953614,1563.3068168640136,1571.1527732849122,83800
2014-12-08,1563.3067626953125,1569.191229807089,1557.422295583536,1569.191229807089,55800
2014-12-09,1543.6917724609375,1571.152617206113,1535.8458168194588,1535.8458168194588,91800
2014-12-10,1547.6146240234375,1563.30653402621,1533.8842027710116,1533.8842027710116,82200
2014-12-11,1539.768798828125,1547.6147544909434,1522.1153985867834,1526.0383764181927,66800
2014-12-12,1561.34521484375,1569.1911706972362,1524.0769245396905,1524.0769245396905,145200
2014-12-15,1557.4224853515625,1580.9603566666995,1555.460996075301,1573.1143995616537,180400
2014-12-16,1529.96142578125,1555.4607828776043,1518.192491736779,1531.922914788662,68800
2014-12-17,1502.5006103515625,1529.9614570159513,1502.5006103515625,1512.3080555888441,112000
2014-12-18,1514.269287109375,1545.653106531331,1512.307798395503,1545.653106531331,102600
2014-12-19,1502.5006103515625,1541.7303913006895,1492.6931651142806,1529.9614570159513,178200
2014-12-22,1520.15380859375,1524.0767861643144,1502.5004095262095,1502.5004095262095,149200
2014-12-24,1561.34521484375,1563.3067038071215,1535.84585831992,1541.7303252100346,99400
2014-12-25,1557.4224853515625,1563.3069531803467,1551.538017522778,1551.538017522778,82000
2014-12-26,1565.2681884765625,1569.191166392544,1551.5377657706279,1557.4222326446,58000
2014-12-29,1563.3067626953125,1578.9986749933835,1549.5763394345006,1569.191229807089,96000
2014-12-30,1553.499267578125,1567.2296903976285,1553.499267578125,1567.2296903976285,53400
2015-01-05,1531.923095703125,1545.6535203765204,1528.000117225012,1535.846074181238,66400
2015-01-06,1496.615966796875,1520.1538325918457,1494.6544779806275,1518.1923437755981,75600
2015-01-07,1492.693115234375,1502.5005601439307,1488.7701372705528,1490.731626252464,58200
2015-01-08,1506.423583984375,1514.2695401509602,1496.6161387761433,1496.6161387761433,47800
2015-01-09,1508.3848876953125,1520.153820499177,1502.5004212933802,1514.2693540972448,53400
2015-01-13,1510.3465576171875,1510.3465576171875,1496.616134366122,1502.5006014737214,39800
2015-01-14,1506.423583984375,1537.807408650716,1502.5006059010823,1504.4620949427285,70800
2015-01-15,1516.23095703125,1522.1154238761321,1500.5390454448982,1516.23095703125,90000
2015-01-16,1492.693115234375,1504.4620491258418,1475.0397143971747,1498.5775821801085,121400
2015-01-19,1488.77001953125,1496.6159748383977,1475.0395977437418,1490.731508358037,137200
2015-01-20,1506.423583984375,1518.192518234253,1494.654649734497,1498.5776278177896,76600
2015-01-21,1545.6533203125,1545.6533203125,1510.3465185794732,1518.1924745201459,122400
2015-01-22,1543.6917724609375,1555.4607059231555,1529.9613500883497,1545.6532613713073,146600
2015-01-23,1555.460693359375,1559.3836711484275,1529.9613377305327,1549.5762266757959,156400
2015-01-26,1565.2681884765625,1567.2296774345532,1553.4992547286186,1553.4992547286186,165200
2015-01-27,1533.8841552734375,1567.2294629967732,1527.9996892046136,1567.2294629967732,181200
2015-01-28,1535.8455810546875,1539.768558273218,1514.2692063527697,1533.8840924454223,134800
2015-01-29,1524.0771484375,1541.7305517012549,1518.1926806829151,1531.9231054436134,101800
2015-01-30,1565.2681884765625,1567.2296774345532,1531.9228761907211,1541.7303209806744,129400
2015-02-02,1455.4246826171875,1549.5761445654691,1449.54021624542,1549.5761445654691,432000
2015-02-03,1478.962646484375,1484.8471132475754,1445.6173348262394,1471.1166908001078,253800
2015-02-04,1492.693115234375,1498.5775821801085,1480.9241813429082,1480.9241813429082,143000
2015-02-05,1488.77001953125,1500.5389524919715,1480.9240642241025,1496.6159748383977,123200
2015-02-06,1490.7313232421875,1498.577277575041,1484.8468574925473,1498.577277575041,141600
2015-02-09,1508.3848876953125,1508.3848876953125,1490.7314884895156,1496.615954891448,70400
2015-02-10,1524.0771484375,1528.0001269405568,1504.4622559222169,1508.3852344252737,114200
2015-02-12,1549.576171875,1561.3451048259494,1533.8842612737342,1537.8072389240508,166400
2015-02-13,1553.499267578125,1559.3837345007694,1531.9228888617622,1537.8073557844066,104200
2015-02-16,1565.2681884765625,1569.191166392544,1551.5377657706279,1555.4607436866092,88800
2015-02-17,1575.0758056640625,1586.8447407001577,1547.6149572465072,1551.5379355918724,105800
2015-02-18,1565.2681884765625,1588.8060559724508,1565.2681884765625,1588.8060559724508,109800
2015-02-19,1559.384033203125,1577.0374373525942,1557.422543853184,1565.268501252948,81200
2015-02-20,1557.4224853515625,1584.883335219222,1555.460996075301,1569.1914210091309,104800
2015-02-23,1567.229736328125,1575.0756924549241,1561.3452692330256,1569.1912253598248,146800
2015-02-24,1567.229736328125,1571.1527143915246,1561.3452692330256,1569.1912253598248,73000
2015-02-25,1571.1524658203125,1575.0754432630597,1565.2679996561915,1571.1524658203125,85600
2015-02-26,1582.9212646484375,1584.8827532043836,1569.1908447568155,1575.0753104246535,186400
2015-02-27,1584.883056640625,1594.6905012980546,1580.9600787776533,1588.806034503597,152800
2015-03-02,1584.883056640625,1596.6519902295406,1578.9985898461673,1588.806034503597,115600
2015-03-03,1592.7288818359375,1598.6133481481393,1573.1139941285983,1575.0754828993322,155800
2015-03-04,1582.9212646484375,1592.7287074281678,1577.0367989805995,1590.7672188722217,91200
2015-03-05,1588.806396484375,1594.6908646195025,1584.8834177276235,1588.806396484375,134000
2015-03-06,1588.806396484375,1590.7678858627507,1582.9219283492478,1588.806396484375,134200
2015-03-09,1612.343994140625,1620.1899503164918,1588.8061256130247,1592.7291037009581,128600
2015-03-10,1657.458251953125,1665.3042081753883,1624.112938008506,1624.112938008506,159800
2015-03-11,1665.3040771484375,1667.2655660496725,1641.7662103336186,1647.6506770373235,103000
2015-03-12,1680.9957275390625,1686.8801933297477,1661.380841570112,1675.1112617483773,159400
2015-03-13,1696.6878662109375,1706.4953105242955,1673.1499998588781,1694.726377348266,175000
2015-03-16,1714.341064453125,1724.148507613612,1700.6106440284432,1708.456598556833,113200
2015-03-17,1728.0718994140625,1753.5712577482088,1724.1489212088093,1731.994877619316,117000
2015-03-18,1745.72509765625,1745.7250976562498,1718.2642534234549,1728.0716977923103,79200
2015-03-19,1767.3013916015625,1771.2243691633862,1730.0331047642378,1735.9175711069734,142000
2015-03-20,1777.10888671875,1792.8007974182533,1767.3014425315605,1779.0703755561879,120800
2015-03-23,1784.9547119140625,1788.8776893028846,1773.1857797475961,1781.0317345252404,80600
2015-03-24,1773.185791015625,1782.9932345500035,1765.3398361881223,1781.0317458431277,137000
2015-03-25,1761.417236328125,1781.032127601267,1755.5327689461826,1781.032127601267,149200
2015-03-26,1745.72509765625,1779.070408510358,1730.0331866660813,1777.108919636587,309400
2015-03-27,1725.5411376953125,1761.1601061339773,1707.7316534759802,1751.2659482343481,188000
2015-03-30,1731.4779052734375,1737.4144009486606,1719.604913922991,1725.5414095982142,97000
2015-03-31,1739.392822265625,1747.3081479642171,1725.541002293089,1747.3081479642171,79000
2015-04-01,1729.4984130859375,1739.3925687672072,1713.6677639959062,1737.4137376309534,97600
2015-04-02,1769.074951171875,1776.990275338192,1733.455992423448,1739.3924855481857,124000
2015-04-03,1854.1651611328125,1856.1439926815135,1769.0754045386707,1780.9483938308765,245400
2015-04-06,1842.292236328125,1848.2287311820287,1828.4404150023495,1842.292236328125,76600
2015-04-07,1856.143798828125,1858.1226301701593,1828.4401600396457,1842.2919794338854,137400
2015-04-08,1877.9107666015625,1911.550896245637,1864.058948512826,1868.0166108238936,187400
2015-04-09,1897.699462890625,1927.3819362413649,1893.7417997771931,1893.7417997771931,167800
2015-04-10,1893.74169921875,1895.7205306703893,1862.0803959925222,1883.8475419605538,120600
2015-04-13,1935.29736328125,1935.29736328125,1881.8689084667371,1895.7207300853145,165600
2015-04-14,1939.2548828125,1943.2125458386479,1905.6147470902422,1935.297219786352,118600
2015-04-15,1899.677978515625,1945.1910967508952,1895.7203160603842,1941.2334342956544,150400
2015-04-16,1864.0592041015625,1919.466484053626,1850.2073841135466,1911.5511583461882,158400
2015-04-17,1860.1011962890625,1871.9741826483544,1814.588081911777,1852.1858720495345,227200
2015-04-20,1869.99560546875,1887.8050874255953,1822.5036535838294,1834.3766415550597,121600
2015-04-21,1877.9107666015625,1899.6779093124342,1868.0166108238936,1868.0166108238936,100400
2015-04-22,1869.99560546875,1875.9320994543652,1850.2072921833665,1852.186123511905,170400
2015-04-23,1832.3980712890625,1868.0170402774029,1826.4615764576724,1852.1863873936961,186000
2015-04-24,1862.0799560546875,1885.825927864099,1838.3339842452758,1848.228139165864,166800
2015-04-27,1856.143798828125,1871.974449564399,1846.2496421179537,1848.228473459988,62800
2015-04-28,1856.143798828125,1866.0379555382963,1840.3131480918512,1840.3131480918512,157400
2015-04-30,1828.4403076171875,1864.0592746486911,1818.5461501084364,1856.1439486416903,175800
2015-05-01,1860.1011962890625,1866.0376894687085,1816.566912971659,1828.4398993309508,175200
2015-05-07,1786.884765625,1860.101527893134,1782.9271027996954,1832.3978881160022,162600
2015-05-08,1755.223388671875,1802.7153405637857,1753.2445573430452,1782.9270272754895,143400
2015-05-11,1737.4140625,1788.8636816628702,1733.4563994874716,1786.884850156606,185200
2015-05-12,1737.4140625,1800.7366707004558,1729.4987364749431,1788.8636816628702,334000
2015-05-13,1761.1600341796875,1775.0118546732358,1745.3293821870611,1771.0541916750792,186200
2015-05-14,1745.3292236328125,1784.9058500190442,1743.350392313501,1765.1175368259285,175000
2015-05-15,1790.84228515625,1792.8211164105662,1745.3291663069751,1745.3291663069751,132200
2015-05-18,1782.9271240234375,1794.8001126406857,1767.0964725337733,1790.8424497682697,116600
2015-05-19,1844.270751953125,1850.2072457898842,1798.757632537973,1798.757632537973,164200
2015-05-20,1854.1651611328125,1866.0381504250183,1838.3345087432047,1858.1228242302145,194000
2015-05-21,1856.143798828125,1866.0379555382963,1828.4401600396457,1828.4401600396457,165000
2015-05-22,1864.0592041015625,1869.9956983821407,1852.186215540406,1862.080372674703,90200
2015-05-25,1846.25,1877.9113076098606,1830.4193461950697,1871.9748124330117,110200
2015-05-26,1939.2548828125,1951.1278718909437,1844.270970184949,1846.2498016980228,249600
2015-05-27,1998.61962890625,2010.4926168007428,1937.2758581180385,1939.2546894337872,317600
2015-05-28,1949.148681640625,1982.7888111714783,1929.3603701518875,1982.7888111714783,190400
2015-05-29,1913.529541015625,1951.1273293085897,1913.529541015625,1933.317850643501,267600
2015-06-01,1903.6358642578125,1917.4876844759046,1887.805212579993,1903.6358642578125,146200
2015-06-02,1917.4879150390625,1937.2762320157299,1895.7207663647284,1895.7207663647284,209000
2015-06-03,1895.720947265625,1913.530434244112,1883.8479559466334,1913.530434244112,115800
2015-06-04,1945.19140625,1953.106732419888,1907.5936069430315,1915.5089331129195,188000
2015-06-05,1939.2548828125,1963.0008609693875,1933.318388273278,1939.2548828124998,102400
2015-06-08,1959.043212890625,1968.9373705314867,1935.2972345525568,1941.2337291370739,223400
2015-06-09,1941.2333984375,1953.1063855839068,1931.3392424821611,1933.3180736732288,202800
2015-06-10,1893.74169921875,1945.1913169613701,1885.826373412193,1943.2124855097309,104400
2015-06-11,1978.8316650390625,1994.662318359375,1943.2126950683594,1978.8316650390625,477600
2015-06-12,2042.1534423828125,2054.0264275129452,1974.873193312061,1974.873193312061,461400
2015-06-15,2046.112060546875,2057.985051227031,2026.3237427466152,2034.239069866719,225800
2015-06-16,2077.772705078125,2089.6456919642856,2026.323095238095,2026.323095238095,196200
2015-06-17,2077.772705078125,2085.6880296688987,2050.0690690104166,2061.942055896577,127400
2015-06-18,2093.603759765625,2117.349738137258,2042.1541399604207,2057.984792208176,273400
2015-06-19,2172.7568359375,2188.5874868368624,2137.1378714139346,2145.0531968636155,342000
2015-06-22,2180.672607421875,2184.630270956216,2141.0959720784654,2152.9689626814884,154000
2015-06-23,2196.503173828125,2204.4185005806585,2152.968876689189,2172.7571935705237,142400
2015-06-24,2188.587890625,2216.291534810127,2176.714900259946,2208.3762079000903,129000
2015-06-25,2243.9951171875,2263.7834339175483,2188.587830343364,2200.460820381393,248400
2015-06-26,2208.3759765625,2263.783259128584,2208.3759765625,2255.8679330477153,176800
2015-06-29,2125.264404296875,2188.586993624156,2109.4337569650547,2168.7986844593806,338200
2015-06-30,2156.92626953125,2176.7145839306195,2113.391977852638,2113.391977852638,267800
2015-07-01,2196.503173828125,2208.3761639569257,2172.7571935705237,2208.3761639569257,217400
2015-07-02,2192.54541015625,2216.2913893276173,2176.714757375338,2216.2913893276173,120000
2015-07-03,2188.587890625,2192.545554080018,2160.8842464398736,2180.672563714964,78800
2015-07-06,2137.1376953125,2176.7143192997682,2133.180032913773,2160.883669704861,136600
2015-07-07,2133.180419921875,2160.8840617390424,2125.265093688399,2141.095746155351,143400
2015-07-08,2085.688720703125,2133.1806839828923,2085.688720703125,2133.1806839828923,178000
2015-07-09,2069.8583984375,2073.8160626792546,1978.832120877151,2018.4087632946942,240000
2015-07-10,2042.1534423828125,2101.518368033476,2034.238118962724,2073.814736063166,145000
2015-07-13,2010.49267578125,2022.3656640240526,1947.1700718196357,2002.5773502860482,398600
2015-07-14,2054.026611328125,2077.772583713421,2018.4076527501807,2057.984273392341,340600
2015-07-15,2085.688720703125,2097.5617115230666,2046.112084636652,2061.9427390632413,136400
2015-07-16,2097.561767578125,2125.265413565006,2073.8157853036555,2085.6887764408903,136000
2015-07-17,2117.349609375,2125.2649350175234,2061.9423298773363,2069.8576555198597,275200
2015-07-21,2125.264404296875,2149.0103752946056,2113.39141879801,2133.179727962785,115600
2015-07-22,2129.222412109375,2156.926049441653,2113.3917622052163,2113.3917622052163,127200
2015-07-23,2196.503173828125,2216.291490709459,2129.2228964315877,2129.2228964315877,204400
2015-07-24,2208.3759765625,2216.2913026433694,2141.095704875112,2188.5876613603273,223400
2015-07-27,2180.672607421875,2216.2915792309436,2168.799616818852,2188.587934490557,145000
2015-07-28,2180.672607421875,2192.545598024898,2125.2653179411013,2141.0959720784654,145400
2015-07-29,2204.41796875,2232.1216057001793,2164.8413445354577,2192.5449814856374,266200
2015-07-30,2105.4765625,2208.3757929981202,2065.8999353853383,2208.3757929981202,272600
2015-07-31,2030.28076171875,2105.4763454861113,1978.8311517726609,2105.4763454861113,554000
2015-08-03,2050.0693359375,2077.7729756123313,2010.4927078305984,2022.365696262669,374400
2015-08-04,2089.64599609375,2121.3072990648675,2038.1963787656841,2046.1117045084634,257000
2015-08-05,2069.8583984375,2109.435040855043,2042.15474874522,2109.435040855043,204600
2015-08-06,2006.5357666015625,2101.5197082158375,2002.5781023676343,2077.7737228122687,253400
2015-08-07,2034.2388916015625,2034.2388916015625,1986.7469330427712,2014.4505755353994,197200
2015-08-10,2085.688720703125,2093.6040479164194,2006.535448570179,2018.408439390121,170600
2015-08-11,2034.2388916015625,2081.730850160354,2014.4505755353994,2081.730850160354,152600
2015-08-12,1929.3607177734375,2014.4504725060096,1921.4453917518028,2010.4928094951924,455000
2015-08-13,1933.3184814453125,1945.191471095949,1893.7418492765241,1927.3819866199942,384200
2015-08-14,1923.424560546875,1943.2128790710199,1913.5304012848026,1931.339887956533,208200
2015-08-17,1911.5509033203125,1923.4238902974573,1895.7202540174528,1915.5085656460276,219200
2015-08-18,1887.80517578125,1925.4029727831826,1881.8686815177869,1911.5511528351021,223000
2015-08-19,1881.8690185546875,1891.7631774324725,1868.0171961257886,1891.7631774324725,201000
2015-08-20,1840.3134765625,1879.89011046707,1836.3558131720429,1866.0382886004704,278200
2015-08-21,1784.906005859375,1816.567309732712,1784.906005859375,1794.8001633197928,323800
2015-08-24,1721.58349609375,1778.9696126302083,1709.7105064655173,1757.2024649784482,279800
2015-08-25,1678.049072265625,1755.2234989382184,1622.641791577609,1622.641791577609,315400
2015-08-26,1695.8583984375,1719.604373678165,1670.1335919267794,1676.0700857369457,221600
2015-08-27,1731.4779052734375,1773.033375,1723.5625777064731,1737.4144009486606,196200
2015-08-28,1761.1600341796875,1778.9695176713924,1735.4352246916696,1778.9695176713924,170400
2015-08-31,1751.2657470703125,1761.1599038334216,1725.5409394862288,1761.1599038334216,162600
2015-09-01,1638.4722900390625,1725.5408658382398,1638.4722900390625,1721.5832033019135,285400
2015-09-02,1630.556884765625,1650.3451964739456,1596.9167548614798,1602.853248373976,275800
2015-09-03,1626.599365234375,1654.303004058318,1614.7263771669707,1630.5570279235096,330600
2015-09-04,1559.319091796875,1642.4300078571146,1555.3614291273398,1640.451176522347,271200
2015-09-07,1533.5943603515625,1557.3403375441028,1525.6790346207156,1543.488517515121,262200
2015-09-08,1563.2769775390625,1573.1711356247527,1515.7850187277493,1535.5733348991298,364000
2015-09-09,1652.3240966796875,1652.3240966796875,1579.107340299869,1602.8533153419723,270800
2015-09-10,1581.08642578125,1606.8112362132351,1567.2346047794117,1589.0017520680146,212400
2015-09-11,1642.4300537109375,1672.1125245611352,1638.4723909309112,1640.4512223209242,357200
2015-09-14,1638.4722900390625,1682.0065779386512,1630.55696496641,1656.2817714525306,194200
2015-09-15,1606.8111572265625,1644.4089552404846,1587.022842482393,1644.4089552404846,314400
2015-09-16,1551.404052734375,1612.7478354317802,1535.5733991350446,1596.9171818324498,291600
2015-09-17,1610.7686767578125,1616.7051706524971,1567.2343881967904,1573.1708820914753,156800
2015-09-18,1547.4462890625,1587.0229204963234,1543.4886259191176,1583.0652573529412,216200
2015-09-24,1511.8270263671875,1557.3401436531108,1509.848195180843,1533.594169416977,258400
2015-09-25,1509.84814453125,1551.4035980504589,1497.975157811476,1531.6152868508357,350800
2015-09-28,1549.84423828125,1555.8436353326613,1501.8490618699598,1517.8474540070565,169600
2015-09-29,1493.849853515625,1545.8446275335718,1489.8502555142445,1539.845230531501,189800
2015-09-30,1559.8433837890625,1559.8433837890625,1515.847801169371,1519.847399589343,223800
2015-10-01,1551.8441162109375,1571.8421073992229,1483.8509461707677,1483.8509461707677,538000
2015-10-02,1641.835205078125,1667.8325956579247,1583.8410260924177,1589.8404239185254,482000
2015-10-05,1659.833251953125,1669.8322474468187,1631.8360645707833,1653.833854656909,233400
2015-10-06,1669.83203125,1685.8304219685629,1655.8334393712573,1675.831427769461,110600
2015-10-07,1653.833984375,1671.8321776753326,1613.83799926315,1671.8321776753326,196800
2015-10-08,1649.8343505859375,1671.8321419270833,1631.8361576704544,1645.8347521602745,153000
2015-10-09,1689.8306884765625,1691.8304881078957,1655.8340947438978,1661.8334936378976,179200
2015-10-13,1691.8302001953125,1693.8299994863235,1657.8336122481253,1675.8318058672244,198800
2015-10-14,1701.8291015625,1705.8286999210486,1661.8331179770123,1675.831712231933,262400
2015-10-15,1709.828125,1717.8273209064328,1693.8297331871345,1713.8277229532164,259600
2015-10-16,1753.82373046875,1759.823127494299,1715.8275493069414,1727.826343358039,272200
2015-10-19,1767.8226318359375,1777.8216286223399,1735.82584211945,1753.8240363349742,242800
2015-10-20,1767.8226318359375,1775.8218292650595,1727.826644690328,1771.8222305504985,204800
2015-10-21,1771.8223876953125,1773.8221872299573,1751.8243923488642,1771.8223876953125,113200
2015-10-22,1795.81982421875,1803.819021654023,1765.822833836477,1775.821830630568,138000
2015-10-23,1789.8204345703125,1817.8176257256023,1775.8218389926676,1817.8176257256023,185400
2015-10-26,1793.819580078125,1807.8181721188685,1779.8209880373815,1779.8209880373815,101200
2015-10-27,1769.822265625,1825.8166423905368,1763.822868114407,1795.8196548375706,142600
2015-10-28,1779.8211669921875,1799.8191576325491,1767.8223726079705,1779.8211669921875,129400
2015-10-29,1779.8211669921875,1781.8209660562236,1749.824181031645,1771.8219707360429,257800
2015-10-30,1925.806884765625,1947.8046788802894,1771.8223259629738,1779.8215238228518,422400
2015-11-02,1857.813232421875,1903.8086084667652,1839.8150417956135,1891.8098147159244,281800
2015-11-04,1849.8143310546875,1859.813327438767,1825.816739732897,1857.8135281619511,154800
2015-11-05,1889.810302734375,1895.8097005208333,1849.8143174913193,1867.8125108506945,141600
2015-11-06,1881.810546875,1907.807929562965,1867.8119561968651,1891.8095402165252,114800
2015-11-09,1859.8133544921875,1901.8091399162047,1849.8143579626596,1891.8101433866768,158000
2015-11-10,1871.81201171875,1879.8112083500266,1851.8140201405581,1865.8126142452925,183000
2015-11-11,1917.8077392578125,1917.8077392578125,1885.8109469448564,1889.810545983976,152200
2015-11-12,1909.807861328125,1927.806050597186,1903.8084649051048,1919.8068553664923,96400
2015-11-13,1883.810791015625,1905.808581568886,1875.8115944508027,1897.8093850040636,97000
2015-11-16,1827.8165283203125,1847.8145209715194,1819.8173312598296,1833.8159261156745,233800
2015-11-17,1833.816162109375,1847.8147587666986,1813.8181668846273,1843.8151597217488,244000
2015-11-18,1893.81005859375,1911.8082534483897,1849.8144711712976,1849.8144711712976,177200
2015-11-19,1915.80810546875,1935.8061023943112,1903.8093073134135,1911.808506083638,125400
2015-11-20,1989.800048828125,1995.79944596027,1923.806680374529,1931.8058765507224,308400
2015-11-24,2035.79541015625,2047.7942043222004,2011.7978218243493,2019.7970179349827,387400
2015-11-25,2043.7947998046875,2047.7943982387476,1997.7994178129968,2047.7943982387476,315600
2015-11-26,2023.79638671875,2051.793569934227,2023.7963867187502,2043.794374729805,266000
2015-11-27,2007.798095703125,2035.795280304563,1999.7989001027142,2035.795280304563,122800
2015-11-30,1977.8011474609375,2011.7977293687593,1971.8017506536746,2011.7977293687593,123600
2015-12-01,1979.8013916015625,1981.8011909870188,1955.8037989760892,1981.8011909870188,339000
2015-12-02,1979.8013916015625,1987.800589143387,1965.8027959033698,1987.800589143387,220200
2015-12-03,1937.8056640625,1979.8014524477555,1935.8058646155832,1979.8014524477555,213600
2015-12-04,1917.8077392578125,1933.8061354142908,1903.8091426208944,1923.8071378164918,141000
2015-12-07,1923.8067626953125,1947.8043522507633,1919.8071644360707,1945.8045531211424,94000
2015-12-08,1907.8084716796875,1933.805861754987,1899.8092747334413,1931.8060625184255,78400
2015-12-09,1835.8154296875,1907.8081916360295,1829.8160328584559,1907.8081916360295,272400
2015-12-10,1829.8162841796875,1837.8154810504184,1799.819295914447,1819.817288091274,201000
2015-12-11,1899.809326171875,1927.8065162417763,1861.8131396484375,1865.812738229852,378400
2015-12-14,1911.8082275390625,1913.808026940254,1871.8122395152327,1871.8122395152327,202000
2015-12-15,1905.8084716796875,1937.805256094037,1899.809074601997,1911.8078687573782,249000
2015-12-16,1861.8131103515625,1923.8068873879733,1841.8151177591722,1919.8072888694953,471800
2015-12-17,1923.8067626953125,1937.8053566026588,1901.8089722694824,1907.8083696583453,164000
2015-12-18,1933.805419921875,1987.799986972434,1925.8062248032736,1933.805419921875,219000
2015-12-21,1947.8043212890625,1951.8039194847279,1917.8073348215717,1929.806129408568,151200
2015-12-22,1959.80322265625,1993.7998091717157,1949.8042266222897,1975.801616310587,184400
2015-12-24,1961.802734375,2003.7985115634556,1959.802935461264,1995.7993159085117,151000
2015-12-25,1961.802734375,1961.802734375,1961.802734375,1961.802734375,0
2015-12-28,1961.802734375,1999.7989137359837,1941.8047452376402,1997.7991148222477,139000
2015-12-29,1971.8017578125,1977.8011546415441,1915.8073874080883,1943.8045726102941,136800
2015-12-30,1957.8038330078125,1983.8012281345761,1937.8058367564558,1981.8014285094405,128800
2016-01-04,1947.8043212890625,1987.8003032457166,1941.8049239955642,1963.802714071724,139000
2016-01-05,1963.8023681640625,1973.8013618919854,1903.808405796525,1931.8055882347091,116600
2016-01-06,1937.8056640625,1995.7998480230908,1923.8070679340815,1975.8018535539215,127000
2016-01-07,1923.8067626953125,1945.8045531211424,1909.8081687879662,1925.8065618249334,94400
2016-01-08,1915.80810546875,1961.8034983975406,1891.8105091580767,1901.8095076208574,227600
2016-01-12,1923.8067626953125,1979.8011383246978,1915.807566176829,1943.8047539915215,342600
2016-01-13,2019.7967529296875,2055.793130704672,1943.8043998491646,1943.8043998491646,321000
2016-01-14,1989.800048828125,2007.7982402245602,1969.8020583876412,1999.7990440483668,206000
2016-01-15,1937.8056640625,2007.7986447045923,1929.8064662748325,1981.8012518946723,191600
2016-01-18,1909.807861328125,1923.8064529818391,1875.8112815976767,1909.807861328125,174000
2016-01-19,1865.8128662109375,1917.8076513357869,1851.8142702157859,1889.8104593454834,281600
2016-01-20,1825.816650390625,1883.8108265804697,1821.8170520327046,1867.8124331487884,130400
2016-01-21,1773.822021484375,1861.8131927868694,1771.822222136591,1807.8186103967025,192000
2016-01-22,1819.81689453125,1831.815687242445,1801.8187054644575,1801.8187054644575,314600
2016-01-25,1877.8115234375,1879.811322716986,1839.815337127263,1861.8131292016108,203400
2016-01-26,1847.8145751953125,1867.812568433357,1839.8153779000945,1857.8135718143346,99000
2016-01-27,1867.8123779296875,1905.8085612066297,1855.813583210653,1881.8109717685609,283400
2016-01-28,1891.8099365234375,1905.808530134076,1855.813552953224,1863.8127493021605,156800
2016-01-29,1965.8028564453125,1967.8026558923577,1897.8096752457798,1927.806666951456,243400
2016-02-01,2031.7957763671875,2067.7921582319605,1975.8014045775408,1993.7995955099273,502000
2016-02-02,2055.793701171875,2063.7928984526993,2003.7989188465162,2015.797714767753,275400
2016-02-03,2039.79541015625,2063.793003216912,2003.7990205652575,2051.7942066865808,238600
2016-02-04,1891.8099365234375,2003.7986854085457,1883.810740174501,1999.7990872340777,466800
2016-02-05,1861.8131103515625,1883.8109022031922,1837.815519240694,1879.8113036847142,272800
2016-02-08,1857.813232421875,1891.8098147159244,1825.8164490862991,1859.8130313803483,307200
2016-02-09,1773.822021484375,1811.8182090922703,1759.8234260498873,1799.8194130055665,451000
2016-02-10,1723.82666015625,1807.818214363399,1693.8296765108396,1777.8212307179888,190400
2016-02-12,1643.8349609375,1699.8293391689476,1619.8373702668796,1667.8325516081204,408600
2016-02-15,1769.822265625,1783.8208598163842,1687.8304996468928,1719.8272863700565,224800
2016-02-16,1749.8245849609375,1791.820375,1745.8249859095984,1749.8245849609375,178800
2016-02-17,1749.8245849609375,1779.8215778459823,1721.8273916015626,1749.8245849609375,179600
2016-02-18,1819.81689453125,1831.815687242445,1781.8207176124656,1795.81930910886,210600
2016-02-19,1781.8209228515625,1805.8185110381157,1753.8237366339174,1791.819917929293,133200
2016-02-22,1855.8138427734375,1857.8136421729778,1771.822267992743,1771.822267992743,179200
2016-02-23,1863.812744140625,1893.8097303660643,1855.8135478138413,1871.811940467409,235000
2016-02-24,1873.81201171875,1895.8098048125667,1823.8170274146212,1835.815823647612,240200
2016-02-25,1925.806884765625,1941.805280485381,1875.8118981413877,1885.810895466235,186200
2016-02-26,1913.8077392578125,1941.8049266659727,1905.808542855481,1925.8065338613096,79400
2016-02-29,1899.809326171875,1955.8037063116776,1899.809326171875,1937.8055126953125,169000
2016-03-01,1909.807861328125,1921.8066541741657,1885.8102756360438,1899.808867289758,126800
2016-03-02,1959.80322265625,1975.801616310587,1925.8066361407846,1959.80322265625,189400
2016-03-03,1921.8070068359375,1965.8025886781754,1907.8084126134072,1939.805199407762,138000
2016-03-04,1957.8038330078125,1961.8034322580838,1887.8108461280644,1919.807640130235,181000
2016-03-07,1933.805419921875,1967.8019991759306,1917.8070296846722,1959.8028040573295,90000
2016-03-08,1883.810791015625,1939.8051669693803,1877.8113935920082,1925.8065729809414,277800
2016-03-09,1903.8087158203125,1909.8081130340317,1873.8117297517151,1885.810524179154,138800
2016-03-10,1891.8099365234375,1933.805717355353,1873.8117447383308,1911.8079273957783,256400
2016-03-11,1891.8099365234375,1903.8087310468418,1847.8143566042877,1863.8127493021605,163000
2016-03-14,1919.80712890625,1929.8061243693035,1899.8091379801433,1907.808334350586,95600
2016-03-15,1941.8050537109375,1947.804451405204,1897.8094706196496,1915.8076637024492,178600
2016-03-16,1919.80712890625,1939.8051198323567,1911.8079325358074,1919.80712890625,91200
2016-03-17,1929.806640625,1963.8032342940414,1913.8082436042746,1927.8068409974092,179800
2016-03-18,1943.8052978515625,1951.8044966081532,1925.8071006492332,1929.8067000275284,129200
2016-03-22,1973.8021240234375,1977.801723058946,1937.8057327038612,1939.8055322216155,189800
2016-03-23,1965.8028564453125,1989.8004498098535,1957.8036586571322,1979.801452574628,181600
2016-03-24,1965.8028564453125,1987.8006503628085,1965.8028564453125,1965.8028564453125,200400
2016-03-25,1977.8011474609375,1995.7993378827255,1973.801549589429,1979.8009463966916,182200
2016-03-28,2067.792724609375,2067.792724609375,1985.8009434594867,1991.8003420802104,348600
2016-03-29,2096.0078125,2108.100165264423,2067.792322716346,2071.8231069711537,342600
2016-03-30,2079.884521484375,2104.0692252225654,2067.79216961528,2087.946089397105,110800
2016-03-31,2019.4228515625,2083.9153977201845,2019.4228515624998,2079.884613585329,131600
2016-04-01,1983.14599609375,2011.361487908092,1956.945896551861,2011.361487908092,219000
2016-04-04,2039.5767822265625,2051.6691346903563,1979.1150199075933,2001.2843327578819,171800
2016-04-05,1965.0072021484375,2039.576706229968,1960.9764181440305,2031.5151382211538,106600
2016-04-06,1956.94580078125,1981.1305068671152,1940.8226633906734,1954.9304086074278,125200
2016-04-07,1920.6685791015625,1973.0687711861804,1904.5454430755265,1946.8686751438713,267200
2016-04-08,1952.9149169921875,1973.068837704181,1866.2530579306147,1886.4069786426082,174800
2016-04-11,1912.6068115234375,1944.8530802108717,1900.5144607656498,1940.8222966249425,68400
2016-04-12,1914.62255859375,1930.7456959292763,1890.4378525904606,1896.484029091283,155800
2016-04-13,1975.0841064453125,1983.145674226722,1938.80705142897,1942.8378353196747,163000
2016-04-14,2005.3153076171875,2013.3768766930355,1981.1306003896434,2003.2999153482253,289000
2016-04-15,2001.2845458984375,2009.3461150662056,1983.1460152709592,2009.3461150662056,81000
2016-04-18,1924.6990966796875,1954.9299725437663,1914.622138058328,1918.6529215068717,169400
2016-04-19,2023.452880859375,2035.545228752957,1981.1296632318383,1981.1296632318383,230400
2016-04-20,2027.4842529296875,2043.607388141852,2015.391901520564,2023.4534691266463,289400
2016-04-21,2039.5767822265625,2055.699918844954,2023.4536456081707,2055.699918844954,124800
2016-04-22,2023.452880859375,2035.545228752957,1991.2066198098232,2035.545228752957,109400
2016-04-25,2005.3153076171875,2013.3768766930355,1993.2229540034155,2013.3768766930355,86200
2016-04-26,2043.607666015625,2047.6384503667405,1977.099724222217,1977.099724222217,167000
2016-04-27,2027.4842529296875,2051.668955747934,2005.3149420129612,2051.668955747934,81800
2016-04-28,2007.3304443359375,2075.8537727570438,1991.2073082368536,2055.699852633189,129200
2016-05-02,1965.0072021484375,1969.0379861528447,1922.6839701021636,1922.6839701021636,152800
2016-05-06,1977.099609375,2005.3150981938074,1958.9610808486239,1965.0072570240827,109800
2016-05-09,1979.114990234375,2003.299694799357,1969.0380299989656,1977.099598187293,67200
2016-05-10,2039.5767822265625,2039.5767822265625,1962.9918832892015,1962.9918832892015,104400
2016-05-11,2055.7001953125,2071.8233340992647,2015.3923483455883,2055.7001953125,131000
2016-05-12,2039.5767822265625,2087.946192081738,1985.1611961394901,2051.6691346903563,250200
2016-05-13,2047.63818359375,2067.79210272361,2031.515048289862,2055.6997512456937,141400
2016-05-16,2051.669189453125,2091.977032074994,2043.6076209287512,2075.8538950262464,132000
2016-05-17,2039.5767822265625,2051.6691346903563,2027.4844297627685,2051.6691346903563,111000
2016-05-18,1999.2691650390625,2039.5770111083984,1989.1922035217285,2039.5770111083984,88000
2016-05-19,1936.7918701171875,1991.2074585596058,1926.7149092945174,1981.1304977369357,296000
2016-05-20,2035.545654296875,2035.545654296875,1942.8376343982054,1965.006943504409,216200
2016-05-23,2027.4842529296875,2055.699739550975,2007.3303339144818,2011.3611177175228,175600
2016-05-24,2007.3304443359375,2039.5767165341051,2001.284268298781,2031.5151484845633,57400
2016-05-25,2035.545654296875,2051.668788192296,2019.4225204014542,2035.545654296875,36400
2016-05-26,1977.099609375,2055.6998996559632,1973.0688252580276,2055.6998996559632,140000
2016-05-27,2011.3612060546875,2013.3765980447222,1977.0995422240965,1977.0995422240965,64200
2016-05-30,2047.63818359375,2047.63818359375,1991.2072100301425,2023.4534806379181,73000
2016-05-31,2051.669189453125,2055.699973715312,2019.42291535563,2039.5768366665643,95800
2016-06-01,2067.792236328125,2087.946156760173,2043.6075318096675,2055.699884068896,107400
2016-06-02,2047.63818359375,2071.8228865495817,2035.545832115834,2059.7305350716656,84000
2016-06-03,2055.7001953125,2063.7617647058823,2039.5770565257353,2051.669410615809,56000
2016-06-06,2055.7001953125,2063.7617647058823,2027.4847024356618,2055.7001953125,147600
2016-06-07,2055.7001953125,2075.854118795956,2051.669410615809,2055.7001953125,100000
2016-06-08,2015.3922119140625,2075.8539782714843,2007.330643066406,2067.792409423828,206000
2016-06-09,2047.63818359375,2055.6997512456937,2023.4534806379181,2039.576615941806,80400
2016-06-10,2059.7314453125,2063.7622309197654,2043.6083028834394,2047.6390884907046,106000
2016-06-13,2009.3463134765625,2059.731125750298,2009.3463134765627,2051.6695557865,110400
2016-06-14,1983.14599609375,2005.315311090733,1954.930504279408,1999.269134273374,97200
2016-06-15,1993.2227783203125,2015.3920913248862,1971.0534653157388,1995.2381704116374,79400
2016-06-16,1930.74609375,1993.2232637982775,1928.7307011677974,1985.1616934694675,124200
2016-06-17,1932.7611083984375,1993.222874041767,1922.6841474578825,1969.0381677844352,335200
2016-06-20,2019.4228515625,2031.5152039670656,1965.0072657419535,1975.0842260790916,172800
2016-06-21,2011.3612060546875,2019.4227740148265,1981.130326204166,2019.4227740148265,82200
2016-06-22,1977.099609375,1989.1919617259175,1958.9610808486239,1987.1765696674313,119000
2016-06-23,1965.0072021484375,1981.1303381660657,1944.8532821264023,1977.0995541616587,60800
2016-06-24,1819.8990478515625,1997.253550853708,1803.7759112150038,1977.0996300580098,170200
2016-06-27,1884.3914794921875,1900.5146151455965,1819.8989368785512,1819.8989368785512,111200
2016-06-28,1900.5147705078125,1910.591731114959,1840.053006864934,1854.1607517149391,79400
2016-06-29,1924.6990966796875,1946.8684056466786,1908.5759628855121,1920.6683132311437,85000
2016-06-30,1892.45361328125,1952.9153900633985,1892.45361328125,1940.8230347069689,137600
2016-07-01,1932.7611083984375,1940.8226771508814,1902.5302255767726,1902.5302255767726,86400
2016-07-04,1946.8687744140625,1956.9457349441561,1928.7302454598941,1932.7610296719317,65000
2016-07-05,1977.099609375,1979.1150014334864,1942.8379443807341,1954.9302967316514,71800
2016-07-06,1962.991943359375,1969.038119776293,1928.7302769968396,1942.8380219696483,130800
2016-07-07,1894.4683837890625,1983.1456272855717,1890.4375999937665,1962.9917083090922,236200
2016-07-08,1898.49951171875,1928.7303956633161,1896.484119455779,1896.484119455779,122000
2016-07-11,1898.49951171875,1898.49951171875,1898.49951171875,1898.49951171875,0
2016-07-12,1991.2071533203125,2027.4842067208851,1971.053234764439,1979.1148021867884,125400
2016-07-13,1944.853515625,2023.4538131476686,1934.7765544041451,2019.4230286593265,156200
2016-07-14,2003.299560546875,2023.4534796670648,1965.0071142185143,1973.0686818665902,107800
2016-07-15,1958.9615478515625,2031.5156792534722,1950.8999776957946,2031.5156792534722,174400
2016-07-19,1954.9307861328125,1977.1001043260712,1944.853823317695,1958.9615712588595,129600
2016-07-20,1967.0225830078125,1977.099542961746,1944.8532711091589,1952.9148390723058,142400
2016-07-21,1904.5457763671875,2001.2846094525048,1902.5303840112433,1989.1922553168401,224200
2016-07-22,1910.5919189453125,1918.6534882235628,1892.4533880692493,1908.57652662575,75000
2016-07-25,1866.253173828125,1920.668763129809,1854.160820649973,1898.4994489698636,177800
2016-07-26,1823.929931640625,1880.3609129510533,1815.8683628819924,1880.3609129510533,169200
2016-07-27,1819.8990478515625,1836.0221844881212,1799.745127055864,1817.8836557719926,207400
2016-07-28,1807.8065185546875,1834.0066130264945,1795.7141672600073,1825.9450454967077,113000
2016-07-29,1827.960693359375,1846.0992228414414,1791.6836343952418,1815.8683403713305,150600
2016-08-01,1844.0838623046875,1934.7765112704917,1838.037685706967,1854.1608233008878,281400
2016-08-02,1878.345458984375,1896.483988094739,1836.0222243935252,1852.1453613805156,223800
2016-08-03,1868.2684326171875,1900.5147054563192,1842.0683359353932,1856.1760803025131,158400
2016-08-04,1773.545166015625,1856.1762476140802,1747.3450669722122,1854.1608553799715,273400
2016-08-05,1757.4222412109375,1789.668520866184,1747.345278818673,1757.4222412109375,149800
2016-08-08,1735.2529296875,1759.4376395089287,1715.0990048363096,1759.4376395089287,185200
2016-08-09,1761.452392578125,1761.452392578125,1725.175341014731,1725.175341014731,143400
2016-08-10,1825.9453125,1844.0838420943708,1755.4065862996688,1767.4989393625826,228200
2016-08-12,1844.0838623046875,1862.2223920978483,1829.9761169100068,1854.1608233008878,122600
2016-08-15,1823.929931640625,1846.0992457268646,1817.8837550716505,1846.0992457268646,37000
2016-08-16,1781.6068115234375,1821.914657937995,1781.6068115234375,1821.914657937995,60400
2016-08-17,1739.283447265625,1801.7606046992687,1719.1295255128368,1773.545114245365,183200
2016-08-18,1682.8524169921875,1737.2680041284618,1678.8216327598707,1715.0986908507202,165400
2016-08-19,1632.4676513671875,1666.7293181242767,1618.3599062319156,1662.6985337999133,284400
2016-08-22,1682.8524169921875,1688.8985933406623,1644.5599667851795,1644.5599667851795,178800
2016-08-23,1751.375732421875,1769.5142612962097,1680.8370090216845,1686.8831853131294,316600
2016-08-24,1755.4063720703125,1757.4217640015067,1725.1754931023966,1747.3448043455348,152000
2016-08-25,1690.9141845703125,1749.3605628212529,1682.8526151563897,1739.2836010538495,157600
2016-08-26,1674.790771484375,1700.9908677891847,1664.7138113671406,1678.8215555312688,141400
2016-08-29,1668.74462890625,1686.883157481318,1658.6676685867678,1674.7908050979395,106400
2016-08-30,1638.513916015625,1682.8525459693074,1632.4677392037593,1668.744800074954,152400
2016-08-31,1707.037353515625,1707.037353515625,1646.5755818444695,1664.7141133458163,141200
2016-09-01,1696.9600830078125,1707.0370431206854,1680.8369468272158,1707.0370431206854,59600
2016-09-02,1719.1295166015625,1719.1295166015625,1700.990987118076,1707.0371636125715,76000
2016-09-05,1733.237060546875,1745.3294121320857,1727.1908847542695,1733.237060546875,120200
2016-09-06,1773.545166015625,1779.591342717951,1733.2373213334517,1733.2373213334517,107800
2016-09-07,1791.6837158203125,1795.7145003328442,1769.5144010013885,1775.560577770186,118400
2016-09-08,1793.6990966796875,1807.8068423839097,1777.575958732005,1777.575958732005,160400
2016-09-09,1775.5606689453125,1807.8069467014136,1771.5298842257998,1803.776161981901,101600
2016-09-12,1773.545166015625,1777.5759504838422,1751.3758514404296,1757.4220281427556,87400
2016-09-13,1789.66796875,1795.7141443201015,1771.529442039696,1791.6833606067005,69000
2016-09-14,1777.575927734375,1785.6374965676373,1771.5297511094282,1777.575927734375,72800
2016-09-15,1791.6837158203125,1811.8376383829707,1765.4836164888568,1811.8376383829707,151400
2016-09-16,1791.6837158203125,1807.806853870439,1773.5451855139202,1807.806853870439,104800
2016-09-20,1773.545166015625,1791.683696122603,1763.4682048450816,1769.5143815474075,96000
2016-09-21,1817.8836669921875,1817.8836669921875,1765.4834725999515,1769.5142567839696,120600
2016-09-23,1844.0838623046875,1846.0992545039276,1783.6220963274845,1817.8837637145662,150000
2016-09-26,1840.052978515625,1854.1607231482749,1815.8682734310823,1819.8990576118395,124200
2016-09-27,1870.283935546875,1872.2993277188004,1815.8683469048863,1846.0992294837688,136600
2016-09-28,1851.161865234375,1867.4358156979738,1822.6824519230768,1853.196109042325,146200
2016-09-29,1849.1278076171875,1871.5044917577695,1834.8880995277261,1871.5044917577695,109200
2016-09-30,1877.6072998046875,1885.7442761852062,1816.5799769507973,1840.9909060923533,209400
2016-10-03,1873.5390625,1891.8472618078176,1847.0938857220413,1877.6075512350706,100400
2016-10-04,1885.7437744140625,1889.812261521752,1857.2643646602362,1857.2643646602362,79400
2016-10-05,1928.46337890625,1932.5318670474023,1891.8469856358781,1891.8469856358781,162000
2016-10-06,1908.120849609375,1926.4290453945396,1879.6414339435635,1926.4290453945396,123600
2016-10-07,1883.7100830078125,1897.9497920586275,1875.5731064073468,1895.9155479085111,96600
2016-10-11,1908.120849609375,1924.3948014184102,1889.8126538242104,1902.0181176809867,96000
2016-10-12,1887.77880859375,1908.1212526518723,1879.641830970501,1879.641830970501,111000
2016-10-13,1904.05224609375,1912.189221504407,1881.6755637144431,1895.915270683093,96200
2016-10-14,1908.120849609375,1920.3263134661513,1897.949629728728,1899.9838737048574,128200
2016-10-17,1924.39501953125,1934.5662405647133,1902.018333257631,1902.018333257631,128200
2016-10-18,1916.2578125,1940.6687400477706,1902.0181047638005,1916.2578125,143000
2016-10-19,1922.3607177734375,1926.4292060650216,1899.9840321697257,1906.0867646071015,132200
2016-10-20,1910.1551513671875,1926.4291036685054,1897.949687141199,1908.1209073295227,88000
2016-10-21,1906.08642578125,1914.2234009179897,1899.9836944286953,1908.120669565435,86600
2016-10-24,1906.08642578125,1920.3261322705443,1889.8124755077708,1893.8809630761407,93800
2016-10-25,1928.46337890625,1938.634599259131,1899.983961918183,1899.983961918183,98600
2016-10-26,1934.56640625,1940.6691393927445,1893.8815186317033,1932.532161869085,290800
2016-10-27,1922.3607177734375,1936.6004267939816,1910.1552528986856,1936.6004267939816,100600
2016-10-28,1977.285400390625,1995.59359854239,1928.463538652585,1936.600515608925,648000
2016-10-31,1993.5592041015625,2038.3125739895568,1977.285251415019,2032.2098417321029,375400
2016-11-01,1987.456298828125,1997.6275183717694,1963.0453719233783,1993.5590305543117,210000
2016-11-02,1948.80615234375,1979.3198186121804,1936.600685836378,1973.2170853584944,254200
2016-11-04,1914.2232666015625,1934.5657030160319,1897.949317469987,1914.2232666015625,210200
2016-11-07,1930.4976806640625,1936.6004130581534,1906.0867510876992,1914.2237276131536,110200
2016-11-08,1926.428955078125,1936.6001744819166,1918.2919795550918,1936.6001744819166,59000
2016-11-09,1877.6072998046875,1963.0455518001338,1861.33334704365,1936.600378563448,154400
2016-11-10,1961.0113525390625,1981.3537939554428,1936.600422839406,1963.0455966807006,159400
2016-11-11,1883.7100830078125,1952.8743841117712,1875.5731064073468,1950.8401399616546,160200
2016-11-14,1861.3331298828125,1897.9495193231303,1853.196154451631,1889.8125438919485,225400
2016-11-15,1859.2989501953125,1869.4701698353306,1847.0934866272908,1861.3331941233162,218200
2016-11-16,1859.2989501953125,1889.812609115367,1857.2647062673088,1881.6756334033523,239000
2016-11-17,1851.161865234375,1875.5727909297734,1843.0248900025756,1861.3330842741243,132400
2016-11-18,1869.4703369140625,1879.641557463105,1855.2306281454025,1875.5730692434881,210200
2016-11-21,1906.08642578125,1928.463107407284,1885.743987939401,1885.743987939401,156600
2016-11-22,1938.6343994140625,1948.8056187184384,1904.0522537791842,1924.3946923879362,167600
2016-11-24,1967.114013671875,1971.182501807701,1946.771572992745,1967.114013671875,181200
2016-11-25,1975.250732421875,1989.4904390407762,1967.1137572110742,1975.250732421875,139600
2016-11-28,1993.5592041015625,2005.76466861647,1969.1482750717473,1993.5592041015625,197000
2016-11-29,1993.5592041015625,2011.8674008739238,1989.4907159299266,1993.5592041015625,79200
2016-11-30,1997.6273193359375,2030.1752186326535,1993.5588319238482,1993.5588319238482,145200
2016-12-01,1981.3536376953125,2013.9015413946197,1975.2509057516925,2013.9015413946197,201000
2016-12-02,1989.49072265625,2015.9358958612922,1979.3195021927722,1989.49072265625,243200
2016-12-05,1971.1827392578125,1995.5936710133274,1967.1142506318934,1989.4909380744486,159200
2016-12-06,1950.8397216796875,1977.2848899610597,1950.8397216796875,1965.0794276773495,85800
2016-12-07,1944.7374267578125,1954.9086476090563,1934.5662059065687,1954.9086476090563,92800
2016-12-08,1967.114013671875,1979.319478079353,1958.977037400223,1973.216745875614,75000
2016-12-09,1971.1827392578125,1975.2512278837316,1946.7718075022979,1958.9772733800553,150200
2016-12-12,2007.798828125,2009.8330721251268,1973.216680122847,1985.422144123607,106800
2016-12-13,2026.10693359375,2026.10693359375,2003.7302505922125,2005.7644945014433,110800
2016-12-14,2017.97021484375,2030.1756798528857,2005.7647498346146,2026.107191516507,94000
2016-12-15,2011.8675537109375,2017.970286432002,1987.4566228266794,1993.559355547744,144200
2016-12-16,2022.038330078125,2050.517743177817,2020.00408628529,2034.243792835136,125800
2016-12-19,2028.141357421875,2032.2098456012568,2009.8331606146564,2020.0043810631112,98600
2016-12-20,2034.244140625,2046.44960546875,2015.935943359375,2022.03867578125,87600
2016-12-21,2020.0045166015625,2042.3812030895958,2017.9702723753776,2030.1757377324868,64000
2016-12-22,2028.141357421875,2038.3125778703297,1999.6619401662017,2009.8331606146564,76000
2016-12-26,2050.51806640625,2066.7920193142363,2028.141381157769,2034.244113498264,98600
2016-12-27,2054.58642578125,2070.860377668626,2042.3809618657176,2050.517937809406,84400
2016-12-28,2058.655029296875,2062.7235174970665,2032.2098559956305,2054.5865410966835,51400
2016-12-29,2034.244140625,2050.51809375,2020.004431640625,2050.51809375,85600
2016-12-30,2050.51806640625,2054.5865546332466,2020.0044047037761,2034.244113498264,41800
2017-01-04,2062.723876953125,2078.997832589836,2046.449921316414,2050.5184102255917,139000
2017-01-05,2074.928955078125,2083.065931372549,2054.586514342065,2070.860466930913,86400
2017-01-06,2087.134033203125,2091.202520597283,2066.7915962323345,2078.9970584148086,94400
2017-01-10,2066.7919921875,2103.408385749877,2054.5865276667078,2074.928968534695,215600
2017-01-11,2083.065673828125,2115.6135749816895,2078.9971861839294,2078.9971861839294,151200
2017-01-12,2054.58642578125,2070.860377668626,2038.3124738938736,2070.860377668626,134400
2017-01-13,2078.997802734375,2087.1347804358793,2046.4498919283574,2046.4498919283574,98200
2017-01-16,2066.7919921875,2087.134433055487,2054.5865276667078,2054.5865276667078,62400
2017-01-17,2050.51806640625,2078.9974839952256,2046.4495781792534,2074.928995768229,115200
2017-01-18,2042.3809814453125,2095.2713255863264,2034.244005423618,2058.6549334887013,104800
2017-01-19,2066.7919921875,2078.9974567082922,2054.5865276667078,2054.5865276667078,72200
2017-01-20,2078.997802734375,2111.5457135403926,2070.8608250328707,2074.929313883623,134600
2017-01-23,2066.7919921875,2078.9974567082922,2042.3810631459153,2058.655015840305,161200
2017-01-24,2070.860595703125,2083.066060903733,2054.5866421023147,2070.860595703125,103600
2017-01-25,2103.40869140625,2103.40869140625,2078.997758817396,2103.40869140625,87800
2017-01-26,2127.8193359375,2135.9563123655594,2103.4084066533223,2111.5453830813817,130600
2017-01-27,2144.093505859375,2188.846880744485,2135.9565286075367,2160.3674603630516,173000
2017-01-30,2140.0244140625,2156.298363979325,2123.750464145675,2144.0929015417064,111400
2017-01-31,2164.435546875,2176.6410104851975,2131.8876439144738,2131.8876439144738,189600
2017-02-01,2172.57275390625,2180.7097305126404,2148.1618240870785,2168.5042656030546,176200
2017-02-02,2160.367431640625,2188.8468516434205,2160.367431640625,2172.5728973561086,113600
2017-02-03,2144.093505859375,2176.641414866728,2127.8195513556984,2156.2989717371324,97000
2017-02-06,2144.093505859375,2152.2304831112133,2119.68257410386,2144.093505859375,120600
2017-02-07,2127.8193359375,2148.161777007648,2119.6823595094406,2123.7508477234705,88000
2017-02-08,2123.75048828125,2127.818975806693,2095.271075603149,2115.613513230364,101600
2017-02-09,2127.8193359375,2176.6411945058558,2119.6823595094406,2164.435729863767,141200
2017-02-10,2135.95654296875,2148.1620089285716,2103.4086337425597,2148.1620089285716,138000
2017-02-13,2115.614013671875,2148.161921574519,2107.477036696214,2131.8879676231973,169600
2017-02-14,2115.614013671875,2135.956456111028,2111.5455251840444,2135.956456111028,84000
2017-02-15,2111.544921875,2127.8188711765415,2103.4079472242292,2127.8188711765415,126200
2017-02-16,2119.68212890625,2131.8875922204893,2107.4766655920107,2119.68212890625,87600
2017-02-17,2115.614013671875,2123.750990647536,2099.3400597205527,2107.477036696214,43000
2017-02-20,2115.614013671875,2123.750990647536,2103.4085482083833,2123.750990647536,49400
2017-02-21,2123.75048828125,2123.75048828125,2103.408050654035,2115.613513230364,92200
2017-02-22,2123.75048828125,2135.955950857579,2115.613513230364,2123.75048828125,64000
2017-02-23,2140.0244140625,2160.366851458531,2123.750464145675,2123.750464145675,76600
2017-02-24,2140.0244140625,2148.1613890209123,2123.750464145675,2131.887439104087,80800
2017-02-27,2148.16162109375,2148.16162109375,2119.682205662583,2123.7506935813212,68600
2017-02-28,2152.230224609375,2176.641153432922,2144.0932483348593,2156.2987127466326,124400
2017-03-01,2156.299072265625,2168.5045387124114,2140.025117003243,2152.2305834500294,91800
2017-03-02,2160.367431640625,2172.5728973561086,2148.1619659251414,2172.5728973561086,96800
2017-03-03,2176.640625,2184.7775992990655,2148.161214953271,2160.366676401869,130000
2017-03-06,2148.16162109375,2172.5725486061788,2148.16162109375,2168.504060687441,85000
2017-03-07,2144.093505859375,2160.3674603630516,2135.9565286075367,2140.025017233456,124800
2017-03-08,2168.504150390625,2168.504150390625,2140.0247337813676,2144.0932218684043,80000
2017-03-09,2131.8876953125,2168.5040870258827,2127.819207344346,2168.5040870258827,146200
2017-03-10,2205.1201171875,2205.1201171875,2156.2982695744927,2164.4352441766605,187400
2017-03-13,2180.709716796875,2221.394599572936,2168.5042519640565,2221.394599572936,158000
2017-03-14,2172.57275390625,2180.7097305126404,2164.4357772998596,2176.641242209445,126000
2017-03-15,2225.462890625,2229.5313785420476,2176.6410356204296,2180.7095235374773,138400
2017-03-16,2229.53173828125,2237.6687154282617,2217.3262725607324,2221.3947611342383,118200
2017-03-17,2205.1201171875,2229.531040994004,2196.983142585332,2225.4625536929198,124400
2017-03-21,2213.257568359375,2237.6684974221625,2209.1890801822437,2209.1890801822437,104000
2017-03-22,2196.983642578125,2221.394571940104,2192.9151543511284,2192.9151543511284,107400
2017-03-23,2152.230224609375,2188.846617844695,2140.0247601976016,2184.778129707437,223000
2017-03-24,2188.8466796875,2188.8466796875,2148.1617971654273,2156.298773669842,118200
2017-03-27,2148.16162109375,2172.5725486061788,2135.9561573375354,2172.5725486061788,139200
2017-03-28,2164.435546875,2168.504034745066,2131.8876439144738,2164.435546875,315800
2017-03-29,2186.215576171875,2190.3250039466343,2161.55900952332,2173.8872928475976,122000
2017-03-30,2177.9970703125,2202.653640919811,2169.778213443396,2198.5442124852593,136200
2017-03-31,2145.12109375,2194.434222341954,2145.12109375,2190.324794959291,141200
2017-04-03,2182.106201171875,2190.325056920168,2157.449633926995,2165.6684896752886,92600
2017-04-04,2182.106201171875,2202.6533405426085,2157.449633926995,2182.106201171875,108400
2017-04-05,2173.88720703125,2186.2154898688564,2161.5589241936436,2165.668351806179,83200
2017-04-06,2120.46484375,2177.99683563469,2108.136559774709,2161.5591236676355,115800
2017-04-07,2161.558837890625,2169.7776927875475,2124.573990854474,2149.2305555452413,101400
2017-04-10,2136.90283203125,2173.887688739483,2132.793403508113,2165.668831693209,129400
2017-04-11,2136.90283203125,2153.340546123798,2124.574546461839,2132.793403508113,90600
2017-04-12,2132.79248046875,2141.0113339580325,2112.2453467455443,2141.0113339580325,72600
2017-04-13,2149.23095703125,2165.6686698957337,2124.5743877345244,2128.683815950645,110800
2017-04-14,2095.808349609375,2149.230915383732,2087.589493336397,2145.121487247243,118200
2017-04-17,2120.46484375,2128.683699733527,2079.370563832364,2079.370563832364,67200
2017-04-18,2124.574462890625,2132.7933196136064,2108.1367494446627,2128.6838912521157,52000
2017-04-19,2128.683837890625,2149.2309791830053,2108.1366965982443,2108.1366965982443,76200
2017-04-20,2116.355224609375,2136.9023627123784,2116.355224609375,2128.683507471177,70800
2017-04-21,2141.011962890625,2141.011962890625,2112.245967227987,2116.3553951797926,64600
2017-04-24,2153.34033203125,2161.559188260377,2136.902619572996,2153.34033203125,71400
2017-04-25,2169.777587890625,2186.2152968897963,2149.2304516416607,2153.3398788914537,139600
2017-04-26,2194.4345703125,2198.543998346793,2173.8874301410347,2194.4345703125,120200
2017-04-27,2198.543701171875,2231.4191210024824,2186.215418735397,2231.4191210024824,137000
2017-04-28,2173.88720703125,2198.5437727064627,2165.668351806179,2194.4343450939273,99000
2017-05-01,2190.3251953125,2198.544051580089,2173.887482777322,2173.887482777322,73000
2017-05-02,2202.6533203125,2223.2004594945197,2202.6533203125,2210.872175985308,113000
2017-05-08,2301.279541015625,2305.3889687674387,2231.419269234794,2243.7475524902343,199800
2017-05-09,2288.951171875,2293.060599472621,2268.404033886894,2280.7323166797573,143200
2017-05-10,2284.841796875,2293.0606522594426,2256.0758030294514,2284.841796875,117600
2017-05-11,2272.513916015625,2293.0610581134156,2243.7479170787183,2243.7479170787183,248400
2017-05-12,2321.8271484375,2321.8271484375,2272.5140054618364,2276.6234340431415,159600
2017-05-15,2350.59228515625,2354.7017122282014,2321.8262956525896,2334.154576868444,169400
2017-05-16,2362.9208984375,2387.5774643342393,2346.483187839674,2362.9208984375,102200
2017-05-17,2358.811279296875,2367.0301339285716,2334.154715401786,2342.373570033482,81000
2017-05-18,2330.0458984375,2346.483612006724,2313.608184868276,2317.717613260582,207400
2017-05-19,2317.717041015625,2342.373605281749,2305.3887588825633,2334.1547505263743,112400
2017-05-22,2325.93603515625,2346.483173276005,2313.607752284397,2342.373745652054,94000
2017-05-23,2325.93603515625,2350.592600899956,2313.607752284397,2325.93603515625,103400
2017-05-24,2321.8271484375,2342.3742913440265,2313.6082912748893,2338.2648627627214,114400
2017-05-25,2325.93603515625,2338.264318028103,2293.060614164642,2297.170041788593,198400
2017-05-26,2305.388916015625,2330.045481962316,2305.388916015625,2330.045481962316,51600
2017-05-29,2346.483154296875,2367.030292250438,2321.8265887525995,2346.483154296875,174800
2017-05-30,2362.9208984375,2395.796319633152,2354.702043138587,2387.5774643342393,523800
2017-05-31,2375.249267578125,2395.7964065710153,2342.3738451895006,2346.4832729880786,250800
2017-06-01,2416.34375,2424.562606292517,2354.7023278061224,2354.7023278061224,341000
2017-06-02,2473.87548828125,2482.094343724045,2441.0000665100706,2449.2189219528655,204800
2017-06-05,2527.29833984375,2535.5171962334857,2457.438060530996,2461.547488725864,155800
2017-06-06,2486.203857421875,2506.750996739411,2465.656718104339,2502.641568875904,184800
2017-06-07,2523.188720703125,2527.2981485870064,2473.8755860965493,2490.3132976320744,171200
2017-06-08,2461.547607421875,2490.313606173049,2457.4381790288503,2473.8758926009496,256200
2017-06-09,2424.5625,2469.7662076271185,2420.453072033898,2436.890783898305,188200
2017-06-12,2440.999755859375,2457.4374646530405,2420.4526198672925,2436.8903286609584,93600
2017-06-13,2477.984619140625,2482.094046369714,2440.999774078825,2445.1092013079137,168200
2017-06-14,2473.87548828125,2498.5320546096345,2469.7660605598526,2486.2037714454423,112400
2017-06-15,2469.766357421875,2486.204070283252,2457.4380727758426,2473.8757856372195,99600
2017-06-16,2498.531982421875,2514.969692832545,2477.9848444085374,2502.6414100245424,212200
2017-06-19,2482.094482421875,2523.188761932171,2469.7661985687864,2502.6416221770232,158600
2017-06-20,2535.5166015625,2535.5166015625,2498.531756482982,2502.6411837140395,124800
2017-06-21,2506.751220703125,2556.064359471055,2506.751220703125,2535.517218317751,122600
2017-06-22,2543.73583984375,2564.2829790993537,2519.0792727370253,2539.626411992629,183200
2017-06-23,2494.4228515625,2535.517132477862,2490.3134234709637,2523.1888482032537,103200
2017-06-26,2514.969482421875,2519.0789096807343,2494.4223461275787,2494.4223461275787,53200
2017-06-27,2531.406982421875,2535.516409341391,2510.859847824295,2527.297555502359,87000
2017-06-28,2506.751220703125,2539.626646548412,2502.6417924724637,2539.626646548412,68000
2017-06-29,2514.969482421875,2519.0789096807343,2486.20349160986,2506.7506279041563,90400
2017-06-30,2502.641357421875,2510.860212454459,2469.7659372915386,2498.531929905583,160200
2017-07-03,2506.751220703125,2514.9700771644466,2473.875794857838,2473.875794857838,91600
2017-07-04,2486.203857421875,2510.860424602918,2477.9850016948603,2506.750996739411,90000
2017-07-05,2486.203857421875,2486.203857421875,2453.3284345138172,2461.5472902408314,97600
2017-07-06,2482.094482421875,2494.422766274964,2469.7661985687864,2469.7661985687864,71000
2017-07-07,2469.766357421875,2486.204070283252,2457.4380727758426,2469.766357421875,92600
2017-07-10,2482.094482421875,2502.6416221770232,2473.875626519816,2482.094482421875,64600
2017-07-11,2498.531982421875,2506.75083762721,2477.9848444085374,2502.6414100245424,67200
2017-07-12,2527.29833984375,2531.407768038618,2502.641770674543,2506.7511988694105,125600
2017-07-13,2560.1728515625,2564.2822782905296,2535.5162911943216,2543.7351446503812,194600
2017-07-14,2572.501708984375,2580.7205642846448,2556.063998383836,2572.501708984375,113200
2017-07-17,2572.501708984375,2572.501708984375,2572.501708984375,2572.501708984375,0
2017-07-18,2543.73583984375,2556.0641233971123,2523.1887005881463,2551.9546955459914,96000
2017-07-19,2564.283203125,2584.830344175681,2547.845490284455,2547.845490284455,90600
2017-07-20,2564.283203125,2576.6114877554087,2539.6266338641826,2547.845490284455,73400
2017-07-21,2556.06396484375,2564.2828200361737,2535.516826862691,2543.7356820551145,54800
2017-07-24,2539.626953125,2547.845810578479,2514.9703807645633,2547.845810578479,78800
2017-07-25,2514.969482421875,2539.6260459750306,2510.8600551630157,2531.407191457312,51800
2017-07-26,2510.86083984375,2519.0796969299818,2490.313697128171,2506.751411300634,96200
2017-07-27,2519.079345703125,2535.517057583733,2490.3133499120618,2490.3133499120618,91800
2017-07-28,2502.641357421875,2519.0790674870436,2490.313074872999,2498.531929905583,90400
2017-07-31,2502.641357421875,2564.2827701662563,2465.6565097752464,2564.2827701662563,234400
2017-08-01,2473.87548828125,2543.735759545006,2465.656632838455,2543.735759545006,219400
2017-08-02,2527.29833984375,2531.407768038618,2477.985201505335,2486.2040578950714,132200
2017-08-03,2506.751220703125,2539.626646548412,2490.3135077804814,2510.860648933786,132400
2017-08-04,2539.626953125,2543.7363818517397,2494.423237130866,2502.6420945843447,138200
2017-08-07,2535.5166015625,2543.735456024615,2514.9694654072123,2543.735456024615,79600
2017-08-08,2514.969482421875,2535.5166187161713,2502.641200645297,2535.5166187161713,82000
2017-08-09,2477.984619140625,2506.7506097442474,2469.7657646824473,2502.6411825151586,147800
2017-08-10,2539.626953125,2543.7363818517397,2498.5326658576055,2510.8609520378236,104400
2017-08-11,2539.626953125,2539.626953125,2539.626953125,2539.626953125,0
2017-08-14,2482.094482421875,2519.079333981141,2477.9850544708456,2519.079333981141,162000
2017-08-15,2482.094482421875,2494.422766274964,2465.6567706177566,2477.9850544708456,191200
2017-08-16,2490.31298828125,2506.7506977748553,2469.765851414243,2469.765851414243,187400
2017-08-17,2473.87548828125,2498.5320546096345,2465.656632838455,2490.3131991668397,169000
2017-08-18,2436.890625,2473.8754742833053,2432.7811973018547,2453.3283357925798,159600
2017-08-21,2502.641357421875,2502.641357421875,2457.4376547426623,2465.6565097752464,148200
2017-08-22,2502.641357421875,2510.860212454459,2482.0942198404146,2482.0942198404146,123800
2017-08-23,2502.641357421875,2527.2979225196277,2498.531929905583,2519.0790674870436,96200
2017-08-24,2584.82958984375,2597.157870876391,2547.844746745827,2551.954173756707,327200
2017-08-25,2568.39208984375,2588.9392265625,2560.17323515625,2588.9392265625,139600
2017-08-28,2642.361572265625,2650.5804263006657,2572.501312967778,2572.501312967778,261200
2017-08-29,2646.4716796875,2654.690535835598,2609.48682702106,2617.7056831691575,138800
2017-08-30,2667.0185546875,2687.5656930132895,2662.909127022342,2671.127982352658,175800
2017-08-31,2708.112548828125,2732.769112246894,2675.237130936433,2675.237130936433,211000
2017-09-01,2708.112548828125,2724.550257773971,2695.7842671187404,2708.112548828125,144400
2017-09-04,2658.800048828125,2720.4414719076026,2654.6906206228264,2708.113187291707,163000
2017-09-05,2547.84521484375,2667.0186200541834,2547.84521484375,2658.7997645224295,423400
2017-09-06,2564.283203125,2576.6114877554087,2519.0794928135015,2543.736062074319,180400
2017-09-07,2593.048583984375,2617.705147382008,2580.720302285559,2580.720302285559,128800
2017-09-08,2580.720458984375,2613.5958788440485,2568.3921765369973,2568.3921765369973,185400
2017-09-11,2572.501708984375,2621.814840785992,2560.173426033971,2613.595985485723,150400
2017-09-12,2576.611572265625,2613.5964273699165,2564.2832872308613,2613.5964273699165,163400
2017-09-13,2564.283203125,2584.830344175681,2556.0643467047275,2584.830344175681,105400
2017-09-14,2568.39208984375,2584.82979921875,2543.73552578125,2564.2826625000002,192000
2017-09-15,2560.1728515625,2572.5011317465887,2543.7351446503812,2568.391705018559,191000
2017-09-18,2560.1728515625,2560.1728515625,2560.1728515625,2560.1728515625,0
2017-09-19,2613.59619140625,2617.705619380159,2576.6113396410674,2601.2679074845223,205200
2017-09-20,2560.1728515625,2617.7048257549154,2560.1728515625,2617.7048257549154,120000
2017-09-21,2551.95458984375,2593.048866652828,2547.8451621628424,2572.501728248289,183200
2017-09-22,2514.969482421875,2576.610891304764,2506.7506279041563,2576.610891304764,160000
2017-09-25,2531.406982421875,2539.6258362609074,2514.969274743811,2527.297555502359,163600
2017-09-26,2523.188720703125,2543.7358601225314,2514.9698649353622,2523.188720703125,136200
2017-09-27,2526.529296875,2551.5857857696283,2492.2854287190085,2551.5857857696283,119400
2017-09-28,2580.8193359375,2580.8193359375,2509.8259237838797,2543.23458832676,189900
2017-09-29,2584.99462890625,2593.3467924891456,2551.5859745746666,2576.6424653233544,125600
2017-10-02,2589.170654296875,2626.7553896011846,2584.994572596396,2614.227144499748,139100
2017-10-03,2589.170654296875,2622.5793079007058,2576.6424091954386,2622.5793079007058,170400
2017-10-04,2555.762451171875,2572.4667809180964,2547.4102862987643,2572.4667809180964,100300
2017-10-05,2564.1142578125,2589.170748931189,2555.7620941062705,2559.9381759593853,136800
2017-10-06,2572.46630859375,2593.3467169427254,2564.11414525416,2576.642390263545,132200
2017-10-09,2572.46630859375,2572.46630859375,2572.46630859375,2572.46630859375,0
2017-10-10,2576.642822265625,2580.8189046355856,2543.234163305941,2559.938492785783,90500
2017-10-11,2589.170654296875,2618.403226200227,2584.994572596396,2605.8749810987906,80800
2017-10-12,2605.875244140625,2610.051326262645,2580.8187514085034,2589.170915652544,90200
2017-10-13,2614.2275390625,2622.5797037240413,2597.523209739417,2601.6992920701878,108700
2017-10-16,2630.931640625,2651.81205047123,2593.3469029017856,2605.8751488095236,96000
2017-10-17,2664.34033203125,2672.692496081505,2618.403429754849,2630.931675830231,171400
2017-10-18,2655.98828125,2668.5165278596696,2630.9317880306603,2651.8121990467766,140000
2017-10-19,2672.69287109375,2693.57328414917,2660.164623260498,2668.516788482666,115100
2017-10-20,2655.98828125,2676.8686922661163,2647.6361168435533,2655.98828125,84800
2017-10-23,2681.045166015625,2693.5734144549506,2660.164751950083,2693.5734144549506,93700
2017-10-24,2693.572509765625,2697.7485911761146,2664.3399398921997,2672.6921027131784,87600
2017-10-25,2693.572509765625,2714.4529168180716,2685.2203469446463,2697.7485911761146,108900
2017-10-26,2681.045166015625,2706.1016628942757,2676.869083202517,2681.045166015625,114700
2017-10-27,2714.453369140625,2722.8055333533657,2676.8686301832936,2676.8686301832936,109200
2017-10-30,2735.333984375,2752.038314050573,2718.6296546994276,2731.1579019561073,251800
2017-10-31,2818.85546875,2889.8488657407406,2772.918564814815,2848.0880439814814,491000
2017-11-01,2877.320556640625,2885.6727208108446,2797.97499702354,2814.679325363979,204400
2017-11-02,2898.201171875,2914.9055013958937,2848.08818331232,2881.496842354107,123700
2017-11-03,2898.201171875,2898.201171875,2898.201171875,2898.201171875,0
2017-11-06,2885.673095703125,2902.3774262137076,2868.968765192543,2885.673095703125,210800
2017-11-07,2944.13818359375,2944.13818359375,2868.968698055186,2868.968698055186,120300
2017-11-08,3044.36376953125,3048.539851519633,2948.3138837984397,2965.018211751972,160000
2017-11-09,2981.722900390625,3048.5402202873333,2952.4903229358147,3044.3641377937893,153800
2017-11-10,3002.60302734375,3015.131273633084,2956.666124282858,2969.1943705721924,86600
2017-11-13,2998.426513671875,3061.067736102346,2994.2504321765105,3061.067736102346,99700
2017-11-14,2965.018310546875,2998.426967567121,2956.666146291813,2985.8987211845288,91700
2017-11-15,2919.08154296875,2973.3706131527183,2910.7293783250625,2952.4902015434996,81100
2017-11-16,2977.546142578125,2981.722224124518,2881.496267011089,2885.6723485574817,119800
2017-11-17,2973.370361328125,3010.9550990415423,2956.666033455495,2977.5464432962826,130300
2017-11-20,3002.60302734375,3010.955191536639,2944.137877993524,2956.666124282858,80500
2017-11-21,3044.36376953125,3061.0680974847824,3023.4833595893347,3036.011605554484,89100
2017-11-22,3044.36376953125,3086.1245894150807,3027.6594415777176,3069.4202614615483,115800
2017-11-23,3044.36376953125,3044.36376953125,3044.36376953125,3044.36376953125,0
2017-11-24,3073.59619140625,3073.59619140625,3027.6592918064284,3048.5397007154384,68300
2017-11-27,3098.65234375,3136.237075682278,3077.771937120957,3098.65234375,142500
2017-11-28,3115.357177734375,3132.0615057651225,3081.9485216728804,3107.0050137190015,191600
2017-11-29,3123.70947265625,3123.70947265625,3077.772568646599,3094.476897377381,188300
2017-11-30,3169.646484375,3169.646484375,3090.30092020751,3132.061743453557,128700
2017-12-01,3194.702880859375,3240.639785028595,3169.6463876761645,3223.9354562397875,130600
2017-12-04,3161.293701171875,3236.4631683067414,3152.94153815689,3236.4631683067414,104900
2017-12-05,3144.58984375,3165.4702543990707,3123.70943310093,3157.1180901394423,97300
2017-12-06,3073.59619140625,3127.885254569676,3065.244027842646,3086.124436751656,179000
2017-12-07,3186.350341796875,3186.350341796875,3111.1808710860705,3119.533034498382,158200
2017-12-08,3186.350341796875,3215.5829137399655,3165.4699332660957,3186.350341796875,170200
2017-12-11,3173.82177734375,3215.5825902035363,3140.413127055921,3203.0543463456,102400
2017-12-12,3144.58984375,3182.174582918327,3140.413761620186,3182.174582918327,97700
2017-12-13,3140.413818359375,3161.294229385701,3119.5334073330496,3152.9420649751705,91500
2017-12-14,3098.65234375,3148.7653196597034,3073.5958557951485,3144.589238333895,197800
2017-12-15,3073.59619140625,3094.47660031526,3010.9549646792207,3094.47660031526,316700
2017-12-18,3073.59619140625,3102.828763878864,3061.067946060844,3081.948354969854,151400
2017-12-19,3081.9482421875,3090.3004054454605,3056.8917524136177,3065.2439156715786,124300
2017-12-20,3069.420166015625,3094.4766571667733,3065.2440841571006,3081.948411591199,85100
2017-12-21,3081.9482421875,3086.1243238164802,3052.7156707846375,3069.419997300559,62600
2017-12-22,3061.068115234375,3107.0050173729537,3056.8920332217767,3073.596361272169,117500
2017-12-25,3102.82861328125,3102.82861328125,3065.2438790692295,3065.2438790692295,44800
2017-12-26,3102.82861328125,3127.8851027559303,3094.476450123023,3115.35685801859,46000
2017-12-27,3094.476806640625,3119.5332990020875,3094.476806640625,3107.005052821356,64400
2017-12-28,3094.476806640625,3107.005052821356,3077.7724783996496,3094.476806640625,77700
2017-12-29,3086.124755859375,3102.8290847138237,3081.948673645763,3098.6530025002116,60900
2018-01-01,3086.124755859375,3086.124755859375,3086.124755859375,3086.124755859375,0
2018-01-02,3086.124755859375,3086.124755859375,3086.124755859375,3086.124755859375,0
2018-01-03,3086.124755859375,3086.124755859375,3086.124755859375,3086.124755859375,0
2018-01-04,3157.117431640625,3157.117431640625,3123.7087815703535,3136.237025346705,113500
2018-01-05,3182.17431640625,3190.5264799663714,3111.180926145218,3144.5895803857034,173300
2018-01-08,3182.17431640625,3182.17431640625,3182.17431640625,3182.17431640625,0
2018-01-09,3194.702880859375,3207.2311274509807,3136.23773009855,3182.1746342677698,191500
2018-01-10,3165.47021484375,3203.0549535424225,3157.1180506884893,3203.0549535424225,79900
2018-01-11,3169.646484375,3169.646484375,3136.237825778162,3157.1182374011855,80300
2018-01-12,3115.357177734375,3157.117997811243,3115.357177734375,3144.589751788183,85900
2018-01-15,3132.06103515625,3152.9414420572916,3127.8849537760416,3148.7653606770837,44800
2018-01-16,3198.878662109375,3203.0547439136953,3136.2374350445702,3140.41351684889,87100
2018-01-17,3161.293701171875,3186.3501902168305,3148.7654566493975,3182.174108709338,131000
2018-01-18,3140.413818359375,3194.702887027822,3136.23773615411,3194.702887027822,99800
2018-01-19,3157.117431640625,3190.526081710896,3140.4131066054892,3148.765269123057,60900
2018-01-22,3161.293701171875,3173.821945694353,3140.413293634412,3161.293701171875,62800
2018-01-23,3223.935546875,3232.28771150421,3190.5268883581607,3190.5268883581607,95200
2018-01-24,3240.63916015625,3248.9913229401577,3215.5826718045264,3223.934834588434,80300
2018-01-25,3182.17431640625,3223.9351342068567,3182.17431640625,3223.9351342068567,87900
2018-01-26,3152.942138671875,3198.879044003518,3136.2378094603687,3182.174714792012,140800
2018-01-29,3165.47021484375,3186.350625231901,3148.7658865332287,3161.2941327661197,111100
2018-01-30,3311.633056640625,3390.9786153747636,3215.583169751931,3215.583169751931,365700
2018-01-31,3248.99169921875,3332.5133367308003,3244.8156173431476,3324.161172979595,200100
2018-02-01,3378.449462890625,3386.8016247271903,3282.399601770125,3282.399601770125,172200
2018-02-02,3353.394287109375,3390.9790300533155,3307.457379066781,3374.2746998560087,168600
2018-02-05,3294.928466796875,3411.858754591948,3282.4002216759745,3353.3936106944116,135000
2018-02-06,3056.891845703125,3177.998216639451,3027.6592734081496,3157.1178078573257,170100
2018-02-07,3102.82861328125,3211.406734338198,3098.6525317021365,3161.2937553888373,123300
2018-02-08,3115.357177734375,3161.29407981893,3102.8289317113145,3161.29407981893,99400
2018-02-09,3048.5400390625,3061.068285798373,3019.307463345462,3036.0117923266266,147800
2018-02-12,3048.5400390625,3048.5400390625,3048.5400390625,3048.5400390625,0
2018-02-13,3081.9482421875,3119.532976848323,3061.067834042598,3081.9482421875,148800
2018-02-14,3069.420166015625,3107.004902742347,3040.1875930059527,3081.948411591199,68000
2018-02-15,3056.891845703125,3107.0048267802254,3036.0114369209996,3102.8287450238004,87900
2018-02-16,3157.117431640625,3169.6456754169767,3094.4762127588665,3094.4762127588665,80300
2018-02-19,3203.0546875,3219.7590144230767,3169.6460336538457,3190.526442307692,88000
2018-02-20,3190.5263671875,3198.8785304523885,3173.8220406577225,3177.998122290167,55300
2018-02-21,3148.765625,3198.8786057692305,3136.237379807692,3194.7025240384614,80600
2018-02-22,3081.9482421875,3115.3568952193427,3073.596078929539,3094.4764870744407,151800
2018-02-23,3056.891845703125,3094.4765815109504,3044.36360043385,3090.3004997545254,112900
2018-02-26,3115.357177734375,3127.8854237574355,3081.9485216728804,3090.300685688254,95900
2018-02-27,3152.942138671875,3152.942138671875,3123.7095625517386,3148.7660563689983,62200
2018-02-28,3152.942138671875,3190.5268793977652,3152.942138671875,3152.942138671875,103800
2018-03-01,3061.068115234375,3132.061509448542,3052.715951209179,3127.8854274359437,104200
2018-03-02,2960.84228515625,2985.898778401578,2931.6097097033676,2944.137956326031,179300
2018-03-05,2960.84228515625,3010.9552716469057,2939.9618741184768,2944.137956326031,129700
2018-03-06,3044.36376953125,3048.539851519633,2994.2507856706534,3006.7790316358028,107100
2018-03-07,3044.36376953125,3065.2441794731653,3010.9551136241857,3019.3072776009517,90600
2018-03-08,2990.074951171875,3069.4205155186146,2973.3706218357192,3065.2444331845754,98800
2018-03-09,2981.722900390625,3044.3641377937893,2956.666405429359,3010.955477845435,135500
2018-03-12,2977.546142578125,3019.306958042054,2956.665734846161,3019.306958042054,132100
2018-03-13,2977.546142578125,2981.722224124518,2956.665734846161,2973.3700610317323,106200
2018-03-14,2969.194580078125,2985.898909642559,2956.666332904799,2985.898909642559,98200
2018-03-15,2939.9619140625,2960.8423253839665,2923.2575850053267,2956.6662431196733,180900
2018-03-16,2952.490234375,2973.3706462164077,2931.6098225335927,2948.314152006719,141500
2018-03-19,2923.2578125,2973.370803571429,2914.9056473214287,2956.666473214286,150400
2018-03-20,2898.201171875,2902.3772542552238,2860.6164304529902,2894.0250894947767,146900
2018-03-21,2898.201171875,2898.201171875,2898.201171875,2898.201171875,0
2018-03-22,2973.370361328125,2977.5464432962826,2906.5530498376056,2910.729131805763,128900
2018-03-23,2877.320556640625,2927.4335416619424,2873.1444745555154,2923.2574595768324,119600
2018-03-26,2935.785400390625,2935.785400390625,2856.4398490287163,2856.4398490287163,131600
2018-03-27,3027.659423828125,3027.659423828125,2948.3138665140086,2952.48994847791,166900
2018-03-28,3044.1025390625,3048.3187475653567,2968.2107860110805,2993.5080370282203,103800
2018-03-29,3098.91357421875,3119.9946189413267,3060.967693718112,3077.8325294961733,123900
2018-03-30,3094.697265625,3111.5621008600137,3065.1838039637264,3103.129683242507,69900
2018-04-02,3082.048583984375,3115.778253850141,3077.832375251154,3111.56204511692,52600
2018-04-03,3132.64306640625,3145.291692515562,3060.967518453482,3073.6161445627945,127000
2018-04-04,3191.669677734375,3204.318302613111,3153.723803098167,3191.669677734375,133100
2018-04-05,3204.318359375,3212.7507761101974,3166.372484066612,3208.534567742599,182600
2018-04-06,3233.831787109375,3271.7776620559,3191.669703835459,3229.6155787819835,248000
2018-04-09,3225.39990234375,3284.426828661152,3216.967484298407,3271.7782015931375,173700
2018-04-10,3162.156005859375,3238.04775,3162.156005859375,3208.5342939453126,185600
2018-04-11,3115.7783203125,3166.3728261903752,3069.4000232577805,3162.156617367219,155100
2018-04-12,3157.940185546875,3195.886062275743,3132.642934394297,3166.372602597735,128200
2018-04-13,3166.3720703125,3183.236901579144,3132.6424077792108,3179.020693762483,112600
2018-04-16,3233.831787109375,3238.047995436767,3204.3183288176338,3208.5345371450253,139000
2018-04-17,3246.47998046875,3263.3448115361202,3204.3179028003246,3229.6151494013798,135000
2018-04-18,3288.642578125,3292.8587865584936,3238.0480769230767,3259.129119090545,130600
2018-04-19,3280.210205078125,3297.0750390373955,3246.480537159584,3297.0750390373955,93400
2018-04-20,3280.210205078125,3301.2912475272133,3254.9129541392194,3254.9129541392194,110500
2018-04-23,3259.12939453125,3275.9942296905324,3233.832141792327,3275.9942296905324,95200
2018-04-24,3292.859130859375,3297.075339733715,3238.0484154929577,3271.778086487676,100700
2018-04-25,3313.939697265625,3322.3721137981074,3263.34519807073,3292.8586559344185,99700
2018-04-26,3322.372314453125,3326.5885229740047,3297.075063327847,3326.5885229740047,51900
2018-04-27,3330.80517578125,3351.886221197587,3305.5079212816454,3335.021384864517,80800
2018-04-30,3330.80517578125,3330.80517578125,3330.80517578125,3330.80517578125,0
2018-05-01,3187.453369140625,3313.9396139477926,3179.020952820147,3297.074781306837,221600
2018-05-02,3103.12939453125,3233.831855442213,3094.6969776982846,3233.831855442213,238800
2018-05-03,3103.12939453125,3103.12939453125,3103.12939453125,3103.12939453125,0
2018-05-04,3103.12939453125,3103.12939453125,3103.12939453125,3103.12939453125,0
2018-05-07,3124.210693359375,3149.5079459371836,3077.8323969667254,3098.9134407815664,168200
2018-05-08,3149.507568359375,3174.8048179044304,3107.345485784283,3162.156193131903,309300
2018-05-09,3027.23779296875,3174.8050948544137,2989.291915341008,3094.697130973625,396500
2018-05-10,2989.291748046875,3069.3997074444637,2972.426914489488,3023.021415161649,247800
2018-05-11,3048.318603515625,3069.3996450337136,3027.237561997536,3027.237561997536,188400
2018-05-14,3056.751220703125,3065.1836378636854,3027.2377606411637,3048.3188035425646,146700
2018-05-15,3052.53515625,3069.3999913674033,3023.021694794544,3065.1837825880525,125200
2018-05-16,3048.318603515625,3073.6158533373314,3035.6699786047716,3052.5348118192423,161900
2018-05-17,3010.373046875,3044.102716867997,3006.1568381258753,3031.454090620623,95500
2018-05-18,3014.589599609375,3031.454436530267,2976.643716537369,2997.724762688483,179100
2018-05-21,3077.83251953125,3090.4811463238443,3027.238012360873,3035.6704302226026,116800
2018-05-22,3069.39990234375,3069.39990234375,3023.0216071160285,3056.751276372553,91300
2018-05-23,3111.561767578125,3145.2914344353403,3069.3996840066056,3073.6158923637577,189300
2018-05-24,3119.994384765625,3187.453722814612,3107.3457588814404,3136.859219277872,142900
2018-05-25,3077.83251953125,3103.129773116438,3056.7514748769263,3094.697355254709,100700
2018-05-28,3035.669921875,3086.2644205729166,3027.237505425347,3056.750962999132,77200
2018-05-29,2997.724609375,3039.8866995209214,2980.8597733166316,3031.454281491737,94900
2018-05-30,2909.183837890625,2976.6431732620017,2892.3190040477807,2959.7783394191574,211200
2018-05-31,2993.508056640625,3018.8053078235034,2934.4811372139084,2934.4811372139084,311000
2018-06-01,2989.291748046875,3031.4538319403428,2917.6162054279794,2934.4810389853665,231600
2018-06-04,2955.5625,3010.3732168330957,2947.130082025678,3006.1570078459345,137300
2018-06-05,3082.048583984375,3082.048583984375,3010.373035519622,3014.589244252843,177600
2018-06-06,3052.53515625,3107.3458703815604,3035.6703211325967,3086.2648264848062,105000
2018-06-07,3082.048583984375,3082.048583984375,3027.2378704525054,3065.183749051492,104400
2018-06-08,3090.481201171875,3111.5622462003325,3077.8325741548006,3082.048783160492,146300
2018-06-11,3052.53515625,3098.9134528228587,3039.8865299119475,3086.2648264848062,91300
2018-06-12,3052.53515625,3073.616200146754,3027.237903573895,3056.751365029351,59500
2018-06-13,3090.481201171875,3111.5622462003325,3056.751529126343,3065.183947137726,150800
2018-06-14,3010.373046875,3056.751343115371,2989.2920031293766,3056.751343115371,135700
2018-06-15,3010.373046875,3060.967551864496,3010.373046875,3052.5351343662464,106600
2018-06-18,2989.291748046875,3014.5889983829557,2963.9944977107943,3006.156581604262,85700
2018-06-19,2913.400146484375,2963.9946497518317,2871.238060428161,2955.562232540589,231400
2018-06-20,2900.75146484375,2909.183881892714,2854.3731710744455,2854.3731710744455,263400
2018-06-21,2803.77880859375,2871.238148349389,2803.77880859375,2841.724687206297,263300
2018-06-22,2812.211181640625,2833.2922249812596,2774.2653036274833,2782.6977209637366,220900
2018-06-25,2744.751953125,2778.4816238239246,2736.319535450269,2774.2654149865593,169100
2018-06-26,2782.697509765625,2799.562343158144,2727.8868012399384,2732.103009588068,216500
2018-06-27,2854.373291015625,2904.9677954353997,2782.697743087611,2799.562577894202,237800
2018-06-28,2892.3193359375,2904.967962771046,2812.211365991709,2858.5896643813776,157500
2018-06-29,2909.183837890625,2942.913505576313,2892.3190040477807,2930.26488019418,195600
2018-07-02,2812.211181640625,2896.5353550031623,2812.211181640625,2896.5353550031623,143100
2018-07-03,2841.724365234375,2888.1026560616424,2816.427115692229,2829.0757404633023,200800
2018-07-04,2955.5625,2972.427335948645,2837.5086483594864,2837.5086483594864,271100
2018-07-05,2875.4541015625,2947.1296436835596,2854.3730597621884,2947.1296436835596,130800
2018-07-06,2913.400146484375,2972.4270669630746,2888.102894850647,2934.481189512482,170800
2018-07-09,2985.07568359375,3039.886395298155,2955.5622234452244,3039.886395298155,243200
2018-07-10,2955.5625,3027.2380527817404,2938.6976640513553,3027.2380527817404,182900
2018-07-11,2951.34619140625,2959.778609095982,2888.103058733259,2926.048938337053,180200
2018-07-12,2947.1298828125,2980.8595524298107,2938.6974654081723,2959.7785089189915,125400
2018-07-13,3056.751220703125,3065.1836378636854,2980.8594662580817,2997.7243005792025,180500
2018-07-16,3056.751220703125,3056.751220703125,3056.751220703125,3056.751220703125,0
2018-07-17,3187.453369140625,3204.3182017815807,3086.264373294891,3094.6967896153687,307800
2018-07-18,3166.3720703125,3216.9665641124334,3157.9396546791777,3195.8855250291276,203700
2018-07-19,3086.264404296875,3136.8589027279713,3073.615779689101,3136.8589027279713,131300
2018-07-20,3044.1025390625,3098.9132495996364,3010.3728710396467,3090.480832593923,147600
2018-07-23,2980.859619140625,3027.2379159023603,2968.210992751061,3006.1568719197535,98200
2018-07-24,2947.1298828125,3023.0216394514487,2938.6974654081723,3006.1568046427933,101000
2018-07-25,2947.1298828125,2980.8595524298107,2926.0488393016813,2951.346091514664,137700
2018-07-26,2959.778564453125,2976.643399578214,2934.4813117654912,2963.994773234397,177000
2018-07-27,3044.1025390625,3048.3187475653567,2955.5621605025103,2985.075620022507,140100
2018-07-30,3027.23779296875,3039.886418844664,2989.291915341008,3035.6702102193594,194500
2018-07-31,2938.69775390625,3069.400236504663,2770.0493892631366,2959.7787994866394,698100
2018-08-01,2972.42724609375,2997.724499251995,2947.1299929355055,2972.42724609375,175700
2018-08-02,2892.3193359375,3001.940768494898,2875.454500159439,3001.940768494898,139600
2018-08-03,2917.615966796875,2955.561839197412,2904.9673426633626,2934.4807989748915,104100
2018-08-06,2879.670654296875,2930.265160668123,2858.5896099755214,2921.8327429395817,164000
2018-08-07,2833.292236328125,2875.454323178246,2824.8598189581007,2875.454323178246,120700
2018-08-08,2883.886962890625,2930.265262001439,2833.2924547697367,2837.508663779811,294100
2018-08-09,2888.1025390625,2904.9673714073906,2841.724250114051,2888.1025390625,104300
2018-08-10,2850.156982421875,2904.9676936222954,2845.9407738679965,2888.1028594067816,73600
2018-08-13,2761.616943359375,2833.292497614504,2757.400734285544,2803.7790340976862,115600
2018-08-14,2824.85986328125,2824.85986328125,2782.6977757695895,2795.3464020230876,71100
2018-08-15,2786.913818359375,2854.373154355971,2786.913818359375,2837.508320356822,75000
2018-08-16,2698.3740234375,2761.6171646118164,2698.3740234375,2757.4009552001953,156500
2018-08-17,2791.130615234375,2803.77924340009,2744.752311960088,2753.184730737231,194000
2018-08-20,2748.968017578125,2799.5625209691334,2744.7518089622076,2770.049060657712,116000
2018-08-21,2715.23828125,2719.4544897612577,2694.1572386937114,2711.0220727387423,115900
2018-08-22,2778.4814453125,2782.6976538789836,2727.8869425147004,2727.8869425147004,130100
2018-08-23,2820.643798828125,2820.643798828125,2778.4817091595432,2799.562753993834,99700
2018-08-24,2896.535400390625,2896.535400390625,2845.9408955803083,2858.5895217828875,134600
2018-08-27,2934.481201171875,2942.913618416622,2896.5353235705147,2900.7515321928877,92700
2018-08-28,2959.778564453125,2972.4271907969414,2934.4813117654912,2951.3461468905803,131400
2018-08-29,2867.022216796875,2976.643654497932,2867.022216796875,2963.995027070887,263200
2018-08-30,2740.53564453125,2812.211192157452,2711.0221837439904,2807.9949834735576,550500
2018-08-31,2816.427490234375,2824.859907869807,2702.5898521560393,2706.8060609737554,335800
2018-09-03,2778.4814453125,2854.3731995092,2774.265236746017,2854.3731995092,143400
2018-09-04,2837.50830078125,2845.9407177226503,2774.2651737207466,2816.4272584277487,106100
2018-09-05,2786.913818359375,2862.8055713555455,2786.913818359375,2862.8055713555455,175400
2018-09-06,2803.77880859375,2833.292269736842,2757.4005125117483,2774.265347450658,169100
2018-09-07,2833.292236328125,2845.940862383161,2803.77877553304,2803.77877553304,148800
2018-09-10,2854.373291015625,2867.0219171205686,2816.427412700794,2833.2922475073856,152400
2018-09-11,2850.156982421875,2896.5352765145385,2841.724565314118,2883.886650852903,104600
2018-09-12,2803.77880859375,2858.5895221452065,2786.91397365484,2858.5895221452065,117700
2018-09-13,2812.211181640625,2845.94085098564,2795.3463469681174,2820.643598976879,105500
2018-09-14,2820.643798828125,2854.3734705629904,2803.7789629606923,2850.1572615961322,136800
2018-09-17,2820.643798828125,2820.643798828125,2820.643798828125,2820.643798828125,0
2018-09-18,2947.1298828125,2947.1298828125,2837.508456556241,2845.9408739605688,154900
2018-09-19,2951.34619140625,2976.6434444754464,2947.1299825613837,2976.6434444754464,156100
2018-09-20,2972.42724609375,3010.3731258311172,2921.832739777261,3010.3731258311172,169600
2018-09-21,2934.481201171875,3018.805373619343,2926.048783927128,3014.5891649969694,153200
2018-09-24,2934.481201171875,2934.481201171875,2934.481201171875,2934.481201171875,0
2018-09-25,3014.589599609375,3014.589599609375,2896.535741163134,2904.9681596235796,240900
2018-09-26,3052.856201171875,3052.856201171875,2997.581645997454,2997.581645997454,176600
2018-09-27,3023.0927734375,3086.871101991034,3010.337107726793,3057.1078819993845,116900
2018-09-28,3069.86376953125,3086.8713250411183,3031.5967696340463,3031.5967696340463,119000
2018-10-01,3074.11572265625,3091.123278521568,3044.3524998919434,3061.3600557572613,84100
2018-10-02,3108.131103515625,3142.1462181915826,3099.6273248466355,3112.3829928501195,106700
2018-10-03,3103.87890625,3142.145906464041,3086.871350599315,3142.145906464041,95400
2018-10-04,3074.11572265625,3103.8789454205566,3031.5968329929547,3099.627056454227,186200
2018-10-05,3031.5966796875,3057.108012195389,3001.833458428296,3023.09290218487,249500
2018-10-08,3031.5966796875,3031.5966796875,3031.5966796875,3031.5966796875,0
2018-10-09,2989.07763671875,3142.1456238053433,2967.8181940678346,3040.100299080948,244300
2018-10-10,2980.57470703125,3091.1238402449626,2963.567148075294,3035.8492736381063,228900
2018-10-11,2887.032470703125,2899.7881369948914,2840.2616942999816,2848.765471827826,250000
2018-10-12,2899.7880859375,2921.0475293827894,2870.0248651140946,2874.2767538031526,124000
2018-10-15,2810.498291015625,2887.0322838118145,2810.498291015625,2865.7728413684285,138600
2018-10-16,2801.994384765625,2823.2538262281864,2767.9792784255264,2797.7424964731126,170400
2018-10-17,2819.00244140625,2853.0175538214085,2801.994885198671,2844.513775717619,150500
2018-10-18,2763.72802734375,2836.0101449819713,2759.4761380709137,2823.2544771634616,167800
2018-10-19,2750.97216796875,2755.2240569455175,2725.4608341081434,2746.720278991982,104500
2018-10-22,2776.483154296875,2789.2388196305515,2721.208604517611,2725.46049296217,106600
2018-10-23,2746.720458984375,2763.72801600595,2721.209123452012,2746.720458984375,177000
2018-10-24,2789.23876953125,2827.505764844941,2746.719885849371,2746.719885849371,328600
2018-10-25,2695.697509765625,2729.7126202989452,2670.186176865635,2704.201287398955,212400
2018-10-26,2661.682373046875,2712.705038344898,2648.926706722369,2699.9493720203923,190700
2018-10-29,2623.4150390625,2695.6971390042545,2619.163150830632,2661.682033149311,185700
2018-10-30,2644.6748046875,2704.2012472367364,2597.9040283988143,2623.4153609199157,739500
2018-10-31,2670.186279296875,2789.2391707304937,2572.3928327621165,2721.20894705414,665700
2018-11-01,2682.941650390625,2699.9492044343056,2597.9038801722218,2610.659545704982,232900
2018-11-02,2631.919677734375,2678.6904636068757,2593.6526711114193,2653.179125858239,281100
2018-11-05,2648.92626953125,2670.1857098966693,2580.896060361908,2619.1630530196626,238700
2018-11-06,2695.697509765625,2712.7050650322853,2665.93428804897,2670.186176865635,106500
2018-11-07,2704.201904296875,2755.2245817364387,2687.194345150354,2704.201904296875,176300
2018-11-08,2738.21630859375,2742.4681972716908,2687.1936444584626,2721.208753881988,135300
2018-11-09,2708.453369140625,2750.972260335925,2691.445812662505,2750.972260335925,100800
2018-11-12,2712.704833984375,2742.468053166022,2678.6897263482074,2695.697280166291,118200
2018-11-13,2665.9345703125,2687.1940166467302,2614.911899110347,2678.690238113038,184900
2018-11-14,2661.682373046875,2682.941816921051,2644.674817947534,2661.682373046875,125900
2018-11-15,2695.697509765625,2695.697509765625,2631.9191775156496,2636.1710663323147,103000
2018-11-16,2704.201904296875,2721.2094634433965,2670.186786003833,2678.6905655770934,86800
2018-11-19,2691.44580078125,2733.9646917888526,2678.6901334789695,2716.957135385812,127100
2018-11-20,2695.697509765625,2708.4531762156203,2657.4305104156397,2670.186176865635,126300
2018-11-21,2699.949462890625,2699.949462890625,2636.171129121555,2644.674906957431,98600
2018-11-22,2738.21630859375,2746.720085949631,2640.422869001116,2640.422869001116,152300
2018-11-23,2738.21630859375,2738.21630859375,2738.21630859375,2738.21630859375,0
2018-11-26,2750.97216796875,2767.979723875821,2721.2089451313755,2738.2165010384465,70100
2018-11-27,2733.96484375,2784.9875157951014,2716.957286401633,2780.7356264580094,98200
2018-11-28,2767.979736328125,2789.2391813076038,2733.964624360959,2733.964624360959,101900
2018-11-29,2759.47607421875,2784.9874092654563,2729.7128499975925,2784.9874092654563,100400
2018-11-30,2831.758056640625,2840.261834588495,2763.7278330576673,2776.4834999794716,144900
2018-12-03,2823.254150390625,2840.26170551346,2789.2390401449547,2840.26170551346,128500
2018-12-04,2789.23876953125,2831.757653213129,2776.483104426686,2810.4982113721894,93900
2018-12-05,2742.46826171875,2763.727705608043,2712.7050402737405,2729.7125953851746,93600
2018-12-06,2674.4375,2733.963930842607,2661.6818362480126,2708.452603338633,106900
2018-12-07,2712.704833984375,2712.704833984375,2653.1783956210816,2665.9340609846445,122900
2018-12-10,2644.6748046875,2687.1936922226687,2640.422915933983,2653.1785821945336,67800
2018-12-11,2653.1787109375,2665.9343778170073,2623.41548821865,2661.6824888571714,86100
2018-12-12,2678.68994140625,2712.7050517733137,2653.1786086309526,2670.186163814484,173600
2018-12-13,2682.941650390625,2695.6973159233858,2623.415211237743,2678.6897618797047,147600
2018-12-14,2704.201904296875,2750.9726919498084,2657.4311166439416,2738.2170225899176,355200
2018-12-17,2729.712890625,2738.2166691004672,2682.94210900993,2729.712890625,136200
2018-12-18,2738.21630859375,2750.971974627572,2661.6823123908193,2708.453087848166,163000
2018-12-19,2691.44580078125,2721.209024486572,2665.9344661766886,2721.209024486572,121800
2018-12-20,2636.1708984375,2704.201115171371,2627.667121345766,2687.1935609879033,108900
2018-12-21,2555.38525390625,2640.423032738405,2555.38525390625,2640.423032738405,156400
2018-12-24,2555.38525390625,2555.38525390625,2555.38525390625,2555.38525390625,0
2018-12-25,2385.31005859375,2466.946338673964,2360.6490989861854,2453.340291993928,153800
2018-12-26,2382.758544921875,2447.387256347308,2355.54645590064,2389.561567177184,180600
2018-12-27,2589.400390625,2593.652279607964,2467.796365712233,2478.0008992713465,135900
2018-12-28,2559.636962890625,2580.8964061040024,2547.731674691134,2572.3926288186517,114200
2018-12-31,2559.636962890625,2559.636962890625,2559.636962890625,2559.636962890625,0
2019-01-04,2461.84326171875,2491.6064790452288,2436.331932581768,2491.6064790452288,166800
2019-01-07,2503.511962890625,2555.3850028825846,2490.756297318832,2546.881225834722,95000
2019-01-08,2534.9765625,2563.8894115858775,2470.3478410139214,2502.6622017569607,188200
2019-01-09,2532.425048828125,2551.1333601357874,2499.2603151463595,2541.779204481956,127200
2019-01-10,2442.285400390625,2483.9539187120527,2426.9785977419374,2466.946360213511,178900
2019-01-11,2437.1826171875,2495.858681592921,2424.4269510124086,2458.4420608126525,106600
2019-01-15,2495.008544921875,2503.5123231935922,2411.671517859045,2426.9783187481357,147900
2019-01-16,2445.6865234375,2481.4023906087014,2433.7812343804326,2481.4023906087014,122300
2019-01-17,2458.4423828125,2474.599562083838,2424.4272685570522,2449.0882263922517,121900
2019-01-18,2491.60693359375,2507.7641116614227,2460.1429552514396,2460.1429552514396,71700
2019-01-21,2507.763916015625,2528.1729814562404,2502.661649655471,2506.9135382889326,50600
2019-01-22,2472.04833984375,2520.5198759191176,2458.4422946296118,2520.5198759191176,60500
2019-01-23,2426.97802734375,2455.0404922709904,2426.1276496186824,2449.938225920583,93600
2019-01-24,2447.386962890625,2455.890739690106,2432.9305423315072,2438.883186091144,58900
2019-01-25,2490.75634765625,2538.377500086687,2454.1901056114502,2456.7412387773666,135900
2019-01-28,2481.40234375,2523.0708546628684,2466.095543822824,2472.8985660126796,101400
2019-01-29,2482.2529296875,2505.2131315037254,2465.2453727865923,2477.1506626172277,118900
2019-01-30,2495.8583984375,2506.913307868399,2441.4342289315377,2487.3546219521936,162400
2019-01-31,2167.613037109375,2246.698173418191,2143.8024584357527,2246.698173418191,836300
2019-02-01,2212.682861328125,2216.0843722602203,2144.652642686215,2151.455664550406,505000
2019-02-04,2227.139404296875,2250.9499821205914,2199.076937576067,2212.6829820467615,346000
2019-02-05,2244.997314453125,2281.563558590051,2232.241647893732,2233.9424034349845,413800
2019-02-06,2252.65087890625,2349.5939518376626,2249.249367575323,2301.972793204688,582300
2019-02-07,2249.24951171875,2281.563871433424,2223.7381751019025,2268.808203125,215400
2019-02-08,2211.8330078125,2275.6113529051327,2208.4314960742263,2219.486409223616,261100
2019-02-12,2210.98193359375,2271.3587479341945,2205.0292899263823,2239.0443965970553,395000
2019-02-13,2249.24951171875,2269.6585810122283,2194.825326936141,2206.730617357337,270700
2019-02-14,2276.46142578125,2311.3269164263866,2242.446312956726,2253.5012246246965,314600
2019-02-15,2277.311767578125,2302.823101792966,2236.4936328343797,2256.0523223990913,155400
2019-02-18,2321.531494140625,2327.484138997396,2279.0126023065477,2297.720914713542,131900
2019-02-19,2302.82275390625,2330.034839624492,2290.067088725824,2330.034839624492,273600
2019-02-20,2360.648681640625,2380.2073702853418,2322.3816821183527,2328.334326488484,217900
2019-02-21,2327.48388671875,2364.0501297325995,2304.5236876170306,2334.286908674815,237900
2019-02-22,2356.396484375,2362.349127965987,2304.5234473678274,2321.5310004849334,109000
2019-02-25,2400.61669921875,2404.0182106593716,2353.8459169102016,2370.8534741133103,147400
2019-02-26,2408.270263671875,2423.5770661952133,2397.2153507383528,2400.616862410206,140200
2019-02-27,2388.711181640625,2420.175159469284,2377.6562705116366,2404.017981665378,155500
2019-02-28,2398.915771484375,2413.3721940704204,2377.6563265048962,2394.6638824884794,219800
2019-03-01,2438.03369140625,2450.789361225257,2406.569705852699,2412.5223517682352,200200
2019-03-04,2453.340087890625,2478.0010454465446,2441.434798036043,2466.0957555919626,123000
2019-03-05,2396.364501953125,2435.481878493169,2385.3095911918085,2434.6315007422986,311000
2019-03-06,2444.8359375,2450.788581521739,2396.3644076086957,2422.726116847826,202800
2019-03-07,2468.646484375,2476.2998837409577,2446.536663984456,2446.536663984456,185400
2019-03-08,2434.63134765625,2474.599099434051,2406.5688836420495,2426.12757068225,353800
2019-03-11,2472.898193359375,2485.6538580431406,2441.434220472753,2455.8906404476875,156700
2019-03-12,2456.741455078125,2482.2527889834014,2449.088054906542,2477.150522202346,85300
2019-03-13,2403.167724609375,2467.796439071623,2397.215079856273,2440.584348771729,151800
2019-03-14,2406.56884765625,2416.7733798724603,2389.561293962566,2415.923002187776,70800
2019-03-15,2430.3798828125,2455.0408403357897,2390.412124067858,2392.112879759119,162900
2019-03-18,2461.84326171875,2472.898171011442,2444.835708960762,2457.591373529253,81900
2019-03-19,2463.545166015625,2466.0963001191963,2443.136093187052,2454.191007635862,49200
2019-03-20,2489.05615234375,2489.9065302570893,2463.5448149435747,2470.347838250288,120300
2019-03-22,2455.04052734375,2470.3473266136452,2434.6314616505565,2470.3473266136452,198100
2019-03-25,2379.356689453125,2423.5763277131546,2352.9949820288766,2417.6236841012274,201100
2019-03-26,2468.646484375,2475.449506033629,2421.025332764597,2423.576465886583,214400
2019-03-27,2423.96533203125,2467.7874631668733,2417.09127224527,2466.928205693626,126600
2019-03-28,2452.32080078125,2466.0689201969826,2415.3727298514696,2428.2615918037186,118200
2019-03-29,2445.446533203125,2465.209453183333,2435.994701908243,2450.602077545788,110100
2019-04-01,2462.632080078125,2482.3950032608873,2448.0247020734746,2474.6616854937192,73300
2019-04-02,2392.172607421875,2474.661318022629,2387.876320411419,2471.2242884142647,85900
2019-04-03,2406.7802734375,2418.809878517159,2385.2988357952518,2416.2321060000895,115200
2019-04-04,2415.372314453125,2441.150033924343,2378.4242498777126,2403.342712033223,172500
2019-04-05,2361.239501953125,2403.343117526525,2338.0395505147208,2368.9728190992596,355300
2019-04-08,2448.8837890625,2455.757848821272,2384.439478824013,2391.313538582785,167100
2019-04-09,2405.06201171875,2455.7582098936005,2388.736117391256,2455.7582098936005,60600
2019-04-10,2410.21728515625,2425.68392014121,2392.172877673797,2409.3580276570856,39100
2019-04-11,2405.06201171875,2407.6397845073016,2376.706511044681,2391.3138901798075,76600
2019-04-12,2406.7802734375,2429.9802260911283,2388.7358658180115,2425.6839385626786,91400
2019-04-15,2509.890625,2513.3276542707977,2460.9129578911334,2474.661074974324,187000
2019-04-16,2451.46142578125,2491.8465246286805,2442.8688515583926,2491.8465246286805,122500
2019-04-17,2478.9580078125,2490.9876133963385,2458.335826811633,2474.6617201039858,88600
2019-04-18,2461.77294921875,2478.958100696717,2448.8840856102747,2478.958100696717,101400
2019-04-19,2453.179931640625,2484.1131987296135,2448.883644544932,2482.3946838913366,75300
2019-04-22,2453.179931640625,2466.0687929277037,2430.839238743022,2448.883644544932,73900
2019-04-23,2453.179931640625,2470.3650800233963,2433.417011000438,2463.491020670288,95200
2019-04-24,2420.5283203125,2466.0689667365546,2417.9505478734027,2464.3504517771566,107200
2019-04-25,2453.179931640625,2474.6613671190894,2435.135525838715,2445.4466148683778,122500
2019-04-26,2465.20947265625,2476.3798188202554,2427.402147178078,2440.2910081365458,76700
2019-05-07,2447.16552734375,2506.4542988980756,2423.965573257275,2465.209936077675,103900
2019-05-08,2365.535888671875,2431.698715924957,2350.9285112263897,2417.0913384794712,149600
2019-05-09,2408.498291015625,2430.838981549484,2365.535424604358,2365.535424604358,198000
2019-05-10,2332.88427734375,2393.032306593865,2326.8694744187387,2381.8619583045584,214600
2019-05-13,2320.854248046875,2379.2837515149195,2296.795040736504,2343.194940549363,216600
2019-05-14,2380.1435546875,2401.6249947117553,2277.032642571074,2278.7511577730147,234400
2019-05-15,2442.009521484375,2566.601844009088,2353.5060096219927,2551.9944682648115,601400
2019-05-16,2320.854248046875,2367.2541478597336,2281.328407465551,2356.943059012432,391600
2019-05-17,2337.180419921875,2377.565522766113,2313.121209716797,2363.817402648926,241900
2019-05-20,2368.113525390625,2407.639367976971,2344.054316859806,2353.506148782628,232400
2019-05-21,2337.180419921875,2362.0988876342776,2309.6841796875,2344.054479980469,220600
2019-05-22,2431.698486328125,2437.7132882377705,2354.3653189183965,2359.5208634123787,185600
2019-05-23,2393.89111328125,2431.6984388319947,2380.142994899161,2405.920716865578,139000
2019-05-24,2400.76513671875,2413.6539975100104,2353.505980484129,2370.6911282058095,177600
2019-05-27,2405.06201171875,2410.2175572958536,2353.5065559477157,2400.7657237378303,160000
2019-05-28,2355.224609375,2402.4837678994895,2354.3653519472823,2387.0171342005656,189700
2019-05-29,2290.780517578125,2338.0396805439154,2278.7509124595604,2320.8545303745373,290200
2019-05-30,2277.891357421875,2283.906159195528,2244.380318968668,2268.439526063278,213400
2019-05-31,2289.06201171875,2310.543449516411,2265.8620588972763,2273.595376504434,170100
2019-06-03,2265.0029296875,2276.173277975033,2243.521490673013,2246.099263354751,182300
2019-06-04,2289.06201171875,2297.6545868378143,2268.4398314329956,2268.4398314329956,150700
2019-06-05,2290.780517578125,2320.8545303745373,2281.328684984967,2314.8397278152547,147900
2019-06-06,2264.143310546875,2290.7802906709558,2261.5655382768027,2271.0173699337347,181700
2019-06-07,2270.158203125,2278.7507777015517,2252.973053971896,2266.7211732943792,205800
2019-06-10,2295.0771484375,2296.795663711508,2263.2846158683546,2277.0327380604176,243100
2019-06-11,2269.298828125,2295.0765505194527,2269.298828125,2285.62471897482,218400
2019-06-12,2283.046875,2283.9061323861497,2258.1284108016557,2268.4394994354534,268400
2019-06-13,2273.59521484375,2280.4692744502318,2234.928629557292,2267.580412688079,277600
2019-06-14,2289.921142578125,2289.921142578125,2259.8471313247537,2268.4397059685743,225700
2019-06-17,2266.721435546875,2300.232480272549,2266.721435546875,2290.780647144795,144200
2019-06-18,2242.662109375,2259.84725963841,2228.9139891642717,2259.84725963841,218400
2019-06-19,2298.513427734375,2302.809714515187,2261.5653614193925,2265.8616482002044,145200
2019-06-20,2291.64013671875,2320.854896616927,2279.610529701854,2298.5141978712622,143900
2019-06-21,2268.439453125,2281.3283136541195,2222.8988125887786,2281.3283136541195,324400
2019-06-24,2244.38037109375,2276.1728954928576,2237.506311764213,2268.4395787471285,178100
2019-06-25,2234.9287109375,2287.343417345492,2227.195393598616,2245.239800722679,210900
2019-06-26,2186.809814453125,2224.617135410271,2183.3727852752027,2221.180106232349,192400
2019-06-27,2231.49169921875,2236.64724415341,2174.7807049374883,2228.05466926231,414200
2019-06-28,2240.943603515625,2264.143556466132,2214.3066204983766,2219.462165598489,214700
2019-07-01,2288.2021484375,2288.2021484375,2242.6615123627016,2249.535570638143,238700
2019-07-02,2271.87646484375,2278.75052373889,2250.395030796438,2271.0172074818574,167800
2019-07-03,2277.891357421875,2296.795020139069,2273.5950704406946,2278.7506148181114,225300
2019-07-04,2332.0244140625,2337.179958087693,2290.780061860952,2292.498576536017,174200
2019-07-05,2383.580078125,2387.876365216069,2348.3505239782357,2350.069038814663,204900
2019-07-08,2356.08349609375,2383.579729454436,2354.3649815087074,2369.831612774093,163100
2019-07-09,2310.54345703125,2361.2396503986147,2300.2323668548365,2355.224847795707,173000
2019-07-10,2300.232421875,2306.247224621778,2271.8769232116174,2290.780588987206,155200
2019-07-11,2297.65380859375,2308.824152464999,2291.639008047693,2301.090837477211,181700
2019-07-12,2282.188232421875,2327.728886156197,2278.75120195136,2307.106703333108,181000
2019-07-16,2241.802490234375,2289.0616458353293,2239.2247181106864,2273.5950130931988,203400
2019-07-17,2251.254638671875,2258.9879561329617,2223.7583988102338,2229.773201279968,280800
2019-07-18,2238.36572265625,2279.6100814614324,2236.647207706034,2251.2545847828696,211300
2019-07-19,2307.965576171875,2313.9803784925016,2232.3509184268546,2241.802750644982,175800
2019-07-22,2300.232421875,2310.5435122980484,2281.3287560994117,2306.247224621778,153400
2019-07-23,2303.66943359375,2326.0101293316975,2292.4990857247763,2307.1064637072805,191700
2019-07-24,2296.794921875,2307.1060101886924,2285.624576201833,2294.217149796577,98100
2019-07-25,2285.625,2307.965695488722,2283.0472274436092,2295.936090225564,81400
2019-07-26,2277.891357421875,2281.3283870068194,2258.987694704681,2277.032100025639,117500
2019-07-29,2292.498779296875,2308.8246701539365,2277.0321458533426,2277.891403266872,128900
2019-07-30,2261.56591796875,2292.499190402973,2248.67705445449,2285.6251298620346,239800
2019-07-31,2203.994873046875,2266.7206530595154,2185.091213317038,2242.6614497669957,534000
2019-08-01,2140.41015625,2181.654510926837,2129.23981019169,2176.498966592232,398900
2019-08-02,2183.37353515625,2193.684626231368,2120.6477311159483,2130.9588221910667,390000
2019-08-05,2118.928955078125,2171.3436615906007,2103.4623203695255,2159.3140568172457,261700
2019-08-06,2078.543701171875,2081.1214734345936,2030.425285601133,2054.484493386504,381100
2019-08-07,2086.27685546875,2094.0101716545896,2058.78062014132,2058.78062014132,240700
2019-08-08,2109.476806640625,2122.3656669663314,2094.0101742497773,2096.5879463149186,175800
2019-08-09,2123.225341796875,2142.1290073248115,2107.7587063649266,2114.632766556904,174900
2019-08-13,2083.699462890625,2123.2253083722617,2066.5143126812177,2101.7438706105027,266500
2019-08-14,2121.507080078125,2126.662625837732,2105.1811851727043,2108.6182156791087,128600
2019-08-15,2127.521484375,2133.536286632926,2078.5438088461733,2085.4178685695174,199000
2019-08-16,2125.80322265625,2131.818025630621,2116.35138941081,2124.943965088483,109600
2019-08-19,2158.454345703125,2165.328404128931,2142.1284569418353,2155.8765737934477,104700
2019-08-20,2197.98095703125,2201.417987456631,2151.5810462886043,2153.2995615012946,140300
2019-08-21,2165.3291015625,2183.3735107421876,2161.8920712425597,2166.1883591424853,118000
2019-08-22,2179.076904296875,2180.7954192056263,2155.87695302873,2173.9213595706206,100900
2019-08-23,2186.809814453125,2203.9949603427367,2173.061697741435,2185.950557158644,77400
2019-08-26,2162.750732421875,2168.7655338231275,2136.1137547877556,2136.1137547877556,156600
2019-08-27,2173.06201171875,2195.4027046031656,2172.2027543001186,2179.936071067801,102800
2019-08-28,2195.403076171875,2198.840106428113,2161.892031173557,2170.4846068141514,113300
2019-08-29,2205.7138671875,2214.306441660377,2161.8917373758277,2214.306441660377,143500
2019-08-30,2246.09912109375,2257.2694686737877,2209.15104832901,2217.7436233905773,175300
2019-09-02,2225.4765625,2252.113540661197,2224.6173051399614,2224.6173051399614,120500
2019-09-03,2223.758544921875,2230.632605338944,2203.1363636706674,2211.728939192004,108600
2019-09-04,2186.809814453125,2216.8838197599457,2185.950557158644,2216.8838197599457,115800
2019-09-05,2234.069091796875,2241.8024078838644,2189.3877099609376,2190.2469673039363,129500
2019-09-06,2209.150634765625,2256.4097887571106,2195.402517240829,2246.0987006135138,110600
2019-09-09,2224.61767578125,2227.195448290846,2210.010298226873,2213.447328239668,94000
2019-09-10,2243.521240234375,2252.973072345665,2205.713911789215,2230.632378264434,111400
2019-09-11,2265.8623046875,2272.736365528418,2246.958637374976,2256.410471031238,135300
2019-09-12,2363.8173828125,2370.6914428134087,2278.750890301254,2282.1879203017083,386500
2019-09-13,2409.358154296875,2436.8543957153843,2375.8471100680667,2380.1433977897086,315300
2019-09-17,2389.5947265625,2403.3428443708426,2365.535520397901,2380.142895569265,113100
2019-09-18,2411.075927734375,2417.0907286945103,2395.609296694026,2397.3278112540647,99200
2019-09-19,2393.89111328125,2425.683637039831,2387.876311489086,2392.172598483489,136000
2019-09-20,2369.831787109375,2405.9205960501267,2369.831787109375,2405.0613386943946,132000
2019-09-24,2395.609619140625,2411.076252262767,2385.2985303925307,2399.905906118998,109600
2019-09-25,2378.4248046875,2394.750697494242,2368.972972009912,2374.1285171067784,123800
2019-09-26,2379.283935546875,2414.5134918334124,2367.254330961228,2387.0172527805053,154100
2019-09-27,2356.690185546875,2378.4148369623144,2329.75161779173,2372.3319345659916,108000
2019-09-30,2326.275634765625,2346.262313734474,2315.8478022601385,2346.262313734474,102500
2019-10-01,2329.75146484375,2348.869156834262,2321.061604848063,2321.061604848063,105400
2019-10-02,2361.03515625,2376.6769055368973,2339.3105044626427,2339.3105044626427,127600
2019-10-03,2297.598876953125,2320.1925119004704,2277.6121998843196,2320.1925119004704,157400
2019-10-04,2294.9921875,2302.81306205036,2274.136522032374,2285.4333408273383,87300
2019-10-07,2294.9921875,2294.9921875,2269.7915917266187,2289.7782711330933,91600
2019-10-08,2328.88232421875,2337.5721836374764,2302.81274596257,2321.061450741896,120200
2019-10-09,2331.48974609375,2338.4416350124047,2293.2543570411503,2307.1581348784594,121400
2019-10-10,2308.027099609375,2332.358710599233,2283.695488619517,2312.372030143278,119000
2019-10-11,2310.63427734375,2315.848194479539,2293.2545535577874,2308.0273187758557,155800
2019-10-15,2358.427978515625,2374.9387123372157,2342.7862306846446,2346.2621746470845,171800
2019-10-16,2354.08349609375,2401.008748507579,2341.9176899123872,2386.235983858781,158400
2019-10-17,2371.463134765625,2401.0086630111477,2363.64225964181,2367.987190266152,137500
2019-10-18,2313.240478515625,2362.772675087898,2306.2885912774113,2357.5587596592377,141000
2019-10-21,2335.83447265625,2350.6072353181385,2322.7996820722306,2328.882584344773,122400
2019-10-23,2370.593994140625,2377.545882686492,2334.965565343057,2367.1180498676913,124000
2019-10-24,2384.497802734375,2410.5673851257857,2381.02185841552,2389.711719212657,140900
2019-10-25,2400.139404296875,2415.7811527680346,2382.759683773364,2410.5672366109816,128100
2019-10-28,2434.898681640625,2443.588541318143,2394.925327124041,2394.925327124041,153900
2019-10-29,2469.658447265625,2479.2172941762237,2446.195823030519,2461.8375725205897,264900
2019-10-30,2615.64794921875,2619.992879366954,2545.2600808178468,2549.605010966051,577700
2019-10-31,2624.337890625,2659.0973328849336,2615.6480300600165,2637.372681472475,305300
2019-11-01,2590.447265625,2591.3162516248744,2546.99796563129,2563.5086996288996,221500
2019-11-05,2619.99267578125,2637.37239502358,2586.971209220823,2628.682535402415,158000
2019-11-06,2584.36474609375,2637.372899930912,2572.198940295057,2637.372899930912,214700
2019-11-07,2595.661376953125,2600.006307279461,2573.067739256178,2593.0544187573237,138100
2019-11-08,2586.971435546875,2615.6479748055403,2566.115770631482,2606.9581144241265,120500
2019-11-11,2606.95849609375,2624.3382194010414,2581.757897298177,2601.7445791015625,151400
2019-11-12,2581.75732421875,2602.6129875581137,2561.7706468518595,2602.6129875581137,123500
2019-11-13,2540.04638671875,2572.198872626582,2533.9634839794303,2572.198872626582,162400
2019-11-14,2517.452880859375,2549.6053684644135,2504.418088587062,2549.6053684644135,123600
2019-11-15,2520.0595703125,2547.8671241918105,2500.0728909617455,2526.142472723599,150300
2019-11-18,2535.701416015625,2551.3431656689086,2518.321694178643,2530.4874994645306,153600
2019-11-19,2524.404541015625,2551.343109267427,2513.107722071321,2535.701359959929,101500
2019-11-20,2532.2255859375,2532.2255859375,2508.7629603986143,2520.928766233592,122300
2019-11-21,2512.23828125,2527.011041810792,2477.4788446363714,2521.797126318748,136600
2019-11-22,2562.639892578125,2663.442275602561,2562.639892578125,2663.442275602561,250400
2019-11-25,2599.13720703125,2624.3378018169087,2566.9847240288573,2566.9847240288573,249900
2019-11-26,2597.39892578125,2619.992559796075,2584.3641369265433,2606.9577709413684,174300
2019-11-27,2606.95849609375,2641.7179427083333,2593.9237036132813,2615.6483577473955,104300
2019-11-28,2611.30322265625,2615.6481531431987,2595.6614729032344,2615.6481531431987,60300
2019-11-29,2628.68310546875,2663.4425514914774,2615.6483132102276,2633.028036221591,125100
2019-12-02,2637.372802734375,2641.7177332166393,2611.30321984079,2633.0278722521107,70100
2019-12-03,2600.875732421875,2611.303566965498,2573.0681736388815,2576.5441184867555,112800
2019-12-04,2553.950439453125,2586.971915022781,2551.3434808555207,2572.1991496363557,83300
2019-12-05,2559.1640625,2565.2469651952465,2531.356507321732,2540.9153544142614,166800
2019-12-06,2546.997802734375,2558.2946200102356,2524.4041681826543,2525.2731541269513,94200
2019-12-09,2586.102783203125,2588.7097416539345,2551.34333719233,2567.8540740474577,96800
2019-12-10,2562.639892578125,2590.4474465159005,2562.639892578125,2573.0677253047907,60000
2019-12-11,2568.72265625,2588.7093345631765,2567.8536702363836,2576.5435303725476,104400
2019-12-12,2534.83203125,2569.5914694570624,2533.094059339647,2568.7224835018856,83700
2019-12-13,2537.439697265625,2575.6750899641484,2531.356793881769,2571.3301589756798,259600
2019-12-16,2606.95849609375,2624.3382194010414,2538.3085890299476,2538.3085890299476,288000
2019-12-17,2646.0625,2646.0625,2624.3378489326765,2641.717569786535,82400
2019-12-18,2628.68310546875,2637.372966974432,2611.3033824573863,2633.028036221591,67700
2019-12-19,2611.30322265625,2641.717736064892,2606.9582921693013,2628.6829446040456,72000
2019-12-20,2624.337890625,2654.752402602442,2615.6480300600165,2633.0277511899835,141800
2019-12-23,2619.99267578125,2637.37239502358,2611.302816160085,2637.37239502358,40800
2019-12-24,2633.02783203125,2646.0626232789295,2615.6481103676774,2619.9930407835705,52900
2019-12-25,2611.30322265625,2641.717736064892,2604.3513338771318,2624.3380141170965,64900
2019-12-26,2615.64794921875,2633.027669811566,2579.150535973837,2594.7922845073713,84800
2019-12-27,2628.68310546875,2650.4077592329545,2615.6483132102276,2619.9932439630684,49600
2019-12-30,2606.95849609375,2628.6831502278646,2599.137620605469,2611.3034269205727,44100
2020-01-06,2561.770751953125,2578.281486107504,2549.604947839372,2564.3777099775007,107100
2020-01-07,2633.02783203125,2646.0626232789295,2578.281708790996,2578.281708790996,92600
2020-01-08,2605.220458984375,2619.993223428249,2574.8059439528697,2587.840736109229,110300
2020-01-09,2615.64794921875,2637.3725999597696,2586.971410240604,2628.6827396633616,58800
2020-01-10,2615.64794921875,2641.7175301079733,2606.0891028927017,2641.7175301079733,41200
2020-01-14,2624.337890625,2641.717611754967,2606.958169495033,2624.337890625,79700
2020-01-15,2606.95849609375,2611.3034269205727,2582.6268834635416,2606.0895099283853,66500
2020-01-16,2579.150390625,2599.1370681803824,2573.067488760318,2593.0541663157005,83800
2020-01-17,2599.13720703125,2619.9928716814507,2591.3163327874245,2606.0890952479836,68400
2020-01-20,2602.61328125,2633.027793718698,2602.61328125,2633.027793718698,36600
2020-01-21,2582.626708984375,2615.6481810373384,2580.8887367710613,2615.6481810373384,98000
2020-01-22,2599.13720703125,2603.4821371667085,2581.757486489416,2595.661262922883,80800
2020-01-23,2578.28173828125,2585.2336270261944,2557.4260720464167,2576.543766095014,65200
2020-01-24,2562.639892578125,2592.1854186370115,2552.212059851459,2590.4474465159005,98900
2020-01-27,2506.15576171875,2508.762719862008,2443.5887662805567,2485.3000965726856,181800
2020-01-28,2494.859375,2509.6321403692095,2469.658775252525,2480.9555958289793,181400
2020-01-29,2455.75439453125,2501.8106517535275,2453.147436575272,2496.5967358415714,179400
2020-01-30,2447.93408203125,2489.6454188922726,2435.768275446785,2456.6239438772964,256600
2020-01-31,2172.46533203125,2203.7488328125,2125.540080859375,2172.46533203125,595800
2020-02-03,2181.15478515625,2204.617406351158,2137.7054866471613,2172.4649254544324,395000
2020-02-04,2268.053466796875,2299.3369628906253,2195.927628580729,2195.927628580729,366300
2020-02-05,2276.743408203125,2302.8129892130846,2256.756729428823,2285.433268539778,243000
2020-02-06,2321.9306640625,2322.799650089469,2287.17122298372,2294.1231111994757,202600
2020-02-07,2326.275634765625,2365.3800066611993,2317.585774344386,2339.310425397483,192600
2020-02-10,2309.764892578125,2312.371850696159,2287.1712555551635,2295.8611159486104,102500
2020-02-12,2281.088623046875,2323.6689440104165,2280.219636904762,2313.2411103050595,131000
2020-02-13,2292.3857421875,2302.813577254312,2268.923113287173,2280.2199346095526,118200
2020-02-14,2288.04052734375,2289.7784996394917,2253.281081428919,2283.695596604396,122300
2020-02-17,2248.066650390625,2268.053327220538,2242.8527346958654,2268.053327220538,92400
2020-02-18,2189.8447265625,2219.3902506510417,2179.41689453125,2215.914306640625,153800
2020-02-19,2213.307373046875,2230.687093290667,2204.617512924979,2221.1282471565814,120300
2020-02-20,2216.782958984375,2241.9835492668317,2202.0101991636243,2209.8310720099043,100000
2020-02-21,2214.176513671875,2232.425221202138,2197.6657782873517,2212.438541526136,101400
2020-02-25,2104.684326171875,2142.9197144260297,2096.863451301707,2129.015936879064,288700
2020-02-26,2114.2431640625,2114.2431640625,2074.2698037884043,2090.7805395537916,193900
2020-02-27,2082.95947265625,2105.553108988775,2082.0904866434607,2089.9113607585655,248000
2020-02-28,2003.8822021484375,2031.689760894643,1986.502477932059,2031.689760894643,258400
2020-03-02,2051.67578125,2087.30420438903,1965.6461741581957,1966.5151600884158,182100
2020-03-03,2007.3572998046875,2113.3735727813855,2007.3572998046875,2086.4350116151754,171600
2020-03-04,1996.061279296875,2026.4757959600838,1970.8606797759305,1989.9783759642332,112400
2020-03-05,2020.3927001953125,2028.2135751638104,2003.0129780430948,2026.4756029485889,143300
2020-03-06,1954.349609375,1992.5849952409405,1945.6597489509227,1989.9780371137174,177600
2020-03-09,1873.5340576171875,1914.3764048843525,1850.0714325913693,1910.900460436083,175500
2020-03-10,1886.56884765625,1898.7346532146044,1782.2905142989262,1830.0847504210328,238600
2020-03-11,1868.31982421875,1927.4108698219477,1866.5818522892444,1871.7957680777617,150200
2020-03-12,1775.3385009765625,1819.6567895471962,1751.875877615639,1812.7049011439597,350000
2020-03-13,1677.14306640625,1711.033522152283,1627.6108618543556,1686.7019128987208,399300
2020-03-16,1670.1910400390625,1738.8409319033112,1665.8461101742366,1687.570759498366,438300
2020-03-17,1722.3304443359375,1744.0550967619708,1623.2660292732246,1644.1216956022167,335300
2020-03-18,1814.44287109375,1880.4858108462047,1735.3651406006795,1735.3651406006795,356500
2020-03-19,1772.7313232421875,1851.8090440338733,1756.2205903296378,1851.8090440338733,253500
2020-03-23,1699.736572265625,1746.6618150582342,1656.2872733835793,1736.2339833265432,551800
2020-03-24,1714.50927734375,1729.2820384764636,1651.9422890169635,1715.3782632927332,504400
2020-03-25,1749.2691650390625,1785.7665842798178,1737.9723447978763,1772.7317916938339,522100
2020-03-26,1790.9803466796875,1816.1809435034193,1710.1646396242722,1737.103208642744,415200
2020-03-27,1930.8868408203125,1931.7558267972793,1790.111112551685,1790.9800985286518,582600
2020-03-30,1867.434814453125,1867.434814453125,1792.5259143924757,1842.7589414919698,313600
2020-03-31,1825.13330078125,1872.7224839015723,1796.9323033766145,1869.1973592259928,196000
2020-04-01,1755.51220703125,1821.6082991634507,1744.0555510616687,1789.0008937115651,172300
2020-04-02,1722.9046630859375,1764.3248774926071,1715.8544138252278,1755.5120659167198,160400
2020-04-03,1710.56689453125,1821.6083312705273,1696.4663946278497,1801.3388626593894,139500
2020-04-06,1734.361328125,1751.1056702156377,1700.8726439437246,1730.8362034743393,249800
2020-04-07,1788.11962890625,1838.3526593880913,1751.1058169722614,1764.3250355201146,232200
2020-04-08,1854.2156982421875,1875.366447651794,1751.9870760957551,1766.9688569275597,362400
2020-04-09,1829.5396728515625,1896.517040451138,1797.8135513570267,1855.9781074303423,193200
2020-04-10,1882.4168701171875,1888.58583926083,1794.2887394937236,1849.8094617865058,153600
2020-04-13,1845.40283203125,1869.1974244213377,1833.9461764360226,1864.7910184231735,120100
2020-04-14,1858.6219482421875,1868.3160409072723,1837.471200609275,1868.3160409072723,114500
2020-04-15,1840.114990234375,1866.5534240021102,1821.6080865969602,1859.503174997381,206200
2020-04-16,1827.777099609375,1837.471192230254,1789.000729125859,1805.745070925559,255000
2020-04-17,1840.114990234375,1876.2475163836132,1826.8957733505074,1863.9095806253367,154400
2020-04-20,1826.8961181640625,1837.471493667183,1808.3892110336017,1831.302524623696,130600
2020-04-21,1867.434814453125,1868.316095630309,1805.7451320502373,1806.6264132274214,93900
2020-04-22,1827.777099609375,1862.147064356128,1824.2519750199644,1832.1835053461382,93200
2020-04-23,1851.57177734375,1857.740745664267,1826.895904061682,1850.6904961551047,94600
2020-04-24,1841.8779296875,1874.4853380121112,1828.6587100964414,1874.4853380121112,60900
2020-04-27,1838.352783203125,1855.9784091207005,1818.0833133979131,1854.2158465289428,164200
2020-04-28,1809.270263671875,1833.0648555467608,1795.1697647830538,1833.0648555467608,154500
2020-04-30,1838.352783203125,1863.0286594877307,1834.8276580196098,1859.5035343042155,217400
2020-05-01,1784.5946044921875,1859.503513816551,1772.2566664858218,1840.1153255208333,185700
2020-05-07,1749.34326171875,1775.7816989235673,1745.8181367581076,1765.2063240416403,271500
2020-05-08,1784.5946044921875,1789.8822922092015,1765.20641619647,1771.3753851996528,237700
2020-05-11,1876.24755859375,1926.4805838825446,1809.270191542024,1822.4894087232856,446400
2020-05-12,1803.1014404296875,1853.3344717613063,1798.695034172528,1832.1837217269406,220600
2020-05-13,1803.98291015625,1804.8641914997556,1772.2567817900433,1785.4760019426294,163400
2020-05-14,1775.78173828125,1796.9324885138803,1763.443800645549,1796.9324885138803,105200
2020-05-15,1831.302490234375,1835.7088966112624,1778.4256137117272,1801.3389268715412,156800
2020-05-18,1881.53515625,1904.4484649443793,1856.8592853483606,1875.3661885245901,260400
2020-05-19,1895.6357421875,1938.818518276383,1868.3160267026965,1925.5993011063167,165100
2020-05-20,1878.891357421875,1880.6539196708636,1860.3844538074943,1862.147016056483,122100
2020-05-21,1881.53515625,1897.3982161153397,1876.2474696282202,1878.89131293911,113300
2020-05-22,1863.90966796875,1874.4850419714094,1852.453012799202,1859.5032621343084,92900
2020-05-25,1891.2293701171875,1932.6495846537707,1889.4668077964818,1907.9737121638914,104600
2020-05-26,1959.969482421875,1969.6635760849326,1921.1931077696436,1932.6497639168938,163000
2020-05-27,1963.494384765625,1974.0697584717234,1931.7682636473294,1947.631324206477,162900
2020-05-28,1970.544921875,1976.7138907717465,1927.362139597775,1967.019796791145,203900
2020-05-29,1918.5489501953125,1978.4760648546057,1918.5489501953125,1969.6632538752979,233900
2020-06-01,1912.3802490234375,1921.1930612309188,1895.635905829223,1921.1930612309188,120400
2020-06-02,1941.4625244140625,1953.8004614734346,1907.0925568915256,1907.0925568915256,151400
2020-06-03,1916.78662109375,1972.3073370150862,1897.3984345815375,1971.4260558099857,174200
2020-06-04,1951.1566162109375,1959.0881471711448,1930.8871482015195,1959.0881471711448,99700
2020-06-05,1947.6317138671875,1956.4445270521069,1922.9558369494132,1943.2253072747278,127400
2020-06-08,1927.3621826171875,1982.0016226365133,1915.9055258389417,1981.120341345879,214600
2020-06-09,1901.8046875,1932.6495271953197,1884.1790648169601,1932.6495271953197,170300
2020-06-10,1881.53515625,1894.7543728044498,1860.3844097628805,1894.7543728044498,175500
2020-06-11,1846.2840576171875,1874.4850551559703,1842.7589329248397,1869.1973681174484,149300
2020-06-12,1781.950439453125,1798.6947808723185,1769.6125036705614,1780.187877198473,198300
2020-06-15,1764.324951171875,1800.4574801419283,1764.324951171875,1781.950575059706,208700
2020-06-16,1830.4212646484375,1840.1153589725263,1775.7818239126632,1800.4577003739805,265100
2020-06-17,1829.5396728515625,1841.8776089883263,1816.3204555621726,1826.8958293936846,180400
2020-06-18,1823.3709716796875,1835.708909622421,1813.6768775818255,1828.6586593694306,108800
2020-06-19,1833.064697265625,1838.3523838923527,1810.1513885498046,1818.0829184898962,186600
2020-06-22,1816.320556640625,1821.6082438506414,1808.3890258256006,1819.8456814473027,100500
2020-06-23,1829.5396728515625,1846.2840147514564,1809.2702063411646,1816.3204555621726,148000
2020-06-24,1789.0008544921875,1845.4028518751925,1782.8318860284214,1833.06491494766,216400
2020-06-25,1740.5303955078125,1761.6811446177808,1732.5988645915743,1761.6811446177808,436800
2020-06-26,1762.5621337890625,1762.5621337890625,1738.76754498291,1762.5621337890625,187800
2020-06-29,1752.8682861328125,1758.155973270468,1735.2426623406272,1744.9367554263292,156000
2020-06-30,1749.34326171875,1772.256573962925,1749.34326171875,1769.6127302424431,290500
2020-07-01,1718.498291015625,1763.4436309344953,1714.9731663161058,1763.4436309344953,272000
2020-07-02,1716.73583984375,1731.717620786945,1698.2289339727445,1727.3112146271817,166800
2020-07-03,1699.9915771484375,1723.7861715408728,1684.1285142201473,1718.4984838981095,103500
2020-07-06,1736.1239013671875,1740.5303072082208,1699.991373470713,1699.991373470713,112000
2020-07-07,1740.5303955078125,1740.5303955078125,1712.3293966945214,1719.3796463978442,107000
2020-07-08,1698.22900390625,1738.7679422454755,1698.22900390625,1718.4984730758629,156100
2020-07-09,1677.95947265625,1695.5850973690258,1672.6717852424174,1694.703816133387,176400
2020-07-10,1670.9090576171875,1679.7218691025103,1665.621370725994,1674.4341822113165,105800
2020-07-13,1676.197021484375,1681.4847092493098,1663.8590833661933,1666.5029272486609,204300
2020-07-14,1673.552978515625,1679.721946840854,1655.0460735399388,1674.4342597049433,153300
2020-07-15,1684.12841796875,1694.7037926498724,1669.1466371704932,1687.6535428624575,246600
2020-07-16,1692.0599365234375,1720.2609354654949,1682.3658431371055,1700.8727486928306,180700
2020-07-17,1652.4022216796875,1692.059875,1647.9958157552082,1688.5347502604166,172900
2020-07-20,1652.4022216796875,1653.2835028645832,1631.2514732421873,1652.4022216796875,126800
2020-07-21,1664.739990234375,1667.383833522201,1649.7582116033616,1661.214865850607,181400
2020-07-22,1647.9959716796875,1662.096471972134,1645.3521278748537,1659.4526281673004,142000
2020-07-27,1640.0643310546875,1640.9456122642816,1607.4569262997045,1630.370237749152,199900
2020-07-28,1641.826904296875,1644.4707479430858,1621.5574363425926,1640.064341866068,205300
2020-07-29,1588.0687255859375,1636.5391916831775,1582.7810383753294,1636.5391916831775,339300
2020-07-30,1521.09130859375,1588.0686779176926,1501.7031227368193,1586.3061155670625,494800
2020-07-31,1345.7164306640625,1454.1140213462365,1327.2095249378376,1454.1140213462365,584100
2020-08-03,1428.5567626953125,1439.1321366326003,1384.4927046232795,1385.37398578472,316300
2020-08-04,1433.8446044921875,1433.8446044921875,1386.2554166356551,1422.3879481563556,306400
2020-08-05,1449.7076416015625,1451.4702040837528,1402.118454582423,1408.2874232700894,296300
2020-08-06,1465.570556640625,1473.5020870133042,1431.200591692348,1431.200591692348,257700
2020-08-07,1430.3193359375,1450.5888028053757,1415.3375560786353,1446.1823969645334,302500
2020-08-11,1478.7900390625,1484.9590082361815,1439.1323800888335,1439.1323800888335,237800
2020-08-12,1496.4154052734375,1496.4154052734375,1461.1641589772435,1465.5705647642676,400600
2020-08-13,1511.397216796875,1523.735153260523,1501.7031238611517,1506.9908109170008,256400
2020-08-14,1512.2784423828125,1521.9725349621895,1487.60257036258,1498.1779440855369,257900
2020-08-17,1484.9588623046875,1509.634736574439,1481.4337374090087,1496.4155182156435,177400
2020-08-18,1479.6710205078125,1482.3148639035976,1457.638992209602,1471.7394903204568,322900
2020-08-19,1487.6026611328125,1489.3652235275197,1461.1642252122056,1462.9267876069127,221100
2020-08-20,1481.43359375,1492.8902485499702,1469.0956578115706,1478.7897503346223,124200
2020-08-21,1477.0272216796875,1488.4838767404487,1467.3331289359664,1467.3331289359664,167000
2020-08-24,1477.0272216796875,1477.0272216796875,1447.063662290004,1457.6390361922452,211100
2020-08-25,1515.8035888671875,1523.7351192740507,1503.4656526787337,1506.9907773040063,310700
2020-08-26,1489.3651123046875,1502.584329277806,1477.9084575946515,1493.7715179623938,195900
2020-08-27,1469.9769287109375,1471.739490975579,1462.045398520051,1469.0956475786168,170500
2020-08-28,1454.9952392578125,1491.1277679129125,1449.7075521375539,1454.9952392578125,271700
2020-08-31,1484.9588623046875,1495.534236991724,1444.4199260043815,1444.4199260043815,245000
2020-09-01,1482.31494140625,1494.6528778983354,1467.3331613801465,1474.3834108041951,148700
2020-09-02,1510.515869140625,1510.515869140625,1477.9084670646605,1491.127684122484,215900
2020-09-03,1528.1414794921875,1549.2922266131868,1519.3286681917712,1537.8355719226456,202400
2020-09-04,1524.616455078125,1544.0046412120664,1511.3972372595285,1521.0913303264992,189500
2020-09-07,1564.274169921875,1569.5618572568223,1524.6165149097712,1524.6165149097712,177900
2020-09-08,1603.050537109375,1613.6259117357151,1551.9362264153983,1555.461351290845,271700
2020-09-09,1582.7811279296875,1584.5436904329501,1553.698846625857,1567.7993466519567,201600
2020-09-10,1610.1005859375,1640.9454247485633,1585.4247148886495,1587.1872771064245,274800
2020-09-11,1647.1146240234375,1653.2835926527387,1620.6761870407177,1641.8269366268935,275700
2020-09-14,1677.95947265625,1695.5850973690258,1649.7584731158088,1649.7584731158088,226400
2020-09-15,1643.5894775390625,1675.315601502283,1643.5894775390625,1674.4343202810826,223100
2020-09-16,1631.2515869140625,1632.1328681603695,1613.6259619879247,1620.6762119583798,190700
2020-09-17,1635.657958984375,1638.3018026680782,1603.0505535520356,1613.6259282868484,173300
2020-09-18,1663.8590087890625,1665.6215712983728,1628.6077586028534,1628.6077586028534,182100
2020-09-23,1614.507080078125,1657.6898567832714,1610.9819554491335,1651.5208886825362,202200
2020-09-24,1561.63037109375,1610.9821209703018,1561.63037109375,1596.000339757777,301100
2020-09-25,1575.7305908203125,1585.4246828220034,1562.5113744543703,1562.5113744543703,191700
2020-09-28,1614.507080078125,1615.388361235373,1580.1371149454574,1592.4750511469279,162000
2020-09-29,1584.279541015625,1602.9495019366846,1558.4972140294,1602.9495019366846,191300
2020-09-30,1569.165771484375,1614.5071053912889,1569.165771484375,1596.7261901336756,147800
2020-10-02,1580.7232666015625,1605.6165463905634,1570.943763827312,1587.8356322555628,133700
2020-10-05,1640.28955078125,1642.0676424352134,1610.9510384908535,1613.6181759717988,238300
2020-10-06,1635.84423828125,1654.5141996964164,1618.9523684294327,1643.8456503163213,122500
2020-10-07,1621.61962890625,1625.1758123029742,1608.283941168534,1619.8415372078878,208000
2020-10-08,1611.83984375,1624.2864834700772,1603.838432501379,1617.1741179157475,206000
2020-10-09,1598.5042724609375,1625.1756451938786,1590.5028606410551,1622.5085079205846,153100
2020-10-12,1613.6180419921875,1624.2865910301523,1602.9494929542227,1612.7289962390237,248900
2020-10-13,1637.6224365234375,1647.4019407589194,1614.5072446941165,1624.2867489295984,529900
2020-10-14,1650.0689697265625,1659.848473318692,1633.1770998856116,1637.622328791125,264100
2020-10-15,1644.7347412109375,1694.5213063502956,1643.8456954048775,1658.959474107897,311100
2020-10-16,1584.279541015625,1644.7346525695323,1578.945266466751,1644.7346525695323,271300
2020-10-19,1628.7320556640625,1649.1801109480546,1609.173046261983,1609.173046261983,246000
2020-10-20,1596.7261962890625,1621.619477745685,1591.391921691215,1617.1742489141452,189800
2020-10-21,1600.2823486328125,1624.2865838623047,1594.0590283881295,1598.5042571343317,121600
2020-10-22,1580.7232666015625,1609.1727292175635,1578.9451751880624,1606.5055920973134,197700
2020-10-23,1607.394775390625,1612.7290500877177,1584.2795850365562,1592.2809970821954,205400
2020-10-26,1573.61083984375,1602.9493470272776,1563.831337449241,1586.9465249271716,255600
2020-10-27,1550.4957275390625,1554.9409561157227,1523.8243560791016,1554.9409561157227,185300
2020-10-28,1529.15869140625,1544.272469170149,1505.154456134175,1530.0477371570676,225800
2020-10-29,1511.3778076171875,1522.935402616613,1482.928343003217,1497.1530753102022,321000
2020-10-30,1377.1319580078125,1424.2513858802554,1366.4634083008443,1411.8047445554591,601400
2020-11-02,1393.1346435546875,1433.1417009637244,1371.7975462698678,1377.1318205910727,316700
2020-11-04,1401.1363525390625,1424.2515461723212,1394.0239852672908,1422.4734543543782,209900
2020-11-05,1418.9169921875,1421.58412939086,1397.5798945606202,1405.5813061707001,248700
2020-11-06,1456.2569580078125,1462.4802783411792,1415.360852959974,1422.4732190552504,214400
2020-11-09,1454.478759765625,1471.3706280025117,1439.3649829220947,1466.9253995191204,166000
2020-11-10,1504.2655029296875,1523.8245106509955,1489.1517242359496,1505.1545487352014,319900
2020-11-11,1511.3778076171875,1534.4929976160386,1501.598304156135,1531.8258603084787,244300
2020-11-12,1495.375,1513.1559155766945,1477.5940844233055,1496.2640457788348,194600
2020-11-13,1463.3695068359375,1488.262791277861,1450.9228646149757,1488.262791277861,241500
2020-11-16,1499.8204345703125,1514.9342148831136,1484.7066542575117,1507.8218476770896,237100
2020-11-17,1538.938232421875,1555.8301021018378,1522.0463627419122,1535.3820493313565,326100
2020-11-18,1515.8228759765625,1543.3832919034091,1504.265282200788,1542.4942462283495,98100
2020-11-19,1505.154541015625,1510.4888158213507,1486.4845791955847,1500.7093120108534,136700
2020-11-20,1517.60107421875,1517.60107421875,1487.3735191376502,1498.042067989803,107500
2020-11-24,1531.825927734375,1558.4973019839579,1531.825927734375,1555.8301645589997,166400
2020-11-25,1538.938232421875,1555.8301021018378,1530.0477746955787,1546.9396443755415,183100
2020-11-26,1524.713623046875,1530.9369439572704,1516.712210447795,1529.1588522685859,118100
2020-11-27,1518.490234375,1540.71637949173,1518.490234375,1523.8245092030154,224500
2020-11-30,1455.367919921875,1511.3778032175856,1447.3665080224878,1511.3778032175856,319900
2020-12-01,1466.0364990234375,1469.5926821623664,1448.255583328793,1448.255583328793,169100
2020-12-02,1465.1473388671875,1479.3720703125,1462.4802017211914,1476.704933166504,129800
2020-12-03,1455.367919921875,1479.3721556200367,1449.1445995556849,1458.0350572216707,155500
2020-12-04,1454.478759765625,1462.4801710357292,1446.4773484955206,1449.1444855855555,67900
2020-12-07,1438.47607421875,1468.7036307845335,1437.5870284374034,1465.1474476591472,187600
2020-12-08,1461.5911865234375,1466.0364151929127,1441.1431346438517,1458.0350035878573,130400
2020-12-09,1514.9339599609375,1523.8244174724452,1464.2583521453428,1466.925489398795,244300
2020-12-10,1503.3763427734375,1522.9353490070362,1500.7092055597648,1514.0448916281277,96800
2020-12-11,1508.710693359375,1512.2668764904518,1495.3750066178366,1500.709281314452,110200
2020-12-14,1506.0435791015625,1518.490220251162,1499.8202585267627,1508.7107164907625,125200
2020-12-15,1494.4859619140625,1510.4887860154624,1487.3735956467738,1506.0435570984068,151000
2020-12-16,1490.9298095703125,1511.3778630110503,1490.9298095703125,1501.598359191567,99200
2020-12-17,1480.2613525390625,1493.5970403997749,1466.0366188209694,1490.9299028276323,138900
2020-12-18,1478.483154296875,1496.2640701633438,1472.259833743611,1480.261245883522,217900
2020-12-21,1485.595703125,1490.040932637642,1463.3695555617894,1473.149060489602,114100
2020-12-22,1454.478759765625,1474.9268107892249,1450.0335312822338,1470.4815823058334,103000
2020-12-23,1457.14599609375,1467.8145451804646,1452.7007673076191,1454.4788588220715,104100
2020-12-24,1464.25830078125,1473.1487579808934,1455.3678435816068,1461.591163621357,73800
2020-12-25,1493.596923828125,1501.5983359200613,1483.8174201602028,1488.2626491001674,117700
2020-12-28,1482.0394287109375,1506.0436666084752,1471.370878534254,1500.7093915201335,142000
2020-12-29,1529.15869140625,1529.15869140625,1500.7092273800872,1504.2654103833574,152700
2020-12-30,1509.5997314453125,1528.2696927882757,1507.8216398888399,1528.2696927882757,126300
2021-01-04,1497.1531982421875,1515.8231609281054,1491.818923189068,1511.3779317171727,132300
2021-01-05,1466.0364990234375,1490.9297809959398,1465.1474532387053,1489.1516894264753,124500
2021-01-06,1494.4859619140625,1495.3750076974736,1464.258405278085,1470.481725761963,102700
2021-01-07,1471.3709716796875,1505.1547160445384,1470.4819257753493,1489.1518897664512,189600
2021-01-08,1481.1505126953125,1484.706696399263,1462.4805482495733,1466.9257778795113,157600
2021-01-12,1463.3695068359375,1471.37091969227,1456.2571398525306,1462.4804609630116,181500
2021-01-13,1450.0338134765625,1458.0352263038396,1443.8104923886804,1455.3680886947473,183300
2021-01-14,1457.14599609375,1463.3693163943335,1437.5869894347736,1441.1431724636784,226600
2021-01-15,1434.9200439453125,1486.4847047562346,1434.0309980692623,1472.2599707394286,420400
2021-01-18,1423.3623046875,1431.3637167688164,1417.1389841798095,1431.3637167688164,209900
2021-01-19,1423.3623046875,1434.919899916068,1421.5842131138743,1430.4746709820035,138900
2021-01-20,1422.4732666015625,1429.5856329345702,1410.9156713104248,1421.5842208099364,214700
2021-01-21,1423.3623046875,1443.8103577841973,1418.0280299666224,1422.4732589006871,184800
2021-01-22,1405.5814208984375,1411.8047415475767,1392.2457337931392,1403.8033292843977,234600
2021-01-25,1411.8048095703125,1411.8048095703125,1388.6896174740732,1391.3567550236392,182100
2021-01-26,1403.8033447265625,1407.3595279937608,1394.023840741767,1398.469069825765,168200
2021-01-27,1439.365234375,1439.365234375,1404.6924461473131,1410.915767111257,207300
2021-01-28,1443.8104248046875,1446.4775622889326,1398.4690875725205,1398.4690875725205,402600
2021-01-29,1399.3580322265625,1437.587000070109,1399.3580322265625,1437.587000070109,327500
2021-02-01,1446.4774169921875,1454.4788286411915,1405.5813130083886,1405.5813130083886,222800
2021-02-02,1493.596923828125,1529.1587553478423,1462.4803212483723,1463.3693670363652,365000
2021-02-03,1546.0506591796875,1546.9397049871513,1449.1446661661246,1449.1446661661246,418200
2021-02-04,1505.154541015625,1532.7149608452082,1496.264083006082,1496.264083006082,255000
2021-02-05,1522.9354248046875,1529.1587452796628,1505.1545091619007,1506.04355494404,205300
2021-02-08,1550.4957275390625,1554.0519104003906,1526.4914932250977,1538.049087524414,224300
2021-02-09,1559.38623046875,1566.4985964001924,1547.828635830156,1555.8300475030287,138900
2021-02-10,1572.7220458984375,1580.7234582291815,1538.0492591318807,1555.8301754224226,180800
2021-02-12,1582.5015869140625,1608.2839161390668,1574.5001743959576,1601.171549456307,198900
2021-02-15,1590.5030517578125,1605.6168314559025,1579.8345013826904,1602.9496938621219,167000
2021-02-16,1592.2808837890625,1602.0603867045734,1581.61233515396,1595.83706666743,161100
2021-02-17,1627.8427734375,1629.6208649431662,1594.9480805826734,1594.9480805826734,187000
2021-02-18,1641.1787109375,1646.5129862709912,1623.3977931591955,1624.2868390481108,233100
2021-02-19,1634.9552001953125,1664.2937111286703,1624.2866507650003,1659.8484821993736,226200
2021-02-22,1662.5157470703125,1675.851434881037,1650.0691051136364,1657.1814719460228,142800
2021-02-24,1685.630859375,1714.0803253560127,1678.5184928797469,1685.630859375,335200
2021-02-25,1679.4075927734375,1699.8556471057768,1666.9609510059265,1691.8542345409485,361400
2021-02-26,1610.9510498046875,1668.7390289643479,1610.9510498046875,1668.7390289643479,322100
2021-03-01,1628.7320556640625,1641.1786980108402,1613.6182756715466,1622.5087344906735,224500
2021-03-02,1611.83984375,1634.955031801572,1609.1727066671265,1634.0659861072809,147900
2021-03-03,1642.9566650390625,1642.9566650390625,1614.50719897778,1630.5100236372514,130500
2021-03-04,1626.9539794921875,1654.5144020956072,1616.285428806993,1643.8458514104125,141400
2021-03-05,1639.4005126953125,1642.0676501888515,1612.7291377599222,1638.5114668641327,253200
2021-03-08,1644.7347412109375,1666.0718405563766,1636.7333289563978,1666.0718405563766,140700
2021-03-09,1710.52392578125,1711.4129714807204,1666.9606865071953,1683.8525547971349,230600
2021-03-10,1703.4117431640625,1712.3022011137705,1683.8527356747047,1706.078880548975,138200
2021-03-11,1721.1925048828125,1735.417236328125,1705.189682006836,1711.4130020141602,211600
2021-03-12,1699.85546875,1717.6363836950836,1690.0759655302038,1717.6363836950836,180700
2021-03-15,1744.307861328125,1747.8640445316482,1705.18984608937,1712.3022124964164,174600
2021-03-16,1808.3189697265625,1810.986106850053,1756.7543186724126,1777.2023699525066,252600
2021-03-17,1824.32177734375,1846.547919855248,1807.4299090350116,1811.875137537311,307600
2021-03-18,1822.5438232421875,1851.8823335675497,1801.2067248237424,1832.323326683975,274000
2021-03-19,1886.5552978515625,1899.0019397789526,1834.1015925861325,1845.6591886615663,474800
2021-03-22,1918.560791015625,1929.229340363256,1874.997547846132,1875.8865936251013,506500
2021-03-23,1876.775390625,1929.229084631099,1874.9972993027593,1907.002943103091,355200
2021-03-24,1796.7615966796875,1873.2195369639296,1791.4273217761358,1869.663353694895,421800
2021-03-25,1846.5482177734375,1865.2181804952681,1822.5439799882267,1824.3220716760202,267300
2021-03-26,1880.3319091796875,1896.3347339386637,1863.4400386007685,1866.1071760605978,314500
2021-03-29,1894.5565185546875,1904.3360219353076,1861.661825365329,1904.3360219353076,602900
2021-03-30,1895.452392578125,1903.5143356467465,1881.12004934502,1899.9312498384702,348000
2021-03-31,1870.3707275390625,1892.765013069942,1863.204556169181,1879.3284417514142,271400
2021-04-01,1875.745361328125,1888.286161260596,1864.99610424315,1879.3284470231167,187700
2021-04-02,1882.015869140625,1907.0974704428322,1865.891982589206,1893.6608983166498,155500
2021-04-05,1874.8497314453125,1899.0355617124044,1870.3708739884435,1899.0355617124044,132500
2021-04-06,1830.956787109375,1886.4946152897965,1819.3117586199319,1880.2242153339425,192100
2021-04-07,1863.204833984375,1863.204833984375,1832.748601121169,1834.5401442307693,114900
2021-04-08,1828.26953125,1853.351131874694,1816.6245023885351,1853.351131874694,147300
2021-04-09,1844.3934326171875,1867.6834905327034,1838.1230324091641,1845.2892040754766,111800
2021-04-12,1888.2862548828125,1897.2439695644198,1831.8526523886867,1847.080767347419,166700
2021-04-13,1905.3057861328125,1920.533900079337,1896.3480720466216,1896.3480720466216,177900
2021-04-14,1934.866455078125,1951.8861137107567,1916.0552534315323,1927.7002830222802,168400
2021-04-15,1945.61572265625,1976.0719540422133,1935.7622360313794,1950.990351724361,156300
2021-04-16,1948.3031005859375,1950.0946436669362,1915.1595535874642,1933.0749843974497,168300
2021-04-19,1942.032470703125,1949.1986421817342,1934.8662992245156,1938.4493849638202,113100
2021-04-20,1880.2242431640625,1917.8466434560542,1875.7453859864443,1907.0973862297708,190500
2021-04-21,1787.959716796875,1845.2890864737287,1779.8977741860674,1840.8102294677246,191600
2021-04-22,1828.26953125,1843.4976459149927,1802.2921591744243,1817.520273839417,108900
2021-04-23,1815.728759765625,1830.0611032072875,1789.7513872776117,1793.3344731380273,106800
2021-04-26,1804.0838623046875,1817.5204352612764,1796.021918530734,1817.5204352612764,107400
2021-04-27,1812.1456298828125,1828.2695158629858,1795.1259724592962,1802.29214400604,139900
2021-04-28,1794.230224609375,1801.396396250351,1766.461309500593,1782.585195692789,145300
2021-04-30,1832.748291015625,1859.6214331126282,1793.3343492733534,1794.230120676587,178900
2021-05-06,1872.1622314453125,1885.5988024843937,1804.9793762499064,1806.7709190551172,226400
2021-05-07,1864.1004638671875,1874.849721707844,1832.7484618319393,1865.8920068406303,232900
2021-05-10,1847.080810546875,1864.100468839984,1838.123095655765,1858.7258399053178,190000
2021-05-11,1784.3765869140625,1837.227098273465,1778.106187261252,1809.4581855253043,252200
2021-05-12,1717.19384765625,1727.0473334800467,1693.008018816021,1701.965733201291,368300
2021-05-13,1685.841796875,1736.0049959318544,1685.841796875,1701.9656822861316,196400
2021-05-14,1731.526123046875,1737.7965228716696,1705.548752344154,1713.6106949760328,127500
2021-05-17,1731.526123046875,1736.0049800645854,1704.652980940612,1721.6726376079118,101700
2021-05-18,1762.8780517578125,1770.9399940676803,1743.1710816670238,1752.128795344655,97100
2021-05-19,1754.816162109375,1759.2950190825995,1744.066905373636,1744.962676768281,140700
2021-05-20,1741.379638671875,1761.0866098914128,1736.0050101574557,1744.0669529290847,145700
2021-05-21,1730.63037109375,1744.9627137115035,1725.2557426120923,1736.9007709890172,94700
2021-05-24,1750.3375244140625,1777.21066962001,1750.3375244140625,1755.7121534552518,92000
2021-05-25,1730.63037109375,1751.2331136067708,1727.0472854393115,1751.2331136067708,62100
2021-05-26,1734.21337890625,1748.5457208806818,1715.4021800648084,1724.3598937988281,97900
2021-05-27,1734.21337890625,1756.6076632412996,1734.21337890625,1737.796464399858,147500
2021-05-28,1716.298095703125,1761.9824395866633,1716.298095703125,1755.7120394457854,151000
2021-05-31,1720.7769775390625,1740.4839496920345,1709.1319485395788,1718.0896631545663,113400
2021-06-01,1754.816162109375,1754.816162109375,1719.8810777182234,1726.1514774807379,111100
2021-06-02,1753.92041015625,1773.6273810568819,1740.483839087637,1754.8161815608241,259800
2021-06-03,1806.77099609375,1806.77099609375,1742.2754523561446,1742.2754523561446,148400
2021-06-04,1803.1878662109375,1818.415980331944,1791.542837765462,1801.3963233731722,61000
2021-06-07,1831.8525390625,1839.9144817772005,1799.604768203698,1813.93711080761,127300
2021-06-08,1874.8497314453125,1878.4328174108075,1835.4357858248663,1836.3315573162402,152100
2021-06-09,1878.4326171875,1906.2015304601812,1866.7875890408918,1866.7875890408918,112200
2021-06-10,1908.888916015625,1916.0550874506907,1872.1622874109132,1879.328458845979,152200
2021-06-11,1942.9283447265625,1951.8860595478009,1892.7651417276288,1908.8890284058575,250600
2021-06-14,1955.4691162109375,1967.1141453042687,1925.9086577432504,1948.3029444611952,161400
2021-06-15,1934.866455078125,1956.3649712456597,1912.4721674036098,1940.2410841200087,107400
2021-06-16,1912.4720458984375,1938.4494179504536,1898.139702697325,1921.4297603991326,113500
2021-06-17,1892.7652587890625,1899.9314310892578,1871.2667418884769,1899.9314310892578,157800
2021-06-18,1870.3707275390625,1902.618498703529,1869.4749561178273,1899.9311844398235,97900
2021-06-21,1810.3541259765625,1860.5173278838795,1804.083725738148,1860.5173278838795,139100
2021-06-22,1899.0355224609375,1907.0974657166678,1830.0611190507996,1843.4976911436836,152700
2021-06-23,1900.8271484375,1929.4918368211004,1892.7652048296125,1899.9313769255125,198700
2021-06-24,1873.9537353515625,1897.2437913358553,1867.6833356634836,1886.49453472772,196000
2021-06-25,1869.4749755859375,1894.5565756417143,1864.1003470025566,1884.7030899055162,197900
2021-06-28,1865.89208984375,1884.7032919017042,1849.7682023655034,1864.9963183171808,93500
2021-06-29,1863.204833984375,1864.9963770939755,1838.1232304499702,1846.1851744431717,107800
2021-06-30,1854.2469482421875,1892.7651215631606,1852.4554052970261,1881.1200924196105,122800
2021-07-01,1837.227294921875,1852.4554099943625,1807.666836251752,1840.8103808212838,167600
2021-07-02,1851.5596923828125,1869.4751224010304,1822.895004353664,1824.6865473554858,113600
2021-07-05,1824.6864013671875,1847.0806870982526,1824.6864013671875,1831.8525728011284,81300
2021-07-06,1824.6864013671875,1838.1229728058265,1818.4160013624892,1835.4356585180988,66500
2021-07-07,1770.0443115234375,1804.979396619295,1760.1908259835805,1791.5428254285805,150200
2021-07-08,1727.04736328125,1783.4809648822452,1727.04736328125,1780.7936505202929,180900
2021-07-09,1730.63037109375,1736.9007709890172,1692.112200308537,1699.278371617414,189800
2021-07-12,1781.6893310546875,1783.4808738712331,1750.337331765138,1750.337331765138,90100
2021-07-13,1806.77099609375,1818.4160248241508,1793.3344244817488,1805.8752246529498,138200
2021-07-14,1769.1485595703125,1803.187873627868,1767.357016725178,1796.0217022473298,166700
2021-07-15,1726.1514892578125,1768.252745093369,1716.2980038494907,1768.252745093369,171700
2021-07-16,1727.04736328125,1745.858563814915,1714.5065629254732,1715.4023343794572,106100
2021-07-19,1679.5714111328125,1711.8191822265626,1671.509468359375,1705.5487822916668,134800
2021-07-20,1684.946044921875,1698.3826162529904,1667.926387902462,1669.7179307466108,98400
2021-07-21,1710.923583984375,1726.1516996533458,1688.5292962358883,1695.695468315404,96000
2021-07-26,1727.94287109375,1745.8582974399785,1719.8809292379472,1743.1709834880444,118900
2021-07-27,1746.7542724609375,1757.5035295222356,1743.1711867738381,1744.9627296173878,92200
2021-07-28,1715.40234375,1730.6304585509138,1711.819257914491,1727.943144174282,87100
2021-07-29,1729.7347412109375,1735.1093701323593,1710.0277684990574,1710.923539985961,90300
2021-07-30,1657.1771240234375,1715.4022662188556,1650.9067240947002,1712.7149519636826,182600
2021-08-02,1546.9971923828125,1560.4337632489053,1461.0031388398188,1492.3551375273687,915400
2021-08-03,1506.6876220703125,1549.6846529022835,1497.729907313652,1531.7692233889622,450000
2021-08-04,1514.7493896484375,1522.8113319942895,1487.876248495597,1506.6874473025853,230100
2021-08-05,1518.33251953125,1530.8733191025995,1504.8959485619469,1515.6452053373894,152700
2021-08-06,1555.059326171875,1555.059326171875,1513.8538371143254,1517.4369231193295,162900
2021-08-10,1567.5999755859375,1587.3069467075893,1541.622604561942,1553.2676329520089,133000
2021-08-11,1594.47314453125,1602.5350873968575,1577.4534873705231,1589.9942873836903,122000
2021-08-12,1584.6197509765625,1605.2224950537027,1580.1408935684885,1605.2224950537027,69500
2021-08-13,1526.39453125,1536.248017073797,1509.374873917987,1536.248017073797,293900
2021-08-16,1496.8341064453125,1513.85376414876,1489.667934780703,1503.104506651846,166500
2021-08-17,1464.586181640625,1521.915548995365,1464.586181640625,1512.0620639812691,230600
2021-08-18,1463.690673828125,1479.814561299916,1461.899130775704,1464.5864453543356,445600
2021-08-19,1434.1302490234375,1481.6061410897973,1434.1302490234375,1456.5245377339847,575800
2021-08-20,1431.4427490234375,1445.7750919423206,1425.1723489964263,1433.234291888298,270100
2021-08-23,1461.8988037109375,1467.2734316657572,1445.7749198464787,1455.6284044303147,183300
2021-08-24,1474.43994140625,1479.8145705972813,1452.9414246421247,1460.1075968968332,153100
2021-08-25,1460.107421875,1476.2313075153374,1452.0454790548313,1461.8989647239264,123300
2021-08-26,1458.3157958984375,1460.1073386452415,1429.651111949574,1432.3384260697799,140400
2021-08-27,1486.980712890625,1486.980712890625,1447.5667662838855,1460.107567476939,234500
2021-08-30,1500.4171142578125,1504.8959713152985,1476.2312861473881,1495.9382572003265,131400
2021-08-31,1492.35546875,1499.5216414690876,1471.752722182623,1483.3977528511405,124300
2021-09-01,1496.8341064453125,1497.7298779033888,1486.0848489483983,1488.7721633226267,93900
2021-09-02,1499.5213623046875,1499.5213623046875,1480.7101624191448,1493.2509623428398,117400
2021-09-03,1510.2706298828125,1515.6452584589078,1485.189029861034,1490.5636584371293,164600
2021-09-06,1520.1240234375,1521.9155661875736,1497.7297390615793,1512.9578524372052,145500
2021-09-07,1529.9775390625,1536.247938812756,1512.0621112046251,1533.5606246340749,160300
2021-09-08,1531.7694091796875,1540.7271250228437,1521.9159217522158,1533.5609523483188,116800
2021-09-09,1507.5833740234375,1529.0818891610265,1502.2087452390401,1518.332631592232,128900
2021-09-10,1501.3128662109375,1512.062123009584,1487.8762952126297,1502.2086376108248,268900
2021-09-13,1495.04248046875,1495.9382518770597,1486.084766385654,1494.1467090604403,165300
2021-09-14,1488.7720947265625,1489.6678661433655,1479.8143805585328,1486.9805518929566,189200
2021-09-15,1456.5244140625,1478.0229293992159,1454.7328711177736,1475.3356149821263,261600
2021-09-16,1443.9833984375,1452.0453404883297,1435.9214563866703,1446.6707124544432,315800
2021-09-17,1458.3157958984375,1470.8565951260653,1445.7749966708097,1451.1496249112215,486400
2021-09-21,1434.1302490234375,1442.1921929592345,1423.380990442375,1433.2344774750156,271300
2021-09-22,1424.2764892578125,1439.5046026649713,1420.6934037502456,1425.1722606347041,237200
2021-09-24,1434.1302490234375,1452.941451540297,1432.3387059265938,1441.2964214108126,222700
2021-09-27,1454.73291015625,1476.2314260698893,1440.4005662138238,1440.4005662138238,223000
2021-09-28,1435.0260009765625,1447.5668024832241,1428.7556002232318,1447.5668024832241,195200
2021-09-29,1447.7091064453125,1447.7091064453125,1422.342488810476,1433.213896368263,148700
2021-09-30,1454.956787109375,1464.9222445553296,1447.7091816941354,1447.7091816941354,208000
2021-10-01,1449.52099609375,1459.4864529418944,1437.7436380004883,1454.9566998291016,206900
2021-10-04,1479.4173583984375,1480.3233090159504,1463.1102472832067,1472.169753458335,171400
2021-10-05,1464.0162353515625,1487.5709520094465,1454.0507783039961,1458.5805315074354,247100
2021-10-06,1474.8875732421875,1486.6649310137775,1462.204264872783,1467.6399684596706,207800
2021-10-07,1466.734130859375,1488.476946881997,1462.2043775213288,1480.3233908735137,187400
2021-10-08,1457.674560546875,1488.4768819008798,1455.8626592907572,1485.759030016703,243800
2021-10-11,1448.6151123046875,1451.3329642977544,1436.8377536680641,1449.5210629690432,217400
2021-10-12,1419.624755859375,1455.8627840880765,1414.1890516250699,1443.179474208031,357300
2021-10-13,1431.4019775390625,1438.6495824886274,1421.4365207334108,1424.1543725894976,105400
2021-10-14,1433.2139892578125,1439.5556440775374,1429.590186503684,1431.4020878807482,76400
2021-10-15,1445.8973388671875,1451.3330431486431,1441.3675852993078,1449.5211417214912,202800
2021-10-18,1466.734130859375,1473.981736200249,1435.9318081606607,1447.7091668395808,373800
2021-10-19,1497.536376953125,1503.8780313019888,1466.7340558300723,1474.8876114214686,477300
2021-10-20,1510.2197265625,1539.2101472283668,1503.8780720418415,1515.6554304373499,376400
2021-10-21,1481.2293701171875,1518.373348205753,1473.9817646364918,1511.1257427250573,157300
2021-10-22,1487.5709228515625,1491.1947253432838,1468.545959770026,1476.699515376399,86300
2021-10-25,1476.6995849609375,1501.160252932683,1469.451979635976,1493.0066969421014,152400
2021-10-26,1483.041259765625,1485.7591117994043,1465.8281968850222,1473.9817529863603,89300
2021-10-27,1496.630615234375,1507.5020240617434,1486.6651571426207,1486.6651571426207,170000
2021-10-28,1496.630615234375,1505.6901225905153,1473.0758961084102,1482.1354034645506,113900
2021-10-29,1498.4423828125,1501.1602347764888,1473.9817151366008,1496.6304815031742,129100
2021-11-01,1631.6170654296875,1652.4539296744865,1556.4231640245437,1570.918373933969,620900
2021-11-02,1557.329345703125,1631.617307510953,1556.4233949493712,1631.617307510953,382500
2021-11-04,1572.73046875,1588.1316311743954,1552.799552671371,1574.5423702116937,334100
2021-11-05,1540.115966796875,1582.6956435259651,1530.1505105411304,1570.9182861328125,129000
2021-11-08,1550.987548828125,1568.20061157797,1542.8339927887248,1561.8589568806588,179500
2021-11-09,1503.878173828125,1528.3388429205102,1496.630568171122,1524.7150400920086,174400
2021-11-10,1491.19482421875,1505.6900351467573,1478.5115146567437,1501.160281731755,133400
2021-11-11,1465.828125,1471.263828800989,1455.8626680315203,1467.6400262669963,155200
2021-11-12,1454.05078125,1479.417399240654,1451.33292932243,1454.05078125,226200
2021-11-15,1436.837646484375,1471.2637691618065,1435.9316958876007,1455.86260901664,186300
2021-11-16,1430.49609375,1448.6151069703928,1427.7782417669412,1435.931797716118,169400
2021-11-17,1424.1544189453125,1433.2139254271528,1415.0949124634722,1424.1544189453125,136000
2021-11-18,1424.1544189453125,1427.7782215380487,1404.2235046852636,1415.0949124634722,154200
2021-11-19,1424.1544189453125,1444.0853332053614,1417.8127644080241,1418.7187150562083,164700
2021-11-22,1414.18896484375,1416.000866143998,1391.540198590647,1406.035408992633,131700
2021-11-24,1387.0103759765625,1407.8472398873796,1382.4806229524718,1401.5055856536526,170800
2021-11-25,1384.29248046875,1391.540085078534,1375.2329747065198,1377.044875858966,113800
2021-11-26,1335.371337890625,1371.6093660559065,1325.4058801451727,1366.1736618311143,292300
2021-11-29,1284.6380615234375,1320.8760886468067,1280.1083081330164,1320.8760886468067,367200
2021-11-30,1290.073974609375,1327.2179584288865,1283.732318835312,1305.4751386320993,382200
2021-12-01,1255.6478271484375,1281.014449919113,1251.1180730822455,1281.014449919113,343800
2021-12-02,1241.1524658203125,1253.835775690009,1224.8453531307025,1235.7167615904425,327100
2021-12-03,1252.9298095703125,1261.083365814805,1238.434598468993,1244.7762533258203,308300
2021-12-06,1285.5439453125,1287.355846574392,1254.741623860333,1254.741623860333,185900
2021-12-07,1336.277099609375,1337.1830501853815,1292.7914719610699,1295.5093236890891,203400
2021-12-08,1336.277099609375,1343.524704217426,1328.123544425318,1338.0890007613878,157200
2021-12-09,1318.158203125,1346.2426734321307,1313.6284498496564,1344.4307721219932,114000
2021-12-10,1289.1678466796875,1319.970170493538,1286.4499945784655,1317.252318392316,150300
2021-12-13,1306.380859375,1313.6284646974686,1290.0737473994452,1292.791599395371,143600
2021-12-14,1310.9105224609375,1315.4402754756609,1300.9450658285461,1304.5688682403247,136100
2021-12-15,1285.5439453125,1301.8510566695295,1278.2963402649311,1297.3213035147992,192700
2021-12-16,1280.1082763671875,1302.757042757265,1268.3309178443471,1302.757042757265,208600
2021-12-17,1242.9644775390625,1268.3310995296556,1232.9990188999009,1262.8953948173855,363800
2021-12-20,1234.810791015625,1239.3405444676266,1224.8453334212215,1227.5631854924225,215900
2021-12-21,1261.0833740234375,1267.4250289215438,1246.5881628277657,1249.3060149269543,185900
2021-12-22,1285.5439453125,1298.227254145745,1261.0832782769555,1261.0832782769555,190700
2021-12-23,1300.9451904296875,1314.5344507754014,1296.4154369811163,1298.2273383605448,147300
2021-12-24,1284.6380615234375,1306.380877797459,1284.6380615234375,1297.3213710166167,69500
2021-12-27,1271.95458984375,1289.1676505325188,1271.0486392811833,1285.5438482822517,113200
2021-12-28,1295.509521484375,1295.509521484375,1279.2024086265296,1285.5440636268029,111300
2021-12-29,1299.13330078125,1308.1928077601988,1290.9797445001961,1295.5094979896705,75700
2021-12-30,1282.8260498046875,1296.4153088068558,1281.920099204543,1296.4153088068558,71100
2022-01-04,1304.5689697265625,1312.7225257873536,1285.5440055847168,1305.4749203999836,133400
2022-01-05,1310.004638671875,1315.440342566779,1303.6629841278202,1304.568934776971,76300
2022-01-06,1267.4248046875,1295.5092714103826,1264.7069530691565,1277.390260621426,251800
2022-01-07,1264.70703125,1289.167697327185,1259.2713276772922,1289.167697327185,109000
2022-01-11,1251.1180419921875,1267.42515622525,1251.1180419921875,1266.5192054345243,138400
2022-01-12,1267.4248046875,1278.2962111608738,1260.1772003719175,1260.1772003719175,108000
2022-01-13,1251.1180419921875,1270.143008597427,1251.1180419921875,1268.3311070159757,116600
2022-01-14,1238.4344482421875,1241.1522999939991,1225.7511400670664,1241.1522999939991,234900
2022-01-17,1238.4344482421875,1258.3653610888066,1232.9987447385643,1250.2118058333715,58700
2022-01-18,1251.1180419921875,1261.0835006901702,1241.1525832942048,1245.6823372478334,103600
2022-01-19,1216.6917724609375,1243.8702930669153,1214.8798710872056,1234.810786198256,193500
2022-01-20,1237.5286865234375,1246.5881937454246,1217.597770635066,1220.3156228016621,121300
2022-01-21,1257.4595947265625,1258.3655454432242,1213.0680096101348,1223.0334674934145,106000
2022-01-24,1261.0833740234375,1261.0833740234375,1236.6227051307415,1244.7762614283067,106700
2022-01-25,1248.4000244140625,1257.4595311224375,1232.998863009825,1257.4595311224375,98500
2022-01-26,1243.8702392578125,1250.2118937915377,1234.8107327810621,1248.3999924961877,100700
2022-01-27,1190.4193115234375,1236.6228007834795,1184.0776561348043,1236.6228007834795,278800
2022-01-28,1222.12744140625,1223.0333920670405,1197.6667735649091,1210.350082815975,144700
2022-01-31,1239.340576171875,1246.5881818804826,1223.0334633275083,1223.0334633275083,145300
2022-02-01,1226.6571044921875,1256.5534740994565,1216.6916479564313,1249.3058693461792,162000
2022-02-02,1161.4288330078125,1172.300241741115,1143.3098184523085,1165.9585866466887,711100
2022-02-03,1165.95849609375,1165.95849609375,1127.908568482299,1143.3097296583626,361900
2022-02-04,1167.770263671875,1174.1119175475174,1139.6857965083154,1147.8393514912843,279400
2022-02-07,1162.3345947265625,1175.9238534334202,1154.181039502448,1160.522693565648,182000
2022-02-08,1150.557373046875,1155.0871264840675,1134.2502606729822,1135.156211360421,280500
2022-02-09,1151.46337890625,1167.770492061492,1141.4979208669356,1149.6514774445566,239200
2022-02-10,1168.6763916015625,1172.3001943662184,1155.0871312341026,1162.3347367634144,240900
2022-02-14,1166.8646240234375,1172.300328793733,1142.4039525571077,1142.4039525571077,644600
2022-02-15,1208.538330078125,1219.409739344195,1176.8300530520874,1176.8300530520874,574600
2022-02-16,1240.2464599609375,1247.4940652784594,1216.6917426789912,1225.7512493258937,310900
2022-02-17,1249.305908203125,1255.647562559486,1237.5285501127403,1246.5880563361131,176800
2022-02-18,1260.1773681640625,1261.0833188241372,1232.998848361818,1232.998848361818,198000
2022-02-21,1261.0833740234375,1265.6131275220848,1228.4691488331762,1238.4346065302004,211800
2022-02-22,1262.895263671875,1264.7071650544747,1236.622693624182,1240.2464963893808,186200
2022-02-24,1215.785888671875,1250.2120166670547,1206.7263813047225,1242.0584600366174,334000
2022-02-25,1219.4095458984375,1226.6571509260657,1197.6667308155531,1210.3500396139023,234800
2022-02-28,1244.776123046875,1249.3058760419508,1212.161901482328,1213.9738026803584,198900
2022-03-01,1244.776123046875,1266.5189374232395,1240.246370051799,1262.8951350271789,211000
2022-03-02,1207.63232421875,1231.187043220766,1207.63232421875,1228.4691910282259,198200
2022-03-03,1216.6917724609375,1228.4691313901944,1214.8798710872056,1218.5036738346694,118500
2022-03-04,1166.8646240234375,1207.632409800654,1165.9586732283883,1204.9145574155061,270700
2022-03-07,1139.6859130859375,1150.5573208419241,1131.5323572689474,1146.9335182565953,262300
2022-03-08,1142.40380859375,1156.8990194878816,1121.5669429334357,1128.8145483805015,246100
2022-03-09,1114.3193359375,1145.1216590447154,1109.78958253938,1137.8740536077237,226400
2022-03-10,1143.309814453125,1153.275272423794,1126.0967506856057,1136.0622086562746,175500
2022-03-11,1100.7301025390625,1122.4729193793403,1100.7301025390625,1112.5074616608797,289300
2022-03-14,1094.388427734375,1106.1657866421124,1090.7646249935326,1104.3538852716913,216900
2022-03-15,1101.6358642578125,1116.1310729980469,1098.012062072754,1103.4477653503418,259500
2022-03-16,1098.0123291015625,1116.1313444332714,1096.2004275683917,1115.225393666686,246500
2022-03-17,1145.12158203125,1146.9334832686413,1113.4133103769038,1125.1906684199466,338600
2022-03-18,1122.4727783203125,1142.4036912525537,1120.6608771446543,1129.7203830229457,339600
2022-03-22,1134.250244140625,1150.557356276832,1132.4383427921575,1134.250244140625,289800
2022-03-23,1164.146484375,1173.2059900899806,1153.2750775170234,1155.9929292315176,239600
2022-03-24,1172.300048828125,1174.11194998551,1154.1810372542745,1156.8988889903521,171900
2022-03-25,1177.7357177734375,1187.701173846905,1160.5226572829026,1187.701173846905,273300
2022-03-28,1184.0775146484375,1189.5132186177493,1168.6763534020538,1187.7013172946454,264600
2022-03-29,1204.008544921875,1204.008544921875,1171.3943179713954,1191.325234441133,438900
2022-03-30,1207.6820068359375,1207.6820068359375,1184.7222728656725,1197.579723889021,291700
2022-03-31,1207.6820068359375,1216.8659004240435,1201.2532813242633,1212.2739536299905,147900
2022-04-01,1217.7843017578125,1223.2946379648613,1190.2326207225678,1191.1510100904093,190500
2022-04-04,1251.7647705078125,1253.6015493346765,1233.3969822391725,1237.0705398929006,246900
2022-04-05,1262.7852783203125,1269.2140033735795,1241.6623245738638,1253.6013853870738,196400
2022-04-06,1251.7647705078125,1265.5406117092925,1241.6624869600605,1244.4176552003564,157400
2022-04-07,1198.498046875,1241.662344348659,1195.7428789511494,1231.5600619612069,206400
2022-04-08,1204.9266357421875,1215.947306191049,1186.5588516607518,1213.1921385788337,165100
2022-04-11,1188.395751953125,1201.2532021288157,1181.9670268652796,1192.9876984444431,91400
2022-04-12,1197.57958984375,1206.7634824039014,1186.5589187715684,1193.9060328196895,133800
2022-04-13,1200.3348388671875,1204.92678545811,1181.0486631853123,1181.0486631853123,92000
2022-04-14,1213.1922607421875,1218.702596521486,1196.6612534042924,1211.355482149088,113400
2022-04-15,1190.2325439453125,1217.7842232033058,1184.7222080937138,1204.0083835743092,161300
2022-04-18,1196.6612548828125,1201.2532013712346,1174.619911738386,1176.456690333755,109600
2022-04-19,1193.906005859375,1208.6002336237982,1190.2324489182693,1190.2324489182693,109300
2022-04-20,1204.0084228515625,1218.702652268515,1203.090033513003,1212.2739268985983,106800
2022-04-21,1201.2532958984375,1214.1107470777786,1194.8245703087669,1194.8245703087669,124200
2022-04-22,1190.2325439453125,1192.069322562512,1174.6199256991163,1179.2118722421153,107300
2022-04-25,1173.70166015625,1176.4568283725791,1160.844208480047,1167.2729343181484,124400
2022-04-26,1184.722412109375,1193.9063067768896,1165.4362333075944,1170.0281806413518,109800
2022-04-27,1172.783203125,1176.4567605349453,1161.7625308951644,1168.1912563625685,167000
2022-04-28,1189.3143310546875,1192.987888834007,1162.6810371546212,1162.6810371546212,137800
2022-05-02,1212.27392578125,1214.110704456676,1195.7429177024148,1196.661307040128,130100
2022-05-06,1161.7626953125,1198.498274610919,1155.3339689352767,1198.498274610919,224200
2022-05-09,1136.966064453125,1162.6809673648274,1136.966064453125,1157.1706310266054,159200
2022-05-10,1157.1705322265625,1165.4360360281808,1126.863684953962,1134.2107994442895,151700
2022-05-11,1155.3338623046875,1165.4361456793708,1136.966074350718,1165.4361456793708,133000
2022-05-12,1234.3153076171875,1256.3566523960658,1168.1912732805524,1175.5383882068452,651500
2022-05-13,1214.110595703125,1234.3151593229954,1195.742810594152,1220.5393204912657,287300
2022-05-16,1264.6220703125,1270.132406130855,1237.0703912207243,1238.9071698268428,223800
2022-05-17,1250.8463134765625,1276.5612156625712,1236.1520836559862,1266.458932660925,98900
2022-05-18,1248.091064453125,1253.601400278525,1230.6416676726913,1250.846232365825,112700
2022-05-19,1240.744140625,1247.1728667422278,1217.7844044920428,1245.3360878515914,105700
2022-05-20,1262.7852783203125,1272.887560546875,1243.4991031605114,1249.0094389204546,135400
2022-05-23,1281.153076171875,1282.0714654737903,1261.866900831653,1265.5404580393144,113600
2022-05-24,1267.377197265625,1281.1530363663383,1254.5197474382926,1275.6427007260531,130300
2022-05-25,1260.9486083984375,1282.9899533376672,1258.1934402810339,1281.1531745927314,152300
2022-05-26,1293.0921630859375,1296.7657203674316,1259.1117582321167,1260.9485368728638,171000
2022-05-27,1300.4393310546875,1305.0312778451348,1292.1738268318823,1298.6025523385085,107500
2022-05-30,1311.4600830078125,1318.8071983187806,1301.3577994552313,1314.2152512494256,149400
2022-05-31,1301.3575439453125,1321.5621070834895,1301.3575439453125,1320.6437178499361,178500
2022-06-01,1377.583984375,1382.1759309895833,1306.8680065104165,1306.8680065104165,285700
2022-06-02,1363.80810546875,1379.4207235111533,1355.5426017992424,1376.6655556213175,201100
2022-06-03,1394.1151123046875,1397.7886699128685,1378.5024924699183,1385.8496076862803,198400
2022-06-06,1391.35986328125,1399.6253674195545,1370.2369082611385,1377.5840230507426,126300
2022-06-07,1384.0128173828125,1406.054162848763,1366.563418888935,1383.094427988398,130200
2022-06-08,1398.70703125,1401.4621994008535,1381.2576329612607,1394.1150843319108,124900
2022-06-09,1377.583984375,1398.7069388020832,1376.6655950520833,1395.9517708333333,73600
2022-06-10,1351.869140625,1370.2369278617527,1350.0323619013247,1362.8898129670515,96200
2022-06-13,1353.705810546875,1368.4000391552536,1339.9299712265201,1341.7667498025676,103900
2022-06-14,1344.52197265625,1346.3587513074197,1312.3783462607796,1316.9702928887039,134900
2022-06-15,1315.1336669921875,1344.5221288244152,1314.2152775599304,1344.5221288244152,109500
2022-06-16,1325.2357177734375,1360.1345100640756,1319.7253821486,1360.1345100640756,137600
2022-06-17,1310.54150390625,1317.8886181537973,1281.1530469160607,1291.2553290064384,136600
2022-06-20,1310.54150390625,1322.4805645585143,1285.744993320778,1313.2966717490804,134800
2022-06-21,1327.0726318359375,1339.011693575638,1319.7255169191988,1338.0933042110457,128100
2022-06-22,1306.8680419921875,1325.2358289492106,1304.1128739486342,1322.480660905657,142200
2022-06-23,1330.746337890625,1338.0934536277714,1296.7659276063234,1296.7659276063234,190100
2022-06-24,1334.4197998046875,1349.1140302223578,1328.909463398061,1339.0117468102094,187700
2022-06-27,1370.2369384765625,1372.0737172144668,1343.603646776951,1359.2162660491372,208500
2022-06-28,1435.4423828125,1453.8101676213612,1362.8896328174985,1372.991914462372,565400
2022-06-29,1491.4642333984375,1492.3826227047173,1410.645974445813,1434.5240964090883,660300
2022-06-30,1462.9942626953125,1486.8723862546835,1442.789696606614,1454.7287583862994,423000
2022-07-01,1471.2598876953125,1484.1173398973938,1457.4840460502253,1464.8311615942719,225000
2022-07-04,1487.7908935546875,1513.5057978877314,1474.0150519476997,1501.5667351616753,205900
2022-07-05,1462.075927734375,1487.7908309859847,1458.4023701270023,1487.7908309859847,124600
2022-07-06,1455.6470947265625,1482.2803854187205,1452.8919267239255,1457.483873394987,208000
2022-07-07,1492.3828125,1497.8931490384616,1451.9736778846154,1467.586298076923,188700
2022-07-08,1487.7908935546875,1510.7506295663338,1484.117335792824,1498.8115668402777,229000
2022-07-11,1556.6700439453125,1571.364274448631,1512.5873524353567,1512.5873524353567,358600
2022-07-12,1531.8734130859375,1560.3434825137938,1527.2814664040252,1558.5067038410289,159800
2022-07-13,1517.1790771484375,1533.7100840423068,1496.0561238951602,1533.7100840423068,176500
2022-07-14,1525.4447021484375,1532.7918169089357,1512.5872513175657,1520.8527554231262,99500
2022-07-15,1519.9344482421875,1538.302236136353,1516.2608906633545,1526.3631740051455,171200
2022-07-19,1513.505615234375,1522.6895085307,1493.3010499824597,1521.7711192010674,184900
2022-07-20,1537.3837890625,1538.3021784227524,1518.0976124971999,1530.036674180481,133700
2022-07-21,1539.220458984375,1545.6491840517322,1524.5262302589872,1524.5262302589872,153600
2022-07-22,1538.30224609375,1550.2413083022386,1533.710299090485,1540.1390248950559,186600
2022-07-25,1516.2608642578125,1540.1389881043922,1509.8321386068103,1534.6286518321047,181700
2022-07-26,1530.9549560546875,1535.5469025335558,1515.3423380265353,1526.3630095758192,168000
2022-07-27,1508.9136962890625,1530.0366512584164,1507.0769175960752,1525.4447045259483,194100
2022-07-28,1487.7908935546875,1535.547144458912,1481.3621674714266,1529.1184183756511,419200
2022-07-29,1486.872314453125,1519.0159407692827,1480.4435891898934,1509.8320475360947,382900
2022-08-01,1417.0748291015625,1563.0987421457287,1391.3599261755458,1523.6079983664888,818500
2022-08-02,1469.4229736328125,1472.1781417083741,1429.0138418579102,1462.994248123169,352400
2022-08-03,1413.4013671875,1450.1369452820418,1406.0542515685916,1441.87144021077,244500
2022-08-04,1418.9117431640625,1439.1163116751366,1399.6255641307646,1407.8910694307494,260600
2022-08-05,1435.4423828125,1448.299832178703,1410.6458733205375,1410.6458733205375,138800
2022-08-08,1439.1160888671875,1451.055150229838,1424.4218594977715,1432.687363518068,162800
2022-08-09,1445.5447998046875,1464.8309756597691,1440.0344638460926,1453.8103037425797,72400
2022-08-10,1454.7286376953125,1463.9125306100557,1439.1160197402492,1439.1160197402492,92700
2022-08-12,1448.3001708984375,1469.4231283687382,1438.1978868909025,1469.4231283687382,153400
2022-08-15,1471.2598876953125,1474.0150560243299,1451.0553199491846,1452.8920988351963,118500
2022-08-16,1454.7286376953125,1472.1780342333245,1441.8711876146722,1466.6676984844787,200300
2022-08-17,1474.933349609375,1477.6885177593304,1460.2391194762804,1467.5862345428277,96900
2022-08-18,1446.463134765625,1485.9538743179564,1438.1976311383928,1475.851592106895,184800
2022-08-19,1450.13671875,1468.5045049279606,1444.6263828966119,1461.1573904567765,115100
2022-08-22,1425.34033203125,1435.4426153123993,1409.7277124149284,1432.6874471448132,182300
2022-08-23,1431.768798828125,1432.687188051235,1408.809068250381,1414.3194035890394,80300
2022-08-24,1413.4013671875,1435.442714044225,1401.4623043067738,1431.769156234771,120100
2022-08-25,1412.4827880859375,1429.0137960089198,1412.4827880859375,1416.1563454021557,62800
2022-08-26,1411.564453125,1424.4219042269845,1402.3805594807254,1413.401231853855,99200
2022-08-29,1388.604736328125,1390.4415150798818,1373.9105063140707,1384.9311788246114,112700
2022-08-30,1393.1966552734375,1402.3805488480812,1388.6047084861157,1398.7069914182237,71200
2022-08-31,1383.09423828125,1395.0332987710617,1372.9919563283324,1378.5022919390149,88700
2022-09-01,1375.7471923828125,1381.2575282668558,1360.1345740446898,1366.5632992427402,147900
2022-09-02,1397.7884521484375,1402.3803984432748,1375.747109933219,1390.441338076698,179100
2022-09-05,1382.176025390625,1395.0334767896077,1367.4817952203593,1383.0944147762666,195400
2022-09-06,1367.4818115234375,1394.1151040245657,1364.7266433336656,1394.1151040245657,132600
2022-09-07,1357.37939453125,1367.4816768992093,1344.5219442447565,1367.4816768992093,136500
2022-09-08,1369.318359375,1378.502251792002,1363.8080239247988,1373.910305583501,171000
2022-09-09,1390.4415283203125,1403.2989797050448,1377.5840769355805,1377.5840769355805,167400
2022-09-12,1414.3197021484375,1417.9932598163555,1395.9519138088474,1402.380639727704,89700
2022-09-13,1432.6873779296875,1432.6873779296875,1406.9724762745393,1417.99314841246,97000
2022-09-14,1409.7276611328125,1417.0747759791072,1401.462156930731,1401.462156930731,126500
2022-09-15,1397.7884521484375,1406.9723447381118,1386.7677810408284,1395.9516736305027,166800
2022-09-16,1399.62548828125,1406.9726037052985,1386.7680362891651,1392.2783728572015,166600
2022-09-20,1415.238037109375,1415.238037109375,1389.5231344234162,1399.6254176214716,113900
2022-09-21,1394.1151123046875,1422.5851837680902,1390.4415546965065,1413.4012897476377,94000
2022-09-22,1384.0128173828125,1390.4415431437149,1375.7473128330812,1380.3392598051541,69600
2022-09-26,1366.563232421875,1383.094239265688,1364.7264538836737,1372.0735680364794,111600
2022-09-27,1393.1966552734375,1410.6460530652603,1375.7472574816147,1375.7472574816147,128600
2022-09-28,1380.3392333984375,1386.7679590363543,1345.4404370783172,1368.400171499449,191800
2022-09-29,1410.1038818359375,1416.6149155911166,1393.361223608334,1405.453143439381,121000
2022-09-30,1413.824462890625,1422.1957919472143,1401.7325431422182,1401.7325431422182,139400
2022-10-03,1369.1773681640625,1411.0340132505999,1357.0854484723964,1411.0340132505999,198500
2022-10-04,1399.872314453125,1405.4532007565927,1373.8281783702762,1390.570837280679,218300
2022-10-05,1386.85009765625,1427.7765928251802,1386.85009765625,1418.4751166504234,108400
2022-10-06,1397.081787109375,1403.5928207377142,1377.548686224357,1392.4310488034182,126800
2022-10-07,1377.5487060546875,1386.850182800499,1371.0376723326194,1377.5487060546875,118300
2022-10-11,1331.0413818359375,1369.177438198812,1330.11123411977,1357.0855178886322,151900
2022-10-12,1413.824462890625,1414.7546105635793,1368.2472269158613,1384.98988502904,243200
2022-10-13,1399.872314453125,1404.523053039348,1389.6406895634343,1400.8024621703696,130800
2022-10-14,1429.6370849609375,1436.1481191800178,1408.2436868125305,1429.6370849609375,196900
2022-10-17,1406.38330078125,1434.2877313523065,1404.523005409846,1423.1259591238838,69000
2022-10-18,1395.2215576171875,1433.3576135253907,1395.2215576171875,1420.335545654297,104700
2022-10-19,1400.80224609375,1404.5228363888198,1384.9897373397037,1388.7103276347734,94200
2022-10-20,1397.081787109375,1403.5928207377142,1384.0597198526964,1384.0597198526964,85800
2022-10-21,1360.8060302734375,1383.129574174027,1360.8060302734375,1383.129574174027,148200
2022-10-24,1342.2030029296875,1377.548612154447,1342.2030029296875,1377.548612154447,106700
2022-10-25,1344.0634765625,1371.0377608672145,1341.2730333585641,1345.9237720317906,100700
2022-10-26,1371.9677734375,1382.1993975105931,1352.434672934322,1356.1552635063558,87800
2022-10-27,1368.247314453125,1374.7583485803664,1356.1553939311057,1364.526723523273,82300
2022-10-28,1391.5008544921875,1394.291297382212,1352.4346540318454,1352.4346540318454,235400
2022-10-31,1401.732666015625,1409.1738480515407,1390.5708929617515,1394.2914839797093,126200
2022-11-01,1392.43115234375,1403.5929251080286,1386.8502659616106,1402.662777377672,64800
2022-11-02,1433.357666015625,1457.5415072332798,1410.1039725371106,1446.379734363593,480800
2022-11-04,1304.9971923828125,1320.8097029106157,1267.7912852585698,1320.8097029106157,980000
2022-11-07,1281.74365234375,1304.9973470524537,1269.651731095224,1283.6039479204462,405700
2022-11-08,1269.651611328125,1297.5560423463255,1269.651611328125,1283.6038268372251,238800
2022-11-09,1258.4898681640625,1275.232527164028,1251.9788341085205,1265.931049941825,209800
2022-11-10,1245.4677734375,1251.9788073539023,1239.8868872234411,1251.048659651559,172700
2022-11-11,1262.2103271484375,1278.0228367737311,1255.6992937733166,1272.4419510236276,176000
2022-11-14,1246.3978271484375,1265.000779792444,1246.3978271484375,1255.6993034704408,149300
2022-11-15,1255.6993408203125,1260.350079119647,1241.7471259223091,1246.3978642216437,128500
2022-11-16,1260.35009765625,1264.070688350438,1245.4677348794971,1261.280245329797,111800
2022-11-17,1264.0706787109375,1272.442007709023,1260.3500880451215,1260.3500880451215,125400
2022-11-18,1276.1627197265625,1282.6737540108818,1262.2105034030214,1279.8833107461735,145100
2022-11-21,1283.603759765625,1288.2544980256455,1273.3721355935802,1283.603759765625,130100
2022-11-22,1298.4862060546875,1300.3465014788346,1289.1847289339519,1290.1148766460256,168500
2022-11-24,1309.64794921875,1312.4383922923694,1297.5560292330654,1298.486176924272,138000
2022-11-25,1325.4603271484375,1331.9713603344298,1316.1588511684486,1323.6000319524398,127300
2022-11-28,1330.1112060546875,1333.8317968408546,1318.9494336961868,1321.739876785812,116700
2022-11-29,1348.714111328125,1353.3648496430496,1325.4604197535023,1330.1111580684267,125300
2022-11-30,1337.55224609375,1358.0154932523471,1331.0412129069236,1346.8537220749306,236400
2022-12-01,1334.761962890625,1347.784030821265,1324.530338087979,1341.2729968559452,107600
2022-12-02,1318.9493408203125,1329.1809647617958,1312.438307403005,1327.320669499708,129200
2022-12-05,1305.9273681640625,1321.7398790321458,1293.8354480884693,1316.1589928434105,115300
2022-12-06,1314.298583984375,1321.7397649269617,1294.765484010085,1301.2765173348482,123700
2022-12-07,1338.482666015625,1348.7142916766202,1313.368675756819,1313.368675756819,143400
2022-12-08,1347.7841796875,1347.7841796875,1330.1113712581953,1332.9018146944013,123000
2022-12-09,1365.4566650390625,1369.1772554070164,1346.8537131992932,1348.71400838327,88100
2022-12-12,1335.692138671875,1351.5046500628373,1328.2509568408339,1348.7142068761968,124200
2022-12-13,1319.879638671875,1331.9715592516736,1315.228899987337,1319.879638671875,156500
2022-12-14,1330.1112060546875,1331.0413537512293,1314.298695213478,1318.019285999645,130100
2022-12-15,1337.55224609375,1363.5963788410554,1336.622098495632,1347.7838696730485,156300
2022-12-16,1331.0413818359375,1333.8318249844406,1314.2987229449195,1325.4604955389316,124300
2022-12-19,1315.2288818359375,1319.879620456291,1298.4862228026652,1305.9274045952307,129200
2022-12-20,1308.7177734375,1325.460431519856,1296.625853711354,1315.228807136194,164100
2022-12-21,1319.879638671875,1321.73993414569,1308.7178658289838,1311.5083090397065,161900
2022-12-22,1341.27294921875,1344.9935399239337,1321.739848016535,1327.3207340743108,142600
2022-12-23,1331.9715576171875,1333.8318530887198,1320.809784787993,1330.111262145655,79700
2022-12-26,1324.5303955078125,1336.6223162533192,1315.228918011269,1332.901725254702,84400
2022-12-27,1366.386962890625,1367.3171105849005,1336.622236673811,1336.622236673811,131100
2022-12-28,1366.386962890625,1368.2472582791759,1357.0854859478707,1366.386962890625,100300
2022-12-29,1360.8060302734375,1371.9678022237324,1344.99352001052,1371.9678022237324,82000
2022-12-30,1361.7362060546875,1371.9678305537323,1358.9457630094935,1365.4567967816129,70800
2023-01-04,1327.3206787109375,1344.9934838234167,1318.9493499734474,1344.9934838234167,98200
2023-01-05,1327.3206787109375,1332.901564535931,1312.438316510955,1321.739792885944,99000
2023-01-06,1315.2288818359375,1327.3208022488564,1310.578143215584,1324.5303590766443,75400
2023-01-10,1304.9971923828125,1322.6699982668279,1304.9971923828125,1318.9494075544035,71500
2023-01-11,1293.83544921875,1315.2288462942577,1289.1847107240744,1309.647960100647,123300
2023-01-12,1266.8612060546875,1286.394308350685,1262.2104674127834,1286.394308350685,149200
2023-01-13,1251.978759765625,1268.721417771406,1246.397873763698,1263.1405317694791,126600
2023-01-16,1252.908935546875,1262.210412425471,1240.8170156047004,1246.397901731858,59200
2023-01-17,1256.629638671875,1259.420081984988,1250.1186042746115,1253.839195358762,61500
2023-01-18,1273.3721923828125,1278.0229308502442,1255.699386206572,1259.4199769805173,64300
2023-01-19,1280.8133544921875,1287.324388247776,1268.7214346603803,1272.4420253778594,68300
2023-01-20,1288.25439453125,1291.0448372630867,1278.0227711811824,1283.6036566448556,89000
2023-01-23,1304.0670166015625,1307.7876072338065,1293.835392362891,1298.4861306531964,66300
2023-01-24,1321.7398681640625,1322.6700158545368,1306.8575051164728,1311.5082435688446,85600
2023-01-25,1320.8096923828125,1324.530283065581,1303.1368866396622,1321.7398400535046,85000
2023-01-26,1326.390625,1337.5523974403927,1325.4604772966338,1326.390625,59600
2023-01-27,1337.55224609375,1340.3426888881042,1323.6000321219794,1327.3206225144515,78600
2023-01-30,1348.714111328125,1354.2949973060345,1335.6920440463362,1336.6221917093212,85200
2023-01-31,1366.386962890625,1369.1774059734514,1351.504599782218,1357.0854859478707,90900
2023-02-01,1345.9237060546875,1376.6185797933224,1341.2729676094398,1371.9678413480747,130100
2023-02-02,1337.55224609375,1371.9677072241177,1326.3904749163335,1371.9677072241177,170100
2023-02-03,1290.1148681640625,1323.6001855785587,1278.0229479866055,1323.6001855785587,291400
2023-02-06,1320.8096923828125,1329.1810214190416,1293.835409932741,1297.5560006155094,129700
2023-02-07,1324.5303955078125,1336.6223162533192,1318.019361260232,1320.8098045091951,87700
2023-02-08,1310.5780029296875,1328.2508077953114,1306.8574124316615,1317.0890363012331,54400
2023-02-09,1311.5081787109375,1324.5302457335993,1303.136849910655,1304.0669975551307,58600
2023-02-10,1314.298583984375,1316.1588792200216,1299.4162220992016,1305.9272554239649,48400
2023-02-13,1304.0670166015625,1307.7876072338065,1295.6956876790132,1306.8574595757455,58600
2023-02-14,1314.298583984375,1322.6699125447851,1308.717698277435,1319.879469691315,44400
2023-02-15,1311.5081787109375,1318.0192122222684,1305.9272928440823,1317.0890645777924,73700
2023-02-16,1351.504638671875,1367.3171499295638,1334.7619796931456,1334.7619796931456,162500
2023-02-17,1331.0413818359375,1346.853893010788,1331.0413818359375,1346.853893010788,82600
2023-02-20,1333.831787109375,1349.6442978352184,1331.0413440401085,1331.0413440401085,87900
2023-02-21,1332.9014892578125,1338.4823747676148,1329.1808989179442,1333.8316368427795,59900
2023-02-22,1330.1112060546875,1338.4825353235633,1326.3906152685206,1328.2509106616042,79800
2023-02-24,1337.55224609375,1339.4125412899862,1320.8095893276252,1330.1110653088056,67000
2023-02-27,1318.9493408203125,1332.9015552859717,1313.3684550340488,1331.0412600238838,127400
2023-02-28,1334.761962890625,1334.761962890625,1321.7398949599847,1325.4604857973104,100700
2023-03-01,1317.089111328125,1330.1111788130077,1310.5780775856838,1329.1810311355162,82600
2023-03-02,1337.55224609375,1337.55224609375,1319.879441729507,1319.879441729507,121400
2023-03-03,1357.08544921875,1363.596482902459,1341.2729388440284,1341.2729388440284,148200
2023-03-06,1361.7362060546875,1370.1075351902696,1355.225172282568,1361.7362060546875,135300
2023-03-07,1362.6663818359375,1373.8281542468803,1358.94579103229,1359.8759387332018,122700
2023-03-08,1372.89794921875,1375.688392204967,1358.9457342876651,1360.8060296118097,85900
2023-03-09,1408.24365234375,1409.1738000665662,1380.3392206592634,1380.3392206592634,126900
2023-03-10,1383.129638671875,1408.243626731149,1382.199490965976,1395.2215588485626,224600
2023-03-13,1374.7581787109375,1380.339064416124,1367.3169977706889,1376.6184739459998,93900
2023-03-14,1345.9237060546875,1364.5266598356784,1335.6920814751425,1364.5266598356784,131100
2023-03-15,1359.8759765625,1371.9678970107302,1355.2252379285653,1362.6664197428609,78100
2023-03-16,1357.08544921875,1357.08544921875,1331.9714621530159,1338.4824958367246,107500
2023-03-17,1348.714111328125,1367.3170645878233,1345.9236683391703,1363.5964739358835,152900
2023-03-20,1338.482666015625,1349.6444394639832,1337.5525182282618,1346.8539961018937,143200
2023-03-22,1361.7362060546875,1370.1075351902696,1351.5045815556427,1357.0854676460308,98200
2023-03-23,1360.8060302734375,1365.4567685860604,1351.5045536481919,1358.0155872858638,106300
2023-03-24,1363.5965576171875,1364.5267053372538,1345.923750935928,1360.8061144569886,201600
2023-03-27,1366.386962890625,1383.129621387583,1361.736224419248,1377.5487352219304,253600
2023-03-28,1363.5965576171875,1371.0377393777178,1357.0855235767235,1369.1774439375852,175200
2023-03-29,1398.011962890625,1398.9421105705255,1368.2472371338054,1373.828123213209,304100
2023-03-30,1389.5333251953125,1392.359494670286,1375.402477820445,1387.6492122119969,191000
2023-03-31,1391.4176025390625,1400.8381685684399,1378.2288100979338,1389.533489333187,105600
2023-04-03,1398.011962890625,1407.4325286782978,1384.8231707878833,1389.5334536817197,97500
2023-04-04,1398.011962890625,1401.7801892056941,1379.1708313152797,1401.7801892056941,171900
2023-04-05,1382.93896484375,1399.8959821238504,1378.2286822659441,1382.93896484375,150800
2023-04-06,1367.8662109375,1383.8811734622504,1366.924154318397,1378.2288337476325,109000
2023-04-07,1374.4605712890625,1380.112910855707,1363.1558921557735,1365.9820619390957,74800
2023-04-10,1385.7652587890625,1387.6493719893197,1368.808239986749,1377.2867493879057,71900
2023-04-11,1394.24365234375,1398.9539349530194,1388.5913132126266,1388.5913132126266,69100
2023-04-12,1402.7222900390625,1416.8531391663869,1394.2437805626678,1394.2437805626678,97200
2023-04-13,1417.795166015625,1418.7372226043396,1400.8381474187604,1404.6063737736192,93800
2023-04-14,1446.056884765625,1448.8830545729845,1421.5634131018423,1426.2736961141084,146800
2023-04-17,1475.2606201171875,1490.333525558998,1437.5783565126617,1446.998922413793,320600
2023-04-18,1482.7969970703125,1491.2755059480971,1455.477357353007,1470.5502620246239,180000
2023-04-19,1476.20263671875,1480.91291954172,1465.8400145082164,1480.91291954172,114600
2023-04-20,1478.086669921875,1487.5072350584069,1470.5502178126494,1476.2025568945685,53600
2023-04-21,1496.9278564453125,1507.2904784848963,1476.2026123661453,1483.7390647585696,108500
2023-04-24,1522.3634033203125,1535.552195180761,1501.6381589681796,1507.290498336943,124600
2023-04-25,1505.406494140625,1525.1896833627484,1503.522380881375,1522.3635134738736,154200
2023-04-26,1512.94287109375,1530.841946156503,1489.391456537496,1497.8699657777474,126400
2023-04-27,1495.0438232421875,1509.1746722331345,1484.6812006488265,1509.1746722331345,92900
2023-04-28,1520.4793701171875,1520.4793701171875,1505.4064643415525,1516.7111436732787,94400
2023-05-01,1523.3055419921875,1524.2475986044274,1505.4064663596262,1516.7111457065068,130700
2023-05-02,1505.406494140625,1526.1317399923732,1500.6962109925003,1523.3055701034984,154600
2023-05-08,1500.6961669921875,1528.0158084503003,1495.9858839821682,1509.1746764102224,112800
2023-05-09,1521.42138671875,1521.42138671875,1497.869972063661,1500.6961418222716,126500
2023-05-10,1493.15966796875,1521.4213651542784,1491.275554823048,1521.4213651542784,86300
2023-05-11,1481.85498046875,1491.2755461424229,1473.3764713624444,1491.2755461424229,73300
2023-05-12,1495.0438232421875,1495.0438232421875,1474.3185780554654,1475.2606346548619,120400
2023-05-15,1544.9727783203125,1559.1036269025105,1528.015760021675,1528.015760021675,263900
2023-05-16,1525.1895751953125,1552.5092155169086,1510.116670190294,1551.567158954095,251600
2023-05-17,1531.7840576171875,1534.6102274651896,1512.000868681172,1520.4793782251788,97000
2023-05-18,1541.2044677734375,1548.7409199385888,1530.8418460463545,1543.0885808147252,97600
2023-05-19,1534.6102294921875,1554.3934184543336,1518.5952669990215,1545.914908899128,103500
2023-05-22,1543.088623046875,1543.088623046875,1503.522248096955,1526.131605211195,134400
2023-05-23,1509.1748046875,1542.1467885601983,1504.4645212771145,1542.1467885601983,131600
2023-05-24,1479.9708251953125,1503.5222387089234,1469.6082032493237,1502.580182168379,130500
2023-05-25,1465.8399658203125,1474.3184746200445,1453.5932308873664,1470.5502484868302,187300
2023-05-26,1473.3763427734375,1486.565133565527,1469.6081168328403,1469.6081168328403,116200
2023-05-29,1457.3614501953125,1480.9128634176027,1452.6511675508546,1479.0287503598195,190700
2023-05-30,1420.621337890625,1441.3465828731144,1414.026941759833,1441.3465828731144,133400
2023-05-31,1380.1129150390625,1414.9690091390253,1380.1129150390625,1412.1428393471363,264000
2023-06-01,1356.5615234375,1380.1129387749565,1355.6194668240016,1374.460599093967,163800
2023-06-02,1381.9969482421875,1388.5913440415707,1361.2717043012685,1362.2137608440376,228500
2023-06-05,1391.4176025390625,1409.3166779948797,1384.8232063184983,1408.374621391942,141600
2023-06-06,1388.59130859375,1388.59130859375,1375.4025173316654,1382.938969481428,133600
2023-06-07,1386.707275390625,1406.4904634226923,1377.2867096610692,1399.8960674120033,183900
2023-06-08,1381.9969482421875,1396.127796383723,1377.2866655283422,1385.7651744132636,156300
2023-06-09,1384.822998046875,1397.069732043208,1381.9968286631058,1385.7650545081315,192800
2023-06-12,1396.1278076171875,1396.1278076171875,1381.9969593619528,1390.4754683150936,229300
2023-06-13,1381.9969482421875,1397.069852926492,1381.0548916994185,1396.127796383723,224600
2023-06-14,1378.228759765625,1392.359608293639,1372.5764203544195,1389.5334385880362,270900
2023-06-15,1360.329833984375,1382.939194105999,1360.329833984375,1382.939194105999,278300
2023-06-16,1387.6492919921875,1392.3595747212853,1360.3296521634209,1363.1558218008795,387700
2023-06-19,1417.795166015625,1419.6792791930543,1394.2437512977574,1395.1858078864723,219100
2023-06-20,1420.621337890625,1420.621337890625,1398.9540363180226,1418.7372247103988,158300
2023-06-21,1407.4324951171875,1429.0997959121644,1406.4904385608843,1414.9689475676144,163900
2023-06-22,1398.011962890625,1417.7951510447376,1396.1278497330904,1417.7951510447376,110300
2023-06-23,1396.1278076171875,1423.447447577308,1390.4754683150936,1417.795108275214,181200
2023-06-26,1378.228759765625,1390.4754951565703,1368.8081940802824,1390.4754951565703,108000
2023-06-27,1374.4605712890625,1386.7073070167924,1366.9241185335363,1384.8231938279107,125600
2023-06-28,1401.7801513671875,1401.7801513671875,1378.2287375337335,1382.9390203004243,161200
2023-06-29,1386.707275390625,1404.606350276781,1381.0549359528916,1403.6642937038255,192400
2023-06-30,1362.2138671875,1385.765282595306,1358.445640722251,1385.765282595306,194400
2023-07-03,1355.6195068359375,1376.3447529446175,1355.6195068359375,1368.8082998141883,167900
2023-07-04,1353.7352294921875,1369.750190453473,1349.9670033836499,1358.4455121278597,153100
2023-07-05,1344.314697265625,1349.9670365673726,1338.6623579638774,1349.0249800170814,106500
2023-07-06,1314.1688232421875,1342.4305183656754,1307.5744277133736,1342.4305183656754,360300
2023-07-07,1304.7481689453125,1322.647241299075,1298.1537738676107,1307.5743382643277,194900
2023-07-10,1307.5745849609375,1314.1689812827867,1300.9801886390885,1311.3428114305657,171000
2023-07-11,1303.8062744140625,1316.0530096506109,1300.9801047440899,1314.1688965372957,117700
2023-07-12,1307.5745849609375,1314.1689812827867,1300.0381320216813,1305.6904717261234,152800
2023-07-13,1307.5745849609375,1316.9951511350077,1297.2119621694603,1315.1110379001937,159900
2023-07-14,1292.501708984375,1302.8643320155907,1286.8493691491663,1298.1540488195835,230400
2023-07-18,1290.6175537109375,1300.9801764049669,1287.791383885293,1295.3278367536782,128500
2023-07-19,1281.197021484375,1289.6755311853744,1274.6026250502644,1288.7334745519302,283800
2023-07-20,1277.4288330078125,1290.617626268955,1274.6026630232818,1285.907342961404,165400
2023-07-21,1296.27001953125,1296.27001953125,1278.3709422266759,1284.9653391283612,171100
2023-07-24,1295.3277587890625,1302.864211203835,1290.6174760298295,1301.9221546519886,154700
2023-07-25,1301.922119140625,1304.748288719078,1290.6174408268137,1301.922119140625,171200
2023-07-26,1311.3427734375,1311.3427734375,1293.4436982253503,1301.9222075363687,207900
2023-07-27,1311.3427734375,1315.1109997979527,1302.8642641264817,1315.1109997979527,138300
2023-07-28,1315.1109619140625,1322.647414417868,1302.8642265953786,1304.74833972133,295400
2023-07-31,1345.2568359375,1346.1988925452993,1326.4157037815125,1332.0680434283088,286700
2023-08-01,1365.0401611328125,1395.1859755953728,1365.0401611328125,1386.7074652777778,593900
2023-08-02,1339.6043701171875,1353.7352179032337,1335.8361440409085,1349.024935307885,238800
2023-08-03,1292.501708984375,1340.5465975836482,1291.5596523451734,1340.5465975836482,461600
2023-08-04,1295.3277587890625,1302.864211203835,1287.7913063742897,1296.269815340909,300200
2023-08-07,1318.879150390625,1318.879150390625,1288.7333412388393,1293.4436239188058,268100
2023-08-08,1342.4305419921875,1342.4305419921875,1321.7052985368693,1323.589411578262,196500
2023-08-09,1343.3726806640625,1347.1409069772856,1329.2418319894755,1346.1988503989799,212200
2023-08-10,1370.6923828125,1370.6923828125,1341.4886275773197,1352.793307023196,203600
2023-08-14,1360.329833984375,1385.7653641212019,1356.5616072974376,1380.113024090796,171500
2023-08-15,1352.7933349609375,1357.5036181606622,1343.372768561488,1356.5615615207173,181800
2023-08-16,1337.7203369140625,1345.2567895163952,1333.0100540376045,1345.2567895163952,118800
2023-08-17,1328.2996826171875,1339.604360767121,1316.0529479547595,1337.7202477421322,135900
2023-08-18,1311.3427734375,1320.7633393386316,1309.4586602572738,1315.1109997979527,151900
2023-08-21,1323.58935546875,1331.1258073148354,1311.3426212188613,1312.2846776996219,99200
2023-08-22,1318.879150390625,1322.6473765345982,1311.3426981026785,1319.8212069266183,174400
2023-08-23,1333.010009765625,1334.894122853633,1314.1688788855456,1315.1109354295495,121200
2023-08-24,1326.4156494140625,1335.8362151059237,1324.5315362756903,1330.1838756908069,132400
2023-08-25,1324.531494140625,1330.1838333759335,1316.0529852876623,1320.7632679837527,90300
2023-08-28,1322.6474609375,1335.8362532830306,1318.8792345530626,1328.299800514156,136200
2023-08-29,1337.7203369140625,1338.662393489354,1326.4156580105632,1327.3577145858549,111500
2023-08-30,1335.836181640625,1342.4305774597253,1332.0679554582819,1338.6623512773824,97800
2023-08-31,1353.7352294921875,1357.5034556007254,1338.6623250580365,1339.604381585171,173800
2023-09-01,1358.445556640625,1362.2137828726377,1353.735273850609,1362.2137828726377,112000
2023-09-04,1368.8082275390625,1374.4605670884323,1357.5035484403227,1360.3297182150077,138100
2023-09-05,1361.2718505859375,1371.6344736699828,1356.561567365917,1368.8083037379704,112400
2023-09-06,1361.2718505859375,1365.040077161954,1357.5036240099212,1361.2718505859375,99100
2023-09-07,1357.5035400390625,1368.8082190678404,1357.5035400390625,1358.445596624794,77400
2023-09-08,1337.7203369140625,1353.7352986940195,1335.8362237634792,1351.8511855434363,151300
2023-09-11,1347.140869140625,1347.140869140625,1333.9520774147727,1339.6044167258522,71800
2023-09-12,1349.0250244140625,1362.2138165521887,1348.0829678327677,1351.8511941579466,99300
2023-09-13,1357.5035400390625,1364.0979361391828,1346.1988610102846,1349.0250307674792,71900
2023-09-14,1345.2568359375,1365.0400247012867,1342.4306661141018,1365.0400247012867,145700
2023-09-15,1354.67724609375,1361.2716415893385,1347.1407940987917,1352.7931330950105,125400
2023-09-19,1353.7352294921875,1355.6193425464564,1343.3726076937087,1354.677286019322,135700
2023-09-20,1341.4886474609375,1354.6774403432782,1340.5465908264846,1351.8512704399195,125800
2023-09-21,1321.705322265625,1340.5464530178078,1321.705322265625,1338.6623399425896,133800
2023-09-22,1320.7633056640625,1326.4156450606276,1312.2847965692147,1318.879192531874,111100
2023-09-25,1336.7783203125,1340.546546726348,1319.821301450185,1320.763358053647,125600
2023-09-26,1321.705322265625,1336.7782268673711,1321.705322265625,1336.7782268673711,107200
2023-09-27,1340.5465087890625,1340.5465087890625,1316.9950943690158,1321.705377253025,158300
2023-09-28,1330.99169921875,1338.6355855028492,1323.347812934651,1336.7246139318243,177100
2023-09-29,1318.5703125,1343.412941576087,1314.7483695652174,1338.6355129076087,160200
2023-10-02,1313.7928466796875,1338.635475053267,1313.7928466796875,1328.1251322798296,99400
2023-10-03,1300.4161376953125,1313.7929385239197,1297.5496803748968,1313.7929385239197,169900
2023-10-04,1312.83740234375,1322.3922597116084,1287.994773187318,1294.683173344819,212200
2023-10-05,1320.4813232421875,1326.2142378148744,1307.104522572585,1311.8819513831575,176000
2023-10-06,1318.5703125,1334.8135699728261,1316.6593410326086,1334.8135699728261,87500
2023-10-10,1316.659423828125,1323.3478243845814,1310.9265090654483,1321.4368527970225,123400
2023-10-11,1305.193603515625,1319.5258905234834,1305.193603515625,1316.6594331219117,107900
2023-10-12,1306.1490478515625,1308.0600193919452,1289.9057897583098,1303.2825905409884,140800
2023-10-13,1279.3955078125,1295.6387666868932,1278.440021996359,1291.8168234223301,189100
2023-10-16,1263.152099609375,1283.217299376241,1260.2856424998226,1278.4398708603205,196800
2023-10-17,1284.1728515625,1287.0393088204519,1275.573479788644,1276.5289655412946,86900
2023-10-18,1287.994873046875,1291.8168162903376,1278.4400149382186,1290.861330479472,89100
2023-10-19,1294.6832275390625,1303.2825995300968,1275.5735120034306,1278.4399693337755,106300
2023-10-20,1289.90576171875,1296.594161964699,1279.3954184751158,1294.6831904658563,85600
2023-10-23,1301.37158203125,1309.9709537186811,1288.9502673716272,1292.7722103438189,118000
2023-10-24,1311.8819580078125,1314.7484153086307,1285.128356533509,1299.4606430376002,154600
2023-10-25,1303.2825927734375,1322.3923082099982,1303.2825927734375,1309.9709931762338,139100
2023-10-26,1324.3033447265625,1356.7898625625676,1311.8820290833842,1352.0124334690374,277800
2023-10-27,1330.99169921875,1330.99169921875,1307.1045545809404,1320.4813555781138,159700
2023-10-30,1310.926513671875,1330.9917154117506,1304.2381130919164,1330.9917154117506,204700
2023-10-31,1320.4813232421875,1320.4813232421875,1296.594179189326,1312.837437145272,256700
2023-11-01,1209.64501953125,1234.4876502641193,1187.668846190635,1234.4876502641193,1051300
2023-11-02,1223.021728515625,1234.487557220459,1211.555899810791,1212.511385536194,425700
2023-11-06,1206.778564453125,1226.8437662373813,1205.8230786538747,1226.8437662373813,563000
2023-11-07,1200.090087890625,1221.1107741434862,1187.6687732866615,1216.3333454496542,422900
2023-11-08,1188.624267578125,1203.9120395083903,1182.8913531042756,1203.9120395083903,402100
2023-11-09,1204.8675537109375,1211.5559540883971,1179.0694379693075,1184.8023525785586,300900
2023-11-10,1211.555908203125,1212.5113939351463,1195.3126507587613,1204.8675080789753,163700
2023-11-13,1197.2236328125,1210.6004331791203,1192.4462041101358,1208.6894616981745,233500
2023-11-14,1200.090087890625,1208.6894595395229,1191.4907162417271,1194.3571734580264,184000
2023-11-15,1207.73388671875,1212.511315068112,1202.0009726995154,1210.6003437283673,167600
2023-11-16,1201.0455322265625,1217.288789225649,1201.0455322265625,1206.7784464615343,156000
2023-11-17,1213.467041015625,1213.467041015625,1201.0457248477485,1203.9121824249507,122300
2023-11-20,1214.4224853515625,1223.9773436155401,1210.6005420459715,1215.3779711779603,171600
2023-11-21,1231.62109375,1235.4430366320792,1214.422350780644,1222.0662365448022,186900
2023-11-22,1222.0662841796875,1243.0869708504874,1222.0662841796875,1238.3095420616692,167700
2023-11-24,1215.3778076171875,1229.7100930843712,1215.3778076171875,1228.754607386559,109500
2023-11-27,1220.1552734375,1223.0217306186373,1210.6004161670419,1216.3333305293168,160700
2023-11-28,1222.0662841796875,1224.9327414529782,1215.377883875342,1221.1107984219238,137200
2023-11-29,1218.2445068359375,1231.6213092639398,1218.2445068359375,1223.0219362745097,109800
2023-11-30,1217.288818359375,1221.1107612741612,1211.555903987196,1214.4223611732855,178800
2023-12-01,1223.021728515625,1234.487557220459,1221.1107570648194,1224.9326999664306,117900
2023-12-04,1219.1998291015625,1224.9327436584665,1213.4669145446587,1222.0662863800144,150400
2023-12-05,1225.8883056640625,1237.3541354910062,1223.0218482073267,1223.9773340262386,169900
2023-12-06,1235.443115234375,1237.354086796996,1223.97728585865,1223.97728585865,132000
2023-12-07,1228.7547607421875,1233.5321898274992,1219.199902571564,1232.576704010437,150800
2023-12-08,1221.11083984375,1239.2650698570765,1219.1998682633998,1228.7547261651507,208600
2023-12-11,1221.11083984375,1225.8882687946254,1213.4669535223495,1224.9327830044504,240600
2023-12-12,1214.4224853515625,1224.9328294419379,1211.5560278723692,1224.9328294419379,118500
2023-12-13,1222.0662841796875,1226.8437129685055,1217.2888553908692,1223.0217699374512,169100
2023-12-14,1218.2445068359375,1226.8438798253676,1212.5115915096508,1220.1554786113663,231100
2023-12-15,1205.822998046875,1212.51139819452,1202.9565408407414,1211.5559124591423,267200
2023-12-18,1202.9566650390625,1202.9566650390625,1189.5798633626948,1198.1792358689313,184900
2023-12-19,1207.73388671875,1208.6893723886224,1198.1790300200257,1204.8674297091327,171600
2023-12-20,1210.6004638671875,1215.377892690657,1206.778520808412,1207.7340065731057,185300
2023-12-21,1202.9566650390625,1210.6005517112726,1202.0011792050364,1203.9121508730889,114000
2023-12-22,1213.467041015625,1216.3334985928273,1205.8231541430855,1208.6896117202878,133800
2023-12-25,1218.2445068359375,1222.0664503867954,1211.5561056219362,1217.289020948223,127700
2023-12-26,1207.73388671875,1215.3777720777293,1204.8674297091327,1214.422286407857,142600
2023-12-27,1207.73388671875,1211.5558293982397,1203.9119440392603,1204.8674297091327,221100
2023-12-28,1218.2445068359375,1218.2445068359375,1203.9122185202204,1207.7341620710783,131800
2023-12-29,1220.1552734375,1221.1107591645457,1215.3778448022708,1217.2888162563625,95200
2024-01-04,1219.1998291015625,1219.1998291015625,1202.001085430851,1215.3778860636266,308100
2024-01-05,1223.021728515625,1226.8436714172365,1215.3778427124023,1226.8436714172365,187800
2024-01-09,1239.2650146484375,1239.2650146484375,1239.2650146484375,1239.2650146484375,41500
2024-01-10,1250.7308349609375,1253.597292183919,1240.2204918100053,1244.9979205149746,180200
2024-01-11,1244.998046875,1257.4193627686109,1244.0425610370298,1256.4638769306407,173600
2024-01-12,1244.04248046875,1250.7308809013778,1236.3985942600327,1247.8644235731088,173100
2024-01-15,1235.443115234375,1244.9979730474793,1234.4876294530645,1244.9979730474793,45800
2024-01-16,1227.7991943359375,1246.9089094228782,1227.7991943359375,1244.9979379141841,181500
2024-01-17,1215.3778076171875,1236.398492969057,1215.3778076171875,1234.4875215734326,232000
2024-01-18,1207.73388671875,1222.0661717668363,1206.7784010488776,1222.0661717668363,205900
2024-01-19,1218.2445068359375,1221.1109644990809,1207.7341620710783,1208.6896479587929,192700
2024-01-22,1229.710205078125,1229.710205078125,1212.5114609511581,1219.1998614449785,147000
2024-01-23,1229.710205078125,1234.4876340022824,1226.8437477236305,1230.6656908629564,121400
2024-01-24,1223.977294921875,1230.6656954405737,1220.1553517683328,1225.888266498646,116300
2024-01-25,1223.977294921875,1225.888266498646,1218.2443801915617,1222.066323345104,126200
2024-01-26,1213.467041015625,1226.8438430425688,1213.467041015625,1224.932871324434,172800
2024-01-29,1223.977294921875,1225.888266498646,1216.3334086147906,1221.1108375567185,135500
2024-01-30,1222.0662841796875,1229.7101702417965,1217.2888553908692,1229.7101702417965,147300
2024-01-31,1229.710205078125,1229.710205078125,1217.2888898753156,1222.066318799473,126800
2024-02-01,1233.5322265625,1238.3096557900853,1221.1109105707785,1227.7993114893977,213800
2024-02-02,1244.04248046875,1248.8199093491985,1239.2650515883017,1242.1315089165707,279500
2024-02-05,1247.8643798828125,1262.1966660223547,1244.042436912268,1254.5527800812656,445100
2024-02-06,1274.6180419921875,1282.2619283009863,1254.5528404315908,1255.5083262201906,332300
2024-02-07,1256.4638671875,1269.8406688153516,1244.0425513902092,1269.8406688153516,304200
2024-02-08,1239.2650146484375,1250.7308436197416,1233.5321001627856,1249.7753578721329,352600
2024-02-09,1244.04248046875,1249.775395125288,1229.710193827405,1235.443108483943,214300
2024-02-13,1256.4638671875,1256.4638671875,1237.3541505762832,1251.6864380346958,294100
2024-02-14,1221.11083984375,1251.6863851293526,1218.2443824732247,1251.6863851293526,301200
2024-02-15,1217.288818359375,1230.6656185611264,1217.288818359375,1229.71013283243,171600
2024-02-16,1232.57666015625,1235.4431175054506,1220.1553449763808,1228.7547170239825,146100
2024-02-19,1252.641845703125,1254.5528172450063,1235.4431018261944,1235.4431018261944,120400
2024-02-20,1266.0186767578125,1269.8406199329304,1256.4638188200177,1257.4193046137973,179600
2024-02-21,1256.4638671875,1272.7071263070343,1253.5974096958175,1271.7516404764733,131300
2024-02-22,1262.1966552734375,1262.1966552734375,1252.6417979284456,1261.2411695389383,120300
2024-02-26,1270.7960205078125,1281.3063635345688,1269.8405347781072,1269.8405347781072,289800
2024-02-27,1300.4161376953125,1304.2380807892002,1277.484479131986,1281.3064222258738,300300
2024-02-28,1278.43994140625,1289.905770477158,1273.662512626705,1289.905770477158,202100
2024-02-29,1278.43994140625,1286.083827453522,1273.662512626705,1278.43994140625,189600
2024-03-01,1270.7960205078125,1288.9502493722098,1268.8850490484022,1288.9502493722098,131700
2024-03-04,1249.775390625,1265.0631629873853,1248.8199048523509,1262.196705669438,189700
2024-03-05,1251.6864013671875,1265.0632026031728,1244.998000749195,1259.3302877877506,126800
2024-03-06,1256.4638671875,1264.1077538319867,1246.9090088818916,1249.775466373574,124400
2024-03-07,1264.1077880859375,1267.9297315117453,1254.552929521418,1258.3748729472259,185400
2024-03-08,1255.50830078125,1272.7070446275684,1255.50830078125,1261.2412153966895,225700
2024-03-11,1268.8851318359375,1276.5290181722985,1258.374788123441,1262.1967312916215,204000
2024-03-12,1269.840576171875,1269.840576171875,1252.6418324765448,1265.0631473676165,148000
2024-03-13,1251.6864013671875,1276.5290322340172,1248.8199439594764,1276.5290322340172,227200
2024-03-14,1249.775390625,1259.3302483514908,1246.9089333070526,1256.4637910335434,226600
2024-03-15,1255.50830078125,1261.2412153966895,1247.8644146273307,1253.59732924277,174700
2024-03-18,1266.97412109375,1273.662521431349,1263.1521780436935,1268.8850926187783,198400
2024-03-19,1264.1077880859375,1266.9742456552933,1252.641957808514,1258.3748729472259,132500
2024-03-21,1281.306396484375,1287.9947967643084,1275.5734819587178,1278.4399392215464,253900
2024-03-22,1279.3955078125,1293.7277950546115,1275.573564547937,1282.2619652609224,320000
2024-03-25,1310.926513671875,1327.169772223203,1302.3271414976425,1317.6149142518336,580300
2024-03-26,1315.703857421875,1316.6593431571125,1291.8167140409405,1299.4605999228395,356300
2024-03-27,1317.6148681640625,1323.347782746357,1309.9709820543362,1315.7038966366308,556400
2024-03-28,1292.4066162109375,1312.767110539842,1291.4370688619422,1306.9498264458693,335000
2024-03-29,1308.888916015625,1316.645294777199,1291.4370638020832,1294.3457058376737,130200
2024-04-01,1299.1934814453125,1308.8889551874418,1294.3457445742479,1307.9194078132289,135600
2024-04-02,1272.046142578125,1292.4066372382931,1270.1070478485851,1291.4370898735233,256800
2024-04-03,1257.5028076171875,1268.1678275738482,1257.5028076171875,1265.2591857674863,215900
2024-04-04,1259.4420166015625,1265.259300742909,1252.6551851033246,1259.4420166015625,169900
2024-04-05,1264.289794921875,1264.289794921875,1244.8988471469997,1254.5943210344374,187600
2024-04-08,1265.2593994140625,1271.0766840090698,1256.5334725215519,1260.4116622515567,153700
2024-04-09,1272.046142578125,1278.8329741315144,1266.2288583895056,1276.8938794019746,159700
2024-04-10,1276.893798828125,1285.6197245604355,1275.9242515245348,1279.8024407388953,98600
2024-04-11,1263.3201904296875,1278.8329479483943,1263.3201904296875,1274.9547585687176,173900
2024-04-12,1273.0157470703125,1274.9548418868706,1265.2593678040807,1266.2289152123597,68200
2024-04-15,1254.5943603515625,1266.228929381098,1251.6857180941786,1265.25938196197,161800
2024-04-16,1250.716064453125,1257.5028958106225,1246.8378751059836,1256.5333484738371,119800
2024-04-17,1227.447021484375,1251.6857067427552,1227.447021484375,1251.6857067427552,212800
2024-04-18,1241.0206298828125,1246.837914085388,1231.325156211853,1231.325156211853,82400
2024-04-19,1227.447021484375,1248.7770645117496,1226.4774740740397,1241.020685229068,218300
2024-04-22,1271.0765380859375,1271.0765380859375,1243.9292130924925,1244.8987604136871,171400
2024-04-23,1265.2593994140625,1273.015778874072,1262.350757116559,1270.1071365765686,131500
2024-04-24,1266.228759765625,1272.0460435011485,1260.4114760301015,1265.259212476371,120400
2024-04-25,1262.3507080078125,1272.0461819556451,1256.533423639113,1269.1375397712955,187000
2024-04-26,1272.046142578125,1272.046142578125,1248.777005823647,1255.5638373770364,165900
2024-04-30,1260.4114990234375,1270.1069720928485,1253.6246678748498,1266.2287828650842,156300
2024-05-01,1287.558837890625,1293.3761217967574,1258.4724183599633,1260.4115129953407,222400
2024-05-02,1274.9547119140625,1279.8024484612642,1267.1983334385397,1278.832901151824,140300
2024-05-07,1295.315185546875,1297.254280136017,1280.7719761283097,1281.7415234228808,175500
2024-05-08,1288.5284423828125,1308.8889369577103,1284.6502529399747,1296.2848212684878,158000
2024-05-09,1306.9498291015625,1313.7366605583213,1298.2239029428724,1305.980281750597,219100
2024-05-10,1307.91943359375,1310.8280757737214,1294.3457700872175,1308.8889809870739,94000
2024-05-13,1309.8585205078125,1320.5235417702743,1303.0716887953367,1312.767162670302,125000
2024-05-14,1337.975341796875,1337.975341796875,1315.6757527669272,1315.6757527669272,243100
2024-05-15,1175.09130859375,1236.1727875058014,1174.1217613094316,1231.32505108421,934000
2024-05-16,1198.360595703125,1202.2387853332323,1180.9087423676426,1180.9087423676426,329200
2024-05-17,1176.0609130859375,1195.451859715549,1173.1522710914958,1193.5127650525878,286700
2024-05-20,1178.9696044921875,1188.6650782133404,1174.121867631611,1180.908699236418,138700
2024-05-21,1174.121826171875,1188.665036240065,1172.1827314961163,1188.665036240065,160200
2024-05-22,1171.2132568359375,1179.9391834183245,1169.2741620398515,1173.1523516320235,134700
2024-05-23,1157.6395263671875,1171.2131891554125,1156.6699790251714,1171.2131891554125,265700
2024-05-24,1175.09130859375,1177.9999504467048,1149.8830792014749,1153.7612683387479,262100
2024-05-27,1190.6041259765625,1200.2995993151337,1178.9695579702768,1200.2995993151337,171800
2024-05-28,1161.5177001953125,1189.634572737603,1160.548152866268,1188.6650254085584,222300
2024-05-29,1151.822265625,1163.4568339646464,1151.822265625,1160.5481918797348,139400
2024-05-30,1154.73095703125,1157.6395992403968,1139.2181985824675,1148.9136726129566,150400
2024-05-31,1156.669921875,1163.4567529337803,1150.852638110331,1161.5176583455575,132500
2024-06-03,1169.2740478515625,1175.0913316717194,1162.487216728046,1162.487216728046,143800
2024-06-04,1166.365478515625,1177.0304995161835,1160.5481943335021,1165.395931151938,146300
2024-06-05,1182.84765625,1183.8172035092214,1162.4871638063526,1174.121730917008,212700
2024-06-06,1181.8782958984375,1182.8478433109876,1167.3350847101876,1178.0001062482377,142100
2024-06-07,1178.9696044921875,1178.9696044921875,1168.3045833989192,1170.24367814315,97700
2024-06-10,1179.9390869140625,1181.8781815515547,1167.3349717703625,1175.0913503203317,119300
2024-06-11,1176.0609130859375,1184.7868390692627,1172.1827237600153,1183.8172917377822,120700
2024-06-12,1174.121826171875,1182.847752212789,1173.1522788339955,1178.0000155233922,116000
2024-06-13,1158.6090087890625,1175.0913126797857,1158.6090087890625,1174.121765392096,138100
2024-06-14,1175.09130859375,1179.9390450153412,1158.6090047603393,1158.6090047603393,172900
2024-06-17,1172.1827392578125,1172.1827392578125,1160.5481711262214,1164.4263605034184,127800
2024-06-18,1175.09130859375,1177.9999504467048,1167.3349303192037,1173.1522140251134,131700
2024-06-19,1178.0,1178.0,1172.1827160493826,1174.1218106995884,60000
2024-06-20,1186.7259521484375,1186.7259521484375,1172.18274195054,1176.060931336646,154600
2024-06-21,1180.90869140625,1187.6955229660562,1178.9695966748768,1186.7259756003696,175000
2024-06-24,1181.8782958984375,1189.6346751988374,1180.9087484858876,1186.7260329611875,94900
2024-06-25,1195.451904296875,1196.4214516645125,1180.9086937823145,1181.878241149952,176600
2024-06-26,1200.2996826171875,1202.238777419477,1191.5737560068849,1193.5128508091743,131000
2024-06-27,1196.42138671875,1196.42138671875,1186.725913568679,1193.5127447737289,139300
2024-06-28,1172.1827392578125,1186.7259494223015,1170.243644569214,1185.756402078002,186500
2024-07-01,1173.15234375,1176.060985924587,1169.2741541838843,1174.121891141529,183600
2024-07-02,1165.3958740234375,1175.0913471850301,1163.456779391119,1175.0913471850301,290800
2024-07-03,1178.9696044921875,1181.8782466085333,1168.3045833989192,1173.1523202594958,221100
2024-07-04,1188.6650390625,1191.5736810830444,1178.0000183205036,1181.8782076812295,205500
2024-07-05,1175.09130859375,1195.4518015644337,1174.1217613094316,1191.5736124271607,112400
2024-07-08,1164.42626953125,1177.9999312909815,1164.42626953125,1177.9999312909815,138000
2024-07-09,1172.1827392578125,1176.0609286350095,1166.365455192017,1169.2740972249146,87600
2024-07-10,1184.786865234375,1187.6955072930518,1173.1522969996674,1175.091391705452,178100
2024-07-11,1188.6650390625,1191.5736810830444,1182.847755021411,1188.6650390625,114300
2024-07-12,1193.5126953125,1198.360431686637,1182.847675289399,1185.756317113881,140000
2024-07-16,1186.7259521484375,1200.2996149998085,1185.756404801911,1198.3605203067555,104300
2024-07-17,1200.2996826171875,1201.269230018332,1183.8173767977269,1192.5433034080295,167700
2024-07-18,1208.0560302734375,1211.934219776723,1197.3910091394023,1198.3605565152236,228200
2024-07-19,1197.3909912109375,1204.1778227400685,1191.5737070431112,1202.2387280174596,165400
2024-07-22,1216.781982421875,1216.781982421875,1205.14741366565,1205.14741366565,203400
2024-07-23,1210.964599609375,1216.7818835146243,1201.2691264339596,1213.8732415619995,175400
2024-07-24,1199.330078125,1208.0560043199273,1196.4214360600242,1207.0864569649352,126600
2024-07-25,1205.1473388671875,1209.9950755480693,1191.5736761607188,1194.4823181692477,128300
2024-07-26,1205.1473388671875,1211.934170220422,1195.4518655054242,1206.1168862033637,100200
2024-07-29,1220.6600341796875,1220.6600341796875,1204.1777303027577,1211.9341085977835,178100
2024-07-30,1218.7210693359375,1220.660164116106,1212.9037849954318,1214.8428797756003,95900
2024-07-31,1234.2337646484375,1234.2337646484375,1212.9037231541204,1218.721007198025,162400
2024-08-01,1209.025634765625,1223.568846089991,1202.2388028142543,1223.568846089991,114000
2024-08-02,1171.2132568359375,1197.3910365830984,1169.2741620398515,1197.3910365830984,190300
2024-08-05,1082.0147705078125,1168.3044789085252,1073.288844939201,1152.7917223421048,525400
2024-08-06,1153.7613525390625,1163.4568260898109,1117.8881004012933,1129.5226686621916,461200
2024-08-07,1137.2789306640625,1160.5480647952966,1082.9842843578497,1095.588398678935,454600
2024-08-08,1126.614013671875,1143.0963185190537,1108.1926141367926,1115.9489928884063,228400
2024-08-09,1130.4921875,1147.944039451115,1112.0707882182676,1141.1572081367924,232800
2024-08-13,1151.822265625,1152.791812986637,1120.7967500526095,1128.553128945707,153600
2024-08-14,1150.8526611328125,1158.6090396408686,1144.0658299382635,1158.6090396408686,105100
2024-08-15,1168.3045654296875,1170.2436601440936,1149.8831656428295,1157.639544500454,158200
2024-08-16,1174.121826171875,1178.9695628612717,1166.3654474688403,1173.1522788339955,113800
2024-08-19,1155.700439453125,1171.213197029677,1152.7917974075215,1171.213197029677,131100
2024-08-20,1174.121826171875,1178.9695628612717,1161.5177107794436,1163.4568054552024,84100
2024-08-21,1175.09130859375,1178.969497731023,1169.2740248878404,1170.2435721721586,98900
2024-08-22,1170.24365234375,1177.0304837989333,1169.2741049930096,1175.0913890974523,55400
2024-08-23,1199.330078125,1207.0864569649352,1171.2132048302344,1171.2132048302344,158800
2024-08-26,1200.2996826171875,1204.1778722217664,1186.7260190011611,1197.3910404137532,148600
2024-08-27,1206.116943359375,1207.0864907414966,1199.3301116845232,1200.2996590666448,88500
2024-08-28,1200.2996826171875,1205.1474196229112,1189.6346612045954,1202.238777419477,100800
2024-08-29,1191.57373046875,1202.2387516527665,1189.6346357080197,1202.2387516527665,74400
2024-08-30,1206.116943359375,1214.8428697984702,1197.39101692028,1197.39101692028,157800
2024-09-02,1192.543212890625,1202.2386861661587,1185.7563815977517,1200.2995915110519,70800
2024-09-03,1200.2996826171875,1200.2996826171875,1193.5128508091743,1197.3910404137532,42400
2024-09-04,1185.75634765625,1198.360462553659,1180.9086111572465,1187.6954422558513,94900
2024-09-05,1196.42138671875,1200.2995759787784,1182.8477243086509,1182.8477243086509,77200
2024-09-06,1201.26904296875,1209.994968220339,1197.3908539680438,1201.26904296875,109200
2024-09-09,1191.57373046875,1197.3910147509407,1179.9391619043683,1185.756446186559,73200
2024-09-10,1191.57373046875,1201.2692042724013,1191.57373046875,1191.57373046875,87700
2024-09-11,1175.09130859375,1190.6040651428423,1170.2435721721586,1190.6040651428423,93700
2024-09-12,1175.09130859375,1186.7258760055693,1174.1217613094316,1177.0304031623864,70600
2024-09-13,1176.0609130859375,1179.9391024118597,1168.3045344340928,1172.1827237600153,107900
2024-09-17,1173.15234375,1178.0000807076447,1163.4568698347107,1173.15234375,113400
2024-09-18,1173.15234375,1181.8782702737603,1164.4264172262397,1181.8782702737603,91300
2024-09-19,1181.8782958984375,1185.7564855486376,1173.1523691854877,1174.1219165980376,105000
2024-09-20,1197.3909912109375,1197.3909912109375,1182.8477807913716,1188.665064959198,238600
2024-09-24,1191.57373046875,1207.086488554592,1188.6650883276545,1203.2082990331317,126100
2024-09-25,1209.9951171875,1210.9646645570413,1193.5128119052986,1193.5128119052986,102100
2024-09-26,1221.629638671875,1225.507828000992,1204.1777866908483,1211.9341653490824,240900
2024-09-27,1240.34814453125,1243.3037000781871,1215.7185149734412,1216.7037001557535,230900
2024-09-30,1220.6444091796875,1226.555520120025,1208.8221872990125,1210.7925576124585,125700
2024-10-01,1234.43701171875,1241.3333078736034,1217.6888639141062,1220.6444194090434,139000
2024-10-02,1246.25927734375,1248.2296477427124,1231.4814993515315,1234.4370549499754,178900
2024-10-03,1248.2296142578125,1257.096280815287,1237.3925773542323,1254.140725296129,208600
2024-10-04,1264.977783203125,1265.9629683925355,1242.3185238466826,1251.1851905513774,154000
2024-10-07,1252.17041015625,1269.9037440530342,1251.185224939762,1268.918558836546,113400
2024-10-08,1230.496337890625,1251.185227478858,1222.6148561427267,1243.3037457309597,130500
2024-10-09,1237.392578125,1241.3333188196655,1226.5555412146696,1231.4814670830015,116700
2024-10-10,1256.111083984375,1256.111083984375,1233.4518252144608,1234.4370103783701,133300
2024-10-11,1255.1259765625,1259.0667174622251,1244.2889390882556,1251.1852356627746,173600
2024-10-15,1271.8741455078125,1274.8297012293642,1252.1704406974668,1261.0371078621224,260600
2024-10-16,1256.111083984375,1284.6814537377452,1254.1407136565565,1262.022194967831,198800
2024-10-17,1252.17041015625,1267.933373620058,1250.2000397232741,1256.111151022202,108000
2024-10-18,1257.0963134765625,1261.0370542711598,1247.244461490069,1253.1555726819652,64100
2024-10-21,1241.3333740234375,1257.0963375031001,1239.3630035884796,1257.0963375031001,66000
2024-10-22,1233.451904296875,1239.3630156593201,1224.5852372532074,1234.4370895239492,103200
2024-10-23,1220.6444091796875,1236.407371687254,1217.6888537095188,1234.4370013738082,71000
2024-10-24,1213.7481689453125,1220.6444653597744,1206.8518725308504,1212.7629837432464,100500
2024-10-25,1204.8814697265625,1216.703691833446,1200.940729024268,1213.7481363067252,91800
2024-10-28,1225.5704345703125,1229.511175517484,1203.8963593608696,1213.7482117287982,169100
2024-10-29,1232.4666748046875,1242.3185267215915,1223.6000080794738,1233.4518599963778,80800
2024-10-30,1236.407470703125,1241.333396881225,1225.5704331113047,1232.466729760645,453200
2024-10-31,1239.363037109375,1245.2741485741255,1233.4519256446245,1241.3334075976252,94500
2024-11-01,1202.9111328125,1224.5852072775901,1202.9111328125,1220.6444664657554,124800
2024-11-05,1213.7481689453125,1213.7481689453125,1201.9259465205205,1202.9111317225863,120700
2024-11-06,1206.8519287109375,1225.5704484215562,1204.8815582150828,1208.822299206792,188600
2024-11-07,1196.014892578125,1219.6593385599,1183.2074843379967,1216.7037828121781,385000
2024-11-08,1205.86669921875,1207.83706964231,1185.1778097713695,1197.0000323127297,258900
2024-11-11,1200.9407958984375,1208.8222777419055,1173.3556094462995,1176.3111651376,269200
2024-11-12,1219.6593017578125,1223.6000426358669,1206.851893904136,1207.8370791236496,125200
2024-11-13,1225.5704345703125,1229.511175517484,1219.6593231495553,1220.6445083863482,110200
2024-11-14,1206.8519287109375,1229.5111894132654,1206.8519287109375,1229.5111894132654,118700
2024-11-15,1199.95556640625,1210.7926035412818,1195.029640435781,1207.8370479590005,157900
2024-11-18,1201.9259033203125,1201.9259033203125,1190.1036813204405,1191.0888664870965,136400
2024-11-19,1215.718505859375,1222.614802083861,1199.95554306055,1201.9259134104032,174200
2024-11-20,1220.6444091796875,1233.4518162170853,1211.7777427691813,1223.5999646498562,217800
2024-11-21,1205.86669921875,1226.5555886661305,1200.9407731598499,1221.6296626072303,238600
2024-11-22,1215.718505859375,1218.6740613841548,1206.851839285036,1211.777765159669,175000
2024-11-25,1224.585205078125,1238.3777978947733,1205.866686255531,1209.8074270602876,1572900
2024-11-26,1275.8148193359375,1283.6963008453486,1229.5111154681467,1234.4370414115288,383300
2024-11-27,1266.9481201171875,1272.8592310975164,1234.4370097253777,1249.2147871762004,263000
2024-11-28,1263.99267578125,1278.7704545316153,1261.037120031177,1267.9334167813474,144300
2024-11-29,1276.800048828125,1289.6074567253206,1270.8889374909577,1270.8889374909577,164200
2024-12-02,1266.9481201171875,1286.6518233849508,1265.9629349537993,1276.799971751069,117000
2024-12-03,1274.8297119140625,1285.6667496505809,1274.8297119140625,1276.8000824116114,88800
2024-12-04,1282.711181640625,1293.5482192735335,1269.9037735290058,1269.9037735290058,142800
2024-12-05,1279.755615234375,1293.5482084701573,1272.859318616484,1287.6370970833934,148600
2024-12-06,1285.666748046875,1292.5630447796934,1282.7111923042385,1284.6815627993294,90200
2024-12-09,1280.74072265625,1292.5629447115384,1276.7999819711538,1290.5925743689904,102800
2024-12-10,1271.8741455078125,1290.5926650776407,1264.9778488241914,1290.5926650776407,159500
2024-12-11,1289.607421875,1296.503718248663,1272.8592735389611,1280.7407551088618,116000
2024-12-12,1296.5037841796875,1297.4889694260246,1283.6963759773046,1291.5778579480018,140400
2024-12-13,1286.65185546875,1294.5333369723871,1282.7111147169314,1288.6222258446594,141300
2024-12-16,1279.755615234375,1290.5926527767754,1277.7852447721204,1290.5926527767754,100000
2024-12-17,1297.4888916015625,1304.385187912277,1282.7111137928887,1284.6814841673786,158500
2024-12-18,1282.711181640625,1291.577848794823,1279.7556259225591,1291.577848794823,91400
2024-12-19,1284.6815185546875,1288.6222594091498,1270.8889255640697,1270.8889255640697,111600
2024-12-20,1273.844482421875,1283.6963345674426,1272.8592972073184,1278.7704084946588,121900
2024-12-23,1270.888916015625,1281.7259532839753,1270.888916015625,1280.7407680777617,65400
2024-12-24,1264.977783203125,1272.8592647184091,1262.0222276348934,1270.8888943395882,72800
2024-12-25,1250.2000732421875,1264.9778518857122,1239.3630355702694,1262.0222961570073,84500
2024-12-26,1259.066650390625,1260.0518355630747,1245.2740579763301,1250.1999838385784,151800
2024-12-27,1263.0074462890625,1265.9630019356048,1251.1852237028934,1260.0518906425202,104800
2024-12-30,1263.99267578125,1271.8741577814449,1258.081564281104,1262.0223052812012,112900
2025-01-06,1247.2445068359375,1269.9037672286915,1243.3037658980672,1269.9037672286915,153700
2025-01-07,1240.34814453125,1242.3185148958746,1224.5851816142524,1242.3185148958746,177200
2025-01-08,1250.2000732421875,1253.1556289708924,1239.3630355702694,1244.2889617847777,155700
2025-01-09,1245.2740478515625,1255.1258994959578,1233.4518258782882,1255.1258994959578,118300
2025-01-10,1247.2445068359375,1248.229692070405,1236.4074692567942,1245.2741363670023,92900
2025-01-14,1223.5999755859375,1253.1555305517813,1216.7036794272406,1253.1555305517813,106500
2025-01-15,1234.43701171875,1237.3925672136872,1219.6592342440642,1233.451826553771,109800
2025-01-16,1229.5111083984375,1236.4074046795185,1220.6444417513335,1229.5111083984375,89700
2025-01-17,1218.674072265625,1226.5555537354107,1213.748146347009,1223.599998184241,57300
2025-01-20,1222.6148681640625,1235.4222761303258,1222.6148681640625,1227.5407943049331,68500
2025-01-21,1232.4666748046875,1236.407415571449,1227.5407488462354,1234.4370451880682,53600
2025-01-22,1231.4815673828125,1247.2445314453125,1226.5556411132814,1232.4667526367189,121400
2025-01-23,1217.68896484375,1227.5408173101234,1214.733409103838,1219.6593353370247,121200
2025-01-24,1218.674072265625,1225.5703685516876,1217.6888870819018,1222.6148130005179,71500
2025-01-27,1233.451904296875,1234.4370895239492,1227.5407929344299,1230.4963486156526,66700
2025-01-28,1240.34814453125,1248.229625989749,1233.4518482550636,1234.437033437376,94300
2025-01-29,1227.540771484375,1240.3481792125426,1227.540771484375,1240.3481792125426,75000
2025-01-30,1225.5704345703125,1234.4371017014482,1221.629693623141,1231.4815459910697,131100
2025-01-31,1211.77783203125,1220.6444990948933,1210.7926468019564,1218.674128636306,136000
2025-02-03,1182.2222900390625,1207.837106323242,1182.2222900390625,1206.851921081543,180900
2025-02-04,1184.192626953125,1198.9704051596948,1183.2074417393537,1196.0148495183807,139000
2025-02-05,1197.9852294921875,1197.9852294921875,1182.2222659462377,1187.148192054347,151100
2025-02-06,1190.103759765625,1201.9259825447537,1190.103759765625,1193.059315460407,82600
2025-02-07,1199.95556640625,1205.866677570813,1185.177788494843,1190.1037144653121,210300
2025-02-10,1229.5111083984375,1246.2592565096343,1186.1629603459285,1192.074071443998,326100
2025-02-12,1258.08154296875,1260.05191343542,1244.2889497020606,1248.2296906354004,264600
2025-02-13,1241.3333740234375,1260.0518931555368,1234.437077501085,1258.0815227205792,166800
2025-02-14,1233.451904296875,1253.1556088383586,1223.6000520261332,1253.1556088383586,106000
2025-02-17,1240.34814453125,1248.229625989749,1226.555551978877,1240.34814453125,137100
2025-02-18,1273.844482421875,1277.785223280102,1229.5111477668213,1240.3481851269455,210000
2025-02-19,1263.99267578125,1273.8445282814935,1258.081564281104,1273.8445282814935,122300
2025-02-20,1218.674072265625,1262.0222203494468,1213.748146347009,1256.1111092471074,151100
2025-02-21,1208.822265625,1231.4815256978402,1208.822265625,1218.6741178305826,93700
2025-02-25,1223.5999755859375,1225.5703459169938,1208.8221981030156,1208.8221981030156,92500
2025-02-26,1239.363037109375,1242.3185928417502,1212.7630355179972,1212.7630355179972,177200
2025-02-27,1253.1556396484375,1254.1408248997334,1232.4667493712227,1241.3334166328862,162700
2025-02-28,1253.1556396484375,1255.1260101510295,1243.3037871354782,1252.1704543971416,168200
2025-03-03,1264.977783203125,1267.9333387713566,1239.362968278451,1249.2148201725565,185300
2025-03-04,1268.9185791015625,1275.8148757271144,1260.051912011567,1270.888949566006,146300
2025-03-05,1287.6370849609375,1294.5333815139036,1270.8889361894487,1278.770417964267,240000
2025-03-06,1295.5185546875,1300.4444807509506,1288.6222581986692,1292.5629990494297,117700
2025-03-07,1294.5333251953125,1303.3999918062393,1287.6370289423694,1296.5036955532962,105900
2025-03-10,1291.5777587890625,1309.3110918616812,1275.8147960578458,1303.399980837475,200200
2025-03-11,1268.9185791015625,1299.4593213004355,1264.9778381726758,1280.7408018882231,245400
2025-03-12,1290.5926513671875,1296.5037627474953,1263.9926501558027,1266.9482058459566,138400
2025-03-13,1281.7259521484375,1307.3407674872994,1279.7555817377558,1299.4592858445726,98500
2025-03-14,1303.4000244140625,1310.2963208395338,1287.6370611558425,1288.6222463594813,154200
2025-03-17,1311.281494140625,1317.192605308802,1300.4444569989669,1304.3851977777517,197400
2025-03-18,1307.3408203125,1340.8371186475604,1307.3408203125,1320.148228499435,416300
2025-03-19,1323.103759765625,1333.9407972618437,1302.4148700001163,1307.3407961347611,172200
2025-03-21,1312.2667236328125,1323.1037611402905,1306.355612265097,1323.1037611402905,294200
2025-03-24,1319.1629638671875,1326.0592601682108,1301.4296305216988,1312.266667566164,184400
2025-03-25,1322.1185302734375,1344.7777897341596,1320.1481598855487,1325.0740858552708,156400
2025-03-26,1333.9407958984375,1345.763018609502,1328.0296845429054,1330.0000549947495,310600
2025-03-27,1330.0,1337.8814814814814,1320.148148148148,1330.9851851851852,226700
2025-03-28,1328.0,1337.0,1319.0,1330.0,158700
2025-03-31,1320.0,1328.0,1305.0,1320.0,199600
2025-04-01,1327.0,1341.0,1322.0,1337.0,155300
2025-04-02,1322.0,1327.0,1305.0,1327.0,193400
2025-04-03,1306.0,1310.0,1285.0,1300.0,309700
2025-04-04,1282.0,1304.0,1266.0,1285.0,270400
2025-04-07,1226.0,1255.0,1214.0,1228.0,295100
2025-04-08,1275.0,1278.0,1232.0,1255.0,202700
2025-04-09,1245.0,1278.0,1234.0,1260.0,204900
2025-04-10,1289.0,1295.0,1263.0,1275.0,177700
2025-04-11,1286.0,1291.0,1241.0,1268.0,180400
2025-04-14,1322.0,1341.0,1290.0,1298.0,166600
2025-04-15,1319.0,1334.0,1315.0,1323.0,112300
2025-04-16,1325.0,1332.0,1316.0,1328.0,74900
2025-04-17,1313.0,1334.0,1311.0,1323.0,80300
2025-04-18,1358.0,1358.0,1321.0,1323.0,165300
2025-04-21,1369.0,1379.0,1359.0,1362.0,226500
2025-04-22,1360.0,1380.0,1356.0,1370.0,107100
2025-04-23,1376.0,1389.0,1363.0,1363.0,173900
2025-04-24,1359.0,1383.0,1352.0,1378.0,89700
2025-04-25,1360.0,1376.0,1354.0,1357.0,122700
2025-04-28,1341.0,1353.0,1335.0,1340.0,125600
2025-04-30,1361.0,1364.0,1334.0,1344.0,169700
2025-05-01,1362.0,1364.0,1345.0,1355.0,166900
2025-05-02,1402.0,1411.0,1363.0,1366.0,372700
2025-05-07,1392.0,1405.0,1387.0,1400.0,193800
2025-05-08,1388.0,1392.0,1373.0,1392.0,194200
2025-05-09,1398.0,1410.0,1396.0,1400.0,142800
2025-05-12,1395.0,1401.0,1371.0,1400.0,154800
2025-05-13,1345.0,1408.0,1345.0,1404.0,281800
2025-05-14,1295.0,1324.0,1271.0,1315.0,560800
2025-05-15,1315.0,1319.0,1278.0,1290.0,266100
2025-05-16,1324.0,1335.0,1314.0,1324.0,152200
2025-05-19,1313.0,1324.0,1308.0,1322.0,109000
2025-05-20,1308.0,1324.0,1302.0,1321.0,155100
2025-05-21,1316.0,1326.0,1307.0,1314.0,111100
2025-05-22,1313.0,1321.0,1306.0,1307.0,88600
2025-05-23,1335.0,1344.0,1314.0,1330.0,169800
2025-05-26,1345.0,1356.0,1336.0,1336.0,168100
2025-05-27,1345.0,1360.0,1344.0,1349.0,112000
2025-05-28,1343.0,1352.0,1338.0,1345.0,163400
2025-05-29,1345.0,1363.0,1341.0,1343.0,156700
2025-05-30,1339.0,1350.0,1330.0,1340.0,169300
2025-06-02,1339.0,1341.0,1330.0,1340.0,120300
2025-06-03,1324.0,1340.0,1320.0,1340.0,100800
2025-06-04,1325.0,1335.0,1323.0,1327.0,106400
2025-06-05,1333.0,1357.0,1331.0,1331.0,210200
2025-06-06,1365.0,1393.0,1357.0,1381.0,278600
2025-06-09,1384.0,1388.0,1360.0,1368.0,178400
2025-06-10,1386.0,1399.0,1378.0,1387.0,138200
2025-06-11,1381.0,1395.0,1376.0,1391.0,118900
2025-06-12,1377.0,1389.0,1376.0,1378.0,81900
2025-06-13,1359.0,1373.0,1356.0,1371.0,110500
2025-06-16,1349.0,1363.0,1345.0,1360.0,74400
2025-06-17,1353.0,1354.0,1341.0,1350.0,99700
2025-06-18,1352.0,1358.0,1348.0,1349.0,82100
2025-06-19,1361.0,1365.0,1351.0,1352.0,98300
2025-06-20,1368.0,1378.0,1358.0,1362.0,226700
2025-06-23,1373.0,1382.0,1363.0,1368.0,87700
2025-06-24,1386.0,1388.0,1366.0,1384.0,140700
2025-06-25,1384.0,1390.0,1374.0,1385.0,122800
2025-06-26,1393.0,1396.0,1378.0,1386.0,181800
2025-06-27,1395.0,1401.0,1386.0,1387.0,181900
2025-06-30,1407.0,1414.0,1388.0,1394.0,162400
2025-07-01,1422.0,1426.0,1408.0,1411.0,128800
2025-07-02,1424.0,1428.0,1411.0,1427.0,139200
2025-07-03,1410.0,1428.0,1404.0,1417.0,132500
2025-07-04,1421.0,1440.0,1414.0,1422.0,198400
2025-07-07,1424.0,1431.0,1418.0,1418.0,123400
2025-07-08,1439.0,1440.0,1413.0,1424.0,179100
2025-07-09,1451.0,1464.0,1440.0,1442.0,164300
2025-07-10,1448.0,1451.0,1436.0,1451.0,134500
2025-07-11,1449.0,1462.0,1440.0,1450.0,102600
2025-07-14,1459.0,1462.0,1443.0,1451.0,154900
2025-07-15,1459.0,1463.0,1444.0,1461.0,196200
2025-07-16,1442.0,1470.0,1439.0,1464.0,115600
2025-07-17,1419.0,1448.0,1414.0,1442.0,137100
2025-07-18,1427.0,1434.0,1406.0,1420.0,150600
2025-07-22,1421.0,1436.0,1413.0,1432.0,99600
2025-07-23,1419.0,1433.0,1415.0,1424.0,110800
2025-07-24,1430.0,1432.0,1411.0,1415.0,103500
2025-07-25,1426.0,1437.0,1416.0,1427.0,80300
2025-07-28,1428.0,1444.0,1423.0,1436.0,74700
2025-07-29,1438.0,1441.0,1407.0,1411.0,142500
2025-07-30,1439.0,1451.0,1429.0,1445.0,103300
2025-07-31,1442.0,1448.0,1436.0,1440.0,112600
2025-08-01,1463.0,1466.0,1441.0,1444.0,202700
2025-08-04,1468.0,1471.0,1458.0,1458.0,156100
2025-08-05,1470.0,1475.0,1461.0,1470.0,118700
2025-08-06,1481.0,1482.0,1464.0,1472.0,212400
2025-08-07,1403.0,1490.0,1394.0,1484.0,712100
2025-08-08,1411.0,1423.0,1395.0,1406.0,372400
2025-08-12,1400.0,1422.0,1396.0,1420.0,310000
2025-08-13,1412.0,1413.0,1393.0,1398.0,216200
2025-08-14,1401.0,1416.0,1397.0,1413.0,176000
2025-08-15,1403.0,1404.0,1395.0,1404.0,151900
2025-08-18,1410.0,1416.0,1401.0,1402.0,122000
2025-08-19,1423.0,1425.0,1410.0,1410.0,104100
2025-08-20,1439.0,1446.0,1415.0,1416.0,269500
2025-08-21,1443.0,1452.0,1438.0,1445.0,120800
2025-08-22,1451.0,1453.0,1432.0,1445.0,149800
2025-08-25,1433.0,1455.0,1433.0,1454.0,116100
2025-08-26,1418.0,1440.0,1413.0,1440.0,112100
2025-08-27,1418.0,1428.0,1415.0,1425.0,110100
2025-08-28,1428.0,1433.0,1415.0,1417.0,103300
2025-08-29,1420.0,1431.0,1414.0,1429.0,112300
2025-09-01,1434.0,1436.0,1421.0,1422.0,94000
2025-09-02,1434.0,1449.0,1434.0,1445.0,91900
2025-09-03,1455.0,1458.0,1446.0,1449.0,154600
2025-09-04,1474.0,1478.0,1449.0,1451.0,105900
2025-09-05,1470.0,1480.0,1469.0,1480.0,99600
2025-09-08,1487.0,1496.0,1482.0,1486.0,107000
2025-09-09,1503.0,1512.0,1492.0,1495.0,150300
2025-09-10,1484.0,1500.0,1482.0,1500.0,164300
2025-09-11,1784.0,1784.0,1784.0,1784.0,109600
2025-09-12,2053.0,2059.0,1959.0,1964.0,7868800
2025-09-16,2295.0,2306.0,2032.0,2033.0,3725000
2025-09-17,2200.0,2303.0,2200.0,2279.0,2081900
2025-09-18,2115.0,2190.0,2099.0,2151.0,1551400
2025-09-19,2140.0,2152.0,2071.0,2071.0,2147700
2025-09-22,2250.0,2289.0,2113.0,2123.0,1523200
2025-09-24,2362.0,2381.0,2208.0,2229.0,1830600
2025-09-25,2257.0,2355.0,2251.0,2355.0,996700
2025-09-26,2234.0,2299.0,2234.0,2255.0,823700
2025-09-29,2222.0,2244.0,2180.0,2217.0,1132300
2025-09-30,2230.0,2261.0,2205.0,2223.0,672700
2025-10-01,2233.0,2256.0,2211.0,2230.0,434600
2025-10-02,2222.0,2241.0,2206.0,2233.0,435000
2025-10-03,2248.0,2263.0,2185.0,2186.0,349100
2025-10-06,2248.0,2269.0,2237.0,2251.0,329000
2025-10-07,2255.0,2267.0,2241.0,2248.0,231700
2025-10-08,2248.0,2280.0,2239.0,2253.0,307300
2025-10-09,2311.0,2312.0,2250.0,2256.0,368800
2025-10-10,2318.0,2355.0,2301.0,2301.0,310600
2025-10-14,2285.0,2315.0,2258.0,2274.0,723400
2025-10-15,2286.0,2300.0,2266.0,2285.0,552100
2025-10-16,2280.0,2300.0,2246.0,2291.0,443300
2025-10-17,2280.0,2290.0,2263.0,2265.0,297400
2025-10-20,2276.0,2310.0,2272.0,2280.0,615100
2025-10-21,2291.0,2299.0,2274.0,2283.0,364500
2025-10-22,2264.0,2301.0,2264.0,2285.0,499600
2025-10-23,2295.0,2304.0,2271.0,2271.0,330300
2025-10-24,2326.0,2350.0,2295.0,2300.0,357000
2025-10-27,2305.0,2328.0,2289.0,2326.0,883100
2025-10-28,2333.0,2343.0,2283.0,2302.0,950800
2025-10-29,2320.0,2353.0,2312.0,2330.0,1412500
2025-10-30,2434.0,2442.0,2317.0,2320.0,1066400
2025-10-31,2425.0,2490.0,2407.0,2412.0,610400
2025-11-04,2361.0,2427.0,2339.0,2420.0,427800
2025-11-05,2453.0,2525.0,2386.0,2386.0,643000
2025-11-06,2415.0,2521.0,2406.0,2430.0,517600
2025-11-07,2400.0,2438.0,2380.0,2383.0,387600
2025-11-10,2367.0,2419.0,2355.0,2400.0,246700
2025-11-11,2390.0,2397.0,2347.0,2353.0,212100
2025-11-12,2413.0,2450.0,2393.0,2393.0,158800
2025-11-13,2439.0,2453.0,2414.0,2415.0,169800
2025-11-14,2402.0,2436.0,2400.0,2421.0,104700
2025-11-17,2388.0,2407.0,2357.0,2394.0,223800
2025-11-18,2330.0,2379.0,2320.0,2370.0,224900
2025-11-19,2354.0,2367.0,2291.0,2298.0,380600
2025-11-20,2336.0,2364.0,2314.0,2360.0,131500
2025-11-21,2345.0,2355.0,2308.0,2335.0,209200
2025-11-25,2303.0,2338.0,2297.0,2334.0,104100
2025-11-26,2320.0,2328.0,2306.0,2311.0,78500
2025-11-27,2428.0,2428.0,2312.0,2312.0,105500
2025-11-28,2513.0,2514.0,2512.0,2513.0,2335600
2025-12-01,2513.0,2515.0,2512.0,2514.0,1472600
2025-12-02,2513.0,2514.0,2513.0,2513.0,366300
2025-12-03,2513.0,2514.0,2513.0,2513.0,396100
2025-12-04,2513.0,2514.0,2513.0,2513.0,329200
2025-12-05,2514.0,2518.0,2513.0,2513.0,317500
2025-12-08,2516.0,2518.0,2514.0,2515.0,265300
2025-12-09,2516.0,2517.0,2515.0,2516.0,285600
2025-12-10,2517.0,2520.0,2516.0,2516.0,194000
2025-12-11,2519.0,2520.0,2515.0,2517.0,263600
2025-12-12,2519.0,2520.0,2517.0,2517.0,168800
2025-12-15,2519.0,2520.0,2515.0,2517.0,365400
2025-12-16,2804.0,2811.0,2751.0,2769.0,925500
2025-12-17,2780.0,2801.0,2764.0,2775.0,495000
2025-12-18,2758.0,2782.0,2756.0,2780.0,407700
2025-12-19,2795.0,2796.0,2753.0,2755.0,796900
2025-12-22,2755.0,2794.0,2754.0,2794.0,258900
2025-12-23,2760.0,2774.0,2752.0,2757.0,173700
2025-12-24,2757.0,2775.0,2757.0,2766.0,125500
2025-12-25,2756.0,2764.0,2756.0,2758.0,104600
2025-12-26,2761.0,2765.0,2750.0,2760.0,161400
2025-12-29,2744.0,2761.0,2743.0,2760.0,290100
2025-12-30,2720.0,2744.0,2712.0,2741.0,353500
2026-01-05,2764.0,2771.0,2704.0,2704.0,289100
2026-01-06,2786.0,2789.0,2762.0,2763.0,99300
2026-01-07,2795.0,2802.0,2778.0,2786.0,126200
2026-01-08,2797.0,2801.0,2773.0,2773.0,179500
2026-01-09,2845.0,2848.0,2797.0,2800.0,273800
2026-01-13,2808.0,2817.0,2797.0,2815.0,165700
2026-01-14,3070.0,3150.0,3065.0,3080.0,1154500
2026-01-15,3100.0,3110.0,3070.0,3080.0,331500
2026-01-16,3165.0,3180.0,3110.0,3110.0,331900
2026-01-19,3170.0,3180.0,3150.0,3165.0,94000
2026-01-20,3190.0,3210.0,3150.0,3160.0,118600
2026-01-21,3155.0,3185.0,3140.0,3180.0,68800
2026-01-22,3140.0,3170.0,3130.0,3150.0,47300
2026-01-23,3150.0,3160.0,3120.0,3140.0,62000
2026-01-26,3135.0,3155.0,3125.0,3135.0,74700
2026-01-27,3140.0,3145.0,3125.0,3125.0,59000
2026-01-28,3150.0,3160.0,3135.0,3145.0,171300
2026-01-29,3170.0,3180.0,3155.0,3165.0,248400
2026-01-30,3165.0,3180.0,3165.0,3170.0,73800
2026-02-02,3175.0,3190.0,3170.0,3175.0,96800
2026-02-03,3190.0,3190.0,3165.0,3170.0,134300
2026-02-04,3185.0,3195.0,3170.0,3185.0,84300
2026-02-05,3165.0,3190.0,3160.0,3185.0,93400
2026-02-06,3130.0,3175.0,3130.0,3170.0,72800
2026-02-09,3160.0,3175.0,3140.0,3155.0,242400
2026-02-10,3120.0,3145.0,3110.0,3140.0,231200
2026-02-12,3110.0,3145.0,3110.0,3140.0,256400
2026-02-13,3105.0,3125.0,3105.0,3115.0,125000
2026-02-16,3110.0,3115.0,3095.0,3105.0,91000
2026-02-17,3105.0,3110.0,3100.0,3110.0,118100
2026-02-18,3105.0,3110.0,3095.0,3105.0,181500
2026-02-19,3100.0,3110.0,3100.0,3105.0,168400
2026-02-20,3095.0,3115.0,3095.0,3110.0,559000
2026-02-24,3080.0,3100.0,3075.0,3100.0,69300
2026-02-25,3105.0,3110.0,3075.0,3080.0,84400
2026-02-26,3105.0,3130.0,3090.0,3105.0,216200
2026-02-27,3225.0,3225.0,3075.0,3090.0,425500
2026-03-02,3110.0,3130.0,3090.0,3110.0,150300
2026-03-03,3085.0,3100.0,3085.0,3095.0,113800
2026-03-04,3085.0,3095.0,3080.0,3085.0,114900
2026-03-05,3080.0,3090.0,3080.0,3085.0,71100
2026-03-06,3080.0,3085.0,3080.0,3080.0,48100
2026-03-09,3080.0,3090.0,3080.0,3080.0,84400
2026-03-10,3080.0,3085.0,3080.0,3085.0,59900
2026-03-11,3080.0,3085.0,3070.0,3085.0,745300
2026-03-12,3080.0,3085.0,3080.0,3080.0,49600
2026-03-13,3080.0,3085.0,3080.0,3085.0,60700
2026-03-16,3085.0,3085.0,3080.0,3085.0,20400
2026-03-17,3080.0,3085.0,3080.0,3080.0,44800
2026-03-18,3085.0,3085.0,3080.0,3085.0,36800
2026-03-19,3080.0,3085.0,3080.0,3080.0,61700
2026-03-23,3085.0,3085.0,3080.0,3080.0,28600
2026-03-24,3085.0,3090.0,3080.0,3085.0,123300
2026-03-25,3085.0,3085.0,3080.0,3085.0,43700
2026-03-26,3085.0,3085.0,3080.0,3085.0,48400
2026-03-27,3085.0,3090.0,3080.0,3085.0,108400
2026-03-30,3080.0,3085.0,3080.0,3080.0,2387100
2026-03-31,3080.0,3085.0,3080.0,3080.0,91800
2026-04-01,3080.0,3085.0,3080.0,3080.0,56700
2026-04-02,3080.0,3085.0,3080.0,3080.0,31500
2026-04-03,3080.0,3085.0,3080.0,3080.0,15400
2026-04-06,3080.0,3085.0,3080.0,3080.0,35000
2026-04-07,3085.0,3100.0,3080.0,3080.0,209300
2026-04-08,3085.0,3090.0,3085.0,3090.0,31100
2026-04-09,3085.0,3090.0,3085.0,3090.0,14400
2026-04-10,3085.0,3095.0,3085.0,3090.0,68100
2026-04-13,3085.0,3095.0,3085.0,3085.0,77600
2026-04-14,3085.0,3090.0,3085.0,3085.0,92900
2026-04-15,3085.0,3090.0,3085.0,3090.0,53000
2026-04-16,3085.0,3090.0,3085.0,3085.0,17300
2026-04-17,3085.0,3090.0,3085.0,3090.0,12500
2026-04-20,3085.0,3090.0,3085.0,3085.0,19200
2026-04-21,3085.0,3090.0,3085.0,3085.0,12900
2026-04-22,3085.0,3090.0,3085.0,3085.0,32700
2026-04-23,3085.0,3090.0,3085.0,3085.0,17600
2026-04-24,3085.0,3090.0,3085.0,3085.0,33900
