Price,Close,High,Low,Open,Volume
Ticker,6240.T,6240.T,6240.T,6240.T,6240.T
Date,,,,,
2014-10-08,98.8744125366211,105.37187838410057,93.22444813808873,94.63693762125342,41178000
2014-10-09,95.76691436767578,106.36059958533903,95.76691436767578,101.84062507051193,9177000
2014-10-10,112.7168197631836,115.54179840405993,96.33191648943489,98.8744011457473,7062000
2014-10-14,110.88055419921875,118.6492600614418,103.39435519639927,112.9992909860302,9843000
2014-10-15,105.79560089111328,113.70555435375519,103.53561049271727,113.70555435375519,2268000
2014-10-16,102.26436614990234,105.08935085506019,100.28688267557658,101.84061876742226,1137000
2014-10-17,101.13438415527344,104.52436344018906,99.72188847597704,104.24186301115532,1626000
2014-10-20,100.28689575195312,103.25312781607975,99.015653438756,102.405632940615,549000
2014-10-21,103.25312805175781,104.24186992009926,99.0156536647619,100.42814297180294,627000
2014-10-22,101.69939422607422,106.64311693402172,100.99314627754647,104.24187908172608,759000
2014-10-23,101.69939422607422,103.67688460242789,99.72190384972055,100.71065227083406,303000
2014-10-24,103.11186981201172,103.25312326227461,101.69938057049019,103.11186981201172,177000
2014-10-27,101.69939422607422,101.98189469865999,101.69939422607422,101.69939422607422,198000
2014-10-28,102.82937622070312,103.11187019052095,101.69938094381436,101.69938094381436,231000
2014-10-29,109.04432678222656,109.46807414934436,104.52435271101288,104.52435271101288,1254000
2014-10-30,105.93683624267578,109.04432108304184,104.52434724806388,107.0668313178881,507000
2014-10-31,104.52438354492188,106.07812003877993,104.52438354492188,104.948131037042,561000
2014-11-04,106.78435516357422,106.78435516357422,104.66561795794775,104.80686494969856,438000
2014-11-05,100.28689575195312,106.78435430855862,97.46191067844636,106.78435430855862,1185000
2014-11-06,99.01565551757812,101.69938719093689,97.46191272464785,101.55814019735155,402000
2014-11-07,99.01565551757812,100.85189229767907,98.16816062432032,100.28689785746484,213000
2014-11-10,98.8744125366211,99.29816002815785,96.0494335702917,99.29816002815785,126000
2014-11-11,100.28689575195312,104.52437012927687,97.46191067844636,100.14564229546049,381000
2014-11-12,97.03816223144531,100.28689470889522,96.89691524229451,100.28689470889522,183000
2014-11-13,96.6144027709961,98.7331396738688,95.90815498141455,98.30939229329427,243000
2014-11-14,95.76691436767578,97.32065702155717,95.76691436767578,96.4731622041441,159000
2014-11-17,96.75566101074219,98.59190418432895,93.22443458333113,95.48441872096949,243000
2014-11-18,94.63691711425781,98.30939673373997,94.63691711425781,98.30939673373997,255000
2014-11-19,94.77818298339844,95.9081718868624,94.07193506932869,94.77818298339844,126000
2014-11-20,90.11693572998047,95.90814501902707,89.834435350318,94.63690300935276,519000
2014-11-21,89.83444213867188,93.08317411973202,89.83444213867188,90.11694253968155,219000
2014-11-25,90.11693572998047,92.80066670622472,90.11693572998047,91.10567735999231,174000
2014-11-26,90.39942932128906,92.09441866147492,90.11693540850555,90.11693540850555,93000
2014-11-27,91.24694061279297,92.09443543726434,90.82319320055728,91.95318845514323,87000
2014-11-28,96.75566101074219,102.97062547158848,91.5294448636342,91.5294448636342,585000
2014-12-01,96.6144027709961,98.87438664543636,96.049408418854,98.30939229329427,114000
2014-12-02,97.32064819335938,98.30938990202596,96.47315345282468,98.30938990202596,66000
2014-12-03,94.63691711425781,98.87439111140178,93.36567491511462,97.46190193431119,192000
2014-12-04,92.09443664550781,94.9194215860992,92.09443664550781,94.9194215860992,99000
2014-12-05,92.51820373535156,93.36569875114371,92.37695672134414,93.36569875114371,42000
2014-12-08,93.50691986083984,94.63690851346783,93.22441946474704,93.22441946474704,81000
2014-12-09,95.48440551757812,95.48440551757812,93.36566866093163,93.36566866093163,75000
2014-12-10,94.63691711425781,98.02689631197299,94.63691711425781,97.46190193431119,702000
2014-12-11,94.21318817138672,95.20193660833596,93.08319919469253,94.6369356541154,255000
2014-12-12,95.34317016601562,95.48441715171147,94.07192789713542,94.35442833439964,183000
2014-12-15,92.51820373535156,94.91944176872059,92.51820373535156,94.3544472468171,189000
2014-12-16,91.24694061279297,94.63691991067844,89.83445139396483,92.37693586737892,330000
2014-12-17,90.39942932128906,91.81192474869141,90.39942932128906,90.68192969994377,42000
2014-12-18,87.57444763183594,90.39942543340194,87.57444763183594,90.39942543340194,489000
2014-12-19,89.26944732666016,89.26944732666016,87.00945706237347,87.85695179501306,168000
2014-12-22,87.71571350097656,89.26945615306403,87.29196609275928,88.70445529819277,219000
2014-12-24,90.68196105957031,92.09445050956842,87.85697569370065,87.99822916481187,600000
2014-12-25,88.98694610595703,90.39943515869756,84.89071944737641,90.39943515869756,528000
2014-12-26,88.13947296142578,89.26946835981205,87.71572549526508,87.71572549526508,123000
2014-12-29,90.2582015991211,91.24694343630887,89.26945976193332,89.26945976193332,123000
2014-12-30,90.39942932128906,92.23567208373788,87.29195101957204,92.23567208373788,351000
2015-01-05,90.39942932128906,90.39942932128906,89.69318807345908,90.39942932128906,33000
2015-01-06,87.00946807861328,88.70445775849453,86.30322668924443,88.42196378909598,198000
2015-01-07,87.85697937011719,88.70447436875457,86.58573687216112,87.00948437147981,201000
2015-01-08,86.86820983886719,87.99820496767146,86.86820983886719,87.57445760260381,93000
2015-01-09,85.87947845458984,87.00946725320952,85.59697802199871,86.16197242130855,237000
2015-01-13,84.46697998046875,86.16196958854418,84.32573300175319,85.45572822909423,246000
2015-01-14,83.7607192993164,84.74946085398936,83.7607192993164,84.46696049585249,258000
2015-01-15,82.63074493408203,83.22398872161881,80.65325486583886,83.22398872161881,321000
2015-01-16,79.66451263427734,81.33125286867677,79.38201220723381,80.79450787657915,288000
2015-01-19,77.37627410888672,79.80575434385861,76.55702874385503,79.69275676685338,417000
2015-01-20,80.79450225830078,80.79450225830078,77.37627383884693,77.37627383884693,585000
2015-01-21,79.94701385498047,80.85100747144722,79.60801463233734,80.82275807504965,84000
2015-01-22,79.97525787353516,80.4555040458725,79.80575504067542,79.86225382967136,15000
2015-01-23,81.27474975585938,81.89624290326965,81.246500361244,81.89624290326965,75000
2015-01-26,82.31999206542969,82.31999206542969,80.51200490752828,81.21825271990257,105000
2015-01-27,83.98674011230469,84.46698634197882,82.34824917231487,82.34824917231487,300000
2015-01-28,83.4782485961914,85.03199141909343,83.4782485961914,84.69299216207642,150000
2015-01-29,83.44998931884766,84.15623714854421,82.40474227226186,82.77199088506917,102000
2015-01-30,80.6250228881836,83.87375588805364,80.11652717959818,83.5912553984512,393000
2015-02-02,80.28600311279297,81.02050031886408,79.2125131647248,80.25775371762654,483000
2015-02-03,79.91876220703125,79.91876220703125,79.41026015445641,79.66451118074383,69000
2015-02-04,79.38199615478516,80.088243846642,78.25200760685942,79.09950225073922,228000
2015-02-05,80.2294921875,80.48374317141362,78.5345028703988,79.3819975289494,54000
2015-02-06,79.38199615478516,81.61373679197406,79.09950225073922,80.22949079866497,123000
2015-02-09,79.8057632446289,79.8057632446289,79.38201581772668,79.4667640099326,66000
2015-02-10,78.87351989746094,79.15602033627464,78.53452066405902,79.15602033627464,69000
2015-02-12,79.07128143310547,79.66452531184434,78.87352916294363,79.09953083371812,135000
2015-02-13,79.66451263427734,79.94701306132087,78.95826479960469,79.66451263427734,207000
2015-02-16,80.2294921875,80.51199256230723,79.12775301090689,79.94699827856387,183000
2015-02-17,80.4837646484375,80.51201404686944,79.52327217000585,80.37076705470975,174000
2015-02-18,83.02623748779297,83.19573385426503,80.51200258989257,80.7945029998846,306000
2015-02-19,82.96974182128906,83.47823740571289,81.64200083634326,82.26349400266744,222000
2015-02-20,81.92449188232422,83.05448705882334,81.92449188232422,83.05448705882334,78000
2015-02-23,81.75501251220703,82.71550505568634,81.75501251220703,82.71550505568634,87000
2015-02-24,81.0770034790039,82.48949917694259,81.0770034790039,82.48949917694259,60000
2015-02-25,80.59674072265625,82.37647821216598,80.59674072265625,82.37647821216598,153000
2015-02-26,81.64201354980469,81.92450754854616,80.9357656212047,80.99226442095299,129000
2015-02-27,81.89625549316406,82.77199979261269,81.89625549316406,82.15050654966039,117000
2015-03-02,92.09443664550781,94.63692115227833,84.7212341622223,92.09443664550781,2562000
2015-03-03,91.95319366455078,91.95319366455078,88.84571462073245,90.68195135582427,600000
2015-03-04,90.39942932128906,91.24692399138199,88.98694035975791,90.39942932128906,384000
2015-03-05,90.39942932128906,90.39942932128906,89.12818731614966,90.11693540850555,156000
2015-03-06,95.9081802368164,95.9081802368164,89.97571534658294,90.39946283874248,783000
2015-03-09,97.46190643310547,100.00439094875169,94.07192707891049,96.47316461008943,759000
2015-03-10,94.35442352294922,97.46190231090472,93.22442829738712,97.46190231090472,315000
2015-03-11,95.76691436767578,96.04941479543757,92.9419294876748,94.07192473284965,177000
2015-03-12,95.76691436767578,96.61440918508883,94.63691912250093,96.33190875732704,84000
2015-03-13,96.04943084716797,96.04943084716797,93.50694597003005,95.62568336764498,213000
2015-03-16,98.16815185546875,98.87439322618344,94.77817258524678,96.04941481158001,351000
2015-03-17,95.68218231201172,96.61442547517646,93.05494922822984,93.05494922822984,509000
2015-03-18,96.95340728759766,97.29240650382953,93.4786798694335,96.36015704272381,152000
2015-03-19,94.15666961669922,96.95340500235123,90.59719409484401,96.95340500235123,289000
2015-03-20,92.3769302368164,94.15666796655316,90.25819330477934,94.15666796655316,221000
2015-03-23,92.12267303466797,93.13967057330055,91.35993296303296,91.52942931986928,203000
2015-03-24,91.27519226074219,93.90243145410858,90.5972002639642,92.63118918604324,105000
2015-03-25,91.44468688964844,92.20743347510111,91.19043587254023,91.52943507339386,91000
2015-03-26,89.07170867919922,91.10569764062967,88.98696048619642,90.68195020974302,148000
2015-03-27,88.55384826660156,93.0419615531707,88.2086077699555,88.55384826660156,92000
2015-03-30,86.65503692626953,88.03599235206403,85.18776643611953,88.03599235206403,333000
2015-03-31,87.08659362792969,87.51814264830107,85.01515701316391,85.96456354099787,134000
2015-04-01,86.30979919433594,87.1728971862793,85.5330096846039,87.08658870406798,141000
2015-04-02,87.43183135986328,87.51813984418911,85.4467032957929,86.56873334677447,149000
2015-04-03,86.82765197753906,87.9496819403606,86.30979452735787,87.9496819403606,94000
2015-04-06,86.22349548339844,86.82766147722495,85.8782549505338,86.56873601626307,100000
2015-04-07,86.65503692626953,87.34551134670934,86.22348794415157,86.30979642359219,69000
2015-04-08,88.89908599853516,88.89908599853516,86.6550327174968,86.6550327174968,164000
2015-04-09,88.89908599853516,89.84849239609972,88.20860502671663,88.98539447378383,94000
2015-04-10,87.77706909179688,89.24433972842759,86.74135406528211,89.0717161673981,117000
2015-04-13,89.67587280273438,89.67587280273438,87.43181958783127,87.43181958783127,145000
2015-04-14,90.0211181640625,90.62528409070129,89.50325412989814,89.76218614698031,56000
2015-04-15,88.29491424560547,90.19372691511595,88.20859919115253,89.84848645204654,76000
2015-04-16,88.89908599853516,89.67587544560236,87.69074759031002,88.38122856212856,169000
2015-04-17,88.89908599853516,90.53897336791823,88.46753703737723,88.46753703737723,99000
2015-04-20,88.46753692626953,88.46753692626953,86.13717517290924,87.51813052989736,153000
2015-04-21,86.74134826660156,88.46754425200656,86.74134826660156,88.46754425200656,176000
2015-04-22,88.03598022460938,89.15801005751607,86.82764192415155,88.03598022460938,163000
2015-04-23,87.77706909179688,89.33064821648456,87.60445211568293,87.60445211568293,148000
2015-04-24,87.77706909179688,89.33064821648456,87.00028611436858,89.33064821648456,86000
2015-04-27,87.51814270019531,88.20861718224967,83.54789302740744,88.03600020796495,380000
2015-04-28,86.39610290527344,88.46753928852426,85.44669648355027,87.08658389466196,197000
2015-04-30,85.96455383300781,87.0865837932286,85.53300486137131,86.39610280464431,78000
2015-05-01,84.92884063720703,85.79193859777841,83.72050217542412,85.10145759535536,198000
2015-05-07,88.1222915649414,88.72646402732329,85.44668947414789,85.44668947414789,139000
2015-05-08,89.15801239013672,89.24432085994592,86.91395266561251,88.89908039579495,226000
2015-05-11,86.91395568847656,89.3306324366711,86.2234813210741,89.24432396386008,233000
2015-05-12,88.20861053466797,88.20861053466797,85.44669964476283,86.91396357035337,261000
2015-05-13,87.77706909179688,88.72648221517021,87.60445211568293,88.38124167802677,59000
2015-05-14,87.77706909179688,89.58958026557102,87.77706909179688,88.38124167802677,223000
2015-05-15,91.74730682373047,93.38718751968013,88.20860026531899,88.20860026531899,320000
2015-05-18,88.89908599853516,92.26516921254999,88.03598807621928,90.62528184316692,679000
2015-05-19,89.9347915649414,90.19372354880784,89.24431724948738,89.76217463230637,139000
2015-05-20,90.88421630859375,91.31576528140775,90.02111836296575,90.02111836296575,207000
2015-05-21,89.76219177246094,90.79790673586943,89.76219177246094,90.62528977027306,191000
2015-05-22,90.53897857666016,90.79790401730226,89.33064009891885,89.76218908490397,91000
2015-05-25,91.57469177246094,92.78303022728764,91.05683431608229,91.48838329388363,228000
2015-05-26,91.14313507080078,91.57468401203081,90.62527765830758,91.4020670695045,187000
2015-05-27,90.0211181640625,90.62528409070129,89.58956919220202,90.62528409070129,149000
2015-05-28,90.71159362792969,91.74731512344465,90.5389766711346,90.71159362792969,152000
2015-05-29,93.04195404052734,93.21457098245507,90.62527734405354,91.48837522352072,318000
2015-06-01,97.44376373291016,98.9973361535171,93.21458229335812,93.38719925623165,471000
2015-06-02,98.7384033203125,98.82471179529054,95.28601164187441,97.0985159560715,1571000
2015-06-03,98.04793548583984,98.22055904383633,97.27114593714425,97.96162699929933,349000
2015-06-04,99.77411651611328,101.50031232637446,98.22054423782689,98.30685271135705,608000
2015-06-05,99.68779754638672,101.50030163933828,99.0836317103741,99.77410601082941,446000
2015-06-08,102.19078826904297,102.19078826904297,99.2562542186395,99.2562542186395,520000
2015-06-09,100.63721466064453,103.22650838219585,100.11935723331716,102.1907935275411,603000
2015-06-10,100.2056655883789,101.50031244762131,99.77411663529811,100.63721454145971,166000
2015-06-11,98.99734497070312,100.1193750840597,97.53008090085126,99.77413454264878,238000
2015-06-12,96.49434661865234,97.53006145142744,95.63124872970165,97.53006145142744,296000
2015-06-15,96.32173919677734,98.39317579362624,95.9764986664833,96.14912222408803,265000
2015-06-16,96.49434661865234,97.1848209788643,96.14910614608921,96.23541461800141,139000
2015-06-17,96.40804290771484,97.3574559652248,95.37232795305047,96.58066645676897,199000
2015-06-18,96.9259033203125,97.27113723559113,95.80387334091246,96.66697129893869,173000
2015-06-19,96.6669692993164,98.0479246866094,96.14911185219586,97.8753077325408,178000
2015-06-22,100.5509033203125,100.5509033203125,97.09851179000134,97.61636920256517,227000
2015-06-23,98.39317321777344,100.9824672498201,98.0479326965175,100.55091824447899,210000
2015-06-24,98.65210723876953,100.11937125246887,98.39317519639182,100.0330627666481,84000
2015-06-25,100.2056655883789,100.29197406201217,98.6520933082367,99.68780816166483,247000
2015-06-26,100.03305053710938,100.20566748764764,99.08364413931973,100.20566748764764,101000
2015-06-29,97.61638641357422,98.91103346570362,95.97649883056054,96.1491223884604,264000
2015-06-30,97.87529754638672,99.083635853856,97.09850816409119,97.44374862121298,67000
2015-07-01,98.82471466064453,100.11936157759621,98.04792519349058,99.34257211044226,222000
2015-07-02,99.25627899169922,100.89616665724088,98.91103844344059,99.25627899169922,237000
2015-07-03,99.16996765136719,99.94675721640031,98.9110356013843,99.94675721640031,61000
2015-07-06,94.16399383544922,99.16996504763817,93.21458731863142,99.16996504763817,531000
2015-07-07,96.6669692993164,96.83958625338501,95.3723223890577,95.3723223890577,191000
2015-07-08,94.9407958984375,98.73842905135825,94.07769775390625,98.73842905135825,317000
2015-07-09,93.12825012207031,93.47349054491059,88.89906975833203,92.35146081690803,371000
2015-07-10,91.91993713378906,93.64613313630154,91.40207965001836,92.95565210133049,66000
2015-07-13,94.16399383544922,94.7681664079081,92.95565527544684,93.04197034645196,69000
2015-07-14,94.9407958984375,95.9765110379085,94.85448740096763,95.9765110379085,52000
2015-07-15,95.71757507324219,96.14912409829296,95.19971756016439,95.97650053732332,32000
2015-07-16,95.28600311279297,96.32171788965141,92.35146913180878,96.32171788965141,78000
2015-07-17,95.71757507324219,96.49436463531667,95.45864302424552,96.14912409829296,76000
2015-07-21,97.3574447631836,97.53006170746116,96.06279792635888,96.66696381624469,81000
2015-07-22,96.5806655883789,97.35745508985035,95.89018456820095,97.35745508985035,55000
2015-07-23,97.87529754638672,97.96160601443866,96.83957617502134,97.18481663214313,57000
2015-07-24,97.09851837158203,98.39316528320312,96.32172890762642,98.39316528320312,146000
2015-07-27,95.89019775390625,97.09853641291686,95.45864870318218,96.75329585535441,144000
2015-07-28,94.50921630859375,95.63124616814089,94.25028431487853,94.59552477819412,176000
2015-07-29,94.68183898925781,95.28601148292537,94.25029003017292,94.59553051442374,55000
2015-07-30,95.0270767211914,95.37231719544285,94.50921930227142,94.50921930227142,71000
2015-07-31,94.8544692993164,95.71756727913746,94.16398828149356,95.71756727913746,62000
2015-08-03,94.68183898925781,95.71756044201025,94.4229135647556,95.71756044201025,50000
2015-08-04,94.16399383544922,95.02709186617729,94.07768534935948,94.94078338008755,99000
2015-08-05,98.47948455810547,100.11937214294717,95.45864143310276,97.09852901794446,1177000
2015-08-06,97.96159362792969,99.42885715403033,96.8395639303846,99.42885715403033,426000
2015-08-07,98.47948455810547,98.82472508937458,97.18483750453288,97.18483750453288,172000
2015-08-10,97.96159362792969,99.51517219608239,97.96159362792969,98.47945095567619,177000
2015-08-11,98.39317321777344,98.82472222311455,97.53007520709122,98.0479326965175,100000
2015-08-12,98.39317321777344,98.39317321777344,96.83959416457934,97.27114316992045,184000
2015-08-13,97.09851837158203,98.47947376032825,96.66696940104165,97.96161631266276,193000
2015-08-14,97.53007507324219,97.87531559402431,96.06281109106216,97.87531559402431,64000
2015-08-17,98.39317321777344,98.82472222311455,97.53007520709122,97.53007520709122,209000
2015-08-18,97.27114868164062,98.82472782286591,96.14912515512515,98.82472782286591,168000
2015-08-19,98.65210723876953,99.16996473860956,97.35746019671174,97.35746019671174,128000
2015-08-20,102.277099609375,103.91698691165585,98.30685064616272,98.65209111794515,718000
2015-08-21,97.61638641357422,100.46461256222508,97.35746095409759,99.68782301396435,306000
2015-08-24,92.26518249511719,97.09853023891567,90.71160337732833,95.89019165673717,440000
2015-08-25,88.72647094726562,94.85446500989775,84.58359819750365,86.3961025561815,544000
2015-08-26,92.35147094726562,93.8187346741444,89.84848583825412,90.62527522862516,150000
2015-08-27,96.49434661865234,97.53006145142744,93.55981247923715,95.80386567352606,138000
2015-08-28,99.08365631103516,99.94675433958105,96.14912169699603,99.77413078292264,294000
2015-08-31,101.67292785644531,103.22650001246184,99.94673218203988,102.53602569364803,523500
2015-09-01,99.77411651611328,102.88126765760052,99.08364214295747,102.88126765760052,311500
2015-09-02,100.464599609375,101.15507399720558,97.35744840185095,97.35744840185095,164000
2015-09-03,99.25627899169922,101.50033267800666,98.56579789518197,101.50033267800666,113000
2015-09-04,93.3871841430664,99.60149257455666,93.3871841430664,98.56577121018462,210000
2015-09-07,93.73243713378906,94.07767763475277,88.5538493740779,92.35148171484906,226000
2015-09-08,89.9347915649414,94.42290424750506,89.9347915649414,93.73242334713714,92500
2015-09-09,93.90506744384766,95.28602296230403,93.2145863921618,94.9407824364611,127500
2015-09-10,95.45863342285156,95.63125696645841,93.21458003528146,93.21458003528146,75500
2015-09-11,95.80387115478516,96.32172860080105,93.38719429349136,95.45863066246966,93000
2015-09-14,95.97648620605469,97.35744814794347,95.45862877030368,97.35744814794347,83500
2015-09-15,96.49434661865234,97.35744450760302,94.94076778457539,97.1848209788643,54500
2015-09-16,97.1848373413086,98.04793537557406,96.1491223341562,97.1848373413086,82500
2015-09-17,96.14911651611328,98.22055298998959,95.45863549651618,98.22055298998959,71500
2015-09-18,98.5657730102539,99.42887087053604,95.80386249131672,96.32171989050319,147500
2015-09-24,98.39317321777344,98.56579018594378,96.666977196409,97.70269217526156,127000
2015-09-25,97.53007507324219,98.3931730827399,96.66697706374447,98.22055611480646,110000
2015-09-28,101.53575134277344,103.10320129707236,97.70421217737096,98.4008580778833,243500
2015-09-29,99.62001037597656,100.6649728483589,97.0075975513113,99.9683334146738,186000
2015-09-30,99.7941665649414,101.18745204797872,98.40088108190407,100.14248959662804,175000
2015-10-01,96.65927124023438,99.44584216805477,96.1367900217317,99.44584216805477,187000
2015-10-02,92.47940063476562,93.00188845420848,87.77706340944866,92.13108428008185,948500
2015-10-05,93.52436828613281,93.52436828613281,91.43443696951645,92.65356412451837,167500
2015-10-06,90.91195678710938,93.52436930028085,90.56363378994479,93.52436930028085,167500
2015-10-07,92.13108825683594,92.47940462655447,89.34451079312547,91.4344422299811,306500
2015-10-08,91.78276062011719,92.13108361599885,91.43443762423554,92.13108361599885,83000
2015-10-09,90.7377700805664,91.60857404158415,90.04113089797639,91.43441590686339,177000
2015-10-13,90.38947296142578,90.91195411999014,90.21530814609875,90.21530814609875,76000
2015-10-14,89.34451293945312,90.56364019388181,89.34451293945312,90.38948200483874,101500
2015-10-15,88.29955291748047,88.647875948742,87.95122988621894,88.647875948742,167500
2015-10-16,83.77136993408203,85.68714335587367,81.85560315599987,81.85560315599987,1021000
2015-10-19,83.07472229003906,84.46800768601507,82.72639928011785,84.46800768601507,243000
2015-10-20,80.11399841308594,84.46802006597105,78.54654796056339,84.46802006597105,553000
2015-10-21,80.11399841308594,80.46232147405871,79.76567535211318,80.46232147405871,193500
2015-10-22,79.93981170654297,81.3330968100291,79.41732397949167,80.11396985308845,318000
2015-10-23,80.98477935791016,81.15893751625046,80.46229823918134,81.15893751625046,162500
2015-10-26,81.15894317626953,81.85558914563057,80.98478500578344,81.85558914563057,145000
2015-10-27,80.81062316894531,81.85558543186893,80.46230020006809,81.15893949411449,148000
2015-10-28,81.33312225341797,82.0297617012366,80.81064100662661,81.68144529918203,113000
2015-10-29,80.98477935791016,81.68142527868716,80.63645639752166,81.68142527868716,104500
2015-10-30,81.15894317626953,81.15894317626953,80.11398086593631,80.98478500578344,113000
2015-11-02,80.11399841308594,80.6364796826902,79.5915171434817,80.28815662171743,156500
2015-11-04,80.11399841308594,80.6364796826902,79.76567535211318,80.6364796826902,134000
2015-11-05,78.37237548828125,80.11398383246528,77.50157131618924,79.41733783730822,449500
2015-11-06,77.67573547363281,78.3723815224269,77.50157728328884,78.3723815224269,128000
2015-11-09,78.19821166992188,78.54652799866335,77.32740756065195,77.5015657250227,209000
2015-11-10,78.54654693603516,78.54654693603516,77.8499074668861,78.19823052331549,116500
2015-11-11,78.19821166992188,78.89485097111294,77.84988869747228,78.54652799866335,152000
2015-11-12,78.37237548828125,78.72069848585977,78.19821731134628,78.19821731134628,43000
2015-11-13,79.06902313232422,79.06902313232422,78.19821894207267,78.37237712263949,135000
2015-11-16,78.89485168457031,79.76565580171504,78.37237054302511,78.72069351862464,111500
2015-11-17,79.76566314697266,79.76566314697266,79.06902377533142,79.06902377533142,82000
2015-11-18,79.41735076904297,80.11399687763672,79.24319256374936,80.11399687763672,119500
2015-11-19,81.50726318359375,81.85558615555048,79.93981977535063,79.93981977535063,160500
2015-11-20,83.24888610839844,83.24888610839844,81.68144242321341,81.85560061810865,93000
2015-11-24,86.20960235595703,87.60288752993802,84.81631718197605,85.51295644711266,340500
2015-11-25,85.51296997070312,86.73209718212779,85.33881178780338,86.20961598971974,137000
2015-11-26,85.33880615234375,86.3837684681544,83.42303969212142,86.3837684681544,153000
2015-11-27,85.33880615234375,85.51296432374272,84.46800200793207,85.51296432374272,75000
2015-11-30,86.73209381103516,88.6478669670144,84.81632729876448,86.55793563490457,316500
2015-12-01,86.03543853759766,87.25455883226904,86.03543853759766,86.20959668149148,136000
2015-12-02,86.73209381103516,87.25457498313547,86.20961263893484,86.9062586308743,171500
2015-12-03,87.25457000732422,87.95121595953648,86.38376588891296,86.73208886501911,195000
2015-12-04,86.55793762207031,87.25457698629441,86.55793762207031,86.73209580219915,95500
2015-12-07,86.90625762939453,87.95121996155335,86.90625762939453,87.42873879547395,79000
2015-12-08,86.90625762939453,87.08041580351818,86.209611645483,87.08041580351818,99000
2015-12-09,86.90625762939453,86.90625762939453,86.38376981960664,86.90625762939453,58500
2015-12-10,84.11969757080078,86.3837875167877,84.11969757080078,86.3837875167877,171000
2015-12-11,80.11399841308594,84.29386185733956,80.11399841308594,84.11969700499829,552500
2015-12-14,78.37237548828125,79.41733783730822,77.67572949312421,78.89485666279474,519500
2015-12-15,78.02404022216797,79.24316720014244,78.02404022216797,79.24316720014244,161000
2015-12-16,77.84989929199219,78.8948617078408,77.1532532522871,78.02405748006396,240500
2015-12-17,78.02404022216797,78.7206861077841,77.50155912980964,78.37236316497604,248500
2015-12-18,77.15324401855469,78.72069409844354,76.80492104038959,78.19821295305,327000
2015-12-21,77.3274154663086,77.84989665654538,76.63076945018702,77.5015736484846,309000
2015-12-22,75.06331634521484,76.8049246747438,74.71499999427589,76.8049246747438,406500
2015-12-24,70.88346099853516,75.23748186277308,70.88346099853516,75.06331704197841,484500
2015-12-25,70.88346099853516,70.88346099853516,70.88346099853516,70.88346099853516,0
2015-12-28,74.54083251953125,74.88915550176952,71.2317807975385,71.40593896680349,163500
2015-12-29,77.3274154663086,83.77136121874365,75.75996525188944,75.75996525188944,898500
2015-12-30,78.54654693603516,79.24319304889393,77.8499074668861,78.02406567324593,130000
2016-01-04,78.02404022216797,78.5465213145263,77.6757172793599,78.5465213145263,101500
2016-01-05,78.37237548828125,78.72069848585977,77.84989431376776,78.37237548828125,54000
2016-01-06,78.37237548828125,79.59150265795179,78.02405249070273,78.37237548828125,70000
2016-01-07,77.67573547363281,78.5465397127709,77.50157728328884,78.19822333208293,65500
2016-01-08,76.63077545166016,77.6757379139718,76.45661725584466,77.5015797181563,94000
2016-01-12,71.92842102050781,76.63076473043529,71.58009803390053,76.63076473043529,216000
2016-01-13,73.32170104980469,76.10827809853919,72.27673880884669,74.01834697291528,118000
2016-01-14,73.14754486083984,73.49586783177594,72.62506372628974,73.32170302445385,68500
2016-01-15,72.4509048461914,74.71500102064815,71.92842366889701,74.36667802121568,76000
2016-01-18,72.27676391601562,72.45092213543761,70.70931336637699,71.40595953148532,110000
2016-01-19,71.58009338378906,73.14754339984025,71.58009338378906,73.14754339984025,40500
2016-01-20,69.83849334716797,72.27674773548716,69.66433516673462,71.58010172633632,208000
2016-01-21,63.568702697753906,69.66433172356592,62.523740379383774,69.31600873620641,228000
2016-01-22,66.35527038574219,67.57439746593414,63.91702286906637,63.91702286906637,123500
2016-01-25,69.31600952148438,70.01265550409566,68.4452053650745,69.49017433899142,111500
2016-01-26,68.09688568115234,69.66433589630267,68.09688568115234,69.3160128880794,72000
2016-01-27,70.88346099853516,70.88346099853516,69.66433382780681,70.18681500277366,32500
2016-01-28,70.53514862060547,71.23179472125578,70.53514862060547,71.0576298742384,50000
2016-01-29,71.40592956542969,73.32169574994604,69.66432152724848,71.40592956542969,82000
2016-02-01,73.4958724975586,73.84419549060748,72.62506833679062,72.79922651146082,69500
2016-02-02,73.14754486083984,74.01834896632603,72.97338669722583,74.01834896632603,52500
2016-02-03,72.97339630126953,73.14755448780454,72.27675026771162,72.97339630126953,35500
2016-02-04,72.79922485351562,73.14754783863174,71.58009772746342,72.97338966792785,25000
2016-02-05,71.40592956542969,72.10257543818514,70.53512554633907,71.40592956542969,65000
2016-02-08,73.84420013427734,74.01835831989942,71.40594567331473,71.40594567331473,30500
2016-02-09,69.66433715820312,72.97339583070134,69.66433715820312,72.97339583070134,103500
2016-02-10,68.61936950683594,69.8384899988374,67.7485653590015,69.66433182675388,59500
2016-02-12,63.568702697753906,66.00695696556207,62.697898551209335,66.00695696556207,130000
2016-02-15,66.87777709960938,67.40025838369648,64.96200353301,65.48448481709711,56500
2016-02-16,68.09688568115234,69.49017771404543,66.70360029196804,66.87776511793408,46500
2016-02-17,69.49018096923828,71.9284288536007,67.92273068066243,68.09688887107792,91500
2016-02-18,70.70930480957031,71.23179269202839,69.66434233207298,69.66434233207298,28500
2016-02-19,70.70930480957031,71.05762784997256,70.36098841287748,70.36098841287748,18000
2016-02-22,71.2317886352539,71.40594682368172,69.66433836456753,70.88346561468926,53000
2016-02-23,71.40592956542969,72.10257543818514,71.40592956542969,72.10257543818514,35500
2016-02-24,70.18682861328125,71.5801142312792,69.8385055478543,70.01267040242271,40000
2016-02-25,70.70930480957031,72.45091336787215,70.36098841287748,72.45091336787215,49000
2016-02-26,70.18682861328125,71.40595602042066,70.01267040242271,70.5351516787082,52500
2016-02-29,70.18682861328125,71.05763295499371,70.18682861328125,70.5351516787082,40500
2016-03-01,69.83849334716797,71.05762054132757,69.83849334716797,70.70929753675215,68500
2016-03-02,70.01264953613281,70.36097249774699,69.31600361290447,70.01264953613281,52000
2016-03-03,71.05760955810547,71.05760955810547,69.83848255238371,70.0126473496055,40000
2016-03-04,70.88346099853516,71.23178399641591,70.70929617774048,70.88346099853516,40000
2016-03-07,71.05760955810547,72.10257841031313,71.05760955810547,71.40593250884136,65500
2016-03-08,71.40592956542969,72.10257543818514,70.70928369267423,72.10257543818514,51000
2016-03-09,71.05760955810547,71.58009066235546,70.88345140459137,71.40593250884136,33500
2016-03-10,71.40592956542969,71.92841064814256,70.8834484827168,70.8834484827168,30000
2016-03-11,71.58009338378906,71.7542581876325,70.70928929569573,71.40593522365357,39500
2016-03-14,73.4958724975586,73.4958724975586,72.27674534374172,72.62506833679062,96000
2016-03-15,72.4509048461914,72.62506966776195,71.7542654910351,72.27674666832948,137500
2016-03-16,72.62506103515625,72.97338399318518,71.92841511909839,72.7992191923168,61000
2016-03-17,72.27676391601562,72.97341008112396,72.27676391601562,72.62508699856978,54500
2016-03-18,72.27676391601562,72.97341008112396,72.10260569659364,72.27676391601562,69500
2016-03-22,73.14754486083984,73.67002599538993,72.62506372628974,72.62506372628974,115500
2016-03-23,73.32170104980469,73.49586585243628,73.14754289088098,73.32170104980469,49500
2016-03-24,73.67002868652344,74.01835167018362,73.32170570286327,73.67002868652344,80000
2016-03-25,87.60289001464844,87.60289001464844,87.60289001464844,87.60289001464844,485500
2016-03-28,83.77136993408203,89.51868355574747,82.20392620029921,88.47371442284945,2047000
2016-03-29,86.05923461914062,86.05923461914062,80.25155101968697,82.71541719603066,700500
2016-03-30,86.23521423339844,86.23521423339844,81.65947085743228,84.65129944983613,453500
2016-03-31,89.40306091308594,91.5149456161581,85.35528581507053,87.4671705181427,889000
2016-04-01,84.65132904052734,91.33896560796772,80.95553553830773,91.33896560796772,370500
2016-04-04,85.35527038574219,86.41120918965227,82.01145298420164,84.65130670747202,197500
2016-04-05,82.89141082763672,87.11517980669285,82.89141082763672,87.11517980669285,106000
2016-04-06,80.95552062988281,82.89141082911216,80.95552062988281,81.6594843642366,140500
2016-04-07,83.24337005615234,83.5953518275989,77.25970679553635,80.95549861199052,362500
2016-04-08,79.19563293457031,81.13152349868324,79.19563293457031,81.13152349868324,230000
2016-04-11,77.96369171142578,79.37161259092291,77.78770411904976,79.19562499854689,116500
2016-04-12,79.72357940673828,80.07556123839727,78.13967123451536,79.1956100159973,94000
2016-04-13,79.19563293457031,80.60355395515217,79.19563293457031,80.60355395515217,128000
2016-04-14,80.25154876708984,80.60353059861555,78.66764059546671,79.19560998600775,142000
2016-04-15,79.54757690429688,80.60351548741616,78.49163160768381,80.4275279613942,151500
2016-04-18,79.19563293457031,79.72360247810138,77.96369952399982,79.37162054458167,134000
2016-04-19,79.89957427978516,80.42754367449398,79.01962305077208,79.19561061117666,77500
2016-04-20,78.49166107177734,79.72359435685381,77.96369158202924,79.72359435685381,181000
2016-04-21,79.89957427978516,79.89957427978516,78.66764121646783,79.19561061117666,130500
2016-04-22,79.72357940673828,79.72357940673828,78.49164635267931,79.1956100159973,117000
2016-04-25,80.25154876708984,81.835463652208,79.54759181753346,81.30749426166696,150500
2016-04-26,78.66765594482422,81.483497719457,77.61171024421466,81.13151581925382,238500
2016-04-27,85.88323974609375,85.88323974609375,76.90773977672045,77.61169674115443,1569500
2016-04-28,79.01963806152344,85.17929783471803,79.01963806152344,84.12335213121541,370000
2016-05-02,79.3716049194336,79.54759920829558,77.259727161055,77.259727161055,168500
2016-05-06,79.89957427978516,80.07556184018974,77.96367754785933,78.49164694256817,91500
2016-05-09,79.01963806152344,80.07557705152968,78.49166185302394,80.07557705152968,32500
2016-05-10,79.54757690429688,79.54757690429688,79.01960761273725,79.01960761273725,26000
2016-05-11,80.95552062988281,80.95552062988281,79.54759987467095,80.42755118586533,64500
2016-05-12,81.83546447753906,82.53942814769013,79.72358018058097,79.72358018058097,68000
2016-05-13,80.77951049804688,82.01143661894797,79.72356519135384,81.83544909124606,66500
2016-05-16,75.49981689453125,79.5475911388021,75.14783506600878,79.5475911388021,161500
2016-05-17,75.85179138183594,77.25971868427428,75.1478344441117,75.32382200016903,82000
2016-05-18,75.14783477783203,77.25971902737317,74.9718405074982,77.25971902737317,45500
2016-05-19,75.67579650878906,77.08371696160256,75.49980896974773,77.08371696160256,29000
2016-05-20,76.0278091430664,76.37979107743418,75.67582720869864,76.0278091430664,13500
2016-05-23,76.20378875732422,76.55577065475799,75.85180685989044,76.55577065475799,46000
2016-05-24,76.73173522949219,76.73173522949219,76.02777835928701,76.20376589846474,45500
2016-05-25,76.37977600097656,78.8436356282204,74.79586096571607,77.4357148821531,160500
2016-05-26,75.67579650878906,76.20376583940734,74.97183292563517,76.20376583940734,38500
2016-05-27,73.91590118408203,76.02778541775479,73.73991362856552,76.02778541775479,109000
2016-05-30,73.56391906738281,75.14783391472032,73.38793151256526,73.9159008905128,105000
2016-05-31,73.38793182373047,74.6198648531614,73.03594999910808,73.9159012039166,60500
2016-06-01,73.91590118408203,74.4438705641265,72.68396815498168,73.38793180403758,141500
2016-06-02,72.50798797607422,73.38793927016857,72.15600611573736,73.21194498325235,97000
2016-06-03,73.38793182373047,73.73991364835287,72.50798061892195,72.50798061892195,26500
2016-06-06,75.14783477783203,75.14783477783203,73.56391991230244,73.91590173947512,34000
2016-06-07,74.97186279296875,75.14785711561709,74.2679056428663,75.14785711561709,13500
2016-06-08,75.3238296508789,75.6758115122396,74.79586021558566,75.14784207694636,19000
2016-06-09,81.48348236083984,82.8914029827808,74.97184193168091,75.49981803921698,349000
2016-06-10,81.3074951171875,81.3074951171875,78.31565958798133,80.77952572109115,221000
2016-06-13,78.66765594482422,80.60354632569721,78.31567404462103,80.60354632569721,56500
2016-06-14,77.43572235107422,78.13968614875525,75.67581957036798,77.96369184258683,62500
2016-06-15,76.0278091430664,77.96369971184362,75.67582720869864,76.37979107743418,32000
2016-06-16,74.61986541748047,77.43570660876485,74.44387114709085,77.43570660876485,56000
2016-06-17,74.26788330078125,75.6758038909369,73.9159014748686,74.26788330078125,38000
2016-06-20,78.49166107177734,78.66765537735759,74.61988033796034,75.14784982770844,39500
2016-06-21,77.61168670654297,78.49163783343572,77.43569916656215,78.49163783343572,25000
2016-06-22,78.49166107177734,78.49166107177734,77.43572209228113,77.96369158202924,34000
2016-06-23,78.31566619873047,78.84363563939357,77.43571489312676,78.139678623008,28000
2016-06-24,74.97186279296875,79.37162015672271,73.91592371106658,79.19563254757134,96000
2016-06-27,75.49981689453125,76.20377383808119,75.32382262352253,75.67580445204499,34500
2016-06-28,74.61986541748047,75.14783480165941,72.859962994554,74.79585297437514,50500
2016-06-29,75.85179138183594,75.85179138183594,74.79585261850211,74.79585261850211,17500
2016-06-30,77.25972747802734,79.54759953465435,76.20378188101017,76.55576374668256,46000
2016-07-01,79.3716049194336,79.8995810725239,77.43571473642132,77.43571473642132,64500
2016-07-04,79.3716049194336,79.54759920829558,78.49165361561062,79.54759920829558,40000
2016-07-05,79.54757690429688,79.72356443031883,79.19559513875919,79.37158266478114,33500
2016-07-06,80.42755126953125,80.95552071409796,78.49165435479233,80.95552071409796,76000
2016-07-07,79.54757690429688,80.07554619585652,79.01960761273725,79.19559513875919,17000
2016-07-08,77.43572235107422,79.19562513178045,77.43572235107422,79.19562513178045,41000
2016-07-11,77.43572235107422,77.43572235107422,77.43572235107422,77.43572235107422,0
2016-07-12,78.49166107177734,78.49166107177734,77.7877039899453,78.13968588760947,71000
2016-07-13,79.19563293457031,79.19563293457031,77.96369952399982,79.19563293457031,24500
2016-07-14,79.54757690429688,79.72356443031883,79.01960761273725,79.72356443031883,31500
2016-07-15,79.72357940673828,79.8995736793153,78.8436281843383,79.5475918476563,31500
2016-07-19,79.89957427978516,80.77952550879823,79.37159817158124,79.72358000588548,39000
2016-07-20,80.77951049804688,80.77951049804688,79.72356519135384,79.72356519135384,23500
2016-07-21,80.07557678222656,80.42755868221035,79.371612982259,80.42755868221035,85500
2016-07-22,79.19563293457031,79.89959680160973,79.19563293457031,79.37162054458167,27500
2016-07-25,78.66765594482422,80.4275587323438,77.96369214441785,80.4275587323438,69500
2016-07-26,78.49166107177734,79.01963727502176,78.31567347969342,78.66765537735759,22500
2016-07-27,78.31566619873047,79.5475993692748,76.73175116324552,79.5475993692748,101500
2016-07-28,77.08372497558594,77.96367618926499,76.5557555900775,77.61169436109437,46500
2016-07-29,77.25972747802734,77.78769691978809,76.37977617059421,77.0837331884433,40500
2016-08-01,76.37977600097656,77.61170245785064,75.49982469549755,77.61170245785064,43000
2016-08-02,76.20378875732422,77.43572204159429,75.6758192679217,76.37978306278926,19000
2016-08-03,76.0278091430664,76.90776062223732,75.67582720869864,76.55577868786956,35000
2016-08-04,76.37977600097656,77.4357148821531,76.20378171178335,76.5557635766741,57000
2016-08-05,78.66765594482422,79.19562543838083,77.78770455106444,79.19562543838083,84500
2016-08-08,79.54757690429688,79.54757690429688,78.49163160768381,79.19559513875919,51500
2016-08-09,79.54757690429688,79.54757690429688,79.01960761273725,79.54757690429688,18500
2016-08-10,79.54757690429688,80.25153372187847,79.37158266478114,80.25153372187847,35000
2016-08-12,79.72357940673828,80.07556123839727,79.5475918476563,80.07556123839727,21000
2016-08-15,80.77951049804688,80.95549802574878,79.72356519135384,79.72356519135384,62500
2016-08-16,80.95552062988281,81.1315082067234,79.72358745151153,80.77953305304223,95500
2016-08-17,81.13150787353516,81.13150787353516,80.25155656595453,80.42755085556807,85500
2016-08-18,81.3074951171875,81.3074951171875,79.89957448976551,80.0755620506326,63000
2016-08-19,80.60353088378906,81.30749454933108,80.07556149138007,81.30749454933108,42000
2016-08-22,80.60353088378906,80.95551271656008,80.42754332415109,80.95551271656008,47500
2016-08-23,78.49166107177734,80.95552764193027,78.31567347969342,80.95552764193027,86500
2016-08-24,79.72357940673828,79.8995736793153,78.66764062525633,78.66764062525633,30000
2016-08-25,80.60353088378906,81.48348210896906,80.07556149138007,81.48348210896906,51500
2016-08-26,79.89957427978516,80.60353123489855,79.01962305077208,80.60353123489855,36500
2016-08-29,79.3716049194336,81.30750181594152,78.3156660402443,81.13150752707953,113500
2016-08-30,79.3716049194336,80.60353808748488,79.3716049194336,80.60353808748488,18000
2016-08-31,79.89957427978516,80.42754367449398,79.5475924454809,79.5475924454809,17500
2016-09-01,83.7713623046875,84.65131361760858,81.83547210165945,82.01145967884537,302500
2016-09-02,85.88323974609375,86.05923402232364,83.06739846136747,83.24338602410216,160000
2016-09-05,85.00328826904297,86.4112089074908,84.65130643105722,86.4112089074908,102500
2016-09-06,85.00328826904297,85.53125766927401,84.82730070679767,85.35527010702872,91000
2016-09-07,85.35527038574219,85.35527038574219,84.12333730551698,84.82730098378715,83500
2016-09-08,85.70726013183594,86.23522958249902,85.35527826022862,85.8832477108917,90500
2016-09-09,87.9951171875,88.17110473647715,86.41120239272715,87.81912963852287,443500
2016-09-12,88.17112731933594,88.52310922093635,86.41122452483026,87.11518832803108,139000
2016-09-13,89.57904052734375,90.45899178315854,88.34710742650398,88.69908927152896,348000
2016-09-14,89.57904052734375,90.45899178315854,89.05106440305863,90.10700993813356,229500
2016-09-15,90.45899200439453,90.63497957058978,88.875077054656,89.05106462085125,168500
2016-09-16,89.75502014160156,91.16294068347676,89.22705077758519,90.98695313330288,104000
2016-09-20,89.05105590820312,90.10700134254816,88.69908081024944,89.7550195310998,115000
2016-09-21,88.17112731933594,88.69910352848474,87.46717022963149,88.69910352848474,149000
2016-09-23,88.87508392333984,89.7550352493135,87.81914501756978,88.34711447045481,201000
2016-09-26,88.34711456298828,89.22706588988359,87.99513268953099,88.8750840164263,164500
2016-09-27,90.45899200439453,90.63497957058978,87.99512579668911,88.69908948846076,272000
2016-09-28,90.6366958618164,90.81441216153326,88.85950574687882,89.39266142547164,172000
2016-09-29,91.52529907226562,91.52529907226562,89.92582511456538,90.28126452510354,164500
2016-09-30,94.01335906982422,94.90195412046738,90.63669516560329,90.81441146395503,348000
2016-10-03,97.39002227783203,97.74546167617939,94.54652064993842,95.25739266719049,447000
2016-10-04,99.87808990478516,100.05580621177842,97.21230462323098,97.7454603236533,428000
2016-10-05,101.29983520507812,102.01071395338187,99.52264511376097,100.05580078526768,367500
2016-10-06,99.34494018554688,101.65528621276921,98.8117776735823,101.12213048024759,229500
2016-10-07,100.94440460205078,100.94440460205078,98.1009029206465,98.81177495127619,217500
2016-10-11,102.18844604492188,102.18844604492188,99.5226604959239,100.94441143283417,233500
2016-10-12,101.4775619506836,102.89931959367692,100.41125049788147,100.41125049788147,182000
2016-10-13,108.94176483154297,113.74018003255499,100.7666921034803,100.7666921034803,1831000
2016-10-14,108.7640609741211,110.00809569165631,106.63143099826699,107.16458679736957,469500
2016-10-17,106.45370483398438,111.96299221534304,104.49879137843152,109.47492300989147,1018500
2016-10-18,110.00807189941406,111.78526203168607,105.74281287018432,107.52000300245632,940000
2016-10-19,114.8064956665039,117.82772744336955,110.185803397112,110.185803397112,1153500
2016-10-20,113.38475799560547,118.71633653138939,109.83037682471223,115.87282074756429,884500
2016-10-21,113.02930450439453,114.62877854470256,109.65264687849557,111.96299299715133,461500
2016-10-24,116.40596771240234,118.18315805915658,113.38474276703151,113.38474276703151,461500
2016-10-25,113.02930450439453,118.00544295004472,111.96299299715133,116.93913144280152,472500
2016-10-26,114.09561920166016,116.93913471232638,110.18580571282435,111.96299612754731,365000
2016-10-27,113.20704650878906,115.51739301316346,112.67389066615564,115.51739301316346,199000
2016-10-28,114.98422241210938,115.3396686551257,112.3184433839258,113.02931553162679,294000
2016-10-31,114.09561920166016,114.98421440902165,111.96299612754731,114.62878174963178,190000
2016-11-01,112.31842803955078,114.09561155573539,110.89667715893732,113.20702318736457,431000
2016-11-02,109.65264892578125,111.25211621650914,107.34230276398985,110.18580468935721,394000
2016-11-04,113.56244659423828,114.80647420226093,105.03192895416174,107.51999772909107,462000
2016-11-07,115.51736450195312,117.11683841452647,108.58631992005887,116.93912210399284,1131000
2016-11-08,116.76140594482422,120.31578680839739,116.76140594482422,117.29456849791498,646500
2016-11-09,110.363525390625,124.0479001344678,101.83301249705266,118.53859883458107,1416000
2016-11-10,126.0028076171875,128.13543076749002,118.5385994733541,120.84895251858791,2291000
2016-11-11,140.3980255126953,150.70573407515613,130.62347943269754,136.84364511996884,7004000
2016-11-14,158.34765625,162.6129157688285,143.4192547135434,144.66329608426508,8547500
2016-11-15,153.72694396972656,158.16991922896722,145.018709749838,153.54922767113382,5684500
2016-11-16,151.2388916015625,155.68186734519762,149.28398498614024,155.14871839129296,1965000
2016-11-17,152.66067504882812,155.14874459729808,146.7959406530695,152.48295870084203,2290500
2016-11-18,148.92855834960938,158.52537549534858,147.506800630818,154.08239957273358,2508000
2016-11-21,145.55189514160156,148.3953970438379,142.53066335388007,148.3953970438379,1873000
2016-11-22,146.79592895507812,149.28399830527684,143.06383170922362,144.84102216523883,1315000
2016-11-24,151.94979858398438,153.37155650891037,146.79594305473822,149.4617289948081,1407500
2016-11-25,146.44049072265625,157.28134938061632,145.19644931538718,157.28134938061632,1950500
2016-11-28,145.7296142578125,147.5068046755907,140.57575933447833,143.9524238400343,1363500
2016-11-29,156.9259033203125,158.52536368619485,144.8410042874949,147.5067896424795,2626000
2016-11-30,177.71902465820312,180.20709371519507,156.21502538633766,158.16993194580078,9324500
2016-12-01,182.16200256347656,199.57847262236814,178.25218939542452,182.16200256347656,7773000
2016-12-02,193.71371459960938,195.13547205692157,174.69778657164167,181.27338430422162,3719000
2016-12-05,185.71640014648438,192.4697292117295,184.11692604588558,191.0479714425557,2172000
2016-12-06,188.20445251464844,199.04531046196018,186.78269487350872,189.44848028148138,2930500
2016-12-07,181.80654907226562,186.78267311891355,179.49619656422198,186.60495682419116,1681500
2016-12-08,180.2071075439453,186.07182767238214,176.29728056610085,183.7614883098658,1199500
2016-12-09,179.14077758789062,180.38480530436667,176.4749922878261,177.54130369607486,1192000
2016-12-12,181.2733917236328,186.78267836816238,178.25217395179274,179.85163420812893,984000
2016-12-13,193.35833740234375,198.1567464672328,182.5174641924521,183.05062678138995,3284500
2016-12-14,186.07180786132812,196.37951640859103,185.53865893853634,192.82513602110524,1590500
2016-12-15,185.00550842285156,191.04795818417477,183.93919694941476,186.60498241244977,671500
2016-12-16,178.25216674804688,186.60495452713653,178.07443689662813,186.60495452713653,1128000
2016-12-19,180.91799926757812,181.6288646241774,176.47502299439483,177.3636182490315,722500
2016-12-20,178.96307373046875,182.87290087413126,178.2522083942457,182.16202197902106,391000
2016-12-21,183.4060516357422,185.00552577536234,178.9630754472902,180.38483325114976,735000
2016-12-22,189.98167419433594,193.35833898110758,183.05062827599167,185.71641412467116,1536500
2016-12-26,194.2469024658203,201.71109619668064,189.4484805883652,193.00286113808642,1898500
2016-12-27,204.19918823242188,205.4432161410206,188.02675762620225,192.82516648381133,3753000
2016-12-28,209.7084503173828,215.92861621662723,204.3768795466019,209.53073400346724,4581000
2016-12-29,201.88880920410156,210.7747604327934,200.11161895836318,204.9100407571881,1704500
2016-12-30,204.19918823242188,205.62093247669364,194.42464062264344,201.5334025206641,1374000
2017-01-04,235.2999725341797,237.07716274098698,211.8410672278773,213.2628248168772,6720000
2017-01-05,233.8782501220703,236.36630565022728,225.8808803569739,232.81192511413363,3578000
2017-01-06,229.43531799316406,231.03477869083613,226.76951852630458,228.01356008535745,1868500
2017-01-10,229.257568359375,230.32389347792363,222.50423921670676,230.14616358557413,1351000
2017-01-11,228.3689727783203,233.7005441272305,225.52547077067896,231.39019111914791,1005500
2017-01-12,226.41409301757812,228.72443274250816,222.68199533969982,225.88093039550034,1079000
2017-01-13,223.57054138183594,225.70316428220804,221.61562123779487,224.28140664270282,881500
2017-01-16,216.46180725097656,221.9710950619003,213.4405752806144,221.79337872455838,1297500
2017-01-17,228.90211486816406,232.63419820801096,214.32914634893658,216.46178283313094,2363500
2017-01-18,232.63421630859375,232.811946198603,223.74827772249586,225.70318448261514,1839000
2017-01-19,242.76417541503906,242.94187815211438,234.05592776529403,236.89944273618394,2987000
2017-01-20,252.1832733154297,259.4697638317864,238.49891448210175,241.69786219947227,5412000
2017-01-23,269.7774963378906,270.13292897878193,249.1620777529273,256.62627168273394,5550000
2017-01-24,293.9472351074219,307.9870533311715,266.9339506971858,269.06657341840486,14560500
2017-01-25,296.25762939453125,300.52290255519745,279.1966181051853,287.1939747739399,8307500
2017-01-26,315.6289367675781,315.6289367675781,302.65544508715874,304.0772024292726,7216000
2017-01-27,320.60516357421875,339.08796151884104,301.0560675729182,321.49375884700515,19838500
2017-01-30,298.3902893066406,311.36378604122854,294.12504273642537,310.83062344050757,7869500
2017-01-31,303.0108947753906,314.5626297668278,286.3053196348807,292.88091720645303,6404000
2017-02-01,303.89959716796875,311.0083596748218,297.8571598842544,300.5229458243243,3934500
2017-02-02,322.73773193359375,323.0931645288577,306.2098586350162,310.8305366089852,7329500
2017-02-03,312.0746765136719,326.46990393263684,304.25502169555244,322.7378199874724,6278500
2017-02-06,307.2761535644531,316.3398338071589,296.7907429539075,312.0745884681024,4794000
2017-02-07,299.4565734863281,306.2099022288622,298.5679783127782,304.07727923589687,2162000
2017-02-08,293.76959228515625,301.76694945924703,293.0586998212389,299.4565964076214,2617000
2017-02-09,284.3504943847656,293.23644733428955,282.21787110043516,292.34785203933717,3014500
2017-02-10,311.7191162109375,311.7191162109375,292.5254858400039,293.2363509953098,5500000
2017-02-13,309.5865173339844,322.73774065634404,299.811971552317,319.8942255818421,4614000
2017-02-14,305.4989929199219,312.78548378707,302.4777749205328,311.0082935382798,1971000
2017-02-15,297.1462097167969,305.14356598552644,293.41412639538606,304.07726808702546,2448000
2017-02-16,296.9684753417969,300.16739581449053,291.6369050636157,295.0135553926896,1487000
2017-02-17,306.0322265625,311.0083658394873,293.236459220088,298.3903012926028,3514500
2017-02-20,314.5626525878906,315.4512476516982,305.6767019498146,307.09845947546063,2864500
2017-02-21,345.3081359863281,345.3081359863281,318.65027721925867,319.3611426059367,9343000
2017-02-22,347.973876953125,350.461932603163,327.53618786941684,347.7961470705054,11985500
2017-02-23,345.48577880859375,349.57332186696345,334.6449343956158,341.75369549964256,4740000
2017-02-24,342.4645690917969,348.8624650881287,337.8438905324658,347.2629775301597,2674000
2017-02-27,340.86505126953125,341.04275400087585,329.3133161391931,335.3557513602629,2662000
2017-02-28,358.1038513183594,363.6131521857508,344.5971939699128,346.55211417905747,8156500
2017-03-01,399.5123596191406,400.75638732697854,352.5945223931249,360.0587428756928,18825000
2017-03-02,399.3346862792969,415.50713012371824,385.29489265621277,403.59995960419735,14024000
2017-03-03,420.4831848144531,420.4831848144531,388.3160334398353,390.9818185664245,8977500
2017-03-06,435.7670593261719,440.38776498710325,411.4195574615075,417.2842909179905,10588500
2017-03-07,427.23651123046875,448.5627935305142,412.4858543338202,439.67684257216195,12043500
2017-03-08,392.9367980957031,425.6370897604626,384.58398173812725,423.8598994065567,11743500
2017-03-09,409.1091613769531,414.0852991508172,392.93674750910634,392.93674750910634,7463500
2017-03-10,411.5973205566406,429.546927895934,402.5336383817304,406.4434519623248,4906500
2017-03-13,403.5999450683594,418.5283333734232,395.78029114655726,416.75114299816454,2276000
2017-03-14,395.2471008300781,402.88902433012476,386.71660932262915,402.1781590770944,2369000
2017-03-15,403.4222106933594,408.2206192295937,391.5150407352156,395.2471242110544,2224500
2017-03-16,430.2577819824219,431.5018097674372,400.0455469171582,402.53360248718883,4920000
2017-03-17,426.8811340332031,440.743224751357,414.2630983049374,429.1914870058577,4243000
2017-03-21,427.0588684082031,431.5018445108316,415.86256320602456,422.9713249702301,2091500
2017-03-22,435.58929443359375,445.71927234926073,408.75371368784937,409.28687612925677,5139500
2017-03-23,417.10662841796875,451.93957502687687,414.974005121414,435.4116970224687,5215000
2017-03-24,437.721923828125,438.0773564219522,417.63967042255075,418.52826546600295,3753500
2017-03-27,443.5867004394531,454.07211214280466,433.63442412072146,444.2975656974605,3222000
2017-03-28,443.9421691894531,449.09601052377326,435.9448123562004,447.8519826621553,2395000
2017-03-29,430.2192687988281,443.2292193148302,420.95191610043406,440.7341722324073,3064500
2017-03-30,423.8034973144531,439.30849767598636,422.37774421585704,428.4371608924172,1686000
2017-03-31,419.8826599121094,428.79358200537166,418.8133383833275,427.54603115713405,1755000
2017-04-03,393.8628234863281,422.0213475273142,389.4073616821841,419.7045019503632,2967500
2017-04-04,371.05078125,395.28849961542693,364.10027306857813,390.29837792913605,3829000
2017-04-05,382.6349792480469,386.19934799221863,367.3082099644934,371.05078082948853,2628500
2017-04-06,371.9418640136719,379.0706013294834,367.66463250177486,369.80324825772334,1636000
2017-04-07,351.44677734375,381.5657116572207,329.704131920745,374.4369736697451,3914000
2017-04-10,335.7635803222656,361.2488264943841,333.44676201078386,351.0903793331844,2695500
2017-04-11,327.0308532714844,333.8031597589536,323.82291575700134,333.4467283004504,2267500
2017-04-12,304.3970947265625,319.9020932503177,301.72381818129526,316.33772452329464,3599000
2017-04-13,312.7733459472656,316.33771456204926,295.1297321816763,301.01091864088977,2900500
2017-04-14,314.3772888183594,321.506025772916,305.6445969266168,308.31787328457557,2380000
2017-04-17,315.9813537597656,318.29819931597433,307.24863238543736,307.24863238543736,1325000
2017-04-18,332.37744140625,337.1893345829869,322.39719636310843,322.39719636310843,3320500
2017-04-19,343.9616394042969,345.5655947208183,326.3180221466425,328.8130697932268,3016500
2017-04-20,340.5754699707031,358.2190857023314,335.9417793775596,347.8824101288418,3907000
2017-04-21,344.8526916503906,348.23883123344984,340.39723051795664,347.704197652739,1677000
2017-04-24,335.0506896972656,351.62501116895777,332.5556422473238,351.2685797038201,1692500
2017-04-25,339.68438720703125,343.4269584577578,322.5754045940642,334.6942650120844,1580000
2017-04-26,356.25872802734375,357.32804977708736,344.85275626866036,351.09040302287383,2398000
2017-04-27,356.4368591308594,362.3180727453134,349.30812194824216,353.94181199453305,2443000
2017-04-28,365.5260009765625,366.7735245142148,358.3972639682939,360.00121891756487,1785000
2017-05-01,373.3677062988281,373.3677062988281,367.84292267886633,370.6944291654236,1451000
2017-05-02,391.0111999511719,392.79338413908783,374.2586794623509,374.2586794623509,3429500
2017-05-08,404.555908203125,407.7638459536637,397.7836012173165,399.0311250108651,2863000
2017-05-09,393.1498718261719,406.1597956055554,383.5260601828499,405.62516206479415,2166000
2017-05-10,389.9420166015625,399.20937157431297,386.02121571239655,395.4667728382117,1391000
2017-05-11,391.0111999511719,392.0805213415105,377.82304783818284,392.0805213415105,1618000
2017-05-12,391.5458679199219,396.5359891775804,382.10028610970625,382.10028610970625,1527000
2017-05-15,383.5260314941406,384.59535288362446,362.67448195098655,364.4566661374779,1665000
2017-05-16,383.70428466796875,394.57559256569454,378.5359338891383,390.2983611295359,1529000
2017-05-17,387.6251220703125,390.2983987742457,380.3181548686377,381.38747642780174,957000
2017-05-18,376.0409851074219,382.99149480764424,370.15976994893606,374.2588003438796,1261000
2017-05-19,366.5953674316406,379.78354981142724,364.4567513466419,379.78354981142724,881000
2017-05-22,357.3279724121094,366.2388944173989,354.8329251282187,360.0012490136962,1106000
2017-05-23,381.5657043457031,382.45679657706256,356.6151218676388,357.32798477513563,1971000
2017-05-24,409.3677978515625,409.3677978515625,394.93211888431074,395.6449818478865,4667000
2017-05-25,400.81329345703125,418.81336824649304,394.21921607662676,415.2489991550335,3277500
2017-05-26,408.1201477050781,409.01123973063505,399.3874567322083,404.37755032015076,1450000
2017-05-29,413.2886047363281,419.70448028063015,407.7638487008264,407.7638487008264,1980000
2017-05-30,413.2886047363281,418.8133879658093,401.52620249708025,418.8133879658093,1690500
2017-05-31,424.6945495605469,425.5856417639077,408.1202291392411,408.1202291392411,2062000
2017-06-01,421.6648254394531,440.9123945433946,418.9915489312418,425.94205697500126,3544000
2017-06-02,413.2886047363281,429.50649574365974,412.57574176206316,426.83321879919714,1510500
2017-06-05,407.2290954589844,418.6350636226971,406.51623264649226,409.90237179678957,1108000
2017-06-06,410.6153259277344,412.57573988903204,402.7737244705021,409.5460314711913,980500
2017-06-07,402.2390441894531,410.08067246137506,401.52618125290473,409.902443130249,865000
2017-06-08,390.4766540527344,407.7638391150746,387.2687163559959,400.99153224284413,1240500
2017-06-09,384.41717529296875,397.7835584894835,383.16965163342263,393.50632674418927,869500
2017-06-12,372.29827880859375,388.8725977662085,370.69432386178124,380.6745665356494,1010500
2017-06-13,368.7339172363281,376.9319758148555,368.0210544007927,376.04088367344923,797000
2017-06-14,392.9716796875,394.21920339056965,370.69437358276645,372.4765580711451,1182000
2017-06-15,384.9518737792969,398.6746897668927,381.0310730962665,393.86279678344727,1075500
2017-06-16,380.496337890625,393.8627197837383,379.6052457644175,393.8627197837383,519500
2017-06-19,400.2786560058594,400.9915189397166,389.40731950368036,392.43702776354047,1271000
2017-06-20,408.1201477050781,413.64492914111935,404.73400888554994,409.18946901333464,1290000
2017-06-21,402.7737121582031,410.6153133757272,402.7737121582031,409.3677896175727,551500
2017-06-22,400.100341796875,404.199370781918,397.60529486370376,401.16966316478954,421000
2017-06-23,386.7340087890625,400.813254452641,381.5656849869832,399.2092993951613,728000
2017-06-26,389.58551025390625,395.64492617356905,388.3379594522329,389.0508495094713,446000
2017-06-27,391.5458679199219,393.8627128460462,388.6943894826692,389.76368369889906,307000
2017-06-28,404.37762451171875,410.7934991504439,391.36770030682004,392.25879249586654,1176000
2017-06-29,397.96185302734375,407.0509787741062,395.11034660052763,407.0509787741062,697500
2017-06-30,389.58551025390625,394.2191732530675,385.84291223683647,393.86274182143586,832000
2017-07-03,398.3182067871094,398.3182067871094,392.080561490667,392.080561490667,450000
2017-07-04,396.5360412597656,400.99150239751583,396.357811936665,400.99150239751583,399500
2017-07-05,390.6548156738281,399.03107692859743,388.159768387378,397.0706904018083,485000
2017-07-06,387.98150634765625,392.4369669791038,387.26864352421404,390.65478272652473,260500
2017-07-07,391.0111999511719,394.7537976233844,383.7042610971,385.84287668380466,356500
2017-07-10,388.15985107421875,395.6450217220559,388.15985107421875,395.6450217220559,344000
2017-07-11,389.76373291015625,392.9716703518236,388.69443855891814,388.69443855891814,348500
2017-07-12,404.555908203125,405.8034319966736,389.2291096138731,390.2984312620457,921500
2017-07-13,401.34796142578125,408.2984975946188,399.3875747068618,406.3380836817209,869000
2017-07-14,397.7835693359375,403.3083520853996,394.9320904926482,402.773691304165,328500
2017-07-17,397.7835693359375,397.7835693359375,397.7835693359375,397.7835693359375,0
2017-07-18,396.8924560546875,400.63505413091406,395.6449324272705,397.783548244839,380500
2017-07-19,396.1795959472656,397.78355102315095,389.94195057263835,396.8924588267756,349000
2017-07-20,402.0608215332031,408.120237766557,398.3182233223821,399.2093155445798,697000
2017-07-21,420.5954895019531,421.1301502240131,412.3974309476306,414.17961522518124,2404500
2017-07-24,419.5262145996094,427.72427406341563,417.38759866808766,427.36784260715814,1189500
2017-07-25,423.268798828125,426.65493834115955,420.5955222039474,426.65493834115955,783000
2017-07-26,451.7837219238281,451.7837219238281,426.83314162034253,428.9717573504178,3862000
2017-07-27,453.9223327636719,466.39764997498906,443.7638877597731,459.9817756599087,3836500
2017-07-28,445.9025573730469,453.9223876394469,441.9817569038246,453.9223876394469,1158000
2017-07-31,440.0212707519531,449.46685250762323,437.8826551378702,442.15991356000893,676000
2017-08-01,421.8430480957031,440.73421388442875,409.1895549904795,438.7738001387016,1449000
2017-08-02,436.4570007324219,438.41741468380286,428.9718307985674,428.9718307985674,785000
2017-08-03,439.66497802734375,442.6946867024203,422.5560205242152,430.932283517891,706000
2017-08-04,465.150146484375,465.150146484375,438.0609479899807,443.7639328529095,2784500
2017-08-07,451.24908447265625,493.66507861560837,447.86294499151137,491.88289421627405,5157500
2017-08-08,428.97186279296875,446.08084722695895,424.5164009293235,445.5461863645253,2953500
2017-08-09,436.2787780761719,440.0213492701549,429.6847007586019,435.74411727875207,1491000
2017-08-10,450.8926696777344,457.48677395389456,438.77380987605915,441.44708657375327,1763500
2017-08-11,450.8926696777344,450.8926696777344,450.8926696777344,450.8926696777344,0
2017-08-14,435.56591796875,447.8630083810452,429.50650103096723,441.2689306089922,1297000
2017-08-15,437.52630615234375,450.8926902506842,436.63521387912107,441.09067524523454,962000
2017-08-16,482.7937927246094,486.53639122702407,439.4867291068374,440.1995920625456,4779000
2017-08-17,498.12060546875,501.86320407973847,477.62548216681574,481.18985143671733,4026500
2017-08-18,534.6552734375,534.6552734375,491.16998874217273,491.88285156250004,5800000
2017-08-21,587.229736328125,587.229736328125,520.5760533098974,554.2593262459692,5925000
2017-08-22,614.8536376953125,614.8536376953125,579.2099485535553,595.249608667346,6088500
2017-08-23,597.0318603515625,613.9626146003382,593.4674910360308,605.9427836403918,3081500
2017-08-24,579.2098999023438,607.7248488206129,578.3188077486478,589.0119135929988,2497500
2017-08-25,591.685302734375,597.0318566747459,564.9525330325207,585.447656470609,2097000
2017-08-28,662.9724731445312,666.5368412797169,589.9029263732255,604.160398913968,5685500
2017-08-29,660.2992553710938,670.9923607212329,645.1506894583965,658.5170711460705,3839000
2017-08-30,672.774658203125,675.4479349906871,646.9329825900248,666.5370123654801,2816000
2017-08-31,695.0518798828125,702.1806171123798,662.9725623497596,675.4478525015024,3368000
2017-09-01,696.8341674804688,703.0718134809333,680.794506336417,691.4876137657849,2489500
2017-09-04,703.07177734375,706.6361463036676,683.4677480642031,695.0519471839353,2085500
2017-09-05,667.427978515625,719.111319976114,652.2794129151368,707.5271227522113,3822000
2017-09-06,683.4677734375,689.7054193489244,637.1309752383474,643.3686211497718,3055000
2017-09-07,717.3292846679688,719.11146922615,679.012316667071,691.48760857434,3179000
2017-09-08,741.3887939453125,755.6462707519531,706.636194229126,711.0916557312012,4621000
2017-09-11,787.7256469726562,787.7256469726562,760.9928761477923,762.7750608694499,3529500
2017-09-12,770.7947387695312,809.1117026621206,751.1907107314622,802.8740573772805,4721000
2017-09-13,734.260009765625,782.3789909881295,725.3490873170131,782.3789909881295,3716500
2017-09-14,738.7154541015625,769.012589734196,723.5668862852458,736.9332696525842,3330000
2017-09-15,730.6956176757812,755.6461997427592,721.7846955090034,732.4778021091369,2146500
2017-09-18,730.6956176757812,730.6956176757812,730.6956176757812,730.6956176757812,0
2017-09-19,720.8936157226562,742.2798292916843,717.3292467944849,739.6065525955559,1933000
2017-09-20,728.9133911132812,753.8639717381857,696.8340731669755,705.744994818727,2570500
2017-09-21,699.5074462890625,728.0223995135848,697.7252617125299,722.6758457839869,2411500
2017-09-22,681.6856689453125,710.2006250319138,681.6856689453125,694.1609622332005,1770500
2017-09-25,731.5867309570312,738.7154688957112,688.8143033249514,691.4875800519565,2933000
2017-09-26,755.646240234375,755.646240234375,706.636165690872,741.3887640035377,3735000
2017-09-27,725.656005859375,743.5073221166782,714.052650292128,743.5073221166782,3133500
2017-09-28,722.9783325195312,735.4742543161651,715.8378057785976,734.5816884735484,1256500
2017-09-29,697.9864501953125,714.052634470908,696.2013186091352,714.052634470908,2009500
2017-10-02,691.7385864257812,714.052734375,689.060888671875,696.201416015625,1218000
2017-10-03,682.8128662109375,695.3087879455168,671.2095103145425,691.7385245927799,1808500
2017-10-04,682.8128662109375,691.7385245927799,675.6723395054637,676.5649053436479,767500
2017-10-05,662.2838745117188,683.705455358459,658.713611037262,682.8128894898448,1522000
2017-10-06,671.2095336914062,690.845982815357,660.4987432601605,660.4987432601605,1599000
2017-10-09,671.2095336914062,671.2095336914062,671.2095336914062,671.2095336914062,0
2017-10-10,689.9534301757812,694.4162596077074,673.8872442208472,677.4575077663881,1221500
2017-10-11,673.8871459960938,700.6641186846803,670.3168829709489,696.2012899032492,1257000
2017-10-12,672.9945678710938,689.9533169288534,671.2094363913296,673.8871336109759,829000
2017-10-13,657.8209228515625,672.1019740939302,656.9283571489145,670.3168426886342,911500
2017-10-16,652.4655151367188,664.9614347152606,644.4324239790848,660.4986062943527,1061000
2017-10-17,664.96142578125,681.9201735528524,651.5729406984061,651.5729406984061,1502500
2017-10-18,647.1102905273438,666.7467407226562,646.217724609375,654.2508178710938,1059000
2017-10-19,655.143310546875,658.71357381961,649.7879156377725,652.4656130923237,682500
2017-10-20,670.3169555664062,677.4574823900165,649.787940948527,653.358204360332,1057000
2017-10-23,670.3169555664062,685.4905750665779,664.9615604486986,679.242614095919,1130000
2017-10-24,678.35009765625,681.920361328125,667.639306640625,678.35009765625,681500
2017-10-25,727.4411010742188,730.1187983787864,689.9533388102714,690.8459045784606,4126000
2017-10-26,715.8377685546875,745.2924398293816,703.3418474078476,731.9039528863389,3050000
2017-10-27,717.6228637695312,733.6890472867595,713.1600350147456,731.9039157848453,1192000
2017-10-30,744.39990234375,744.39990234375,722.0857565900404,725.656019910634,2065000
2017-10-31,733.6890258789062,741.7221174031279,728.3336315294252,740.8295516782143,1032500
2017-11-01,722.0857543945312,738.1519392883527,714.0526619476204,733.6891101511801,1381500
2017-11-02,722.0857543945312,724.7634518768348,711.3749644653169,724.7634518768348,926000
2017-11-03,722.0857543945312,722.0857543945312,722.0857543945312,722.0857543945312,0
2017-11-06,739.0445556640625,749.7553463258605,722.0858037828824,722.0858037828824,2718000
2017-11-07,848.8300170898438,864.0036346403457,756.0031803103025,776.5321922903933,20749500
2017-11-08,899.706298828125,910.4170880998884,799.7389322916666,842.5820893787202,13689000
2017-11-09,876.4994506835938,940.7641761919631,819.3752502317099,896.1358945889289,11807000
2017-11-10,877.39208984375,899.7062325152594,853.2928157585199,864.0036042408443,4393000
2017-11-13,854.1854858398438,901.4914740838476,853.2929200239191,887.210421029054,3045500
2017-11-14,847.9375610351562,872.0368390856291,846.1524293277138,856.8632195723684,1967000
2017-11-15,836.3341674804688,856.8631811966382,816.6977195780457,842.5821281766943,1777000
2017-11-16,848.8300170898438,855.9705429959623,818.4827819888399,824.7307421566936,1688500
2017-11-17,884.53271484375,899.7063335645812,860.4334380518416,864.0037012802725,3797500
2017-11-20,972.8968505859375,987.1779052734374,892.56591796875,908.6321044921874,8951500
2017-11-21,974.6820068359375,1010.3846444489755,937.1942373422476,969.3266111939818,5505000
2017-11-22,978.2521362304688,990.7480576786681,956.8305566049839,972.8967413240975,2608500
2017-11-23,978.2521362304688,978.2521362304688,978.2521362304688,978.2521362304688,0
2017-11-24,1005.0291748046875,1012.1697018015236,965.7562763220886,987.1778573125971,3407500
2017-11-27,996.103515625,1031.806150593638,994.3183838765681,1008.5994378640232,2399000
2017-11-28,1020.2026977539062,1038.054013550125,963.9710529958169,1022.8803951233391,3037000
2017-11-29,1201.3935546875,1213.8894757615155,1034.4837517702917,1035.3763175612928,11813300
2017-11-30,1227.2779541015625,1269.228545987216,1171.9388754438921,1222.8151251775569,7267500
2017-12-01,1303.146240234375,1303.146240234375,1197.8234619140624,1231.740966796875,6940500
2017-12-04,1262.98046875,1365.6255245141342,1251.3771146201414,1320.9972393992932,7889900
2017-12-05,1240.6661376953125,1256.7323178956835,1200.5006871943851,1209.4263428612578,3730200
2017-12-06,1167.4761962890625,1225.4929797437942,1124.6330331224913,1215.674754851455,4042300
2017-12-07,1248.699462890625,1271.013606258935,1179.9719013162303,1185.3272957246247,4209900
2017-12-08,1321.8900146484375,1328.137975554946,1225.4929035194496,1240.6665228638271,4913800
2017-12-11,1275.4766845703125,1370.9812368789362,1270.121289113754,1347.77452323385,5343700
2017-12-12,1258.5177001953125,1321.8898680774878,1234.4184250851895,1298.6831587121842,3847400
2017-12-13,1215.6744384765625,1251.3770651572252,1196.9305594692146,1249.591933823192,2543700
2017-12-14,1200.5009765625,1246.9143972177044,1192.4678845260223,1206.748937035316,1958600
2017-12-15,1229.06298828125,1236.2035139938498,1188.0049654338009,1221.9224625686502,1626000
2017-12-18,1204.9638671875,1258.5178168402779,1193.3605114293982,1242.4516319444444,1405400
2017-12-19,1148.732177734375,1213.8894807449497,1129.9882960464015,1196.0381648516416,2748700
2017-12-20,1213.889404296875,1221.9224959429573,1115.7071730669807,1145.161842435949,3211800
2017-12-21,1276.369140625,1279.9394039554195,1196.0382156905594,1196.0382156905594,3877400
2017-12-22,1237.9888916015625,1271.9063954810572,1216.5673102039868,1264.765868348532,2526100
2017-12-25,1284.402099609375,1298.6831514465882,1237.0961153986057,1244.2366413172124,2971600
2017-12-26,1290.64990234375,1304.9309524388398,1263.8729334154564,1279.9391147724325,2786100
2017-12-27,1247.806884765625,1265.6581992830158,1196.930638391061,1213.8893871825821,4046300
2017-12-28,1245.1292724609375,1288.8649960097446,1229.9556540868616,1263.8731539818548,2731000
2017-12-29,1237.09619140625,1254.0549415048927,1223.707704486269,1238.8813229955808,1330100
2018-01-01,1237.09619140625,1237.09619140625,1237.09619140625,1237.09619140625,0
2018-01-02,1237.09619140625,1237.09619140625,1237.09619140625,1237.09619140625,0
2018-01-03,1237.09619140625,1237.09619140625,1237.09619140625,1237.09619140625,0
2018-01-04,1246.021728515625,1263.87304267774,1238.881202850779,1258.5176484291055,1474700
2018-01-05,1238.8814697265625,1260.3030513356673,1217.4598881174577,1258.5179195349085,1333300
2018-01-08,1238.8814697265625,1238.8814697265625,1238.8814697265625,1238.8814697265625,0
2018-01-09,1283.509521484375,1292.4351787965056,1234.418406267657,1249.592023698279,1964400
2018-01-10,1341.5262451171875,1360.2701247894836,1268.3358578253649,1277.2615148121727,4637900
2018-01-11,1385.26220703125,1385.26220703125,1325.460294743174,1338.8487825688626,4431100
2018-01-12,1356.7001953125,1409.3615844726562,1328.1380859375,1395.973095703125,3889700
2018-01-15,1301.3612060546875,1352.2374671967432,1297.7909421148943,1344.2043733322082,2122000
2018-01-16,1296.005615234375,1331.7082492628701,1291.542785980813,1296.005615234375,1945000
2018-01-17,1304.03857421875,1324.5675866807837,1273.691338405309,1280.8318644790597,1700300
2018-01-18,1282.6171875,1336.1711410490605,1277.261792145094,1324.567784446764,1621600
2018-01-19,1309.393798828125,1309.393798828125,1279.9391325968174,1288.864789030547,1135400
2018-01-22,1325.4600830078125,1329.0303458576652,1301.360808771307,1311.1790316084018,1668500
2018-01-23,1332.6007080078125,1346.8817604713927,1319.2122213232062,1334.38583956576,2016200
2018-01-24,1336.1710205078125,1344.2041128154747,1308.501480336976,1325.4602307642629,1627500
2018-01-25,1328.1378173828125,1353.129658032489,1316.5344627954626,1319.212160007928,1476800
2018-01-26,1331.7080078125,1340.6336647013238,1319.2120881681467,1337.063401945794,1071400
2018-01-29,1305.8236083984375,1343.3113674912156,1305.8236083984375,1338.8485390277897,918100
2018-01-30,1279.0467529296875,1349.5594490088538,1260.3028716934534,1320.9973442679257,2393600
2018-01-31,1271.90625,1294.220394736842,1263.873157894737,1265.6582894736844,965300
2018-02-01,1302.2532958984375,1303.1458615570382,1271.9060635060134,1288.864811019427,1274600
2018-02-02,1308.50146484375,1319.2122544604792,1287.0798856102915,1307.608899042356,931800
2018-02-05,1261.195556640625,1275.4766103605473,1240.666541918237,1268.336083500586,1281500
2018-02-06,1121.9552001953125,1172.8314503235008,1076.4343448174598,1084.467436942963,3086000
2018-02-07,1058.5831298828125,1208.534197184931,1056.7979981292158,1204.9639336777377,2414400
2018-02-08,1100.53369140625,1137.1288912015916,1075.5418476435775,1088.0377695249138,2351400
2018-02-09,1074.6490478515625,1075.5416135059243,995.2107046133656,999.6735328851744,1794100
2018-02-12,1074.6490478515625,1074.6490478515625,1074.6490478515625,1074.6490478515625,0
2018-02-13,1076.434326171875,1130.8808385238522,1066.616102632994,1117.4923518799233,1769500
2018-02-14,1044.3021240234375,1093.3932495117188,1020.2028442382812,1072.8642333984374,1517200
2018-02-15,1093.3931884765625,1116.59990104831,1050.5500268056442,1054.1202902782206,1625500
2018-02-16,1088.03759765625,1101.42608327138,1073.7565463334442,1080.8970719948472,1000700
2018-02-19,1115.7071533203125,1115.7071533203125,1070.1863014648438,1096.9632731445313,1076500
2018-02-20,1083.5748291015625,1113.922064842463,1078.2194345590506,1113.922064842463,835300
2018-02-21,1208.5341796875,1217.4598383262555,1087.1452222004248,1100.533710158558,3147800
2018-02-22,1170.15380859375,1203.178744457952,1136.2363068953805,1203.178744457952,1625300
2018-02-23,1219.24462890625,1254.0546878574532,1211.2115383790492,1240.666203645452,3589400
2018-02-26,1185.3275146484375,1245.1294299206102,1174.6167238534215,1238.8814686235175,1646600
2018-02-27,1200.5009765625,1221.9225553264405,1191.5753187441915,1216.5671606354554,1109600
2018-02-28,1221.030029296875,1227.2779899731017,1179.9720019959566,1179.9720019959566,1046100
2018-03-01,1234.4185791015625,1244.2368035195793,1194.253115573312,1212.104432696979,1336200
2018-03-02,1244.2369384765625,1251.3774661005311,1204.964036544734,1204.964036544734,1352100
2018-03-05,1186.2200927734375,1261.195629111262,1173.7241700504667,1245.1294427531566,1448900
2018-03-06,1255.8402099609375,1267.44356655617,1212.9970471477711,1229.0632332027085,1514800
2018-03-07,1262.088134765625,1274.5840568920173,1209.4267486615431,1255.840173702429,1489200
2018-03-08,1324.5677490234375,1329.0305783665083,1277.261757986886,1280.832021461343,2689300
2018-03-09,1312.07177734375,1340.6338840614371,1290.6501973054847,1337.0636207217262,1703200
2018-03-12,1264.765625,1329.0303568278052,1250.48457348271,1321.8898310691602,1310300
2018-03-13,1275.4766845703125,1296.8982663965458,1264.7658936571959,1267.443591385475,776900
2018-03-14,1263.873046875,1287.0797553628177,1262.0879154528602,1266.5507440082097,499500
2018-03-15,1254.0548095703125,1271.9061235855481,1241.5588897596474,1271.9061235855481,543000
2018-03-16,1238.8814697265625,1260.3030513356673,1233.5260743242864,1258.5179195349085,973000
2018-03-19,1216.5675048828125,1236.2039576395416,1194.2533540228928,1213.8898067796222,642200
2018-03-20,1240.6661376953125,1243.3438343953742,1192.4675970941996,1196.0378593609487,483000
2018-03-21,1240.6661376953125,1240.6661376953125,1240.6661376953125,1240.6661376953125,0
2018-03-22,1237.9888916015625,1260.3030388907039,1225.4929691196432,1240.6665892762594,467000
2018-03-23,1179.0794677734375,1210.3192719915073,1175.5092044342296,1194.2530869650714,793000
2018-03-26,1129.0955810546875,1161.227945416718,1071.9713777444108,1152.3022886494873,1445800
2018-03-27,1151.40966796875,1178.186636991279,1144.2691428960757,1178.186636991279,614500
2018-03-28,1195.3992919921875,1198.9756548702494,1130.130669467558,1135.4952137846508,740000
2018-03-29,1201.65771484375,1210.598620460147,1178.4113602411178,1205.2340770903088,459100
2018-03-30,1209.704345703125,1218.645249958137,1192.7166276186022,1214.174797830631,597800
2018-04-02,1258.8795166015625,1283.0199618773026,1202.5518109581687,1202.5518109581687,1063100
2018-04-03,1215.963134765625,1242.7858509736902,1203.4458672018613,1224.9040401683135,696000
2018-04-04,1193.6107177734375,1244.5738720154495,1179.3052709686622,1244.5738720154495,631000
2018-04-05,1162.3177490234375,1208.8104589843751,1157.8472961425782,1207.9163684082032,653900
2018-04-06,1161.423583984375,1204.3399288891094,1155.1649503524345,1162.3176745032235,629300
2018-04-09,1157.847412109375,1171.2587720951979,1135.495145466337,1157.847412109375,498500
2018-04-10,1193.6107177734375,1207.9161645782128,1148.0121060832164,1148.0121060832164,755200
2018-04-11,1181.98779296875,1215.0691457220357,1165.0000712846304,1207.0223301874528,416700
2018-04-12,1195.3992919921875,1204.3401991873423,1173.0470240043005,1180.1997497604243,365000
2018-04-13,1169.4705810546875,1230.2687458189985,1169.4705810546875,1207.0223887032325,674000
2018-04-16,1137.2833251953125,1171.258770444858,1131.9187812085422,1165.000135793626,698600
2018-04-17,1128.3424072265625,1156.9533082021965,1114.0369567387456,1130.1305885375396,613900
2018-04-18,1142.6475830078125,1148.0121256510417,1104.2016940646702,1112.248508029514,458900
2018-04-19,1120.295654296875,1152.4829197036488,1120.295654296875,1147.1183754691865,405400
2018-04-20,1133.706787109375,1137.283149213821,1102.4136186954727,1117.6131576393682,372500
2018-04-23,1161.423583984375,1166.7881270974667,1130.1304158246728,1138.1772304943106,430500
2018-04-24,1160.5296630859375,1173.0469321793144,1148.0123939925606,1164.106025684045,309700
2018-04-25,1112.2489013671875,1142.6479870958726,1097.943449259571,1135.4952610420644,918300
2018-04-26,1098.83740234375,1126.554212329638,1087.2142239625712,1117.6133058825772,567000
2018-04-27,1074.6968994140625,1095.260983179889,1070.2264464214916,1091.6846207858323,786900
2018-04-30,1074.6968994140625,1074.6968994140625,1074.6968994140625,1074.6968994140625,0
2018-05-01,1028.2041015625,1075.5908992866848,1019.2631963315217,1075.5908992866848,1065600
2018-05-02,1048.768310546875,1060.3914887541293,1009.4283227684756,1010.3224133998028,853200
2018-05-03,1048.768310546875,1048.768310546875,1048.768310546875,1048.768310546875,0
2018-05-04,1048.768310546875,1048.768310546875,1048.768310546875,1048.768310546875,0
2018-05-07,1032.67431640625,1039.8270389441288,1009.4279681581439,1029.0979551373105,665800
2018-05-08,1034.462890625,1034.462890625,1015.6869868193604,1015.6869868193604,796000
2018-05-09,1020.1573486328125,1037.1450696004053,1013.8987145921204,1034.4627978686801,465600
2018-05-10,1046.97998046875,1050.5563424857228,1013.8986318117528,1013.8986318117528,550400
2018-05-11,1089.002197265625,1094.366740109298,1050.5563068859683,1050.5563068859683,766800
2018-05-14,1113.142822265625,1114.0369128859186,1072.9087443524097,1105.0960066829819,791400
2018-05-15,1072.9085693359375,1131.9185406494141,1057.7090312703451,1117.6130930582683,1416800
2018-05-16,1139.9656982421875,1172.1529650160844,1091.6847980813418,1108.6725222120097,4308100
2018-05-17,1156.0589599609375,1166.788045436213,1137.2830603792054,1153.3766885921186,1623700
2018-05-18,1189.140380859375,1189.140380859375,1157.847212942023,1162.3176655016448,1051200
2018-05-21,1211.4927978515625,1222.221885360211,1178.4114446998963,1180.1996259513376,978100
2018-05-22,1203.44580078125,1215.9630676541606,1175.7289955626625,1211.4926151995496,1039300
2018-05-23,1207.0223388671875,1217.7514263237847,1184.67007333261,1189.1405264395255,930300
2018-05-24,1168.5762939453125,1208.8103668049446,1166.788112929329,1196.293099693059,671300
2018-05-25,1149.8004150390625,1179.3054023612158,1139.9654192650114,1162.3176823878548,689300
2018-05-28,1108.672119140625,1143.541645468435,1106.8839383033014,1142.6475550497732,708300
2018-05-29,1075.5908203125,1104.201714950904,1048.7681065889963,1103.307624493454,944100
2018-05-30,1087.2142333984375,1095.2610492706299,1048.7683353424072,1048.7683353424072,958100
2018-05-31,1105.990234375,1117.6134138793452,1076.4852402485853,1098.837508526172,1519900
2018-06-01,1079.1673583984375,1114.9309825375738,1076.4850865880023,1105.9900765027896,483600
2018-06-04,1086.3201904296875,1097.9433694219395,1072.0147393623008,1094.3670066550926,369600
2018-06-05,1079.1673583984375,1101.5196234853977,1070.2264523636534,1093.472808054092,390000
2018-06-06,1058.6031494140625,1079.167230863829,1049.6622444359032,1063.9676924009582,625300
2018-06-07,1096.1552734375,1138.1775392218087,1054.1330076531913,1054.1330076531913,803300
2018-06-08,1102.413818359375,1112.248815927869,1092.5788207908809,1092.5788207908809,482700
2018-06-11,1093.472900390625,1108.6724419332584,1069.3324520582073,1104.2019885383663,508400
2018-06-12,1090.7904052734375,1090.7904052734375,1073.8026858470478,1088.10813378506,471200
2018-06-13,1081.849365234375,1081.849365234375,1065.7557383135331,1080.9552748498838,380500
2018-06-14,1072.0145263671875,1095.260879732948,1068.4381643109166,1078.2731599656615,618700
2018-06-15,1028.2041015625,1078.2731708559784,1028.2041015625,1071.1204466711956,1520500
2018-06-18,978.1351318359375,1029.9923874542962,965.6178632384026,1028.2042062260768,894300
2018-06-19,951.3121948242188,991.5462632143408,935.2185674681699,970.9821838149451,787900
2018-06-20,952.2066040039062,956.6770575438308,923.5957013483899,943.2656969240575,696500
2018-06-21,944.1596069335938,971.8764135765307,935.2187015649044,938.7950637123802,510700
2018-06-22,929.8541259765625,968.3000177236703,928.0659449650691,936.1127595167893,536800
2018-06-25,917.3369750976562,945.9478749057703,911.9724313836348,928.066062525699,451900
2018-06-26,925.3837890625,935.2187858544686,894.0906174516908,894.0906174516908,542300
2018-06-27,919.1251220703125,936.1128431980712,900.3492197712108,916.442850313298,502300
2018-06-28,922.7013549804688,924.4895359009736,898.5609125536542,914.6545408381972,434500
2018-06-29,964.7237548828125,983.4996574338218,926.2778591831267,928.0660403784609,919200
2018-07-02,944.1596069335938,978.1350473346132,939.6891542492491,968.300051429055,514700
2018-07-03,917.3369750976562,971.8765028568736,903.9256158126028,929.8542437637061,726000
2018-07-04,925.3837890625,941.4774201766304,894.9847080691425,904.8197048611111,683900
2018-07-05,937.9009399414062,977.2409221696445,930.7482158999084,930.7482158999084,964100
2018-07-06,973.6646118164062,979.0291551321991,950.4182574479705,972.7705212637741,809400
2018-07-09,980.8172607421875,995.1227084831858,953.9945462278159,976.3468083231256,574900
2018-07-10,964.7237548828125,991.5464728128259,963.8296642851453,987.9701104221574,504700
2018-07-11,920.0192260742188,964.7237560097979,916.4428636793724,950.4183064304125,819000
2018-07-12,945.9476928710938,956.6767782344709,919.1249794626506,922.701341250443,723900
2018-07-13,964.7237548828125,973.6646608594835,947.7360335271374,947.7360335271374,563000
2018-07-16,964.7237548828125,964.7237548828125,964.7237548828125,964.7237548828125,0
2018-07-17,953.1004638671875,979.0290881187339,951.3122828843221,974.5586356615706,500200
2018-07-18,935.21875,969.1941921606118,929.854206500956,959.3591957456979,527300
2018-07-19,968.3001098632812,979.923287544004,938.7951203660622,943.2655733201863,878400
2018-07-20,934.3245239257812,969.1940516129636,929.8540716581938,961.1472375313061,539700
2018-07-23,914.6546630859375,937.0069275797287,914.6546630859375,916.4428442454407,544500
2018-07-24,946.8419799804688,953.100614409046,916.4428984702365,925.3838047967755,701900
2018-07-25,947.7360229492188,958.465110001474,941.4773888354032,953.1005664753465,526800
2018-07-26,1032.67431640625,1037.1447679924242,960.2530007102272,961.1470910274621,1686000
2018-07-27,1042.509765625,1072.9088496998284,1013.0047722582547,1050.5565819977487,1846600
2018-07-30,1058.6031494140625,1065.75587339659,1030.8863439817687,1046.0858824446395,866700
2018-07-31,1026.416259765625,1062.1798925100718,987.9703545653446,1048.7685302309042,996300
2018-08-01,1049.662353515625,1061.2855311950996,1027.3100887474047,1031.7805417010488,750200
2018-08-02,1067.544189453125,1081.8496392280413,1033.5687462376989,1033.5687462376989,1290800
2018-08-03,1087.2142333984375,1090.7905960083008,1046.0860633850098,1063.9678764343262,933400
2018-08-06,1081.849365234375,1087.2139075413224,1071.1202806204803,1076.4848229274278,867500
2018-08-07,941.4773559570312,977.2409782156079,923.595544827743,931.6423598359227,2341400
2018-08-08,921.8075561523438,945.0539154733534,899.4552875744498,927.1721006110382,1186200
2018-08-09,914.6546630859375,942.3714710582386,912.8664819264342,923.595568883454,600800
2018-08-10,918.23095703125,928.0659526761807,907.501870873144,914.6545949785481,396200
2018-08-13,911.0783081054688,923.5955763228156,901.2433116489818,907.5019457576553,408000
2018-08-14,914.6546630859375,932.5364746809704,907.5019384479242,911.9723913466825,527000
2018-08-15,901.2432250976562,916.4427636161683,896.7727725922116,907.5018586052789,550700
2018-08-16,908.39599609375,911.9723582830954,879.7850985789862,896.7728189783771,776000
2018-08-17,917.3369750976562,923.5956094306812,903.9256158126028,908.3960689076206,416900
2018-08-20,907.5020141601562,931.6424618274707,895.8788356536714,928.9601898644357,606200
2018-08-21,910.1841430664062,920.9132292322186,890.5141517624171,903.0314189558648,566200
2018-08-22,903.9256591796875,924.48974440336,895.8788432225983,898.5611152082947,629400
2018-08-23,900.3491821289062,910.1841781601058,896.7728199357429,903.9255443220698,445900
2018-08-24,899.4552001953125,908.3961067578903,896.7729282265393,901.2433815078281,262200
2018-08-27,902.1373901367188,907.5019335864912,895.8787561119843,899.4551184118326,545500
2018-08-28,902.1373901367188,927.1719262356564,901.2432995617568,908.3960241614532,824800
2018-08-29,934.3245239257812,935.2186143792987,904.819538959704,905.7136294132215,679900
2018-08-30,936.1129150390625,959.3592720505387,931.6424617676248,944.1597309276505,584100
2018-08-31,911.972412109375,930.7483147116269,906.6078685087316,926.2778617110907,398000
2018-09-03,901.2432250976562,922.7013971237909,900.3491345965673,920.9132161216131,214600
2018-09-04,897.6669311523438,905.7137462722352,896.7728405834669,901.2432934278511,208900
2018-09-05,884.2555541992188,899.4550935535026,883.3614636489668,894.0905502519906,626400
2018-09-06,861.0092163085938,877.1028465199694,856.5387634721005,876.2087559526707,397500
2018-09-07,816.3046875,849.3860384720701,812.7283252327492,849.3860384720701,708600
2018-09-10,791.2702026367188,814.5165588723738,788.587930763374,814.5165588723738,700100
2018-09-11,789.48193359375,817.1987398694083,788.5878430687287,790.3760241187713,578600
2018-09-12,768.9178466796875,794.8464717421422,764.4473940827127,788.5878381063773,424600
2018-09-13,765.3414916992188,776.9646685591367,761.7651295884747,768.9178538099627,489800
2018-09-14,781.4351196289062,789.4819343619271,762.6592185851911,764.4473996369735,634800
2018-09-17,781.4351196289062,781.4351196289062,781.4351196289062,781.4351196289062,0
2018-09-18,776.0706176757812,784.117432836014,764.4474402221117,773.3883459557036,622400
2018-09-19,830.6100463867188,842.2332224933144,787.6937038392887,787.6937038392887,1156800
2018-09-20,813.6224365234375,848.491969517299,806.4697118067479,835.9747012630924,1072500
2018-09-21,817.1988525390625,822.5633964288156,795.7406769800499,810.046127352725,898100
2018-09-24,817.1988525390625,817.1988525390625,817.1988525390625,817.1988525390625,0
2018-09-25,797.5288696289062,808.2579575611337,793.0584163238115,806.4697762390957,596200
2018-09-26,779.1484375,802.4601283803222,779.1484375,785.424661967779,743900
2018-09-27,781.8382568359375,795.2873094191245,780.9416533303918,788.1144813747582,550600
2018-09-28,773.768798828125,790.8042648509922,771.9755918783495,784.528040526778,618900
2018-10-01,770.1824340820312,775.5620552746881,759.4231916967177,770.1824340820312,631600
2018-10-02,760.3197631835938,774.6654190927181,759.4231596892735,767.492591138156,551500
2018-10-03,753.14697265625,768.3892328171503,753.14697265625,768.3892328171503,389500
2018-10-04,745.0774536132812,756.7332982546443,735.2148158398202,751.3536776509383,524100
2018-10-05,719.9725952148438,737.9046648341424,717.2827847719489,735.2148543912476,645200
2018-10-08,719.9725952148438,719.9725952148438,719.9725952148438,719.9725952148438,0
2018-10-09,702.0406494140625,717.2829112787357,694.8678203012752,711.9032894441451,448900
2018-10-10,706.5234985351562,712.7997225069153,694.8676540161753,698.4540677143233,454000
2018-10-11,671.5559692382812,687.6948309823254,667.0729520871579,672.4525726685059,642500
2018-10-12,685.9016723632812,691.2812933229933,663.4865850311479,667.0729990042892,373700
2018-10-15,666.1763916015625,678.7288404338934,666.1763916015625,677.8322369458698,385900
2018-10-16,676.9356079101562,676.9356079101562,656.3137284638866,668.8661768224855,500100
2018-10-17,698.4541015625,709.2133431783536,677.8322217987804,678.7288252667682,654300
2018-10-18,693.074462890625,709.2133248984275,692.1778594457471,707.4201180086716,232400
2018-10-19,679.6253662109375,685.9015899094553,667.9695221994042,685.9015899094553,251400
2018-10-22,676.9356079101562,679.6254182727132,659.9001422806292,676.0390044559706,214100
2018-10-23,662.5900268554688,677.8322872838083,662.5900268554688,671.5560624015509,195200
2018-10-24,650.0374755859375,676.038974609375,647.3476653421336,671.5559575363685,273600
2018-10-25,600.7242431640625,624.9325335602263,591.7582096840018,609.6902766441232,917200
2018-10-26,597.1378173828125,611.4834706532705,585.4819741005655,604.3106440180416,701100
2018-10-29,572.0330200195312,598.9311244091643,571.1364165398768,588.1718826533111,616700
2018-10-30,635.6918334960938,635.6918334960938,563.06695548032,563.06695548032,991000
2018-10-31,718.1793212890625,731.6283722495318,654.5204800761743,655.4170834735389,1764100
2018-11-01,728.9385986328125,744.1808571528098,696.6608747081123,712.7997366704624,898600
2018-11-02,750.4571533203125,760.3197921333632,699.3507521981406,728.9386686372927,976100
2018-11-05,734.3182373046875,746.8706858056223,722.6623922681052,735.21484076904,867600
2018-11-06,709.21337890625,762.1129861824431,686.7982910773546,761.2163826692873,1522600
2018-11-07,715.4896240234375,738.8013160342263,702.9371744791667,722.6624523344494,944800
2018-11-08,766.5958862304688,774.6653166118422,736.1113714563917,742.3875950863487,1314600
2018-11-09,756.7332763671875,787.2177922397993,754.9400695511515,763.9061036313315,845200
2018-11-12,789.0111083984375,791.7009189952504,742.387724720348,746.8707423817027,1045500
2018-11-13,783.6314086914062,789.0110293460384,754.9400985333685,765.6993398426326,961700
2018-11-14,763.9061279296875,791.7008344623405,762.1129210566131,787.2178172796545,611400
2018-11-15,732.5250244140625,751.3536970122208,730.7318174999522,739.6978520705038,505500
2018-11-16,728.0418701171875,756.7331753434806,721.7656470989359,737.9045062887258,471400
2018-11-19,755.8367309570312,764.8027657252048,715.4895745002502,722.6624023147891,473200
2018-11-20,795.2872314453125,819.4955237215509,736.1114058811743,737.0080092988127,1860800
2018-11-21,796.1838989257812,808.7363477827192,772.8722081914678,778.2518291301556,1138400
2018-11-22,806.9429321289062,815.0123614501953,791.7006767442491,797.0802962917752,878500
2018-11-23,806.9429321289062,806.9429321289062,806.9429321289062,806.9429321289062,0
2018-11-26,801.5635986328125,826.6684988137059,794.3907700097001,811.4262379895921,676500
2018-11-27,763.9061279296875,802.4600757007868,758.5265073104644,801.5634722642495,1104900
2018-11-28,775.56201171875,787.2178569815751,755.8367351201229,759.4231490471459,627600
2018-11-29,780.941650390625,797.9771169318672,775.5620293776012,793.494099421014,540200
2018-11-30,811.4261474609375,811.4261474609375,786.3212500809306,789.0110605145028,796400
2018-12-03,825.7716674804688,835.6343041170433,816.8056341744918,820.3920474968826,792200
2018-12-04,799.7703857421875,838.3243393149611,795.2873678848882,825.7718893145233,935700
2018-12-05,794.3906860351562,808.7363417649108,767.4925815418666,775.5620128898535,766600
2018-12-06,744.1808471679688,797.97705298734,728.9385888524803,796.1838461266943,950000
2018-12-07,724.4556274414062,756.7333534165184,720.8692134441716,748.6639219227404,626900
2018-12-10,650.0374755859375,712.799714608028,641.9680448545258,704.7302838766163,1227600
2018-12-11,634.7952880859375,669.7628251415188,632.1054775432004,659.0035829705707,588100
2018-12-12,682.315185546875,696.6608399079131,641.9680326564553,648.2442564394095,730500
2018-12-13,703.8338623046875,716.3863133521596,684.1085820872313,688.5916003184714,768300
2018-12-14,681.418701171875,711.0066184596012,664.3832336425781,704.7303935803866,585200
2018-12-17,677.8321533203125,689.4879972266142,668.8661195462344,674.2457398106812,500000
2018-12-18,656.3137817382812,672.4526452236488,648.2443499955975,657.2103852652461,414400
2018-12-19,659.900146484375,683.2118364417034,645.554491126019,646.4510945859163,471900
2018-12-20,609.6903686523438,659.0035602345187,595.3447129193474,646.4511114681468,1055600
2018-12-21,582.792236328125,597.1378913762019,555.8941331129807,594.4480810546875,1174500
2018-12-24,582.792236328125,582.792236328125,582.792236328125,582.792236328125,0
2018-12-25,510.1673583984375,549.6179098387385,507.4775480729624,528.996030676763,1252800
2018-12-26,533.47900390625,548.7212611607143,515.5469365480567,537.9620207457983,791100
2018-12-27,568.4467163085938,580.999167457364,551.4112468924056,578.3093564969132,734800
2018-12-28,566.6533813476562,575.6194158626508,553.2043295751644,554.9975364781633,462400
2018-12-31,566.6533813476562,566.6533813476562,566.6533813476562,566.6533813476562,0
2019-01-04,555.8941040039062,562.1703277587891,538.8586395263673,546.9280700683594,796900
2019-01-07,578.3092041015625,596.241272445797,572.9295835982921,587.2752382736797,463200
2019-01-08,599.8276977539062,608.7937321000035,578.3092153232728,578.3092153232728,493300
2019-01-09,591.7582397460938,617.7597381591797,590.8616363525391,608.7937042236329,504300
2019-01-10,580.1024169921875,593.5514683907699,569.3431758733216,591.7582615376256,309700
2019-01-11,589.9651489257812,604.3108060425176,584.5855275070052,586.3787346465972,635200
2019-01-15,605.2074584960938,607.8972694227431,579.2059528718171,580.99916015625,331500
2019-01-16,598.9310302734375,614.1732870318932,591.758203563576,609.6902703382298,306600
2019-01-17,612.3800659179688,639.2781654458444,602.5174294244143,609.6902559651811,714300
2019-01-18,614.17333984375,628.5189944970347,612.3801330120895,614.17333984375,275800
2019-01-21,617.7599487304688,645.554663404844,610.5871191370816,629.4157968197229,596900
2019-01-22,606.1039428710938,626.7258225841636,598.034511679023,624.9326156525922,287200
2019-01-23,607.0005493164062,614.1733770779,594.4481007337922,594.4481007337922,288400
2019-01-24,595.3446655273438,606.103906470609,591.7582518795887,603.4140962347926,228900
2019-01-25,596.2413330078125,610.5869891403313,594.4481259912477,595.3447294995301,389000
2019-01-28,601.6209106445312,616.8631691854508,599.8277037573642,605.2073244188653,389600
2019-01-29,593.5514526367188,597.1378662478168,576.5159879840032,593.5514526367188,558700
2019-01-30,574.7228393554688,600.7243406679627,574.7228393554688,598.931133680894,325300
2019-01-31,583.68896484375,604.3108483942972,578.309343047955,583.68896484375,456400
2019-02-01,576.5159912109375,589.0684389200403,573.8261809875584,582.7922150654889,355800
2019-02-04,609.6903686523438,611.4835756189683,581.8956606696634,585.4820746029125,535400
2019-02-05,566.6533813476562,578.3092262171492,554.1009330266638,573.8262089596519,1039500
2019-02-06,572.9296264648438,585.4820752449812,566.653402074775,566.653402074775,590000
2019-02-07,576.5159912109375,578.3091980265236,562.1703366862486,568.4465605408,293900
2019-02-08,563.0668334960938,572.0328658766048,562.1702302580426,571.1362626385536,300400
2019-02-12,589.9651489257812,591.7583560653733,558.5840239829206,560.3772311225126,397600
2019-02-13,593.5514526367188,607.0005036783363,589.9650390256207,600.7242798589147,307200
2019-02-14,598.9310302734375,616.8630970480913,595.3446169185067,599.8276336121702,353900
2019-02-15,593.5514526367188,599.8276764561402,587.2752288172973,591.7582458311697,199300
2019-02-18,613.2767944335938,624.0360364412007,607.0005699291564,614.1733979342276,358400
2019-02-19,617.7599487304688,617.7599487304688,606.1041006412146,608.7939117387348,215500
2019-02-20,637.4850463867188,654.5205117613286,623.1393913344157,624.9325982159536,845900
2019-02-21,638.3816528320312,643.7612735019641,622.2427908222327,636.5884459420537,395800
2019-02-22,650.0374755859375,650.9340790005388,628.5189936355065,628.5189936355065,265900
2019-02-25,653.6240234375,659.9002486282578,639.2783658586249,659.0036450295781,374000
2019-02-26,651.8307495117188,663.4865951013368,642.8647144427817,657.2103705530809,249900
2019-02-27,644.6578369140625,650.0374572499239,638.3816131888908,649.1408538606137,225500
2019-02-28,632.1054077148438,640.1748384516291,621.3461667324634,639.2782350364306,359100
2019-03-01,616.8631591796875,640.1748483347338,616.8631591796875,633.8986243314522,345200
2019-03-04,624.0360717773438,634.7953143941945,617.7598469175141,623.1394682259395,309000
2019-03-05,662.5900268554688,663.4866304100769,623.1394704527074,624.9326775619238,871900
2019-03-06,678.7286987304688,703.8335911537886,668.8660624213073,670.659269022973,1205100
2019-03-07,659.0034790039062,672.4525295958227,648.2442385303731,668.866116104645,683300
2019-03-08,638.3816528320312,667.0729630716731,636.5884459420537,645.5544803919418,515500
2019-03-11,618.6563720703125,644.6578717660213,612.3801480058311,636.5884408259737,316300
2019-03-12,633.898681640625,641.9681132315241,628.5190605800257,628.5190605800257,148700
2019-03-13,624.9327392578125,630.3123611165598,615.0700991834424,625.829342900937,147300
2019-03-14,608.7937622070312,636.5884700544804,607.0005552491313,632.1054526597305,187600
2019-03-15,605.2074584960938,614.1734949182581,597.1380257161459,602.5176475694444,183000
2019-03-18,662.5900268554688,665.2798375192933,615.0700384612335,615.0700384612335,605700
2019-03-19,670.6593627929688,676.0389833501316,645.5544668595421,668.8661559405812,551000
2019-03-20,688.5914306640625,702.04048204422,670.6593621571859,678.7287929852804,1085600
2019-03-22,686.7981567382812,696.660793453844,668.8660899827125,690.384570089395,381700
2019-03-25,667.9696044921875,676.0390359558514,646.4511205890834,667.0730009962248,319500
2019-03-26,656.3137817382812,677.8322663854381,651.8307641034569,672.4526452236488,221500
2019-03-27,645.953125,660.3676996164575,640.5476595188285,656.764055962343,172900
2019-03-28,642.3496704101562,645.0524039462439,625.2323580149347,642.3496704101562,181700
2019-03-29,636.9441528320312,650.4578194409145,618.0250195795946,648.6559972263967,507000
2019-04-01,644.1514282226562,663.9714721679687,644.1514282226562,649.556894753196,317300
2019-04-02,650.4578247070312,668.4760469980847,645.9532691342679,663.0705803107686,293700
2019-04-03,667.5751342773438,674.7824231764243,650.4578231420272,650.4578231420272,336000
2019-04-04,664.8724365234375,686.4943043778583,662.1697030416349,681.088837414253,384400
2019-04-05,644.1514282226562,657.6650945490057,636.9441395152699,655.8632723721591,468400
2019-04-08,670.27783203125,685.5933201287382,651.3586996755292,651.3586996755292,496700
2019-04-09,651.3587036132812,672.0796582233856,647.7550593332631,670.2778360833765,254000
2019-04-10,663.070556640625,664.8723788054093,641.4486906632134,641.4486906632134,203200
2019-04-11,646.8541870117188,664.8724094911538,646.8541870117188,659.4669427473233,135200
2019-04-12,639.6469116210938,650.4578453386333,636.9441781917088,650.4578453386333,206100
2019-04-15,668.4760131835938,668.4760131835938,646.8541475280597,648.655969666021,347900
2019-04-16,676.5843505859375,684.6925518579394,664.8725043041569,669.3770605663802,296400
2019-04-17,690.0977783203125,690.9986892580674,673.8813814407229,678.3859361294977,311200
2019-04-18,657.6651611328125,695.5034306774401,657.6651611328125,692.8006971385381,318400
2019-04-19,680.1878662109375,680.1878662109375,661.2687335083816,661.2687335083816,202600
2019-04-22,679.2869873046875,685.5933651709114,667.575142695986,681.9897206759264,211500
2019-04-23,670.27783203125,678.3860316122732,656.7641660628781,675.6832984185988,190900
2019-04-24,649.5569458007812,668.4760801444934,645.9533011638838,664.8724355075958,285900
2019-04-25,649.5569458007812,655.863323915352,639.646923049313,654.0615015969032,279200
2019-04-26,647.7550048828125,650.4577378656337,634.2413399687066,641.4486279228964,281900
2019-05-07,606.3131103515625,636.9440847229639,606.3131103515625,634.2413516901931,674800
2019-05-08,598.2049560546875,604.5113336034568,586.4931120355445,588.2949341923357,678400
2019-05-09,573.88037109375,599.1058819110576,572.9794599931319,594.601326407967,334000
2019-05-10,572.9794311523438,588.2949190919504,563.970320599634,568.4748758759888,283400
2019-05-13,558.5648193359375,570.2766623220136,556.7629973380797,569.3757513230847,307500
2019-05-14,542.3485107421875,545.9521553318366,527.9339323835911,538.7448661525384,709900
2019-05-15,554.0602416992188,560.3666184340066,534.2402005327426,559.4657074718941,375400
2019-05-16,494.60015869140625,528.8347780543816,486.4919593685963,527.9338670185138,1317100
2019-05-17,481.9874572753906,502.70841338255696,475.6810793297313,495.50112430180343,823000
2019-05-20,466.6719665527344,491.89747825828755,462.16741089102845,489.194744861264,702800
2019-05-21,465.7710876464844,467.5729100358325,447.75286375300334,463.0683540624622,588400
2019-05-22,472.97833251953125,479.28471028645833,465.7710436430432,474.7801547386533,371900
2019-05-23,463.9692077636719,470.2755853449257,455.8610080163456,470.2755853449257,287200
2019-05-24,474.7801818847656,476.582004206909,459.4646921465474,460.36560330761904,241500
2019-05-27,476.5819396972656,484.690139049393,467.572829306013,471.176473462514,271100
2019-05-28,513.5194091796875,519.8257878889117,477.48295941269186,485.5911606102659,1002300
2019-05-29,487.3929138183594,509.91569172124105,486.4920027022441,495.50111386339677,715700
2019-05-30,497.3028259277344,498.20373684427017,472.9782311812691,478.38369668048364,580600
2019-05-31,477.48284912109375,495.5010698426445,477.48284912109375,490.9965146622568,541200
2019-06-03,472.0774230957031,476.5819786595934,460.36557862958836,466.67195641903476,560100
2019-06-04,531.5374755859375,533.3392975370763,481.0864609540519,485.59101583189886,1780300
2019-06-05,530.6366577148438,555.8621694568058,528.8348354475607,540.5466801849003,1598800
2019-06-06,514.4203491210938,532.4385750097485,513.519437826661,526.1321959487194,575100
2019-06-07,527.933837890625,540.5465916968857,518.0238170428488,540.5465916968857,518300
2019-06-10,557.6638793945312,557.6638793945312,532.4383727337124,543.2493041597776,742300
2019-06-11,560.3668212890625,564.8713777302929,542.3485955241409,550.4567971183557,583300
2019-06-12,561.2676391601562,578.3849507878335,558.5649057452598,563.0694614367538,899200
2019-06-13,548.6548461914062,570.2767120511661,545.9521129589363,569.3758009736762,584900
2019-06-14,554.0602416992188,560.3666184340066,544.1502211159807,545.9520430402058,392100
2019-06-17,550.456787109375,560.3668110998874,549.5558758375103,554.0604321968341,311100
2019-06-18,539.645751953125,558.5648851601628,538.7448408480279,549.5557741091924,357400
2019-06-19,551.3576049804688,564.8712717692057,549.5557827419705,557.6639828152126,383700
2019-06-20,569.3757934570312,570.2767045226278,547.7539278827136,556.7630385386793,554600
2019-06-21,561.2676391601562,575.6822173729372,561.2676391601562,572.0785728197419,389500
2019-06-24,556.762939453125,563.0693157899727,552.2583849268052,558.5647612636529,268600
2019-06-25,566.6730346679688,573.8803228672434,561.2675685185128,563.0693905683314,433500
2019-06-26,572.9794311523438,575.6821643181567,560.36667637855,561.267587433821,269800
2019-06-27,570.2767944335938,578.3849953023179,561.2676823572336,575.6822616794097,284700
2019-06-28,564.871337890625,567.5740715647428,558.5649593176834,563.970426665919,278900
2019-07-01,589.1959228515625,589.1959228515625,573.8804325022099,573.8804325022099,628100
2019-07-02,586.4932250976562,590.9977813580069,580.1868463331652,590.0968701059368,242600
2019-07-03,578.3849487304688,586.4931489463164,573.8803930549979,584.691326676128,537100
2019-07-04,594.6012573242188,594.6012573242188,587.3939693566524,590.9976133404356,328400
2019-07-05,598.2049560546875,599.105867133083,590.9976674275226,597.3040449762918,239300
2019-07-08,590.9977416992188,594.6013864656774,587.3940969327601,590.0968305076041,224800
2019-07-09,578.3849487304688,590.9977046217874,573.8803930549979,588.2949712165048,256600
2019-07-10,578.3849487304688,581.9885932708455,566.6731039742443,578.3849487304688,183700
2019-07-11,573.88037109375,590.0967709048764,566.673082288805,581.087659898695,749600
2019-07-12,558.5648193359375,574.7812173166583,555.8620863391507,570.2766623220136,311700
2019-07-16,559.4658203125,567.5740206068841,555.8621757372182,555.8621757372182,186200
2019-07-17,556.762939453125,559.4656721689169,545.9520085899576,554.9611176425971,181600
2019-07-18,531.5374755859375,550.4566060728946,530.6365646103682,549.5556950973253,418400
2019-07-19,540.5467529296875,543.2494866943359,528.834906616211,529.7358178710938,174700
2019-07-22,545.9520263671875,547.7538482363861,535.1410951519956,540.5465607595916,126900
2019-07-23,551.3576049804688,561.2676272922092,545.952138264974,547.7539605034722,203800
2019-07-24,558.5648193359375,563.9702853295111,553.1593533423639,560.3666413337953,167800
2019-07-25,559.4658203125,563.9703760316023,554.0603534495773,554.9612645933978,154200
2019-07-26,554.9612426757812,558.5648871087409,546.8530427016221,554.9612426757812,273600
2019-07-29,552.258544921875,563.069478917083,542.3485220929343,559.4658342520137,444500
2019-07-30,549.5557861328125,563.9703641297388,549.5557861328125,555.8621640064678,246600
2019-07-31,538.7448120117188,549.5557446942281,537.843900954843,544.1502783529735,243800
2019-08-01,539.645751953125,543.2493963735132,527.0329964817665,530.6366409021547,193700
2019-08-02,522.5283813476562,534.2402243778623,518.0238263360385,527.9338473615975,407000
2019-08-05,512.618408203125,522.5284301543278,503.6092973383952,519.8256968949088,370400
2019-08-06,506.31207275390625,511.7175397228092,482.888382555327,490.99658300868134,429300
2019-08-07,527.032958984375,539.6457135583601,468.47374131944446,468.47374131944446,1345900
2019-08-08,533.33935546875,551.3575769372889,525.2311558079075,529.7357111750422,591800
2019-08-09,543.2494506835938,549.5558290497382,536.0421611222857,540.5467170981033,239800
2019-08-13,551.3576049804688,553.159427218967,533.3393825954861,536.0421159532335,326600
2019-08-14,543.2494506835938,556.7631186110464,543.2494506835938,554.0603850255558,262200
2019-08-15,530.6366577148438,531.5375688484853,513.5193461756553,525.2311909129947,575300
2019-08-16,518.9248046875,533.3393825954861,515.3211602105034,527.9339158799913,336800
2019-08-19,496.4019470214844,528.8347421081876,493.69921409759246,527.9338311335569,562100
2019-08-20,559.4658203125,572.9794874698068,500.9065959641707,500.9065959641707,1915100
2019-08-21,557.6638793945312,563.0693451075639,551.3575027293265,558.5647903467034,616700
2019-08-22,557.6638793945312,566.6729889162523,554.0602355858429,562.1684341553918,299200
2019-08-23,557.6638793945312,559.4657012988754,548.6547698728102,555.862057490187,224400
2019-08-26,546.8529052734375,554.0601923281122,542.3483508642659,544.1501726279345,257300
2019-08-27,561.2676391601562,561.2676391601562,550.4567055005706,552.2585277771682,217700
2019-08-28,561.2676391601562,565.7721948516503,556.7630834686622,563.0694614367538,173400
2019-08-29,566.6730346679688,572.0785008174247,554.0602803192381,564.8712126181501,355400
2019-08-30,570.2767944335938,608.1150651543061,560.3667711495976,574.7813504717737,859000
2019-09-02,562.1683959960938,570.2765940152682,560.366574214055,563.0693068871132,142300
2019-09-03,581.9887084960938,586.493265063401,563.0695709134035,568.4750387941721,281000
2019-09-04,590.0966796875,591.8985016102099,577.4839262285305,578.3848371898855,276900
2019-09-05,629.7368774414062,630.6377885679319,594.6013435069073,594.6013435069073,898000
2019-09-06,634.2413330078125,640.5477098985152,619.8267572576349,630.6376890702682,714100
2019-09-09,636.0430908203125,654.9622195840896,631.5385363527465,641.4485561813916,797600
2019-09-10,642.3496704101562,645.9533151249398,628.8360027297182,642.3496704101562,296700
2019-09-11,659.4669799804688,661.2688023301421,645.9533123579181,646.8542235327549,549900
2019-09-12,672.9806518554688,675.683385397057,663.0706288696452,666.6742735917629,512400
2019-09-13,672.0797119140625,674.7824453399904,657.6651336424472,673.8815341980144,387900
2019-09-17,671.1787719726562,677.4851496958893,664.8723942494232,668.4760386626992,276100
2019-09-18,672.0797119140625,674.7824453399904,664.8724227782549,671.1788007720866,327300
2019-09-19,703.6114501953125,709.0169158818322,672.0795670239477,672.0795670239477,768200
2019-09-20,728.8370361328125,728.8370361328125,706.3142599853214,711.7197262607193,1034400
2019-09-24,733.3416748046875,747.7562531792269,716.2243629849221,729.7380302110527,832400
2019-09-25,733.3416748046875,738.7471416951397,722.530741023783,728.837119062644,344100
2019-09-26,737.84619140625,751.359857915522,732.4407248025412,743.2516580099588,737100
2019-09-27,745.0798950195312,753.2179035816379,721.5700925067791,743.2714486723966,690500
2019-09-30,754.1221923828125,762.2602016531306,743.2715133557217,749.6010761215247,549500
2019-10-01,768.58984375,770.3982904411764,760.4518336397058,763.1645036764705,422600
2019-10-02,793.907958984375,794.8121821722842,751.4094691526374,756.8348082800932,815400
2019-10-03,790.2911376953125,799.3333703920551,774.9193421108499,782.153128268244,657200
2019-10-04,802.9503173828125,804.7587640435846,788.4827440966357,799.3334240612683,548500
2019-10-07,804.7587280273438,813.8009609265274,793.9080485483233,813.8009609265274,420900
2019-10-08,840.9277954101562,848.1615828975554,810.1841985887097,811.0884220246346,1101600
2019-10-09,849.0656127929688,856.2993986314605,829.1727017371164,834.5980411159852,876400
2019-10-10,819.2262573242188,850.8740707970086,811.0882481455013,850.8740707970086,866200
2019-10-11,825.5559692382812,852.6826714038326,823.7475224272445,832.7897564824283,910600
2019-10-15,798.4291381835938,826.4600592296769,790.2911288476341,823.7473894510237,1155100
2019-10-16,788.4827270507812,816.5136496867608,781.2489405640767,808.3756398892184,977300
2019-10-17,784.86572265625,793.907954484087,778.5361603767641,782.1530531078989,508400
2019-10-18,803.8544311523438,821.0346720881081,782.153074180852,784.8657438022884,766300
2019-10-21,819.2262573242188,827.3642665029362,812.8966946296607,816.5135875979796,304100
2019-10-23,819.2262573242188,832.7896059554143,818.322034082139,827.3642665029362,364400
2019-10-24,786.6742553710938,824.6516332165949,783.9615855249866,820.1305168064162,791000
2019-10-25,793.0037231445312,802.0459548793606,785.7699377566678,791.1952767975654,385000
2019-10-28,794.812255859375,802.0460420332942,786.6742464137159,792.0995860441552,398000
2019-10-29,830.0769653320312,832.7896351533778,797.5249274758731,797.5249274758731,1034300
2019-10-30,843.6402587890625,848.1613748597434,810.1839998660236,833.6938034335644,1608000
2019-10-31,813.8008422851562,837.3106443956164,813.8008422851562,834.5979749213325,509300
2019-11-01,803.8544311523438,815.6093328452351,793.0037526665978,813.8008864309442,371900
2019-11-05,815.6094360351562,828.2685625368106,804.7587561765954,805.6629794981421,457400
2019-11-06,789.3869018554688,807.4713669609778,774.0151065157861,804.7586971951514,992800
2019-11-07,838.2149658203125,877.0965661765945,734.2292904488605,750.505309202653,2716800
2019-11-08,914.1697998046875,914.1697998046875,866.2459626240263,877.0966427404024,2509700
2019-11-11,907.840087890625,944.0090156950323,896.0851863541926,932.2541141585999,932900
2019-11-12,896.0852661132812,902.4148290424365,886.1388100817513,896.0852661132812,533300
2019-11-13,912.3612060546875,923.2118844220375,887.0429565308706,909.64853646285,953100
2019-11-14,868.9585571289062,903.319041177708,868.9585571289062,898.7979248554972,768300
2019-11-15,858.1077880859375,877.0964746505367,852.6824490674805,872.5753588018226,577200
2019-11-18,890.659912109375,894.2768051534739,856.2994281904346,857.2036514514593,504800
2019-11-19,876.1923217773438,894.2767866231094,862.6289731430195,894.2767866231094,491600
2019-11-20,838.2149658203125,867.1501102714991,831.8854029716155,865.3416637432999,640200
2019-11-21,836.4065551757812,839.1192250844595,814.7051959063556,831.8854386613175,606300
2019-11-22,841.831787109375,844.5444566704149,819.2262074340427,825.5557697431358,408800
2019-11-25,843.6402587890625,860.82049985765,839.1191427183816,848.1613748597434,336800
2019-11-26,846.35302734375,857.2037071814904,826.4601143078926,851.7783672626201,505700
2019-11-27,839.1192016601562,854.4909973802237,833.69386199425,849.0656577143176,274000
2019-11-28,809.27978515625,834.5980354181215,792.0995439071229,834.5980354181215,958800
2019-11-29,796.6207275390625,811.9925236436754,786.6742712360776,811.0883003434042,397200
2019-12-02,792.0995483398438,795.7164412546375,779.4404231380654,795.7164412546375,436000
2019-12-03,786.6742553710938,806.56716757588,778.5362458327721,781.2489156788794,461000
2019-12-04,785.7700805664062,787.5785272420482,769.4940604856291,775.8236238503757,382300
2019-12-05,774.9193725585938,795.7165085782526,774.0151492533912,788.4827221366321,243400
2019-12-06,776.7278442382812,783.057407578989,764.9729408912525,768.5898342287999,214900
2019-12-09,766.7813720703125,778.5362751798809,764.0687021219505,774.9193819153984,263800
2019-12-10,768.58984375,769.4940670955882,760.4518336397058,764.9729503676471,244300
2019-12-11,760.4517822265625,775.8235780622956,751.4095493820136,773.1109082089309,388600
2019-12-12,768.58984375,770.3982904411764,755.0264935661764,764.9729503676471,233800
2019-12-13,785.7700805664062,792.0996439311529,777.6320705260176,785.7700805664062,419900
2019-12-16,776.7278442382812,794.8123109260177,771.3025042319603,793.9080875916309,265000
2019-12-17,779.4403076171875,789.3867616587061,770.3980766703523,780.344530711871,344100
2019-12-18,776.7278442382812,782.1531842446022,771.3025042319603,782.1531842446022,211200
2019-12-19,793.0037231445312,793.9079463180142,764.0685815930775,777.6319291953214,475300
2019-12-20,788.4827270507812,799.3334067808379,782.1531638749149,793.0038436049715,298000
2019-12-23,781.2489013671875,790.2911340219003,778.5362315707737,786.6742409600153,247100
2019-12-24,799.3333740234375,801.1418205710019,782.1531318215763,785.770024916705,504300
2019-12-25,788.4827270507812,803.8545233350281,778.5362706315626,802.95030002419,501900
2019-12-26,790.2911376953125,797.5249238527067,785.7700213469411,795.7164773133582,346400
2019-12-27,799.3333740234375,802.9502671185662,783.0573550953585,791.1953645593981,272500
2019-12-30,783.057373046875,802.0460622316145,779.4404798688295,801.1418389371031,260000
2020-01-06,744.1757202148438,774.0150868820245,735.1334878914556,769.4939707203305,582000
2020-01-07,770.3982543945312,777.632040820771,750.505341722372,755.9306815420517,847300
2020-01-08,759.5475463867188,764.9728860037667,746.8884206136067,758.6433231172107,343200
2020-01-09,773.1109008789062,793.0038129483049,771.3024543271426,773.1109008789062,383700
2020-01-10,772.2067260742188,779.4405127353356,764.0687160804623,776.7278427374167,229200
2020-01-14,778.5361938476562,790.291095729212,774.0150777393656,785.7699796209213,278600
2020-01-15,764.0684814453125,776.7276042148206,762.2600353353828,776.7276042148206,263200
2020-01-16,754.1221923828125,768.5897644189336,753.2179691305549,768.5897644189336,198000
2020-01-17,755.9306640625,765.8771201685855,752.3137709330143,760.4517804743571,220100
2020-01-20,746.8886108398438,755.9308458379048,744.1759403404254,750.5055048390682,222000
2020-01-21,746.8886108398438,761.3561868367415,740.559046341201,748.697057839456,301200
2020-01-22,736.9419555664062,741.4630718582247,732.4208392745878,741.4630718582247,246300
2020-01-23,725.18701171875,731.516574165173,719.7616724789589,731.516574165173,345900
2020-01-24,712.5279541015625,721.570187021633,693.5392649694143,715.2406239775836,829400
2020-01-27,690.82666015625,701.6773406822643,688.1139900247464,689.0182134019143,291900
2020-01-28,699.8687133789062,703.4856059545078,680.880027356998,687.2095893643008,270200
2020-01-29,695.34765625,711.6236742116384,689.0180937093628,708.9110045513654,199200
2020-01-30,685.401123046875,707.1024778663011,677.2631149895902,706.1982547488251,422400
2020-01-31,697.1561279296875,702.5814674466501,678.1674396203186,678.1674396203186,323500
2020-02-03,683.5927124023438,697.1560598706442,669.1251417694899,670.0293649340432,515000
2020-02-04,685.401123046875,687.2095692818272,674.5504456371619,683.5926768119228,337300
2020-02-05,682.6885986328125,705.2941813689984,680.8801520139176,696.251948274524,404700
2020-02-06,688.1139526367188,696.2519625890584,660.0830294675488,671.8379327320395,650500
2020-02-07,701.6773071289062,728.8040071467764,692.6350737896162,714.3364338039123,626100
2020-02-10,707.1025390625,717.0489942155531,701.6771998881075,705.2940926710359,232100
2020-02-12,720.6659545898438,724.2828477120011,698.0603725763606,702.5814889790572,335100
2020-02-13,752.313720703125,753.217943925124,729.7081401531514,729.7081401531514,438900
2020-02-14,760.4517822265625,765.8771219332918,746.8884329597391,764.068675364382,437400
2020-02-17,706.1983032226562,741.4630072248119,701.6771873249439,740.5587840452695,487200
2020-02-18,660.9872436523438,690.8266130648299,660.9872436523438,689.01816643377,421800
2020-02-19,647.4237670898438,667.3166761345037,644.7110976746628,660.0828910273547,338400
2020-02-20,625.7225341796875,658.2745735300758,623.0098642338218,657.3703502147872,670600
2020-02-21,641.9985961914062,648.3281598158286,634.7648091920665,634.7648091920665,246500
2020-02-25,638.3815307617188,660.9871090464821,610.3506136886122,610.3506136886122,551800
2020-02-26,641.0942993164062,642.9027458589067,621.2013873489014,631.1478433326538,238300
2020-02-27,635.6688842773438,645.6153390811144,628.4350989655105,638.3815537692811,398400
2020-02-28,611.2549438476562,629.3394096419656,605.8296041093635,613.0633904270871,518700
2020-03-02,636.5731811523438,638.3816276897084,607.63803655451,607.63803655451,268600
2020-03-03,622.1056518554688,653.7534684469533,619.3929818619129,650.1365751222122,298700
2020-03-04,642.9027099609375,649.2322725062631,615.7760133381131,616.680236558874,300100
2020-03-05,669.1251831054688,672.74207598712,639.2858168318464,655.5618347992768,692200
2020-03-06,632.0520629882812,661.8914307688439,627.530946657893,660.0829842366886,451800
2020-03-09,583.2239990234375,623.0098222126333,574.1817664804385,604.9253571266352,552600
2020-03-10,583.2239990234375,585.9366687863372,542.5339525799419,547.0550688514414,465400
2020-03-11,583.2239990234375,597.691571092236,574.1817664804385,574.1817664804385,289800
2020-03-12,558.8098754882812,582.3196760751669,548.8634213938296,565.1394371847505,344400
2020-03-13,526.2578735351562,538.0127744904089,502.748071624651,513.5987494294995,580200
2020-03-16,520.8325805664062,550.6719471613566,518.1199108759562,526.2579199473063,299000
2020-03-17,560.6183471679688,568.7563554333102,502.74806616998484,502.74806616998484,555200
2020-03-18,593.1705322265625,620.2972333954602,566.9480544299614,566.9480544299614,339600
2020-03-19,623.9140625,669.1252264492754,596.7873641304348,612.1591598731884,720300
2020-03-23,634.7647705078125,660.9872467823517,596.7873910757211,596.7873910757211,422000
2020-03-24,646.5196533203125,663.6998958560971,632.9563039499564,648.3280999030267,439200
2020-03-25,673.6463623046875,673.6463623046875,637.477430100409,660.0830127280831,453000
2020-03-26,673.6463623046875,673.6463623046875,638.381653405516,669.1252457791527,697800
2020-03-27,685.401123046875,689.0180155167793,663.6997682274489,682.6884536944467,549200
2020-03-30,677.23095703125,700.8341807347521,651.8121007351709,685.4013036978469,520600
2020-03-31,647.27294921875,685.401229537386,639.1026034361851,676.3230675567584,430800
2020-04-01,634.5635375976562,647.2729646740041,624.5775591805258,635.4713538173954,464300
2020-04-02,652.7198486328125,659.9823782420789,634.5635246096466,635.4713408108049,486200
2020-04-03,622.7619018554688,667.2448948451452,612.7759238373782,638.194776974336,315300
2020-04-06,665.4293212890625,667.2449538164542,622.7619568953573,623.6697731590532,298600
2020-04-07,683.5856323242188,689.9403460377241,660.8902262045567,679.0465511002864,215000
2020-04-08,726.2529296875,726.2529296875,681.7699377441406,685.4012023925782,431800
2020-04-09,737.1466674804688,744.4091962241187,709.0043685988253,728.0685065509064,506900
2020-04-10,799.7861328125,800.6939490812997,754.3953193725171,772.5516447485102,890700
2020-04-13,763.4734497070312,795.2470177685605,763.4734497070312,789.800120386584,454500
2020-04-14,764.3811645507812,778.906222309466,756.2108195615211,762.5655323309456,207700
2020-04-15,752.5796508789062,763.4734455840292,740.7780399483564,763.4734455840292,301100
2020-04-16,757.1187744140625,758.0265906903383,734.4233675071661,739.8702651648213,246600
2020-04-17,739.8701782226562,773.4593764977952,737.1467297138612,771.6437441585986,320100
2020-04-20,826.1127319335938,856.0706661685482,760.7499663300566,767.1046796526227,1929800
2020-04-21,755.302978515625,836.0986096308782,723.5294157174917,825.2048166715182,994500
2020-04-22,748.9484252929688,755.3031392045455,729.8842835582386,748.0406090198863,303300
2020-04-23,761.65771484375,763.4733470603024,748.0404732196067,755.3030020858165,195700
2020-04-24,738.0546264648438,764.3812982575627,731.6999125838427,764.3812982575627,307200
2020-04-27,741.6859130859375,748.9484434466322,731.6999338399825,735.3311990203297,186000
2020-04-28,753.4874877929688,757.1187527943806,731.6998977844974,739.8702440376742,202700
2020-04-30,770.7359008789062,783.445326806238,756.2108426762413,761.6577395022407,347300
2020-05-01,756.2109375,770.7359975240096,751.6718562424969,762.5656512605042,174200
2020-05-07,753.4874877929688,768.0125477986163,744.409325289439,747.1327740404979,296600
2020-05-08,765.2890625,773.4594083629893,755.303084223013,765.2890625,195000
2020-05-11,781.6298828125,782.5376991688444,759.8422902602351,767.1048211109901,191800
2020-05-12,785.2610473632812,793.4313935208183,766.1969063290283,781.629782404376,228200
2020-05-13,781.6298828125,795.2471281576654,778.9064337434669,784.3533318815331,168800
2020-05-14,768.0125122070312,785.2610201643995,766.1968797904661,768.0125122070312,129900
2020-05-15,787.0767211914062,787.0767211914062,763.4734977185382,777.0907420298082,178700
2020-05-18,799.7861328125,801.6017653500993,777.0907260925085,780.7219911677072,235500
2020-05-19,816.1267700195312,818.8502186402861,800.6938945019206,812.4955051918581,334400
2020-05-20,846.9924926757812,858.7941029702992,796.1547867917044,796.1547867917044,730700
2020-05-21,855.1629028320312,874.2270439779682,837.0065779311388,848.8081891167188,550900
2020-05-22,868.7801513671875,894.1990063706162,838.8222151131465,862.4254376163303,613200
2020-05-25,900.5536499023438,902.3692822610178,866.0566350875362,889.6598557502992,402400
2020-05-26,890.5678100585938,910.5397691017018,861.5176878140728,907.816320141278,684700
2020-05-27,879.673828125,904.1848635835913,866.9644023316563,903.2770474554953,599800
2020-05-28,885.1207275390625,889.659808193109,854.2549790915465,889.659808193109,424600
2020-05-29,904.18505859375,909.6319565370858,884.2130994681852,885.1209157920746,523100
2020-06-01,908.7240600585938,945.9445260549998,906.0006113271494,910.5396925462234,777100
2020-06-02,938.6820678710938,940.4977004975368,911.4475784744469,922.3413742331056,467900
2020-06-03,937.7742309570312,942.3133124234254,924.1569865578488,942.3133124234254,295900
2020-06-04,963.193115234375,963.193115234375,934.1429930029896,951.3915030778747,617700
2020-06-05,951.3915405273438,965.0087858593191,944.1290096836236,953.2071732382739,247500
2020-06-08,983.1649169921875,987.7039978647275,965.9164096765351,971.3633067235832,614700
2020-06-09,973.178955078125,983.1649331619491,940.4975722583373,983.1649331619491,506300
2020-06-10,969.5478515625,970.4556679029142,936.8664633075842,951.3915247542134,402800
2020-06-11,959.561767578125,979.5337248976319,955.0226863691462,969.5477462378785,242100
2020-06-12,932.3272705078125,949.5757789203232,927.7881893466255,936.8663516689995,303400
2020-06-15,897.830322265625,935.9586069321126,897.830322265625,935.0507906305295,193200
2020-06-16,997.6898193359375,1011.3070598182296,919.6176405707959,919.6176405707959,1299600
2020-06-17,973.178955078125,975.9024036464407,914.1709027646193,965.008609373178,975200
2020-06-18,995.874267578125,1000.4133481049168,953.2069106262819,973.178864944166,553900
2020-06-19,976.8102416992188,1026.7401332358888,967.7320796016423,1021.293235977343,539900
2020-06-22,961.3773193359375,965.0085839982073,943.2209960245883,962.2851355015049,204300
2020-06-23,965.9163818359375,1014.9384538464079,945.9444265724125,1003.1368439179614,662300
2020-06-24,994.9666137695312,1001.3213275436068,965.0086774060326,971.3633911801081,408300
2020-06-25,989.5198364257812,996.7823673353282,974.0869582429938,980.4416727888474,177900
2020-06-26,969.5478515625,997.690158115344,957.7462391371137,993.1510764132724,272500
2020-06-29,987.7039794921875,1000.4134056988884,962.2851270787855,969.5476563397575,421600
2020-06-30,963.193115234375,986.7963395473757,947.7602377989515,981.349441628991,321700
2020-07-01,965.0086669921875,976.8102781595426,955.0226883121178,955.0226883121178,276000
2020-07-02,910.5397338867188,964.1008947035846,908.7241013166556,961.3774458484897,495800
2020-07-03,948.66796875,952.2992337021531,913.2631354665072,913.2631354665072,500100
2020-07-06,989.5198364257812,989.5198364257812,948.6681000595793,951.3915491506593,569100
2020-07-07,984.9807739257812,993.151121359267,972.2713445848035,989.5198558332734,162000
2020-07-08,945.0366821289062,982.25714703504,945.0366821289062,976.8102497317034,203400
2020-07-09,901.4615478515625,943.2210958889964,893.2912014964124,942.3132796273131,479200
2020-07-10,898.7380981445312,918.7100558810764,895.1068331015231,898.7380981445312,194300
2020-07-13,935.9586181640625,938.6820671014943,905.0928635398354,921.4335571644262,161800
2020-07-14,925.0647583007812,932.3272882972545,909.6318820582757,926.8803907998996,134400
2020-07-15,949.5758056640625,958.6539682421128,929.6038479923518,938.6820105704021,184000
2020-07-16,923.2490844726562,949.5757545313652,923.2490844726562,949.5757545313652,157700
2020-07-17,922.3412475585938,935.9584903867226,904.1849237877553,935.9584903867226,155500
2020-07-20,924.1568603515625,944.1288160762525,906.0005369654807,928.695941198083,340200
2020-07-21,947.7601318359375,965.0086399823771,938.681969653601,940.4976020900683,326500
2020-07-22,937.7742309570312,948.6680264763772,931.4195169040794,945.0367613032619,120700
2020-07-27,937.7742309570312,940.4976798368677,919.6179050914546,924.1569865578488,125500
2020-07-28,912.3552856445312,936.8663231693097,907.816204621424,927.7881611230954,163100
2020-07-29,883.3051147460938,919.6177607788212,882.3972985952756,907.8161508181848,236800
2020-07-30,860.6098022460938,896.0146358828001,860.6098022460938,892.38337089442,188800
2020-07-31,827.0206298828125,866.0567298663042,821.5737322106974,860.609832194189,263800
2020-08-03,860.6098022460938,861.5176184931888,831.5596823390526,846.9925585396683,183100
2020-08-04,853.3472290039062,878.7660826338098,845.1768831942943,874.2270016284699,359600
2020-08-05,989.5198364257812,989.5198364257812,989.5198364257812,989.5198364257812,113500
2020-08-06,948.66796875,1030.3714301734449,940.4976226076554,989.5196994617224,2647800
2020-08-07,908.7240600585938,930.5116499101484,877.8583077688913,925.9725686910746,1060400
2020-08-11,916.8944702148438,923.2491843648477,886.9365320791112,896.9225114576888,284500
2020-08-12,947.7601318359375,966.8242724188443,917.8021966342269,924.1569101618625,441500
2020-08-13,989.5198364257812,1004.9527146085686,949.5759164232726,960.4697127875932,591900
2020-08-14,1044.896484375,1048.5277493076674,1007.6760188151608,1009.4916512814943,1105600
2020-08-17,1053.0667724609375,1071.223096124057,1031.279184065194,1045.8042429956895,791100
2020-08-18,1087.563720703125,1087.563720703125,1046.711994967198,1047.619811094663,507500
2020-08-19,1045.804443359375,1078.4858322143555,1037.6340961456299,1078.4858322143555,370400
2020-08-20,1134.7703857421875,1143.8485488281249,1058.5138158203124,1062.1450810546874,2054000
2020-08-21,1150.203125,1180.1610595895818,1127.5077200078927,1149.2953088003158,988700
2020-08-24,1181.06884765625,1201.9486197516333,1159.2812593828064,1166.5437888072877,801500
2020-08-25,1150.203125,1190.147037786109,1139.3093306037886,1189.2392215864247,466100
2020-08-26,1144.756103515625,1157.4655289313416,1132.954494201031,1151.1108162234832,385400
2020-08-27,1088.4716796875,1134.7703082646997,1073.9466197417119,1126.599962045194,854000
2020-08-28,1081.209228515625,1130.2313094055023,1062.1450859473393,1095.7342895200331,729600
2020-08-31,1081.209228515625,1112.0749831499922,1073.0388817006456,1101.181187396686,273100
2020-09-01,1089.379638671875,1093.9187204996745,1053.974800415039,1072.131127726237,402400
2020-09-02,1139.3094482421875,1161.0970392842692,1103.904612798805,1107.5358779724852,650900
2020-09-03,1145.6640625,1152.0187760003962,1118.4295760697305,1130.2311868561806,504900
2020-09-04,1099.365478515625,1125.6921497600124,1091.1951322673667,1107.535824763883,292100
2020-09-07,1093.9185791015625,1106.6280065766014,1083.9326003711749,1090.2873141086943,294000
2020-09-08,1107.5360107421875,1111.1672763511783,1091.195315501729,1098.4578467197105,189200
2020-09-09,1021.2932739257812,1047.6199449869791,985.8884404296875,1044.8964962565103,1128900
2020-09-10,977.718017578125,1021.2931938490165,974.0867528888841,1020.3853776767062,441900
2020-09-11,974.99462890625,982.2571587305051,949.5757745213571,982.2571587305051,533300
2020-09-14,970.4554443359375,992.243031486604,958.6538346293264,990.4273992240485,312400
2020-09-15,956.8383178710938,960.4695828345515,944.128890498992,959.561766593687,314800
2020-09-16,984.9807739257812,987.7042230702765,955.930649717832,955.930649717832,606000
2020-09-17,984.0726318359375,985.8882639979964,957.7459654860832,984.980447916967,344700
2020-09-18,999.5056762695312,1011.30728734265,985.8884327236248,988.6118814328061,360500
2020-09-23,970.4554443359375,984.9805024363818,965.0085475482708,980.441421779993,351700
2020-09-24,935.9586181640625,962.2852912259033,930.5117202891989,962.2852912259033,399800
2020-09-25,976.8102416992188,987.7040362163103,937.7741446796402,948.6679391967319,476800
2020-09-28,977.718017578125,991.3352601627786,961.3773264765408,987.7039954735377,302000
2020-09-29,993.1940307617188,1004.1182547480987,974.0766387855537,980.4491027776087,326700
2020-09-30,977.7180786132812,1010.4907516394247,977.7180786132812,993.1940630978489,365400
2020-10-02,931.2902221679688,985.0009974445182,928.5591657979747,978.6285325811988,514300
2020-10-05,929.4694213867188,954.9592781926228,917.6348450125489,946.7661099335822,417600
2020-10-06,930.3798217773438,943.1247508427869,919.4555968641068,937.6626383861684,257700
2020-10-07,939.4832763671875,944.0350364271061,907.6209559477577,919.4555321035459,341300
2020-10-08,954.0489501953125,966.7938789192957,941.3040214713293,944.9454296781817,487500
2020-10-09,953.1385498046875,973.166293926658,938.5729177159816,952.2281977991433,495200
2020-10-12,970.4351806640625,970.4351806640625,939.4832143014188,955.8695494345831,325900
2020-10-13,962.2421264648438,967.7042388194219,941.3040291056277,961.3317744057474,411300
2020-10-14,1017.7734985351562,1033.2494819654762,960.4213246463237,964.9730844787707,1039400
2020-10-15,987.7319946289062,1028.6978377241144,977.7181218722998,1014.1322046235958,465500
2020-10-16,985.9111938476562,1003.2078814590186,970.4352101953846,982.2697859294747,294600
2020-10-19,1023.2357788085938,1028.6978915068603,991.3734547353724,997.7459195500168,425000
2020-10-20,1027.7874755859375,1045.9945167832084,1023.2357152866198,1023.2357152866198,322700
2020-10-21,1059.649658203125,1067.8428256634584,1041.442619402384,1044.1736752224951,466500
2020-10-22,1028.6978759765625,1057.8291432608546,1018.6840028475872,1056.0084390555862,374700
2020-10-23,1048.7255859375,1050.5462900797527,1013.2218551635742,1042.353121439616,242700
2020-10-26,1066.9324951171875,1105.1672773654143,1064.201439242314,1072.394606866934,585500
2020-10-27,1087.8707275390625,1087.8707275390625,1039.6220676565767,1046.9048842426123,273800
2020-10-28,1079.677490234375,1102.436290618742,1053.277281788509,1082.408546280499,350100
2020-10-29,1057.8289794921875,1079.6774265729211,1042.3529961433346,1067.8428510708573,290600
2020-10-30,1082.4085693359375,1105.1673702050698,1067.8429367796928,1082.4085693359375,692500
2020-11-02,1085.1397705078125,1104.2571657936046,1066.9327273784868,1085.1397705078125,360400
2020-11-04,1126.1055908203125,1128.8366472248888,1097.8846746396903,1107.8985481231368,612300
2020-11-05,1006.8493041992188,1048.725495874774,949.4971286435671,1044.1737359100398,2389100
2020-11-06,964.0628051757812,1007.7597028608025,960.4213970353628,990.4630141938148,904900
2020-11-09,985.0009765625,990.4630891866913,966.7939344818623,976.807807626213,552500
2020-11-10,949.4971313476562,991.3733231424713,935.8418514145643,991.3733231424713,828600
2020-11-11,941.3040771484375,966.7939361041011,931.2902039872838,964.9732318929823,565200
2020-11-12,919.4556274414062,944.0351343136023,902.1589374202313,944.0351343136023,938100
2020-11-13,897.6071166992188,923.0969739685678,897.6071166992188,923.0969739685678,509100
2020-11-16,901.2485961914062,911.2624694824219,875.7587369051847,892.1450750177557,577500
2020-11-17,885.7724609375,910.3519639645426,874.8482373699255,907.6209080726491,583700
2020-11-18,913.993408203125,923.0969282051482,884.8621441966509,885.7724961968532,568000
2020-11-19,937.66259765625,937.66259765625,906.7106284132282,913.993444705704,651100
2020-11-20,960.4213256835938,973.1662532282102,940.3935823991966,945.8556942040321,646300
2020-11-24,974.9869384765625,980.4490501767114,957.6902514260913,964.9730670262898,557100
2020-11-25,986.8214111328125,1015.9526705020469,985.9110592775239,987.7317629881011,886200
2020-11-26,1005.028564453125,1015.9527879797894,981.3594134786854,981.3594134786854,508400
2020-11-27,1004.1183471679688,1026.8771492343326,990.4630659281505,1013.2218679945144,676300
2020-11-30,970.4351806640625,1016.8631302080279,968.6144767603776,1015.9527782561854,476900
2020-12-01,1009.5803833007812,1015.0424953835627,957.6903185143569,961.3317265695446,424500
2020-12-02,996.8355102539062,1012.3114953446062,990.4630458047945,1002.2976226388593,305400
2020-12-03,964.0628051757812,1001.3872386150701,961.3317490704674,996.8354784395472,372900
2020-12-04,970.4351806640625,983.1801079898569,960.4213091937954,965.8834209048501,298600
2020-12-07,972.2560424804688,991.3734365741858,970.4353382810672,987.7320281753825,224800
2020-12-08,985.9111938476562,994.1043616635648,972.2559141544754,986.8215458272016,201000
2020-12-09,1015.0426635742188,1022.3254808913432,986.8217464703615,989.5528029642832,447400
2020-12-10,1017.7734985351562,1037.8012417979232,1015.0424426356881,1021.4149064011139,403600
2020-12-11,1042.3531494140625,1042.3531494140625,1023.2357554073418,1025.056459598458,349100
2020-12-14,1056.00830078125,1074.2153404498922,1042.3530210297683,1043.2633730132004,490200
2020-12-15,1001.3873291015625,1052.3670476740058,994.1045121626421,1052.3670476740058,633600
2020-12-16,1000.4767456054688,1004.1181532327862,970.4351326800999,1000.4767456054688,289500
2020-12-17,1017.7734985351562,1026.8770182000503,996.8354033059,1009.5803308367516,274200
2020-12-18,1003.2080078125,1026.8771622617967,1001.3873036240926,1015.0425850371485,240300
2020-12-21,987.7319946289062,1028.6978377241144,986.8216425601238,1010.4907963484662,313600
2020-12-22,956.780029296875,986.8216477238939,952.2282689291449,976.8077749148875,290800
2020-12-23,991.3733520507812,992.2837040728665,954.9592711673733,955.8696231894586,280300
2020-12-24,988.6423950195312,995.0148598124748,974.9871133203665,992.2838034726418,250800
2020-12-25,1011.401123046875,1016.8632353225557,992.2837300819926,993.1940821279394,315100
2020-12-28,996.8355102539062,1015.0425515370827,986.8216375481593,1005.9390308954945,231100
2020-12-29,1021.4148559570312,1023.2355598000919,986.8214829388786,993.1939463895909,284500
2020-12-30,1026.8770751953125,1045.994467552672,1010.4907388890043,1024.1460191442611,311000
2021-01-04,1019.5942993164062,1027.787467793056,1003.2079623631068,1019.5942993164062,150900
2021-01-05,1011.401123046875,1025.0564037360768,1003.207954633354,1010.4907710009282,138700
2021-01-06,1007.759765625,1030.5185679200542,1005.9390614413957,1012.3115260840109,140900
2021-01-07,1017.7734985351562,1039.621945730902,1017.7734985351562,1035.070185898455,275400
2021-01-08,1015.0426635742188,1018.684072232781,1001.3873811046104,1010.4909027510159,244200
2021-01-12,989.552734375,1015.9529453196873,984.0906217657543,1015.9529453196873,275900
2021-01-13,1001.3873291015625,1001.3873291015625,981.3595825195313,988.6423994584517,168900
2021-01-14,997.7457885742188,1024.145996483573,995.0147325835958,1004.1182525523387,272200
2021-01-15,977.7180786132812,998.6561752688729,975.8973745562732,998.6561752688729,226600
2021-01-18,972.2560424804688,973.1663945801696,952.2282962870509,966.7939298822639,199100
2021-01-19,966.7937622070312,977.7179855088057,958.6005947307005,973.166225799733,148900
2021-01-20,962.2421264648438,969.5249429376146,946.7661414602059,964.0628305830365,219300
2021-01-21,964.97314453125,976.807720832105,961.3317364386793,969.5249046469635,115600
2021-01-22,965.883544921875,975.8974176778983,957.6903763033106,964.9731928531456,166300
2021-01-25,948.5867919921875,974.0766482069487,945.8557359691773,974.0766482069487,202500
2021-01-26,925.8280639648438,950.4075700878042,920.3659514930747,950.4075700878042,310300
2021-01-27,930.3798217773438,936.7522863100653,908.5313719508699,923.0970051685192,298600
2021-01-28,923.0969848632812,934.9315615922976,908.5313519660302,913.0831122464211,515600
2021-01-29,902.1588745117188,931.2901398844483,902.1588745117188,929.4694357986527,419800
2021-02-01,920.3658447265625,926.7383085377256,896.6966934279566,901.2484532930731,152200
2021-02-02,945.8557739257812,947.676478014185,921.2762687323298,929.4694371301468,213700
2021-02-03,952.2283325195312,958.6007974599105,949.4972761165116,954.0490367882111,194300
2021-02-04,944.0349731445312,969.5248277713846,939.483213389736,959.510956310835,218900
2021-02-05,769.247314453125,832.9719440527922,756.5023885331916,828.4201847956731,3383900
2021-02-08,771.978515625,784.7234439489977,766.5164034861439,774.7095716944281,1085000
2021-02-09,764.6956176757812,773.7991369338263,741.9368195306688,773.7991369338263,911400
2021-02-10,764.6956176757812,773.7991369338263,751.0403387887137,762.8749138241723,463300
2021-02-12,768.3370971679688,786.5441373852192,763.7853371136562,773.7992092331439,497700
2021-02-15,777.4407348632812,779.261439160385,761.9647483378998,771.9786219719701,434100
2021-02-16,785.6338500976562,805.6615959865884,776.5303292390507,781.0820896683534,849400
2021-02-17,808.3926391601562,810.2133433024089,784.7234853108724,785.6338373819988,447200
2021-02-18,810.21337890625,828.4204211288624,809.3030267951194,809.3030267951194,599100
2021-02-19,826.5995483398438,832.9720118182347,806.5718059791868,808.3925098301556,590100
2021-02-22,810.21337890625,843.8964070180829,794.7373930170295,836.6135901290379,632400
2021-02-24,771.978515625,806.5718925044222,768.3371075324293,797.4683722729953,744200
2021-02-25,782.9027099609375,788.3648218908976,769.2474301360375,781.9923579726109,434600
2021-02-26,773.7992553710938,781.0820718922334,762.8750305893842,771.0681991756663,365900
2021-03-01,785.6338500976562,787.4545542693774,769.2475125521663,781.0820896683534,207600
2021-03-02,781.08203125,788.3648473921911,774.7095671255827,788.3648473921911,161100
2021-03-03,765.60595703125,782.9026433375446,757.4127898335315,782.9026433375446,322000
2021-03-04,750.1300659179688,764.6956982658904,737.3851376135372,764.6956982658904,325900
2021-03-05,743.757568359375,744.667920340231,721.9091208188304,742.847216378519,404400
2021-03-08,761.964599609375,771.0681193179696,752.8610799007803,755.5921358133587,589300
2021-03-09,770.1578369140625,779.2613574449616,760.1439643300736,770.1578369140625,302700
2021-03-10,790.185546875,793.8269549251152,768.3370985743087,777.4406186995967,462800
2021-03-11,798.3786010742188,800.1993048394963,788.364730365192,795.6475454263024,288300
2021-03-12,819.3167724609375,826.5995882161459,794.7372692871094,809.302900797526,642600
2021-03-15,802.0200805664062,817.4960639598556,796.5579687804828,817.4960639598556,435300
2021-03-16,809.3029174804688,818.4064373621388,794.7372856697966,803.8408055514667,251900
2021-03-17,802.930419921875,815.6753472222223,798.378660171751,808.3925316220239,197200
2021-03-18,807.482177734375,810.213233577896,794.7372504646104,802.9304179951733,230600
2021-03-19,795.647705078125,802.9305216005793,792.9166488822046,801.1098174699656,250400
2021-03-22,796.5580444335938,800.1994526367188,783.8131157226563,794.7373403320313,247700
2021-03-23,793.826904296875,811.123591431784,792.0062003879373,801.1097199326261,247200
2021-03-24,773.7992553710938,784.7234801528033,764.6957347196691,784.7234801528033,289700
2021-03-25,789.2752075195312,796.5580237365511,781.0820392753839,785.6337994110213,240600
2021-03-26,795.647705078125,801.1098174699656,788.3648885556707,790.1855926862843,252700
2021-03-29,799.2890014648438,808.3925208437145,789.2751301480861,804.7511130921662,311300
2021-03-30,806.5968017578125,812.0776407278543,791.0677580093608,796.5485969794025,268800
2021-03-31,805.6832885742188,812.0776003882999,802.0293961090296,803.8563423416242,177500
2021-04-01,808.4237670898438,812.0776598224533,802.9429279909295,810.2507134561484,210600
2021-04-02,798.3756103515625,823.0393877880524,797.462137113174,816.6450751193328,190400
2021-04-05,807.5103759765625,819.3855285644531,804.7699561485878,809.3373225285457,210100
2021-04-06,812.9912109375,827.6067832689607,804.7699515010534,812.9912109375,286200
2021-04-07,819.385498046875,819.385498046875,803.856452933389,803.856452933389,186100
2021-04-08,808.4237670898438,821.2123916539769,808.4237670898438,812.9911330056055,142100
2021-04-09,800.2025756835938,812.9912013223727,799.289102423681,801.1160489435066,215500
2021-04-12,806.5968017578125,815.7315333745487,802.0294359494443,803.8563822727916,162200
2021-04-13,803.8565063476562,812.0777660716664,801.1160864396528,806.5969262556596,128100
2021-04-14,777.3657836914062,799.2891430434553,770.9714705470586,795.6352498181138,288300
2021-04-15,769.1444091796875,780.1060872202531,760.9231506492633,780.1060872202531,290000
2021-04-16,774.6253051757812,782.8465643109016,767.3175192778966,769.1444657523678,203800
2021-04-19,766.404052734375,778.2792049221543,765.4905794891612,777.3657316769405,177900
2021-04-20,762.7500610351562,765.4904804161208,744.480598495392,757.269222273227,237300
2021-04-21,747.2210693359375,752.7019084753209,743.5671765763486,749.9614889056293,186100
2021-04-22,763.6636352539062,766.4040549976403,749.9615365352356,749.9615365352356,216900
2021-04-23,770.0579833984375,784.6735560370793,763.6636703690317,765.4906169488619,263500
2021-04-26,775.5386962890625,782.8464814131055,760.0096529004711,763.6635454624926,341100
2021-04-27,777.3657836914062,784.6735701420893,766.4041040153817,771.884943853394,120500
2021-04-28,775.5386962890625,782.8464814131055,774.6252231485571,777.3656425700733,106900
2021-04-30,769.1444091796875,784.6734530704888,768.2309360096403,782.8465067303945,167600
2021-05-06,753.615478515625,775.538837890625,753.615478515625,771.8849446614583,168900
2021-05-07,761.836669921875,770.0579289498089,751.7884644432891,752.7019376686151,124800
2021-05-10,759.0963134765625,764.5771532850575,753.6154736680675,753.6154736680675,157500
2021-05-11,735.345947265625,751.7884653411297,729.8651079071235,751.7884653411297,450800
2021-05-12,728.9515991210938,747.2210627582139,725.2977063936697,729.8650723029498,254900
2021-05-13,707.0282592773438,726.2111965445584,707.0282592773438,721.643830528555,208400
2021-05-14,749.0479736328125,750.8749199099657,717.0764137826314,720.7303063369379,395000
2021-05-17,719.8169555664062,755.4424140271801,712.5091692154782,749.9615742639842,435200
2021-05-18,735.345947265625,739.9133133977097,717.0764827372865,717.0764827372865,201100
2021-05-19,733.5189208984375,737.1728134060262,724.3841896294656,727.1246090101572,115600
2021-05-20,737.1727905273438,744.480575315719,724.3841671476872,724.3841671476872,86100
2021-05-21,729.8650512695312,742.6536754469698,727.1246318029373,737.1728365137819,128700
2021-05-24,726.2112426757812,731.6920822431456,721.6438763696443,725.2977694145538,126100
2021-05-25,717.9898681640625,734.4323842288883,713.4225025904997,734.4323842288883,193900
2021-05-26,711.5955810546875,718.9033662259808,708.8551616154525,714.3360004939225,172500
2021-05-27,718.9034423828125,728.0381748146144,711.595656437371,711.595656437371,180000
2021-05-28,749.9615478515625,755.4423874217323,729.8651360942735,729.8651360942735,491000
2021-05-31,732.6055297851562,751.7884675974857,727.124690410205,749.04804791001,208500
2021-06-01,718.9034423828125,733.5190142736956,713.4226029237313,732.6055410305154,244400
2021-06-02,717.0764770507812,726.2112092425109,715.2495306124354,718.9034234891272,134300
2021-06-03,716.1629638671875,723.470749212771,712.5090711943957,715.2494906989896,102900
2021-06-04,703.3743286132812,715.2494796158431,690.5857044566761,715.2494796158431,435900
2021-06-07,710.68212890625,715.2494947732567,698.8069776520324,700.6339239988351,139700
2021-06-08,710.68212890625,719.8168606402635,702.4608703456379,710.68212890625,186400
2021-06-09,704.2879028320312,710.6822158279122,699.720536406402,708.8552692576604,165000
2021-06-10,702.4608764648438,712.5090814597895,694.2396178326154,704.2878228275612,230400
2021-06-11,697.8935546875,702.4609208830989,695.1531349701407,702.4609208830989,226000
2021-06-14,694.2398071289062,703.374541433234,694.2398071289062,698.8071742810702,141000
2021-06-15,677.797119140625,693.3261636492376,676.883645934236,692.4126904428487,295600
2021-06-16,682.364501953125,686.9318680973895,676.8836625800075,681.4510287242721,174000
2021-06-17,673.2296752929688,683.2778794018191,673.2296752929688,683.2778794018191,185000
2021-06-18,656.7872314453125,675.9701686641603,654.04681184262,675.0566954632628,307200
2021-06-21,654.9603271484375,658.6142201869225,640.3447549944974,648.5660143310887,150500
2021-06-22,665.9219360351562,669.5758286882984,658.614150728872,662.2680433820142,110300
2021-06-23,657.70068359375,668.6623616536458,653.1333177354601,668.6623616536458,154700
2021-06-24,651.3064575195312,658.6142438591613,646.7390910572625,650.3929842270775,167900
2021-06-25,657.70068359375,672.3162543402779,641.2581665039063,642.1716396755643,330400
2021-06-28,664.0950317382812,674.1432371703598,662.2680852960851,662.2680852960851,165600
2021-06-29,657.70068359375,669.5758348253038,653.1333177354601,668.6623616536458,174100
2021-06-30,644.9120483398438,658.6141456841747,643.0851020272663,654.9602530590198,214100
2021-07-01,636.69091796875,648.5660713885402,636.69091796875,641.2582846686693,226300
2021-07-02,648.5659790039062,654.9602914729588,632.1234612263424,633.9504076460718,199400
2021-07-05,676.8837280273438,677.7972013445196,653.1334217807703,653.1334217807703,394900
2021-07-06,695.153076171875,697.8934956574408,682.3644519059009,683.2779250677562,495400
2021-07-07,688.7587890625,695.1531014278017,676.8836375269397,695.1531014278017,304700
2021-07-08,664.0950317382812,690.5857551501247,658.614192411693,682.3644961602422,364600
2021-07-09,655.873779296875,659.5276722177489,642.1716808435976,650.392939915564,261900
2021-07-12,664.0950317382812,676.883656833654,659.527665632791,659.527665632791,202300
2021-07-13,671.4027709960938,677.7970831008184,658.6141467866443,664.0949857335512,180700
2021-07-14,670.4893798828125,680.5375858483587,664.0950669956468,665.922013534837,135300
2021-07-15,657.70068359375,669.5758348253038,654.0467909071181,665.9219421386719,253000
2021-07-16,651.3064575195312,652.219930811985,645.8256177648087,651.3064575195312,127800
2021-07-19,647.6525268554688,647.6525268554688,634.863901501482,643.0851606576164,204900
2021-07-20,635.7774047851562,641.25824448158,633.0369849369444,635.7774047851562,184900
2021-07-21,636.69091796875,645.8256513685885,633.9504979487984,639.4313379887016,166100
2021-07-26,642.171630859375,650.3928892914296,639.4312113820234,647.6524698140781,159800
2021-07-27,645.8255615234375,649.4794543750552,640.3447222460109,648.5659811621508,139500
2021-07-28,639.4312744140625,651.3064266531809,635.7773814174108,639.4312744140625,144100
2021-07-29,637.6041870117188,638.5176600590135,632.1233487279504,634.8637678698345,142500
2021-07-30,624.815673828125,634.8638791089867,619.3348345840186,632.1234594869335,243400
2021-08-02,613.85400390625,627.5561022077288,612.0270574660528,627.5561022077288,316900
2021-08-03,622.0751953125,622.9886684333701,607.4596253785793,611.1135178620594,271200
2021-08-04,642.171630859375,651.3063624505468,619.3348018814456,625.7291139952658,559400
2021-08-05,600.1519775390625,601.9789241982378,577.3151442993722,589.1902975840111,771300
2021-08-06,619.3348388671875,623.9022049355297,591.9306424571349,591.9306424571349,347400
2021-08-10,600.1519775390625,613.8540774828767,592.8441909023616,613.8540774828767,322600
2021-08-11,594.6710815429688,605.6327604654198,588.2767688382056,605.6327604654198,181100
2021-08-12,590.1036987304688,605.6327434339021,590.1036987304688,591.9306451661668,233700
2021-08-13,601.9788818359375,608.3731946930719,590.1037293869737,593.7576224481933,241100
2021-08-16,584.6228637695312,597.4114889144897,580.0554976463318,594.6710692405701,293300
2021-08-17,564.5263671875,580.9688827366505,563.612894101436,577.3149903923949,430100
2021-08-18,559.9591674804688,568.1804276881754,548.0840138471146,566.3534809753518,489900
2021-08-19,547.1704711914062,553.5647838764477,539.8626852656446,552.6513106357276,485000
2021-08-20,531.641357421875,545.343454262645,528.900938053721,543.5165080172089,446000
2021-08-23,536.208740234375,545.3434717545517,533.468320778322,537.1222133863927,345000
2021-08-24,543.5165405273438,550.8243259461988,538.0357014632025,540.7761209952731,198800
2021-08-25,538.0358276367188,553.5648752934661,538.0358276367188,553.5648752934661,205300
2021-08-26,538.0358276367188,545.3436147693058,532.5549872872784,545.3436147693058,226600
2021-08-27,549.9108276367188,549.9108276367188,536.2087306025812,538.0356768737995,191100
2021-08-30,568.1803588867188,570.9207786241145,557.2186799371358,557.2186799371358,335500
2021-08-31,570.9207763671875,574.5746693359375,560.872570703125,571.834249609375,197200
2021-09-01,575.488037109375,579.1419294084822,570.920671735491,577.3149832589286,224100
2021-09-02,578.2285766601562,580.9689964547542,573.6612103358265,575.4881568655584,187600
2021-09-03,586.4497680664062,593.7575533382618,582.7958754304784,583.7093485894604,304600
2021-09-06,603.8057250976562,603.8057250976562,593.7575208978465,601.978778879509,213600
2021-09-07,604.7192993164062,614.7675051962862,601.0654062691772,604.7192993164062,227800
2021-09-08,609.2866821289062,612.0271019885565,605.6327889827058,605.6327889827058,183900
2021-09-09,600.1519775390625,607.4597641757634,594.6711375615369,607.4597641757634,201600
2021-09-10,605.6328125,605.6328125,594.6711326357465,597.41155260181,194000
2021-09-13,611.1135864257812,611.1135864257812,601.065380968855,605.6327470856397,151200
2021-09-14,622.98876953125,622.98876953125,610.2001437637463,612.0270903019612,228800
2021-09-15,629.383056640625,631.210003104023,619.3348510919358,621.1617975553338,267900
2021-09-16,622.0751953125,633.9503458838105,618.4213028290199,631.2099265212005,206900
2021-09-17,644.9120483398438,647.65246780871,622.9886925889142,630.296477839224,386600
2021-09-21,627.55615234375,634.8639386883643,612.9405796545215,620.2483659991358,401500
2021-09-22,602.8922729492188,618.4213163433652,601.0653266675545,618.4213163433652,350400
2021-09-24,608.3731079101562,622.0752049351598,604.7192153701553,621.1617318001596,253900
2021-09-27,603.8057250976562,611.1135099702451,600.1518326613618,608.3730906430243,225100
2021-09-28,610.2000732421875,612.02701956926,604.7192342609703,607.4596537515789,211700
2021-09-29,597.353759765625,601.0241361697149,587.2602246543779,601.0241361697149,267500
2021-09-30,605.6121215820312,608.3649039528586,597.353774469549,601.9417450875947,154200
2021-10-01,576.2490844726562,599.1889365615359,572.5787081384356,596.4361543108703,375600
2021-10-04,567.0731811523438,579.0019050277167,560.6500221425276,577.1667167391978,208900
2021-10-05,556.0620727539062,563.4028261896013,549.638913497673,555.1444785744443,214100
2021-10-06,567.9907836914062,572.5787544805129,556.0620596397289,559.7324362710142,201700
2021-10-07,564.3203735351562,571.6611263616298,558.814808915301,558.814808915301,124300
2021-10-08,564.3203735351562,572.578720464939,560.6499971219195,570.7435322583206,166900
2021-10-11,570.7434692382812,576.249033250226,562.485123220364,565.2379052263365,101900
2021-10-12,557.897216796875,571.6611283954821,556.0620285837274,571.6611283954821,169600
2021-10-13,548.7212524414062,557.897193117684,545.968470238523,557.897193117684,171500
2021-10-14,567.0731811523438,569.8259635851222,546.8861099786358,547.8037041228952,289200
2021-10-15,582.6723022460938,587.2602731299212,571.6611721249077,579.0019255390317,323700
2021-10-18,590.0130004882812,597.3537532159737,578.084277305781,590.0130004882812,277200
2021-10-19,610.2001342773438,621.2112645199425,592.7658447265625,599.189004034745,479000
2021-10-20,626.7167358398438,630.3871120380273,617.5407953443848,622.1287655921143,344700
2021-10-21,623.9639282226562,641.3982144524069,621.2111461863798,634.9750563677619,542900
2021-10-22,633.1400146484375,636.8103915449502,611.1177532693614,623.9640724071558,289000
2021-10-25,615.7056884765625,637.7279485711042,612.0353117941388,637.7279485711042,330500
2021-10-26,614.7880859375,622.1288392024254,608.3649268306904,612.035303463153,246100
2021-10-27,620.2936401367188,623.046422563361,612.9528869990061,618.4584518522905,185100
2021-10-28,610.2001342773438,623.0464528937089,608.3649459035773,621.2112645199425,328300
2021-10-29,630.3871459960938,630.3871459960938,611.1176699176106,612.9528581155613,278000
2021-11-01,649.6566772460938,653.3270539536987,638.6455471232786,641.3983296539824,562800
2021-11-02,648.7391357421875,658.8326725076246,645.068758736574,652.4095127478009,533000
2021-11-04,656.997314453125,667.0908486137176,635.8926521173403,659.750096496923,605500
2021-11-05,599.1890258789062,623.9640698279575,588.1778952348835,619.3760987262814,1084500
2021-11-08,594.6010131835938,616.6232729311342,594.6010131835938,612.0353021503967,356900
2021-11-09,580.837158203125,593.6834776578545,578.0843754628258,593.6834776578545,447600
2021-11-10,579.9195556640625,582.6723383649995,574.4139902621885,579.9195556640625,286200
2021-11-11,567.0731811523438,579.0019050277167,566.1555870080844,575.3315284506789,312900
2021-11-12,560.6500854492188,574.4139991672847,556.0621142098635,568.9084336800584,459100
2021-11-15,557.897216796875,571.6611283954821,555.1444344771536,565.2379696494654,402800
2021-11-16,567.0731811523438,569.8259635851222,558.8148338540087,568.9083694408627,372300
2021-11-17,560.6500854492188,571.6612164236715,559.7324912013477,569.8260279279294,328600
2021-11-18,561.5676879882812,566.155659295375,550.5565568512561,562.4852822497,420400
2021-11-19,557.897216796875,561.5675932231702,552.3916521574322,561.5675932231702,348600
2021-11-22,572.5786743164062,575.3314564044658,558.814763876108,562.4851399935209,537700
2021-11-24,561.5676879882812,579.9195732166564,556.9797166811875,574.4140076481439,424600
2021-11-25,535.8749389648438,558.8147908040922,533.1221567441339,557.8971967305223,809600
2021-11-26,504.67681884765625,528.5342684659091,499.1712535511364,528.5342684659091,965900
2021-11-29,484.48968505859375,503.75916116887873,479.90171455614495,482.6544968576142,705200
2021-11-30,479.90179443359375,494.58330248509947,468.8906633949644,490.91292547222304,2038000
2021-12-01,475.3138122558594,482.65456611309276,466.1378699343177,470.7258410950885,466800
2021-12-02,455.1266784667969,468.8905901139782,455.1266784667969,467.055401894354,515200
2021-12-03,478.984130859375,478.984130859375,461.5498425713901,466.1378131734914,299000
2021-12-06,475.3138122558594,486.3249430417094,473.47862379155106,481.73697188093854,227700
2021-12-07,479.90179443359375,481.73698294003196,464.3026921288689,481.73698294003196,544500
2021-12-08,473.47857666015625,487.2424887723701,473.47857666015625,486.3248946315558,457100
2021-12-09,467.9730529785156,473.47861830767465,466.13786453546265,472.56102408614817,366800
2021-12-10,459.7146301269531,467.0553827038306,456.9618479106241,463.3850064153919,526800
2021-12-13,467.9730529785156,483.57215474446616,465.22027031393617,477.14899519378065,675400
2021-12-14,467.9730529785156,470.72583564309514,460.6322992063036,470.72583564309514,439500
2021-12-15,465.2202453613281,472.56099873981066,464.3026511890178,469.8082162228797,300200
2021-12-16,463.38507080078125,470.72582439762533,459.71469400235924,470.72582439762533,441100
2021-12-17,459.7146301269531,464.3026004875016,456.9618479106241,461.5498182711725,441700
2021-12-20,439.5276184082031,458.79709645950226,437.6924300223651,457.87950226658324,618900
2021-12-21,440.4452209472656,449.6211630503337,438.61003252665205,440.4452209472656,388600
2021-12-22,440.4452209472656,445.0331919987997,437.69243831634526,440.4452209472656,393100
2021-12-23,448.7034912109375,453.29146146871807,438.6099566438203,442.2803328500447,372900
2021-12-24,442.2803649902344,452.3739002908414,442.2803649902344,448.70352381789337,316700
2021-12-27,451.456298828125,452.37389293143417,441.3627636917238,448.7035165181974,378100
2021-12-28,445.9508056640625,458.79712516878857,444.11561716338736,454.2091539171007,521500
2021-12-29,459.7146301269531,461.5498182711725,443.19793682897875,445.95071904530784,368400
2021-12-30,463.38507080078125,464.3026650003868,451.45634620590965,456.0443172039372,286400
2022-01-04,463.38507080078125,468.8906359984143,456.96191140354273,467.9730417988088,405300
2022-01-05,459.7146301269531,465.2201945596113,457.8794419827338,463.3850064153919,501500
2022-01-06,452.3739013671875,455.1266837284483,447.7859307650862,455.1266837284483,508400
2022-01-07,443.197998046875,458.7970994274068,441.36280964916534,454.2091284331328,394900
2022-01-11,441.3627624511719,441.3627624511719,434.0220096453312,440.4451683504418,332300
2022-01-12,441.3627624511719,442.28035655190195,437.69238604825154,441.3627624511719,341100
2022-01-13,436.7748107910156,442.2803756329192,435.8572166506984,442.2803756329192,398600
2022-01-14,423.9284973144531,434.0220329647973,416.58774411420285,434.0220329647973,868700
2022-01-17,413.8349609375,422.0933082732816,412.91736678907984,418.4229316796009,394800
2022-01-18,407.4117736816406,413.8349322757206,404.65899142703495,408.32936776650916,548800
2022-01-19,385.3895568847656,397.3182812645322,384.4719627017067,396.4006870814732,621900
2022-01-20,406.4942321777344,408.3294205848573,384.4719712922589,386.3071596993819,691300
2022-01-21,402.8238220214844,402.8238220214844,393.6478807453686,399.15344551103806,404400
2022-01-24,396.4006652832031,402.8238242114032,388.14231808980304,395.4830711506031,422400
2022-01-25,383.55438232421875,395.4831071333452,381.71919389204544,394.5655129172585,495400
2022-01-26,378.04876708984375,388.1423021335046,378.04876708984375,383.5543316591133,433600
2022-01-27,363.3672790527344,381.7191618331755,360.6144966356682,374.37840872099906,842100
2022-01-28,374.37847900390625,376.21366762647443,365.2025358910654,367.9553188249177,390900
2022-01-31,378.04876708984375,380.8015493744785,370.70801433081766,376.2135789000872,283100
2022-02-01,369.7904357910156,383.5543477931626,367.9552475240627,379.8839712592567,394400
2022-02-02,371.6256408691406,373.4608292191117,369.79045251916955,371.6256408691406,276700
2022-02-03,364.2848815917969,367.9552582325203,360.6145049510735,367.9552582325203,529200
2022-02-04,368.8728332519531,371.6256155896543,356.9441097885815,361.53208035141677,631400
2022-02-07,351.43853759765625,363.3672608059318,350.52094350471197,361.53207262004327,763800
2022-02-08,360.614501953125,363.3672844107824,350.5209662750477,351.4385604276002,522300
2022-02-09,353.27374267578125,365.202466454444,353.27374267578125,365.202466454444,329600
2022-02-10,350.52099609375,358.77934416925723,349.6034018631381,358.77934416925723,386300
2022-02-14,344.09783935546875,348.685810546875,338.5922739257812,348.685810546875,483100
2022-02-15,345.9329833984375,349.60335988011855,344.097795157597,345.9329833984375,313700
2022-02-16,348.6858215332031,349.6034158003958,345.01544446443256,348.6858215332031,294800
2022-02-17,336.757080078125,346.8506165382323,335.8394858544789,345.0154280909401,595400
2022-02-18,331.25152587890625,333.08671438793067,325.745960351833,329.41633736988183,726800
2022-02-21,329.4162902832031,330.33388440655466,319.3227549263362,325.745913789797,529800
2022-02-22,323.9107360839844,328.49870685004646,317.4875770114974,322.0755477775595,467200
2022-02-24,316.57000732421875,323.9107611172441,314.7348188759624,323.9107611172441,695100
2022-02-25,329.4162902832031,330.33388440655466,317.4875666796331,320.2403490496877,680000
2022-02-28,333.0866394042969,333.0866394042969,324.8282929727854,328.49866916456824,472600
2022-03-01,341.3450012207031,344.09778348861204,332.1690603276735,333.08665441697644,449400
2022-03-02,332.1690673828125,339.5098202531509,331.2514732740202,337.67463203556633,450600
2022-03-03,332.1690673828125,339.5098202531509,332.1690673828125,339.5098202531509,297600
2022-03-04,321.1579284667969,332.1690574428013,319.32274030412947,332.1690574428013,487700
2022-03-07,300.0533142089844,318.40519887008435,297.3005315098194,317.48760463702934,598300
2022-03-08,296.3829650878906,303.72371964115104,290.8773991729453,291.79499349210283,590700
2022-03-09,289.0421447753906,299.13567998976936,288.12455066499257,297.30049176897325,503700
2022-03-10,300.97088623046875,301.8884803958055,293.6301329077744,293.6301329077744,405300
2022-03-11,284.4541931152344,293.630134828629,282.61900477255546,293.630134828629,509100
2022-03-14,287.20697021484375,290.8773468310079,280.78381113655655,283.53659359867964,496700
2022-03-15,289.0421447753906,291.79492710658485,288.12455066499257,290.87733299618674,359600
2022-03-16,291.794921875,294.54770415683964,289.9597336871069,290.87732778105345,388000
2022-03-17,307.39404296875,309.2292312849814,300.05328970382465,300.05328970382465,600000
2022-03-18,311.0644226074219,316.56998760932316,308.31164010647126,308.31164010647126,564300
2022-03-22,318.4051818847656,327.58112372582514,318.4051818847656,321.1579644370835,533100
2022-03-23,331.25152587890625,333.08671438793067,323.9107718428086,328.4987431153696,565100
2022-03-24,333.0866394042969,334.0042334522426,324.8282929727854,325.7458870207311,407100
2022-03-25,334.0043029785156,342.26265112908334,332.16911450061167,340.4274626511794,510800
2022-03-28,329.4162902832031,334.9218550233124,326.6635079131485,334.9218550233124,355000
2022-03-29,327.5810852050781,333.08664966230634,323.91070890025935,330.33386743369226,369400
2022-03-30,329.4318542480469,333.1333357564519,327.5811134938444,329.4318542480469,419600
2022-03-31,322.95428466796875,329.4318777701916,322.95428466796875,327.5811368838422,340600
2022-04-01,321.103515625,322.0288859870317,314.6259230907781,319.25277490093663,320900
2022-04-04,322.95428466796875,322.95428466796875,317.40206200892055,320.17817333844465,421600
2022-04-05,328.5065002441406,331.28261151380946,324.8050185512489,327.58112982091774,284500
2022-04-06,319.2527770996094,326.6557400468467,319.2527770996094,324.8049993100373,273300
2022-04-07,309.9990539550781,316.4766461272738,309.9990539550781,316.4766461272738,361100
2022-04-08,310.9244689941406,314.6259507678804,308.1483576638358,311.84983943757555,454700
2022-04-11,313.7005615234375,320.1781542392607,310.9244503595133,311.849820747488,382700
2022-04-12,302.59613037109375,310.9244642345183,302.59613037109375,310.9244642345183,435900
2022-04-13,314.6258850097656,316.47662550982307,304.4468122594497,305.3721825094784,454300
2022-04-14,322.0289001464844,323.87964095192393,315.5513073274459,316.47667773016565,358200
2022-04-15,320.1781311035156,320.1781311035156,311.84979821353977,316.4766498190819,407700
2022-04-18,321.103515625,327.5811081592219,319.25277490093663,324.8049970731268,549000
2022-04-19,330.357177734375,332.2079182258841,322.9542157683386,322.9542157683386,466100
2022-04-20,332.20794677734375,335.9094280784841,328.50646547620346,333.13331710262884,564400
2022-04-21,329.4318542480469,333.1333357564519,327.5811134938444,333.1333357564519,473400
2022-04-22,327.58111572265625,329.4318564894509,322.9542638056696,326.6557453392589,384400
2022-04-25,322.0289001464844,326.6557521600833,321.10352974376457,323.87964095192393,341400
2022-04-26,324.8049621582031,329.431813470998,324.8049621582031,328.50644320843907,328500
2022-04-27,311.8498229980469,322.9542677338824,311.8498229980469,322.02889733922945,786400
2022-04-28,320.1781311035156,322.0288717457325,311.84979821353977,311.84979821353977,452200
2022-05-02,314.6258850097656,324.80495776008155,312.7751445097082,317.4019957598518,446800
2022-05-06,322.95428466796875,322.95428466796875,316.47669156574585,317.40206200892055,337100
2022-05-09,317.40203857421875,323.8796311981824,317.40203857421875,322.95426082333046,347500
2022-05-10,317.40203857421875,319.25277932392265,308.14833482569924,312.775186699959,434500
2022-05-11,316.4766845703125,318.32742541575294,312.7752028794317,313.70057330215184,265200
2022-05-12,299.8199768066406,311.8497906908577,299.8199768066406,310.92442039207174,528500
2022-05-13,311.8498229980469,311.8498229980469,295.1931558942936,296.1185262889466,491500
2022-05-16,280.3872375488281,292.4170530212201,278.5364967069217,281.31260796978137,1011100
2022-05-17,275.7603454589844,282.2379374664102,273.90960488543413,280.38719689285995,495800
2022-05-18,281.3125915527344,284.0887026535837,274.83499898408587,275.76036935103565,526100
2022-05-19,286.86480712890625,286.86480712890625,272.9842519452495,273.90962229082663,551300
2022-05-20,283.1632995605469,287.7901508605558,281.3125590405433,287.7901508605558,292400
2022-05-23,287.7901916503906,293.3424139973435,285.01408047691416,285.01408047691416,392700
2022-05-24,279.46185302734375,288.715556769971,279.46185302734375,287.7901863957083,354300
2022-05-25,272.9842224121094,277.61107363943324,272.0588521666446,277.61107363943324,606600
2022-05-26,273.90960693359375,279.4618286957612,273.90960693359375,273.90960693359375,293600
2022-05-27,277.611083984375,279.4618245442708,274.83497314453126,278.5364542643229,316100
2022-05-30,283.1632995605469,287.7901508605558,280.3871887805415,280.3871887805415,743300
2022-05-31,285.0140686035156,290.56629071916853,281.31258719308033,286.86480930873324,342300
2022-06-01,291.49163818359375,294.2677490234375,284.0886759440104,284.0886759440104,320400
2022-06-02,296.11846923828125,297.0438394546509,289.64087772369385,293.34235858917236,344900
2022-06-03,303.5215148925781,308.1483672537455,297.04392158694384,297.04392158694384,354600
2022-06-06,307.22296142578125,308.14833179152157,300.7453688655991,303.52147996282,244600
2022-06-07,309.07366943359375,312.7751505046548,307.22292889806323,309.07366943359375,338100
2022-06-08,320.1781311035156,324.80498270905775,311.84979821353977,312.77516853464823,426900
2022-06-09,326.65570068359375,328.50644119738183,315.55125760086537,318.32736837154744,445300
2022-06-10,321.103515625,322.9542563490634,315.55129345280983,322.9542563490634,425800
2022-06-13,305.3721923828125,313.7005249023438,305.3721923828125,309.99904378255206,512300
2022-06-14,305.3721923828125,305.3721923828125,298.89460042317705,299.819970703125,340100
2022-06-15,291.49163818359375,303.5214518229167,287.7901570638021,302.59608154296876,517900
2022-06-16,291.49163818359375,299.819970703125,291.49163818359375,296.1184895833333,307000
2022-06-17,282.23797607421875,288.7155689677254,282.23797607421875,287.7901985543673,627300
2022-06-20,279.46185302734375,286.86481602144556,274.8350011560301,283.16333452439466,397500
2022-06-21,287.7901916503906,290.56630282386703,282.23796930343775,282.23796930343775,273700
2022-06-22,274.8349914550781,291.49165760387075,274.8349914550781,291.49165760387075,505600
2022-06-23,271.13348388671875,276.68570539975735,270.20811363454567,274.83496489541113,549100
2022-06-24,280.3872375488281,281.31260796978137,272.9842741812023,272.9842741812023,322500
2022-06-27,290.5662841796875,290.5662841796875,284.0886918572104,287.7901731843402,337700
2022-06-28,294.26776123046875,297.04387218547316,287.7901690021251,288.7155393204599,382700
2022-06-29,289.64093017578125,294.2677820955222,287.7901894078849,291.4916709436776,543600
2022-06-30,289.64093017578125,292.4170413276258,287.7901894078849,291.4916709436776,267100
2022-07-01,285.93939208984375,292.4169834964098,284.08865168796774,287.79013249171976,294700
2022-07-04,295.193115234375,295.193115234375,287.7901530968358,287.7901530968358,224100
2022-07-05,297.9692687988281,298.8946391988245,295.19315759883904,296.1185279988354,302000
2022-07-06,297.9692687988281,300.7453799988172,293.34241679884633,295.19315759883904,329000
2022-07-07,306.2975769042969,307.2229472272706,298.89461432050723,298.89461432050723,329300
2022-07-08,305.3721923828125,309.07367350260415,302.59608154296876,307.2229329427083,391200
2022-07-11,304.4468078613281,309.99902928129154,303.52143762466756,306.29754833464926,347900
2022-07-12,293.3424377441406,304.4468833369787,292.41706727807076,304.4468833369787,305700
2022-07-13,293.3424377441406,297.96929007448983,292.41706727807076,294.26780821021043,209500
2022-07-14,302.59613037109375,303.5215008003631,290.56631479059155,291.4916852198609,358500
2022-07-15,300.745361328125,305.3722130408654,297.9692503004808,298.8946206430289,324500
2022-07-19,308.1483154296875,308.1483154296875,301.67072321344784,303.5214638466592,381100
2022-07-20,312.7751770019531,317.40202873275126,310.9244363096339,311.8498066557935,465000
2022-07-21,315.55126953125,315.55126953125,309.99904777996704,310.9244180718475,196700
2022-07-22,311.8498229980469,316.4766749713117,311.8498229980469,316.4766749713117,147200
2022-07-25,306.2975769042969,309.9990581961917,306.2975769042969,309.9990581961917,118800
2022-07-26,307.22296142578125,309.07370215726183,303.52147996282,306.29759106004093,269400
2022-07-27,302.59613037109375,304.44687122963256,298.8946486540161,304.44687122963256,271500
2022-07-28,305.3721923828125,310.9244140625,301.67071126302085,309.07367350260415,321400
2022-07-29,305.3721923828125,310.9244140625,303.5214518229167,305.3721923828125,242400
2022-08-01,312.7751770019531,314.6259176942724,305.37221423267613,307.2229549249954,330500
2022-08-02,304.4468078613281,313.7005102279339,304.4468078613281,313.7005102279339,249200
2022-08-03,304.4468078613281,309.073659044631,304.4468078613281,308.1482888079704,322600
2022-08-04,310.9244689941406,313.70058032444547,297.04391234261647,304.446875890096,496900
2022-08-05,311.8498229980469,313.7005637873528,308.14834141943504,310.92445260339395,355000
2022-08-08,312.7751770019531,318.3273990789109,311.8498066557935,311.8498066557935,265500
2022-08-09,309.07366943359375,314.62589104018525,305.37218836253277,314.62589104018525,233600
2022-08-10,305.3721923828125,307.2229329427083,300.74534098307294,307.2229329427083,187000
2022-08-12,313.7005615234375,314.62593191141224,306.2975984196396,309.99907997153855,293900
2022-08-15,317.40203857421875,320.17814969877463,314.6259274496629,315.55129782451485,267600
2022-08-16,317.40203857421875,321.10352007362656,316.4766681993668,318.32740894907073,273300
2022-08-17,318.327392578125,320.178133232649,313.70054094181506,320.178133232649,205200
2022-08-18,313.7005615234375,316.4766726873617,310.9244503595133,312.77519113546276,165000
2022-08-19,315.55126953125,317.402010115011,313.70052894748903,313.70052894748903,141500
2022-08-22,311.8498229980469,314.6259341820058,310.92445260339395,313.7005637873528,149200
2022-08-23,300.745361328125,309.0736944110577,300.745361328125,309.0736944110577,320500
2022-08-24,308.1483154296875,309.99905606289883,302.5960935300535,303.5214638466592,246300
2022-08-25,309.07366943359375,311.8497802368895,307.22292889806323,311.8497802368895,146100
2022-08-26,318.327392578125,321.10350355991096,309.9990596327671,313.70054094181506,429500
2022-08-29,306.2975769042969,311.84979884213914,305.37220658132316,308.1483175502443,310900
2022-08-30,313.7005615234375,315.551302299387,309.99907997153855,311.849820747488,246600
2022-08-31,315.55126953125,319.252750698772,311.849788363728,311.849788363728,276600
2022-09-01,305.3721923828125,311.8497843424479,305.3721923828125,309.99904378255206,298300
2022-09-02,300.745361328125,306.29758338341344,300.745361328125,306.29758338341344,267300
2022-09-05,301.67071533203125,302.5960856244608,297.0438638698835,300.7453450396017,200000
2022-09-06,302.59613037109375,306.2976120881713,299.82001908328556,303.5215008003631,173300
2022-09-07,295.193115234375,302.5960773719142,294.2677449671826,302.5960773719142,208900
2022-09-08,305.3721923828125,306.2975626627604,298.89460042317705,299.819970703125,191700
2022-09-09,304.4468078613281,308.1482888079704,303.52143762466756,305.3721780979887,172000
2022-09-12,308.1483154296875,309.07368574629317,305.3722044798705,305.3722044798705,104100
2022-09-13,311.8498229980469,311.8498229980469,304.4468598408232,306.2976006301291,191800
2022-09-14,304.4468078613281,306.29754833464926,300.74532691468585,303.52143762466756,221900
2022-09-15,304.4468078613281,305.3721780979887,301.6706971513464,303.52143762466756,133200
2022-09-16,298.8946228027344,305.37221524737566,298.8946228027344,301.6707338504378,217500
2022-09-20,310.9244689941406,310.9244689941406,304.446875890096,304.446875890096,342500
2022-09-21,313.7005615234375,317.40204307533645,305.3722280316648,306.2975984196396,417600
2022-09-22,313.7005615234375,316.4766726873617,306.2975984196396,306.2975984196396,387900
2022-09-26,311.8498229980469,313.7005637873528,308.14834141943504,311.8498229980469,388000
2022-09-27,318.327392578125,325.73035519622096,308.1483189782431,308.1483189782431,555500
2022-09-28,311.8498229980469,321.10352694457646,307.2229710247821,318.3274157606176,434800
2022-09-29,353.8655090332031,356.66655527884853,316.518225757931,317.45190783981286,2417700
2022-09-30,340.7939453125,354.79917594178085,338.9265812285959,343.5949914383562,1380100
2022-10-03,351.064453125,351.064453125,331.4571299451463,336.12554022606383,775200
2022-10-04,364.1360168457031,366.0033810346555,352.9318317119892,355.7328779954177,819900
2022-10-05,387.47802734375,387.47802734375,361.3349315229669,371.60543345256025,1539900
2022-10-06,366.9370422363281,389.34541122785964,362.2686320297591,387.478047145232,1462800
2022-10-07,376.2738952636719,380.9423058748837,355.73288857433994,360.40129918555175,777100
2022-10-11,375.3402099609375,382.809666875583,369.73811727495337,374.4065278466068,522000
2022-10-12,380.00860595703125,381.87597011406825,369.7381030933277,374.4065134859202,489700
2022-10-13,377.2075500488281,393.0801449766254,374.4065038850992,380.00859621255705,719700
2022-10-14,385.6107177734375,392.1464926509534,380.00862502128103,386.54439989879694,736000
2022-10-17,369.7380676269531,380.94225149443656,366.00333967112533,379.07488751652267,547100
2022-10-18,376.2738952636719,380.9423058748837,371.60548465246006,376.2738952636719,342900
2022-10-19,381.8759765625,384.67702284535454,375.3402019025061,377.20756609107576,329400
2022-10-20,397.74853515625,404.28430920811326,380.9422590228873,380.9422590228873,1117900
2022-10-21,370.6717834472656,396.81488152415085,370.6717834472656,396.81488152415085,1039800
2022-10-24,378.1412048339844,379.0748868212288,366.0033389998071,370.67174893602913,515000
2022-10-25,375.3402099609375,381.8759847612523,373.4728457322761,378.14125630392954,287800
2022-10-26,379.07489013671875,386.54434610000385,373.4727981642549,379.07489013671875,714900
2022-10-27,382.80963134765625,389.3454055413967,377.20753918159295,378.14122120927016,618500
2022-10-28,392.1464538574219,397.7485460553851,380.9422694614955,382.8096335274833,1655200
2022-10-31,388.4117126464844,399.615896665133,388.4117126464844,397.7485326620249,421200
2022-11-01,410.8200988769531,411.7537809198553,392.1464580189098,395.88118619051846,886800
2022-11-02,395.8812255859375,409.88645762317583,392.14649704267396,409.88645762317583,796700
2022-11-04,380.9422912597656,390.27911212397555,380.0086091733446,389.34543003755454,791400
2022-11-07,455.63690185546875,455.63690185546875,418.28961481813525,419.22329699406856,2826200
2022-11-08,472.4431457519531,485.5146952391613,452.8358215211408,478.04523838932806,4033700
2022-11-09,479.9125671386719,484.5809773248457,469.6420647290894,477.1115210269676,1240100
2022-11-10,465.9073791503906,482.71365735621634,462.1726506602071,471.50947188566585,1157200
2022-11-11,464.9736633300781,480.8462582630326,463.10629922031876,467.7747094947171,864900
2022-11-14,460.30523681640625,463.10628288222614,452.83578064088647,461.2389188383462,681100
2022-11-15,465.9073791503906,466.8410612729365,444.43269033183554,449.1011009445649,531100
2022-11-16,465.9073791503906,473.3768361307576,459.37160429256954,464.0400149052989,452800
2022-11-17,469.6420593261719,470.57574135266526,461.23892108773146,462.17260311422484,295100
2022-11-18,452.8358154296875,467.7747289283988,451.90213333601804,466.84104683472935,473600
2022-11-21,460.30523681640625,460.30523681640625,450.0347345750665,450.9684165970065,278200
2022-11-22,454.7031555175781,466.8410220919693,454.7031555175781,459.3715657384978,300400
2022-11-24,450.0346984863281,460.3051999040659,450.0346984863281,458.43783600993174,327500
2022-11-25,471.50946044921875,472.4431425491182,452.8358184512299,452.8358184512299,642400
2022-11-28,473.3768310546875,478.97892372989094,462.17264570428074,476.17787739228925,452600
2022-11-29,460.30523681640625,466.84101096998603,454.7031446847664,466.84101096998603,412300
2022-11-30,450.0346984863281,463.1062457452671,449.101016539261,457.50415406286464,354500
2022-12-01,463.1062927246094,466.84102089174337,452.83579026499103,457.5042004739085,438900
2022-12-02,452.8358154296875,457.5042258980348,449.10108705500966,456.57054380436534,361100
2022-12-05,464.03997802734375,464.03997802734375,441.6316088670696,451.9021113988619,482500
2022-12-06,469.6420593261719,476.1778335116256,460.30523906123807,463.1062851407182,542500
2022-12-07,463.1062927246094,474.31047722601124,462.1726106828259,466.84102089174337,283000
2022-12-08,459.3715515136719,462.172597559487,451.90209539149834,462.172597559487,276300
2022-12-09,455.63690185546875,460.30531273513543,450.96849097580207,451.9021731517354,206800
2022-12-12,462.1726379394531,467.7747305205374,455.63686326152146,456.5705453583688,216100
2022-12-13,464.03997802734375,469.6420703174123,463.10629597899896,464.9736600756885,221600
2022-12-14,459.3715515136719,466.8410076358454,458.4378694984002,466.8410076358454,152900
2022-12-15,467.7746887207031,467.7746887207031,455.6368225463136,458.4378685865574,224300
2022-12-16,454.7031555175781,458.4378836943139,450.0347452966584,455.63683756176204,529700
2022-12-19,450.0346984863281,460.3051999040659,450.0346984863281,452.8357443275293,276200
2022-12-20,441.6316223144531,456.57053554284903,436.9632119305794,450.96844308220057,459700
2022-12-21,427.6263427734375,437.896844455769,420.1568870044691,437.896844455769,386000
2022-12-22,422.9579772949219,430.4274338475916,422.02429522583816,428.56006970942417,194000
2022-12-23,405.218017578125,417.3558844641057,403.35065344182027,416.4222023959533,443800
2022-12-26,434.16217041015625,439.7642629315776,408.9527540637601,408.9527540637601,857900
2022-12-27,438.8305358886719,445.36630982743935,434.1621259324094,434.1621259324094,462600
2022-12-28,433.22845458984375,438.8305466750573,425.75899847622577,434.162136604046,340000
2022-12-29,441.6316223144531,441.6316223144531,424.8253449325078,426.6927090860573,337300
2022-12-30,446.300048828125,455.6368699333159,437.8969098334532,440.6979561650105,456900
2023-01-04,457.50421142578125,464.9736679388553,453.76948316924427,455.63684729751276,415800
2023-01-05,460.30523681640625,470.5757390577459,460.30523681640625,462.1726008602862,401300
2023-01-06,450.0346984863281,453.7694262745964,446.29997069805984,453.7694262745964,228600
2023-01-10,468.7083740234375,469.6420560434045,459.37155382376744,459.37155382376744,362600
2023-01-11,472.4431457519531,477.1115562830989,470.5757815394948,471.50946364572394,393500
2023-01-12,468.7083740234375,480.84624028300857,467.7746920034705,472.44310210330553,273800
2023-01-13,464.03997802734375,470.575752365757,461.23893188230943,465.9073421240332,212600
2023-01-16,469.6420593261719,478.04519756461235,464.0399671672116,464.973649193705,239900
2023-01-17,470.5757751464844,471.509457240029,463.1063183981275,470.5757751464844,169300
2023-01-18,485.5146484375,486.448330453726,467.77469012920676,469.6420541616587,539200
2023-01-19,483.6473388671875,497.6525706876659,480.84629250309183,485.514703109918,446700
2023-01-20,497.6524963378906,499.51986030163505,480.84622066419075,482.7135846279352,392800
2023-01-23,507.9230651855469,510.72411150090835,497.6525620292215,500.45360834458296,603800
2023-01-24,520.0609130859375,534.9998262086933,520.0609130859375,522.8619592964542,857400
2023-01-25,519.1272583007812,528.4640794932413,514.4588477045512,518.1935761815353,368200
2023-01-26,521.9282836914062,524.7293299366195,514.4588270375042,520.0609195279308,350600
2023-01-27,517.2598266601562,525.6629646383899,515.3924626649932,522.8619186456453,354400
2023-01-30,518.1934814453125,527.5303009308136,515.3924355996622,522.861891188063,344700
2023-01-31,510.72412109375,519.1272601976691,506.0557104804616,518.1935780750114,326400
2023-02-01,520.0609130859375,525.663005506971,509.7904103140429,510.7240923842151,320300
2023-02-02,526.5966796875,539.6682284740691,525.6629976313164,532.1987720246011,461100
2023-02-03,531.26513671875,536.8672295488246,520.9946331969464,521.9283153352922,335400
2023-02-06,529.3977661132812,539.6682695123043,529.3977661132812,534.9998588763848,497600
2023-02-07,436.0295715332031,466.8410830119948,436.0295715332031,466.8410830119948,2072500
2023-02-08,408.0190734863281,432.2948078356291,406.1517093056127,431.3611257452714,3075400
2023-02-09,391.2127990722656,404.2843484446086,385.6107064841186,400.54962005251065,2553200
2023-02-10,394.947509765625,401.48328415890956,386.5443712599734,388.41173537234044,1487700
2023-02-13,386.5444030761719,394.01386014044573,379.074946011898,394.01386014044573,1001300
2023-02-14,399.61590576171875,400.5495877845265,390.27908553364125,392.14644957925674,774500
2023-02-15,394.0138244628906,405.2180090447738,391.21277831741986,403.3506449477932,573700
2023-02-16,387.47802734375,394.9474832925452,387.47802734375,393.0801193053464,524400
2023-02-17,374.406494140625,382.80963241310786,374.406494140625,380.9422683525561,874200
2023-02-20,378.1412048339844,380.00856880847317,369.7380669487847,374.4064768850068,593800
2023-02-21,375.3402099609375,380.94230264692163,375.3402099609375,377.20757418959886,300500
2023-02-22,366.0033874511719,370.671798005396,364.13602322948225,370.671798005396,564500
2023-02-24,370.6717834472656,372.53914759561457,365.0696910022188,368.8044192989167,406900
2023-02-27,370.6717834472656,372.53914759561457,366.93705515056774,367.8707372247422,295200
2023-02-28,372.5391540527344,377.207564504523,372.5391540527344,372.5391540527344,330300
2023-03-01,369.7380676269531,372.53911359382397,365.0696576821683,368.8043856379962,394500
2023-03-02,365.0697021484375,372.5391589698889,365.0697021484375,372.5391589698889,375200
2023-03-03,361.3349609375,366.9370533551357,358.53391472868213,366.9370533551357,636100
2023-03-06,364.1360168457031,367.8707452236078,359.4676063733223,366.0033810346555,353600
2023-03-07,366.9370422363281,369.73808836026956,362.2686320297591,363.20231407107286,357900
2023-03-08,369.7380676269531,370.6717496159101,362.2686117152975,364.1359756932114,281600
2023-03-09,376.2738952636719,376.2738952636719,370.67180253021775,370.67180253021775,357000
2023-03-10,365.0697021484375,370.67179476452606,364.1360200457561,368.8044305591632,458400
2023-03-13,357.6002197265625,363.20231194160004,356.6665376907229,358.5339017624021,435700
2023-03-14,343.5950012207031,353.86550397458285,343.5950012207031,353.86550397458285,546000
2023-03-15,336.1255798339844,351.9981766594781,336.1255798339844,351.06449449327255,513200
2023-03-16,326.7886962890625,327.7223782784598,320.25292236328124,321.18660435267856,907400
2023-03-17,321.1866149902344,331.4571172137593,320.25293296991396,328.65607115279795,485800
2023-03-20,314.65087890625,322.1203359722737,312.78351463974406,321.1866538390208,462800
2023-03-22,324.92138671875,327.7224331559806,321.1866581357759,322.1203402815194,447600
2023-03-23,323.0539855957031,323.9876676349971,315.5845292813516,320.2529394778213,409600
2023-03-24,316.5182189941406,321.1866293037887,314.65085487028136,320.2529472418591,507200
2023-03-27,310.9161071777344,315.5845171954181,306.2476971600507,313.7171531883446,1102000
2023-03-28,304.3803405761719,310.9161147603228,301.57929449725003,308.115068681401,787300
2023-03-29,309.9824523925781,309.9824523925781,301.5793136228998,307.18140613601867,647800
2023-03-30,318.4621887207031,319.40438454532057,310.9246221237634,311.86681794838086,334000
2023-03-31,320.3465881347656,325.0575673720416,317.52000059240004,321.2887839822208,382400
2023-04-03,324.1153869628906,326.9419746398926,321.2887992858887,326.9419746398926,270000
2023-04-04,321.2887878417969,325.99976713566485,321.2887878417969,325.0575712768913,261600
2023-04-05,314.69342041015625,320.34659562710516,313.7512245406648,320.34659562710516,455900
2023-04-06,311.8668212890625,315.63560462790315,309.04023378493207,310.92462545435234,257000
2023-04-07,309.982421875,313.75120511968083,308.09803025265956,310.9246176861702,250700
2023-04-10,309.0402526855469,313.7512321472168,308.0980567932129,313.7512321472168,185000
2023-04-11,310.92462158203125,316.57779651988636,309.9824257590554,312.809013227983,375500
2023-04-12,312.8090515136719,314.69344339026026,310.9246596370835,313.75124745196604,190500
2023-04-13,312.8090515136719,313.75124745196604,310.9246596370835,311.86685557537766,180100
2023-04-14,320.3465881347656,324.1153715245864,315.63560889748965,320.3465881347656,480500
2023-04-17,320.3465881347656,323.1731756771312,317.52000059240004,320.3465881347656,226200
2023-04-18,319.4043884277344,320.3465842638044,318.46219259166435,320.3465842638044,159200
2023-04-19,319.4043884277344,322.2309759359444,318.46219259166435,320.3465842638044,210500
2023-04-20,324.1153869628906,326.9419746398926,318.4622116088867,318.4622116088867,321700
2023-04-21,322.2309875488281,325.05757515890554,321.2887916788023,322.2309875488281,218400
2023-04-24,319.4043884277344,322.2309759359444,318.46219259166435,322.2309759359444,258200
2023-04-25,319.4043884277344,325.0575634441544,319.4043884277344,321.2887800998744,185600
2023-04-26,310.92462158203125,317.5199923428622,310.92462158203125,317.5199923428622,461700
2023-04-27,318.4621887207031,320.34658036993807,310.9246221237634,312.80901377299836,291400
2023-04-28,318.4621887207031,322.230972019173,317.5199928960857,322.230972019173,388800
2023-05-01,325.9997863769531,326.94198229133735,321.2888068050318,322.2310027194161,269400
2023-05-02,325.0575866699219,326.94197847670404,320.3466071529665,325.999782573313,398000
2023-05-08,325.9997863769531,326.94198229133735,323.1731986338003,325.9997863769531,159100
2023-05-09,323.1731872558594,325.99977489949663,323.1731872558594,325.99977489949663,283300
2023-05-10,316.57781982421875,323.17319107055664,316.57781982421875,323.17319107055664,377200
2023-05-11,314.69342041015625,315.63561627964776,311.8668328016818,311.8668328016818,544600
2023-05-12,312.8090515136719,314.69344339026026,310.9246596370835,311.86685557537766,230000
2023-05-15,318.4621887207031,320.34658036993807,312.80901377299836,320.34658036993807,421900
2023-05-16,289.2541198730469,298.67607817510054,288.3119240428415,295.84949068448446,1297300
2023-05-17,286.42755126953125,289.2541389465332,280.77437591552734,287.36974716186523,756800
2023-05-18,302.44488525390625,303.38708115812403,288.3119466906396,289.25414259485734,538200
2023-05-19,306.2136535644531,309.04024113581727,303.3870659930889,303.3870659930889,324200
2023-05-22,309.0402526855469,309.98244857788086,305.27146911621094,308.0980567932129,287400
2023-05-23,300.5604553222656,309.9824131693586,300.5604553222656,309.9824131693586,364000
2023-05-24,299.6182861328125,304.3292654745234,299.6182861328125,301.5026778694969,149800
2023-05-25,302.44488525390625,303.38708115812403,297.73390573281733,301.50268934968847,250100
2023-05-26,295.8494873046875,302.44485804077925,294.9072914852458,301.5026622213376,284400
2023-05-29,300.5604553222656,303.38704267639355,298.676063752847,302.4448468916842,282700
2023-05-30,298.6761169433594,302.44490075337023,295.84952908585126,298.6761169433594,195600
2023-05-31,294.9073181152344,300.5604935423635,294.9073181152344,296.7917099242774,358600
2023-06-01,293.9651184082031,297.73390197753906,293.9651184082031,295.8495101928711,255800
2023-06-02,297.7339172363281,297.7339172363281,292.08074159260036,294.90732941446424,298100
2023-06-05,302.44488525390625,303.38708115812403,300.5604934454707,301.50268934968847,320900
2023-06-06,300.5604553222656,301.50265110697495,297.73386796813776,300.5604553222656,248300
2023-06-07,295.8494873046875,304.3292496796626,295.8494873046875,301.5026622213376,570500
2023-06-08,295.8494873046875,298.67607476301254,293.02289984636246,297.73387894357086,411300
2023-06-09,291.13848876953125,294.90727179567403,290.19629301299557,294.90727179567403,454800
2023-06-12,294.9073181152344,296.7917099242774,290.1963385926268,292.0807304016698,296700
2023-06-13,293.9651184082031,297.73390197753906,293.9651184082031,296.7917060852051,290500
2023-06-14,299.6182861328125,301.5026778694969,296.79169852778597,296.79169852778597,481900
2023-06-15,293.9651184082031,298.67609786987305,293.9651184082031,298.67609786987305,363900
2023-06-16,295.8494873046875,295.8494873046875,293.02289984636246,293.96509566580414,403300
2023-06-19,292.0807189941406,295.8495024650328,290.19632725869457,295.8495024650328,492600
2023-06-20,292.0807189941406,292.0807189941406,285.4853479200794,291.1385231264176,596000
2023-06-21,287.3697509765625,291.13853459592724,286.4275550717213,289.25414278624487,376700
2023-06-22,283.6009826660156,287.36976648881983,282.6587867103146,286.4275705331188,505800
2023-06-23,282.65875244140625,287.36973164876304,281.7165565999349,287.36973164876304,645000
2023-06-26,277.9477844238281,282.6587638208422,277.00558854442534,281.7165679414394,699800
2023-06-27,277.0056457519531,278.89003789992563,275.1212536039807,277.94784182593935,391900
2023-06-28,284.54315185546875,284.54315185546875,278.88997665304225,278.88997665304225,312900
2023-06-29,286.42755126953125,287.36974716186523,284.5431594848633,285.48535537719727,269900
2023-06-30,285.4853515625,289.25413508147693,285.4853515625,287.36974332198844,243400
2023-07-03,286.42755126953125,290.1963348388672,284.5431594848633,288.3119430541992,326100
2023-07-04,284.54315185546875,286.42754358961093,284.54315185546875,285.48534772253987,199000
2023-07-05,284.54315185546875,285.48534772253987,280.7743683871844,283.6009559883977,238700
2023-07-06,283.6009826660156,285.48537457741776,280.7743947989125,285.48537457741776,255400
2023-07-07,282.65875244140625,284.54314412434894,280.77436075846356,281.7165565999349,286200
2023-07-10,282.65875244140625,285.4853399658203,280.77436075846356,283.6009482828776,301500
2023-07-11,286.42755126953125,289.2541389465332,285.48535537719727,286.42755126953125,239100
2023-07-12,285.4853515625,287.36974332198844,283.60095980301156,287.36974332198844,177200
2023-07-13,285.4853515625,286.42754744224425,283.60095980301156,285.4853515625,162800
2023-07-14,284.54315185546875,288.3119353237531,283.6009559883977,287.369739456682,200200
2023-07-18,288.31195068359375,288.31195068359375,284.54316701452717,284.54316701452717,104900
2023-07-19,286.42755126953125,290.1963348388672,284.5431594848633,289.2541389465332,234400
2023-07-20,283.6009826660156,287.36976648881983,282.6587867103146,286.4275705331188,201600
2023-07-21,281.716552734375,284.54314022000415,281.716552734375,282.65874856291805,236200
2023-07-24,283.6009826660156,285.48537457741776,282.6587867103146,283.6009826660156,151100
2023-07-25,283.6009826660156,284.54317862171666,282.6587867103146,284.54317862171666,123800
2023-07-26,283.6009826660156,283.6009826660156,281.71659075461355,283.6009826660156,244800
2023-07-27,286.42755126953125,286.42755126953125,283.6009635925293,283.6009635925293,160400
2023-07-28,289.2541198730469,290.19631570325225,283.6009448918147,283.6009448918147,416900
2023-07-31,288.31195068359375,290.19634251812704,285.4853629317938,290.19634251812704,295100
2023-08-01,289.2541198730469,290.19631570325225,288.3119240428415,289.2541198730469,206200
2023-08-02,286.42755126953125,289.2541389465332,286.42755126953125,289.2541389465332,385300
2023-08-03,277.0056457519531,285.48541041782926,276.0634496779669,285.48541041782926,1568700
2023-08-04,277.9477844238281,279.83217618263376,277.9477844238281,277.9477844238281,632100
2023-08-07,318.4621887207031,320.34658036993807,287.3697265083268,287.3697265083268,4091300
2023-08-08,303.3870849609375,320.3466114494371,303.3870849609375,320.3466114494371,1074800
2023-08-09,300.5604553222656,307.1558258152307,297.73386796813776,299.61825953755636,518400
2023-08-10,309.982421875,309.982421875,299.61826795212767,300.5604637632979,469200
2023-08-14,304.32928466796875,311.8668520900856,303.38708874020415,309.0402643067918,338300
2023-08-15,301.5026550292969,307.1558298110962,298.6760676383972,305.2714382171631,328100
2023-08-16,305.2714538574219,307.1558455478998,299.61827878598814,300.56047463122707,224000
2023-08-17,307.1558532714844,309.0402450093462,299.61828632003693,304.32926566469155,367800
2023-08-18,300.5604553222656,307.1558258152307,300.5604553222656,307.1558258152307,416700
2023-08-21,296.79168701171875,303.38705783420136,296.79168701171875,300.56047033885164,255200
2023-08-22,296.79168701171875,298.6760786752852,294.9072953481523,296.79168701171875,114600
2023-08-23,298.6761169433594,299.61831289586206,294.9073331333485,296.79172503835395,110100
2023-08-24,297.7339172363281,300.560505058192,296.79172129570685,300.560505058192,138700
2023-08-25,296.79168701171875,297.733882843502,293.96509951636904,296.79168701171875,203200
2023-08-28,299.6182861328125,299.6182861328125,296.79169852778597,297.73389439612816,133800
2023-08-29,304.32928466796875,309.0402643067918,300.5605009569103,301.50269688467495,376200
2023-08-30,307.1558532714844,308.0980491404153,304.32926566469155,308.0980491404153,169600
2023-08-31,305.2714538574219,307.1558455478998,305.2714538574219,306.2136497026608,124100
2023-09-01,308.09808349609375,308.09808349609375,303.3871036261229,305.27149557411127,307600
2023-09-04,320.3465881347656,323.1731756771312,309.04023796530333,309.04023796530333,671000
2023-09-05,327.8841552734375,334.47952621284577,320.3465884855424,320.3465884855424,757300
2023-09-06,333.537353515625,336.3639412572829,327.88417803230936,329.76856986008124,564200
2023-09-07,326.9419860839844,335.42174941181105,325.0575942333562,329.7685738599266,520000
2023-09-08,329.7685546875,334.4795340401786,327.8841629464286,327.8841629464286,359700
2023-09-11,325.0575866699219,332.5951538970505,325.0575866699219,331.6529579936594,218700
2023-09-12,324.1153869628906,331.6529541015625,322.23099517822266,325.9997787475586,263800
2023-09-13,330.7107238769531,333.5373112605168,325.0575491098257,325.9997449043469,412500
2023-09-14,343.9014892578125,346.72807684075343,328.82635548212755,330.7107472040882,870500
2023-09-15,338.24835205078125,346.72811575121864,334.47956818392015,342.9593318843576,526900
2023-09-19,338.24835205078125,339.1905480174965,331.65298028377435,337.30615608406595,305500
2023-09-20,330.7107238769531,344.8436607947716,330.7107238769531,343.90146500025037,390100
2023-09-21,321.2887878417969,330.7107464295329,319.4043961242497,330.7107464295329,444000
2023-09-22,323.1731872558594,325.05757901828423,314.6934243249476,316.57781608737247,279000
2023-09-25,329.7685546875,330.7107505580357,322.2309877232143,322.2309877232143,262400
2023-09-26,324.1153869628906,328.82636642456055,322.23099517822266,328.82636642456055,317700
2023-09-27,328.8263854980469,328.8263854980469,319.4044260281888,320.3466219751746,482000
2023-09-28,326.9419860839844,332.59516163586886,322.231006457414,325.0575942333562,507000
2023-09-29,326.9419860839844,332.59516163586886,323.1732023827281,330.7107697852407,404300
2023-10-02,322.2309875488281,337.30612146924113,322.2309875488281,328.8263586390088,613000
2023-10-03,312.8090515136719,322.2310108966138,310.9246596370835,320.3466190200254,432000
2023-10-04,307.1558532714844,314.6934202229318,301.5026780578988,311.86683261613905,585000
2023-10-05,302.44488525390625,309.98245248764846,301.50268934968847,307.1558647749951,326100
2023-10-06,306.2136535644531,308.0980452786959,301.50267427884614,304.32926185021034,220800
2023-10-10,314.69342041015625,315.63561627964776,309.98244106269885,309.98244106269885,192600
2023-10-11,304.32928466796875,315.6356358011441,304.32928466796875,315.6356358011441,228000
2023-10-12,311.8668212890625,311.8668212890625,305.2714504460914,307.15584211551175,234400
2023-10-13,298.6761169433594,312.8090562309,296.79172503835395,312.8090562309,359200
2023-10-16,286.42755126953125,294.9073143005371,285.48535537719727,293.9651184082031,432500
2023-10-17,286.42755126953125,292.08072662353516,285.48535537719727,292.08072662353516,225900
2023-10-18,291.13848876953125,291.13848876953125,285.48531423031704,288.31190149992415,220200
2023-10-19,285.4853515625,289.25413508147693,283.60095980301156,285.4853515625,214700
2023-10-20,286.42755126953125,289.2541389465332,282.6587677001953,286.42755126953125,222800
2023-10-23,277.9477844238281,286.4275473384534,277.00558854442534,284.5431555796478,596300
2023-10-24,284.54315185546875,286.42754358961093,271.3524097164735,279.8321725201133,413100
2023-10-25,283.6009826660156,288.3119624445209,282.6587867103146,287.36976648881983,270500
2023-10-26,278.88995361328125,283.6009325594515,278.88995361328125,281.7165409809834,242300
2023-10-27,286.42755126953125,286.42755126953125,280.77437591552734,281.7165718078613,296100
2023-10-30,280.7743835449219,284.5431672166658,279.8321876269859,284.5431672166658,265700
2023-10-31,280.7743835449219,280.7743835449219,275.121208037306,280.7743835449219,324800
2023-11-01,283.6009826660156,288.3119624445209,282.6587867103146,284.54317862171666,232200
2023-11-02,290.19635009765625,290.19635009765625,282.65878256265216,282.65878256265216,344700
2023-11-06,297.7339172363281,298.6761131769494,290.1963497113578,293.0229375332217,436500
2023-11-07,312.8090515136719,323.173206834908,303.3870921307299,320.3466190200254,1574700
2023-11-08,307.1558532714844,311.86683261613905,304.32926566469155,311.86683261613905,550200
2023-11-09,309.0402526855469,312.8090362548828,304.32927322387695,304.32927322387695,362900
2023-11-10,304.32928466796875,309.0402643067918,302.44489281243955,309.0402643067918,326700
2023-11-13,293.9651184082031,306.2136650085449,293.9651184082031,304.32927322387695,377400
2023-11-14,286.42755126953125,293.9651184082031,286.42755126953125,293.9651184082031,312600
2023-11-15,296.79168701171875,297.733882843502,289.25412035745285,289.25412035745285,245200
2023-11-16,291.13848876953125,296.79166330874546,289.2540972564599,296.79166330874546,240700
2023-11-17,295.8494873046875,295.8494873046875,289.25411656859575,291.1385082074791,204600
2023-11-20,303.3870849609375,305.271476792993,293.02292988463216,295.84951763271545,315100
2023-11-21,315.6356201171875,317.52001187908115,305.2714654267724,305.2714654267724,445200
2023-11-22,312.8090515136719,320.3466190200254,309.0402677604951,315.6356393285544,369200
2023-11-24,309.0402526855469,313.7512321472168,308.0980567932129,310.92464447021484,233300
2023-11-27,313.751220703125,315.63561241905967,309.04024141328824,309.04024141328824,266000
2023-11-28,322.2309875488281,323.1731834188539,313.7512247185958,313.7512247185958,316500
2023-11-29,323.1731872558594,329.76855842434634,322.230991374647,322.230991374647,411500
2023-11-30,325.0575866699219,326.94197847670404,323.1731948631397,323.1731948631397,262100
2023-12-01,316.57781982421875,325.9997787475586,316.57781982421875,325.9997787475586,301700
2023-12-04,319.4043884277344,324.11536760808445,310.92462590310424,311.86682173917427,284600
2023-12-05,309.0402526855469,319.4044075012207,309.0402526855469,318.4622116088867,236000
2023-12-06,312.8090515136719,314.69344339026026,304.32928806902413,306.2136799456125,293000
2023-12-07,300.5604553222656,309.0402173846493,300.5604553222656,309.0402173846493,413500
2023-12-08,294.9073181152344,300.5604935423635,292.0807304016698,297.7339058287989,354900
2023-12-11,294.9073181152344,297.7339058287989,291.1385344971483,294.9073181152344,361000
2023-12-12,291.13848876953125,296.79166330874546,291.13848876953125,294.90727179567403,364100
2023-12-13,294.9073181152344,296.7917099242774,291.1385344971483,292.0807304016698,266000
2023-12-14,293.02294921875,299.61832106611735,292.08075324055466,296.7917331315314,254100
2023-12-15,301.5026550292969,302.44485082626346,293.96508865356446,293.96508865356446,337600
2023-12-18,299.6182861328125,304.3292654745234,296.79169852778597,301.5026778694969,207600
2023-12-19,297.7339172363281,298.6761131769494,294.90732941446424,297.7339172363281,220300
2023-12-20,292.0807189941406,300.560481803648,292.0807189941406,297.73389420047886,417600
2023-12-21,289.2541198730469,291.13851153345763,287.3697282126362,290.19631570325225,292400
2023-12-22,286.42755126953125,291.1385307312012,286.42755126953125,289.2541389465332,306800
2023-12-25,282.65875244140625,286.4275358072917,281.7165565999349,286.4275358072917,498300
2023-12-26,281.716552734375,286.4275318770903,281.716552734375,281.716552734375,363500
2023-12-27,293.9651184082031,293.9651184082031,283.6009635925293,283.6009635925293,425900
2023-12-28,301.5026550292969,301.5026550292969,291.1385012626648,293.96508865356446,306800
2023-12-29,297.7339172363281,302.44489693943456,295.8495253550855,301.5027009988133,239900
2024-01-04,306.2136535644531,309.04024113581727,293.0229115647536,296.79169499323916,389100
2024-01-05,307.1558532714844,310.9246367472081,307.1558532714844,310.9246367472081,236900
2024-01-09,316.57781982421875,321.2887992858887,309.0402526855469,309.0402526855469,469700
2024-01-10,317.5200500488281,323.17322601408915,317.5200500488281,319.4044420372485,288700
2024-01-11,316.57781982421875,320.3466033935547,315.63562393188477,320.3466033935547,152600
2024-01-12,311.8668212890625,317.5199962973235,310.92462545435234,316.5778004626133,234400
2024-01-15,309.982421875,312.80900930851067,309.982421875,310.9246176861702,28100
2024-01-16,303.3870849609375,310.92465228915955,302.44488904490976,309.040260457104,215900
2024-01-17,297.7339172363281,306.21368070191977,297.7339172363281,302.44489693943456,327500
2024-01-18,303.3870849609375,305.271476792993,297.733909464771,297.733909464771,229000
2024-01-19,305.2714538574219,308.0980413931387,302.444866321705,305.2714538574219,176300
2024-01-22,309.0402526855469,309.98244857788086,304.32927322387695,308.0980567932129,175800
2024-01-23,311.8668212890625,314.693408793193,309.04023378493207,310.92462545435234,330600
2024-01-24,317.5200500488281,320.34663803145867,310.9246780893569,310.9246780893569,358300
2024-01-25,322.2309875488281,324.11537928887975,315.6356164586474,320.3465958087765,321200
2024-01-26,322.2309875488281,328.8263586390088,319.40439993875066,322.2309875488281,348000
2024-01-29,320.3465881347656,326.941959066952,318.46219643985523,326.941959066952,220100
2024-01-30,311.8668212890625,320.34658380145396,311.8668212890625,318.46219213203364,237200
2024-01-31,315.6356201171875,315.6356201171875,306.21366130771924,310.92464071245337,307000
2024-02-01,307.1558532714844,314.6934202229318,306.21365740255345,312.80902848507,275200
2024-02-02,310.92462158203125,312.809013227983,307.15583829012786,309.0402299360795,214100
2024-02-05,312.8090515136719,317.5200312051428,310.9246596370835,311.86685557537766,368800
2024-02-06,342.01708984375,356.15002744059916,337.3061106448003,337.3061106448003,3461100
2024-02-07,340.1326904296875,342.95927788478184,328.8263406093101,336.3639071562283,776500
2024-02-08,348.6125183105469,350.49691030141474,338.24836236077385,342.95934233794344,617000
2024-02-09,355.2078552246094,358.034442931967,348.6124839074416,348.6124839074416,611500
2024-02-13,345.785888671875,359.9188269009707,345.785888671875,358.0344351370913,422500
2024-02-14,343.9014892578125,347.6702727017337,340.1327058138912,343.9014892578125,291000
2024-02-15,336.3639221191406,349.5546641630285,334.4795303985852,347.6702724424731,314000
2024-02-16,340.1326904296875,342.01708206641706,335.42171133786354,339.1904946113227,294400
2024-02-19,340.1326904296875,344.8436695215114,338.24829879295794,342.95927788478184,254800
2024-02-20,337.30609130859375,342.01707023748475,334.4795039512592,339.19048288015017,191600
2024-02-21,330.7107238769531,337.30609443860175,328.82633228791065,337.30609443860175,233600
2024-02-22,335.4217529296875,337.306144800079,333.537361059296,334.47955699449176,185900
2024-02-26,334.4795227050781,337.3061102208957,331.6529351892606,332.59513102786644,159500
2024-02-27,354.26568603515625,358.0344699291473,338.2483544856944,339.19055045919214,655400
2024-02-28,352.3812561035156,358.9766272070574,349.55466848771204,353.32345197545015,265400
2024-02-29,362.7453918457031,364.62978349165485,349.5546503240412,352.38123779296876,448500
2024-03-01,362.7453918457031,364.62978349165485,356.15002108487215,364.62978349165485,308000
2024-03-04,367.4564208984375,377.8205763596755,363.687637094351,367.4564208984375,647200
2024-03-05,374.99395751953125,380.64713275851915,363.68760704155545,366.5141946610494,640200
2024-03-06,409.855224609375,412.6818123653017,379.7049552128233,380.64715113146553,1497400
2024-03-07,407.02862548828125,427.7569351196289,407.02862548828125,423.045955657959,1165900
2024-03-08,390.0691223144531,415.5084129001783,385.3581425763559,408.9130412668422,847100
2024-03-11,380.6471252441406,389.126887935223,374.0517542621877,382.53151695327006,434800
2024-03-12,405.14422607421875,407.97081369799236,380.64713333484735,384.4159168332122,715000
2024-03-13,391.0112609863281,408.91298136883466,389.1268693671169,407.97078555922906,413200
2024-03-14,398.5488586425781,401.3754462925255,388.1847039261045,391.0112915760518,357600
2024-03-15,410.7973937988281,414.56617722817515,393.8378683667664,395.7222600814399,578400
2024-03-18,434.3523254394531,440.9476969754101,414.56621083158217,416.4506026989984,1096400
2024-03-19,429.641357421875,436.2367291366845,423.988181666324,429.641357421875,494800
2024-03-21,430.5835266113281,434.3523102140531,425.8725471079219,433.4101143133718,339100
2024-03-22,422.1037292480469,434.3522749628339,419.27714177540366,433.41007913861955,405100
2024-03-25,423.98809814453125,434.35225165473094,421.1615108235677,422.10370659722224,391200
2024-03-26,428.6991271972656,434.3523025009658,420.2193642417153,423.98814777751545,264200
2024-03-27,432.4678955078125,438.1210706124898,421.16154529845795,426.8147204031352,412800
2024-03-28,435.3130798339844,453.3325755133868,431.5195017962155,438.1582633623111,611400
2024-03-29,457.1261291503906,462.81649590330005,440.05502889166235,440.05502889166235,556100
2024-04-01,445.7454528808594,461.8681607510181,441.0034799778715,461.8681607510181,511300
2024-04-02,418.2419738769531,441.0034418430458,415.3967903811915,441.0034418430458,569500
2024-04-03,422.9839782714844,430.57113483240784,406.86127057952194,412.5516380002146,603700
2024-04-04,422.9839782714844,425.8291619818307,419.1903999910226,423.93237284159983,215700
2024-04-05,403.06768798828125,412.55163358800553,394.5321369485294,411.6032390280331,670600
2024-04-08,406.86126708984375,408.75805621380573,398.3257160320149,405.91287252786276,257600
2024-04-09,422.9839782714844,429.62274026229244,405.91287600940655,410.6548488599837,439300
2024-04-10,437.20989990234375,443.84866193990644,422.035586673629,422.035586673629,623000
2024-04-11,429.6227111816406,439.106656240838,429.6227111816406,431.5195001934801,308400
2024-04-12,435.3130798339844,448.59060296617565,431.5195017962155,431.5195017962155,415300
2024-04-15,424.8807373046875,432.4678933279855,423.9323428017753,428.6743153163365,247800
2024-04-16,411.6032409667969,416.345213788995,408.758057273478,415.3968192245554,301700
2024-04-17,403.06768798828125,415.3968172679228,403.06768798828125,411.6032390280331,246500
2024-04-18,397.3773193359375,403.06768667726357,390.7385574377238,402.1192921203759,250000
2024-04-19,381.2546081542969,396.4289209166569,378.40942451135436,395.48052636900945,431700
2024-04-22,382.2030334472656,386.94500656695874,376.5126657036339,383.15142807120424,253600
2024-04-23,392.6353759765625,395.4805598604506,384.0998243248981,384.0998243248981,239900
2024-04-24,398.3257141113281,403.06768689836775,390.73855765206474,396.42892499651225,189100
2024-04-25,394.5321044921875,398.32568241999695,391.6869210463304,394.5321044921875,140200
2024-04-26,392.6353759765625,395.4805598604506,385.9966135808235,394.5321652324879,266400
2024-04-30,407.80963134765625,412.55160380518714,390.73853050054504,393.5837139750636,288600
2024-05-01,393.5837097167969,401.17086556675923,388.8417373105704,400.2224710855139,175700
2024-05-02,389.7901611328125,394.5321338959854,387.8933720275433,394.5321338959854,117400
2024-05-07,400.22247314453125,407.8096290335271,396.4288952000333,397.3772896861578,266700
2024-05-08,403.06768798828125,409.70644990808825,399.27410974839154,400.22250430836397,149300
2024-05-09,399.2740783691406,405.91283976720234,394.5321059419537,404.0160507963276,269800
2024-05-10,398.3257141113281,400.222503226144,394.53213588169643,399.27410866873606,165000
2024-05-13,393.5837097167969,398.32568212302334,388.8417373105704,394.5321041980422,136400
2024-05-14,390.738525390625,398.3256812234527,388.8417364324181,398.3256812234527,205700
2024-05-15,383.1513977050781,397.3773159367023,377.46103041242844,395.48052683915245,709900
2024-05-16,334.78326416015625,363.2350996411893,332.88647512808734,363.2350996411893,1431900
2024-05-17,349.0091857910156,352.8027638974397,334.78326789192533,334.78326789192533,511400
2024-05-20,360.3899230957031,364.18350123355265,346.1640050787675,349.0091886821546,303900
2024-05-21,357.5447082519531,367.97704721951675,353.7511304455664,363.2350749615333,153500
2024-05-22,350.906005859375,358.49316274282097,349.95761124894426,355.6479789115287,235100
2024-05-23,349.9575500488281,358.49310005001905,349.00915560425136,358.49310005001905,133400
2024-05-24,346.1640319824219,351.85439963144796,344.26724276607985,344.26724276607985,125500
2024-05-27,351.8544006347656,351.8544006347656,346.16403296951336,348.0608221912641,87500
2024-05-28,348.060791015625,354.69955269712193,347.1123964896969,349.9575800674813,81400
2024-05-29,334.78326416015625,347.11239286860393,334.78326416015625,347.11239286860393,224400
2024-05-30,330.98968505859375,332.88647408471746,325.2993179802225,331.93807957165563,271000
2024-05-31,335.7316589355469,337.62844796908104,330.0412918349444,333.8348699020127,212600
2024-06-03,344.2671813964844,345.21557583559314,335.7316314445054,335.7316314445054,146800
2024-06-04,343.3188171386719,345.2156061836369,337.6284500037768,343.3188171386719,208800
2024-06-05,334.78326416015625,341.4220257723973,333.8348696441218,340.47363125636286,232300
2024-06-06,332.886474609375,337.62844718215814,330.04129106570514,337.62844718215814,197300
2024-06-07,339.5252380371094,342.37042159607955,330.9896873601988,330.9896873601988,190900
2024-06-10,348.060791015625,349.00918554155317,338.5768457563437,338.5768457563437,183400
2024-06-11,345.21563720703125,351.85439946101263,344.2672425993196,346.1640318147429,340900
2024-06-12,347.1123962402344,356.59634149269976,345.21560718974126,346.1640017149878,294000
2024-06-13,342.3704528808594,352.80279355035924,341.4220582745412,347.1124259124502,248000
2024-06-14,344.2671813964844,348.0607591529195,337.628420322723,337.628420322723,188200
2024-06-17,344.2671813964844,344.2671813964844,332.8864481271791,338.57681476183177,214100
2024-06-18,360.3899230957031,361.3383176301655,346.1640050787675,347.11239961322985,273900
2024-06-19,381.2546081542969,385.9965808925344,362.2867172013468,362.2867172013468,790000
2024-06-20,384.0997619628906,386.944945384838,372.71902827510127,380.30618406696084,484300
2024-06-21,381.2546081542969,391.6869481784194,379.3578190590018,386.9449754401819,410900
2024-06-24,380.3061828613281,385.04815521620753,373.667421564497,384.09976074523166,292300
2024-06-25,385.0481872558594,389.7901600053158,381.25460905629427,383.1513981560768,195300
2024-06-26,381.2546081542969,388.8417645354769,374.6158463207643,388.8417645354769,290400
2024-06-27,382.2030334472656,385.0482173190815,375.56427107969523,375.56427107969523,213300
2024-06-28,377.4610290527344,383.15139632488615,375.5642399620171,382.20300177952754,219300
2024-07-01,402.1192626953125,406.86123513275726,378.4094005080889,384.0997674330226,843500
2024-07-02,415.3968200683594,422.9839765992883,404.96447983833207,405.9128744046982,955000
2024-07-03,407.80963134765625,417.293576262718,401.170869907113,412.55160380518714,578900
2024-07-04,400.22247314453125,411.603206978025,398.3256841722823,410.65481249190054,356100
2024-07-05,401.1708984375,404.9644766733156,396.42892564273046,398.3257147606383,222300
2024-07-08,392.6353759765625,398.32574374433875,386.94500820878625,398.32574374433875,339200
2024-07-09,399.2740783691406,403.0676563108902,396.42889491282847,396.42889491282847,195600
2024-07-10,396.4289245605469,403.06768645510147,387.89337355326234,403.06768645510147,238900
2024-07-11,400.22247314453125,403.0676566029047,394.53210622778437,398.3256841722823,162600
2024-07-12,401.1708984375,406.8612657912234,395.4805310837766,395.4805310837766,211000
2024-07-16,453.3326110839844,459.02297858713064,428.674351903684,429.6227464875417,2499300
2024-07-17,515.9266357421875,529.2041594561409,485.57801011029414,486.5264046612908,9169300
2024-07-18,464.7133483886719,524.4622074672154,464.7133483886719,496.9587643993144,4191400
2024-07-19,520.6686401367188,540.5849269179047,471.3521204880678,488.4232234433701,10819400
2024-07-22,497.9071350097656,518.771814953032,478.93924415225075,513.0814476957776,5003300
2024-07-23,478.9392395019531,508.33947004563737,474.19726683361694,506.4426809783029,2542900
2024-07-24,434.36468505859375,474.1972544307792,433.4162905497322,472.3004654130561,3188500
2024-07-25,395.48052978515625,429.62273379538556,380.30621689172096,427.72594468370613,4383100
2024-07-26,417.2936096191406,421.08718788840554,400.2225074074485,405.9128748113459,1735500
2024-07-29,408.758056640625,424.88076421113686,406.8612675146824,417.29360770736656,1033800
2024-07-30,413.5000305175781,420.13879247542917,403.06769029809794,407.80966312513436,813700
2024-07-31,419.1903991699219,419.1903991699219,405.9128752143135,408.75805891908675,569800
2024-08-01,409.7064514160156,423.9323698679606,404.9644785987006,418.2420024871826,708400
2024-08-02,380.3061828613281,396.4288888679181,380.3061828613281,392.63531098401455,1300700
2024-08-05,313.9185791015625,350.90596455461673,309.1766066075812,319.60894609434007,1448200
2024-08-06,353.75115966796875,358.4931323176734,333.8348745392091,333.8348745392091,1030600
2024-08-07,368.92547607421875,386.94497233491325,339.52524533308565,346.16400711334154,1195600
2024-08-08,375.564208984375,387.89333705709436,369.87384218158144,369.87384218158144,808000
2024-08-09,382.2030334472656,392.6353743105905,373.667481831818,383.15142807120424,995000
2024-08-13,458.0745544433594,458.0745544433594,441.0034530355323,441.95184755818934,958800
2024-08-14,444.7970275878906,450.4873946785673,431.5195043763118,450.4873946785673,1861200
2024-08-15,427.7259521484375,443.84865987908813,417.2936118521341,438.1582924447408,1289300
2024-08-16,448.5906066894531,449.53900120676695,437.2098724816869,442.90023958557,838500
2024-08-19,429.6227111816406,443.8486287704367,429.6227111816406,443.8486287704367,478000
2024-08-20,432.4679260253906,448.59063379388107,430.57113687615646,437.209898898476,493900
2024-08-21,428.6743469238281,433.41631978802974,422.98397948678615,426.77755777814747,375300
2024-08-22,422.9839782714844,429.62274026229244,418.2420054209072,428.674345692177,391300
2024-08-23,413.5000305175781,423.9323707370583,413.5000305175781,422.983976171651,346400
2024-08-26,407.80963134765625,411.60320931368096,402.1192643986192,406.8612368561501,386900
2024-08-27,406.86126708984375,414.44842358569167,402.11929427993886,409.7064507757867,293800
2024-08-28,405.9128723144531,407.80966143741784,398.3257158225942,404.0160831914884,244000
2024-08-29,419.1903991699219,425.8291611477261,399.2741132365093,403.0676915095403,527600
2024-08-30,436.261474609375,439.10665813943615,421.0871624490489,422.0355569590693,823300
2024-09-02,426.77752685546875,441.0034444173177,422.0355543348524,440.0550499131944,622600
2024-09-03,430.57110595703125,442.900234541704,428.6743169440047,438.15826200913756,537700
2024-09-04,415.3968200683594,420.13879290018997,407.8096635374304,409.70645267016266,523200
2024-09-05,422.03558349609375,432.46792376228933,409.7064540905899,409.7064540905899,486700
2024-09-06,418.2419738769531,432.467891355761,411.60321238684276,423.9323408684763,464200
2024-09-09,406.86126708984375,411.6032398997487,391.68695409814796,399.2741105939959,470400
2024-09-10,421.0871276855469,422.03552211727106,414.44836666347743,418.2419443903743,295900
2024-09-11,404.9644470214844,428.67430925927624,402.11926355294935,421.0871533431828,510900
2024-09-12,418.2419738769531,423.9323408684763,416.34518487977874,420.1387628741275,385000
2024-09-13,414.44842529296875,423.93237095184674,413.50003072708097,418.24200355651993,327000
2024-09-17,421.0871276855469,430.5710720027889,408.7580000731322,416.34515552692585,528700
2024-09-18,425.8291320800781,431.51949910119276,419.19037055544436,423.9323430730399,564900
2024-09-19,433.41632080078125,439.10668825111975,427.72595335044275,431.5195316506684,596000
2024-09-20,442.9002990722656,448.5906669404318,437.20993120409946,441.0035097828769,701800
2024-09-24,446.6938171386719,454.2809732684158,445.7454226224539,450.4873952035438,540900
2024-09-25,453.3326110839844,458.07458400327295,447.6422435808381,447.6422435808381,628600
2024-09-26,459.9713439941406,460.9197385178399,451.4357932808473,452.38418780454657,842800
2024-09-27,490.6361083984375,490.6361083984375,467.63754081726074,467.63754081726074,1564000
2024-09-30,491.5943908691406,497.3440328676101,471.47064387449745,471.47064387449745,1328900
2024-10-01,504.05194091796875,519.3843193489336,498.3022990063569,507.88503552570995,1218800
2024-10-02,490.6361083984375,508.84330773353577,488.7195611000061,494.4692029953003,784000
2024-10-03,488.71954345703125,506.9267421348422,487.7612698424096,505.01019490559895,671300
2024-10-04,489.6778564453125,491.5944038286601,481.0533932202483,488.7195827536387,632600
2024-10-07,485.8447265625,504.0519253883136,483.9281793176775,497.3440100314349,469800
2024-10-08,480.0950927734375,488.7195555178705,480.0950927734375,484.88646096478914,276200
2024-10-09,481.0533752441406,484.8864698675999,473.38718599722205,481.0533752441406,412100
2024-10-10,478.1785583496094,484.8864739978003,475.30373735752755,484.8864739978003,404300
2024-10-11,473.3871765136719,473.3871765136719,464.76271378366573,471.4706292403372,439900
2024-10-15,478.1785583496094,482.0116530057185,467.63754804530936,481.0533793416912,424300
2024-10-16,466.6792907714844,479.1368488413597,462.84619598075346,470.51238556221523,482200
2024-10-17,464.7627258300781,471.4706414606153,463.80445216857277,469.5540941376047,310300
2024-10-18,456.1382751464844,468.59583308115725,454.2217277719193,463.8044646447446,349100
2024-10-21,458.0548095703125,480.0951037546581,458.0548095703125,462.8461778712572,597300
2024-10-22,443.6806945800781,460.9296200713123,441.76414730327434,454.221704602499,491300
2024-10-23,438.88934326171875,449.43035368940195,436.9727959112309,449.43035368940195,450600
2024-10-24,441.76416015625,441.76416015625,431.2231498271421,436.0145181585548,386600
2024-10-25,437.93109130859375,447.5138285363529,433.1397226947142,447.5138285363529,469600
2024-10-28,443.6806945800781,452.3051573256952,437.9310527496668,437.9310527496668,462400
2024-10-29,455.17999267578125,458.0548136821546,443.68070865028784,450.38862433182567,738500
2024-10-30,448.47210693359375,459.9713917267628,444.6390120025374,458.0548442612347,1448400
2024-10-31,450.3886413574219,453.26346247246926,440.805904307264,445.5972728323429,514900
2024-11-01,440.8058776855469,452.30516145125677,439.84760403840437,447.5137932155443,833000
2024-11-05,479.1368408203125,516.5095144042969,443.68071459960936,463.8044619140625,6426800
2024-11-06,562.506591796875,571.1310540220401,471.4706016423552,479.13679028694634,12666600
2024-11-07,582.63037109375,612.3368538304379,532.8001419870477,610.4203065571032,10590700
2024-11-08,571.131103515625,607.5455027330642,565.381461533924,579.7555664881763,5001900
2024-11-11,605.62890625,622.877830795095,583.588613775712,590.2965288765822,4459000
2024-11-12,608.5037231445312,640.1267512764518,594.1296194482038,621.9195532611036,4437000
2024-11-13,589.3382568359375,609.462002191311,586.4634360708841,605.6289078379065,2564100
2024-11-14,599.8792724609375,611.3785556391025,584.5468948900509,585.5051684882313,1889400
2024-11-15,540.4663696289062,597.9627919298538,536.6332748088431,580.7138652395695,4216700
2024-11-18,535.6749267578125,544.2993889059705,520.3425496055316,527.0504646096546,1559100
2024-11-19,542.3828735351562,553.8821570730041,528.0087691128465,537.5915053943863,1898000
2024-11-20,546.2160034179688,559.6318350808663,537.5915402061061,551.0073718690036,1486600
2024-11-21,526.0922241210938,554.8404330894596,525.1339504888149,551.0073385603441,1503500
2024-11-22,553.8821411132812,565.3814243197853,524.1756594964789,526.0922066975629,2029100
2024-11-25,548.1325073242188,570.1728004508918,540.4663184105933,565.381432379876,2357400
2024-11-26,534.7166748046875,556.7569678521926,530.8835803616431,551.9655997983871,1274600
2024-11-27,529.92529296875,534.716660897943,520.3425571103639,534.716660897943,877900
2024-11-28,528.967041015625,537.5915036408798,524.1756728904835,525.1339465155118,965500
2024-11-29,555.7987060546875,564.4231687348464,536.6332334321121,536.6332334321121,2294000
2024-12-02,574.0059204101562,575.9224677237127,543.341163393253,546.2159843635877,1728300
2024-12-03,590.2965087890625,593.1713294487495,575.9224054906275,575.9224054906275,2003000
2024-12-04,597.0044555664062,603.7123707974895,585.5051723131207,590.296540335323,1383700
2024-12-05,597.0044555664062,620.9612956774178,588.3799931264422,606.5871916108109,1855500
2024-12-06,608.5037231445312,613.2950910433071,585.5051572304072,590.2965251291831,1343100
2024-12-09,607.5454711914062,634.3771323796702,603.71237673594,624.7943962410045,1645700
2024-12-10,608.5037231445312,616.1699117825726,597.9627137672244,602.7540816660003,1080800
2024-12-11,614.25341796875,618.0865126206611,596.0462183721723,603.7124076759945,762700
2024-12-12,602.7540893554688,614.2533724592297,597.9627213955685,614.2533724592297,919700
2024-12-13,591.2547607421875,599.879222406174,583.5885725964217,597.0044018515118,775200
2024-12-16,616.1699829101562,619.0448039812768,583.5886774374575,589.3383195796985,1362300
2024-12-17,639.1685180664062,657.3757172317162,632.4606025844499,632.4606025844499,2629700
2024-12-18,629.5858154296875,653.5426577215326,626.7109943546661,637.2520049630779,1362100
2024-12-19,620.9613647460938,632.4606492784288,601.7958905255354,606.5872590806749,1276200
2024-12-20,619.0447998046875,623.8361682242285,610.4203366495138,616.169978752963,939800
2024-12-23,659.2922973632812,675.5829500597576,623.8361709062443,628.6275393463844,3157400
2024-12-24,644.9181518554688,660.2505299084962,635.3354155723265,659.292256280182,1987200
2024-12-25,646.834716796875,651.6260850694445,634.3771592881944,648.7512641059028,1083500
2024-12-26,639.1685180664062,644.918159908083,628.6275080233321,644.918159908083,1254000
2024-12-27,620.9613647460938,637.2520178335684,616.1699961909542,637.2520178335684,1287400
2024-12-30,612.3367919921875,622.8778009310201,605.6288772129304,618.0864332315508,1395400
2025-01-06,612.3367919921875,646.8346394283672,609.4619713725059,631.5022627900651,2338000
2025-01-07,597.0044555664062,617.128201259656,590.296540335323,617.128201259656,1950600
2025-01-08,590.2965087890625,601.7957914278105,585.5051410229175,593.1713294487495,996700
2025-01-09,577.8389892578125,581.6720837139173,567.2979795035241,580.7138100998911,1598700
2025-01-10,588.3800048828125,606.5872037309776,581.672089517699,584.5469103884619,1601300
2025-01-14,580.7138061523438,586.4634477974165,573.0476172922469,579.7555325448317,889100
2025-01-15,574.9641723632812,595.0879183959961,574.0058987426758,592.2130975341797,842900
2025-01-16,573.047607421875,586.4634376959657,568.2562394668425,582.6303433319398,745700
2025-01-17,580.7138061523438,580.7138061523438,551.9655979269802,565.3814284321498,1250800
2025-01-20,589.3382568359375,598.9209927194487,581.6720681291285,588.3799832475863,1332500
2025-01-21,593.17138671875,639.1685217147112,580.7138293240105,608.5037650507371,3321800
2025-01-22,594.129638671875,597.0044595041583,578.7972608996976,590.2965442288306,1642000
2025-01-23,593.17138671875,610.4203123422354,580.7138293240105,597.0044813017468,1401900
2025-01-24,613.2951049804688,627.6692090034485,597.962727355957,601.795821762085,2882700
2025-01-27,589.3382568359375,615.2116437214177,587.4217096592353,613.2950965447154,2120700
2025-01-28,614.25341796875,619.0447862836388,580.7138397645281,586.4634817423947,1637300
2025-01-29,615.211669921875,625.7526798426547,605.6289336302569,621.9195853260076,1078000
2025-01-30,607.5454711914062,616.1699337162054,597.9627350527405,611.3785656468725,1474400
2025-01-31,607.5454711914062,614.2533864884723,600.8375558943403,608.5037448052728,898000
2025-02-03,579.7555541992188,611.3785844282671,578.7972805559143,607.5454898550491,1529800
2025-02-04,584.546875,597.004431352459,582.6303278688525,587.4216956967214,861900
2025-02-05,578.7972412109375,588.3799769925755,573.0475997419546,588.3799769925755,903300
2025-02-06,591.2547607421875,593.171307778629,582.630299078201,584.5468461146424,625700
2025-02-07,584.546875,587.4216956967214,574.9641393442623,585.5051485655738,892700
2025-02-10,590.2965087890625,591.2547823422915,578.7972261503145,584.5468674696886,640000
2025-02-12,618.0864868164062,620.9613076853198,592.2130989961846,592.2130989961846,1137800
2025-02-13,632.4606323242188,633.4189060095584,617.1282533587831,623.8361691561612,1283500
2025-02-14,622.8779296875,640.1268569711539,619.044834735577,638.2103094951923,1259800
2025-02-17,592.2130737304688,636.2936585065231,590.2965265662925,591.2548001483806,2193100
2025-02-18,605.62890625,609.4620005933544,575.9224250890031,588.379981704905,1245200
2025-02-19,607.5454711914062,609.4620184191394,588.3799989140748,603.71237673594,982900
2025-02-20,591.2547607421875,607.5454105519398,589.338213705746,597.9626753697326,597900
2025-02-21,597.0044555664062,597.0044555664062,584.5468987086803,594.1296347530849,402800
2025-02-25,581.6720581054688,586.4634259646571,577.838963818118,579.7555109617934,588800
2025-02-26,562.506591796875,581.6720634083529,561.5483182163011,579.755516247205,956600
2025-02-27,558.6735229492188,574.9641745618032,556.7569757006794,565.3814383191065,521000
2025-02-28,553.8821411132812,560.5900563170753,545.2576787084032,549.0907731105711,702800
2025-03-03,545.2576904296875,567.297983715949,541.4245959451202,563.4648892313818,567600
2025-03-04,533.7583618164062,538.5497295167331,527.0504470359488,535.674908896537,701300
2025-03-05,508.8432922363281,542.3828689374044,505.96847137623587,531.8418591170662,2456800
2025-03-06,552.9238891601562,560.5900782646298,515.5512172758476,517.467764551966,1502400
2025-03-07,574.9641723632812,580.713814086914,542.3828692626953,543.3411428833008,1399200
2025-03-10,577.8389892578125,591.2548198541796,563.4648850474191,587.4217253980747,1127500
2025-03-11,579.7555541992188,579.7555541992188,557.7152604032154,564.4231759063468,684900
2025-03-12,591.2547607421875,591.2547607421875,575.9223844506558,579.7554785235387,596100
2025-03-13,583.588623046875,589.3382646532482,577.8389814405019,584.5468966479373,365400
2025-03-14,578.7972412109375,584.5468826799203,571.131052585627,582.6303355235926,505700
2025-03-17,573.047607421875,583.5886169229462,573.047607421875,579.7555225589203,558300
2025-03-18,574.9641723632812,588.3800030517577,567.2979833984375,575.9224459838867,913000
2025-03-19,609.4619750976562,617.1281634636645,578.7972216336233,578.7972216336233,1717400
2025-03-21,608.5037231445312,611.3785438837967,597.0044401874693,608.5037231445312,692100
2025-03-24,591.2547607421875,610.420231106602,586.4633931510839,608.5036840701605,583900
2025-03-25,591.2547607421875,613.2950516612642,591.2547607421875,597.0044018515118,690700
2025-03-26,594.129638671875,598.9210067256805,583.5886289535031,596.0461858933973,401600
2025-03-27,596.0462036132812,596.0462036132812,584.5469199422854,588.380014499284,379800
2025-03-28,583.4468383789062,598.9537310932958,581.5084767896076,594.107827120049,507600
2025-03-31,557.2789306640625,576.662545643682,557.2789306640625,566.9707381538723,684000
2025-04-01,546.6179809570312,560.1865123992271,544.6796193224319,556.3097891300283,498000
2025-04-02,540.8029174804688,547.5871834703671,533.0494706348707,540.8029174804688,675900
2025-04-03,507.8507385253906,523.3576313047919,502.03565373311517,502.03565373311517,851600
2025-04-04,468.1143493652344,489.4363280112699,449.6999132618401,487.4979663161758,1427500
2025-04-07,413.8402099609375,427.4087414350666,400.27167848680836,416.74775241967944,1298000
2025-04-08,464.23760986328125,470.0526947467461,443.8848127711541,443.8848127711541,775400
2025-04-09,439.0389404296875,453.5766536889487,431.28549335808157,449.6999301531457,748200
2025-04-10,479.7445068359375,504.94320820509785,479.7445068359375,504.94320820509785,812600
2025-04-11,471.9910583496094,474.89860080350843,451.63826117231616,463.26843098791227,475200
2025-04-14,469.0835266113281,484.59042005302496,469.0835266113281,475.86779249207046,670100
2025-04-15,472.9602355957031,476.83695883829085,471.02187397440923,476.83695883829085,219800
2025-04-16,455.5149841308594,479.74450456335194,451.63826086166057,479.74450456335194,424400
2025-04-17,467.1451721191406,468.1143529741596,445.82319330872343,454.5458210038941,346300
2025-04-18,479.7445068359375,482.65204930160985,464.23761368568495,466.17597532946655,371600
2025-04-21,484.5904235839844,494.28223205566405,472.9602534179687,474.89861511230464,440600
2025-04-22,488.4671325683594,488.4671325683594,479.7445052010672,482.6520476568313,230300
2025-04-23,491.3746643066406,501.0664722811306,489.43630271174266,498.1589298887836,260800
2025-04-24,495.25140380859375,497.18976546733575,490.4054996617386,496.22058463796475,239400
2025-04-25,507.8507385253906,512.6966425189536,502.03565373311517,506.88155772667807,393400
2025-04-28,502.0356750488281,514.6350259670419,502.0356750488281,512.6966642873167,350900
2025-04-30,504.9432067871094,505.9123876062785,498.15894105292557,503.00484514877115,277000
2025-05-01,504.9432067871094,513.6658341596315,500.0973026912638,504.9432067871094,503800
2025-05-02,515.6041870117188,520.4500910249867,499.1281133666074,501.0664749719146,495100
2025-05-07,524.3268432617188,526.2652049743314,513.6658538423493,518.5117581238809,347700
2025-05-08,524.3268432617188,527.2343858306377,517.5425772675745,526.2652049743314,321200
2025-05-09,528.2035522460938,532.0802755653311,522.3884672672376,525.2960097566656,401600
2025-05-12,538.864501953125,543.7104057476674,530.1418751229485,534.0185981585826,348200
2025-05-13,552.4330444335938,565.0323945697985,546.6179597553454,562.1248522306743,673100
2025-05-14,538.864501953125,545.6487672654845,527.234332846223,545.6487672654845,458200
2025-05-15,544.6796264648438,554.37143476493,531.1110948447231,533.0494565047403,465700
2025-05-16,586.3543701171875,602.830443327092,560.186489136751,580.5392854548683,2527700
2025-05-19,591.2002563476562,597.0153408363218,581.5084488665472,589.2618948514345,825300
2025-05-20,578.6009521484375,593.1386645139761,578.6009521484375,590.2311220408684,631300
2025-05-21,557.2789306640625,574.7241841457201,554.3713884171195,574.7241841457201,750100
2025-05-22,562.1248779296875,569.8783245218211,553.4022505135372,556.3097929855873,548300
2025-05-23,553.4022216796875,569.8782948295207,553.4022216796875,565.0323909619226,457900
2025-05-26,566.0015869140625,569.878310112104,538.8645245277718,549.525513322386,424800
2025-05-27,575.693359375,580.5392630734428,571.8166364162458,571.8166364162458,331400
2025-05-28,555.340576171875,579.5700952020616,554.3713954106676,576.6625529184391,534600
2025-05-29,555.340576171875,561.1556607391198,550.4946723658377,553.4022146494601,346300
2025-05-30,558.2481079101562,572.7858190536499,552.4330234527588,555.3405656814575,470300
2025-06-02,559.2173461914062,559.2173461914062,541.7720910242567,551.4638994504509,625700
2025-06-03,550.4946899414062,559.2173170707596,547.5871475649552,557.2789554864588,361800
2025-06-04,543.71044921875,557.2789809283089,543.71044921875,553.4022575827206,320800
2025-06-05,534.0186157226562,543.7104236305084,533.049434931871,541.772062048938,332900
2025-06-06,526.2651977539062,535.9570061839966,523.3576552248791,534.0186444979785,323200
2025-06-09,527.234375,532.0802791819854,523.3576516544118,528.2035558363971,228100
2025-06-10,534.98779296875,550.4946855185689,534.0186121843863,535.9569737531136,433100
2025-06-11,541.7720947265625,543.7104564250475,528.2035628371674,534.9878287818649,359300
2025-06-12,534.98779296875,544.6796008123868,533.0494314000226,541.7720584592957,342200
2025-06-13,545.6488037109375,557.278973594652,538.8645379454374,543.7104420636518,684400
2025-06-16,539.8336791992188,544.6795829622279,531.1110524258023,544.6795829622279,496500
2025-06-17,542.7412719726562,542.7412719726562,534.0186443873814,539.8337294442313,331700
2025-06-18,566.9707641601562,575.6933913010816,542.7412443242521,542.7412443242521,781500
2025-06-19,567.93994140625,576.6625684926942,566.9707606188673,568.9091221936327,528000
2025-06-20,563.0940551757812,577.6317674436585,563.0940551757812,568.9091400829321,583700
2025-06-23,588.292724609375,588.292724609375,563.0940247084792,563.0940247084792,703200
2025-06-24,595.0770263671875,606.7071962636146,593.138664717783,594.1078455424853,1104100
2025-06-25,597.9845581054688,602.8304621419799,584.4160268032377,591.2002924543533,545600
2025-06-26,605.7379760742188,609.6146991210937,594.1078069335938,597.01534921875,650100
2025-06-27,610.5838623046875,614.4605852399553,599.9228742327009,612.5222237723214,613000
2025-06-30,621.2449340820312,626.0908384040439,614.4606680312135,620.2757532176287,915400
2025-07-01,605.7379760742188,620.2756875,602.8304337890625,617.3681452148437,338800
2025-07-02,597.9845581054688,602.8304621419799,587.3235692251444,591.2002924543533,463800
2025-07-03,587.3235473632812,603.7996204741323,586.3543665920547,597.9845358467732,303500
2025-07-04,589.2619018554688,620.2756861636512,589.2619018554688,593.1386248939915,743000
2025-07-07,594.1078491210938,598.9537532737943,592.1694874600134,592.1694874600134,333600
2025-07-08,609.6146850585938,612.5222272766792,595.0769739681663,595.0769739681663,402800
2025-07-09,621.2449340820312,624.1524766752389,604.768859387188,617.3682106244211,514900
2025-07-10,614.4606323242188,628.9983444454542,611.5530898999716,626.0908020212071,485300
2025-07-11,611.5530395507812,628.9982926599953,607.6763166376226,615.4297624639399,659900
2025-07-14,619.3065185546875,625.1216032359522,612.522253093212,612.522253093212,559400
2025-07-15,628.0291748046875,635.7826214072145,617.3681857262129,627.0599939793716,611400
2025-07-16,629.9675903320312,642.5669421386718,626.0908666992187,633.8443139648438,580900
2025-07-17,634.8134765625,634.8134765625,618.3374015982824,621.2449442390267,374000
2025-07-18,612.5222778320312,644.5052448707291,611.5530970126767,637.7209791352477,523200
2025-07-22,610.5838623046875,615.4297659737723,603.7995971679687,611.5530430385045,425600
2025-07-23,625.1216430664062,625.1216430664062,604.7688453851745,611.5531112789184,430400
2025-07-24,629.9675903320312,630.9367712402344,619.3066003417969,627.0600476074219,319900
2025-07-25,626.0908203125,639.6593520220589,624.152458639706,633.8442670036765,221700
2025-07-28,628.9983520507812,632.8750753299848,623.1832671319759,629.9675328705822,241100
2025-07-29,628.9983520507812,636.7517986091884,625.1216287715777,632.8750753299848,272200
2025-07-30,620.2756958007812,629.9675035476685,618.3373342514038,629.9675035476685,386300
2025-07-31,623.1832885742188,626.090831133663,613.4914800427379,616.3990226021822,295400
2025-08-01,628.0291748046875,637.7209830578463,623.1832706781081,629.9675364553193,620900
2025-08-04,619.3065185546875,623.1832416755307,610.5838915327905,611.5530723130013,325400
2025-08-05,610.5838623046875,623.183211844308,610.5838623046875,622.2140311104911,469300
2025-08-06,621.2449340820312,626.0908384040439,610.5839445736033,620.2757532176287,369400
2025-08-07,622.214111328125,625.1216539044246,608.6455793053933,617.3682070342923,421800
2025-08-08,613.491455078125,628.9983480974772,613.491455078125,625.1216248426392,692100
2025-08-12,590.2310791015625,632.8750322714619,589.2618983477012,629.9674900098779,1508900
2025-08-13,597.9845581054688,603.7996429492821,585.38520761054,597.0153772981665,564700
2025-08-14,596.0462036132812,597.0153844321646,587.3235762433308,593.1386611566311,284400
2025-08-15,606.7071533203125,606.7071533203125,593.1386227348742,593.1386227348742,380600
2025-08-18,612.5222778320312,615.4298202900948,599.922927180423,599.922927180423,419000
2025-08-19,633.8442993164062,639.6593846312356,607.6764153996738,610.5839580570886,780400
2025-08-20,613.491455078125,635.7826137934439,608.6455510095774,631.9058905386058,448000
2025-08-21,609.6146850585938,611.5530465373174,598.9536969256136,608.6455043192319,444200
2025-08-22,602.8304443359375,611.5530713440137,599.922901999912,609.6147097866634,323700
2025-08-25,630.936767578125,631.9059484807028,607.6764259162586,611.5531495265698,737400
2025-08-26,635.7826538085938,640.6285581821348,626.0908450615116,628.029206810928,531800
2025-08-27,626.0908203125,637.7209903492648,613.4914694393383,636.7518095128677,439100
2025-08-28,639.6593627929688,639.6593627929688,623.1832882967863,627.0600117076527,472700
2025-08-29,637.7210083007812,652.2587212559662,634.8134657097443,646.4436360738922,618000
2025-09-01,634.8134765625,646.4436471254771,627.0600295205153,638.6902000834923,295300
2025-09-02,625.1216430664062,641.5977173797844,625.1216430664062,634.8134514860404,307100
2025-09-03,613.491455078125,630.9367097248963,611.553093450706,623.1832632152201,351700
2025-09-04,649.3511962890625,649.3511962890625,613.4915033596665,613.4915033596665,819500
2025-09-05,662.919677734375,669.7039434421829,651.2895079495613,659.0429544727705,888100
2025-09-08,668.7348022460938,668.7348022460938,654.1970891537874,654.1970891537874,475400
2025-09-09,677.4573974609375,684.241663243808,666.7964083735693,677.4573974609375,600100
2025-09-10,670.6731567382812,684.241688811021,668.7347950136042,677.4574227746511,374800
2025-09-11,682.3032836914062,711.3787077123469,682.3032836914062,703.6252613067627,687200
2025-09-12,691.0259399414062,726.8856310744105,687.1492165756761,722.0397268672477,934600
2025-09-16,679.395751953125,699.7485490872415,679.395751953125,691.0259217440487,352900
2025-09-17,672.6115112304688,701.6869367879817,671.6423303785516,693.933489972645,381900
2025-09-18,673.5806884765625,679.3957735569358,671.6423267831047,672.6115076298337,254600
2025-09-19,677.4573974609375,683.2724824176837,666.7964083735693,681.3341207654349,390600
2025-09-22,703.6253051757812,705.5636668980286,685.2108688144316,687.1492305366789,418900
2025-09-24,694.9026489257812,728.8239776739017,694.9026489257812,726.8856160311519,621600
2025-09-25,700.7177734375,705.563677818119,694.9026881807573,694.9026881807573,313600
2025-09-26,707.5020141601562,719.1321842559396,702.6561099535797,706.532833318841,474100
2025-09-29,707.5020141601562,722.2008094681928,704.5622550985489,715.3413716577758,393500
2025-09-30,708.48193359375,718.2811304622666,705.5421745331951,707.5020139068984,336600
2025-10-01,719.2610473632812,756.4979953194184,715.3413686310563,749.6385575380247,816500
2025-10-02,718.2811279296875,734.9397625474293,715.3413688794977,717.3012082462909,362400
2025-10-03,724.16064453125,734.9397610263024,723.1807248498816,725.1405642126184,377900
2025-10-06,736.8995971679688,742.7791152304791,731.0200791054583,738.8594365221388,380500
2025-10-07,751.598388671875,757.477906705814,743.7590312932896,746.6987903102591,514500
2025-10-08,757.4779052734375,766.297182307669,749.6385479096762,754.538146262027,438400
2025-10-09,778.0562133789062,778.0562133789062,755.5180611021873,755.5180611021873,490400
2025-10-10,787.8554077148438,831.9517924750029,784.9156487308331,790.7951666988544,1601200
2025-10-14,738.8594360351562,780.9959821220418,731.9999983000819,773.1566247105283,904900
2025-10-15,770.2168579101562,770.2168579101562,743.7590269132425,743.7590269132425,520800
2025-10-16,767.277099609375,781.9758946210488,762.3775012721504,773.1566176140445,274300
2025-10-17,760.4176635742188,761.3975832437732,747.6787078700114,753.5582258873379,364600
2025-10-20,779.0361328125,780.9959721403302,759.4377395341982,772.1766951650943,383600
2025-10-21,783.9357299804688,805.4939625549316,781.9758906555176,790.7951676177978,461700
2025-10-22,767.277099609375,774.1365372814895,761.3975816047055,771.1967782791547,480400
2025-10-23,749.6385498046875,759.4377465341606,748.6586301317402,757.4779071882659,383200
2025-10-24,764.3373413085938,764.3373413085938,751.5983856201171,752.5783052884615,246700
2025-10-27,789.8152465820312,794.71484488589,778.0562106527702,781.9758892958573,463600
2025-10-28,757.4779052734375,782.9558167056617,757.4779052734375,780.9959773647214,408700
2025-10-29,751.598388671875,763.357424739753,751.598388671875,757.477906705814,367500
2025-10-30,754.5381469726562,782.9558174430549,750.6184682870839,750.6184682870839,427200
2025-10-31,746.6987915039062,755.518068568913,734.9397554172306,745.7188718300166,418600
2025-11-04,751.598388671875,771.1967821183384,744.7389509656127,747.6787099825823,647400
2025-11-05,709.4618530273438,740.8192829954031,692.8032183568122,739.8393633089013,937900
2025-11-06,649.686767578125,659.4859646758342,607.5502200579751,640.8674901901867,2141800
2025-11-07,616.3694458007812,644.787115003043,608.5300887794676,642.8272757477147,1023800
2025-11-10,631.0682983398438,633.0281377756818,616.3695025710585,617.3494222889775,657100
2025-11-11,623.2288818359375,634.0079977167478,617.3493640827683,628.1284799635786,384200
2025-11-12,645.76708984375,646.7470095551973,617.3494182117793,621.2690970575683,437900
2025-11-13,644.7871704101562,650.6666886813736,637.9277324270695,642.8273309864172,304700
2025-11-14,634.008056640625,642.827334090031,628.1285383410211,636.947815790427,341900
2025-11-17,634.008056640625,634.008056640625,618.3293411750145,627.1486186244205,251700
2025-11-18,609.510009765625,626.1686434730457,606.5702508760802,620.2891256939561,371100
2025-11-19,598.7308959960938,611.4698512300531,594.8112174625677,608.5300923299087,449500
2025-11-20,615.3895263671875,617.349365623134,601.6706515755623,608.5300889713749,493800
2025-11-21,576.1927490234375,585.9919454354007,571.2931508174559,585.9919454354007,1235500
2025-11-25,594.8112182617188,599.710816435209,579.13250410655,585.9919415494363,587700
2025-11-26,628.1285400390625,628.1285400390625,607.5502259348186,607.5502259348186,540200
2025-11-27,629.1084594726562,636.9478172230943,625.1887805974371,631.0682989102658,411200
2025-11-28,632.0482177734375,634.9879769258721,622.2490205986555,623.2289403161337,350800
2025-12-01,618.3292846679688,628.1284809384596,617.3493650409197,626.1686416843614,301100
2025-12-02,608.5300903320312,617.34936700351,605.5903314415383,616.3694473733457,306400
2025-12-03,595.7911376953125,611.4698518451892,595.7911376953125,606.5702536733527,352600
2025-12-04,614.4096069335938,629.1084013578425,600.6907321376284,601.6706517659115,490200
2025-12-05,602.6505737304688,615.3895289475356,602.6505737304688,609.5100111550432,271600
2025-12-08,609.510009765625,609.510009765625,599.7108134671423,602.6505723566871,246600
2025-12-09,608.5300903320312,612.4497688526884,602.6505725510455,604.610411811374,377800
2025-12-10,603.6304931640625,618.3292876404602,601.6706539005428,612.4497698499011,321300
2025-12-11,584.0321044921875,607.5501758140206,583.0521848537778,605.5903365372011,645900
2025-12-12,598.7308959960938,604.6104137963827,591.8714585624233,593.8312978291863,404400
2025-12-15,594.8112182617188,596.7710575311149,585.9919415494363,590.8915397229266,252900
2025-12-16,564.4337158203125,589.9116266038683,563.4537961747911,588.9317069583469,727800
2025-12-17,569.3333129882812,571.2931522756763,560.5140361950032,568.3533933445838,284000
2025-12-18,560.5140380859375,569.333314908968,558.5541987919307,564.433716673951,277700
2025-12-19,566.3935546875,571.2931529114403,558.5541975291954,560.5140368187716,428300
2025-12-22,574.23291015625,583.0521869333937,570.3132315886305,576.1927494400597,299200
2025-12-23,581.0923461914062,581.0923461914062,572.2730694363934,574.2329087152851,242700
2025-12-24,573.2529907226562,585.9919460720486,571.2931514381344,584.0321067875267,384400
2025-12-25,585.0120239257812,586.9718632019145,577.1726668212482,580.1124257354481,352500
2025-12-26,585.0120239257812,593.831300668381,581.0923453735147,591.8714613922477,345900
2025-12-29,595.7911376953125,599.7108162327817,585.9919413516396,587.9517806203742,417300
2025-12-30,589.91162109375,591.8714603664866,585.9919425482766,591.8714603664866,270100
2026-01-05,585.991943359375,598.7308986497962,585.991943359375,597.7509790120715,294100
2026-01-06,583.0521850585938,588.9317028911174,577.1726672260701,585.9919439748555,327100
2026-01-07,594.8112182617188,600.6907360699071,577.1726648371538,583.0521826453421,478600
2026-01-08,587.9517822265625,596.771058959961,584.0321036783854,587.9517822265625,261400
2026-01-09,592.8513793945312,595.7911383006198,587.9517812177169,590.8915401238055,269000
2026-01-13,588.9317016601562,599.7108176639196,583.0521838399218,598.7308980272138,433700
2026-01-14,594.8112182617188,596.7710575311149,586.9718611841344,592.8513789923227,394900
2026-01-15,599.7108154296875,600.6907350627425,586.971860199972,588.931699466082,377100
2026-01-16,610.4899291992188,614.4096077173517,597.7509740152864,600.6907329038862,433700
2026-01-19,601.670654296875,614.4096095181443,594.8112168700377,614.4096095181443,417700
2026-01-20,601.670654296875,612.4497702533337,598.730895399659,610.489930988523,285400
2026-01-21,599.7108154296875,601.6706546957976,589.911619099137,596.7710565305224,259000
2026-01-22,604.6104125976562,608.5300911234109,599.710814440463,603.6304929662176,233200
2026-01-23,596.7710571289062,609.5100123713952,594.811217860831,608.5300927373576,311200
2026-01-26,577.1726684570312,589.9116237880014,573.2529898936558,589.9116237880014,596400
2026-01-27,577.1726684570312,578.1525880978751,572.273070252812,578.1525880978751,199300
2026-01-28,569.3333129882812,575.2128308504666,567.3734737008862,574.232911206769,307300
2026-01-29,567.3734741210938,570.3132330543636,560.5140366101306,567.3734741210938,274400
2026-01-30,580.1124267578125,583.0521856771933,569.3333107200829,573.2529892792572,222900
2026-02-02,577.1726684570312,590.8915434288452,571.2931506119681,582.0722666612505,307600
2026-02-03,589.91162109375,590.8915407301183,577.1726658209614,583.0521836391715,345300
2026-02-04,604.6104125976562,607.5501714919723,586.9718592317603,589.9116181260763,428900
2026-02-05,614.4096069335938,619.30920507501,607.5501695356111,610.4899284204608,402600
2026-02-06,615.3895263671875,621.2690441350269,602.6505712035355,611.4698478552946,473400
2026-02-09,626.1686401367188,628.1284793859729,613.4296850165664,628.1284793859729,448400
2026-02-10,635.9678955078125,638.907654654998,624.2088589190702,624.2088589190702,386600
2026-02-12,646.7470092773438,650.6666881214488,638.9076515891335,641.8474107222123,548900
2026-02-13,623.2288818359375,657.5260687294247,623.2288818359375,653.6063902273119,517900
2026-02-16,588.9317016601562,593.8312998436851,566.393550015924,585.0120231133333,1013600
2026-02-17,589.91162109375,599.7108174574336,578.1525854573297,592.8513800028551,637300
2026-02-18,582.072265625,591.8714620159932,582.072265625,590.8915423768939,267600
2026-02-19,596.7710571289062,598.7308963969814,583.0521822523797,585.9919411544925,250400
2026-02-20,583.0521850585938,591.8714618073792,581.0923457810859,588.9317028911174,386300
2026-02-24,593.831298828125,600.6907362733343,585.9919417478857,586.9718613829156,527700
2026-02-25,570.313232421875,602.6505806519814,568.3533931352019,592.8513842186157,1055800
2026-02-26,578.152587890625,585.0120253740731,572.2730700476695,579.1325075311175,605200
2026-02-27,583.0521850585938,585.9919439748555,568.3533904772846,574.2329083098083,684600
2026-03-02,576.1927490234375,586.971865076597,573.2529900998485,575.2128293822411,438300
2026-03-03,534.0562133789062,570.3132407092173,534.0562133789062,570.3132407092173,1310500
2026-03-04,487.02008056640625,519.3574299802723,485.06024120799015,504.65863479215136,1367800
2026-03-05,507.598388671875,511.5180673488779,495.8393526408663,504.6586296641228,822700
2026-03-06,528.1766967773438,539.9357326981752,500.7389462954038,506.61846425581956,910900
2026-03-09,510.53814697265625,514.4578256442313,498.7791109579309,499.7590306258247,571500
2026-03-10,522.2971801757812,522.2971801757812,510.53814422435653,520.3373408505438,436700
2026-03-11,520.3373413085938,530.1365379434072,518.3775019816311,526.2168592894818,371000
2026-03-12,505.6385498046875,520.3373448571493,499.75903178370277,515.4377465063287,392200
2026-03-13,500.73895263671875,507.59839034407105,499.75903296423985,499.75903296423985,225300
2026-03-16,494.85943603515625,503.67871311301053,490.93975733388766,498.7791147364248,283500
2026-03-17,489.9598388671875,500.73895532226567,489.9598388671875,499.75903564453125,212500
2026-03-18,500.73895263671875,501.71887230919765,490.93975591192975,494.85943460184535,263300
2026-03-19,481.14056396484375,491.91968046914775,481.14056396484375,490.9397607869383,429500
2026-03-23,463.50201416015625,478.20080953521403,462.52209446848576,477.22088984354355,458300
2026-03-24,481.14056396484375,486.040162375891,474.2811261893775,483.10040332926263,350500
2026-03-25,496.81927490234375,498.77911425107095,491.9196765305258,493.87951587925295,295300
2026-03-26,489.9598388671875,497.79919628906254,485.06024047851565,494.8594372558594,179100
2026-03-27,488.0,494.859437751004,486.04016064257024,493.87951807228916,320500
2026-03-30,481.0,481.0,471.0,480.0,284900
2026-03-31,472.0,486.0,472.0,480.0,328800
2026-04-01,494.0,497.0,481.0,488.0,314800
2026-04-02,482.0,500.0,482.0,495.0,349500
2026-04-03,486.0,497.0,485.0,489.0,184700
2026-04-06,486.0,489.0,484.0,487.0,180300
2026-04-07,486.0,491.0,483.0,486.0,208300
2026-04-08,500.0,502.0,492.0,498.0,397800
2026-04-09,498.0,507.0,494.0,500.0,438200
2026-04-10,496.0,506.0,496.0,501.0,289700
2026-04-13,497.0,503.0,492.0,494.0,219400
2026-04-14,502.0,504.0,498.0,502.0,176700
2026-04-15,498.0,508.0,495.0,503.0,343100
2026-04-16,495.0,502.0,495.0,500.0,191800
2026-04-17,500.0,500.0,494.0,497.0,152400
2026-04-20,506.0,508.0,502.0,503.0,270500
2026-04-21,496.0,508.0,495.0,508.0,271200
2026-04-22,489.0,497.0,488.0,497.0,224200
2026-04-23,487.0,491.0,478.0,490.0,285800
2026-04-24,486.0,491.0,481.0,489.0,137800
