Price,Close,High,Low,Open,Volume
Ticker,6570.T,6570.T,6570.T,6570.T,6570.T
Date,,,,,
2018-03-19,834.0977783203125,1007.1454742950843,810.0524264878271,989.8012860880457,2922800
2018-03-20,788.7662963867188,807.687227034676,743.0407139874886,775.7581565662481,718200
2018-03-21,788.7662963867188,788.7662963867188,788.7662963867188,788.7662963867188,0
2018-03-22,750.92431640625,815.9650052288385,750.92431640625,800.9859375,192200
2018-03-23,718.20703125,727.2733110078211,697.7093552757959,701.651216040066,151800
2018-03-26,791.9198608398438,803.3512575368848,714.6593866115663,717.8128753555776,159600
2018-03-27,780.4883422851562,809.6581086129854,768.6627613414418,793.1022952917851,177400
2018-03-28,808.5635986328125,829.4194057404048,766.4509112040201,788.1088647388277,73400
2018-03-29,802.54736328125,820.9967279543822,801.3441438460457,820.9967279543822,50200
2018-03-30,796.5314331054688,813.7775819592125,790.5153346681162,803.3496780011349,36200
2018-04-02,796.5314331054688,812.1732890425852,796.5314331054688,808.5636299801737,41000
2018-04-03,766.0497436523438,794.1248651474558,766.0497436523438,794.1248651474558,55800
2018-04-04,770.0604248046875,781.6915458043417,750.0067679087322,780.4883263905843,83400
2018-04-05,790.1140747070312,856.2911418779247,775.2743687353764,775.2743687353764,239600
2018-04-06,838.2431030273438,850.275300678454,792.119678698088,792.119678698088,95000
2018-04-09,822.2000122070312,870.328793409394,811.3710364364997,858.2965981088034,94000
2018-04-10,826.61181640625,842.2536702829331,822.601084642998,842.2536702829331,25400
2018-04-11,811.3710327148438,818.1892766872373,774.071227454102,818.1892766872373,79000
2018-04-12,798.937744140625,812.5742317414189,774.8733542568713,811.3710122472312,46600
2018-04-13,790.1140747070312,814.1784627691743,786.1033433633407,803.3494881412099,14800
2018-04-16,790.1140747070312,806.1570000817933,790.1140747070312,802.948415006841,27800
2018-04-17,762.8411254882812,798.9377087132788,760.0336134596703,798.9377087132788,28600
2018-04-18,768.4561767578125,782.0926642368133,762.8411525017533,772.4669083692833,13000
2018-04-19,794.5259399414062,799.3388179218691,768.4561842138993,771.2636963691692,28400
2018-04-20,785.7024536132812,801.7453827324906,784.0981607013603,801.7453827324906,7200
2018-04-23,784.0980224609375,795.3280708644702,772.8679740574049,795.3280708644702,9800
2018-04-24,785.7024536132812,794.1249914008662,776.878842597716,794.1249914008662,13000
2018-04-25,772.0657958984375,782.092624416599,766.0496987875406,782.092624416599,15400
2018-04-26,775.6754760742188,781.6915733550426,770.0604519454498,779.6862075947679,10400
2018-04-27,770.0604248046875,779.6861801147461,768.4561322530111,779.6861801147461,5400
2018-04-30,770.0604248046875,770.0604248046875,770.0604248046875,770.0604248046875,0
2018-05-01,771.6646728515625,800.541937116278,770.4614535071994,770.4614535071994,9200
2018-05-02,781.6917114257812,787.7078097692327,774.4723934136396,787.7078097692327,5600
2018-05-03,781.6917114257812,781.6917114257812,781.6917114257812,781.6917114257812,0
2018-05-04,781.6917114257812,781.6917114257812,781.6917114257812,781.6917114257812,0
2018-05-07,820.194580078125,820.194580078125,786.5044359575566,789.7130211118964,24000
2018-05-08,830.6224365234375,843.857849563164,808.9644879129761,816.1838041164632,44000
2018-05-09,839.84716796875,839.84716796875,818.1892180784383,830.6224856080617,18600
2018-05-10,829.8204956054688,833.831227822025,799.7400039812976,825.408690167257,21600
2018-05-11,820.9966430664062,829.4191782419775,784.0979175353318,829.4191782419775,17200
2018-05-14,809.36572265625,820.1946991239005,785.7024037084211,807.7614298462277,41400
2018-05-15,721.5306396484375,772.0658595459935,708.2952249133633,772.0658595459935,248600
2018-05-16,682.6265869140625,720.3274677424537,682.6265869140625,711.904930536111,119200
2018-05-17,707.4930419921875,716.7177245124938,681.8243601965526,683.4286528087798,42800
2018-05-18,711.9049072265625,714.3113463495819,694.2576869910872,708.6963217292033,42800
2018-05-21,715.1134643554688,721.9317082668781,703.8834155602062,721.1295619243595,31800
2018-05-22,695.86181640625,718.7229827089337,693.0543047550433,714.3111786856089,58800
2018-05-23,695.86181640625,706.289716825018,691.8510854759546,701.075766615634,25800
2018-05-24,692.2523193359375,703.0812953626295,690.6480265912425,695.8619780115015,30600
2018-05-25,681.4232788085938,695.4608389959398,676.6104010300751,688.6425954763716,40800
2018-05-28,673.802978515625,683.8298085530599,670.1933197021484,682.2255157470703,27600
2018-05-29,664.1771850585938,673.8029413637908,657.7600141884624,673.8029413637908,35200
2018-05-30,651.743896484375,652.1449696514422,642.9202868088942,648.1342379807692,28400
2018-05-31,650.9417724609375,666.1825533318652,644.5246015679153,653.7492847266348,15000
2018-06-01,649.7384643554688,651.7438299861955,646.1288062201605,650.9416837339048,10800
2018-06-04,665.7814331054688,673.4018230024591,656.9578237510589,656.9578237510589,8400
2018-06-05,669.7923583984375,678.6159703054827,662.1719662968984,673.8030910834581,25600
2018-06-06,674.2039184570312,677.011430312593,669.3910409903541,669.7921141125771,8200
2018-06-07,681.4232788085938,683.4286445496432,675.0061084372356,677.8136204747047,14600
2018-06-08,669.7923583984375,683.8299227960096,652.947281121351,683.8299227960096,28600
2018-06-11,659.7652587890625,668.1877940076463,654.9523815213004,658.1609663664751,9400
2018-06-12,681.0222778320312,681.423351022745,668.1879357291897,674.6051067806104,14800
2018-06-13,692.2523193359375,693.0544657082851,681.4233433092455,683.8297824262883,39200
2018-06-14,702.68017578125,709.4984194960224,689.8458346710902,703.482322100635,41400
2018-06-15,694.6587524414062,705.4877283743842,687.8405083354571,701.8780697300583,30000
2018-06-18,702.68017578125,705.0866147394049,659.3642745344606,693.8565662680152,27800
2018-06-19,675.0061645507812,713.9102631612541,670.1932863721661,701.4769945331649,29600
2018-06-20,703.081298828125,707.0920307096317,681.8244198561395,707.0920307096317,22000
2018-06-21,711.102783203125,711.102783203125,700.2738068091688,703.482392407378,19000
2018-06-22,698.2683715820312,706.690907942297,681.8243720215124,705.487688462259,13600
2018-06-25,691.85107421875,713.5090208899456,688.642489526721,709.899363111413,26800
2018-06-26,705.8887329101562,709.8994643471458,689.0436608748003,697.4661968924783,20000
2018-06-27,688.642578125,707.4930156158998,681.8243347772277,703.8833573729615,21000
2018-06-28,677.813720703125,690.2469901361409,669.7922565527921,683.8298188158745,22800
2018-06-29,684.6318969726562,689.0437018154795,679.8190189623037,683.0276043025387,13200
2018-07-02,661.7708129882812,681.8244739879261,661.7708129882812,672.1987167080966,6800
2018-07-03,651.743896484375,662.9739451622596,650.5406769831731,662.9739451622596,8200
2018-07-04,624.470947265625,640.112801436055,614.0430444853384,639.7117282521978,37400
2018-07-05,581.9571533203125,618.855883923668,581.5560801615804,612.0376402252218,46600
2018-07-06,602.81298828125,609.6312323270126,585.9679147564246,586.7700611147498,17400
2018-07-09,616.4494018554688,623.6687182077123,611.2354511566261,617.2515481168292,8200
2018-07-10,629.6849365234375,633.6956686032047,621.6634723639033,632.4924489792745,8000
2018-07-11,625.2730712890625,625.2730712890625,611.6365835252216,620.8612664242904,3600
2018-07-12,620.0592041015625,624.8720827879912,609.230227057098,609.631300280967,5000
2018-07-13,622.4655151367188,633.6955630902163,612.037613465614,633.6955630902163,3600
2018-07-16,622.4655151367188,622.4655151367188,622.4655151367188,622.4655151367188,0
2018-07-17,628.8827514648438,628.8827514648438,614.0430436815534,623.6688000815255,6600
2018-07-18,641.3159790039062,647.7331495255213,629.6848574334789,629.6848574334789,14200
2018-07-19,632.0911254882812,645.7276091599828,612.4385460790644,641.7168786683059,20600
2018-07-20,628.8827514648438,661.3696793147495,626.0752391815186,661.3696793147495,23200
2018-07-23,626.0751342773438,635.7008890644394,614.0429407934743,629.2837192063756,21600
2018-07-24,620.8612060546875,629.2837417957395,617.6526210104772,622.0644254462663,11000
2018-07-25,618.85595703125,640.1128369552009,618.85595703125,620.8613230618114,17800
2018-07-26,621.6634521484375,627.2784768775201,616.4495006142893,620.8613057585685,13000
2018-07-27,621.6634521484375,621.6634521484375,621.6634521484375,621.6634521484375,0
2018-07-30,616.4494018554688,623.2676450770322,616.0483287247886,623.2676450770322,5200
2018-07-31,615.6473388671875,627.6795344150804,610.0323142781708,615.2462656822578,6000
2018-08-01,611.2354736328125,621.6633754139497,610.0322541965274,616.0483513779527,12600
2018-08-02,607.2247924804688,612.8398169816091,601.6097679793284,611.2355242669976,10600
2018-08-03,587.1710815429688,611.6365432739258,587.1710815429688,605.2193729838386,28600
2018-08-06,588.775390625,601.6097315650545,588.775390625,599.2032926387942,7800
2018-08-07,568.7216796875,589.1764086466414,568.3206065706541,588.3742624129496,26400
2018-08-08,567.5185546875,572.7325060733216,561.502456934629,564.3099692193022,15200
2018-08-09,558.2938842773438,567.1174945173592,554.2831523500639,567.1174945173592,17600
2018-08-10,545.4595947265625,558.2939381318934,544.2563750323127,557.4917916690601,42000
2018-08-13,581.55615234375,581.55615234375,549.4702956627156,569.5239560883621,225800
2018-08-14,580.75390625,584.7646376467542,568.7217120597376,582.3581988087017,34000
2018-08-15,589.978515625,592.3849541659586,578.7484691005269,581.1549076414855,24000
2018-08-16,589.978515625,597.5989043380354,589.1763694446805,595.5935388872366,10400
2018-08-17,601.208740234375,601.6098134433372,585.5668850848482,594.3904956820172,22000
2018-08-20,618.85595703125,633.2945924512921,613.240932145678,621.2623962679237,22200
2018-08-21,610.0323486328125,618.8559591981787,602.8130308975129,612.839861085429,14000
2018-08-22,603.6151123046875,619.6580388775695,600.8076001544331,619.6580388775695,13400
2018-08-23,604.0162963867188,606.8238090525268,598.4012710551025,603.6152231487462,4400
2018-08-24,605.219482421875,607.625921715799,600.8076770496812,605.620555637529,9400
2018-08-27,607.6257934570312,611.235451635984,605.2193546710629,605.2193546710629,9800
2018-08-28,600.8075561523438,613.6418964706849,584.3635576194691,608.4279457163587,16600
2018-08-29,594.390380859375,609.6311598557693,592.7860883334388,601.6096972260881,19300
2018-08-30,612.8397216796875,612.8397216796875,601.609674423777,609.6311367494274,16200
2018-08-31,613.6419677734375,624.872016856873,608.0269432317198,617.6526995889502,17100
2018-09-03,621.6634521484375,624.8720377079133,615.2462810294859,616.8505738092238,9300
2018-09-04,636.9041748046875,636.9041748046875,619.2569558554392,621.663394803064,15200
2018-09-05,644.1234741210938,649.7384981794346,636.9041574746556,641.7170352389477,17000
2018-09-06,642.5191650390625,649.7384815001756,636.9041411248635,644.9256038594335,11100
2018-09-07,644.1234741210938,644.1234741210938,626.4762556520227,636.9041574746556,22200
2018-09-10,648.9363403320312,649.7384866117989,642.51917009389,648.9363403320312,18400
2018-09-11,642.5191650390625,657.7599442347456,642.5191650390625,655.3535054143746,8700
2018-09-12,625.6741333007812,644.9256450946515,621.6634016770583,643.3213524451622,8800
2018-09-13,633.6956787109375,637.7064108546775,621.6634822797172,631.2892394246934,5600
2018-09-14,640.1127319335938,645.7277558979235,632.0912691274084,645.7277558979235,7600
2018-09-17,640.1127319335938,640.1127319335938,640.1127319335938,640.1127319335938,0
2018-09-18,640.1127319335938,648.1341947397791,640.1127319335938,641.7170244948309,12800
2018-09-19,642.5191650390625,644.1234575859764,632.0912634841214,642.5191650390625,15100
2018-09-20,637.7064208984375,647.3321781950176,629.6849564846207,646.530031753636,19800
2018-09-21,628.0806274414062,637.7063841838033,621.6634562798082,633.6956522078045,27400
2018-09-24,628.0806274414062,628.0806274414062,628.0806274414062,628.0806274414062,0
2018-09-25,641.7169799804688,641.7169799804688,629.684786605835,633.6955177307129,30500
2018-09-26,626.7179565429688,632.3932808583643,620.2318716110881,624.2856746935134,14700
2018-09-27,611.3134765625,625.9071669844164,606.4489130885279,625.9071669844164,11700
2018-09-28,612.124267578125,620.2318737712128,612.124267578125,614.5565494360513,4600
2018-10-01,609.6920166015625,616.1781018845578,608.8812559411881,609.6920166015625,5100
2018-10-02,607.2596435546875,609.6919251710614,599.1520381667744,609.6919251710614,9600
2018-10-03,605.6381225585938,610.5026857919961,599.962798786291,605.6381225585938,8100
2018-10-04,600.7735595703125,604.8273622664684,598.341277952619,604.8273622664684,9800
2018-10-05,608.0704956054688,614.5565808919271,600.7736496582031,600.7736496582031,12800
2018-10-08,608.0704956054688,608.0704956054688,608.0704956054688,608.0704956054688,0
2018-10-09,608.88134765625,610.5028692212467,604.8275437437583,608.0705868737516,2400
2018-10-10,604.0167236328125,608.8812878499895,604.0167236328125,608.8812878499895,3100
2018-10-11,567.5325317382812,595.9091583251953,552.128077305385,595.9091583251953,25200
2018-10-12,561.0464477539062,568.3432946177576,551.3173186021044,567.5325338551074,12600
2018-10-15,552.9387817382812,558.6141064775305,552.9387817382812,557.8033458004949,6500
2018-10-16,556.9924926757812,562.6678164730599,555.3709715908445,560.2355348456548,4200
2018-10-17,566.7216796875,566.7216796875,558.614073397264,560.2355946553112,5400
2018-10-18,574.0184936523438,576.450775405108,568.3431695625608,574.8292542365986,4000
2018-10-19,591.8553466796875,599.9629541684503,571.5863279577804,574.0186102044092,4400
2018-10-22,598.3414306640625,623.4750137949377,595.9091484255907,623.4750137949377,11400
2018-10-23,604.0167236328125,608.8812878499895,587.8015095755558,608.8812878499895,25900
2018-10-24,592.666015625,603.2059037277702,587.8014518852599,591.8552550017099,3600
2018-10-25,571.5861206054688,587.8013297006594,560.2354742388353,587.8013297006594,11500
2018-10-26,543.209716796875,571.5863437937268,529.4267836841185,571.5863437937268,12900
2018-10-29,516.4545288085938,553.7495183300935,516.4545288085938,544.8311512706043,20000
2018-10-30,512.4007568359375,516.454560291918,501.86086785038816,514.8330389095258,17000
2018-10-31,510.7792053222656,524.5621362595331,499.4285563151042,505.1038808186849,12600
2018-11-01,505.9146728515625,522.12988672501,502.671630076873,516.4545618693033,8300
2018-11-02,513.2115478515625,518.0761122861744,505.1039404605425,510.7792656342565,4900
2018-11-05,522.1299438476562,522.1299438476562,514.0223360239348,514.0223360239348,6100
2018-11-06,516.4545288085938,522.9406139427675,511.58996495796333,522.9406139427675,5100
2018-11-07,526.1836547851562,528.6159367024991,519.6975696722421,524.5621335069277,4800
2018-11-08,534.2913818359375,534.2913818359375,526.9945344360536,526.9945344360536,12200
2018-11-09,539.1558837890625,544.831208881579,535.1020801515507,535.1020801515507,5100
2018-11-12,519.697509765625,538.3450023157177,516.4544675830002,538.3450023157177,10500
2018-11-13,516.4545288085938,518.0760500921372,511.58996495796333,514.0222468832785,8800
2018-11-14,526.9945068359375,539.966679311899,522.9407029371995,535.1021146334135,23000
2018-11-15,538.3451538085938,552.93884773714,522.9406991062394,522.9406991062394,11100
2018-11-16,532.6697387695312,540.7773451434967,532.6697387695312,538.3450632313071,6700
2018-11-19,555.3709716796875,564.2893376482664,535.1019581147355,535.1019581147355,8900
2018-11-20,536.7235717773438,542.3988965544456,535.1020504124575,535.1020504124575,6700
2018-11-21,531.8590087890625,546.4527011033965,531.8590087890625,538.3450942620998,3300
2018-11-22,526.9945068359375,535.912875413161,526.9945068359375,533.4805930739183,4900
2018-11-23,526.9945068359375,526.9945068359375,526.9945068359375,526.9945068359375,0
2018-11-26,533.4805908203125,544.0204809125072,527.8052653860539,527.8052653860539,6700
2018-11-27,526.1836547851562,532.6697398980704,521.3190909504707,528.6159367024991,9200
2018-11-28,526.9945068359375,534.2913538536659,522.9407029371995,526.9945068359375,4400
2018-11-29,518.8868408203125,526.9944477081299,518.8868408203125,526.9944477081299,7500
2018-11-30,525.3728637695312,525.3728637695312,513.2114548859773,517.2652578471619,8800
2018-12-03,518.0760498046875,526.9944168592283,518.0760498046875,526.9944168592283,4900
2018-12-04,515.643798828125,521.3191236579943,514.8330381381437,518.076080898069,5000
2018-12-05,519.697509765625,519.697509765625,513.2114254003754,515.643707037344,2900
2018-12-06,505.9146728515625,514.8330404819586,497.80706591483874,514.8330404819586,15800
2018-12-07,509.15765380859375,514.8329779752501,508.34689321335713,508.34689321335713,3200
2018-12-10,512.4007568359375,517.2653209831141,507.5361926887609,508.346953379957,3000
2018-12-11,497.80694580078125,509.1575927734375,496.9961853027344,504.29302978515625,9500
2018-12-12,501.0501708984375,501.0501708984375,494.56408454376515,497.8071277211013,4300
2018-12-13,501.86083984375,504.29312178160336,497.80703661399434,501.0500791977989,5400
2018-12-14,497.80694580078125,501.8607482910156,497.80694580078125,501.8607482910156,13100
2018-12-17,488.8886413574219,492.9424443537521,488.8886413574219,492.13168375448606,12500
2018-12-18,471.8626708984375,492.1316859713944,470.2411496926009,488.8886435597213,17200
2018-12-19,490.51031494140625,491.3210757925491,475.9166196208355,475.9166196208355,7200
2018-12-20,475.1056823730469,506.7253438279084,474.2949218229223,506.7253438279084,12200
2018-12-21,425.6493225097656,467.80887445359,424.8385618954613,467.80887445359,34200
2018-12-24,425.6493225097656,425.6493225097656,425.6493225097656,425.6493225097656,0
2018-12-25,394.8404541015625,405.3803430200847,389.1651292992813,402.9480609619642,35400
2018-12-26,411.0556335449219,419.1632397292399,400.5157455053085,400.5157455053085,13900
2018-12-27,450.7828369140625,453.2151184082031,429.70306396484375,429.70306396484375,4500
2018-12-28,450.7828369140625,462.13348388671875,436.18914794921875,458.89044189453125,5400
2018-12-31,450.7828369140625,450.7828369140625,450.7828369140625,450.7828369140625,0
2019-01-04,458.0797424316406,465.3765878863039,444.2968121283877,465.3765878863039,5500
2019-01-07,474.294921875,482.4025273771368,466.1873163728632,482.4025273771368,4500
2019-01-08,501.0501708984375,501.0501708984375,475.10582547974815,479.15962945141837,6500
2019-01-09,492.9424743652344,501.0500808515047,488.0779104734722,501.0500808515047,5200
2019-01-10,497.80694580078125,497.80694580078125,486.456298828125,492.9423828125,3400
2019-01-11,494.56402587890625,498.61782936971696,491.3209830862577,491.3209830862577,1800
2019-01-15,496.9961853027344,496.9961853027344,478.34869384765625,478.34869384765625,6000
2019-01-16,496.1854553222656,496.1854553222656,491.32089203479245,494.56393422644123,14000
2019-01-17,496.1854553222656,496.1854553222656,496.1854553222656,496.1854553222656,0
2019-01-18,516.4545288085938,521.3190926592241,501.0500766149308,505.10387982378944,23500
2019-01-21,506.7253723144531,517.2652600585938,505.10385112304687,507.53613291015625,7500
2019-01-22,510.7792053222656,518.0760511125837,509.1576840355283,509.1576840355283,1900
2019-01-23,503.4823303222656,509.96841509292284,502.6715697259335,507.5361333039264,2200
2019-01-24,510.7792053222656,514.0222478957403,509.96844467889696,510.7792053222656,900
2019-01-25,530.2374877929688,530.2374877929688,506.7254279367056,510.7792313601993,8200
2019-01-28,539.1558837890625,539.1558837890625,531.048276514039,531.048276514039,5600
2019-01-29,547.2634887695312,548.0742494936343,537.5343600802952,539.1558815285011,6100
2019-01-30,542.3989868164062,548.0743125379531,536.7236610948594,548.0743125379531,1900
2019-01-31,543.209716796875,544.0204775682137,541.5881952541978,543.209716796875,1100
2019-02-01,535.10205078125,542.398896928267,522.9406405362216,542.398896928267,14400
2019-02-04,536.7235717773438,541.5881358720025,536.7235717773438,536.7235717773438,1200
2019-02-05,535.912841796875,539.1558847124386,535.1020810679842,535.912841796875,2500
2019-02-06,520.50830078125,542.3988367954147,520.50830078125,537.5342732367114,7600
2019-02-07,525.3728637695312,529.426666730716,521.3190608083466,523.7513425850574,1500
2019-02-08,501.0501708984375,526.9945163171268,500.23941010410346,526.9945163171268,5200
2019-02-12,519.697509765625,525.3728335852184,515.643707037344,525.3728335852184,2800
2019-02-13,509.15765380859375,520.5083021419064,507.5361326181205,518.0760203561965,7300
2019-02-14,502.6715393066406,510.77914477932836,501.0500182121031,508.34686313752206,4500
2019-02-15,502.6715393066406,512.4006658738659,502.6715393066406,502.6715393066406,3500
2019-02-18,517.2652587890625,519.6975405702024,514.8329770079228,515.643737601636,2900
2019-02-19,514.8331298828125,518.8869340551181,510.7793257105069,517.2654123861959,6800
2019-02-20,514.0221557617188,520.5082397460938,509.9683532714844,520.5082397460938,3300
2019-02-21,509.9684753417969,517.2653215708528,506.7254325733276,511.58999672603153,6500
2019-02-22,514.8331298828125,515.6438907172736,509.9685648760458,514.8331298828125,1700
2019-02-25,521.319091796875,527.8051769203198,520.5083311564445,521.319091796875,4400
2019-02-26,516.4545288085938,529.4266990769414,516.4545288085938,522.1298533009958,6100
2019-02-27,522.1299438476562,526.9945085418891,518.8869007181677,526.9945085418891,1100
2019-02-28,514.8331298828125,518.8869340551181,514.0223690483514,514.0223690483514,7400
2019-03-01,518.8868408203125,525.3729263305664,514.8330373764038,514.8330373764038,2700
2019-03-04,528.6160278320312,528.6160278320312,520.5084200431965,524.5622239376138,2300
2019-03-05,525.3728637695312,529.426666730716,521.3190608083466,529.426666730716,3500
2019-03-06,529.4267578125,529.4267578125,525.3729541539051,526.1837148856241,3600
2019-03-07,530.2374877929688,534.2912912164624,530.2374877929688,534.2912912164624,2000
2019-03-08,515.643798828125,531.0482519377703,515.643798828125,530.237491247789,6700
2019-03-11,519.697509765625,526.1835941308747,519.697509765625,519.697509765625,2600
2019-03-12,528.6160278320312,530.2375493897982,523.7514631587303,526.1837454953808,2000
2019-03-13,526.9945068359375,531.0483107346755,524.5622244966947,526.1837460561899,2100
2019-03-14,530.2374877929688,530.2374877929688,524.5621630000776,528.6159664235713,1700
2019-03-15,523.7515258789062,529.4268520107211,522.9407650029327,529.4268520107211,2200
2019-03-18,521.319091796875,528.6159375607505,519.6975705160138,524.5621343585974,3300
2019-03-19,523.7515258789062,526.9945693828004,520.5084823750121,522.9407650029327,4600
2019-03-20,522.1299438476562,522.9407046300283,520.508422282912,520.508422282912,4300
2019-03-22,518.8868408203125,525.3729263305664,516.4545587539673,522.1298835754394,7500
2019-03-25,516.4545288085938,521.3190926592241,503.48235854024597,521.3190926592241,7000
2019-03-26,523.7515258789062,526.9945693828004,518.0761997470914,526.9945693828004,6700
2019-03-27,490.0405578613281,495.79606776909543,480.9961851491224,484.2850479535609,16000
2019-03-28,488.3960266113281,493.3293198094224,477.707224682124,490.04045767735954,7800
2019-03-29,479.3516845703125,484.2849780650327,476.06282224049903,481.81833131767263,5700
2019-04-01,476.885009765625,493.32932044719826,476.885009765625,479.351656367861,13100
2019-04-02,480.99609375,485.10717147435895,477.7072315705128,480.1738782051282,3500
2019-04-03,484.2850036621094,490.0405130434927,481.8183567843737,481.8183567843737,2600
2019-04-04,485.9293518066406,490.04042923309277,485.9293518066406,489.21821374780234,1000
2019-04-05,494.97381591796875,494.97381591796875,486.75165950737124,486.75165950737124,4100
2019-04-08,494.151611328125,495.79604264702056,486.7516703930948,495.79604264702056,1600
2019-04-09,490.0405578613281,496.61828347020503,488.3961264591089,495.79606776909543,900
2019-04-10,494.97381591796875,494.97381591796875,476.8850718146543,489.2183064305505,3600
2019-04-11,485.9293518066406,491.6848602036736,485.9293518066406,489.21821374780234,2600
2019-04-12,485.1072998046875,489.2183786165916,485.1072998046875,489.2183786165916,1900
2019-04-15,488.3960266113281,492.50710427640666,485.10716447926535,485.10716447926535,3800
2019-04-16,494.151611328125,494.15161132812494,489.2183173714382,492.5071800092294,2800
2019-04-17,489.2182922363281,498.26266402557115,485.92942976751243,494.1515859395516,3100
2019-04-18,490.8627014160156,498.2626416383676,490.0404858357543,498.2626416383676,1600
2019-04-19,495.7959899902344,498.26263670660364,493.329343273865,493.329343273865,3000
2019-04-22,517.995849609375,520.4624965122767,485.10722423735115,496.6182431175595,10100
2019-04-23,503.1959228515625,504.0181384117775,493.32933612898285,503.1959228515625,5400
2019-04-24,494.151611328125,508.1292775387375,494.15161132812494,508.1292775387375,1100
2019-04-25,499.08489990234375,499.08489990234375,489.2183120953781,489.2183120953781,40200
2019-04-26,506.4848937988281,507.30710953551454,498.2627364319641,498.2627364319641,2800
2019-05-07,497.44061279296875,503.1961240153667,494.97396512622674,494.97396512622674,2700
2019-05-08,499.08489990234375,499.08489990234375,494.15160599886093,497.4404686011828,700
2019-05-09,499.9071350097656,500.7293506923475,498.26270364460197,499.0849193271838,1600
2019-05-10,498.2626647949219,505.6626053611831,498.2626647949219,501.5515272688158,1600
2019-05-13,500.72930908203125,500.72930908203125,498.2626622392626,498.2626622392626,10700
2019-05-14,496.6182556152344,497.4404712702265,489.2183147203054,497.4404712702265,3000
2019-05-15,504.0180969238281,512.240251849176,504.0180969238281,504.8403124163629,8800
2019-05-16,508.95147705078125,513.0625552175889,505.66261451733516,508.12926141741974,2400
2019-05-17,508.95147705078125,512.2403395842273,504.84039888397365,509.77369268414276,15200
2019-05-20,513.0626220703125,513.0626220703125,504.0182489248422,509.7737591083233,4100
2019-05-21,510.5958557128906,515.5291490048025,506.4847779696306,508.95142461558663,3800
2019-05-22,504.0180969238281,511.4180363566412,501.5514504462237,510.59582086410643,3400
2019-05-23,508.1293640136719,508.95157981304675,502.37385341804776,502.37385341804776,700
2019-05-24,504.84033203125,509.7736251781352,504.84033203125,504.84033203125,700
2019-05-27,509.7736511230469,509.7736511230469,504.8403577250819,504.8403577250819,1200
2019-05-28,509.7736511230469,512.2402978220293,505.6625732914094,506.4847888577369,2300
2019-05-29,506.4848937988281,514.7070511656923,506.4848937988282,507.30710953551454,1000
2019-05-30,508.1293640136719,513.8848746092959,506.4849324149221,506.4849324149221,1400
2019-05-31,508.95147705078125,510.59590831750427,506.48483015069667,507.30704578405823,900
2019-06-03,506.4848937988281,510.5959724822602,506.4848937988282,510.5959724822602,1100
2019-06-04,507.30712890625,511.41820774665723,506.48491313816857,511.41820774665723,2900
2019-06-05,509.7736511230469,513.8847289546843,508.12921999039185,508.12921999039185,3100
2019-06-06,508.1293640136719,509.7737956124216,508.1293640136719,508.1293640136719,500
2019-06-07,506.4848937988281,508.12932527220096,506.4848937988282,508.12932527220096,1600
2019-06-10,506.4848937988281,509.7737567455738,506.4848937988282,509.7737567455738,2500
2019-06-11,504.0180969238281,506.48474340143247,504.0180969238281,506.48474340143247,1100
2019-06-12,504.0180969238281,508.1291743865021,504.0180969238281,508.1291743865021,700
2019-06-13,501.5516052246094,505.6626839559586,501.5516052246094,504.0182524634189,2300
2019-06-14,501.5516052246094,504.84046820968877,499.9071737320696,499.9071737320696,1700
2019-06-17,501.5516052246094,508.12933119476816,501.5516052246094,505.6626839559586,1500
2019-06-18,500.72930908203125,503.1959559247999,500.72930908203125,500.72930908203125,1000
2019-06-19,504.0180969238281,507.30695889396725,500.72923495368894,502.3736659387585,3000
2019-06-20,501.5516052246094,503.19603671714907,492.50723201564097,503.19603671714907,25100
2019-06-21,499.08489990234375,500.72933120350467,498.26268425176323,498.26268425176323,2000
2019-06-24,499.9071350097656,504.01821342267493,499.9071350097656,499.9071350097656,700
2019-06-25,507.30712890625,513.0626392828201,505.66269737008713,510.5959919785758,6200
2019-06-26,512.2404174804688,513.0626332388644,506.48490717169943,513.0626332388644,5700
2019-06-27,523.7514038085938,523.7514038085938,513.0625996492347,513.0625996492347,5600
2019-06-28,517.995849609375,524.5735746837797,514.7069870721726,524.5735746837797,6200
2019-07-01,518.818115234375,526.2180566561015,517.9958995208498,518.818115234375,4600
2019-07-02,528.6846313476562,530.3290625493597,521.2846909399907,521.2846909399907,15900
2019-07-03,522.1070556640625,529.5069981852854,518.8181923212967,529.5069981852854,10400
2019-07-04,527.8624267578125,533.6179360838322,519.6402705777842,529.5068579938181,16500
2019-07-05,527.8624267578125,530.329073611821,524.5735642858011,527.8624267578125,1100
2019-07-08,527.0402221679688,527.8624378031762,523.751359627139,527.8624378031762,1800
2019-07-09,522.1070556640625,531.1514298566683,522.1070556640625,531.1514298566683,4700
2019-07-10,528.6846313476562,530.3290625493597,526.2179845451011,530.3290625493597,3000
2019-07-11,540.1956787109375,540.1956787109375,530.3290909719249,531.9735222617603,8300
2019-07-12,537.7290649414062,541.8401434195515,530.3291236807447,537.7290649414062,4400
2019-07-16,534.4402465820312,539.3735411658654,534.4402465820312,538.551325401893,1700
2019-07-17,542.662353515625,545.1290005770596,536.9068437056108,545.1290005770596,6300
2019-07-18,541.8402099609375,545.1290731473468,539.3735625711305,542.6624257575398,5100
2019-07-19,543.4845581054688,544.306773775825,534.4401857315502,544.306773775825,6900
2019-07-22,535.262451171875,541.8401771463374,535.262451171875,538.5513141591063,7700
2019-07-23,535.262451171875,541.0179613995296,535.262451171875,541.0179613995296,2500
2019-07-24,536.9068603515625,539.3735074894716,534.4402132136534,535.2624289262897,1500
2019-07-25,537.7290649414062,540.1957120282934,537.7290649414062,540.1957120282934,3200
2019-07-26,536.9068603515625,538.5512917768352,536.0846446389261,536.9068603515625,900
2019-07-29,527.0402221679688,537.7290254256654,527.0402221679688,528.6846534383836,4400
2019-07-30,528.6846313476562,529.5068469485079,527.8624157468045,527.8624157468045,1300
2019-07-31,531.9735717773438,531.9735717773438,528.6847088915488,529.5069246129975,2300
2019-08-01,536.084716796875,536.084716796875,529.5069902104103,530.3292060337184,900
2019-08-02,526.218017578125,535.262389755249,526.218017578125,535.262389755249,2600
2019-08-05,529.5069580078125,536.084684194245,526.2180949145963,536.084684194245,1800
2019-08-06,523.7514038085938,531.1513451496885,523.7514038085938,529.5069137405563,3400
2019-08-07,528.6846313476562,536.0845717553217,528.6846313476562,531.9734937510631,1800
2019-08-08,531.9735717773438,532.7957874987925,527.8624931701,532.7957874987925,1600
2019-08-09,532.7957153320312,532.7957153320312,527.0402060614691,531.9734997219509,2800
2019-08-13,524.5735473632812,524.5735473632812,514.7069602655392,516.3513914484962,3800
2019-08-14,519.6403198242188,524.5736139997651,519.6403198242188,519.6403198242188,1700
2019-08-15,516.3513793945312,527.8623974065113,510.59587038854124,510.59587038854124,6300
2019-08-16,512.2404174804688,516.3514962724469,512.2404174804688,516.3514962724469,2100
2019-08-19,517.1737060546875,517.1737060546875,513.8848430591092,513.8848430591092,600
2019-08-20,527.8624267578125,533.6179360838322,522.1069174317927,533.6179360838322,4600
2019-08-21,524.5735473632812,527.8624097291952,520.4624694058888,527.8624097291952,3500
2019-08-22,522.92919921875,528.6847092730444,517.9959048864977,517.9959048864977,1600
2019-08-23,512.2404174804688,520.462575064425,511.41820172207315,519.6403593060293,7500
2019-08-26,511.41815185546875,517.1736616030383,511.41815185546875,512.240367533693,2900
2019-08-27,512.2404174804688,513.88484899726,511.41820172207315,511.41820172207315,700
2019-08-28,511.41815185546875,512.240367533693,511.41815185546875,511.41815185546875,2100
2019-08-29,517.995849609375,533.6179466610863,488.39608677455357,511.4181245349702,16000
2019-08-30,509.7736511230469,511.41808225570185,502.3737110260994,502.3737110260994,5100
2019-09-02,517.995849609375,517.995849609375,511.4181245349702,511.4181245349702,500
2019-09-03,517.1737060546875,517.9959218035821,515.5292745568984,517.9959218035821,500
2019-09-04,516.3513793945312,516.3513793945312,511.4180859608255,511.4180859608255,700
2019-09-05,513.884765625,516.3514125,508.12925625,508.12925625,4800
2019-09-06,504.84033203125,512.2402717515778,502.3736854578074,502.3736854578074,4600
2019-09-09,511.41815185546875,513.0625832119172,505.66264210789916,505.66264210789916,1100
2019-09-10,502.3737487792969,504.8403956636469,499.9071018949468,501.5515331511802,8100
2019-09-11,513.0626220703125,513.8848378108098,508.1293276273287,508.1293276273287,800
2019-09-12,515.5291748046875,517.1736059842877,513.0625280352871,513.0625280352871,1400
2019-09-13,517.1737060546875,517.9959218035821,517.1737060546875,517.9959218035821,400
2019-09-17,515.5291748046875,523.7513307026888,514.7069592148873,523.7513307026888,1600
2019-09-18,515.5291748046875,519.6402527536882,515.5291748046875,519.6402527536882,1100
2019-09-19,517.1737060546875,517.9959218035821,513.0626273102146,515.5292745568984,10700
2019-09-20,521.28466796875,521.28466796875,515.5291590164137,517.1735901456526,4500
2019-09-24,520.4625854492188,524.5736643232252,517.9959381248149,517.9959381248149,5700
2019-09-25,520.4625854492188,522.9292327736226,520.4625854492188,520.4625854492188,4200
2019-09-26,519.6403198242188,524.5736139997651,518.8181041282944,520.4625355201432,3500
2019-09-27,522.5572509765625,526.7243741900917,522.5572509765625,526.7243741900917,2900
2019-09-30,523.3907470703125,524.224171826794,516.7233490184614,520.8904728008683,1200
2019-10-01,525.0574951171875,525.0574951171875,521.7237967354911,521.7237967354911,400
2019-10-02,526.7244873046875,528.3913369480568,525.0576376613183,525.0576376613183,1300
2019-10-03,526.7244873046875,530.0581865914261,523.390788017949,526.7244873046875,4500
2019-10-04,528.3912353515625,528.3912353515625,524.2241120443734,524.2241120443734,500
2019-10-07,525.0574951171875,525.8909197126117,522.5572213309152,524.2240705217635,2400
2019-10-08,523.3907470703125,527.5578708527195,520.8904728008683,527.5578708527195,1000
2019-10-09,523.3907470703125,523.3907470703125,520.8904728008683,523.3907470703125,900
2019-10-10,518.3899536132812,523.3904997896152,518.3899536132812,520.8902267014482,1500
2019-10-11,520.0570068359375,520.0570068359375,516.7233080741687,517.556732764611,1000
2019-10-15,525.8909912109375,530.0581147546058,525.0575665022038,530.0581147546058,2800
2019-10-16,527.557861328125,530.8915602938636,527.557861328125,527.557861328125,3100
2019-10-17,527.557861328125,529.2247108109942,527.557861328125,528.3912860695597,1800
2019-10-18,524.2240600585938,533.3917304252783,524.2240600585938,530.0580321101203,6700
2019-10-21,524.2240600585938,529.2246075313308,524.2240600585938,525.0574846373833,5100
2019-10-23,527.557861328125,527.557861328125,524.2241623623864,525.0575871038211,3900
2019-10-24,526.7244873046875,530.8916114131107,525.0576376613183,528.3913369480568,6500
2019-10-25,524.2240600585938,525.0574846373833,521.7237863222252,525.0574846373833,1800
2019-10-28,526.7244873046875,530.0581865914261,525.8910624830029,528.3913369480568,4300
2019-10-29,526.7244873046875,530.8916114131107,526.7244873046875,530.8916114131107,1800
2019-10-30,528.3912353515625,529.2246600130003,527.5578106901247,528.3912353515625,3600
2019-10-31,529.2246704101562,529.2246704101562,528.391245732345,528.391245732345,1700
2019-11-01,530.05810546875,530.05810546875,529.2246807746168,530.05810546875,2600
2019-11-05,530.8914184570312,533.3916920133438,530.0579939382604,530.8914184570312,3200
2019-11-06,527.557861328125,535.8921087424714,527.557861328125,535.8921087424714,6500
2019-11-07,535.89208984375,535.89208984375,527.5578427233185,527.5578427233185,4900
2019-11-08,533.3917846679688,541.7260313034058,533.3917846679688,535.8920586585998,5800
2019-11-11,535.89208984375,536.7255145557931,533.3918157076205,533.3918157076205,16800
2019-11-12,535.0586547851562,544.2263264403535,533.3918053933021,544.2263264403535,5300
2019-11-13,528.3912353515625,543.3928792574428,525.8909613672491,535.8920573045026,5800
2019-11-14,530.05810546875,536.725503021816,528.3912560804835,528.3912560804835,3000
2019-11-15,524.2240600585938,534.2251550040678,524.2240600585938,534.2251550040678,4300
2019-11-18,530.8914184570312,535.0585410508855,526.724295863177,526.724295863177,1300
2019-11-19,530.05810546875,530.05810546875,529.2246807746168,529.2246807746168,5300
2019-11-20,530.05810546875,530.05810546875,529.2246807746168,529.2246807746168,5300
2019-11-21,535.89208984375,536.7255145557931,531.7249662835342,535.89208984375,1400
2019-11-22,536.7255249023438,536.7255249023438,535.0586754461253,535.0586754461253,1200
2019-11-25,535.0586547851562,537.5589288729374,535.0586547851562,536.7255041770103,4600
2019-11-26,533.3917846679688,536.7254833221435,533.3917846679688,535.8920586585998,3500
2019-11-27,535.0586547851562,540.8926276566455,535.0586547851562,537.5589288729374,16100
2019-11-28,538.3923950195312,540.0592445397156,535.8921207392548,539.2258197796234,1400
2019-11-29,535.0586547851562,539.2257782647914,535.0586547851562,538.3923535688643,2800
2019-12-02,537.5588989257812,537.5588989257812,535.8920496267866,535.8920496267866,1800
2019-12-03,534.225341796875,535.8921915372708,534.225341796875,535.0587666670729,3900
2019-12-04,535.89208984375,535.89208984375,535.89208984375,535.89208984375,300
2019-12-05,535.89208984375,535.89208984375,535.89208984375,535.89208984375,300
2019-12-06,537.5588989257812,538.3923235752786,536.725474276284,538.3923235752786,4000
2019-12-09,538.3923950195312,541.7260940598999,537.5589702594391,541.7260940598999,5900
2019-12-10,536.7255249023438,540.0592238147807,535.8921001742345,538.3923743585622,4400
2019-12-11,540.8926391601562,540.8926391601562,536.7255155918962,536.7255155918962,30500
2019-12-12,547.56005859375,547.56005859375,537.5589616331335,539.2258111265696,6900
2019-12-13,552.560546875,553.39397153092,549.2268482513198,550.0602729072398,4900
2019-12-16,566.7288208007812,566.7288208007812,552.5606002807617,552.5606002807617,7100
2019-12-17,567.5621337890625,572.5626812233274,558.3944634929103,566.728709216685,7100
2019-12-18,569.2291259765625,575.0630994492359,567.5622764129415,574.2296746674255,5100
2019-12-19,593.3983764648438,593.3983764648438,570.8959099415982,570.8959099415982,54400
2019-12-20,635.0696411132812,635.0696411132812,591.7315553680179,605.0663509819451,17100
2019-12-23,600.0657958984375,628.4022362603082,587.5644251505535,628.4022362603082,14900
2019-12-24,577.5632934570312,593.3983621088114,569.2290467981996,590.0646634452787,13600
2019-12-25,559.2279663085938,572.5627613323456,555.8942675526557,572.5627613323456,8400
2019-12-26,570.0624389648438,582.5638082403887,564.2284666362561,564.2284666362561,8600
2019-12-27,580.0635986328125,581.7304480541711,559.2279808658293,559.2279808658293,6400
2019-12-30,579.2301025390625,585.8974994028215,574.2295548912432,580.0635271470323,5200
2020-01-06,570.0624389648438,574.2295620566921,550.0602481239721,566.7287404913652,18700
2020-01-07,573.3961791992188,574.2296038782874,570.8959051620129,574.2296038782874,2100
2020-01-08,568.3956298828125,575.0630273007927,566.7287805283174,573.3961779462977,3600
2020-01-09,578.3967895507812,579.2302143195864,570.0625418627296,578.3967895507812,2600
2020-01-10,563.3950805664062,581.7304234250762,560.894806540224,581.7304234250762,15900
2020-01-14,564.2284545898438,566.7287283915713,561.7281807881162,563.3950299892679,11400
2020-01-15,555.8942260742188,569.2290201029856,555.8942260742188,562.5616230886022,7800
2020-01-16,545.0596313476562,547.5599048859483,536.7253862200163,544.2262068348923,27400
2020-01-17,551.7271118164062,551.7271118164062,539.2257422133155,541.7260161339336,11900
2020-01-20,553.39404296875,558.394591549793,550.0603439147214,558.394591549793,7700
2020-01-21,556.7276000976562,556.7276000976562,551.72705279139,551.72705279139,3600
2020-01-22,561.7282104492188,562.5616350938021,560.0613611600519,560.0613611600519,3200
2020-01-23,564.2284545898438,565.0618791904196,560.8947561875405,564.2284545898438,2600
2020-01-24,562.5617065429688,567.5622550455729,562.5617065429688,567.5622550455729,2400
2020-01-27,560.894775390625,560.894775390625,553.3939537286404,560.0613507615155,3200
2020-01-28,563.3950805664062,565.0619299171944,560.894806540224,560.894806540224,2300
2020-01-29,555.8942260742188,561.7281984618043,555.8942260742188,560.8947738350063,3100
2020-01-30,547.56005859375,562.5617040346747,547.56005859375,562.5617040346747,4200
2020-01-31,545.0596313476562,552.5604519625323,544.2262068348923,550.0601784242402,4400
2020-02-03,545.0596313476562,552.5604519625323,545.0596313476562,552.5604519625323,2200
2020-02-04,532.558349609375,545.8931439657913,521.7238291947867,541.7260207294112,25300
2020-02-05,525.8909912109375,533.3918135895404,525.8909912109375,533.3918135895404,4700
2020-02-06,528.3912353515625,532.5583586587514,525.0575367058113,525.0575367058113,3300
2020-02-07,526.7244873046875,530.8916114131107,526.7244873046875,527.5579121263721,2100
2020-02-10,531.724853515625,532.558278050916,528.3911553744612,529.2245799097522,1700
2020-02-12,529.2246704101562,530.0580950879676,525.8909716989112,528.391245732345,4900
2020-02-13,530.05810546875,550.8937228220814,526.724406692217,527.5578313863502,18100
2020-02-14,530.8914184570312,531.7248429758021,527.5577203819479,528.3911449007187,2500
2020-02-17,523.3907470703125,525.8910213397567,523.3907470703125,525.0575965832753,4100
2020-02-18,516.72314453125,518.3899933845765,505.88862698462697,517.5565689579133,7900
2020-02-19,504.22198486328125,524.2241793041387,495.8877371795906,513.3896573153409,21100
2020-02-20,505.0553894042969,513.3896367542028,500.8882657293439,501.72169046433453,4600
2020-02-21,490.88714599609375,505.0553658295973,486.7200225156515,492.5539953882706,14300
2020-02-25,475.88555908203125,484.2198070519442,452.5496647662749,472.551859894066,12800
2020-02-26,476.71893310546875,478.38578252192144,466.7178366067526,475.05208368901606,4000
2020-02-27,458.3835754394531,481.7194665527344,455.88330139160155,476.71891845703124,8400
2020-02-28,410.8783874511719,450.04934933799757,408.378113288183,450.04934933799757,22600
2020-03-02,441.7150573730469,455.0498515578936,410.8783458205889,410.8783458205889,12300
2020-03-03,440.8817138671875,470.885006304274,440.8817138671875,470.885006304274,7100
2020-03-04,451.7162170410156,457.5501903238332,440.8816952300688,440.8816952300688,4000
2020-03-05,446.71563720703125,474.2186521843298,443.3819384219042,457.55015825869435,14000
2020-03-06,429.2137451171875,450.04936381219665,425.8800461259861,446.7156648209952,8800
2020-03-09,413.378662109375,428.3803071052797,404.2109901674332,412.54523738738027,17600
2020-03-10,438.38134765625,440.8816215021982,375.8745015075451,400.8772399670271,12500
2020-03-11,422.54632568359375,440.88166920438084,422.54632568359375,440.04824449889054,7900
2020-03-12,399.2104187011719,417.5457615225201,391.70959663789307,417.5457615225201,23300
2020-03-13,374.20770263671875,388.37592300381056,358.37263281467494,359.206057542151,12600
2020-03-16,380.0416564941406,388.37590334708227,364.20658747355145,364.20658747355145,7400
2020-03-17,383.3753356933594,383.3753356933594,366.7068428371264,366.7068428371264,8800
2020-03-18,387.54248046875,390.8761792254704,381.7085076444892,390.0427545362903,5200
2020-03-19,385.0422058105469,394.20987737746464,383.37535643474365,387.54247987425174,4400
2020-03-23,400.8773193359375,435.0477353292295,392.5430715326956,435.0477353292295,6700
2020-03-24,412.54522705078125,417.54577525745736,406.7112541429924,417.54577525745736,4100
2020-03-25,423.3797607421875,432.5474327267624,418.3792123869648,431.71400800089197,5700
2020-03-26,410.8783874511719,423.37975826611626,404.21098968320155,423.37975826611626,10300
2020-03-27,404.21099853515625,434.21428914807507,404.21099853515625,434.21428914807507,19700
2020-03-30,365.1485595703125,371.0928384470385,354.9583672102108,363.4501941769622,14000
2020-03-31,356.6567687988281,367.6961449759347,356.6567687988281,365.14859662737166,5900
2020-04-01,339.673095703125,356.65675048828126,323.5386236572266,356.65675048828126,18600
2020-04-02,298.9123229980469,330.3320842222734,297.2139575264671,322.68943960016423,19400
2020-04-03,264.94500732421875,355.80755791297327,257.30236288217395,355.80755791297327,18500
2020-04-06,270.8893127441406,270.8893127441406,246.2630115855824,256.45320516843407,18000
2020-04-07,268.3417663574219,273.4368631869932,258.15157269827927,270.04013196727897,18000
2020-04-08,263.2466735839844,269.19095331007435,255.60402822186867,261.5483079479587,14700
2020-04-09,267.4925537109375,277.6827462332589,263.24664015997024,263.24664015997024,21100
2020-04-10,266.6434020996094,270.04013333654706,262.39748805343726,270.04013333654706,14300
2020-04-13,265.7942199707031,270.04013402774314,263.24667153647914,270.04013402774314,14500
2020-04-14,265.7942199707031,265.7942199707031,260.69912310225516,264.09585434788715,13000
2020-04-15,271.73846435546875,271.73846435546875,262.3974546432495,265.7941854476929,17500
2020-04-16,287.0237731933594,325.2369974350788,270.8893007357445,270.8893007357445,73100
2020-04-17,279.3811340332031,291.26969292823304,278.5319512549867,287.8729618153673,15700
2020-04-20,281.0794677734375,285.3253811839124,271.73845827039275,281.0794677734375,13400
2020-04-21,269.1909484863281,281.07950772547196,267.49258288073617,281.07950772547196,20600
2020-04-22,268.3417663574219,269.1909491623504,259.0007555032078,262.39748672292205,17100
2020-04-23,265.7942199707031,267.49258559351915,260.69912310225516,263.24667153647914,10600
2020-04-24,264.0958251953125,266.643373348322,259.8499116069634,262.3974597599729,10500
2020-04-27,265.7942199707031,268.3417684049271,264.9450371592951,265.7942199707031,3700
2020-04-28,267.4925537109375,267.4925537109375,263.24664015997024,267.4925537109375,10300
2020-04-30,270.0401306152344,275.1352274192954,264.94503381117335,267.4925822132039,26900
2020-05-01,264.0958251953125,268.3417387836616,262.3974597599729,268.3417387836616,17800
2020-05-07,268.3417663574219,269.1909491623504,262.39748672292205,264.09585233277915,16300
2020-05-08,268.3417663574219,271.73849757713606,267.49258355249333,268.3417663574219,19000
2020-05-11,280.23028564453125,280.23028564453125,268.341728071733,268.341728071733,39500
2020-05-12,305.705810546875,322.68946668836804,280.23032633463544,283.627057562934,72600
2020-05-13,298.9123229980469,308.25333309173584,287.8729474327781,301.45987120541656,34300
2020-05-14,279.3811340332031,297.21397237574797,279.3811340332031,297.21397237574797,28400
2020-05-15,285.325439453125,285.325439453125,270.04014805385043,279.38115946451825,32500
2020-05-18,283.6270446777344,288.7221412887116,278.5319480667571,285.3254102147268,14200
2020-05-19,286.1745910644531,318.4435360509493,283.6270427760455,283.6270427760455,61200
2020-05-20,287.8729553222656,292.968051876642,273.4368484181992,288.72213808132835,40500
2020-05-21,286.1745910644531,300.6106980320962,286.1745910644531,292.9680531668734,38200
2020-05-22,295.51556396484375,296.36474661991514,275.98436289820177,284.4761894489157,38900
2020-05-25,317.5943298339844,325.23697413480215,298.06312773189444,302.30904123234876,91300
2020-05-26,322.6894836425781,330.33212930779706,312.49928942228615,324.3878493459601,58100
2020-05-27,390.6240539550781,390.6240539550781,365.9977549013884,377.0371303392493,104700
2020-05-28,458.5587158203125,458.5587158203125,409.30611300998265,417.7979410807292,455300
2020-05-29,415.2503662109375,490.8276312268341,407.6077214340491,424.59137649380114,437400
2020-06-01,398.2666931152344,401.66342397336007,379.58467339554323,388.07650054085735,147200
2020-06-02,388.9256896972656,388.9256896972656,362.60102511076946,384.67977605428234,178700
2020-06-03,382.9814758300781,405.90941340748856,366.8470012385671,402.51268191453886,146500
2020-06-04,365.1485595703125,396.56831934729286,364.29937687363736,377.8863000204397,74000
2020-06-05,370.24365234375,375.33874847692084,364.2993735217173,375.33874847692084,25000
2020-06-08,377.8863220214844,382.9814184981785,363.45021533751753,377.8863220214844,58800
2020-06-09,371.9420166015625,384.67975689613655,368.54528585634273,384.67975689613655,29200
2020-06-10,373.6404113769531,376.1879596363414,366.8469493519176,375.338776883212,19900
2020-06-11,356.6567687988281,378.7355211530413,356.6567687988281,375.3387900216239,39400
2020-06-12,352.41082763671875,363.4502029602786,325.23698068641755,343.0698177475527,54900
2020-06-15,349.86328125,372.7912147299757,348.1649158070388,354.1091948574029,48300
2020-06-16,359.2042541503906,365.9977152217928,354.95834098076426,363.450167320017,18800
2020-06-17,370.24365234375,370.24365234375,358.3550946996846,364.2993735217173,30800
2020-06-18,371.09283447265625,371.09283447265625,357.5059114713691,370.2436517850758,22200
2020-06-19,374.4895324707031,380.4338107638889,370.24361940414184,377.88626292395213,18600
2020-06-22,382.13226318359375,387.22736002604165,375.3388007269965,382.13226318359375,43400
2020-06-23,373.6404113769531,388.925700933283,372.79122862382366,388.925700933283,30300
2020-06-24,371.9420166015625,377.0371127193921,369.3944685426477,371.9420166015625,11000
2020-06-25,368.5453186035156,370.2436841270341,356.65675993888607,369.39450136527483,13500
2020-06-26,349.01409912109375,368.54530174830825,349.01409912109375,368.54530174830825,21500
2020-06-29,329.48291015625,349.0141135933473,329.48291015625,342.22065152826997,34100
2020-06-30,323.5386657714844,343.0698713167446,323.5386657714844,343.0698713167446,19300
2020-07-01,333.7288513183594,338.82394828505187,323.53865738497433,331.1813028350131,20100
2020-07-02,328.63372802734375,337.9747383847101,325.2369969883015,337.9747383847101,12700
2020-07-03,315.04681396484375,329.4829213432867,314.19763117787653,329.4829213432867,16400
2020-07-06,325.2369689941406,326.0861516808094,315.04677675411534,315.8959594407841,9300
2020-07-07,329.48291015625,330.33209291438465,323.5386308493073,329.48291015625,6200
2020-07-08,330.33209228515625,339.67310260684445,329.48290952863914,339.67310260684445,13800
2020-07-09,325.2369689941406,331.18124780082206,324.38778630747186,328.63369974081576,6700
2020-07-10,316.7451477050781,326.93534012454444,314.19759960021156,326.93534012454444,12600
2020-07-13,310.80084228515625,317.5943033187116,306.5549291391842,314.1975728019339,14100
2020-07-14,314.19757080078125,319.29266654349664,309.95165768185177,318.44348391971073,8000
2020-07-15,322.6894836425781,323.53866649426914,315.89602082905014,315.89602082905014,7300
2020-07-16,329.48291015625,332.030458430654,323.5386308493073,325.23699636557666,10700
2020-07-17,333.7288513183594,333.7288513183594,328.6337543516668,333.7288513183594,4500
2020-07-20,327.7845458984375,337.97473903517647,327.7845458984375,337.97473903517647,12500
2020-07-21,323.5386657714844,332.8796771192175,323.5386657714844,332.8796771192175,6200
2020-07-22,323.5386657714844,326.93539717066005,322.68948292169046,326.93539717066005,4100
2020-07-27,319.292724609375,326.0861868351064,319.292724609375,326.0861868351064,6900
2020-07-28,320.1418762207031,323.53860700288567,319.2926935251575,322.68942430734,4000
2020-07-29,313.34844970703125,322.68946040290484,313.34844970703125,320.9910948218369,9100
2020-07-30,309.1025085449219,312.49923940805286,304.8565949660081,309.95169126070465,10200
2020-07-31,289.5712890625,308.2533077116936,287.0237410648827,305.7057597140763,29000
2020-08-03,265.7942199707031,275.1352308961911,257.30239185662316,275.1352308961911,37300
2020-08-04,290.42047119140625,291.2696538557086,270.88926991245205,272.5876352410567,17000
2020-08-05,287.8729553222656,292.968051876642,282.77785876788926,290.4205035994538,6600
2020-08-06,285.325439453125,290.42053658621654,283.62707374209447,290.42053658621654,3500
2020-08-07,285.325439453125,287.87298801967074,280.23034232003346,285.325439453125,5100
2020-08-11,287.8729553222656,291.26968635851654,282.77785876788926,291.26968635851654,15700
2020-08-12,291.2696838378906,297.2139630998884,291.2696838378906,293.81723209303254,8400
2020-08-13,294.6664123535156,294.6664123535156,286.1745849081694,291.2696813753771,8400
2020-08-14,298.9123229980469,303.1582366769964,294.66640931909734,295.51559205488724,14700
2020-08-17,299.761474609375,304.0073878474681,298.91229196175635,298.91229196175635,5900
2020-08-18,298.9123229980469,299.76150573383677,296.36477479067713,299.76150573383677,4900
2020-08-19,304.8565368652344,307.40408452706083,298.9122589876393,300.6106240955236,8100
2020-08-20,309.1025085449219,314.1976048396184,306.5549603975736,314.1976048396184,10800
2020-08-21,310.80084228515625,312.4992075435451,308.25329439757303,311.6500249143507,5300
2020-08-24,315.04681396484375,315.04681396484375,309.1025344560731,312.49926560394204,11700
2020-08-25,320.9910888671875,320.9910888671875,315.895992218502,315.895992218502,6900
2020-08-26,320.1418762207031,321.8402416117944,320.1418762207031,320.99105891624873,7900
2020-08-27,308.2533264160156,322.689432611807,306.5549609812166,321.84024989440746,19000
2020-08-28,298.9123229980469,315.895977713845,296.36477479067713,315.895977713845,13100
2020-08-31,301.45989990234375,308.25336243535435,301.45989990234375,302.3090827189701,8500
2020-09-01,302.30908203125,313.3484586222788,300.61071640186094,313.3484586222788,7400
2020-09-02,305.705810546875,310.8009073893229,302.3090793185764,302.3090793185764,3800
2020-09-03,303.1582336425781,309.9516954608992,300.6106854607077,309.9516954608992,6000
2020-09-04,309.95172119140625,311.6500867869756,298.9123448202055,301.4598932135595,12100
2020-09-07,305.705810546875,311.65009019639757,305.705810546875,311.65009019639757,7100
2020-09-08,310.80084228515625,310.80084228515625,306.5549291391842,310.80084228515625,6700
2020-09-09,320.1418762207031,321.8402416117944,306.554953091973,306.554953091973,16800
2020-09-10,317.5943298339844,320.99106063434783,317.5943298339844,320.14187793425697,5500
2020-09-11,319.292724609375,320.99109016580786,316.74517627472574,316.74517627472574,6300
2020-09-14,330.33209228515625,332.8796405547076,323.5386302330194,332.8796405547076,12200
2020-09-15,327.7845458984375,331.18127694401716,323.5386320914629,331.18127694401716,6200
2020-09-16,321.8402404785156,328.63370201895924,321.8402404785156,323.5386058636265,9200
2020-09-17,320.9910888671875,323.53863719153026,318.44354054284474,320.1419060924066,10800
2020-09-18,322.6894836425781,323.53866649426914,319.29275223581413,320.99111793919616,6400
2020-09-23,317.5943298339844,324.3877914347113,317.5943298339844,320.99106063434783,14300
2020-09-24,314.19757080078125,319.29266654349664,314.19757080078125,314.19757080078125,5900
2020-09-25,312.4992370605469,315.0467851887579,310.80087164173955,315.0467851887579,6700
2020-09-28,315.04681396484375,319.2927278996799,311.6500828169748,319.2927278996799,6900
2020-09-29,322.7937927246094,323.65457617187496,315.9075251464844,315.9075251464844,3700
2020-09-30,317.629150390625,323.65463562838755,313.32523236365176,323.65463562838755,8700
2020-10-02,316.76837158203125,324.51542414789617,316.76837158203125,318.4899388188901,6900
2020-10-05,320.2115173339844,322.7938682802262,319.3507336852371,319.3507336852371,2200
2020-10-06,323.6545715332031,324.5153549681318,322.7937880982744,324.5153549681318,4900
2020-10-07,327.0977783203125,327.0977783203125,321.9330765573602,321.9330765573602,2900
2020-10-08,325.3761901855469,328.81932447322464,324.5154066136275,327.9585409013052,5600
2020-10-09,327.0977783203125,327.0977783203125,322.7938601845189,325.3762110659951,3400
2020-10-12,330.5408935546875,330.5408935546875,324.5154085159302,327.0977592468262,3100
2020-10-13,328.8193054199219,331.40165598604693,327.9585218978802,330.54087246400525,2800
2020-10-14,327.0977783203125,329.68012920178865,326.2369946931538,327.0977783203125,3800
2020-10-15,319.35076904296875,327.0978227394289,319.35076904296875,327.0978227394289,8900
2020-10-16,317.629150390625,321.93306841759824,317.629150390625,321.93306841759824,7100
2020-10-19,323.6545715332031,323.6545715332031,315.9075206188445,317.629087488702,4500
2020-10-20,322.7937927246094,326.23692651367185,320.2114423828125,323.65457617187496,6400
2020-10-21,327.9585876464844,327.9585876464844,321.0723180896028,323.6546691734334,5900
2020-10-22,321.0722961425781,327.097781592975,321.0722961425781,326.23699795720404,3700
2020-10-23,321.9330749511719,325.37620944262824,318.4899404597155,325.37620944262824,2100
2020-10-26,323.6545715332031,325.37613840306057,321.9330046633456,324.5153549681318,4000
2020-10-27,324.5154113769531,325.3761949615074,321.9330606232904,325.3761949615074,1600
2020-10-28,321.0722961425781,324.51543068566207,320.21151250680714,324.51543068566207,2600
2020-10-29,323.6545715332031,323.6545715332031,318.4898709236307,318.4898709236307,2400
2020-10-30,321.9330749511719,325.37620944262824,318.4899404597155,325.37620944262824,5600
2020-11-02,316.76837158203125,322.79385691103727,314.1860207267429,315.0468043451724,3900
2020-11-04,325.3761901855469,327.0977573293858,320.21148875403026,322.79383946978857,4800
2020-11-05,323.6545715332031,325.37613840306057,322.7937880982744,325.37613840306057,1700
2020-11-06,323.6545715332031,325.37613840306057,321.9330046633456,323.6545715332031,1500
2020-11-09,320.2115173339844,325.37621922646804,320.2115173339844,325.37621922646804,6700
2020-11-10,324.5154113769531,343.45265023714666,324.5154113769531,328.81932929972436,35600
2020-11-11,332.262451171875,333.9840182763925,325.37618275380504,325.37618275380504,8100
2020-11-12,327.0977783203125,332.2624800832648,327.0977783203125,332.2624800832648,4200
2020-11-13,315.0467834472656,327.9585368672355,306.43894783395234,327.0977533059042,18700
2020-11-16,321.9330749511719,326.23699306549236,318.4899404597155,321.9330749511719,17200
2020-11-17,327.0977783203125,328.81934557462995,323.65464381167766,328.81934557462995,3700
2020-11-18,329.6801452636719,331.4017126018634,327.09779425638465,328.8193615945761,4500
2020-11-19,328.8193054199219,329.68008894196356,323.6546042876718,329.68008894196356,6700
2020-11-20,323.6545715332031,329.68005557770425,323.6545715332031,329.68005557770425,4800
2020-11-24,321.0722961425781,324.51543068566207,319.35072887103615,323.6546470498911,6100
2020-11-25,309.88214111328125,321.07232954237196,308.1605736626519,321.07232954237196,21500
2020-11-26,306.43896484375,312.4644501075316,306.43896484375,312.4644501075316,15200
2020-11-27,309.02130126953125,310.7428684075231,305.5781669935476,305.5781669935476,6400
2020-11-30,311.6036376953125,311.6036376953125,309.8820706362224,311.6036376953125,9800
2020-12-01,311.6036376953125,311.6036376953125,305.5781529884971,311.6036376953125,11000
2020-12-02,308.1605224609375,312.4644403724031,306.43895529635125,311.60365679011,4900
2020-12-03,308.1605224609375,308.1605224609375,305.5781717140581,307.29973887864435,6100
2020-12-04,307.29974365234375,309.88209443933823,305.5781764610141,308.1605272480086,7700
2020-12-07,307.29974365234375,309.0213108436734,305.5781764610141,308.1605272480086,4500
2020-12-08,305.5781555175781,308.1605061275858,305.5781555175781,307.2997225909166,5900
2020-12-09,306.43896484375,308.1605320619733,306.43896484375,307.29974845286165,4500
2020-12-10,309.02130126953125,309.8820848385272,308.16051770053537,308.16051770053537,4000
2020-12-11,317.629150390625,317.629150390625,309.8820979420732,309.8820979420732,11700
2020-12-14,319.35076904296875,320.21155278701985,317.6292015548665,317.6292015548665,8900
2020-12-15,321.9330749511719,322.793858574036,318.4899404597155,320.2115077054437,14500
2020-12-16,390.7957763671875,390.7957763671875,314.18603166084455,327.95857003501857,294800
2020-12-17,357.22515869140625,394.2388498329255,347.7565400272967,360.66829275108245,302100
2020-12-18,333.98406982421875,346.8958251009282,324.5154492879651,345.17425773070033,102200
2020-12-21,323.6545715332031,338.28788992699157,319.35065435855944,335.7055396222053,35500
2020-12-22,317.629150390625,324.5154192337822,314.1860159690464,316.76836678523034,18000
2020-12-23,313.3252868652344,322.79390817160134,311.60371935498586,316.76842188573147,11400
2020-12-24,321.0722961425781,321.0722961425781,313.32524342063925,313.32524342063925,6300
2020-12-25,315.0467834472656,321.07226837658493,314.1859998859343,321.07226837658493,10300
2020-12-28,311.6036376953125,319.35068946121805,311.6036376953125,318.48990593167304,8900
2020-12-29,319.35076904296875,320.21155278701985,314.18606657866195,314.18606657866195,6100
2020-12-30,339.148681640625,358.0859176713198,319.35066215398956,322.7937959777522,49700
2021-01-04,323.6545715332031,338.28788992699157,320.2114377934882,338.28788992699157,17200
2021-01-05,325.3761901855469,325.3761901855469,313.3252201786748,322.79383946978857,14800
2021-01-06,326.2369689941406,326.2369689941406,321.93305119738415,324.51540187543804,8100
2021-01-07,328.8193054199219,331.40165598604693,324.51538780971345,331.40165598604693,5400
2021-01-08,327.9585876464844,331.40172242492514,325.3762365626538,331.40172242492514,6000
2021-01-12,338.2879638671875,338.2879638671875,328.81934401339856,329.6801276364703,12600
2021-01-13,337.4272155761719,338.2879992893764,334.8448644365583,338.2879992893764,4800
2021-01-14,331.4017028808594,339.1487556754769,331.4017028808594,338.2879720316305,8700
2021-01-15,325.3761901855469,333.98402590474126,325.3761901855469,332.2624587609024,5800
2021-01-18,331.4017028808594,332.26248652470576,327.09778466162743,327.09778466162743,6500
2021-01-19,335.7055969238281,337.42716408754006,330.5408954326923,337.42716408754006,5600
2021-01-20,339.148681640625,340.0094650965657,331.40163053715895,335.70554781686235,10100
2021-01-21,336.56634521484375,342.5918296560302,336.56634521484375,341.73104616443214,5700
2021-01-22,340.009521484375,340.87030508306964,337.42717068829114,337.42717068829114,2900
2021-01-25,341.7311096191406,343.4526769220078,337.42719136197263,343.4526769220078,9100
2021-01-26,340.009521484375,343.4526558791535,338.2879542869858,343.4526558791535,6600
2021-01-27,343.45269775390625,344.31348145755015,338.287995532043,342.5919140502624,10400
2021-01-28,342.5918273925781,343.4526108784891,340.0094769348451,343.4526108784891,3400
2021-01-29,345.17425537109375,345.17425537109375,341.73112065417513,344.3134716918641,7100
2021-02-01,344.3134765625,352.06052978515623,343.45269287109375,346.89582763671876,7200
2021-02-02,346.0350341796875,347.7566015139148,343.45268317834655,346.89581784680115,4500
2021-02-03,347.7565612792969,348.6173448468199,343.45264344168186,347.7565612792969,5800
2021-02-04,351.19964599609375,353.78199633430035,349.478079103956,350.3388625500249,7400
2021-02-05,353.7820739746094,356.36442487953354,349.47815579973576,354.6428576095841,11100
2021-02-08,358.94677734375,360.66834462117805,356.3644264276079,357.22521006632195,5500
2021-02-09,360.6683654785156,362.38993285550134,358.086014413037,361.5291491670085,9000
2021-02-10,368.4153747558594,368.4153747558594,360.66832248295583,360.66832248295583,10600
2021-02-12,377.0232238769531,378.744791109268,370.1369549476937,370.1369549476937,12100
2021-02-15,358.08599853515625,413.1761521559495,355.5036475841815,370.1369696397048,116100
2021-02-16,355.503662109375,372.7193358192721,355.503662109375,364.9722826498184,32600
2021-02-17,372.71929931640625,372.71929931640625,357.225194494939,358.0859780961316,15800
2021-02-18,361.5292053222656,387.35271998814176,361.5292053222656,379.60566558837894,18000
2021-02-19,362.389892578125,374.4408628776351,358.0859746140143,359.80754179965857,8900
2021-02-22,366.69378662109375,374.44083845111686,364.111436011086,374.44083845111686,6800
2021-02-24,372.71929931640625,382.1879189295251,371.8585157152136,373.5800829175989,13700
2021-02-25,382.18792724609375,383.0487108660174,370.9977401870865,383.0487108660174,11300
2021-02-26,389.07421875,389.07421875,375.30168003318585,381.327165721792,13500
2021-03-01,391.65655517578125,393.3781224512792,384.7702860737895,393.3781224512792,10700
2021-03-02,380.4663391113281,392.517309128429,380.4663391113281,392.517309128429,13000
2021-03-03,383.90948486328125,383.90948486328125,373.5800816831033,383.90948486328125,6400
2021-03-04,378.7447814941406,383.048699465665,376.162430711226,383.048699465665,5500
2021-03-05,375.3016052246094,382.18787321038207,371.85847123172306,382.18787321038207,5900
2021-03-08,379.6055603027344,385.63104538690476,377.02320955237565,385.63104538690476,4900
2021-03-09,383.90948486328125,383.90948486328125,379.6055668715404,383.0487012649331,5500
2021-03-10,387.3525390625,389.0741059027778,383.04862196180557,385.6309722222222,10900
2021-03-11,386.4918518066406,389.93498634389357,383.9095009037009,389.93498634389357,5900
2021-03-12,406.2899169921875,428.67029377565547,385.6311076536017,386.4918913760428,73100
2021-03-15,419.20166015625,420.92322754908884,411.4546068884754,420.06244385266945,26900
2021-03-16,424.3663635253906,424.3663635253906,420.0624450312183,421.7840124288872,17200
2021-03-17,441.58203125,441.58203125,426.0879248903509,426.0879248903509,35400
2021-03-18,450.1898193359375,451.05060292931404,441.58198340217194,441.58198340217194,21100
2021-03-19,454.49365234375,454.49365234375,431.252499667081,450.1897351814039,16300
2021-03-22,461.3800048828125,469.98784079480527,454.49373615321826,458.79765410921465,30700
2021-03-23,459.65850830078125,472.5702641519268,459.6585083007812,464.8232106412394,22100
2021-03-24,463.1015625,468.26626394052045,459.65842820631974,460.5192117797398,12400
2021-03-25,466.54473876953125,466.54473876953125,458.7976859117346,463.10160416606607,4100
2021-03-26,463.9623718261719,469.1270735533649,457.93688647778004,466.5447226897684,6600
2021-03-29,451.9114074707031,468.26629650297616,439.86043660481766,466.5447292364211,24200
2021-03-30,433.5196228027344,444.9049866339173,424.76165062490134,429.14063671381786,19400
2021-03-31,432.643798828125,434.39539315536433,425.6374215191675,430.0164073372659,9300
2021-04-01,437.8986511230469,444.9050295410156,426.51328619384765,432.64386730957034,14300
2021-04-02,425.63751220703125,443.1534592114358,425.63751220703125,437.8986751101144,19500
2021-04-05,434.3954162597656,434.3954162597656,429.1406329985588,429.1406329985588,5800
2021-04-06,434.3954162597656,436.14701068016785,434.3954162597656,434.3954162597656,2200
2021-04-07,437.8986511230469,437.8986511230469,434.3954619140625,434.3954619140625,4100
2021-04-08,439.65020751953125,442.2775991979348,438.7744102933967,438.7744102933967,2600
2021-04-09,448.408203125,449.2840003967285,441.4018249511719,441.4018249511719,7200
2021-04-12,459.7935791015625,460.6693763950893,448.4082142857143,448.4082142857143,10100
2021-04-13,473.8063049316406,474.68210216811315,460.6693463845526,461.54514362102515,11600
2021-04-14,468.5514221191406,470.3030162205206,468.5514221191406,469.4272191698306,10700
2021-04-15,470.3031311035156,477.30950922051403,468.55153657426604,468.55153657426604,8700
2021-04-16,438.7743835449219,471.17887893646304,437.89858637217753,470.3030817637187,8600
2021-04-19,423.8858642578125,442.2776063020564,405.4941222135686,434.3954311402376,26000
2021-04-20,406.3699035644531,418.63106444786337,403.7425119465795,404.6183091525374,8800
2021-04-21,407.2457580566406,416.00373134818125,394.1087981193296,406.36996072748656,7500
2021-04-22,401.9909362792969,409.8731115004596,399.3635445389093,407.245719760072,1400
2021-04-23,399.3635559082031,402.8667449951172,398.4877586364746,398.4877586364746,4500
2021-04-26,399.3635559082031,401.9909477233887,396.7361640930176,401.9909477233887,1700
2021-04-27,408.12152099609375,409.8731155068066,401.9909402085988,409.8731155068066,3200
2021-04-28,402.8667297363281,406.36991869055703,402.8667297363281,403.7425269748853,1900
2021-04-30,411.62469482421875,411.62469482421875,401.990925370886,402.8667225939162,5800
2021-05-06,408.9973449707031,411.6247369084164,406.3699530329898,411.6247369084164,2400
2021-05-07,415.1278991699219,419.5068854480856,410.74891289175815,411.6247101473909,2900
2021-05-10,423.010009765625,423.010009765625,416.0036327922813,416.0036327922813,3800
2021-05-11,423.010009765625,429.1405896173007,421.25841552228906,429.1405896173007,3500
2021-05-12,420.3826599121094,425.63744316101076,420.3826599121094,421.2584571202596,1800
2021-05-13,410.7489013671875,420.38267090884864,410.7489013671875,418.63107644672846,3500
2021-05-14,401.9909362792969,416.00369222803056,401.9909362792969,409.8731115004596,7600
2021-05-17,394.10870361328125,402.8666748046875,394.10870361328125,402.8666748046875,6000
2021-05-18,397.6119689941406,400.23936085974066,394.10877984000723,394.10877984000723,2400
2021-05-19,414.2521057128906,414.2521057128906,397.6119577032819,397.6119577032819,2400
2021-05-20,425.63751220703125,428.2649042576919,411.62475460350754,428.2649042576919,6300
2021-05-21,426.5132751464844,428.26486970560757,411.6247213939377,428.26486970560757,1600
2021-05-24,418.63104248046875,428.2648112404795,411.62466520046087,426.5132169204776,1800
2021-05-25,412.5005187988281,428.264869835726,408.99732967951746,428.264869835726,8100
2021-05-26,405.494140625,412.5005188647408,405.494140625,412.5005188647408,2600
2021-05-27,418.63104248046875,419.5068396404697,406.369882240455,419.5068396404697,3300
2021-05-28,417.75531005859375,418.63110735431405,408.9973371013905,418.63110735431405,3100
2021-05-31,409.8731384277344,417.7553141667293,409.8731384277344,417.7553141667293,1800
2021-06-01,410.7489013671875,417.75527921566834,410.7489013671875,416.8794819846082,1400
2021-06-02,419.5068664550781,419.5068664550781,411.62469151124577,418.63106923909675,1900
2021-06-03,430.0164794921875,433.5196687344864,416.003722522992,419.50691176529085,9400
2021-06-04,446.6566162109375,446.6566162109375,428.26487319048715,433.5196569106158,12700
2021-06-07,441.40185546875,449.2840314592634,438.7744634719122,446.65663946242563,8400
2021-06-08,433.5196228027344,444.9049866339173,420.3826645359849,444.9049866339173,9900
2021-06-09,429.140625,434.3954081632653,425.6374362244898,429.140625,7400
2021-06-10,434.3954162597656,435.2712134699667,427.3890385781565,429.1406329985588,2900
2021-06-11,434.3954162597656,442.27759115157585,430.89222741896106,437.89860510057014,6200
2021-06-14,437.0228271484375,441.40181339240985,429.1406519092873,441.40181339240985,3500
2021-06-15,430.8922424316406,437.89862035735837,430.8922424316406,433.5196341537848,4300
2021-06-16,433.5196228027344,435.271217238301,430.01643393160117,430.01643393160117,2400
2021-06-17,430.0164794921875,432.64387142391166,424.7616956287392,430.89227680276224,3900
2021-06-18,432.643798828125,433.51959599174467,426.51321868278717,427.38901584640683,2300
2021-06-21,432.643798828125,432.643798828125,422.1342328646887,431.7680016645053,4400
2021-06-22,434.3954162597656,437.022807890369,430.89222741896106,430.89222741896106,800
2021-06-23,432.643798828125,433.51959599174467,428.26481301002656,433.51959599174467,1100
2021-06-24,427.3890075683594,433.5195875949547,424.76161612838996,430.89219615498524,5100
2021-06-25,428.2648620605469,430.01645658840187,425.63747026876433,427.3890647966194,2200
2021-06-28,425.63751220703125,428.2649042576919,424.761714856811,424.761714856811,2500
2021-06-29,422.1342468261719,425.63743559651357,422.1342468261719,425.63743559651357,4800
2021-06-30,423.010009765625,432.6437781039726,421.25841552228906,432.6437781039726,3100
2021-07-01,427.3890075683594,431.76799330164175,424.76161612838996,424.76161612838996,1100
2021-07-02,431.7680969238281,434.3954889943585,427.3891101396108,427.3891101396108,1700
2021-07-05,430.8922424316406,435.27122863521424,430.8922424316406,431.76803967235537,1500
2021-07-06,430.8922424316406,433.5196341537848,430.8922424316406,432.64383691307006,1600
2021-07-07,433.5196228027344,433.5196228027344,429.14063671381786,432.64382558495106,1200
2021-07-08,433.5196228027344,436.14701445608426,431.7680283671678,433.5196228027344,2300
2021-07-09,427.3890075683594,433.5195875949547,426.5132104217029,432.6437904482982,4600
2021-07-12,429.140625,430.0164221938776,421.25845025510205,429.140625,3700
2021-07-13,430.0164794921875,436.14706066621056,429.1406821816128,430.0164794921875,2000
2021-07-14,433.5196228027344,433.5196228027344,426.51324506046797,430.01643393160117,2300
2021-07-15,427.3890075683594,433.5195875949547,426.5132104217029,433.5195875949547,1600
2021-07-16,422.1342468261719,430.0164215594407,420.3826524410011,430.0164215594407,4300
2021-07-19,423.8858642578125,424.7616614980146,413.37629737538737,424.7616614980146,5500
2021-07-20,424.76165771484375,426.5132521796472,423.0100632500403,424.76165771484375,8000
2021-07-21,423.8858642578125,430.8922421794292,423.8858642578125,428.26485045882293,3500
2021-07-26,430.8922424316406,434.3954313944995,427.38905346878175,428.2648507094965,6600
2021-07-27,430.8922424316406,434.3954313944995,430.8922424316406,430.8922424316406,1000
2021-07-28,429.140625,430.8922193877551,423.01004464285717,430.8922193877551,3200
2021-07-29,429.140625,432.64381377551024,427.38903061224494,427.38903061224494,1200
2021-07-30,430.8922424316406,431.76803967235537,427.38905346878175,431.76803967235537,1300
2021-08-02,423.8858642578125,430.8922421794292,423.8858642578125,430.8922421794292,2500
2021-08-03,426.5132751464844,430.0164642647307,422.13428874867657,423.8858833077997,2200
2021-08-04,428.2648620605469,431.76805111625686,423.88587574090934,429.14065932447437,1300
2021-08-05,427.3890075683594,429.14060186167234,423.010021835077,425.6374132750464,1600
2021-08-06,424.76165771484375,427.38904941204896,414.25209092602284,427.38904941204896,4200
2021-08-10,424.76165771484375,426.5132521796472,423.885860482442,425.6374549472455,1500
2021-08-11,424.76165771484375,428.2648466444507,423.0100632500403,425.6374549472455,2300
2021-08-12,441.40185546875,441.40185546875,426.5133008200025,428.26489548456107,10300
2021-08-13,422.1342468261719,432.6438131371969,421.2584496335865,432.6438131371969,10100
2021-08-16,421.2584228515625,429.1405970837123,421.2584228515625,429.1405970837123,3200
2021-08-17,422.1342468261719,428.26482717426984,422.1342468261719,428.26482717426984,1700
2021-08-18,426.5132751464844,426.5132751464844,417.7553023508687,425.63747786692284,4300
2021-08-19,425.63751220703125,425.63751220703125,422.1343228061503,424.761714856811,2000
2021-08-20,420.3826599121094,432.64382082621256,420.3826599121094,432.64382082621256,9100
2021-08-23,422.1342468261719,429.14062436685526,415.12786928548854,415.12786928548854,3600
2021-08-24,423.010009765625,426.51319825229683,418.6310241572852,426.51319825229683,1800
2021-08-25,422.1342468261719,423.8858412113427,416.8794636706594,423.0100440187573,1800
2021-08-26,420.3826599121094,424.76164595286053,416.87947107950845,422.13425432840984,3800
2021-08-27,431.7680969238281,442.2776652059497,400.2393920774634,416.8795418574892,22400
2021-08-30,432.643798828125,437.0227846462234,419.5068413738297,431.7680016645053,5200
2021-08-31,432.643798828125,435.27119031898405,425.6374215191675,435.27119031898405,1300
2021-09-01,428.2648620605469,432.64384838018435,421.25848394912686,432.64384838018435,3800
2021-09-02,423.010009765625,430.89218386063664,423.010009765625,428.2647924956328,1600
2021-09-03,426.5132751464844,429.1406669851691,422.13428874867657,426.5132751464844,1500
2021-09-06,428.2648620605469,430.89225385232936,423.01007847698185,423.88587574090934,2300
2021-09-07,425.63751220703125,431.7680936585728,425.63751220703125,431.7680936585728,2000
2021-09-08,430.8922424316406,432.64383691307006,425.6374589873524,425.6374589873524,1300
2021-09-09,430.8922424316406,430.8922424316406,426.51325622806706,430.8922424316406,1600
2021-09-10,426.5132751464844,433.51965338297697,426.5132751464844,430.89226154429224,7700
2021-09-13,430.0164794921875,435.2712633556358,426.51329024988866,435.2712633556358,4500
2021-09-14,430.0164794921875,433.5196687344864,428.2648848710381,433.5196687344864,2000
2021-09-15,430.0164794921875,431.768074113337,426.51329024988866,427.38908756046334,2800
2021-09-16,424.76165771484375,432.6438328064594,424.76165771484375,430.0164411092542,4000
2021-09-17,432.643798828125,432.643798828125,424.7616243555478,425.6374215191675,2800
2021-09-21,426.5132751464844,432.6438561034154,423.8858833077997,432.6438561034154,4700
2021-09-22,423.8858642578125,430.01644493922714,416.00368909599365,429.14064769902507,6100
2021-09-24,436.14697265625,445.78074112857684,421.25842138083584,423.88581278237956,11100
2021-09-27,433.5196228027344,439.65020332721747,427.3890422782513,435.271217238301,4700
2021-09-28,432.643798828125,433.51959599174467,429.1406101736462,430.8922045008856,3700
2021-09-29,431.3071594238281,434.87168140253743,427.7426374451188,427.7426374451188,3500
2021-09-30,437.5450744628906,438.4362049607784,432.1982914755641,436.6539439650029,2700
2021-10-01,429.5248718261719,437.54504578143235,427.7426109472251,437.54504578143235,2700
2021-10-04,432.1982727050781,435.76279454182105,429.5248813275209,435.76279454182105,1700
2021-10-05,429.5248718261719,431.30713270511865,429.5248718261719,430.41600226564526,1700
2021-10-06,433.0894470214844,433.0894470214844,428.6337942743498,429.5249248237767,2200
2021-10-07,430.4160461425781,432.19830720320994,425.06926296068275,432.19830720320994,4200
2021-10-08,429.5248718261719,430.41600226564526,425.06921962880494,430.41600226564526,2200
2021-10-11,431.3071594238281,434.87168140253743,430.4160289291508,432.19828991850545,1300
2021-10-12,433.0894470214844,436.65396921919205,432.19831647205746,433.9805775709113,1500
2021-10-13,433.98052978515625,436.6539211390689,433.08939933385204,436.6539211390689,600
2021-10-14,431.3071594238281,433.9805509078601,431.3071594238281,433.9805509078601,1500
2021-10-15,433.98052978515625,433.98052978515625,430.41600797993937,430.41600797993937,600
2021-10-18,432.1982727050781,434.87166408263533,431.3071422458924,433.98053362344956,2000
2021-10-19,436.6539306640625,436.6539306640625,432.1982783103476,433.0894087810906,2300
2021-10-20,434.87164306640625,439.32729514700463,433.08938223416686,439.32729514700463,5300
2021-10-21,436.6539306640625,441.1095830177774,433.98053925183353,440.2184525470344,3600
2021-10-22,435.7627868652344,439.3273086391831,433.98052597826,437.54504775220875,1000
2021-10-25,437.5450744628906,437.5450744628906,433.08942197345186,433.9805524713396,1700
2021-10-26,437.5450744628906,439.3273354586662,432.1982914755641,437.5450744628906,1300
2021-10-27,437.5450744628906,438.4362049607784,432.1982914755641,437.5450744628906,2000
2021-10-28,437.5450744628906,438.4362049607784,432.1982914755641,433.9805524713396,1700
2021-10-29,434.87164306640625,437.5450343147653,431.3071214019275,437.5450343147653,700
2021-11-01,433.0894470214844,438.43623031804594,433.0894470214844,437.545099768619,500
2021-11-02,434.87164306640625,434.87164306640625,432.1982518180472,433.9805126502865,1200
2021-11-04,436.6539306640625,438.43619160554846,431.30714783960457,437.54506113480545,1200
2021-11-05,434.87164306640625,437.5450343147653,434.87164306640625,437.5450343147653,800
2021-11-08,433.98052978515625,437.54505159037313,433.08939933385204,437.54505159037313,1700
2021-11-09,436.6539306640625,436.6539306640625,432.1982783103476,435.7628001933195,1300
2021-11-10,438.4361877441406,438.4361877441406,434.87166589256225,434.87166589256225,700
2021-11-11,432.1982727050781,436.65392500100677,430.4160117867067,436.65392500100677,1700
2021-11-12,426.85150146484375,458.0410683777238,419.7224575990426,432.1982843641946,28500
2021-11-15,422.39581298828125,433.0893778740605,419.7224217668364,426.8514650240226,7200
2021-11-16,425.0692138671875,425.0692138671875,422.39582258500394,422.39582258500394,2100
2021-11-17,431.3071594238281,431.3071594238281,425.96037645576416,425.96037645576416,1300
2021-11-18,428.63372802734375,431.3071192624415,425.960336792246,431.3071192624415,700
2021-11-19,427.74267578125,429.5249369303385,419.7225006103516,427.74267578125,5500
2021-11-22,422.39581298828125,427.74259543117086,419.7224217668364,427.74259543117086,6600
2021-11-24,417.049072265625,425.0692467322716,410.81115879156647,423.2869857396835,4900
2021-11-25,432.1982727050781,435.76279454182105,417.9401853581065,435.76279454182105,10000
2021-11-26,424.1781311035156,434.87169743385635,418.83134793834523,426.8515226861008,11800
2021-11-29,415.26678466796875,424.17808905998527,410.8111324719605,424.17808905998527,4300
2021-11-30,413.48455810546875,417.0490801581021,411.70229707915206,413.48455810546875,2600
2021-12-01,408.13775634765625,410.8111477647806,408.13775634765625,409.9200172924058,2800
2021-12-02,406.3554992675781,406.3554992675781,405.4643687867282,406.3554992675781,3300
2021-12-03,416.1579284667969,416.1579284667969,407.246623788707,409.028884724325,3700
2021-12-06,409.9200134277344,415.2667962115744,403.682100179921,415.2667962115744,12600
2021-12-07,416.1579284667969,416.1579284667969,410.81114565994295,414.37566753117886,3200
2021-12-08,417.940185546875,424.1780987639925,415.2667941681103,416.15792462769855,2800
2021-12-09,421.5046691894531,421.5046691894531,412.5933654010926,421.5046691894531,5200
2021-12-10,433.0894470214844,433.0894470214844,417.9402276812267,433.0894470214844,7400
2021-12-13,433.0894470214844,433.9805775709113,429.5249248237767,433.0894470214844,2200
2021-12-14,422.39581298828125,433.0893778740605,422.39581298828125,433.0893778740605,1800
2021-12-15,423.2870178222656,425.96040951377466,422.3958872584293,424.17814838610195,3100
2021-12-16,416.1579284667969,425.0692331448867,412.5934065955609,423.28697220926875,5700
2021-12-17,429.5248718261719,429.5248718261719,415.2667847945977,418.83130655249124,6000
2021-12-20,421.5046691894531,435.76275525083,414.3756261587647,435.76275525083,15200
2021-12-21,413.48455810546875,427.74264631600215,413.48455810546875,427.74264631600215,5600
2021-12-22,415.26678466796875,418.83130642477533,414.37565422876713,414.37565422876713,1300
2021-12-23,409.9200134277344,414.3756657476011,409.9200134277344,414.3756657476011,6400
2021-12-24,414.3756408691406,415.2667712796119,408.1377279958417,409.91998881678427,4900
2021-12-27,409.0289001464844,416.15794415775207,408.13776964507593,416.15794415775207,3200
2021-12-28,407.2466125488281,413.4845256513266,407.2466125488281,407.2466125488281,3900
2021-12-29,419.72247314453125,420.61360366076167,410.81116798222695,410.81116798222695,2900
2021-12-30,415.26678466796875,423.2869586207836,409.9200020327589,416.1579151071704,4500
2022-01-04,424.1781311035156,424.1781311035156,418.83134793834523,422.39587004845885,2400
2022-01-05,430.4160461425781,431.307176672894,422.39587136973506,425.9603934909986,2700
2022-01-06,424.1781311035156,432.1983058512712,424.1781311035156,429.52491426868596,3200
2022-01-07,425.0692138671875,428.6337355767656,418.8313008754258,428.6337355767656,3200
2022-01-11,424.1781311035156,424.1781311035156,409.92004266306134,411.7023037181181,5800
2022-01-12,423.2870178222656,426.85154007761105,418.8313650030839,423.2870178222656,3300
2022-01-13,421.5046691894531,421.5046691894531,417.0490172952729,417.0490172952729,2300
2022-01-14,423.2870178222656,423.2870178222656,416.15797331157484,416.15797331157484,800
2022-01-17,425.0692138671875,428.6337355767656,425.0692138671875,428.6337355767656,2400
2022-01-18,424.1781311035156,430.4160447962144,424.1781311035156,427.7426532136292,2200
2022-01-19,425.96038818359375,425.96038818359375,416.15795247225583,424.1781271451687,3600
2022-01-20,429.5248718261719,430.41600226564526,424.17808918933156,430.41600226564526,3700
2022-01-21,425.96038818359375,428.63377974123136,417.9402135106809,424.1781271451687,1900
2022-01-24,428.63372802734375,429.524858439043,425.960336792246,425.960336792246,900
2022-01-25,425.0692138671875,429.5248660041601,424.178083439793,429.5248660041601,1400
2022-01-26,425.96038818359375,428.63377974123136,418.83134402989344,418.83134402989344,1400
2022-01-27,424.1781311035156,431.3071753237428,422.39587004845885,425.9603921585724,2600
2022-01-28,425.96038818359375,425.96038818359375,422.3958661067436,422.3958661067436,1300
2022-01-31,428.63372802734375,428.63372802734375,424.17807596884745,425.960336792246,1200
2022-02-01,425.0692138671875,428.6337355767656,425.0692138671875,425.96034429458206,1600
2022-02-02,430.4160461425781,430.4160461425781,423.28700190005094,426.85152402131456,3600
2022-02-03,431.3071594238281,432.19828991850545,420.61359348770014,425.96037645576416,4500
2022-02-04,426.85150146484375,430.4160233977443,425.06924049839347,430.4160233977443,900
2022-02-07,432.1982727050781,432.1982727050781,428.6337508683352,428.6337508683352,1600
2022-02-08,432.1982727050781,434.87166408263533,430.4160117867067,434.87166408263533,900
2022-02-09,432.1982727050781,437.5450554601925,430.4160117867067,432.1982727050781,2000
2022-02-10,433.0894470214844,436.65396921919205,432.19831647205746,436.65396921919205,1800
2022-02-14,439.3273010253906,442.8918227375642,427.74260546082655,436.65390974126046,7600
2022-02-15,433.98052978515625,439.3273124929816,433.08939933385204,434.87166023646046,2800
2022-02-16,433.0894470214844,433.9805775709113,431.30718592263054,433.9805775709113,2100
2022-02-17,433.98052978515625,436.6539211390689,430.41600797993937,436.6539211390689,5400
2022-02-18,439.3273010253906,439.3273010253906,427.74260546082655,429.52486631691335,3800
2022-02-21,432.1982727050781,438.4361859193782,429.5248813275209,430.4160117867067,6800
2022-02-22,430.4160461425781,433.9805682638417,428.6337850819463,429.52491561226225,3100
2022-02-24,427.74267578125,429.5249369303385,427.74267578125,427.74267578125,2300
2022-02-25,427.74267578125,431.30719807942705,425.9604146321614,425.9604146321614,2100
2022-02-28,436.6539306640625,436.6539306640625,429.5248868981186,429.5248868981186,2400
2022-03-01,434.87164306640625,436.6539038986456,433.08938223416686,433.9805126502865,3200
2022-03-02,432.1982727050781,435.76279454182105,429.5248813275209,433.08940316426384,2100
2022-03-03,433.0894470214844,433.0894470214844,431.30718592263054,433.0894470214844,1400
2022-03-04,433.0894470214844,433.0894470214844,427.74266372492286,433.0894470214844,2900
2022-03-07,438.4361877441406,438.4361877441406,427.7426221894055,435.7627963554568,3200
2022-03-08,428.63372802734375,436.65390173263705,428.63372802734375,430.4159888507423,2800
2022-03-09,427.74267578125,430.4160675048828,424.1781534830729,428.63380635579426,2800
2022-03-10,428.63372802734375,432.19824967414075,426.8514672039452,430.4159888507423,3800
2022-03-11,429.5248718261719,431.30713270511865,423.2869587498582,428.6337413866985,3100
2022-03-14,428.63372802734375,435.7627713209378,428.63372802734375,428.63372802734375,2600
2022-03-15,433.0894470214844,433.0894470214844,429.5249248237767,429.5249248237767,1200
2022-03-16,431.3071594238281,432.19828991850545,430.4160289291508,432.19828991850545,1800
2022-03-17,433.98052978515625,436.6539211390689,432.19826888254784,434.87166023646046,2400
2022-03-18,440.2184753417969,440.2184753417969,431.30717017293455,434.8716922404795,3000
2022-03-22,442.0007019042969,446.45635414123535,442.0007019042969,445.56522369384766,8600
2022-03-23,439.3273010253906,442.8918227375642,436.65390974126046,436.65390974126046,7500
2022-03-24,442.891845703125,442.891845703125,438.4361933318662,439.327323806118,3000
2022-03-25,444.67413330078125,444.67413330078125,442.0007417178106,442.89187224546754,4200
2022-03-28,450.9119873046875,450.9119873046875,445.5652048465292,449.12972648530143,11800
2022-03-29,458.9322204589844,458.9322204589844,434.87169627958133,434.87169627958133,53600
2022-03-30,473.4438781738281,495.2114128025099,463.46709146901566,495.2114128025099,30200
2022-03-31,453.4903259277344,472.5369196166992,453.4903259277344,472.5369196166992,4300
2022-04-01,440.7926025390625,453.4903318303112,440.7926025390625,445.3275058573656,7900
2022-04-04,440.7926025390625,450.7693898393294,440.7926025390625,443.5135445300444,2100
2022-04-05,440.7926025390625,448.9554285120081,439.8856218754019,441.69958320272315,3400
2022-04-06,448.9554138183594,448.9554138183594,440.792588112571,448.0484331843829,2200
2022-04-07,448.9554138183594,448.9554138183594,446.2344719164299,447.14145255040637,800
2022-04-08,453.4903259277344,453.4903259277344,447.1414613647461,448.955422668457,2900
2022-04-11,449.86236572265625,453.49028802687127,448.9553851466025,449.86236572265625,1600
2022-04-12,453.4903259277344,453.4903259277344,448.04844201660154,449.86240332031247,1300
2022-04-13,450.7693786621094,453.4903205856231,450.7693786621094,453.4903205856231,500
2022-04-14,453.4903259277344,454.39730657958984,450.76938397216793,454.39730657958984,1500
2022-04-15,458.9321594238281,458.9321594238281,454.39725666272307,454.39725666272307,2200
2022-04-18,458.9321594238281,458.9321594238281,453.49027611050207,458.9321594238281,1600
2022-04-19,459.83917236328125,459.83917236328125,455.3042692827755,456.21124989887664,2100
2022-04-20,459.83917236328125,461.65313359548355,458.02521113107895,460.7461529793824,6300
2022-04-21,458.9321594238281,459.8391399760491,458.9321594238281,459.8391399760491,900
2022-04-22,463.46710205078125,463.46710205078125,460.7461601600722,460.7461601600722,2800
2022-04-25,464.3740539550781,464.3740539550781,461.6531122326851,463.4670733809471,1400
2022-04-26,464.3740539550781,464.3740539550781,461.6531122326851,464.3740539550781,1700
2022-04-27,460.7461853027344,462.560146662194,453.49033986489604,461.6531659824642,2800
2022-04-28,458.0252380371094,458.9322187064898,453.49033469020725,453.49033469020725,1400
2022-05-02,457.1182861328125,457.1182861328125,453.4903632269965,453.4903632269965,700
2022-05-06,458.9321594238281,461.6531010804911,455.30423721494407,456.21121776716507,4200
2022-05-09,457.1182861328125,457.1182861328125,457.1182861328125,457.1182861328125,200
2022-05-10,453.4903259277344,456.21126788330076,452.5833452758789,456.21126788330076,2500
2022-05-11,446.2344665527344,453.49031153733165,446.2344665527344,453.49031153733165,1800
2022-05-12,444.4205017089844,452.58332725057795,444.4205017089844,444.4205017089844,1300
2022-05-13,439.8855895996094,451.6763373620731,439.8855895996094,451.6763373620731,2200
2022-05-16,445.3274841308594,448.0484259890927,439.8856004143926,448.0484259890927,3500
2022-05-17,448.9554138183594,448.9554138183594,439.8856074785945,440.792588112571,3100
2022-05-18,446.2344665527344,453.49031153733165,446.2344665527344,452.583330914257,1500
2022-05-19,446.2344665527344,447.141447175809,442.6065440604357,445.3274859296597,2600
2022-05-20,445.3274841308594,446.2344647502705,439.8856004143926,446.2344647502705,4000
2022-05-23,442.60650634765625,448.9553701682169,439.8855647102731,448.9553701682169,2400
2022-05-24,440.7926025390625,445.3275058573656,439.8856218754019,445.3275058573656,700
2022-05-25,450.7693786621094,450.7693786621094,438.97863032688315,438.97863032688315,1100
2022-05-26,444.4205017089844,449.8623854033801,442.6065404775191,442.6065404775191,700
2022-05-27,449.86236572265625,449.86236572265625,439.8855793860651,444.4204822663338,1300
2022-05-30,449.86236572265625,449.86236572265625,449.86236572265625,449.86236572265625,1100
2022-05-31,444.4205017089844,448.95540478764747,438.071637398856,448.95540478764747,2600
2022-06-01,444.4205017089844,444.4205017089844,440.7925792460539,440.7925792460539,900
2022-06-02,449.86236572265625,449.86236572265625,446.2344434184413,449.86236572265625,1200
2022-06-03,447.14141845703125,450.7693407163175,445.3274573273881,448.04839902185284,1200
2022-06-06,448.0484313964844,449.8623926571989,447.14145076612715,447.14145076612715,500
2022-06-07,449.86236572265625,449.86236572265625,448.04840457054877,448.04840457054877,300
2022-06-08,452.5833435058594,452.5833435058594,448.95542091262604,449.8624015609344,1100
2022-06-09,453.4903259277344,453.4903259277344,448.04844201660154,451.67636462402345,800
2022-06-10,447.14141845703125,450.7693407163175,447.14141845703125,449.862360151496,500
2022-06-13,449.86236572265625,449.86236572265625,447.141423994495,447.141423994495,700
2022-06-14,448.0484313964844,449.8623926571989,448.0484313964844,449.8623926571989,500
2022-06-15,448.9554138183594,451.6763557202888,448.9554138183594,448.9554138183594,800
2022-06-16,445.3274841308594,449.86238722791495,445.3274841308594,448.95540660850384,900
2022-06-17,451.67633056640625,451.67633056640625,444.42048589867284,444.42048589867284,1100
2022-06-20,451.67633056640625,453.4902917333396,444.42048589867284,453.4902917333396,4300
2022-06-21,448.9554138183594,449.8623944523358,445.3274912824534,449.8623944523358,1000
2022-06-22,446.2344665527344,450.7693696681077,446.2344665527344,450.7693696681077,200
2022-06-23,447.14141845703125,447.14141845703125,447.14141845703125,447.14141845703125,100
2022-06-24,450.7693786621094,450.7693786621094,447.1414560974244,447.1414560974244,500
2022-06-27,448.0484313964844,451.6763539179134,448.0484313964844,448.95541202684166,1200
2022-06-28,448.0484313964844,448.0484313964844,448.0484313964844,448.0484313964844,500
2022-06-29,449.86236572265625,449.86236572265625,445.32746284238755,447.141423994495,2000
2022-06-30,449.86236572265625,449.86236572265625,449.86236572265625,449.86236572265625,0
2022-07-01,451.67633056640625,451.67633056640625,448.04840823253954,448.9553888160062,900
2022-07-04,452.5833435058594,452.5833435058594,448.95542091262604,451.67636285755106,1200
2022-07-05,448.9554138183594,450.7693750863123,447.14145255040637,450.7693750863123,1300
2022-07-06,448.0484313964844,448.0484313964844,447.14145076612715,448.0484313964844,900
2022-07-07,448.0484313964844,448.0484313964844,448.0484313964844,448.0484313964844,100
2022-07-08,450.7693786621094,451.6763593032806,447.1414560974244,447.1414560974244,900
2022-07-11,450.7693786621094,450.7693786621094,449.86239802093814,450.7693786621094,300
2022-07-12,451.67633056640625,451.67633056640625,448.9553888160062,448.9553888160062,300
2022-07-13,451.67633056640625,451.67633056640625,449.86236939947287,451.67633056640625,300
2022-07-14,450.7693786621094,453.4903205856231,450.7693786621094,451.6763593032806,800
2022-07-15,452.5833435058594,453.49032415416775,450.76938220924274,451.67636285755106,2800
2022-07-19,454.39727783203125,456.21123902098145,452.583316643081,452.583316643081,4300
2022-07-20,454.39727783203125,458.0252002099317,452.583316643081,457.11821961545655,7900
2022-07-21,452.5833435058594,453.49032415416775,452.5833435058594,453.49032415416775,1700
2022-07-22,454.39727783203125,454.39727783203125,452.583316643081,453.49029723755615,700
2022-07-25,453.4903259277344,456.21126788330076,452.5833452758789,456.21126788330076,2200
2022-07-26,452.5833435058594,454.39730480247607,452.5833435058594,453.49032415416775,3000
2022-07-27,455.30426025390625,471.6299110199826,453.4902990576756,453.4902990576756,5700
2022-07-28,471.62994384765625,471.62994384765625,455.30429194523737,456.2112726064829,5100
2022-07-29,458.9321594238281,468.90894549825913,456.21121776716507,468.90894549825913,2000
2022-08-01,463.46710205078125,463.46710205078125,462.5601214205449,463.46710205078125,1100
2022-08-02,462.5600891113281,465.281030811983,461.65310854444317,464.37405024509803,900
2022-08-03,459.83917236328125,461.65313359548355,459.83917236328125,461.65313359548355,400
2022-08-04,457.1182861328125,463.4671512179905,456.2113054063585,463.4671512179905,1000
2022-08-05,460.7461853027344,462.560146662194,459.8392046230046,459.8392046230046,500
2022-08-08,457.1182861328125,460.7462090386285,456.2113054063585,460.7462090386285,1400
2022-08-09,456.21124267578125,459.83916508274575,456.21124267578125,459.83916508274575,600
2022-08-10,456.21124267578125,462.5601068879691,456.21124267578125,458.9321844810046,1800
2022-08-12,462.5600891113281,467.0949919457529,459.83914741067326,462.5600891113281,13900
2022-08-15,456.21124267578125,462.5601068879691,450.7693590653346,462.5601068879691,5500
2022-08-16,456.21124267578125,456.21124267578125,453.4903008705579,456.21124267578125,1300
2022-08-17,459.83917236328125,459.83917236328125,456.21124989887664,459.83917236328125,1400
2022-08-18,460.7461853027344,460.7461853027344,460.7461853027344,460.7461853027344,700
2022-08-19,467.09503173828125,467.09503173828125,459.83918658506525,460.74616722921724,2700
2022-08-22,466.18804931640625,468.9089912384864,465.28106867571285,468.9089912384864,5900
2022-08-23,467.09503173828125,467.09503173828125,464.37408980582524,467.09503173828125,300
2022-08-24,462.5600891113281,463.4670696782131,462.5600891113281,462.5600891113281,2400
2022-08-25,463.46710205078125,463.46710205078125,462.5601214205449,462.5601214205449,500
2022-08-26,463.46710205078125,463.46710205078125,463.46710205078125,463.46710205078125,600
2022-08-29,450.7693786621094,468.00201084436304,450.7693786621094,467.0950302031918,29100
2022-08-30,454.39727783203125,458.0252002099317,449.8623748596557,450.7693554541308,2900
2022-08-31,455.30426025390625,458.0252020482523,453.4902990576756,453.4902990576756,1200
2022-09-01,460.7461853027344,462.560146662194,447.14147510678754,448.9554364662471,26700
2022-09-02,459.83917236328125,475.25784283700074,459.83917236328125,473.44388160479843,54800
2022-09-05,460.7461853027344,465.28108870138334,458.93222394327483,465.28108870138334,4500
2022-09-06,458.9321594238281,462.5600816327121,458.9321594238281,460.7461205282701,1200
2022-09-07,457.1182861328125,459.8392283121745,457.1182861328125,458.9322475857205,2200
2022-09-08,460.7461853027344,460.7461853027344,457.11826258381524,459.8392046230046,1100
2022-09-09,458.0252380371094,459.8391993758702,457.1182573677289,458.0252380371094,1400
2022-09-12,458.0252380371094,458.9322187064898,458.0252380371094,458.0252380371094,800
2022-09-13,452.5833435058594,455.3042854507844,452.5833435058594,452.5833435058594,8900
2022-09-14,458.0252380371094,458.0252380371094,451.67637335144644,453.49033469020725,2300
2022-09-15,457.1182861328125,458.9322475857205,456.2113054063585,458.0252668592665,800
2022-09-16,458.0252380371094,458.0252380371094,454.3973153595877,456.2112766983485,2000
2022-09-20,460.7461853027344,461.6531659824642,456.21128190408547,461.6531659824642,4200
2022-09-21,456.21124267578125,459.83916508274575,456.21124267578125,459.83916508274575,600
2022-09-22,455.30426025390625,461.6531244407137,454.3972796557909,454.3972796557909,2600
2022-09-26,454.39727783203125,461.6531225878321,454.39727783203125,461.6531225878321,3300
2022-09-27,456.21124267578125,457.11822327752236,451.6763396670757,457.11822327752236,3000
2022-09-28,455.30426025390625,456.2112408520216,448.95539606709883,456.2112408520216,5800
2022-09-29,460.37860107421875,461.30120348118106,458.533396260294,459.4559986672564,1300
2022-09-30,460.37860107421875,460.37860107421875,458.533396260294,460.37860107421875,500
2022-10-03,459.4559326171875,459.4559326171875,459.4559326171875,459.4559326171875,200
2022-10-04,461.3011779785156,462.2237803344726,459.4559732666015,459.4559732666015,600
2022-10-05,462.2237854003906,462.2237854003906,462.2237854003906,462.2237854003906,300
2022-10-06,460.37860107421875,462.22380588814343,458.533396260294,461.30120348118106,2000
2022-10-07,463.1463623046875,463.1463623046875,460.37855535864355,460.37855535864355,800
2022-10-11,462.2237854003906,463.14638776645927,461.301183034322,461.301183034322,1100
2022-10-12,461.3011779785156,463.1463826904297,461.3011779785156,462.2237803344726,600
2022-10-13,463.1463623046875,463.1463623046875,461.30115767399155,461.30115767399155,400
2022-10-14,463.1463623046875,464.0689646200355,463.1463623046875,463.1463623046875,600
2022-10-17,464.0689697265625,464.9915720520626,463.1463674010624,463.1463674010624,900
2022-10-18,464.0689697265625,467.759379028563,462.22376507556226,464.9915720520626,4900
2022-10-19,468.6819763183594,468.6819763183594,464.0689647404228,466.83677168718475,3600
2022-10-20,467.7594299316406,467.7594299316406,467.7594299316406,467.7594299316406,3100
2022-10-21,467.7594299316406,467.7594299316406,465.9142250798393,467.7594299316406,1900
2022-10-24,468.6819763183594,468.6819763183594,467.75937400277206,468.6819763183594,1200
2022-10-25,468.6819763183594,468.6819763183594,467.75937400277206,468.6819763183594,900
2022-10-26,467.7594299316406,467.7594299316406,467.7594299316406,467.7594299316406,700
2022-10-27,465.91424560546875,465.91424560546875,465.91424560546875,465.91424560546875,200
2022-10-28,466.8368225097656,466.8368225097656,465.91422009373844,465.91422009373844,200
2022-10-31,468.6819763183594,468.6819763183594,466.83677168718475,466.83677168718475,400
2022-11-01,463.1463623046875,467.75937388142745,462.22375998933956,467.75937388142745,2500
2022-11-02,463.1463623046875,464.0689646200355,463.1463623046875,464.0689646200355,400
2022-11-04,463.1463623046875,464.9915669353835,463.1463623046875,463.1463623046875,400
2022-11-07,464.0689697265625,464.9915720520626,463.1463674010624,463.1463674010624,800
2022-11-08,464.9916076660156,464.9916076660156,464.0690052698529,464.0690052698529,700
2022-11-09,462.2237854003906,465.9141948646652,462.2237854003906,465.9141948646652,2700
2022-11-10,464.0689697265625,465.91417437756274,463.1463674010624,464.0689697265625,1200
2022-11-11,464.0689697265625,465.91417437756274,464.0689697265625,464.0689697265625,1200
2022-11-14,500.0505065917969,542.4902174833516,463.146410164358,464.0690125750439,160600
2022-11-15,500.0505065917969,504.6635186452267,499.12790418111086,500.97310900248283,16200
2022-11-16,512.0443115234375,512.0443115234375,500.973083166174,502.81828789238455,8900
2022-11-17,528.651123046875,528.651123046875,512.0442814851931,515.7346907211224,19400
2022-11-18,524.0380249023438,530.4962399979712,519.4250141197527,530.4962399979712,6900
2022-11-21,521.2703247070312,529.5737458085592,521.2703247070312,529.5737458085592,5400
2022-11-22,512.9669189453125,520.3477379229429,512.9669189453125,520.3477379229429,4700
2022-11-24,512.0443115234375,512.9669138865428,499.12787843996335,512.9669138865428,4900
2022-11-25,511.1216735839844,511.1216735839844,505.586059790656,509.2764689862083,1100
2022-11-28,512.0443115234375,512.0443115234375,509.2765044341216,511.12170916033216,3500
2022-11-29,510.1990661621094,512.0442707413575,509.2764638724853,512.0442707413575,1300
2022-11-30,510.1990661621094,512.0442707413575,509.2764638724853,510.1990661621094,1800
2022-12-01,523.1155395507812,523.1155395507812,511.12170883797677,515.7347206505939,7400
2022-12-02,521.2703247070312,521.2703247070312,518.5025176731887,518.5025176731887,4600
2022-12-05,516.6572875976562,518.5024921962194,512.9668784005302,514.8120829990931,2200
2022-12-06,521.2703247070312,521.2703247070312,516.6573129839602,519.4251200178029,2100
2022-12-07,516.6572875976562,522.1929013933454,516.6572875976562,521.270299094064,4800
2022-12-08,527.7285766601562,527.7285766601562,519.4251549994195,519.4251549994195,6800
2022-12-09,538.7997436523438,538.7997436523438,525.8833114414999,525.8833114414999,7600
2022-12-12,536.031982421875,538.7997895600258,535.1093800424915,538.7997895600258,8200
2022-12-13,547.1032104492188,547.1032104492188,538.7997890427382,538.7997890427382,12000
2022-12-14,550.7936401367188,550.7936401367188,546.1806280752722,550.7936401367188,5100
2022-12-15,550.7936401367188,551.716242549008,546.1806280752722,546.1806280752722,3900
2022-12-16,553.5614624023438,553.5614624023438,547.1032453409831,552.6388599650065,7900
2022-12-19,561.8648071289062,562.7874094394627,553.5613863338978,556.3291932655673,14100
2022-12-20,560.9422607421875,565.55527275487,536.9545982762387,565.55527275487,21400
2022-12-21,555.4066772460938,562.7874968772711,555.4066772460938,556.3292796999909,2900
2022-12-22,561.8648071289062,561.8648071289062,555.4065909550108,556.3291932655673,2100
2022-12-23,562.7874145507812,564.6326191886527,561.8648122318456,561.8648122318456,3900
2022-12-26,558.1744995117188,562.7875119043777,556.3292945546552,562.7875119043777,5300
2022-12-27,560.0196533203125,561.8648581088473,559.0970509260451,559.0970509260451,600
2022-12-28,559.0971069335938,561.864914393661,558.1745044469046,561.864914393661,3100
2022-12-29,550.7936401367188,559.0970618473226,548.9484353121402,559.0970618473226,1000
2022-12-30,572.0133666992188,572.0133666992188,546.1805049773186,546.1805049773186,7900
2023-01-04,577.549072265625,582.1620840249351,564.6326393395567,567.4004463951428,12800
2023-01-05,579.3942260742188,585.8524419699505,579.3942260742188,583.084635157494,6100
2023-01-06,564.6326293945312,581.2394714355469,555.4066060384114,581.2394714355469,9000
2023-01-10,567.400390625,571.0907996697155,567.400390625,571.0907996697155,2600
2023-01-11,566.4778442382812,568.3230489426405,566.4778442382812,567.4004465904609,1900
2023-01-12,570.168212890625,570.168212890625,567.4004060319327,568.3230083181634,1400
2023-01-13,570.168212890625,572.0134174630865,567.4004060319327,572.0134174630865,1800
2023-01-16,571.0908203125,572.9360249015549,571.0908203125,572.9360249015549,2700
2023-01-17,571.0908203125,574.7812294906099,571.0908203125,571.0908203125,3300
2023-01-18,572.9360961914062,581.2395178753396,568.3230841447765,568.3230841447765,5400
2023-01-19,572.9360961914062,575.703903419384,572.0134937820803,572.9360961914062,5100
2023-01-20,574.78125,578.4716593097913,573.8586476725521,576.6264546548957,4700
2023-01-23,576.62646484375,576.62646484375,573.8586578125,573.8586578125,3100
2023-01-24,572.9360961914062,577.549108238036,572.9360961914062,576.6265058287099,3200
2023-01-25,571.0908203125,572.9360249015549,571.0908203125,572.0134226070275,900
2023-01-26,572.0133666992188,572.0133666992188,570.1681622905116,572.0133666992188,700
2023-01-27,573.858642578125,573.858642578125,572.0134379396102,572.9360402588676,1300
2023-01-30,572.0133666992188,574.7811733122795,572.0133666992188,574.7811733122795,1400
2023-01-31,570.168212890625,573.8586220355481,567.4004060319327,573.8586220355481,1900
2023-02-01,559.0971069335938,568.3231318004847,556.3292994735265,567.4005293137957,2600
2023-02-02,559.0971069335938,560.0197094202829,556.3292994735265,559.0971069335938,2900
2023-02-03,548.9484252929688,556.3292444565717,548.9484252929688,554.4840396656709,4100
2023-02-06,553.5614624023438,554.484064839681,551.7162575276693,553.5614624023438,3600
2023-02-07,548.9484252929688,553.5614372702206,548.9484252929688,553.5614372702206,7200
2023-02-08,548.9484252929688,549.8710276884191,548.0258228975183,549.8710276884191,3000
2023-02-09,549.8709716796875,549.8709716796875,548.9483693782115,548.9483693782115,1200
2023-02-10,551.7161865234375,553.5613911606396,550.7935842048364,550.7935842048364,2000
2023-02-13,549.8709716796875,554.4839831870675,548.0257670767355,549.8709716796875,9700
2023-02-14,591.38818359375,591.38818359375,553.5614823030421,556.3292897145573,71200
2023-02-15,587.69775390625,588.6203563456633,583.0847417091836,583.0847417091836,13900
2023-02-16,595.0785522460938,607.9949859382571,588.6203354000121,589.5429378065952,16700
2023-02-17,601.5366821289062,603.3818866753139,596.0010684896831,598.7688753092947,6800
2023-02-20,593.2333374023438,607.0723732670951,593.2333374023438,607.0723732670951,10000
2023-02-21,592.3107299804688,594.155934746763,584.0073085321444,594.155934746763,6200
2023-02-22,589.54296875,593.2333785700313,585.8525589299687,593.2333785700313,1900
2023-02-24,598.7689819335938,599.6915843710877,590.4655599961479,590.4655599961479,1000
2023-02-27,606.149658203125,608.9174648615867,595.078431569278,598.7688404472269,9000
2023-02-28,631.0599975585938,631.9825998942057,606.1497344970703,606.1497344970703,7700
2023-03-01,631.0599975585938,634.7504069010416,626.4469858805338,631.0599975585938,3700
2023-03-02,627.3695678710938,633.8277840109432,627.3695678710938,629.2147724824792,3900
2023-03-03,631.9826049804688,634.7504120095804,625.5243885792086,629.2147979513572,4500
2023-03-06,665.1962890625,676.2675171744972,631.9826047265083,631.9826047265083,14000
2023-03-07,665.1962890625,669.8093007758322,658.7380726638349,660.5832773491678,3700
2023-03-08,661.5057983398438,663.3510027982534,655.9701849646149,655.9701849646149,2300
2023-03-09,655.0476684570312,656.8928731569102,655.0476684570312,655.0476684570312,2700
2023-03-10,646.7442016601562,650.4346107994439,631.9825651030058,650.4346107994439,8200
2023-03-13,624.6017456054688,636.5955752847466,617.2209273412977,636.5955752847466,5200
2023-03-14,603.3819580078125,610.7627770660121,584.0073079800387,596.9237413318879,16000
2023-03-15,596.9237060546875,608.9175363154462,596.9237060546875,604.304524676693,5800
2023-03-16,601.5366821289062,601.5366821289062,586.7750457576448,596.923670762887,5500
2023-03-17,588.6203002929688,602.4593355663144,578.4716744258486,602.4593355663144,10700
2023-03-20,578.4716796875,592.3107150867224,578.4716796875,592.3107150867224,7700
2023-03-22,583.084716796875,587.6977287968502,579.3943071968947,587.6977287968502,4600
2023-03-23,584.929931640625,585.8525340564619,580.3169195614403,585.8525340564619,2700
2023-03-24,576.62646484375,590.4655,576.62646484375,589.54289765625,5800
2023-03-27,575.7037963867188,584.0072165269119,571.0907851977227,584.0072165269119,10900
2023-03-28,577.549072265625,580.3168793212111,572.0134581544529,580.3168793212111,6400
2023-03-29,575.7037963867188,576.626398624518,558.1743538685334,576.626398624518,52800
2023-03-30,569.151123046875,573.8316421508789,555.1095657348633,566.3428115844727,15900
2023-03-31,565.40673828125,575.7038808658423,563.5345305385969,575.7038808658423,2300
2023-04-03,567.2789306640625,570.0872422020034,563.5345152801412,569.1511383560231,3200
2023-04-04,557.9179077148438,564.4706348188772,557.9179077148438,564.4706348188772,15700
2023-04-05,547.6207885742188,556.0457237830528,545.7485807500334,556.0457237830528,3400
2023-04-06,556.9818115234375,556.9818115234375,547.620772674304,547.620772674304,1400
2023-04-07,555.109619140625,560.7262426057915,553.2374113189028,560.7262426057915,2400
2023-04-10,556.045654296875,557.9178618871001,555.1095505017624,556.045654296875,1700
2023-04-11,551.3651733398438,562.5984196557658,551.3651733398438,556.9817964978048,3500
2023-04-12,556.9818115234375,559.7901231781775,552.3012920988708,552.3012920988708,1900
2023-04-13,571.0233764648438,571.0233764648438,555.1096102354957,557.9179219230276,4700
2023-04-14,579.4482421875,579.4482421875,570.0872043492528,572.895515700727,5200
2023-04-17,589.7454223632812,589.7454223632812,579.4482800680494,579.4482800680494,5100
2023-04-18,595.362060546875,598.1703721532282,588.8093334653843,589.7454373341686,3700
2023-04-19,583.1926879882812,599.1064531500803,572.8955458247642,595.3620378178922,8200
2023-04-20,575.7037963867188,580.3843150565294,575.7037963867188,580.3843150565294,3500
2023-04-21,571.0233764648438,581.3205193191278,566.3428569856237,575.7038959440638,5900
2023-04-24,571.0233764648438,581.3205193191278,571.0233764648438,575.7038959440638,3100
2023-04-25,571.9594116210938,580.3843456711589,571.9594116210938,571.9594116210938,2900
2023-04-26,571.9594116210938,572.8955154044344,571.9594116210938,571.9594116210938,600
2023-04-27,572.8955688476562,573.8316727183224,568.2150494943257,571.9594649769901,2200
2023-04-28,583.1926879882812,583.1926879882812,572.8955458247642,572.8955458247642,1500
2023-05-01,580.3843994140625,584.1288148941533,578.5121916740171,580.3843994140625,1800
2023-05-02,575.7037963867188,580.3843150565294,573.8315889187944,580.3843150565294,1100
2023-05-08,569.151123046875,574.7677459716797,566.3428115844727,572.8955383300781,12000
2023-05-09,581.3204956054688,581.3204956054688,570.0872493135756,571.9594570288912,4900
2023-05-10,611.2757568359375,615.0201718854686,581.3204364396894,581.3204364396894,12000
2023-05-11,595.362060546875,613.1480340537785,592.5537489405218,601.9147876283657,7500
2023-05-12,578.51220703125,623.4451939851335,562.5984408184163,589.7454537697209,24300
2023-05-15,559.7900390625,578.5121139475334,559.7900390625,578.5121139475334,14200
2023-05-16,569.151123046875,571.0233306884766,563.5345001220703,564.4706039428711,10600
2023-05-17,571.9594116210938,575.703826754456,571.0233078377531,574.7677229711155,7500
2023-05-18,575.7037963867188,576.6399001206809,570.0871739829458,571.9593814508702,7300
2023-05-19,579.4482421875,579.4482421875,571.9594119169022,573.8316194845517,4600
2023-05-22,576.6400146484375,588.8093656069273,576.6400146484375,588.8093656069273,6200
2023-05-23,571.9594116210938,582.2565532378401,567.2788927043908,580.3843456711589,5600
2023-05-24,586.9371337890625,589.7454454339862,571.9594716828026,571.9594716828026,11100
2023-05-25,580.3843994140625,586.9371265042213,576.6399839339717,582.2566071541079,4500
2023-05-26,577.5761108398438,583.1927342839913,577.5761108398438,581.3205264692755,1700
2023-05-29,581.3204956054688,596.2981573279928,580.3843917478109,596.2981573279928,4400
2023-05-30,577.5761108398438,578.5122147472016,573.831695210412,577.5761108398438,4300
2023-05-31,569.151123046875,578.5121612548828,567.2789154052734,578.5121612548828,1900
2023-06-01,570.0872192382812,572.8955306631004,569.1511154300082,569.1511154300082,400
2023-06-02,574.7677612304688,576.6399689217732,569.1511381565554,570.0872420022076,1400
2023-06-05,572.8955688476562,580.3843998129851,571.023361106324,580.3843998129851,1100
2023-06-06,572.8955688476562,572.8955688476562,571.9594649769901,571.9594649769901,1100
2023-06-07,572.8955688476562,576.6399843303207,571.023361106324,575.7038804596546,1400
2023-06-08,576.6400146484375,576.6400146484375,569.1511832893669,571.0233911291346,2200
2023-06-09,587.8731689453125,589.7453764897243,575.7038199066357,577.5760274510475,2700
2023-06-12,586.9371337890625,591.6176531972687,585.06492602578,587.8732376707038,2500
2023-06-13,584.1287231445312,590.6814492054474,580.3843082525791,587.8731380364833,3300
2023-06-14,586.0010375976562,590.6815570672861,582.2566220219524,584.1288298098043,5600
2023-06-15,595.362060546875,599.1064760220125,586.9371257278154,590.681541202953,3300
2023-06-16,583.1926879882812,590.6815186526572,579.4482726560932,586.0009994874223,7600
2023-06-19,583.1926879882812,585.0648956543753,572.8955458247642,583.1926879882812,4100
2023-06-20,579.4482421875,586.9370724580978,579.4482421875,586.9370724580978,3500
2023-06-21,580.3843994140625,583.1927110241305,573.8316723239037,583.1927110241305,2300
2023-06-22,585.0648803710938,585.0648803710938,576.63994609375,580.384361328125,1600
2023-06-23,578.51220703125,585.0649342953581,578.51220703125,585.0649342953581,700
2023-06-26,577.5761108398438,582.2566303766333,575.7039030251278,580.3844225619175,3600
2023-06-27,575.7037963867188,577.5760038546431,575.7037963867188,577.5760038546431,300
2023-06-28,578.51220703125,578.51220703125,576.6399992415048,576.6399992415048,1100
2023-06-29,578.51220703125,581.3205187158677,576.6399992415048,576.6399992415048,900
2023-06-30,575.7037963867188,576.6399001206809,575.7037963867188,576.6399001206809,1300
2023-07-03,582.256591796875,582.256591796875,577.5760725702121,581.3204879515424,1700
2023-07-04,583.1926879882812,584.1287918213283,582.2565841552342,584.1287918213283,2200
2023-07-05,580.3843994140625,584.1288148941533,580.3843994140625,583.1927110241305,1200
2023-07-06,580.3843994140625,585.0649187641759,580.3843994140625,580.3843994140625,800
2023-07-07,581.3204956054688,581.3204956054688,579.4482878901532,579.4482878901532,600
2023-07-10,584.1287231445312,589.7453454824594,582.2565156985552,582.2565156985552,2300
2023-07-11,584.1287231445312,584.1287231445312,583.1926194215432,583.1926194215432,600
2023-07-12,584.1287231445312,589.7453454824594,584.1287231445312,585.0648268675193,1700
2023-07-13,586.9371337890625,586.9371337890625,585.06492602578,586.9371337890625,1200
2023-07-14,588.809326171875,594.425949315009,587.873222314686,590.681533886253,3600
2023-07-18,601.9147338867188,601.9147338867188,592.5536960346702,592.5536960346702,4300
2023-07-19,622.509033203125,623.445137012453,606.5952684445489,608.4674760632049,7600
2023-07-20,637.4867553710938,645.9116904641038,626.2535085804136,631.8701319757537,15800
2023-07-21,630.9340209960938,632.8062287735303,622.5090859976297,632.8062287735303,2800
2023-07-24,631.8701171875,632.8062210648148,625.3173900462963,630.9340133101852,2000
2023-07-25,628.1256713867188,629.0617752188897,628.1256713867188,629.0617752188897,500
2023-07-26,626.2535400390625,628.125747931556,614.084188737855,628.125747931556,2600
2023-07-27,617.8285522460938,617.8285522460938,616.8924483790541,616.8924483790541,600
2023-07-28,620.6368408203125,620.6368408203125,617.828529323388,617.828529323388,1300
2023-07-31,639.3589477539062,642.1672593838648,625.3173896041133,626.2534934807661,7100
2023-08-01,652.46435546875,652.46435546875,635.6144868913648,644.9755249899122,3100
2023-08-02,653.4005737304688,653.4005737304688,638.4229101492546,652.4644697566429,2200
2023-08-03,651.5283203125,653.40052812949,648.7200085870151,653.40052812949,500
2023-08-04,647.7838745117188,647.7838745117188,641.2311474574095,643.1033551872122,700
2023-08-07,649.6560668945312,649.6560668945312,642.1672361522312,642.1672361522312,1600
2023-08-08,649.6560668945312,649.6560668945312,641.2311323094436,645.9116515233812,1900
2023-08-09,674.930908203125,691.7807783108314,641.2311679877124,648.719999146693,28300
2023-08-10,701.1417236328125,701.1417236328125,646.8477049803383,674.9308180764457,16000
2023-08-14,724.5443725585938,724.5443725585938,700.2056727052043,702.0778803862343,20600
2023-08-15,728.288818359375,739.5220649150466,707.6945330073105,724.5444028408178,16300
2023-08-16,778.8384399414062,778.8384399414062,721.7361023976252,721.7361023976252,19600
2023-08-17,786.3272705078125,830.3241535005116,750.7553225562687,778.8384393601191,35000
2023-08-18,795.6882934570312,823.7714096966912,774.1579043399586,774.1579043399586,19700
2023-08-21,777.90234375,809.7298764666066,737.6498759025271,801.3049413357401,25500
2023-08-22,763.8607177734375,805.0492858886719,752.6274719238281,777.9022750854492,13700
2023-08-23,774.157958984375,780.7106865694907,760.116399873413,760.116399873413,4700
2023-08-24,757.3079833984375,769.4773329462492,751.6913605302167,768.5412291348791,8800
2023-08-25,757.3079833984375,761.0523986439181,747.010841473366,751.6913605302167,4400
2023-08-28,767.6051635742188,776.9662021543921,747.0108786978373,756.3719172780106,9700
2023-08-29,797.5604858398438,797.5604858398438,773.2217855677358,776.0300971375945,9000
2023-08-30,796.6243286132812,807.857574140143,790.0716020559452,796.6243286132812,3500
2023-08-31,819.0908813476562,820.0269852120535,797.5604924665179,799.4327001953125,8000
2023-09-01,809.7298583984375,820.963104988936,804.1132351031882,820.963104988936,4000
2023-09-04,794.7521362304688,808.7936934076855,768.5412294996642,808.7936934076855,8600
2023-09-05,785.39111328125,800.3687745595576,783.5189056214616,783.5189056214616,3900
2023-09-06,805.0493774414062,805.0493774414062,774.1579478419104,793.8161303143169,8200
2023-09-07,803.1770629882812,805.0492705943146,787.2632983369983,791.0077135490649,2000
2023-09-08,812.5380859375,813.4741897231423,779.7744534400202,812.5380859375,4000
2023-09-11,776.030029296875,805.0492463152142,771.3495104229494,798.4965198917182,3900
2023-09-12,750.7553100585938,777.9023225170716,736.7137518904156,776.9662186391931,7100
2023-09-13,751.6913452148438,763.8606945147105,742.3303072918694,742.3303072918694,3700
2023-09-14,748.883056640625,751.6913681030273,747.9469528198242,751.6913681030273,2400
2023-09-15,749.8192138671875,753.5636294170861,744.2025905423397,749.8192138671875,1300
2023-09-19,782.5828247070312,782.5828247070312,749.819189701354,749.819189701354,2700
2023-09-20,786.3272705078125,790.0716860816592,783.5189588274275,790.0716860816592,2700
2023-09-21,777.90234375,780.7106554602889,775.0940320397112,777.90234375,1300
2023-09-22,776.030029296875,782.582755720371,768.541199098594,782.582755720371,3500
2023-09-25,757.3079833984375,776.0300596258402,752.6274643415868,776.0300596258402,4300
2023-09-26,748.883056640625,759.1801986694336,748.883056640625,757.307991027832,6400
2023-09-27,742.330322265625,753.5635679997832,721.7360384196681,753.5635679997832,10800
2023-09-28,743.2783813476562,757.4992687458895,731.9016714290697,744.2264405075384,3000
2023-09-29,748.0186157226562,753.7069702148438,736.6419067382812,740.4341430664062,4600
2023-10-02,740.4341430664062,754.655029296875,739.486083984375,754.655029296875,2200
2023-10-03,711.0443725585938,755.6031532389324,708.2001950683593,730.005555826823,7600
2023-10-04,668.3817138671875,734.7458556696033,664.5894771927638,692.083193082336,9400
2023-10-05,692.083251953125,696.8235481993793,682.6026594606165,689.2390742053724,4900
2023-10-06,704.4080200195312,732.8497974092835,692.0832498173053,692.0832498173053,10000
2023-10-10,712.9404907226562,715.7846682122413,698.719603274731,704.407958253901,4100
2023-10-11,690.18701171875,715.7846069335938,684.4986572265625,712.9404296875,6000
2023-10-12,693.9793090820312,696.8234865782691,689.2390132549682,696.8234865782691,2700
2023-10-13,669.3297729492188,693.0312521613016,661.7452996013523,693.0312521613016,7600
2023-10-16,651.316650390625,666.4855971246134,645.6282953653794,665.537537953739,8300
2023-10-17,657.0049438476562,663.641357421875,649.4204711914062,663.641357421875,3500
2023-10-18,663.641357421875,681.6544799804688,654.1607666015625,654.1607666015625,2100
2023-10-19,670.2778930664062,670.2778930664062,654.1608857366624,663.6414782835706,4500
2023-10-20,658.9011840820312,665.5375988857352,645.6283544746234,665.5375988857352,8400
2023-10-23,645.6282958984375,655.1088876150078,645.6282958984375,652.2647101000367,2400
2023-10-24,653.2127685546875,656.0569460665366,633.3035259717435,651.3166502134547,3500
2023-10-25,653.2127685546875,667.4336561139332,648.4724727016056,657.005005237153,4500
2023-10-26,640.8880004882812,654.1608289007604,639.9399413159613,653.2127697284404,6000
2023-10-27,649.4205322265625,650.3685913976962,640.8879996863595,646.5763547131615,1200
2023-10-30,642.7841186523438,646.5763553405582,639.9399411361829,646.5763553405582,8000
2023-10-31,646.5763549804688,652.2647100096225,638.9918816082638,643.7321774658919,3400
2023-11-01,680.7064819335938,688.2909552699012,652.2647069224408,653.2127660894793,4600
2023-11-02,678.810302734375,694.9273071289062,678.810302734375,680.7064208984375,4000
2023-11-06,690.18701171875,696.8234252929688,683.5505981445312,690.18701171875,3200
2023-11-07,694.9274291992188,701.5638439391839,683.5507182164212,683.5507182164212,2400
2023-11-08,685.4468383789062,694.9274308876048,684.4987791280364,694.9274308876048,1100
2023-11-09,693.03125,706.3040783173735,689.2390133378933,689.2390133378933,5500
2023-11-10,724.3171997070312,726.2133180308717,692.0831882017445,699.6676614971061,19600
2023-11-13,771.7201538085938,802.0580468330103,759.3953847674246,759.3953847674246,34700
2023-11-14,749.914794921875,777.4085105384797,749.914794921875,771.7201555833202,9600
2023-11-15,742.330322265625,751.8109138654414,730.0055531858637,751.8109138654414,11900
2023-11-16,750.8628540039062,750.8628540039062,742.3303215720437,742.3303215720437,2100
2023-11-17,756.55126953125,756.55126953125,738.5381440662202,744.2264994762296,5400
2023-11-20,752.759033203125,760.3435070893026,751.8109739673528,758.4473886177582,6900
2023-11-21,748.966796875,752.7590338212026,748.966796875,752.7590338212026,700
2023-11-22,741.3822631835938,749.9147956243256,741.3822631835938,748.9667364642444,2700
2023-11-24,747.0706176757812,748.0186768352683,741.382262718859,741.382262718859,1800
2023-11-27,752.759033203125,756.5512701462138,743.278440845403,747.0706777884918,3700
2023-11-28,750.8628540039062,756.5512089584813,739.4861440947562,756.5512089584813,2000
2023-11-29,746.12255859375,756.55120934919,743.2783811149936,756.55120934919,1200
2023-11-30,748.0186157226562,752.7589111328125,746.1224975585938,751.8108520507812,3800
2023-12-01,750.8628540039062,757.4992681175771,749.9147948448104,757.4992681175771,2200
2023-12-04,752.759033203125,756.5512701462138,745.1745593169475,756.5512701462138,3000
2023-12-05,751.8109130859375,755.6031497219321,748.9667356089415,755.6031497219321,1500
2023-12-06,750.8628540039062,751.8109131630022,747.0706173675229,751.8109131630022,800
2023-12-07,754.6550903320312,754.6550903320312,747.0706170623625,750.8628536971969,1400
2023-12-08,730.95361328125,754.655092311122,730.0055541200551,754.655092311122,6800
2023-12-11,742.330322265625,742.330322265625,736.6419673057352,739.48614478568,1400
2023-12-12,736.6419067382812,739.486083984375,730.9535522460938,739.486083984375,700
2023-12-13,736.6419067382812,736.6419067382812,730.0054931640625,736.6419067382812,3800
2023-12-14,738.5380859375,738.5380859375,736.6419676167362,736.6419676167362,600
2023-12-15,740.4341430664062,742.3302612304688,735.69384765625,740.4341430664062,2800
2023-12-18,745.174560546875,745.174560546875,735.693968173505,740.43426436019,6200
2023-12-19,770.7721557617188,770.7721557617188,743.2784380285209,745.1745564928793,5200
2023-12-20,766.9798583984375,778.3565682881548,760.3434442961025,775.5123908157254,10500
2023-12-21,766.9798583984375,769.8240358708669,758.4473259811496,769.8240358708669,1600
2023-12-22,762.2395629882812,766.9798587780094,762.2395629882812,766.9798587780094,1400
2023-12-25,745.174560546875,758.4473898695928,739.486205122853,758.4473898695928,2700
2023-12-26,737.5900268554688,743.2783818183644,730.0055535716078,743.2783818183644,4400
2023-12-27,745.174560546875,746.1226197842119,731.9017312241571,734.745908936168,2100
2023-12-28,741.3822631835938,748.9667364642444,730.0055532626179,747.0706181440817,2700
2023-12-29,765.083740234375,775.5123909686725,742.3303204504531,742.3303204504531,11200
2024-01-04,768.8759765625,771.7201540343711,760.3434441468866,763.1876216187577,4600
2024-01-05,769.8240356445312,769.8240356445312,765.0837398585428,765.0837398585428,1600
2024-01-09,774.5643310546875,777.4085085249005,769.824035270999,769.824035270999,4400
2024-01-10,769.8240356445312,778.3565680593106,759.3953849153565,777.4085089021129,4500
2024-01-11,767.927978515625,773.616333912037,767.927978515625,769.8240969810957,1700
2024-01-12,766.0317993164062,772.668213419395,764.1356810012667,764.1356810012667,1500
2024-01-15,766.9798583984375,766.9798583984375,766.031799240961,766.031799240961,600
2024-01-16,766.0317993164062,767.9279176315459,765.0837401588365,766.979858473976,1900
2024-01-17,766.9798583984375,776.4604499732019,766.031799240961,766.031799240961,2100
2024-01-18,768.8759765625,772.6682131916615,767.9279174052097,772.6682131916615,1000
2024-01-19,782.1488647460938,782.1488647460938,771.7202132161458,773.6163316761364,4900
2024-01-22,799.2138061523438,802.0579833984375,789.7332153320312,789.7332153320312,7400
2024-01-23,794.4736328125,799.2139289509994,794.4736328125,799.2139289509994,2700
2024-01-24,795.421630859375,801.1099857880475,794.4735717045962,794.4735717045962,1200
2024-01-25,795.421630859375,801.1099857880475,794.4735717045962,801.1099857880475,2000
2024-01-26,789.7332763671875,800.1619270755177,789.7332763671875,796.3696904543067,2800
2024-01-29,800.1619873046875,800.1619873046875,789.7333358113799,789.7333358113799,1500
2024-01-30,790.681396484375,796.3697518547662,788.785278027578,796.3697518547662,2400
2024-01-31,794.4736328125,795.4216920401999,792.5775143571003,794.4736328125,1300
2024-02-01,791.62939453125,800.1619269273951,791.62939453125,797.3177494620135,5200
2024-02-02,801.1100463867188,801.1100463867188,791.6294541217871,791.6294541217871,3100
2024-02-05,803.9542236328125,807.7464605367409,803.9542236328125,805.8503420847767,1500
2024-02-06,808.6944580078125,808.6944580078125,800.1619256255495,803.0061030863038,4800
2024-02-07,813.434814453125,813.434814453125,805.8503406586904,813.434814453125,2300
2024-02-08,856.0974731445312,889.2795457470324,813.4348083698868,813.4348083698868,18700
2024-02-09,867.47412109375,871.2663576886954,856.0974113089139,860.8377070525956,6800
2024-02-13,866.5260620117188,866.5260620117188,812.4866905295875,858.9415888212442,14600
2024-02-14,826.7075805664062,867.4741241035111,793.5255102455069,853.2532368231257,42000
2024-02-15,796.36962890625,815.330810546875,794.4735107421875,812.4866333007812,8200
2024-02-16,800.1619873046875,816.278994157981,791.6294542647086,797.3178096246945,2400
2024-02-19,812.4867553710938,812.4867553710938,800.1619854529791,800.1619854529791,2700
2024-02-20,818.1749877929688,823.8633422851562,818.1749877929688,820.0711059570312,2900
2024-02-21,818.1749877929688,824.8114013671875,809.6424560546875,824.8114013671875,1900
2024-02-22,810.590576171875,818.1750493992142,809.6425170184576,814.3828127855446,1900
2024-02-26,806.79833984375,810.5905764587617,806.79833984375,810.5905764587617,2000
2024-02-27,808.6944580078125,810.5905763149821,806.7983397006429,806.7983397006429,700
2024-02-28,810.590576171875,813.4347536321272,806.7983395582054,806.7983395582054,2600
2024-02-29,816.2789916992188,818.175110146836,809.6425771325584,810.590636356367,4400
2024-03-01,825.7595825195312,825.7595825195312,816.2789902977225,816.2789902977225,3300
2024-03-04,834.2921142578125,839.0324103615501,825.7595812710849,825.7595812710849,5500
2024-03-05,839.0323486328125,839.98040778381,825.7595205188471,834.2920528778249,6000
2024-03-06,825.7595825195312,832.3959970747973,824.8115232973504,826.7076417417121,4000
2024-03-07,817.2269897460938,827.6556404273084,817.2269897460938,824.8114629687954,4600
2024-03-08,815.3309326171875,824.8115248569222,815.3309326171875,815.3309326171875,2300
2024-03-11,813.434814453125,823.8634659204728,803.9542222100816,815.3309329017337,5800
2024-03-12,805.8502807617188,814.3828131462546,803.9541624540442,811.5386356847426,3600
2024-03-13,811.5386352539062,811.5386352539062,803.9541620272342,805.8502803339022,2000
2024-03-14,810.590576171875,813.4347536321272,801.109984637701,810.590576171875,2100
2024-03-15,815.3309326171875,819.1231695130814,810.5906364973201,813.4348141692406,2600
2024-03-18,820.0711669921875,839.03235004403,820.0711669921875,820.0711669921875,7700
2024-03-19,857.0454711914062,858.9415894905022,844.720702247282,851.3571162941181,15300
2024-03-21,853.2532958984375,857.9935919867621,853.2532958984375,857.9935919867621,5100
2024-03-22,853.2532958984375,860.8377696397569,853.2532958984375,853.2532958984375,3100
2024-03-25,862.7338256835938,862.7338256835938,854.2012933416681,854.2012933416681,5000
2024-03-26,868.4221801757812,875.0585942164258,862.7338252838001,863.6818844324636,9800
2024-03-27,866.5260620117188,878.85083094624,862.7338254164815,876.9547126486212,30800
2024-03-28,853.1064453125,866.526097261236,837.7697002282304,837.7697002282304,10500
2024-03-29,854.06494140625,856.9405809396044,853.1063948951319,856.9405809396044,2100
2024-04-01,854.06494140625,877.070057673085,854.06494140625,855.0234879173681,5100
2024-04-02,857.899169921875,866.5260889490223,855.9820768047312,866.5260889490223,700
2024-04-03,855.0235595703125,859.8162925275452,855.0235595703125,857.8991993446521,900
2024-04-04,855.0235595703125,855.0235595703125,855.0235595703125,855.0235595703125,300
2024-04-05,856.940673828125,856.940673828125,855.0235805980844,855.0235805980844,1000
2024-04-08,826.2671508789062,853.1064550837896,819.5573248276854,853.1064550837896,3300
2024-04-09,832.9769897460938,854.0650148029569,826.2671635916373,826.2671635916373,4600
2024-04-10,830.101318359375,855.0235288412962,830.101318359375,833.9355045873629,2500
2024-04-11,830.101318359375,832.0184114733689,824.3500390173931,830.101318359375,3700
2024-04-12,837.7696533203125,851.189304517663,820.5158160665761,830.1012812075408,5900
2024-04-15,833.935546875,837.7697332974138,833.935546875,837.7697332974138,200
2024-04-16,833.935546875,834.8940934806035,833.935546875,833.935546875,1200
2024-04-17,824.3499755859375,833.9354404183322,824.3499755859375,833.9354404183322,2400
2024-04-18,832.9769897460938,833.9355363395875,828.1842567786249,828.1842567786249,800
2024-04-19,828.1842041015625,836.8111228942871,813.8060061136881,836.8111228942871,5700
2024-04-22,824.3499755859375,833.9354404183322,824.3499755859375,828.1841615188954,3300
2024-04-23,819.5573120117188,825.3085913942572,819.5573120117188,825.3085913942572,2300
2024-04-24,824.3499755859375,824.3499755859375,824.3499755859375,824.3499755859375,1000
2024-04-25,820.515869140625,824.3500554450204,820.515869140625,824.3500554450204,1600
2024-04-26,831.059814453125,831.059814453125,820.5158029664071,825.3085354603699,2200
2024-04-30,832.0184326171875,832.0184326171875,822.4329668036255,822.4329668036255,200
2024-05-01,829.1427612304688,830.1013077752439,828.1842146856936,830.1013077752439,400
2024-05-02,820.515869140625,825.3086020211193,819.5573225645261,824.3500554450204,1200
2024-05-07,820.515869140625,824.3500554450204,820.515869140625,824.3500554450204,500
2024-05-08,820.515869140625,820.515869140625,813.806043107933,820.515869140625,3300
2024-05-09,818.5987548828125,819.5573014341975,815.7231152286574,819.5573014341975,2000
2024-05-10,817.6401977539062,818.598744292891,817.6401977539062,818.598744292891,1200
2024-05-13,826.2671508789062,829.1427906151438,814.7645919339562,816.681685091448,2100
2024-05-14,834.89404296875,857.8991601114021,819.557298206982,828.1842171354765,8700
2024-05-15,816.681640625,834.8940246295482,815.7230940984449,834.8940246295482,3200
2024-05-16,816.681640625,822.432919784331,816.681640625,819.5572802046655,700
2024-05-17,849.272216796875,849.272216796875,824.3500072746191,829.1427398750528,4100
2024-05-20,849.272216796875,860.7747750379161,849.272216796875,859.8162285178294,4400
2024-05-21,850.230712890625,855.0234452068066,846.3965270376797,848.3136199641523,3400
2024-05-22,841.6038818359375,846.3966146482151,836.81114902366,846.3966146482151,1000
2024-05-23,842.5623779296875,855.0234824952005,834.8940058893718,837.7696454044902,4000
2024-05-24,842.5623779296875,842.5623779296875,842.5623779296875,842.5623779296875,0
2024-05-27,848.313720703125,851.189360434322,841.6038946636652,847.3551741260593,800
2024-05-28,862.6918334960938,864.6089264594184,849.2721827528212,851.1892757161459,7100
2024-05-29,860.7747802734375,875.1529781621921,857.8991406956867,865.5675129030224,8700
2024-05-30,848.313720703125,854.065000165519,844.4795343948623,852.1479070113877,2700
2024-05-31,845.4381103515625,846.3966569619383,842.5624705204347,842.5624705204347,1600
2024-06-03,846.3966064453125,853.1064323174725,845.4380598921468,845.4380598921468,1100
2024-06-04,859.8162841796875,859.8162841796875,852.1479115225666,852.1479115225666,1100
2024-06-05,854.06494140625,860.7747669840769,854.06494140625,859.8162204729588,1700
2024-06-06,855.9820556640625,861.7333348734516,855.9820556640625,861.7333348734516,300
2024-06-07,841.6038818359375,855.9820802727702,841.6038818359375,854.0649871478591,5000
2024-06-10,843.5209350585938,843.5209350585938,841.6038420243697,841.6038420243697,600
2024-06-11,855.9820556640625,856.9406021989607,845.4380437801827,845.4380437801827,1700
2024-06-12,851.1893920898438,856.9406717661266,851.1893920898438,856.9406717661266,1000
2024-06-13,845.4381103515625,855.0235764553216,845.4381103515625,855.0235764553216,900
2024-06-14,854.06494140625,862.6918600063132,845.4380228061868,845.4380228061868,1600
2024-06-17,848.313720703125,854.065000165519,846.3966275489936,848.313720703125,600
2024-06-18,856.940673828125,860.7748602882061,851.1893941380033,851.1893941380033,500
2024-06-19,871.31884765625,871.31884765625,861.7333817854442,862.6919283725248,2000
2024-06-20,868.443115234375,871.3187546887934,867.4845687495689,871.3187546887934,2200
2024-06-21,868.443115234375,868.443115234375,854.0649179622827,868.443115234375,600
2024-06-24,859.8162841796875,868.4432034189487,859.8162841796875,868.4432034189487,500
2024-06-25,855.9820556640625,859.8162418036552,855.9820556640625,859.8162418036552,1100
2024-06-26,850.230712890625,853.106352280334,850.230712890625,853.106352280334,900
2024-06-27,848.313720703125,848.313720703125,846.3966275489936,847.3551741260593,600
2024-06-28,849.272216796875,854.0649493973089,848.3136702767882,852.1478563571353,1300
2024-07-01,848.313720703125,849.2722672801906,848.313720703125,849.2722672801906,700
2024-07-02,847.355224609375,850.2308645118956,847.355224609375,848.3137712435486,1400
2024-07-03,844.4795532226562,847.3551930179661,832.9769940414169,845.4380998210929,3600
2024-07-04,835.8526000976562,843.5209725756164,834.8940535379113,842.5624260158714,3000
2024-07-05,834.89404296875,835.8525895163605,834.89404296875,835.8525895163605,1500
2024-07-08,839.686767578125,847.3551398847745,835.8525814248003,841.6038606547875,1900
2024-07-09,836.8110961914062,839.6867356972186,834.8940031875313,836.8110961914062,1600
2024-07-10,847.355224609375,847.355224609375,834.8941183651195,836.8112116334665,2000
2024-07-11,845.4381103515625,847.3552035723143,843.5210171308106,847.3552035723143,1100
2024-07-12,848.313720703125,848.313720703125,845.4380809719279,845.4380809719279,1100
2024-07-16,846.3966064453125,848.3136995516439,842.5624202326497,848.3136995516439,1800
2024-07-17,853.1064453125,853.1064453125,839.6867933637641,846.396619338132,2300
2024-07-18,861.7333374023438,861.7333374023438,853.1064185629432,853.1064185629432,1200
2024-07-19,863.6504516601562,863.6504516601562,855.0235326091669,858.857718854051,1900
2024-07-22,853.1064453125,862.6919109901686,853.1064453125,862.6919109901686,5100
2024-07-23,856.940673828125,857.8992204431453,855.9821272131047,855.9821272131047,1000
2024-07-24,856.940673828125,861.7334069032264,856.940673828125,857.8992204431453,900
2024-07-25,853.1064453125,856.9406315835674,834.8940605249298,856.9406315835674,1500
2024-07-26,849.272216796875,853.1064028772221,839.6867515960073,847.3551237567015,900
2024-07-29,851.1893920898438,851.1893920898438,849.2722988644163,849.2722988644163,1100
2024-07-30,851.1893920898438,853.1064853152714,851.1893920898438,851.1893920898438,1900
2024-07-31,849.272216796875,850.2307633169618,849.272216796875,850.2307633169618,200
2024-08-01,838.7282104492188,853.1064083426339,838.7282104492188,849.2722222377232,1900
2024-08-02,767.7957763671875,816.6816497688436,763.961590218038,816.6816497688436,13700
2024-08-05,624.0137939453125,739.9979246171755,624.0137939453125,720.8269939276114,22600
2024-08-06,670.0241088867188,675.7753887913258,633.5993361575408,633.5993361575408,9900
2024-08-07,661.3970336914062,698.7803442913554,656.6043015632077,659.4799408401268,9600
2024-08-08,696.8633422851562,696.8633422851562,666.1898526660021,670.982585418995,6900
2024-08-09,712.2000732421875,739.0393761369132,699.7389683267791,699.7389683267791,5000
2024-08-13,739.9979248046875,745.749204013014,709.3244356936124,709.3244356936124,9100
2024-08-14,763.0030517578125,779.298343064198,753.4175862834682,779.298343064198,2000
2024-08-15,763.0030517578125,792.71799472828,763.0030517578125,763.0030517578125,1300
2024-08-16,776.4227294921875,779.2983692310474,768.7543568552277,779.2983692310474,1500
2024-08-19,791.7594604492188,791.7594604492188,776.4227154526237,778.3398085771981,3400
2024-08-20,787.92529296875,810.9304110116332,782.1740134580292,810.9304110116332,4500
2024-08-21,795.5936889648438,796.5522355780545,783.1325829931053,791.7595025120012,800
2024-08-22,780.2568969726562,799.4278281022056,779.2983504161788,799.4278281022056,1300
2024-08-23,784.0911254882812,794.6351381782215,784.0911254882812,786.008218704634,700
2024-08-26,785.0496215820312,795.5936335935115,785.0496215820312,786.0081681285295,2900
2024-08-27,782.1740112304688,796.552209966323,782.1740112304688,796.552209966323,400
2024-08-28,779.29833984375,785.0496191045894,779.29833984375,783.1325260176429,1400
2024-08-29,780.2568969726562,782.1739900856112,779.2983504161788,782.1739900856112,300
2024-08-30,778.3397827148438,786.9667014887767,778.3397827148438,786.9667014887767,300
2024-09-02,775.4641723632812,779.2983586296016,763.9616135643204,779.2983586296016,5300
2024-09-03,776.4227294921875,776.4227294921875,775.4641829125675,775.4641829125675,1000
2024-09-04,766.8372192382812,771.6299518585205,766.8372192382812,771.6299518585205,500
2024-09-05,769.712890625,776.4227165706725,757.2517852973226,761.0859715519925,2300
2024-09-06,767.7957763671875,769.7128694417622,767.7957763671875,769.7128694417622,200
2024-09-09,767.7957763671875,768.7543229044749,748.62484562144,749.5833921587274,3100
2024-09-10,763.9616088867188,767.795795129563,750.5419570367638,767.795795129563,1500
2024-09-11,748.624755859375,774.5055092629641,748.624755859375,760.1273129276368,2600
2024-09-12,753.4176025390625,753.4176025390625,751.5005094028307,751.5005094028307,700
2024-09-13,749.5833740234375,749.5833740234375,749.5833740234375,749.5833740234375,1000
2024-09-17,749.5833740234375,762.0444787066916,749.5833740234375,762.0444787066916,500
2024-09-18,754.3760986328125,755.3346451367933,748.6248196089283,752.4590056248511,3400
2024-09-19,780.2568969726562,780.2568969726562,755.3346865042422,755.3346865042422,3500
2024-09-20,777.3812255859375,777.3812255859375,775.4641325512002,775.4641325512002,3300
2024-09-24,778.3397827148438,780.2568757757177,777.3812361844067,780.2568757757177,1600
2024-09-25,780.2568969726562,786.0081763115211,778.3398038597013,778.3398038597013,3100
2024-09-26,782.1740112304688,784.0911043952493,780.2569180656882,780.2569180656882,4800
2024-09-27,792.8488159179688,792.8488159179688,782.1739848590977,782.1739848590977,1600
2024-09-30,786.0557250976562,790.9079209315925,771.4991375958479,783.1444075972946,2300
2024-10-01,776.351318359375,787.0261489868163,776.351318359375,786.0557098388672,2100
2024-10-02,785.0853271484375,785.0853271484375,783.1444487129655,785.0853271484375,500
2024-10-03,787.99658203125,798.6714125760083,787.99658203125,798.6714125760083,1000
2024-10-04,785.0853271484375,788.9670840193816,785.0853271484375,786.0557663661735,500
2024-10-07,786.0557250976562,789.9374817648052,783.1444075972946,788.967042598018,1600
2024-10-08,787.99658203125,790.9078994525477,786.0557037503849,786.0557037503849,1000
2024-10-09,786.0557250976562,793.8192384319541,786.0557250976562,793.8192384319541,600
2024-10-10,789.9375,793.8192567567568,788.9670608108107,793.8192567567568,800
2024-10-11,791.8783569335938,793.8192352594114,789.937478607776,789.937478607776,400
2024-10-15,779.2626342773438,786.0557082996867,774.4104385470988,776.3513168391968,5000
2024-10-16,782.1740112304688,785.0853288901354,779.262693570802,779.262693570802,1400
2024-10-17,783.1444091796875,784.1148483484355,782.1739700109395,783.1444091796875,1000
2024-10-18,792.8488159179688,792.8488159179688,784.1148632334379,784.1148632334379,1200
2024-10-21,790.9078979492188,800.6122893350987,790.9078979492188,792.8487762263948,2600
2024-10-22,795.7601318359375,795.7601318359375,789.9374967249428,789.9374967249428,200
2024-10-23,794.7896728515625,800.6123078175079,793.8192336905715,795.7601120125533,1000
2024-10-24,804.4940795898438,804.4940795898438,792.8488094389654,794.7896877974451,1400
2024-10-25,800.6123046875,815.1688920454545,798.6714263731061,813.2280137310606,1800
2024-10-28,801.582763671875,803.5236420342766,798.6714461282726,798.6714461282726,1500
2024-10-29,804.4940795898438,805.4645187690836,804.4940795898438,805.4645187690836,1300
2024-10-30,819.0506591796875,821.9619766886201,812.2575849921783,812.2575849921783,5100
2024-10-31,826.8141479492188,826.8141479492188,818.0801956821496,820.0210739637205,3200
2024-11-01,834.5776977539062,834.5776977539062,824.8733059195586,833.6072585704715,1500
2024-11-05,828.7550659179688,828.7550659179688,816.1393564836202,823.9028699816809,2700
2024-11-06,827.7846069335938,834.5776810819351,827.7846069335938,828.7550460976425,1200
2024-11-07,841.3707275390625,841.3707275390625,827.7845796895274,827.7845796895274,2600
2024-11-08,835.5481567382812,841.3707919768755,831.6663999125517,841.3707919768755,1800
2024-11-11,853.9864501953125,853.9864501953125,829.725471496582,829.725471496582,2700
2024-11-12,858.8386840820312,858.8386840820312,834.5777043057027,851.0751705536061,3200
2024-11-13,930.651123046875,952.000783846699,863.6908232656087,863.6908232656087,35500
2024-11-14,910.2719116210938,926.7693769703034,887.9518114427514,917.0649855884154,19200
2024-11-15,884.070068359375,902.5084122658823,883.0996292064009,901.5379731129082,7700
2024-11-18,887.9518432617188,892.8040391265368,882.129208223937,883.0996473969007,8800
2024-11-19,897.65625,898.6266891891892,887.951858108108,898.6266891891892,1300
2024-11-20,899.5971069335938,902.5084244317608,894.7449111033155,902.5084244317608,2400
2024-11-21,912.2128295898438,912.2128295898438,902.5084377856965,902.5084377856965,1600
2024-11-22,902.5084228515625,902.5084228515625,896.6857878654233,902.5084228515625,3400
2024-11-25,901.5380249023438,902.5084641110653,899.5971464849006,901.5380249023438,900
2024-11-26,898.6266479492188,903.4788436724866,898.6266479492188,901.5379653831794,600
2024-11-27,886.010986328125,898.6266958815376,886.010986328125,898.6266958815376,1100
2024-11-28,877.2770385742188,883.0996737859945,877.2770385742188,883.0996737859945,3400
2024-11-29,871.454345703125,871.454345703125,862.7203934633387,862.7203934633387,4200
2024-12-02,879.2178344726562,887.951786470729,859.8090522547168,871.4543215854804,1600
2024-12-03,881.1587524414062,883.0996307507486,831.6663555531775,866.602165121339,4600
2024-12-04,875.3361206054688,877.2769989216672,858.8386549177826,877.2769989216672,2600
2024-12-05,873.395263671875,876.306581217448,869.5135069444444,876.306581217448,500
2024-12-06,886.9813842773438,886.9813842773438,844.2820616206664,873.3952361593101,3800
2024-12-09,879.2178344726562,888.922225581626,873.3951998072744,874.3656389181714,3900
2024-12-10,886.9813842773438,887.9518234286319,875.3361144618863,887.9518234286319,3800
2024-12-11,886.9813842773438,892.8040191850725,880.1883102183269,881.1587493696151,7600
2024-12-12,891.8335571289062,892.8039962552707,887.9518006234485,891.8335571289062,4900
2024-12-13,879.2178344726562,886.981347359832,879.2178344726562,886.981347359832,2200
2024-12-16,883.099609375,889.8926832932692,879.2178528502747,879.2178528502747,1500
2024-12-17,900.5675659179688,910.2719577920848,890.8631740438527,890.8631740438527,4300
2024-12-18,893.7744750976562,909.3015018094505,893.7744750976562,903.4788667925277,2600
2024-12-19,897.65625,905.4197635135134,889.8927364864865,889.8927364864865,3100
2024-12-20,890.8631591796875,908.3310642616422,890.8631591796875,908.3310642616422,6600
2024-12-23,890.8631591796875,892.8040375221269,884.0700849811495,887.9518416660284,4100
2024-12-24,893.7744750976562,905.4197451315019,893.7744750976562,894.7449142671434,1500
2024-12-25,894.744873046875,897.6561904212141,893.7744339220952,893.7744339220952,1200
2024-12-26,899.5971069335938,899.5971069335938,893.7744719372598,894.7449111033155,2500
2024-12-27,897.65625,905.4197635135134,897.65625,903.4788851351351,2100
2024-12-30,896.685791015625,898.6266693511567,895.7153518478592,897.6562301833909,1700
2025-01-06,940.3555908203125,940.3555908203125,902.508461778009,902.508461778009,13700
2025-01-07,982.08447265625,984.9957902629385,946.1782221737587,958.7939318027421,16800
2025-01-08,994.7001342773438,1017.9906740067645,971.409594547923,982.0844252572408,14100
2025-01-09,969.4688110351562,998.5819885437195,960.7348577825873,998.5819885437195,8100
2025-01-10,961.7052612304688,961.7052612304688,946.1782338039426,961.7052612304688,5800
2025-01-14,982.08447265625,982.08447265625,955.8826141960536,957.8234926005126,7000
2025-01-15,1016.0498046875,1016.0498046875,980.1435556202244,980.1435556202244,11900
2025-01-16,1024.78369140625,1111.1527714584813,1014.1088612874348,1014.1088612874348,53500
2025-01-17,1019.9315185546875,1019.9315185546875,970.4391232680185,1018.9610794314194,14600
2025-01-20,1026.724609375,1026.724609375,1009.2567048676749,1018.9610962606333,7300
2025-01-21,1017.0202026367188,1018.9610808860255,1010.2271287641453,1018.9610808860255,2300
2025-01-22,1009.2567749023438,1019.9316061753493,1005.3750180757963,1019.9316061753493,3100
2025-01-23,972.3800048828125,1003.4340569349581,972.3800048828125,1003.4340569349581,6400
2025-01-24,980.1435546875,999.5523379486386,974.3209197091584,974.3209197091584,1900
2025-01-27,967.5278930664062,977.2322851733913,965.5870146450093,974.3209675412958,4800
2025-01-28,959.7643432617188,962.6756607842517,954.9121473908303,962.6756607842517,3700
2025-01-29,987.9070434570312,987.9070434570312,962.6756258441798,962.6756258441798,3600
2025-01-30,975.2913818359375,980.1435777654694,962.6756724191542,980.1435777654694,2100
2025-01-31,974.3209228515625,980.1435578486834,967.5278486882548,978.2026795163098,1700
2025-02-03,995.6705932617188,995.6705932617188,976.2618097673383,976.2618097673383,2700
2025-02-04,980.1435546875,993.729702970297,980.1435546875,993.729702970297,2000
2025-02-05,972.3800048828125,980.1435178958488,972.3800048828125,980.1435178958488,2600
2025-02-06,986.9366455078125,989.8479630461836,971.4096186364998,971.4096186364998,1100
2025-02-07,998.5818481445312,998.5818481445312,980.1435049815127,986.9365787784143,3400
2025-02-10,933.5624389648438,1063.6012818144166,901.537947815322,989.8479082579424,32700
2025-02-12,947.1486206054688,966.5574038145971,941.3259856427302,966.5574038145971,8100
2025-02-13,950.0599975585938,955.882632885817,948.1191191161861,955.882632885817,3300
2025-02-14,939.3851318359375,947.1486453221848,926.7694224207854,947.1486453221848,4300
2025-02-17,919.976318359375,940.3555406015131,919.976318359375,940.3555406015131,4700
2025-02-18,922.8876342773438,936.4737824160218,916.0945602080047,923.8580734301064,1600
2025-02-19,928.7103271484375,928.7103271484375,919.9763742285462,919.9763742285462,1500
2025-02-20,926.7694091796875,929.6807266954352,926.7694091796875,926.7694091796875,3500
2025-02-21,922.8876342773438,924.8285125828692,916.0945602080047,916.0945602080047,2300
2025-02-25,895.71533203125,929.6807021516116,895.71533203125,922.8876281275393,3000
2025-02-26,905.4197387695312,905.4197387695312,897.6562254681847,897.6562254681847,2100
2025-02-27,903.4788818359375,907.3606385785193,902.508442650292,907.3606385785193,1600
2025-02-28,905.4197387695312,917.065008721551,892.8040296548432,903.4788604441947,4000
2025-03-03,912.2128295898438,912.2128295898438,902.5084377856965,905.4197553269407,1500
2025-03-04,896.685791015625,912.2128176998783,895.7153518478592,904.4493043577517,4500
2025-03-05,910.2719116210938,911.2423507592825,896.6857636864506,896.6857636864506,3300
2025-03-06,951.0303955078125,951.0303955078125,912.2128283442283,912.2128283442283,4100
2025-03-07,945.2077026367188,951.0303373552201,924.828481121964,951.0303373552201,1900
2025-03-10,942.2965087890625,950.0600227646676,923.8581630970004,949.0895835177168,2000
2025-03-11,926.7694091796875,942.2964359303419,926.7694091796875,942.2964359303419,2400
2025-03-12,952.9712524414062,952.9712524414062,926.7693951950539,926.7693951950539,2900
2025-03-13,957.823486328125,969.468756678619,950.0599727611291,951.0304119570036,3100
2025-03-14,954.9121704101562,961.7052447931553,941.3260216441581,960.734805595584,2000
2025-03-17,943.2669067382812,953.941737987377,934.5329538981119,953.941737987377,3900
2025-03-18,951.0303955078125,952.0008346869022,942.296442896006,944.2373212541853,2400
2025-03-19,952.9712524414062,955.8825699132232,945.2077391832278,951.0303741268616,2100
2025-03-21,960.7347412109375,960.7347412109375,951.0303498855745,956.8529846807924,4600
2025-03-24,961.7052612304688,964.6165788729425,961.7052612304688,964.6165788729425,6000
2025-03-25,962.6756591796875,962.6756591796875,957.8234633168867,962.6756591796875,3300
2025-03-26,958.7938842773438,969.4687149727392,956.85300596909,963.646080047978,10300
2025-03-27,955.8826293945312,970.4392176594225,934.5329666060239,970.4392176594225,31700
2025-03-28,932.3531494140625,942.1570731723597,911.7649095216384,911.7649095216384,11600
2025-03-31,915.6864624023438,924.5099936246361,915.6864624023438,924.5099936246361,2400
2025-04-01,921.56884765625,927.451202002992,915.6864933095079,915.6864933095079,1000
2025-04-02,929.4119873046875,940.1963036130752,917.6472786046281,917.6472786046281,800
2025-04-03,896.07861328125,906.8629291960134,896.07861328125,902.9413597724631,3500
2025-04-04,851.9609985351562,887.2551250567508,848.0394289216457,887.2551250567508,7600
2025-04-07,776.4707641601562,797.0590041189482,719.6080061787306,719.6080061787306,17100
2025-04-08,806.8629150390625,833.3335088495785,784.3138906819562,784.3138906819562,5500
2025-04-09,815.6864624023438,824.5099938465999,806.8629309580876,806.8629309580876,3800
2025-04-10,838.2354736328125,850.0001820346765,838.2354736328125,839.2158659996345,1800
2025-04-11,842.1570434570312,843.1374358242688,836.2746892536062,836.2746892536062,1100
2025-04-14,877.451171875,894.117842178771,850.0001854923183,882.3531337290502,4500
2025-04-15,904.9021606445312,907.8433377647193,884.3139208032147,888.2354902967987,5800
2025-04-16,892.1570434570312,908.8237134996351,882.3531199025584,906.8629287887405,2400
2025-04-17,883.3335571289062,884.3139495341547,880.3923799131607,884.3139495341547,4200
2025-04-18,909.8041381835938,909.8041381835938,879.4119740847884,879.4119740847884,1100
2025-04-21,903.9217529296875,911.7648917837412,903.9217529296875,911.7648917837412,2500
2025-04-22,910.7845458984375,910.7845458984375,904.9021914577587,910.7845458984375,800
2025-04-23,903.9217529296875,910.7844994269846,903.9217529296875,910.7844994269846,700
2025-04-24,889.2158813476562,910.7845135302896,885.2943118599047,910.7845135302896,400
2025-04-25,908.82373046875,908.82373046875,886.274705872438,886.274705872438,3400
2025-04-28,904.9021606445312,908.8237301381153,893.1374521637789,900.0001987775511,1300
2025-04-30,885.2943115234375,895.0982352390902,885.2943115234375,895.0982352390902,3100
2025-05-01,878.4315795898438,885.2943263053894,877.4511872019086,885.2943263053894,3200
2025-05-02,882.3531494140625,882.3531494140625,878.4315798611111,878.4315798611111,1000
2025-05-07,892.1570434570312,892.1570434570312,882.3531199025584,886.2746893243475,1800
2025-05-08,890.1962890625,906.862959672701,890.1962890625,906.862959672701,600
2025-05-09,908.82373046875,909.8041228425027,890.1962753674487,890.1962753674487,700
2025-05-12,898.0394287109375,908.8237449945842,887.2551124272909,897.0590363215151,2000
2025-05-13,885.2943115234375,898.039412353786,884.3139191518723,898.039412353786,4800
2025-05-14,887.255126953125,891.1766965750172,885.2943421421788,885.2943421421788,1700
2025-05-15,894.1178588867188,900.9806056106299,884.313934995417,887.2551121628074,4200
2025-05-16,896.07861328125,896.07861328125,884.3139050105991,887.2550820782618,3200
2025-05-19,926.4708251953125,926.4708251953125,898.039445374504,898.039445374504,4000
2025-05-20,951.9610595703125,958.8238066526937,940.1963502862304,941.1767427265706,7000
2025-05-21,947.0590209960938,966.6668682216857,947.0590209960938,955.8825522476102,5100
2025-05-22,965.6865234375,965.6865234375,936.2747511500635,936.2747511500635,5200
2025-05-23,957.8433837890625,957.8433837890625,953.9218141522598,957.8433837890625,2200
2025-05-26,969.6080932617188,969.6080932617188,950.9806374761043,950.9806374761043,6100
2025-05-27,957.8433837890625,968.6277002902699,951.9610293338584,968.6277002902699,2100
2025-05-28,959.80419921875,960.7845916592186,957.8434143378129,957.8434143378129,3000
2025-05-29,968.627685546875,968.627685546875,952.9414072384236,959.8041539983711,1100
2025-05-30,963.7257690429688,963.7257690429688,951.9610597565846,960.7845917213727,1600
2025-06-02,960.7845458984375,960.7845458984375,951.9610143544722,953.9217991420202,1900
2025-06-03,963.7257690429688,963.7257690429688,954.9022370781806,956.8630219592447,1100
2025-06-04,952.94140625,960.7845453960905,950.9806214634774,960.7845453960905,1300
2025-06-05,956.8629760742188,960.7845456482935,953.9217988936628,953.9217988936628,500
2025-06-06,961.7649536132812,961.7649536132812,956.8629915663226,956.8629915663226,800
2025-06-09,964.7061157226562,964.7061157226562,956.8629765704395,960.7845461465479,1100
2025-06-10,957.8433837890625,965.6865230626679,957.8433837890625,958.8237761982631,3900
2025-06-11,962.7453002929688,962.7453002929688,957.8433384788497,957.8433384788497,300
2025-06-12,975.490478515625,980.3924407192212,972.5493011934674,972.5493011934674,5300
2025-06-13,964.7061157226562,978.4316092390355,960.7845461465479,970.5884700868188,5800
2025-06-16,971.5689086914062,971.5689086914062,964.7061616068049,965.6865540474623,2900
2025-06-17,980.3923950195312,980.3923950195312,972.549255859375,974.510040649414,2900
2025-06-18,981.372802734375,981.372802734375,971.5688786311346,974.5100558621067,2400
2025-06-19,1023.5296630859375,1023.5296630859375,982.3531823870779,982.3531823870779,3600
2025-06-20,997.05908203125,1024.5100695404683,997.05908203125,1024.5100695404683,5000
2025-06-23,986.2747192382812,988.2355039683773,984.3139345081853,986.2747192382812,4500
2025-06-24,987.2551879882812,1006.8630368063207,987.2551879882812,1006.8630368063207,600
2025-06-25,987.2551879882812,1006.8630368063207,986.2747955473793,1002.9414670427128,5500
2025-06-26,987.2551879882812,991.1767577518892,987.2551879882812,987.2551879882812,700
2025-06-27,984.31396484375,990.1963192153262,984.31396484375,990.1963192153262,1400
2025-06-30,981.372802734375,984.3139799653472,980.392410324051,981.372802734375,2700
2025-07-01,965.6865234375,975.4904475333122,965.6865234375,970.5884854854062,700
2025-07-02,951.9610595703125,966.6669461754152,941.1767427265706,954.9022368913331,1700
2025-07-03,941.1766967773438,953.9217978795369,941.1766967773438,944.117873954773,7200
2025-07-04,962.7453002929688,962.7453002929688,942.157060673669,942.157060673669,1900
2025-07-07,952.94140625,962.7453301826132,945.0982671039095,962.7453301826132,3200
2025-07-08,943.137451171875,959.8041213069289,943.137451171875,950.9805900589593,3100
2025-07-09,959.80419921875,959.80419921875,941.1767428498468,943.137527730784,3400
2025-07-10,967.6473388671875,967.6473388671875,946.0787051740992,946.0787051740992,1300
2025-07-11,967.6473388671875,967.6473388671875,960.7845917830231,967.6473388671875,400
2025-07-14,963.7257690429688,966.6669463645649,956.8630219592447,957.8434143997767,3000
2025-07-15,962.7453002929688,967.6472621070877,960.7845155673211,964.7060850186162,2500
2025-07-16,968.627685546875,971.5688627297096,968.627685546875,968.627685546875,1100
2025-07-17,981.372802734375,986.2747647859953,976.4708406827548,976.4708406827548,8300
2025-07-18,1002.9414672851562,1002.9414672851562,985.2944033446549,985.2944033446549,7700
2025-07-22,1009.8041381835938,1010.7845305507623,996.0786450432342,1002.941391613414,17000
2025-07-23,1018.627685546875,1022.5492550773731,991.1766988333885,1009.8041541032543,11400
2025-07-24,993.1375122070312,1013.7257528352125,992.1571197961654,1013.7257528352125,3300
2025-07-25,982.3531494140625,987.255111237486,972.5492257672156,986.2747188728013,2500
2025-07-28,982.3531494140625,982.3531494140625,981.3727570493778,981.3727570493778,300
2025-07-29,985.2943725585938,985.2943725585938,985.2943725585938,985.2943725585938,200
2025-07-30,982.3531494140625,983.3335417787472,979.4119723200084,983.3335417787472,3100
2025-07-31,990.1962890625,994.1178585241336,980.3923654084158,981.3727577738242,1500
2025-08-01,995.0983276367188,995.0983276367188,995.0983276367188,995.0983276367188,300
2025-08-04,1000.000244140625,1000.000244140625,980.3923962162991,980.3923962162991,1700
2025-08-05,1019.6080932617188,1034.3139792222244,1000.0002453143779,1000.0002453143779,5100
2025-08-06,1063.725830078125,1063.725830078125,1033.3336635044643,1038.2356258550549,4300
2025-08-07,1078.431640625,1089.21595703125,1069.6081090198863,1069.6081090198863,8700
2025-08-08,1074.5101318359375,1078.4317016601562,1033.3336486816406,1076.4709167480469,5800
2025-08-12,1163.725830078125,1207.8434900221146,1038.2355973485546,1067.6473706445477,93700
2025-08-13,1178.431640625,1190.1963491836523,1167.6473244462354,1176.4708558652246,20300
2025-08-14,1151.9610595703125,1176.4708693484042,1151.9610595703125,1175.4904769572806,6300
2025-08-15,1176.470947265625,1188.2356567382812,1151.9611358642578,1151.9611358642578,4100
2025-08-18,1266.6668701171875,1266.6668701171875,1195.0982311709377,1195.0982311709377,19900
2025-08-19,1279.4119873046875,1286.2747335967433,1254.902179118774,1282.353164286997,10500
2025-08-20,1273.52978515625,1291.1768491537962,1264.706253157477,1285.2944944879475,9600
2025-08-21,1264.7061767578125,1273.5297082235647,1264.7061767578125,1273.5297082235647,3400
2025-08-22,1256.863037109375,1272.549315263626,1254.9022523400936,1272.549315263626,3800
2025-08-25,1264.7061767578125,1272.549315838481,1257.8434300622275,1272.549315838481,4100
2025-08-26,1259.80419921875,1267.647338202213,1246.0787059976897,1246.0787059976897,6900
2025-08-27,1262.745361328125,1262.745361328125,1246.0786911863718,1250.0002606314902,2200
2025-08-28,1248.0394287109375,1250.0002133593443,1240.1962901173101,1250.0002133593443,1200
2025-08-29,1251.9610595703125,1253.9218443151367,1246.0787053358397,1248.0394900806639,800
2025-09-01,1259.80419921875,1259.80419921875,1247.0590983706227,1247.0590983706227,2400
2025-09-02,1273.52978515625,1288.2356718208719,1259.8042909359363,1259.8042909359363,6000
2025-09-03,1277.4512939453125,1277.4512939453125,1267.6473699702908,1273.5297243553039,1800
2025-09-04,1276.470947265625,1279.4121245634722,1274.5101624003937,1277.4513396982406,1900
2025-09-05,1275.490478515625,1281.3728327593558,1274.51008614167,1276.47087088958,2000
2025-09-08,1278.431640625,1279.4120329874424,1269.6081093630175,1276.4708559001149,2700
2025-09-09,1246.0787353515625,1273.529722440346,1239.2159885793667,1273.529722440346,7500
2025-09-10,1254.90234375,1261.7650909423828,1246.0788116455078,1246.0788116455078,1500
2025-09-11,1263.7257080078125,1263.7257080078125,1250.000215446052,1254.9021770752522,1100
2025-09-12,1263.7257080078125,1264.7061003336526,1255.8825694010923,1255.8825694010923,2100
2025-09-16,1313.7257080078125,1324.5100235213094,1256.8629534821011,1256.8629534821011,11800
2025-09-17,1338.235595703125,1382.353252704327,1316.6669633914262,1318.6277481470352,12700
2025-09-18,1303.921875,1354.9022791353384,1274.5101033834587,1353.9218867481204,7500
2025-09-19,1310.78466796875,1328.4317315614483,1309.8042755469335,1315.686630077833,2400
2025-09-22,1289.216064453125,1310.784698231048,1284.3141022308698,1286.2748871197718,5700
2025-09-24,1279.4119873046875,1294.1178722162356,1279.4119873046875,1289.215910579053,4400
2025-09-25,1280.3924560546875,1303.9218733175608,1265.6865702653918,1278.4316712827815,4900
2025-09-26,1284.3140869140625,1284.3140869140625,1274.5101625864743,1282.353302048545,5000
2025-09-29,1314.5040283203125,1314.5040283203125,1279.859720345003,1284.8089071986187,2700
2025-09-30,1307.5751953125,1313.5142196666825,1304.6056831354088,1313.5142196666825,8400
2025-10-01,1218.4898681640625,1305.5955614203074,1168.9979969957415,1296.6870246100095,9000
2025-10-02,1217.5,1237.2967479674796,1200.6727642276423,1220.469512195122,3900
2025-10-03,1209.581298828125,1237.2967459371164,1203.642274447627,1203.642274447627,2600
2025-10-06,1220.469482421875,1251.1544410229117,1220.469482421875,1232.3475309125988,2700
2025-10-07,1237.2967529296875,1251.1544765625,1217.5000048828124,1222.4491918945312,6000
2025-10-08,1229.3780517578125,1241.2561005670666,1191.7642305285074,1241.2561005670666,2300
2025-10-09,1214.530517578125,1235.3171034535453,1206.6118181970126,1234.3272660309062,5400
2025-10-10,1166.0284423828125,1202.652425717417,1140.2926703098472,1202.652425717417,9600
2025-10-14,1174.93701171875,1182.8557110395166,1133.363840284725,1153.1605885866418,4600
2025-10-15,1187.804931640625,1213.5407051595053,1174.9370448811849,1179.8862320963542,3400
2025-10-16,1180.8759765625,1197.7032117691742,1177.9064644672046,1187.8048381181893,10400
2025-10-17,1198.693115234375,1198.693115234375,1177.906529421062,1177.906529421062,2700
2025-10-20,1285.798828125,1285.798828125,1213.5406953666281,1221.4593948469976,14500
2025-10-21,1241.256103515625,1285.798786656138,1241.256103515625,1285.798786656138,7400
2025-10-22,1266.0020751953125,1277.8801243761911,1241.2561394018155,1241.2561394018155,1000
2025-10-23,1247.1951904296875,1252.1443776932974,1244.2256780715215,1248.1850278824095,1600
2025-10-24,1254.1240234375,1267.981747453384,1243.235811710734,1244.22564914044,1600
2025-10-27,1239.2764892578125,1254.1240510300706,1239.2764892578125,1242.246001612264,4500
2025-10-28,1219.479736328125,1238.2866478461724,1219.479736328125,1237.296810397854,2300
2025-10-29,1179.88623046875,1218.4898906938183,1153.1606195437028,1218.4898906938183,7800
2025-10-30,1176.9166259765625,1177.9064633407145,1157.1198786935254,1173.947113884107,4600
2025-10-31,1176.9166259765625,1180.87597543317,1163.0589028784366,1170.9776017916513,3500
2025-11-04,1176.9166259765625,1176.9166259765625,1168.0080896991958,1176.9166259765625,1800
2025-11-05,1164.048828125,1176.9167148304634,1145.2419167862458,1176.9167148304634,4100
2025-11-06,1153.1605224609375,1160.0893839692865,1149.2011730275951,1158.1097092526154,3600
2025-11-07,1155.1402587890625,1155.1402587890625,1142.2723724443686,1151.1809091445414,6100
2025-11-10,1227.3984375,1256.1037235383064,1159.0996534778226,1159.0996534778226,5500
2025-11-11,1200.6727294921875,1223.4389889961615,1197.7032173829734,1223.4389889961615,4600
2025-11-12,1179.88623046875,1285.7988367272703,1158.109806752045,1230.3679399938392,48900
2025-11-13,1178.8963623046875,1201.6626228697653,1177.9065248888146,1180.8760371364333,27800
2025-11-14,1153.1605224609375,1182.8556432110045,1146.2316609525885,1182.8556432110045,10000
2025-11-17,1083.8719482421875,1153.160565938035,1071.993899494328,1153.160565938035,17400
2025-11-18,1076.943115234375,1088.8211642994602,1054.1768545262955,1081.8923023448272,12700
2025-11-19,1071.0040283203125,1088.8211008801698,1037.3495579294708,1069.0243535914394,9500
2025-11-20,1068.0345458984375,1093.7703180887613,1062.0955215468243,1079.9125946016638,8800
2025-11-21,1066.054931640625,1087.8313554995793,1060.1159069518194,1066.054931640625,6400
2025-11-25,1072.9837646484375,1087.8313259673735,1071.9939272271752,1082.8821388610615,5200
2025-11-26,1083.8719482421875,1085.8516230334974,1072.983736889983,1072.983736889983,1700
2025-11-27,1098.719482421875,1104.6585066511825,1085.8515965917088,1085.8515965917088,2900
2025-11-28,1128.4146728515625,1133.3638600131922,1106.638249340392,1106.638249340392,10600
2025-12-01,1108.617919921875,1131.3841807774136,1108.617919921875,1131.3841807774136,2300
2025-12-02,1088.8211669921875,1138.313038219105,1088.8211669921875,1108.6179154829545,4800
2025-12-03,1075.9532470703125,1099.709344521727,1069.0243853136499,1099.709344521727,3800
2025-12-04,1092.780517578125,1135.3435268678527,1081.8923058993573,1081.8923058993573,5300
2025-12-05,1094.7601318359375,1095.7499692064944,1088.821107612596,1095.7499692064944,2900
2025-12-08,1119.506103515625,1137.3231767811255,1094.7601684246517,1094.7601684246517,2200
2025-12-09,1115.5467529296875,1129.4044765685655,1112.5772407213565,1121.4857773463496,3500
2025-12-10,1113.567138671875,1115.5468135850695,1092.7805520833333,1115.5468135850695,4500
2025-12-11,1093.7703857421875,1113.5671348053945,1093.7703857421875,1113.5671348053945,2100
2025-12-12,1092.780517578125,1113.5671035103176,1090.8008427274399,1113.5671035103176,2900
2025-12-15,1132.3740234375,1133.3638608705749,1093.7703635475852,1093.7703635475852,4100
2025-12-16,1120.4959716796875,1133.3638582802494,1110.597597371563,1133.3638582802494,3500
2025-12-17,1153.1605224609375,1158.1097092526154,1133.3637752942261,1133.3637752942261,2500
2025-12-18,1195.7236328125,1256.1037169197537,1163.05899714792,1163.05899714792,21600
2025-12-19,1227.3984375,1227.3984375,1190.7744518649195,1214.530550655242,10700
2025-12-22,1220.469482421875,1227.3983440414638,1212.550783428059,1221.459319796102,9200
2025-12-23,1194.7337646484375,1217.500025283826,1193.7439272295076,1217.500025283826,5300
2025-12-24,1194.7337646484375,1199.6829517430872,1189.7845775537878,1191.7642523916477,3000
2025-12-25,1187.804931640625,1195.7236311848958,1180.876069539388,1195.7236311848958,2800
2025-12-26,1197.7032470703125,1213.5406453786802,1187.8048731275826,1213.5406453786802,6900
2025-12-29,1192.7540283203125,1216.5101251499286,1192.7540283203125,1216.5101251499286,3500
2025-12-30,1188.794677734375,1197.7032140371305,1188.794677734375,1190.7743524683206,6200
2026-01-05,1230.367919921875,1231.3577573473954,1191.7642603265788,1191.7642603265788,4700
2026-01-06,1247.1951904296875,1247.1951904296875,1227.398441375248,1230.367953733414,3500
2026-01-07,1250.1646728515625,1250.1646728515625,1219.4797125519597,1246.2053231354846,2800
2026-01-08,1242.2459716796875,1247.1951588178536,1236.306947113888,1237.2967845415214,2700
2026-01-09,1229.3780517578125,1251.1544745747785,1227.39837695627,1249.1747997732361,2400
2026-01-13,1219.479736328125,1229.3781108113078,1212.550874189897,1229.3781108113078,4800
2026-01-14,1224.4288330078125,1224.4288330078125,1212.550784506524,1223.4389956327052,2600
2026-01-15,1229.3780517578125,1229.3780517578125,1216.510165547787,1225.4187021547277,2600
2026-01-16,1237.2967529296875,1237.2967529296875,1225.4187041015625,1229.3780537109374,2300
2026-01-19,1250.1646728515625,1251.154510280582,1242.245973419407,1242.245973419407,3300
2026-01-20,1246.205322265625,1250.1646719789392,1228.3882485557112,1249.1748345506105,5700
2026-01-21,1227.3984375,1239.2764868951613,1227.3984375,1239.2764868951613,4600
2026-01-22,1229.3780517578125,1232.347563960126,1225.4187021547277,1232.347563960126,1800
2026-01-23,1225.418701171875,1236.3069125716252,1225.418701171875,1236.3069125716252,1000
2026-01-26,1211.56103515625,1224.42892196755,1203.6423355800653,1224.42892196755,3200
2026-01-27,1205.6219482421875,1225.4186961607784,1205.6219482421875,1225.4186961607784,600
2026-01-28,1207.6016845703125,1214.5305466948962,1205.6220096775744,1205.6220096775744,600
2026-01-29,1176.9166259765625,1202.6523974445108,1172.957276519955,1202.6523974445108,5800
2026-01-30,1180.8759765625,1181.8658139275985,1176.916627102106,1176.916627102106,2300
2026-02-02,1177.906494140625,1193.7438923811712,1177.906494140625,1191.764217601103,2700
2026-02-03,1185.8251953125,1187.8048700959932,1172.9573092197934,1176.91665878678,3300
2026-02-04,1212.55078125,1217.499968112245,1185.8251721938775,1185.8251721938775,2400
2026-02-05,1217.5,1217.5,1216.510162601626,1216.510162601626,700
2026-02-06,1216.5101318359375,1221.459318702642,1211.560944969233,1217.4999692092783,3800
2026-02-09,1215.5203857421875,1217.5000606375331,1207.6016861608052,1217.5000606375331,2800
2026-02-10,1219.479736328125,1219.479736328125,1216.5102239831701,1216.5102239831701,2200
2026-02-12,1248.1849365234375,1316.4837157622298,1222.4491646363563,1222.4491646363563,52100
2026-02-13,1251.154541015625,1283.819176975685,1246.2053537489494,1266.9919402689875,11700
2026-02-16,1307.5751953125,1321.4329188055924,1247.195114378312,1251.1544639477668,12600
2026-02-17,1286.78857421875,1314.5040204326922,1255.113778545673,1311.5345083383413,3100
2026-02-18,1264.0223388671875,1286.7885986901674,1263.0325014835796,1286.7885986901674,1800
2026-02-19,1289.7581787109375,1289.7581787109375,1266.9919176899461,1268.9715925613368,3200
2026-02-20,1262.042724609375,1301.6362218520221,1253.1341877297793,1285.7988229549633,4600
2026-02-24,1280.849609375,1281.8394467856454,1264.0223733940302,1267.9817230366114,3800
2026-02-25,1268.9715576171875,1276.8902568846893,1261.0528583496855,1276.8902568846893,4200
2026-02-26,1264.0223388671875,1266.991851018011,1259.0731519491483,1266.991851018011,4100
2026-02-27,1264.0223388671875,1270.9512005524423,1262.0426640999717,1266.991851018011,2000
2026-03-02,1286.78857421875,1296.6869478665865,1260.0629653695912,1260.0629653695912,4400
2026-03-03,1292.7276611328125,1311.5345719762454,1278.8699373534407,1285.7987992431267,4000
2026-03-04,1266.0020751953125,1292.7276858522894,1237.296789674856,1281.8394741031507,11900
2026-03-05,1266.991943359375,1286.7886924743652,1266.991943359375,1272.930968093872,3500
2026-03-06,1295.6971435546875,1299.6564931148241,1258.08332273339,1266.9918592436975,1900
2026-03-09,1294.707275390625,1294.707275390625,1211.560936604071,1250.1645938978284,17500
2026-03-10,1283.819091796875,1296.6869778364737,1268.9715309819535,1294.7073030611507,4100
2026-03-11,1296.68701171875,1306.5853858540077,1283.8191253429152,1302.6260361999045,4400
2026-03-12,1321.4329833984375,1321.4329833984375,1295.6972099389923,1295.6972099389923,3100
2026-03-13,1301.63623046875,1328.361841284458,1295.697205843037,1316.4837920330324,4400
2026-03-16,1292.7276611328125,1292.7276611328125,1269.9614006381305,1282.8292870046898,3900
2026-03-17,1292.7276611328125,1292.7276611328125,1275.900425115004,1288.7683114815634,1800
2026-03-18,1286.78857421875,1297.67678523137,1286.78857421875,1294.7072731370192,2800
2026-03-19,1268.9715576171875,1286.7886309690668,1259.07318353281,1283.8191187437535,3500
2026-03-23,1248.1849365234375,1286.7885943540591,1243.2357496220757,1286.7885943540591,9500
2026-03-24,1271.9410400390625,1271.9410400390625,1254.123967104663,1257.0934792603964,2800
2026-03-25,1273.9207763671875,1276.8902886664118,1266.9919143356644,1271.941101501038,4200
2026-03-26,1276.8902587890625,1281.8394458386324,1273.9207465593204,1273.9207465593204,4200
2026-03-27,1217.5,1286.7886178861788,1217.5,1266.0020325203252,37800
2026-03-30,1191.0,1232.0,1185.0,1217.0,20500
2026-03-31,1158.0,1217.0,1125.0,1187.0,11200
2026-04-01,1179.0,1205.0,1153.0,1174.0,4100
2026-04-02,1217.0,1217.0,1179.0,1179.0,1900
2026-04-03,1212.0,1234.0,1210.0,1210.0,6700
2026-04-06,1218.0,1225.0,1212.0,1212.0,1300
2026-04-07,1235.0,1277.0,1218.0,1218.0,7600
2026-04-08,1241.0,1259.0,1240.0,1240.0,3900
2026-04-09,1214.0,1245.0,1214.0,1245.0,4100
2026-04-10,1221.0,1221.0,1214.0,1214.0,500
2026-04-13,1248.0,1248.0,1228.0,1230.0,2000
2026-04-14,1238.0,1251.0,1231.0,1251.0,1800
2026-04-15,1229.0,1238.0,1229.0,1236.0,1000
2026-04-16,1242.0,1250.0,1233.0,1240.0,1600
2026-04-17,1270.0,1270.0,1235.0,1235.0,1900
2026-04-20,1261.0,1280.0,1261.0,1280.0,4500
2026-04-21,1250.0,1261.0,1239.0,1261.0,700
2026-04-22,1234.0,1259.0,1221.0,1250.0,1600
2026-04-23,1266.0,1266.0,1234.0,1234.0,2200
2026-04-24,1228.0,1259.0,1221.0,1259.0,3000
