Date,Open,High,Low,Close,Volume
2005-01-03 00:00:00+09:00,802.7110595703125,802.7110595703125,802.7110595703125,802.7110595703125,0
2005-01-04 00:00:00+09:00,803.3390015306752,816.5290867786379,803.3390015306752,815.2728881835938,108000
2005-01-05 00:00:00+09:00,813.3885227094208,816.5290189360982,811.5042249734145,812.13232421875,178000
2005-01-06 00:00:00+09:00,801.4546513640823,802.7108498771922,788.8926662329839,790.1488647460938,349000
2005-01-07 00:00:00+09:00,796.4297820874975,796.4297820874975,788.8925917207388,789.5206909179688,189000
2005-01-10 00:00:00+09:00,789.5206909179688,789.5206909179688,789.5206909179688,789.5206909179688,0
2005-01-11 00:00:00+09:00,790.7770401480503,792.6613380991577,778.2150538073346,779.4712524414062,464000
2005-01-12 00:00:00+09:00,772.5619297401578,772.5619297401578,767.5371367011975,768.7933349609375,580000
2005-01-13 00:00:00+09:00,763.1403412690033,767.537034593187,758.7436479448198,766.908935546875,195000
2005-01-14 00:00:00+09:00,763.7684447433775,763.7684447433775,755.6031570939829,758.74365234375,438000
2005-01-17 00:00:00+09:00,758.743944017968,759.3720433093737,752.462951103912,758.1158447265625,298000
2005-01-18 00:00:00+09:00,759.99998636932,761.8842838561861,758.1156888824539,759.3718872070312,154000
2005-01-19 00:00:00+09:00,767.5374157080843,768.7936144244642,761.884521484375,761.884521484375,218000
2005-01-20 00:00:00+09:00,763.7686220646301,763.7686220646301,753.7190349322008,755.6033325195312,218000
2005-01-21 00:00:00+09:00,751.834839799022,754.9753362058684,734.8761592020516,740.529052734375,452000
2005-01-24 00:00:00+09:00,734.2479791275375,740.5289712500999,724.826490943694,736.7603759765625,269000
2005-01-25 00:00:00+09:00,748.0661418665593,751.2066378441688,743.6694474979062,749.950439453125,215000
2005-01-26 00:00:00+09:00,754.9753020164378,760.0000960398418,728.5951333935673,730.4794311523438,348000
2005-01-27 00:00:00+09:00,727.3387564576373,727.3387564576373,714.1486753819806,716.6610717773438,791000
2005-01-28 00:00:00+09:00,718.5457137968885,727.3391053992981,718.5457137968885,724.1986083984375,387000
2005-01-31 00:00:00+09:00,719.8017371013416,739.9009130064402,719.8017371013416,732.9918212890625,330000
2005-02-01 00:00:00+09:00,742.4132343900756,742.4132343900756,729.2231515455818,732.3636474609375,195000
2005-02-02 00:00:00+09:00,743.6693366063784,743.6693366063784,731.1073545691085,733.6197509765625,183000
2005-02-03 00:00:00+09:00,731.735581802448,732.9917802261432,718.5454983536486,719.8016967773438,306000
2005-02-04 00:00:00+09:00,726.0827300489995,726.0827300489995,713.5207451000548,716.0331420898438,271000
2005-02-07 00:00:00+09:00,734.8759491802895,744.2974357082419,732.991651874699,733.6197509765625,488000
2005-02-08 00:00:00+09:00,739.900837657791,742.4132343900756,731.1074490947952,732.3636474609375,199000
2005-02-09 00:00:00+09:00,741.785061524263,750.5784492137971,738.644565920858,743.041259765625,401000
2005-02-10 00:00:00+09:00,747.438096697621,753.0909898659223,745.5537989748539,752.462890625,198000
2005-02-11 00:00:00+09:00,752.462890625,752.462890625,752.462890625,752.462890625,0
2005-02-14 00:00:00+09:00,759.9999785483133,761.8842760157884,746.1817971201621,750.5784912109375,244000
2005-02-15 00:00:00+09:00,749.9504801432291,754.347174750434,749.9504801432291,751.8347778320312,124000
2005-02-16 00:00:00+09:00,750.5784492137971,750.5784492137971,739.272665041539,743.041259765625,210000
2005-02-17 00:00:00+09:00,744.2975938130305,749.9504869305978,740.528998401319,749.3223876953125,177000
2005-02-18 00:00:00+09:00,744.2976004930091,754.3471883477671,744.2976004930091,752.462890625,152000
2005-02-21 00:00:00+09:00,751.2066921431552,754.3471883477671,744.2976004930091,752.462890625,164000
2005-02-22 00:00:00+09:00,746.1820557469625,746.1820557469625,738.0167638911456,739.9010620117188,132000
2005-02-23 00:00:00+09:00,732.3637220420283,735.5042182771998,728.5951265598222,732.9918212890625,150000
2005-02-24 00:00:00+09:00,731.7356979198967,734.2480951659736,727.9671020507814,727.9671020507812,91000
2005-02-25 00:00:00+09:00,734.247904702665,738.0164995942099,732.9917064054833,736.1322021484375,153000
2005-02-28 00:00:00+09:00,743.0415056875336,744.9258036732163,731.7357177734375,731.7357177734375,171000
2005-03-01 00:00:00+09:00,731.1073808694687,732.3635791183852,724.1982905004273,729.2230834960938,175000
2005-03-02 00:00:00+09:00,736.1323647357048,741.157159034242,735.5042654483876,738.0166625976562,216000
2005-03-03 00:00:00+09:00,741.1569832432059,748.0660737649646,740.5288841048642,746.8098754882812,202000
2005-03-04 00:00:00+09:00,739.2727122040569,745.5537038115681,736.7603155610525,742.4132080078125,152000
2005-03-07 00:00:00+09:00,744.2976006976629,747.4380969031383,739.9009060099974,741.1571044921875,56000
2005-03-08 00:00:00+09:00,744.9258569999138,744.9258569999138,739.2729626381944,739.9010620117188,161000
2005-03-09 00:00:00+09:00,737.3885090456171,744.925699938758,737.3885090456171,741.1571044921875,185000
2005-03-10 00:00:00+09:00,733.6199205360969,737.3885160183029,732.9918212890625,732.9918212890625,186000
2005-03-11 00:00:00+09:00,733.6200157591202,734.2481150876811,729.8514197877548,731.7357177734375,2078000
2005-03-14 00:00:00+09:00,730.4793419224696,730.4793419224696,716.6611600460343,717.9173583984375,308000
2005-03-15 00:00:00+09:00,722.9423855060197,722.9423855060197,711.0084973004468,711.6365966796875,264000
2005-03-16 00:00:00+09:00,714.7767033552259,731.1072783000728,714.7767033552259,727.3386840820312,217000
2005-03-17 00:00:00+09:00,722.3140258789062,724.1983233377207,719.1735301142153,722.3140258789062,174000
2005-03-18 00:00:00+09:00,721.685926725968,724.826422490659,721.0578275730298,722.3140258789062,166000
2005-03-21 00:00:00+09:00,722.3140258789062,722.3140258789062,722.3140258789062,722.3140258789062,0
2005-03-22 00:00:00+09:00,717.2893746481628,721.0579703118135,714.7769775390625,714.7769775390625,179000
2005-03-23 00:00:00+09:00,717.9172739637442,717.9172739637442,701.5866973031516,702.8428955078125,361000
2005-03-24 00:00:00+09:00,701.586663769357,706.6114563478304,699.7023665524295,704.0990600585938,182000
2005-03-25 00:00:00+09:00,714.1485772578361,726.0824584960936,712.2642802202165,726.0824584960938,247000
2005-03-28 00:00:00+09:00,731.1957917944785,735.0307347584356,728.6391631518405,729.2783203125,122000
2005-03-29 00:00:00+09:00,731.8351212822772,733.1134359046043,723.526076237151,726.7218627929688,138000
2005-03-30 00:00:00+09:00,733.7524473505434,738.2265476392663,733.7524473505434,735.03076171875,227000
2005-03-31 00:00:00+09:00,742.7009359073229,749.0925102266631,740.7834636115209,744.618408203125,218000
2005-04-01 00:00:00+09:00,745.257557433977,749.7316594082805,738.865983184972,742.700927734375,197000
2005-04-04 00:00:00+09:00,746.5357266166594,747.1748839168449,736.948367113877,737.5875244140625,120000
2005-04-05 00:00:00+09:00,743.979369397312,759.9583077434742,743.979369397312,758.6799926757812,441000
2005-04-06 00:00:00+09:00,760.5971442328558,794.4724792281007,755.483886120366,782.3284912109375,1023000
2005-04-07 00:00:00+09:00,779.7718154199865,779.7718154199865,768.906142582167,772.1019287109375,412000
2005-04-08 00:00:00+09:00,783.6068725585938,786.1635018328469,780.4110859657773,783.6068725585938,241000
2005-04-11 00:00:00+09:00,782.3285027420094,791.2767045707578,782.3285027420094,784.8851318359375,205000
2005-04-12 00:00:00+09:00,779.7719059084437,781.6893778082185,774.658647509044,778.4935913085938,68000
2005-04-13 00:00:00+09:00,770.1845322221346,775.2977905273438,769.5453749339835,775.2977905273438,109000
2005-04-14 00:00:00+09:00,770.184381220208,771.4626955458847,765.0711239175013,768.9060668945312,217000
2005-04-15 00:00:00+09:00,761.2364087749602,768.2671396704468,761.2364087749602,765.7105102539062,258000
2005-04-18 00:00:00+09:00,744.6183834933904,753.5665872435255,736.3093371539792,738.865966796875,509000
2005-04-19 00:00:00+09:00,740.7834636115209,745.896723066993,740.1443061795869,744.618408203125,272000
2005-04-20 00:00:00+09:00,749.0921081854902,757.4011503411314,740.1439089409537,750.3704223632812,114000
2005-04-21 00:00:00+09:00,741.4225964397707,741.4225964397707,731.8352352789116,738.865966796875,165000
2005-04-22 00:00:00+09:00,762.5146696108494,762.5146696108494,753.5664672851562,753.5664672851562,129000
2005-04-25 00:00:00+09:00,754.205474084165,766.3494605312828,752.9271597213104,760.5970458984375,157000
2005-04-26 00:00:00+09:00,757.4013467745744,766.3495483398438,754.8447177559261,766.3495483398438,119000
2005-04-27 00:00:00+09:00,765.0712251184775,770.1844830975484,763.153753376326,764.4320678710938,151000
2005-04-28 00:00:00+09:00,751.6487396110372,754.2053679770611,747.1746399704953,751.0095825195312,99000
2005-04-29 00:00:00+09:00,751.0095825195311,751.0095825195311,751.0095825195311,751.0095825195312,0
2005-05-02 00:00:00+09:00,750.3705309956014,765.0711461684283,745.2572735441834,760.5970458984375,236000
2005-05-03 00:00:00+09:00,760.5970458984375,760.5970458984375,760.5970458984375,760.5970458984375,0
2005-05-04 00:00:00+09:00,760.5970458984375,760.5970458984375,760.5970458984375,760.5970458984375,0
2005-05-05 00:00:00+09:00,760.5970458984375,760.5970458984375,760.5970458984375,760.5970458984375,0
2005-05-06 00:00:00+09:00,764.4319667546629,770.8235383830463,764.4319667546629,768.9060668945312,152000
2005-05-09 00:00:00+09:00,775.9369478154949,775.9369478154949,770.8236895102857,775.2977905273438,162000
2005-05-10 00:00:00+09:00,774.0194673396339,774.0194673396339,767.6278945292323,773.3803100585938,77000
2005-05-11 00:00:00+09:00,771.46287640716,772.102033719842,766.9887752183861,768.26708984375,73000
2005-05-12 00:00:00+09:00,766.349765273881,767.6280801450634,756.7624037400126,759.9581909179688,157000
2005-05-13 00:00:00+09:00,755.4839392120905,757.4014111390247,751.009838049244,753.5664672851562,115000
2005-05-16 00:00:00+09:00,748.4532689627843,749.7315836834722,738.2267511972808,739.5050659179688,96000
2005-05-17 00:00:00+09:00,749.7316118398608,749.7316118398608,729.2785755407342,731.835205078125,138000
2005-05-18 00:00:00+09:00,737.5875938369369,743.3400100800326,737.5875938369369,739.5050659179688,99000
2005-05-19 00:00:00+09:00,752.28804838929,758.0404633727255,750.3705767281448,757.4013061523438,123000
2005-05-20 00:00:00+09:00,764.4318476496517,766.3493188394083,756.1228058273729,756.761962890625,83000
2005-05-23 00:00:00+09:00,754.8446714090071,756.762143055262,751.0097281164974,756.1229858398438,124000
2005-05-24 00:00:00+09:00,764.4318476496517,766.9884759026605,756.761962890625,756.761962890625,76000
2005-05-25 00:00:00+09:00,760.5971976839152,760.5971976839152,753.5664672851562,753.5664672851562,58000
2005-05-26 00:00:00+09:00,751.0099742580815,752.2882891078825,742.700927734375,742.700927734375,61000
2005-05-27 00:00:00+09:00,752.9271552726013,752.9271552726013,744.6181119631415,746.5355834960938,113000
2005-05-30 00:00:00+09:00,733.7527264818896,748.4533473086173,733.7527264818896,743.340087890625,163000
2005-05-31 00:00:00+09:00,740.1441040039062,740.7832612612499,738.2266322318754,740.1441040039062,160000
2005-06-01 00:00:00+09:00,733.7525227864584,738.2266235351562,733.7525227864584,738.2266235351562,196000
2005-06-02 00:00:00+09:00,743.9789338814196,746.5355625201873,741.4223052426518,742.0614624023438,148000
2005-06-03 00:00:00+09:00,740.7832525344122,742.0615670340402,736.9483090355283,738.2266235351562,70000
2005-06-06 00:00:00+09:00,733.7524443809834,735.0307587440166,732.4741300179504,734.3916015625,92000
2005-06-07 00:00:00+09:00,729.9178088032608,729.9178088032608,719.6912895906056,720.9696044921875,271000
2005-06-08 00:00:00+09:00,721.6087619429784,724.1653917461422,720.9696044921875,720.9696044921875,234000
2005-06-09 00:00:00+09:00,724.1652663060809,725.4435809862327,720.330322265625,720.330322265625,129000
2005-06-10 00:00:00+09:00,720.9694739583334,720.9694739583334,717.1345299479167,719.052001953125,1195000
2005-06-13 00:00:00+09:00,719.0519380399766,722.8868817095231,718.4127807617188,718.4127807617188,173000
2005-06-14 00:00:00+09:00,728.6393146346101,728.6393146346101,722.2477416992188,722.2477416992188,112000
2005-06-15 00:00:00+09:00,723.526076237151,728.0001774152959,723.526076237151,726.7218627929688,188000
2005-06-16 00:00:00+09:00,725.4435281669145,726.0826854604536,721.6085844056796,722.2477416992188,134000
2005-06-17 00:00:00+09:00,723.526076237151,728.6393347264594,723.526076237151,726.7218627929688,264000
2005-06-20 00:00:00+09:00,729.9176292216883,729.9176292216883,722.2477416992188,722.2477416992188,111000
2005-06-21 00:00:00+09:00,720.3302698186013,723.526056286297,720.3302698186013,722.2477416992188,100000
2005-06-22 00:00:00+09:00,719.0521321398146,721.6087619429784,716.4955023366508,720.9696044921875,158000
2005-06-23 00:00:00+09:00,721.608642578125,723.5261146133194,720.9694852330603,721.608642578125,67000
2005-06-24 00:00:00+09:00,717.7736434869066,722.8869018554688,717.7736434869066,722.8869018554688,108000
2005-06-27 00:00:00+09:00,718.4128474342252,722.8869487972497,717.1345327590753,719.691162109375,161000
2005-06-28 00:00:00+09:00,719.6912147755186,731.835205078125,719.6912147755186,731.835205078125,166000
2005-06-29 00:00:00+09:00,732.4741879772226,735.6699741376817,729.9175590488553,733.7525024414062,151000
2005-06-30 00:00:00+09:00,736.3091517857143,743.9790387834822,735.6699945359004,738.2266235351562,236000
2005-07-01 00:00:00+09:00,738.2267371813456,742.7008386188082,735.0309504403008,736.3092651367188,118000
2005-07-04 00:00:00+09:00,741.4224853515625,742.0616426665208,739.5050134066878,741.4224853515625,112000
2005-07-05 00:00:00+09:00,741.4224185185934,742.0615757759371,739.5049467465626,740.1441040039062,76000
2005-07-06 00:00:00+09:00,745.2573532831102,751.64892578125,744.6181960332962,751.64892578125,165000
2005-07-07 00:00:00+09:00,748.4533327781548,757.401536585921,748.4533327781548,754.2057495117188,251000
2005-07-08 00:00:00+09:00,754.2056640215711,764.4321814998297,752.9273493367888,762.5147094726562,315000
2005-07-11 00:00:00+09:00,765.0712251184775,766.9886968606291,761.8754388815582,764.4320678710938,71000
2005-07-12 00:00:00+09:00,765.0714476614288,765.0714476614288,756.7624010285143,759.3190307617188,82000
2005-07-13 00:00:00+09:00,756.7623594403766,763.7930908203125,751.0099428567926,763.7930908203125,148000
2005-07-14 00:00:00+09:00,766.3496036641083,766.3496036641083,764.4321317616959,765.0712890625,81000
2005-07-15 00:00:00+09:00,769.545404469114,772.102033719842,768.26708984375,768.26708984375,156000
2005-07-18 00:00:00+09:00,768.26708984375,768.26708984375,768.26708984375,768.26708984375,0
2005-07-19 00:00:00+09:00,766.3495541333557,768.9061831713319,766.3495541333557,767.6278686523438,93000
2005-07-20 00:00:00+09:00,779.7718736480812,784.8851318359375,778.4935591011172,784.8851318359375,204000
2005-07-21 00:00:00+09:00,795.1118309313239,795.1118309313239,784.2461547851562,784.2461547851562,182000
2005-07-22 00:00:00+09:00,778.4935769680995,778.4935769680995,772.1020040865881,775.2977905273438,188000
2005-07-25 00:00:00+09:00,788.0808593547896,788.0808593547896,769.5452998079211,772.1019287109375,155000
2005-07-26 00:00:00+09:00,766.3497204130165,766.3497204130165,761.2364612276085,763.7930908203125,99000
2005-07-27 00:00:00+09:00,766.9887113928497,771.462812209308,766.9887113928497,767.6278686523438,125000
2005-07-28 00:00:00+09:00,779.7718683139911,781.6893401213207,770.1845092773438,770.1845092773438,90000
2005-07-29 00:00:00+09:00,751.648995358222,760.5971976839152,740.7833211055947,753.5664672851562,399000
2005-08-01 00:00:00+09:00,760.5971272786459,762.5145990280879,751.64892578125,751.64892578125,134000
2005-08-02 00:00:00+09:00,757.4015584618154,761.2365030616221,756.7624010285143,759.3190307617188,100000
2005-08-03 00:00:00+09:00,763.1538808373656,765.7105102539061,759.9580940666899,765.7105102539062,45000
2005-08-04 00:00:00+09:00,762.5148206603336,762.5148206603336,752.2883016908739,759.9581909179688,177000
2005-08-05 00:00:00+09:00,758.0408351419347,765.7107255480926,758.0408351419347,758.6799926757812,211000
2005-08-08 00:00:00+09:00,750.3706807402659,754.2056245941344,743.979107650485,753.5664672851562,260000
2005-08-09 00:00:00+09:00,749.7316530489074,758.0406995021349,749.7316530489074,755.4840698242188,188000
2005-08-10 00:00:00+09:00,766.3497204130165,766.3497204130165,763.7930908203125,763.7930908203125,178000
2005-08-11 00:00:00+09:00,763.7930241574385,765.710496184612,755.4839787063535,762.5147094726562,170000
2005-08-12 00:00:00+09:00,759.3186216078178,759.9577786967133,747.8137940076994,750.3704223632812,199000
2005-08-15 00:00:00+09:00,748.4532404187044,748.4532404187044,728.0002056677235,733.1134643554688,474000
2005-08-16 00:00:00+09:00,738.2267733195947,738.2267733195947,728.000255247635,730.556884765625,204000
2005-08-17 00:00:00+09:00,726.7218166218604,726.7218166218604,711.3820421285229,716.4953002929688,658000
2005-08-18 00:00:00+09:00,722.2477531096712,725.4435396278556,719.0519665914868,724.8043823242188,322000
2005-08-19 00:00:00+09:00,734.3918649218074,740.1442816183228,728.639448225292,738.865966796875,353000
2005-08-22 00:00:00+09:00,738.2266235351562,742.0615670340402,738.2266235351562,738.2266235351562,186000
2005-08-23 00:00:00+09:00,738.2265446515992,740.1440161961489,733.7524443809834,734.3916015625,246000
2005-08-24 00:00:00+09:00,740.7831763756793,740.7831763756793,735.03076171875,735.03076171875,155000
2005-08-25 00:00:00+09:00,740.7832236445379,745.25732421875,738.2265947449881,745.25732421875,259000
2005-08-26 00:00:00+09:00,740.7832785799741,744.6182222136927,740.7832785799741,743.9790649414062,64000
2005-08-29 00:00:00+09:00,740.783179368484,740.783179368484,735.0307646883145,735.669921875,132000
2005-08-30 00:00:00+09:00,736.9483841468549,748.4532158161032,733.7525975720636,741.4224853515625,266000
2005-08-31 00:00:00+09:00,747.1749011861867,747.8140585011449,738.8658560917296,741.4224853515625,80000
2005-09-01 00:00:00+09:00,749.0920781315984,759.318591143634,749.0920781315984,756.761962890625,229000
2005-09-02 00:00:00+09:00,761.8756604949232,765.0714476614288,756.7624010285143,759.3190307617188,191000
2005-09-05 00:00:00+09:00,759.9580201549335,760.5971774469057,748.453188899434,749.0923461914062,167000
2005-09-06 00:00:00+09:00,759.9579611905903,759.9579611905903,742.7007156463128,749.7314453125,200000
2005-09-07 00:00:00+09:00,751.0099401426077,766.9888750392588,743.9792087880811,763.1539306640625,261000
2005-09-08 00:00:00+09:00,766.349579967152,775.2977819017142,763.1537935619511,773.3803100585938,351000
2005-09-09 00:00:00+09:00,774.6586246206741,777.2152537448347,763.1537935619511,773.3803100585938,2833000
2005-09-12 00:00:00+09:00,786.1634463829015,788.7200754768297,777.2152445541531,784.8851318359375,234000
2005-09-13 00:00:00+09:00,784.8850539584172,795.7507265295027,784.2458967483533,794.472412109375,346000
2005-09-14 00:00:00+09:00,791.915899259827,798.9466296003097,788.0809554377455,793.1942138671875,358000
2005-09-15 00:00:00+09:00,798.9467301215618,816.8431368762848,798.3075727374645,816.2039794921875,322000
2005-09-16 00:00:00+09:00,805.3383761914218,807.2558485156871,788.720282714456,804.69921875,270000
2005-09-19 00:00:00+09:00,804.69921875,804.69921875,804.69921875,804.69921875,0
2005-09-20 00:00:00+09:00,793.833511761042,816.2040213517316,792.5551969272884,811.7299194335938,283000
2005-09-21 00:00:00+09:00,811.0906076431274,818.121337890625,805.338191986084,818.121337890625,321000
2005-09-22 00:00:00+09:00,805.3382708281869,811.0906870483882,799.5858546079854,808.5340576171875,296000
2005-09-23 00:00:00+09:00,808.5340576171875,808.5340576171875,808.5340576171875,808.5340576171875,0
2005-09-26 00:00:00+09:00,808.5341323492095,814.9257065179779,806.616660098579,811.7299194335938,153000
2005-09-27 00:00:00+09:00,824.5838596260286,831.0108577524979,814.9433624363244,820.0849609375,265000
2005-09-28 00:00:00+09:00,825.2266261806429,834.867124150043,825.2266261806429,830.3682250976562,173000
2005-09-29 00:00:00+09:00,841.9369557240345,857.3617549128719,827.7975564676004,856.0763549804688,655000
2005-09-30 00:00:00+09:00,844.5074425503087,849.6490403740548,831.6534479909433,839.3658447265625,505000
2005-10-03 00:00:00+09:00,835.5095881528293,855.4332783318583,829.7252910040789,842.5792846679688,488000
2005-10-04 00:00:00+09:00,849.0066001937234,878.5707967182589,849.0066001937234,868.9302978515625,559000
2005-10-05 00:00:00+09:00,894.6383022117476,897.8518018604967,886.283203125,886.283203125,771000
2005-10-06 00:00:00+09:00,847.7211930645637,873.4291898216392,845.1503933888562,851.577392578125,514000
2005-10-07 00:00:00+09:00,838.7230901182692,849.0062850928994,834.866892002783,847.0781860351562,549000
2005-10-10 00:00:00+09:00,847.0781860351561,847.0781860351561,847.0781860351561,847.0781860351562,0
2005-10-11 00:00:00+09:00,821.3703112455966,840.6513044673242,819.4422119234238,838.0805053710938,387000
2005-10-12 00:00:00+09:00,829.7254019797173,838.7231987478939,820.0849054423851,828.4400024414062,284000
2005-10-13 00:00:00+09:00,822.0130690412396,834.8670654296875,814.9433710275933,834.8670654296875,231000
2005-10-14 00:00:00+09:00,832.9390222215467,832.9390222215467,816.8715256509149,825.8693237304688,277000
2005-10-17 00:00:00+09:00,844.5075014085037,849.0063998178337,835.5097045898439,835.5097045898438,217000
2005-10-18 00:00:00+09:00,836.152152013297,836.152152013297,814.9430659130367,827.1543579101562,305000
2005-10-19 00:00:00+09:00,823.9411609640711,827.7973598453382,816.8714630150814,822.0130615234375,207000
2005-10-20 00:00:00+09:00,829.0825867543023,847.0781777846282,826.5117880356843,836.7949829101562,199000
2005-10-21 00:00:00+09:00,847.7210002723108,847.7210002723108,829.0827068622297,835.5097045898438,202000
2005-10-24 00:00:00+09:00,836.1524043626052,838.0805036808895,831.6535059532753,835.5097045898438,111000
2005-10-25 00:00:00+09:00,846.4356024338424,848.3637017560152,834.8670065008058,838.0805053710938,154000
2005-10-26 00:00:00+09:00,838.0804521905753,850.2917471228,831.6534548578255,849.00634765625,167000
2005-10-27 00:00:00+09:00,849.6491650726341,854.7907636509859,831.6535700484028,841.2940673828125,253000
2005-10-28 00:00:00+09:00,828.4400608104403,842.5794567280739,823.941162109375,823.941162109375,256000
2005-10-31 00:00:00+09:00,834.224305044321,848.3637000450722,829.725406634991,835.5097045898438,131000
2005-11-01 00:00:00+09:00,846.4358550337024,854.7909545898438,845.1504551019884,854.7909545898438,112000
2005-11-02 00:00:00+09:00,841.9369473869418,841.9369473869418,831.6537480295441,832.9391479492188,234000
2005-11-03 00:00:00+09:00,832.9391479492188,832.9391479492188,832.9391479492188,832.9391479492188,0
2005-11-04 00:00:00+09:00,837.4378043313287,847.0783009276219,833.5816056928114,836.1524047851562,260000
2005-11-07 00:00:00+09:00,839.365900238816,841.9366993207113,825.2265052883919,831.0108032226562,171000
2005-11-08 00:00:00+09:00,834.2243020750254,836.7951011569207,831.0108032226562,831.0108032226562,73000
2005-11-09 00:00:00+09:00,831.010922967368,831.010922967368,825.8693240626974,826.5120239257812,150000
2005-11-10 00:00:00+09:00,826.5118459967714,833.58154296875,825.2264465473207,833.58154296875,186000
2005-11-11 00:00:00+09:00,841.9366936683656,841.9366936683656,819.4422018527985,822.6557006835938,604000
2005-11-14 00:00:00+09:00,825.8692577050167,825.8692577050167,810.4444622303705,817.51416015625,217000
2005-11-15 00:00:00+09:00,830.3682221006064,834.2244212744483,824.5839233398438,824.5839233398438,262000
2005-11-16 00:00:00+09:00,831.0106857932658,849.6489765032462,830.3679861136113,836.7949829101562,354000
2005-11-17 00:00:00+09:00,838.7230850359715,845.1500818561706,838.7230850359715,840.6511840820312,149000
2005-11-18 00:00:00+09:00,841.2939439104673,841.2939439104673,836.1523460867212,839.3658447265625,162000
2005-11-21 00:00:00+09:00,841.2939305074151,841.2939305074151,821.3702392578124,821.3702392578125,248000
2005-11-22 00:00:00+09:00,834.2242426934753,834.8669424182007,827.1545457214967,833.58154296875,148000
2005-11-23 00:00:00+09:00,744.8890991210938,747.4598984278102,743.6036994677355,744.8890991210938,148000
2005-11-24 00:00:00+09:00,834.8670018454992,834.8670018454992,825.2265052883919,831.0108032226562,226000
2005-11-25 00:00:00+09:00,824.5837468225953,833.58154296875,822.0129479236941,833.58154296875,200000
2005-11-28 00:00:00+09:00,834.8669544315122,857.361445120583,834.8669544315122,850.291748046875,276000
2005-11-29 00:00:00+09:00,852.8628546922727,866.3595539752702,852.8628546922727,854.7909545898438,204000
2005-11-30 00:00:00+09:00,855.4334060668945,858.0042051835493,845.7929093794389,848.3637084960938,235000
2005-12-01 00:00:00+09:00,845.1501538214335,855.4333496093749,841.2939554009555,855.433349609375,273000
2005-12-02 00:00:00+09:00,859.9324915241746,859.9324915241746,841.2941938752948,851.577392578125,171000
2005-12-05 00:00:00+09:00,877.2853346082899,882.4269336389611,865.7167367892795,867.6448364257812,464000
2005-12-06 00:00:00+09:00,859.289509248976,896.5660922979217,858.004109833495,884.9974975585938,206000
2005-12-07 00:00:00+09:00,887.5683706537069,911.3482618298019,886.9256708921909,904.278564453125,317000
2005-12-08 00:00:00+09:00,898.4940610022707,898.4940610022707,877.9276733398439,877.9276733398438,291000
2005-12-09 00:00:00+09:00,877.9276733398439,877.9276733398439,877.9276733398439,877.9276733398438,0
2005-12-12 00:00:00+09:00,897.2088670764481,906.8493634991894,893.3526685073516,904.278564453125,331000
2005-12-13 00:00:00+09:00,897.8514094497218,933.1998901367188,885.6401161214865,933.1998901367188,367000
2005-12-14 00:00:00+09:00,907.4919545959727,924.8448460790403,904.2784561731825,921.63134765625,402000
2005-12-15 00:00:00+09:00,895.2807541780693,899.7796524402706,880.4986598879792,884.3548583984375,549000
2005-12-16 00:00:00+09:00,892.0672589781656,892.0672589781656,873.4289661032616,889.4964599609375,263000
2005-12-19 00:00:00+09:00,894.6381724719876,894.6381724719876,870.8582785197867,874.7144775390625,352000
2005-12-20 00:00:00+09:00,885.640374760344,892.0673731258037,874.7144775390625,874.7144775390625,211000
2005-12-21 00:00:00+09:00,890.1390892839257,890.1390892839257,874.0715966975732,877.2850952148438,198000
2005-12-22 00:00:00+09:00,879.2133835026701,888.8538811287958,879.2133835026701,887.5684814453125,139000
2005-12-23 00:00:00+09:00,744.8890991210938,747.4598984278102,743.6036994677355,744.8890991210938,198000
2005-12-26 00:00:00+09:00,886.9256609437093,899.77965602985,886.2829611894023,889.4964599609375,176000
2005-12-27 00:00:00+09:00,898.4943805380817,899.7797802241162,888.2111830498061,890.781982421875,228000
2005-12-28 00:00:00+09:00,886.9258462723775,898.4944442672346,885.6404464951711,895.2809448242188,148000
2005-12-29 00:00:00+09:00,909.4202877406183,912.6337869905851,904.9213887906647,908.777587890625,215000
2005-12-30 00:00:00+09:00,912.633610185499,922.9168057932229,910.0628112835681,918.4179077148438,221000
2006-01-02 00:00:00+09:00,918.4179077148438,918.4179077148438,918.4179077148438,918.4179077148438,0
2006-01-03 00:00:00+09:00,918.4179077148438,918.4179077148438,918.4179077148438,918.4179077148438,0
2006-01-04 00:00:00+09:00,928.7011103748945,929.986509835621,925.4876117230782,928.0584106445312,226000
2006-01-05 00:00:00+09:00,937.0561231722402,984.6158989711056,933.1999251344944,976.2608032226562,920000
2006-01-06 00:00:00+09:00,975.6182800414795,976.2609798307031,957.6226859432177,965.977783203125,710000
2006-01-09 00:00:00+09:00,965.9777832031249,965.9777832031249,965.9777832031249,965.977783203125,0
2006-01-10 00:00:00+09:00,1000.0410020795492,1003.8972013163599,973.0476074218751,973.047607421875,689000
2006-01-11 00:00:00+09:00,973.6900045308257,980.7597009333598,958.9079120528,976.2608032226562,505000
2006-01-12 00:00:00+09:00,987.1867709008426,991.6856689453126,985.2586717389269,991.6856689453125,246000
2006-01-13 00:00:00+09:00,982.687950148736,1017.3937377929688,980.7598508351676,1017.3937377929688,613000
2006-01-16 00:00:00+09:00,1016.1084026547533,1032.1758979528993,1009.6814045354948,1023.1781005859375,491000
2006-01-17 00:00:00+09:00,1010.3238970867999,1010.3238970867999,984.6159098835734,989.7575073242188,513000
2006-01-18 00:00:00+09:00,985.9013470741062,985.9013470741062,953.1236621322682,959.5506591796875,517000
2006-01-19 00:00:00+09:00,955.6944136880118,984.6158989711056,955.6944136880118,976.2608032226562,455000
2006-01-20 00:00:00+09:00,1027.6770023345946,1072.023289489746,1009.681407546997,1028.3197021484375,508000
2006-01-23 00:00:00+09:00,1015.4658317801684,1058.5267246467959,1006.4680332707239,1039.888427734375,366000
2006-01-24 00:00:00+09:00,1040.5306432542068,1056.5981331129808,1034.1036473106972,1044.3868408203125,388000
2006-01-25 00:00:00+09:00,1028.9621692662174,1049.5285586581717,1028.9621692662174,1042.4588623046875,312000
2006-01-26 00:00:00+09:00,1053.3845160956182,1056.5980137042075,1045.0294223132855,1048.242919921875,191000
2006-01-27 00:00:00+09:00,1057.8835601076555,1092.5893391148325,1057.2408604964114,1074.59375,533000
2006-01-30 00:00:00+09:00,1097.0884936090051,1100.9446921805659,1082.3063990846892,1086.16259765625,363000
2006-01-31 00:00:00+09:00,1043.1016795723965,1052.0994759457876,1033.4611834580492,1036.031982421875,647000
2006-02-01 00:00:00+09:00,1044.3873217819184,1046.3154214529004,1020.6074258398071,1028.9625244140625,325000
2006-02-02 00:00:00+09:00,1054.6702840468463,1054.6702840468463,1045.0297878489775,1048.885986328125,421000
2006-02-03 00:00:00+09:00,1040.5310039685708,1040.5310039685708,1032.175906345599,1037.3175048828125,232000
2006-02-06 00:00:00+09:00,1037.3173791640722,1037.9600789033314,1025.1060841181506,1032.17578125,279000
2006-02-07 00:00:00+09:00,1045.0297856064171,1052.742182548162,1035.3892894292362,1045.6724853515625,404000
2006-02-08 00:00:00+09:00,1052.0994759457876,1072.6658676563954,1028.319585530397,1036.031982421875,524000
2006-02-09 00:00:00+09:00,1046.9580021400877,1053.3850003116045,1034.7467056142057,1037.3175048828125,245000
2006-02-10 00:00:00+09:00,1040.5308842411748,1043.744382957176,1027.0341896339698,1041.173583984375,227000
2006-02-13 00:00:00+09:00,1028.3195115339117,1031.5330100074552,996.184526798477,1018.6790161132812,354000
2006-02-14 00:00:00+09:00,1019.3218354025244,1031.533131034711,981.4025489657344,1014.8229370117188,336000
2006-02-15 00:00:00+09:00,1009.0384516038281,1014.1800488094527,994.8990592883605,1008.395751953125,290000
2006-02-16 00:00:00+09:00,1011.609521275835,1059.8120079948235,1010.3241216299954,1053.385009765625,625000
2006-02-17 00:00:00+09:00,1061.0975362411884,1079.0931334639342,1045.6727386216921,1065.596435546875,767000
2006-02-20 00:00:00+09:00,1074.5938866383744,1111.8704688303756,1068.8095894016847,1093.232177734375,565000
2006-02-21 00:00:00+09:00,1086.1628596132946,1127.938354213806,1068.8099618561591,1127.295654296875,549000
2006-02-22 00:00:00+09:00,1114.4416469879682,1124.7248455760923,1102.8730485763283,1106.729248046875,356000
2006-02-23 00:00:00+09:00,1142.0772671993002,1150.4323625699199,1129.223274321424,1138.2210693359375,314000
2006-02-24 00:00:00+09:00,1113.156373754041,1131.1519733297414,1111.870973784348,1118.2979736328125,303000
2006-02-27 00:00:00+09:00,1131.151607983733,1144.0056035290027,1124.724610211098,1126.010009765625,382000
2006-02-28 00:00:00+09:00,1127.9379739241972,1127.9379739241972,1092.5894904109032,1109.2996826171875,329000
2006-03-01 00:00:00+09:00,1108.6572251439025,1115.0842235505338,1100.3021272152819,1106.08642578125,149000
2006-03-02 00:00:00+09:00,1099.6592810704158,1099.6592810704158,1061.7399955162637,1069.452392578125,445000
2006-03-03 00:00:00+09:00,1062.3828072865028,1062.3828072865028,1037.3175141926288,1053.385009765625,313000
2006-03-06 00:00:00+09:00,1058.526747225871,1091.3044424951604,1057.88404731863,1089.3763427734375,395000
2006-03-07 00:00:00+09:00,1090.0190421035145,1091.304441917316,1076.5223440586008,1088.0909423828125,187000
2006-03-08 00:00:00+09:00,1075.236802220709,1075.236802220709,1039.2456121882167,1050.814208984375,287000
2006-03-09 00:00:00+09:00,1056.5983024543816,1105.443479453489,1056.5983024543816,1102.8726806640625,366000
2006-03-10 00:00:00+09:00,1082.9493437010278,1096.4460417530881,1082.9493437010278,1089.3763427734375,1666000
2006-03-13 00:00:00+09:00,1091.3040866040876,1111.870476928782,1089.3759875111477,1103.515380859375,308000
2006-03-14 00:00:00+09:00,1111.227894091424,1111.227894091424,1089.3761020734319,1094.5177001953125,195000
2006-03-15 00:00:00+09:00,1070.73803857042,1079.735837213869,1063.6683396362816,1073.9515380859375,362000
2006-03-16 00:00:00+09:00,1077.165037601455,1086.162836244904,1065.5964393455922,1073.9515380859375,234000
2006-03-17 00:00:00+09:00,1085.5203878913128,1099.0170889841,1077.807987266863,1095.160888671875,177000
2006-03-20 00:00:00+09:00,1097.0883843773875,1111.870477429924,1095.1602852835783,1104.1580810546875,199000
2006-03-21 00:00:00+09:00,1104.1580810546875,1104.1580810546875,1104.1580810546875,1104.1580810546875,0
2006-03-22 00:00:00+09:00,1084.2346140330806,1084.8773138635686,1068.1671182708833,1075.23681640625,545000
2006-03-23 00:00:00+09:00,1086.805535852124,1090.0190353667665,1073.308837890625,1073.308837890625,255000
2006-03-24 00:00:00+09:00,1099.0170889841,1100.302489088175,1092.5900884637251,1095.160888671875,457000
2006-03-27 00:00:00+09:00,1115.0841000579126,1122.7964972917425,1101.58740489871,1105.443603515625,446000
2006-03-28 00:00:00+09:00,1113.302335521504,1129.6744286909377,1100.859544712734,1119.1962890625,294000
2006-03-29 00:00:00+09:00,1119.1961001800412,1122.4705182613168,1113.95703125,1113.95703125,303000
2006-03-30 00:00:00+09:00,1129.6743079633466,1151.2854686374278,1128.3645406497658,1136.22314453125,421000
2006-03-31 00:00:00+09:00,1146.701175790199,1151.2853609589777,1132.2937366883232,1143.4267578125,252000
2006-04-03 00:00:00+09:00,1154.560020808422,1154.560020808422,1146.0465322828918,1146.701416015625,286000
2006-04-04 00:00:00+09:00,1134.913652811965,1195.1629638671875,1129.6745822854239,1147.3564453125,1862000
2006-04-05 00:00:00+09:00,1157.1792731367593,1157.8341567095588,1130.3290466519788,1135.568115234375,778000
2006-04-06 00:00:00+09:00,1142.7722942905505,1144.0820619630897,1121.8160115299215,1124.435546875,475000
2006-04-07 00:00:00+09:00,1138.1876503574274,1159.1439247023284,1137.5327667841493,1155.8695068359375,528000
2006-04-10 00:00:00+09:00,1146.0465322828918,1150.6307184120235,1138.187927490095,1146.701416015625,314000
2006-04-11 00:00:00+09:00,1149.3205636360583,1149.9754471481017,1139.4973109554082,1142.771728515625,204000
2006-04-12 00:00:00+09:00,1132.948804198645,1133.603687900494,1113.9571768450262,1114.612060546875,666000
2006-04-13 00:00:00+09:00,1125.7451875799625,1130.329373916821,1117.8865824310622,1127.7098388671875,290000
2006-04-14 00:00:00+09:00,1127.0550352758291,1127.0550352758291,1119.8513133769134,1123.125732421875,251000
2006-04-17 00:00:00+09:00,1127.709634938803,1127.709634938803,1113.957078415159,1115.266845703125,277000
2006-04-18 00:00:00+09:00,1115.9218665813578,1139.4976806640625,1115.266982856838,1139.4976806640625,363000
2006-04-19 00:00:00+09:00,1139.497689836976,1143.4269922157243,1130.329317619897,1132.9488525390625,238000
2006-04-20 00:00:00+09:00,1139.4976056840198,1148.6659772240062,1136.8780709583093,1140.807373046875,290000
2006-04-21 00:00:00+09:00,1145.3913810686383,1146.0462646484375,1132.2937094726562,1146.0462646484375,223000
2006-04-24 00:00:00+09:00,1125.7451163943674,1125.7451163943674,1108.7181396484375,1108.7181396484375,466000
2006-04-25 00:00:00+09:00,1099.54979041669,1099.54979041669,1083.8325807859571,1092.3460693359375,384000
2006-04-26 00:00:00+09:00,1090.3812096479737,1106.0984162735301,1084.4872571633903,1103.4788818359375,232000
2006-04-27 00:00:00+09:00,1116.5767194328903,1117.2316031393025,1082.522766699453,1091.0362548828125,305000
2006-04-28 00:00:00+09:00,1094.310758100237,1101.514479428246,1083.1777342296782,1100.2047119140625,335000
2006-05-01 00:00:00+09:00,1100.8594709582528,1120.5059814453125,1096.2752851779387,1120.5059814453125,351000
2006-05-02 00:00:00+09:00,1114.612254521618,1147.3564453125,1104.134113468536,1147.3564453125,702000
2006-05-03 00:00:00+09:00,1147.3564453125,1147.3564453125,1147.3564453125,1147.3564453125,0
2006-05-04 00:00:00+09:00,1147.3564453125,1147.3564453125,1147.3564453125,1147.3564453125,0
2006-05-05 00:00:00+09:00,1147.3564453125,1147.3564453125,1147.3564453125,1147.3564453125,0
2006-05-08 00:00:00+09:00,1156.524476778782,1167.6574983559276,1155.214709534412,1165.0379638671875,448000
2006-05-09 00:00:00+09:00,1167.6577617570465,1170.9321806066177,1165.0382266773897,1168.967529296875,287000
2006-05-10 00:00:00+09:00,1172.8965276902723,1187.3039668913812,1172.2416440902218,1177.480712890625,478000
2006-05-11 00:00:00+09:00,1182.0651484957232,1222.0130565612296,1172.8967761528202,1208.260498046875,610000
2006-05-12 00:00:00+09:00,1197.7821122782939,1233.8007105152026,1191.888159839527,1211.53466796875,485000
2006-05-15 00:00:00+09:00,1215.4641791166493,1307.8027832413516,1215.4641791166493,1254.7572021484375,535000
2006-05-16 00:00:00+09:00,1241.6592815988097,1244.2788159481743,1213.4992873431406,1217.4285888671875,298000
2006-05-17 00:00:00+09:00,1243.6241754140985,1277.0232448959937,1239.694873122111,1275.05859375,544000
2006-05-18 00:00:00+09:00,1242.3142931512896,1277.0231268555692,1242.3142931512896,1271.7840576171875,333000
2006-05-19 00:00:00+09:00,1277.023393444549,1309.76758302005,1269.1647879464285,1306.4931640625,366000
2006-05-22 00:00:00+09:00,1293.3952217913688,1293.3952217913688,1223.977554191427,1231.1812744140625,581000
2006-05-23 00:00:00+09:00,1204.9861591658732,1231.1815104520879,1195.1629024335427,1203.6763916015625,384000
2006-05-24 00:00:00+09:00,1208.2602651325894,1243.6239802096409,1200.4016617821337,1239.039794921875,256000
2006-05-25 00:00:00+09:00,1212.8446185504563,1216.7739207703821,1133.6036904486175,1148.666015625,849000
2006-05-26 00:00:00+09:00,1214.1543576563718,1273.0938895814384,1214.1543576563718,1259.9962158203125,838000
2006-05-29 00:00:00+09:00,1246.898268064866,1254.101987050535,1239.6945490791973,1245.5885009765625,300000
2006-05-30 00:00:00+09:00,1234.4559034989213,1283.5721861315044,1232.4912521936178,1271.12939453125,351000
2006-05-31 00:00:00+09:00,1275.7132408246162,1276.3681244184688,1246.243479101255,1248.2081298828125,392000
2006-06-01 00:00:00+09:00,1244.278934851171,1244.278934851171,1227.9068436031291,1241.0045166015625,269000
2006-06-02 00:00:00+09:00,1271.1290951489545,1286.846301889591,1244.2788669670344,1276.3681640625,510000
2006-06-05 00:00:00+09:00,1263.270634260594,1267.854820076988,1252.7924952516933,1259.9962158203125,215000
2006-06-06 00:00:00+09:00,1244.2788957220027,1246.8984302393123,1222.0128523248723,1233.1458740234375,352000
2006-06-07 00:00:00+09:00,1212.1896028874949,1216.7737883117047,1202.366348407045,1209.570068359375,275000
2006-06-08 00:00:00+09:00,1206.9505897232248,1243.6240748151947,1201.711520424372,1241.659423828125,634000
2006-06-09 00:00:00+09:00,1231.1815283464236,1241.659669013202,1205.6410604711523,1224.6326904296875,1041000
2006-06-12 00:00:00+09:00,1224.6322837290897,1224.6322837290897,1178.7904335360222,1196.4722900390625,453000
2006-06-13 00:00:00+09:00,1188.6139672732081,1208.2604791289637,1184.684664902057,1204.3311767578125,321000
2006-06-14 00:00:00+09:00,1191.2332340920366,1241.0043862586087,1191.2332340920366,1227.2518310546875,425000
2006-06-15 00:00:00+09:00,1236.4205461756187,1253.4475240360882,1236.4205461756187,1243.624267578125,254000
2006-06-16 00:00:00+09:00,1276.3679769334155,1291.4302978515625,1272.4386758243336,1291.4302978515625,417000
2006-06-19 00:00:00+09:00,1288.8109288773742,1288.8109288773742,1261.9607011924288,1275.7132568359375,183000
2006-06-20 00:00:00+09:00,1267.854834867571,1282.2622761728844,1254.1022772579538,1267.199951171875,247000
2006-06-21 00:00:00+09:00,1262.6155849226207,1262.6155849226207,1218.7383835793553,1235.1104736328125,340000
2006-06-22 00:00:00+09:00,1252.1374934895832,1277.0230712890625,1250.172842610677,1277.0230712890625,301000
2006-06-23 00:00:00+09:00,1253.4474770104086,1260.6511981426522,1250.1730583139342,1259.3414306640625,151000
2006-06-26 00:00:00+09:00,1253.4470925487822,1259.341044394623,1248.862907779795,1255.4117431640625,165000
2006-06-27 00:00:00+09:00,1258.0314469409523,1258.0314469409523,1250.8277270469644,1256.7216796875,226000
2006-06-28 00:00:00+09:00,1243.624267578125,1252.792640272224,1228.5619410092484,1243.624267578125,216000
2006-06-29 00:00:00+09:00,1256.7218342246808,1259.3413690537059,1250.827880859375,1250.827880859375,367000
2006-06-30 00:00:00+09:00,1277.023111557726,1282.2621807333473,1254.757067561335,1264.580322265625,328000
2006-07-03 00:00:00+09:00,1252.1375732421875,1258.0315262543106,1251.4826895741737,1252.1375732421875,149000
2006-07-04 00:00:00+09:00,1277.0233154296875,1332.6884343073918,1277.0233154296875,1328.104248046875,565000
2006-07-05 00:00:00+09:00,1311.731686915152,1322.8647067242173,1280.2972780424973,1291.4302978515625,556000
2006-07-06 00:00:00+09:00,1297.979432223136,1375.255705180921,1292.085479200932,1343.8212890625,803000
2006-07-07 00:00:00+09:00,1341.8567691395729,1349.0604902037678,1319.5907222138796,1337.2725830078125,299000
2006-07-10 00:00:00+09:00,1339.2369274429475,1381.1494767614554,1335.3076259443374,1369.361572265625,384000
2006-07-11 00:00:00+09:00,1360.1933892673967,1375.910597424555,1343.1664137638088,1374.600830078125,300000
2006-07-12 00:00:00+09:00,1347.0957679018898,1355.609255982942,1325.4846058499877,1335.307861328125,383000
2006-07-13 00:00:00+09:00,1329.4140524554923,1362.1582409396176,1329.4140524554923,1352.9898681640625,419000
2006-07-14 00:00:00+09:00,1349.0602241953711,1349.0602241953711,1309.767207956671,1313.0416259765625,627000
2006-07-17 00:00:00+09:00,1313.0416259765625,1313.0416259765625,1313.0416259765625,1313.0416259765625,0
2006-07-18 00:00:00+09:00,1306.492805480957,1335.9625680106028,1283.5718790690105,1320.245361328125,473000
2006-07-19 00:00:00+09:00,1304.528155010233,1311.7318747417153,1285.536530263598,1299.9439697265625,309000
2006-07-20 00:00:00+09:00,1322.865054867008,1322.865054867008,1296.6697072458792,1311.0771484375,346000
2006-07-21 00:00:00+09:00,1307.802783179318,1357.573945683889,1306.4930157449874,1343.16650390625,511000
2006-07-24 00:00:00+09:00,1323.5197977077023,1374.6007201328387,1322.8649140868672,1364.7774658203125,444000
2006-07-25 00:00:00+09:00,1423.062168403521,1460.3905363736087,1404.070542594178,1434.1951904296875,785000
2006-07-26 00:00:00+09:00,1434.194921552854,1450.5670096984347,1385.0786571161125,1389.662841796875,507000
2006-07-27 00:00:00+09:00,1409.3093199707491,1409.3093199707491,1385.0786299898393,1392.2823486328125,358000
2006-07-28 00:00:00+09:00,1395.5569752345577,1404.0704621787384,1391.6276735680126,1401.450927734375,210000
2006-07-31 00:00:00+09:00,1415.858263966755,1422.4070996002738,1398.8312913196062,1405.380126953125,214000
2006-08-01 00:00:00+09:00,1408.654607787168,1408.654607787168,1381.804380488575,1393.59228515625,301000
2006-08-02 00:00:00+09:00,1389.6630574148123,1412.583984375,1389.6630574148123,1412.583984375,193000
2006-08-03 00:00:00+09:00,1420.4425797473466,1426.336532360406,1414.548627134287,1419.1328125,130000
2006-08-04 00:00:00+09:00,1430.920765280119,1440.7440199616758,1411.2742559170053,1420.442626953125,276000
2006-08-07 00:00:00+09:00,1431.5756616052258,1437.4696144663635,1407.3449665094374,1410.619384765625,213000
2006-08-08 00:00:00+09:00,1393.5924373183138,1410.6194125863008,1392.2826699900072,1407.9998779296875,254000
2006-08-09 00:00:00+09:00,1403.4158699598115,1403.4158699598115,1375.2558688360261,1385.7340087890625,400000
2006-08-10 00:00:00+09:00,1387.698262120864,1403.4154675436582,1376.5652416130515,1391.6275634765625,261000
2006-08-11 00:00:00+09:00,1381.1493974293628,1421.097293703991,1381.1493974293628,1417.8228759765625,363000
2006-08-14 00:00:00+09:00,1407.9999384149776,1458.4259827210024,1407.9999384149776,1453.841796875,419000
2006-08-15 00:00:00+09:00,1471.523367638221,1492.4796416766826,1461.0452306189902,1489.860107421875,355000
2006-08-16 00:00:00+09:00,1491.1699455066978,1498.3736650502085,1483.966225963187,1491.8248291015625,227000
2006-08-17 00:00:00+09:00,1502.9577813908797,1512.7810348640228,1466.2843017578127,1466.2843017578125,365000
2006-08-18 00:00:00+09:00,1470.213741048177,1473.4881591796875,1463.664904785156,1473.4881591796875,171000
2006-08-21 00:00:00+09:00,1468.9039542730266,1478.7272085370014,1455.151398303462,1469.558837890625,191000
2006-08-22 00:00:00+09:00,1469.5585803814379,1469.5585803814379,1450.5669587989685,1459.0804443359375,399000
2006-08-23 00:00:00+09:00,1459.0806491989317,1473.488088284379,1453.8415804405872,1471.5234375,183000
2006-08-24 00:00:00+09:00,1486.5857377201128,1538.9764245120111,1486.5857377201128,1531.772705078125,792000
2006-08-25 00:00:00+09:00,1504.9229970486488,1519.9853246953498,1497.064391319935,1505.577880859375,517000
2006-08-28 00:00:00+09:00,1499.6835643481184,1542.251001764113,1499.6835643481184,1522.6044921875,395000
2006-08-29 00:00:00+09:00,1537.0115960137564,1576.304606563746,1536.35671250459,1560.58740234375,562000
2006-08-30 00:00:00+09:00,1571.7205374399289,1591.367044157928,1552.7289142791965,1567.1363525390625,395000
2006-08-31 00:00:00+09:00,1594.6418164629094,1596.6064675714879,1573.685537971405,1580.234375,405000
2006-09-01 00:00:00+09:00,1582.853423772584,1607.0841133379895,1582.853423772584,1600.5352783203125,330000
2006-09-04 00:00:00+09:00,1635.8993753692553,1635.8993753692553,1616.9077493141278,1628.040771484375,378000
2006-09-05 00:00:00+09:00,1624.11092370204,1624.11092370204,1593.9862856011152,1612.9779052734375,514000
2006-09-06 00:00:00+09:00,1583.5088537484535,1588.7479235706153,1535.0474578934552,1554.6939697265625,1024000
2006-09-07 00:00:00+09:00,1540.2864028181523,1544.215704866158,1513.4361721567816,1520.639892578125,763000
2006-09-08 00:00:00+09:00,1500.99347516861,1538.9767306484441,1493.789754301745,1523.259521484375,2109000
2006-09-11 00:00:00+09:00,1542.9060329394615,1549.4548700911569,1523.259521484375,1523.259521484375,488000
2006-09-12 00:00:00+09:00,1535.7020224713265,1566.4815512799203,1533.0824881046376,1538.9764404296875,657000
2006-09-13 00:00:00+09:00,1555.3479894775603,1561.8968231174658,1499.6829035383635,1507.54150390625,583000
2006-09-14 00:00:00+09:00,1527.1888990812581,1556.0037839695838,1518.020526616791,1521.9498291015625,561000
2006-09-15 00:00:00+09:00,1512.7808176790732,1512.7808176790732,1457.11572265625,1457.11572265625,936000
2006-09-18 00:00:00+09:00,1457.11572265625,1457.11572265625,1457.11572265625,1457.11572265625,0
2006-09-19 00:00:00+09:00,1440.7438548018292,1502.9577939864537,1434.849902668549,1476.762451171875,614000
2006-09-20 00:00:00+09:00,1490.5152631429573,1499.683634708863,1476.7627057940988,1487.2408447265625,431000
2006-09-21 00:00:00+09:00,1496.4089178050463,1500.3382191209457,1451.8768362248522,1468.90380859375,476000
2006-09-22 00:00:00+09:00,1462.3555689130033,1497.0644113457793,1457.7713821765988,1492.480224609375,423000
2006-09-25 00:00:00+09:00,1504.923056252587,1516.0560814729065,1463.6653745537562,1483.3118896484375,420000
2006-09-26 00:00:00+09:00,1503.0186542338708,1533.2366866179434,1489.880379284274,1527.324462890625,429000
2006-09-27 00:00:00+09:00,1554.9146143435833,1570.6805419921875,1552.9438733875077,1570.6805419921875,464000
2006-09-28 00:00:00+09:00,1589.7314070238342,1598.271286483053,1570.6809066917303,1591.7021484375,412000
2006-09-29 00:00:00+09:00,1603.5263972904713,1608.7817070726605,1585.7897267755827,1595.6434326171875,348000
2006-10-02 00:00:00+09:00,1580.5346508307996,1604.8404621694278,1580.5346508307996,1600.2420654296875,300000
2006-10-03 00:00:00+09:00,1596.3005855694487,1596.3005855694487,1566.082549793237,1568.710205078125,411000
2006-10-04 00:00:00+09:00,1632.4308944473298,1644.9122574229834,1604.1835992919032,1620.6064453125,973000
2006-10-05 00:00:00+09:00,1623.8904989273822,1624.5474125596343,1583.1618537277473,1602.8692626953125,743000
2006-10-06 00:00:00+09:00,1604.8402937009696,1605.4972074519728,1572.6515199018097,1585.789794921875,343000
2006-10-09 00:00:00+09:00,1585.789794921875,1585.789794921875,1585.789794921875,1585.789794921875,0
2006-10-10 00:00:00+09:00,1579.221143274249,1622.577464179449,1578.56422932114,1612.7237548828125,482000
2006-10-11 00:00:00+09:00,1615.351271192474,1631.7741186019136,1615.351271192474,1621.92041015625,291000
2006-10-12 00:00:00+09:00,1627.8327310217433,1642.2848375925578,1622.5774195414472,1635.7156982421875,331000
2006-10-13 00:00:00+09:00,1642.9412154785157,1658.7071447753908,1629.1460273437501,1642.2843017578125,379000
2006-10-16 00:00:00+09:00,1632.4305183577171,1637.685827873557,1620.6060719470777,1625.2044677734375,295000
2006-10-17 00:00:00+09:00,1621.2630522185311,1621.2630522185311,1589.7311938285436,1594.32958984375,407000
2006-10-18 00:00:00+09:00,1593.0160734735416,1610.0958334365569,1568.7102612184815,1605.4974365234375,549000
2006-10-19 00:00:00+09:00,1625.204850458905,1625.204850458905,1608.1250905106708,1616.008056640625,225000
2006-10-20 00:00:00+09:00,1613.3805729059675,1613.3805729059675,1590.3885859142295,1598.928466796875,235000
2006-10-23 00:00:00+09:00,1618.635643300122,1622.5771261977684,1606.8111946071829,1615.35107421875,285000
2006-10-24 00:00:00+09:00,1626.5186781472307,1631.1170750563706,1610.7527458873221,1616.008056640625,244000
2006-10-25 00:00:00+09:00,1616.6649262050412,1617.9787538573817,1596.9575114199329,1601.555908203125,249000
2006-10-26 00:00:00+09:00,1610.0960450735151,1610.0960450735151,1577.250348519588,1586.4471435546875,465000
2006-10-27 00:00:00+09:00,1592.3594137236678,1600.2423811183396,1580.5349626316604,1590.388671875,367000
2006-10-30 00:00:00+09:00,1579.8777883402076,1579.8777883402076,1551.6304931640625,1551.6304931640625,609000
2006-10-31 00:00:00+09:00,1550.3169328118483,1596.95782358712,1532.5802560381535,1575.2796630859375,517000
2006-11-01 00:00:00+09:00,1577.2502336155858,1601.556047294793,1574.6225780826985,1592.3592529296875,297000
2006-11-02 00:00:00+09:00,1579.2209353733883,1605.497490038503,1579.2209353733883,1604.840576171875,265000
2006-11-03 00:00:00+09:00,1604.840576171875,1604.840576171875,1604.840576171875,1604.840576171875,0
2006-11-06 00:00:00+09:00,1599.5848419644205,1633.744353989944,1596.3002735004277,1631.11669921875,443000
2006-11-07 00:00:00+09:00,1642.2844320620427,1647.5397422446413,1616.664794921875,1616.664794921875,383000
2006-11-08 00:00:00+09:00,1616.007896707065,1632.4307411857951,1606.8111037989759,1607.468017578125,314000
2006-11-09 00:00:00+09:00,1615.3511427964622,1629.146333523882,1610.7527458873221,1616.008056640625,315000
2006-11-10 00:00:00+09:00,1635.0579596397858,1665.2759854105493,1632.430305224937,1663.962158203125,769000
2006-11-13 00:00:00+09:00,1673.816238367304,1701.4066159228091,1661.9917908435164,1669.874755859375,510000
2006-11-14 00:00:00+09:00,1707.975935990699,1721.1142124213968,1700.7498839538155,1717.1727294921875,561000
2006-11-15 00:00:00+09:00,1718.4867561268761,1759.2154177782013,1707.319219867642,1750.675537109375,853000
2006-11-16 00:00:00+09:00,1767.0986157029145,1796.659744961885,1704.6917872673096,1706.005615234375,1158000
2006-11-17 00:00:00+09:00,1695.494991497852,1739.5082283945417,1682.3567118271985,1706.005615234375,629000
2006-11-20 00:00:00+09:00,1740.821716617452,1741.4786304727793,1683.0132973486461,1687.6116943359375,547000
2006-11-21 00:00:00+09:00,1704.6913968779095,1727.0264672030921,1699.4360862131607,1719.8004150390625,516000
2006-11-22 00:00:00+09:00,1718.4859619140625,1725.055097854101,1707.975344410001,1718.4859619140625,312000
2006-11-23 00:00:00+09:00,1718.4859619140625,1718.4859619140625,1718.4859619140625,1718.4859619140625,0
2006-11-24 00:00:00+09:00,1709.2901396128182,1740.1650960162779,1696.151860292197,1728.99755859375,461000
2006-11-27 00:00:00+09:00,1714.5451412396667,1738.194039739524,1714.5451412396667,1728.34033203125,339000
2006-11-28 00:00:00+09:00,1721.1143045827348,1721.1143045827348,1706.0052858783824,1714.545166015625,495000
2006-11-29 00:00:00+09:00,1726.3693466734157,1740.8214492711384,1715.8587266023446,1738.8507080078125,599000
2006-11-30 00:00:00+09:00,1778.2660331643444,1831.476062232062,1773.667635590591,1819.651611328125,1628000
2006-12-01 00:00:00+09:00,1799.943741351476,1809.7974479647141,1775.6379317054889,1780.236328125,1127000
2006-12-04 00:00:00+09:00,1780.2362209965286,1785.491530874009,1747.3905342622752,1771.0394287109375,806000
2006-12-05 00:00:00+09:00,1780.23625153543,1784.1777340111541,1761.8426666487169,1763.156494140625,357000
2006-12-06 00:00:00+09:00,1773.0102233773482,1780.2362746767742,1763.8134308144422,1770.382568359375,347000
2006-12-07 00:00:00+09:00,1790.090576171875,1797.9735438467603,1780.2368665782683,1790.090576171875,358000
2006-12-08 00:00:00+09:00,1793.3748593537703,1821.622155673262,1793.3748593537703,1813.082275390625,1605000
2006-12-11 00:00:00+09:00,1837.3879210507798,1882.0580599965979,1834.760265818673,1878.1165771484375,890000
2006-12-12 00:00:00+09:00,1893.2255105461873,1905.0499585648658,1858.4090802689673,1865.6351318359375,699000
2006-12-13 00:00:00+09:00,1885.3427447402685,1895.8533663137334,1859.7231046549477,1872.2044677734375,791000
2006-12-14 00:00:00+09:00,1872.861619787542,1874.1754476513004,1859.7233411499583,1866.29248046875,534000
2006-12-15 00:00:00+09:00,1885.999434720553,1926.071174712874,1872.8611593132346,1921.4727783203125,1172000
2006-12-18 00:00:00+09:00,1937.8963665484407,1961.5452713605573,1912.9336336912068,1927.3857421875,996000
2006-12-19 00:00:00+09:00,1924.757173662628,1970.0842197318161,1924.757173662628,1953.661376953125,679000
2006-12-20 00:00:00+09:00,1970.0843117416268,1974.0257941925938,1934.6109696829249,1940.523193359375,773000
2006-12-21 00:00:00+09:00,1945.121734485337,1953.6616137654144,1935.9249414144842,1947.7493896484375,530000
2006-12-22 00:00:00+09:00,1951.0341015984031,1970.0846029271418,1941.1803940145728,1965.4862060546875,531000
2006-12-25 00:00:00+09:00,1970.084738290983,1983.8799298562085,1960.8879439141663,1977.310791015625,417000
2006-12-26 00:00:00+09:00,1987.1644617136603,2023.2947246539086,1977.310753639047,2016.7255859375,484000
2006-12-27 00:00:00+09:00,2033.1480093548612,2036.4325780291017,1997.017753938216,2006.8714599609375,492000
2006-12-28 00:00:00+09:00,2020.0097346578993,2023.2943033321399,1997.017753938216,2006.8714599609375,435000
2006-12-29 00:00:00+09:00,2010.1559916375911,2029.8634033203125,2003.5868544100172,2029.8634033203125,251000
2007-01-04 00:00:00+09:00,2033.1484887564932,2049.5713360000836,1958.9172192154645,1968.114013671875,824000
2007-01-05 00:00:00+09:00,1957.603233819873,1961.5447168409867,1885.342711766119,1890.5980224609375,1137000
2007-01-09 00:00:00+09:00,1893.8826941119205,1901.1087467082546,1869.5768808333423,1872.8614501953125,965000
2007-01-10 00:00:00+09:00,1882.7150999292833,1936.5820357960667,1860.3800289601293,1905.0501708984375,1726000
2007-01-11 00:00:00+09:00,1964.1724762062295,2023.2947246539086,1961.544820719666,2016.7255859375,1774000
2007-01-12 00:00:00+09:00,2033.148011130009,2095.554815995066,2033.148011130009,2059.424560546875,1389000
2007-01-15 00:00:00+09:00,2072.563232421875,2082.416940341472,2046.2866779696167,2072.563232421875,562000
2007-01-16 00:00:00+09:00,2092.270760254661,2131.685594042818,2088.986190772315,2125.116455078125,848000
2007-01-17 00:00:00+09:00,2134.9698118784127,2138.254380819764,2075.8475709340873,2105.40869140625,1134000
2007-01-18 00:00:00+09:00,2125.1165500006077,2138.25482851684,2111.978271484375,2111.978271484375,658000
2007-01-19 00:00:00+09:00,2111.9774650452628,2121.831170169891,2065.993507796999,2069.278076171875,1009000
2007-01-22 00:00:00+09:00,2082.4170518076216,2131.685594042818,2065.99420439589,2125.116455078125,893000
2007-01-23 00:00:00+09:00,2128.4003361191862,2134.96947295906,2105.408357179627,2118.546630859375,1063000
2007-01-24 00:00:00+09:00,2144.823689408736,2171.100243030895,2131.685412597656,2167.815673828125,1183000
2007-01-25 00:00:00+09:00,2203.9459461724578,2220.368792269123,2177.669392417794,2200.661376953125,938000
2007-01-26 00:00:00+09:00,2174.384455161298,2243.3603970923964,2138.254199864056,2236.791259765625,1770000
2007-01-29 00:00:00+09:00,2263.0684541799724,2279.491302178376,2220.369049384124,2249.93017578125,1188000
2007-01-30 00:00:00+09:00,2256.4985533704717,2302.4825122455613,2249.929416388316,2289.34423828125,1236000
2007-01-31 00:00:00+09:00,2299.197435042754,2348.4659515079557,2299.197435042754,2328.758544921875,1472000
2007-02-01 00:00:00+09:00,2358.321133287509,2358.321133287509,2286.0605971700643,2295.914306640625,1453000
2007-02-02 00:00:00+09:00,2315.6215191303904,2332.0443667837976,2236.791850394037,2256.499267578125,1535000
2007-02-05 00:00:00+09:00,2203.946083080425,2207.230652503794,2157.9621111532624,2164.53125,1675000
2007-02-06 00:00:00+09:00,2164.531395816513,2217.0845101307227,2151.3931172379607,2161.246826171875,1311000
2007-02-07 00:00:00+09:00,2187.523727910728,2190.8082980727563,2102.124903697997,2131.68603515625,1616000
2007-02-08 00:00:00+09:00,2157.96165589907,2246.64501162095,2131.6851060555505,2230.22216796875,1360000
2007-02-09 00:00:00+09:00,2213.799895735432,2213.799895735432,2154.6776433270675,2184.23876953125,1918000
2007-02-13 00:00:00+09:00,2184.238064402278,2184.238064402278,2138.2541051517037,2144.8232421875,956000
2007-02-14 00:00:00+09:00,2157.9617546929253,2190.8074435010367,2128.400634765625,2128.400634765625,1125000
2007-02-15 00:00:00+09:00,2148.1086289931936,2151.3931987622964,2046.2869661510085,2065.994384765625,1648000
2007-02-16 00:00:00+09:00,2052.8554027865393,2144.823324831376,2010.156010408579,2115.26220703125,1780000
2007-02-19 00:00:00+09:00,2134.9701635251645,2164.531288866282,2111.9781771487396,2125.116455078125,1265000
2007-02-20 00:00:00+09:00,2131.6852830953026,2131.6852830953026,2079.132179043647,2082.416748046875,931000
2007-02-21 00:00:00+09:00,2056.1400908451933,2102.1240545382166,2049.570953174761,2062.709228515625,876000
2007-02-22 00:00:00+09:00,2085.70123931508,2131.685203646436,2079.1321015534577,2128.400634765625,1122000
2007-02-23 00:00:00+09:00,2180.953824195636,2226.937790368436,2174.3846861709508,2220.36865234375,1568000
2007-02-26 00:00:00+09:00,2197.3768966143866,2217.0843127275202,2154.6774950359304,2171.100341796875,1510000
2007-02-27 00:00:00+09:00,2148.1080480504916,2148.1080480504916,2098.8395148383247,2128.400634765625,1068000
2007-02-28 00:00:00+09:00,1970.7413011295782,2088.9857791973527,1970.7413011295782,2062.709228515625,1604000
2007-03-01 00:00:00+09:00,2085.701027156422,2111.977575530046,2046.2862045959855,2088.985595703125,1106000
2007-03-02 00:00:00+09:00,2062.709228515625,2075.847503856489,2049.570953174761,2062.709228515625,534000
2007-03-05 00:00:00+09:00,2000.3022504446083,2016.7250932232996,1949.7198946862388,1953.661376953125,1022000
2007-03-06 00:00:00+09:00,1974.0262882812501,2059.42509609375,1970.74171875,2052.85595703125,1323000
2007-03-07 00:00:00+09:00,2092.2705127267636,2092.2705127267636,2020.009992663987,2039.7174072265625,1000000
2007-03-08 00:00:00+09:00,2043.0020169475886,2092.2705543337843,2016.7254636749508,2085.701416015625,1027000
2007-03-09 00:00:00+09:00,2121.8318474962066,2180.954097116844,2121.8318474962066,2164.53125,2363000
2007-03-12 00:00:00+09:00,2210.515043678453,2223.6533203125,2207.230474519941,2223.6533203125,966000
2007-03-13 00:00:00+09:00,2197.3769014375703,2213.7997482345627,2180.954054640578,2187.523193359375,877000
2007-03-14 00:00:00+09:00,2108.693417217548,2164.531093374399,2108.693417217548,2134.969970703125,1134000
2007-03-15 00:00:00+09:00,2177.668701171875,2190.8069738787945,2161.245860288226,2177.668701171875,696000
2007-03-16 00:00:00+09:00,2187.523193359375,2220.3688869533594,2134.9700836089996,2187.523193359375,809000
2007-03-19 00:00:00+09:00,2171.09993082083,2233.50673669919,2161.2462246295104,2230.22216796875,811000
2007-03-20 00:00:00+09:00,2256.4993113798255,2272.922159352022,2226.9381850298714,2233.50732421875,799000
2007-03-22 00:00:00+09:00,2259.7841782576866,2276.207028390373,2230.2230480188505,2243.361328125,563000
2007-03-23 00:00:00+09:00,2253.213912160773,2253.213912160773,2230.221933465255,2246.644775390625,532000
2007-03-26 00:00:00+09:00,2259.783789912917,2263.068359375,2249.9300815266693,2263.068359375,507000
2007-03-27 00:00:00+09:00,2274.440846997638,2307.888506512309,2257.7170172403025,2301.198974609375,612000
2007-03-28 00:00:00+09:00,2294.5093472010967,2307.888410450083,2257.7169232663855,2267.751220703125,641000
2007-03-29 00:00:00+09:00,2264.405609713427,2287.8189616602426,2244.3370223304423,2277.78466796875,743000
2007-03-30 00:00:00+09:00,2287.819785013686,2301.198848083942,2287.819785013686,2291.16455078125,257000
2007-04-02 00:00:00+09:00,2291.164127051214,2304.5431876471334,2264.406005859375,2264.406005859375,358000
2007-04-03 00:00:00+09:00,2287.819361902234,2287.819361902234,2254.3717104124357,2264.406005859375,384000
2007-04-04 00:00:00+09:00,2284.4746748408566,2291.164205367477,2254.371787471065,2257.716552734375,434000
2007-04-05 00:00:00+09:00,2257.7161338516994,2307.887603492848,2220.9237227815233,2294.508544921875,1339000
2007-04-06 00:00:00+09:00,2334.645843071136,2348.02490234375,2314.577254162215,2348.02490234375,1140000
2007-04-09 00:00:00+09:00,2364.748215948409,2374.782508236733,2327.95581089122,2371.437744140625,765000
2007-04-10 00:00:00+09:00,2371.4381714718443,2401.541053761332,2358.0591126765166,2398.1962890625,786000
2007-04-11 00:00:00+09:00,2424.9545040646117,2481.815506228885,2414.920209565034,2475.1259765625,1105000
2007-04-12 00:00:00+09:00,2458.4021523965375,2475.1259765625,2441.6783282305746,2475.1259765625,738000
2007-04-13 00:00:00+09:00,2491.8492329496744,2501.8835251628943,2421.609187457133,2438.3330078125,900000
2007-04-16 00:00:00+09:00,2461.7474132875336,2501.884599373743,2458.402647780349,2495.195068359375,932000
2007-04-17 00:00:00+09:00,2501.884756412146,2505.2295221292748,2455.0580363723466,2481.816162109375,775000
2007-04-18 00:00:00+09:00,2471.7818557075834,2478.4713871168055,2451.713261479917,2461.74755859375,521000
2007-04-19 00:00:00+09:00,2448.368218467096,2448.368218467096,2388.162442603151,2401.54150390625,919000
2007-04-20 00:00:00+09:00,2428.299970354353,2438.334267752511,2401.5418439592636,2434.989501953125,451000
2007-04-23 00:00:00+09:00,2451.713261479917,2478.4713871168055,2438.334198661473,2461.74755859375,631000
2007-04-24 00:00:00+09:00,2465.092118742028,2468.4368841677297,2438.333995336416,2458.402587890625,399000
2007-04-25 00:00:00+09:00,2455.0577182564684,2498.5396669449347,2448.3681876890123,2488.50537109375,645000
2007-04-26 00:00:00+09:00,2491.8501363774785,2498.5396669449347,2461.747248823925,2488.50537109375,528000
2007-04-27 00:00:00+09:00,2531.9875879035426,2545.3666504552125,2515.263759713955,2528.642822265625,880000
2007-05-01 00:00:00+09:00,2525.297771335877,2608.9169028370648,2521.9530060758293,2595.537841796875,1195000
2007-05-02 00:00:00+09:00,2612.2617853912316,2618.9513162116955,2575.469365878679,2585.503662109375,1294000
2007-05-07 00:00:00+09:00,2649.053878207651,2662.432938198599,2645.709113209914,2655.743408203125,896000
2007-05-08 00:00:00+09:00,2632.330283537734,2649.054109989689,2625.640752956952,2635.675048828125,483000
2007-05-09 00:00:00+09:00,2622.2954863331206,2639.0193095877958,2615.60595703125,2615.60595703125,600000
2007-05-10 00:00:00+09:00,2615.6063944105936,2625.640690041325,2598.882568359375,2598.882568359375,378000
2007-05-11 00:00:00+09:00,2568.77978515625,2585.5036118825274,2565.435019810994,2568.77978515625,490000
2007-05-14 00:00:00+09:00,2608.916980832122,2608.916980832122,2578.8140925917514,2588.848388671875,308000
2007-05-15 00:00:00+09:00,2605.5719578899298,2665.7777284188373,2585.5033677136275,2632.330078125,913000
2007-05-16 00:00:00+09:00,2669.122725219727,2682.5017864990236,2669.122725219727,2675.812255859375,552000
2007-05-17 00:00:00+09:00,2766.1209883256392,2802.913407759233,2756.0866921164775,2796.223876953125,1052000
2007-05-18 00:00:00+09:00,2739.362472106711,2756.0862967227467,2736.0177071835033,2746.052001953125,686000
2007-05-21 00:00:00+09:00,2749.397100497159,2779.499988458807,2715.9494472064393,2759.431396484375,444000
2007-05-22 00:00:00+09:00,2746.0520788618933,2759.43113892943,2732.6730187943567,2739.362548828125,440000
2007-05-23 00:00:00+09:00,2789.534153560679,2836.3608659705706,2772.8103277000037,2812.947509765625,693000
2007-05-24 00:00:00+09:00,2789.534296028881,2796.2238267148014,2772.8104693140795,2779.5,563000
2007-05-25 00:00:00+09:00,2752.7413252667684,2756.0860899390245,2719.293678544207,2742.70703125,711000
2007-05-28 00:00:00+09:00,2782.8447653429603,2789.534296028881,2776.1552346570397,2779.5,263000
2007-05-29 00:00:00+09:00,2776.1547088623047,2782.84423828125,2772.809944152832,2782.84423828125,296000
2007-05-30 00:00:00+09:00,2772.810624811064,2779.5001558721283,2756.086797158404,2766.12109375,311000
2007-05-31 00:00:00+09:00,2792.878817210478,2843.05029296875,2792.878817210478,2843.05029296875,908000
2007-06-01 00:00:00+09:00,2846.395198586656,2886.532381175422,2846.395198586656,2873.1533203125,768000
2007-06-04 00:00:00+09:00,2893.221511929226,2906.6005709439273,2883.1872176681995,2886.531982421875,512000
2007-06-05 00:00:00+09:00,2853.084174390109,2853.084174390109,2829.6708224314566,2836.3603515625,719000
2007-06-06 00:00:00+09:00,2856.4296875,2863.119218384075,2843.0506257318502,2856.4296875,461000
2007-06-07 00:00:00+09:00,2822.981702665441,2846.3950580193014,2822.981702665441,2843.05029296875,712000
2007-06-08 00:00:00+09:00,2796.2237994574134,2802.913330078125,2792.8790341470576,2802.913330078125,1985000
2007-06-11 00:00:00+09:00,2829.6708827427456,2829.6708827427456,2799.5680010114397,2809.602294921875,437000
2007-06-12 00:00:00+09:00,2819.6375511280003,2819.6375511280003,2749.3974697831745,2769.466064453125,698000
2007-06-13 00:00:00+09:00,2736.0180007897625,2782.8447147397096,2736.0180007897625,2762.776123046875,814000
2007-06-14 00:00:00+09:00,2799.568564767769,2812.9476260091924,2799.568564767769,2802.913330078125,441000
2007-06-15 00:00:00+09:00,2819.6365888323103,2819.6365888323103,2806.2575302850632,2809.602294921875,333000
2007-06-18 00:00:00+09:00,2869.808682682896,2889.8772748694896,2866.4639173184637,2883.187744140625,841000
2007-06-19 00:00:00+09:00,2933.358642578125,2936.7034072788983,2923.3243484758054,2933.358642578125,843000
2007-06-20 00:00:00+09:00,2990.2203315709176,3000.254627985585,2970.1517387415824,2980.18603515625,1113000
2007-06-21 00:00:00+09:00,2983.5303887795276,2983.5303887795276,2960.11703371063,2973.49609375,806000
2007-06-22 00:00:00+09:00,3003.5995022438324,3037.047158170824,3000.2547366511335,3033.702392578125,867000
2007-06-25 00:00:00+09:00,3090.5634076540105,3090.5634076540105,3030.3576269854257,3033.702392578125,1138000
2007-06-26 00:00:00+09:00,3020.3229081575014,3043.736264034691,2973.4961964031213,3006.94384765625,1219000
2007-06-27 00:00:00+09:00,2983.5303364058964,2986.875101357024,2956.772216796875,2956.772216796875,886000
2007-06-28 00:00:00+09:00,2990.2200220296854,3010.2886127815627,2980.185726653747,3006.94384765625,523000
2007-06-29 00:00:00+09:00,3033.7025007829902,3067.150157902979,2986.875780815006,3003.599609375,778000
2007-07-02 00:00:00+09:00,3033.702606000838,3060.4607326248806,3020.3235426888164,3057.115966796875,621000
2007-07-03 00:00:00+09:00,3033.7018807463323,3120.665771484375,3033.7018807463323,3120.665771484375,802000
2007-07-04 00:00:00+09:00,3160.803534811103,3224.3540820718554,3157.4587691658003,3217.66455078125,1097000
2007-07-05 00:00:00+09:00,3244.422518965127,3297.9387667006345,3210.974864130435,3231.04345703125,1652000
2007-07-06 00:00:00+09:00,3257.8005917230594,3277.869178530388,3217.6634181084014,3274.5244140625,1410000
2007-07-09 00:00:00+09:00,3321.351242295462,3334.7303006732886,3304.6274193231784,3328.040771484375,1076000
2007-07-10 00:00:00+09:00,3311.317754555325,3328.0415815985334,3294.593927512116,3321.35205078125,819000
2007-07-11 00:00:00+09:00,3267.8358489268853,3271.1806143812632,3254.456787109375,3254.456787109375,922000
2007-07-12 00:00:00+09:00,3281.214739435369,3314.6623922328754,3271.180443596117,3311.317626953125,922000
2007-07-13 00:00:00+09:00,3398.2817276454207,3398.2817276454207,3358.1445418858293,3378.213134765625,1130000
2007-07-17 00:00:00+09:00,3291.2490621820957,3314.6624193317652,3281.214766260809,3287.904296875,1312000
2007-07-18 00:00:00+09:00,3214.3195300241896,3247.7671838225683,3190.9061723653244,3197.595703125,1433000
2007-07-19 00:00:00+09:00,3297.9390781947545,3378.213457380022,3297.9390781947545,3371.52392578125,1371000
2007-07-20 00:00:00+09:00,3485.2451440568666,3525.38232421875,3485.2451440568666,3525.38232421875,1236000
2007-07-23 00:00:00+09:00,3532.0721227134145,3565.519775390625,3532.0721227134145,3565.519775390625,755000
2007-07-24 00:00:00+09:00,3645.794921875,3665.8635177752294,3598.9681981077983,3645.794921875,826000
2007-07-25 00:00:00+09:00,3592.277937219498,3772.895263671875,3592.277937219498,3772.895263671875,1734000
2007-07-26 00:00:00+09:00,4053.854918833248,4107.371155385502,4027.096800557121,4080.613037109375,1732000
2007-07-27 00:00:00+09:00,3993.649582304485,4013.7181731703367,3866.5485068207577,3873.238037109375,1662000
2007-07-30 00:00:00+09:00,3806.34246048984,3940.133056640625,3645.793745108898,3940.133056640625,1560000
2007-07-31 00:00:00+09:00,4027.0969296608364,4027.0969296608364,3853.1691552901025,3920.064453125,842000
2007-08-01 00:00:00+09:00,3819.722193042652,3839.7907860008445,3706.0001662795607,3712.689697265625,1024000
2007-08-02 00:00:00+09:00,3779.584928934047,3799.65352147706,3438.4188557028324,3572.20947265625,1974000
2007-08-03 00:00:00+09:00,3605.656163469145,3699.3095703125,3545.450401926989,3699.3095703125,1147000
2007-08-06 00:00:00+09:00,3565.5198333071967,3672.552323612854,3538.7617107307824,3665.86279296875,1046000
2007-08-07 00:00:00+09:00,3759.5164034193845,3766.2059343863225,3645.7943769814315,3692.62109375,833000
2007-08-08 00:00:00+09:00,3712.6897486636512,3813.03271484375,3699.3106865063046,3813.03271484375,712000
2007-08-09 00:00:00+09:00,3846.479400141663,3866.5479883163152,3699.309753527547,3726.06787109375,1101000
2007-08-10 00:00:00+09:00,3552.1396522080117,3605.655880489865,3391.590967362452,3465.17578125,1226000
2007-08-13 00:00:00+09:00,3538.761653248857,3572.209305926067,3518.6930616425307,3565.519775390625,562000
2007-08-14 00:00:00+09:00,3665.8627739223184,3786.2743248905695,3645.7941820942765,3772.895263671875,1060000
2007-08-15 00:00:00+09:00,3699.3113926149763,3732.7590543926885,3538.7626160819573,3545.4521484375,1402000
2007-08-16 00:00:00+09:00,3364.83392980239,3465.1768899356616,3324.696745749081,3411.66064453125,1597000
2007-08-17 00:00:00+09:00,3251.111362092391,3271.1799507472824,3077.1835937499995,3077.18359375,2211000
2007-08-20 00:00:00+09:00,3264.491101074219,3321.3521141052247,3210.974853515625,3210.974853515625,1549000
2007-08-21 00:00:00+09:00,3284.559213341945,3371.523102900897,3267.835388426762,3358.14404296875,1254000
2007-08-22 00:00:00+09:00,3398.281666432057,3404.9711972714904,3318.0072963588586,3341.420654296875,698000
2007-08-23 00:00:00+09:00,3532.072855935168,3585.589111328125,3512.004260162809,3585.589111328125,867000
2007-08-24 00:00:00+09:00,3578.898894595404,3672.552323612854,3532.072180086679,3665.86279296875,758000
2007-08-27 00:00:00+09:00,3719.3792068676,3719.3792068676,3639.104835496357,3672.552490234375,779000
2007-08-28 00:00:00+09:00,3612.3460382553044,3692.620394660978,3605.656508554832,3625.72509765625,674000
2007-08-29 00:00:00+09:00,3404.9712132129853,3465.1769910497574,3391.5921514714805,3445.1083984375,1074000
2007-08-30 00:00:00+09:00,3572.208893510632,3585.5879530368893,3532.0717149318607,3558.829833984375,694000
2007-08-31 00:00:00+09:00,3525.383324011048,3592.2786432522444,3525.383324011048,3585.589111328125,675000
2007-09-03 00:00:00+09:00,3585.588523275659,3592.278054102666,3538.7618074866114,3552.140869140625,442000
2007-09-04 00:00:00+09:00,3505.313601471657,3525.3821907930596,3431.7287739598473,3451.79736328125,495000
2007-09-05 00:00:00+09:00,3518.6926610192586,3525.3821907930596,3431.7287739598473,3451.79736328125,514000
2007-09-06 00:00:00+09:00,3384.9026089214653,3572.20947265625,3371.523547226124,3572.20947265625,789000
2007-09-07 00:00:00+09:00,3558.8308017781187,3578.899396524988,3491.935485955222,3538.76220703125,548000
2007-09-10 00:00:00+09:00,3378.2126993736397,3485.245180937953,3338.0755187870222,3458.487060546875,714000
2007-09-11 00:00:00+09:00,3491.9347110357226,3505.313771231262,3411.6603498624877,3458.487060546875,499000
2007-09-12 00:00:00+09:00,3518.6920095318533,3518.6920095318533,3445.107195644305,3465.17578125,501000
2007-09-13 00:00:00+09:00,3498.6241141183036,3512.003173828125,3471.8659946986604,3512.003173828125,346000
2007-09-14 00:00:00+09:00,3578.899388502651,3706.00048828125,3578.899388502651,3706.00048828125,2106000
2007-09-18 00:00:00+09:00,3712.689222110215,3759.515933019713,3712.689222110215,3732.7578125,563000
2007-09-19 00:00:00+09:00,3940.133056640625,3940.133056640625,3913.374937410468,3940.133056640625,771000
2007-09-20 00:00:00+09:00,3893.3063339910414,3920.0644531250005,3879.9272744240616,3920.064453125,448000
2007-09-21 00:00:00+09:00,3853.1694335937505,3866.548494127062,3792.963661193848,3853.16943359375,474000
2007-09-25 00:00:00+09:00,3889.381321351536,3983.2629394531245,3815.6171928431445,3983.262939453125,434000
2007-09-26 00:00:00+09:00,3989.9682066033915,4010.085693359375,3956.4390620100858,4010.085693359375,401000
2007-09-27 00:00:00+09:00,4057.026951090495,4083.8502697753906,4016.791973063151,4023.497802734375,437000
2007-09-28 00:00:00+09:00,4043.614875127805,4043.614875127805,3969.850756344379,3996.674072265625,284000
2007-10-01 00:00:00+09:00,3989.9680538080993,4023.4971971174114,3963.14473916065,3976.556396484375,499000
2007-10-02 00:00:00+09:00,4036.9094718750002,4191.1435546875,4010.0861531250002,4191.1435546875,907000
2007-10-03 00:00:00+09:00,4258.2012164703465,4345.37698940596,4251.495387782992,4331.96533203125,864000
2007-10-04 00:00:00+09:00,4325.260066807828,4345.377555490654,4278.319259881231,4305.142578125,606000
2007-10-05 00:00:00+09:00,4258.201812792812,4264.907642419258,4191.143516528359,4204.55517578125,828000
2007-10-09 00:00:00+09:00,4338.671690056705,4358.789178573197,4211.260929452258,4231.37841796875,549000
2007-10-10 00:00:00+09:00,4264.907561001713,4405.72998046875,4244.790072506422,4405.72998046875,723000
2007-10-11 00:00:00+09:00,4439.260128307894,4660.552551622335,4419.142635279308,4640.43505859375,1083000
2007-10-12 00:00:00+09:00,4625.27919258668,4625.27919258668,4519.7294921875,4519.7294921875,1083000
2007-10-15 00:00:00+09:00,4687.373556415686,4794.666799480995,4647.138590266195,4774.54931640625,958000
2007-10-16 00:00:00+09:00,4770.020542963085,4770.020542963085,4700.7861328125,4700.7861328125,958000
2007-10-17 00:00:00+09:00,4722.717680950417,4722.717680950417,4566.6708984375,4566.6708984375,958000
2007-10-18 00:00:00+09:00,4633.727988568475,4633.727988568475,4519.728891888787,4559.9638671875,716000
2007-10-19 00:00:00+09:00,4468.538280261122,4468.538280261122,4432.552734375,4432.552734375,716000
2007-10-22 00:00:00+09:00,4298.436561631279,4378.9065128630655,4271.613244554016,4372.20068359375,685000
2007-10-23 00:00:00+09:00,4392.318631319472,4392.318631319472,4298.43701171875,4298.43701171875,685000
2007-10-24 00:00:00+09:00,4499.611953890376,4627.022724566855,4499.611953890376,4620.31689453125,941000
2007-10-25 00:00:00+09:00,4627.021344466332,4680.66796875,4627.021344466332,4680.66796875,941000
2007-10-26 00:00:00+09:00,4516.1078466876415,4546.55224609375,4516.1078466876415,4546.55224609375,941000
2007-10-29 00:00:00+09:00,4647.138879170707,4767.843785123193,4633.727222953764,4754.43212890625,838000
2007-10-30 00:00:00+09:00,4806.938003397453,4808.078125,4806.938003397453,4808.078125,838000
2007-10-31 00:00:00+09:00,4741.019852684797,4814.78395223152,4694.079062064156,4808.078125,607000
2007-11-01 00:00:00+09:00,4821.961686653568,4834.90380859375,4821.961686653568,4834.90380859375,607000
2007-11-02 00:00:00+09:00,4752.47480436944,4752.47480436944,4727.60986328125,4727.60986328125,607000
2007-11-05 00:00:00+09:00,4747.727513363488,4761.139173005757,4533.140959087172,4586.78759765625,717000
2007-11-06 00:00:00+09:00,4684.356618023335,4684.356618023335,4606.904296875,4606.904296875,717000
2007-11-07 00:00:00+09:00,4574.447877928734,4574.447877928734,4526.43408203125,4526.43408203125,717000
2007-11-08 00:00:00+09:00,4526.433484307651,4526.433484307651,4278.31787109375,4278.31787109375,717000
2007-11-09 00:00:00+09:00,4291.730456026059,4291.730456026059,4117.37890625,4117.37890625,717000
2007-11-12 00:00:00+09:00,4103.967743542729,4103.967743542729,3943.02783203125,3943.02783203125,717000
2007-11-13 00:00:00+09:00,3983.262752319956,3983.262752319956,3963.145263671875,3963.145263671875,717000
2007-11-14 00:00:00+09:00,4322.30983190384,4322.30983190384,4298.43701171875,4298.43701171875,717000
2007-11-15 00:00:00+09:00,4365.49458618164,4378.906243896485,4291.73046875,4291.73046875,717000
2007-11-16 00:00:00+09:00,4248.142898109311,4248.142898109311,4090.5559082031255,4090.555908203125,717000
2007-11-19 00:00:00+09:00,4144.873244459536,4144.873244459536,3963.145263671875,3963.145263671875,717000
2007-11-20 00:00:00+09:00,3932.7060272412045,4110.6748046875,3932.7060272412045,4110.6748046875,717000
2007-11-21 00:00:00+09:00,4120.665621406323,4120.665621406323,3969.8515625,3969.8515625,717000
2007-11-22 00:00:00+09:00,3912.2481539753876,4023.497802734375,3912.2481539753876,4023.497802734375,717000
2007-11-26 00:00:00+09:00,4144.202746875,4244.7901921875,4124.0852578125005,4191.1435546875,493000
2007-11-27 00:00:00+09:00,4191.143709797913,4191.143709797913,4137.4970703125,4137.4970703125,717000
2007-11-28 00:00:00+09:00,4180.212017426614,4180.212017426614,4171.02490234375,4171.02490234375,717000
2007-11-29 00:00:00+09:00,4181.084298430322,4378.90625,4181.084298430322,4378.90625,717000
2007-11-30 00:00:00+09:00,4379.442958858894,4506.3173828125,4379.442958858894,4506.3173828125,717000
2007-12-03 00:00:00+09:00,4534.816296764256,4553.25732421875,4534.816296764256,4553.25732421875,717000
2007-12-04 00:00:00+09:00,4526.435129266037,4586.78759765625,4499.611809981497,4586.78759765625,717000
2007-12-05 00:00:00+09:00,4589.40181630276,4589.40181630276,4499.61083984375,4499.61083984375,717000
2007-12-06 00:00:00+09:00,4486.467210206051,4553.25732421875,4486.467210206051,4553.25732421875,717000
2007-12-07 00:00:00+09:00,4547.893561407623,4580.08154296875,4547.893561407623,4580.08154296875,717000
2007-12-10 00:00:00+09:00,4586.453099833081,4586.453099833081,4566.6708984375,4566.6708984375,717000
2007-12-11 00:00:00+09:00,4478.755648109881,4499.61083984375,4478.755648109881,4499.61083984375,717000
2007-12-12 00:00:00+09:00,4405.730652965199,4425.84814453125,4405.730652965199,4425.84814453125,717000
2007-12-13 00:00:00+09:00,4432.552762341574,4432.552762341574,4331.96533203125,4331.96533203125,717000
2007-12-14 00:00:00+09:00,4405.728387169471,4412.434214242789,4358.78759765625,4358.78759765625,717000
2007-12-17 00:00:00+09:00,4388.698503047385,4388.698503047385,4311.849609375,4311.849609375,717000
2007-12-18 00:00:00+09:00,4244.790419703474,4291.731230031949,4164.3204591403755,4197.849609375,556000
2007-12-19 00:00:00+09:00,4160.900197310257,4191.1435546875,4160.900197310257,4191.1435546875,717000
2007-12-20 00:00:00+09:00,4204.555824982331,4204.555824982331,4150.9091796875,4150.9091796875,717000
2007-12-21 00:00:00+09:00,4131.595840061045,4305.142578125,4131.595840061045,4305.142578125,717000
2007-12-25 00:00:00+09:00,4399.963573229638,4425.84814453125,4399.963573229638,4425.84814453125,717000
2007-12-26 00:00:00+09:00,4459.376576741537,4506.3173828125,4459.376576741537,4506.3173828125,717000
2007-12-27 00:00:00+09:00,4493.375487237168,4513.0234375,4493.375487237168,4513.0234375,717000
2007-12-28 00:00:00+09:00,4432.5531477619825,4499.6114404664,4419.1414892211,4459.37646484375,378000
2008-01-04 00:00:00+09:00,4298.437129367619,4325.260449987697,4157.614696112205,4258.2021484375,723000
2008-01-07 00:00:00+09:00,4217.564980700378,4217.564980700378,4016.79248046875,4016.79248046875,717000
2008-01-08 00:00:00+09:00,4003.3797661215576,4003.3797661215576,3956.4389648437505,3956.43896484375,717000
2008-01-09 00:00:00+09:00,3963.145836322256,4016.79248046875,3963.145836322256,4016.79248046875,717000
2008-01-10 00:00:00+09:00,4103.967758789063,4103.967758789063,4023.497802734375,4023.497802734375,717000
2008-01-11 00:00:00+09:00,4025.9119669026336,4025.9119669026336,4023.497802734375,4023.497802734375,717000
2008-01-15 00:00:00+09:00,4010.4071341253543,4010.4071341253543,3956.4389648437505,3956.43896484375,717000
2008-01-16 00:00:00+09:00,3748.557952202691,3775.381264919705,3621.147216796875,3621.147216796875,820000
2008-01-17 00:00:00+09:00,3532.3052835126796,3567.500732421875,3532.3052835126796,3567.500732421875,820000
2008-01-18 00:00:00+09:00,3473.619520596591,3688.2060546875005,3473.619520596591,3688.2060546875,820000
2008-01-21 00:00:00+09:00,3613.705123138541,3613.705123138541,3547.3845214843755,3547.384521484375,820000
2008-01-22 00:00:00+09:00,3352.914719354539,3401.8672742571152,3326.0914015997027,3379.738037109375,820000
2008-01-23 00:00:00+09:00,3633.4857875093844,3654.67626953125,3633.4857875093844,3654.67626953125,820000
2008-01-24 00:00:00+09:00,3634.5590168658955,3634.5590168658955,3567.500732421875,3567.500732421875,820000
2008-01-25 00:00:00+09:00,3598.341871097684,3598.341871097684,3487.031005859375,3487.031005859375,820000
2008-01-28 00:00:00+09:00,3438.5481939615083,3438.5481939615083,3151.73974609375,3151.73974609375,820000
2008-01-29 00:00:00+09:00,3197.9429726032627,3322.7385253906245,3197.9429726032627,3322.738525390625,820000
2008-01-30 00:00:00+09:00,3300.273939849551,3386.44384765625,3300.273939849551,3386.44384765625,820000
2008-01-31 00:00:00+09:00,3419.267574693816,3520.560302734375,3419.267574693816,3520.560302734375,820000
2008-02-01 00:00:00+09:00,3554.090576171875,3554.090576171875,3554.090576171875,3554.090576171875,820000
2008-02-04 00:00:00+09:00,3548.3896673668924,3548.3896673668924,3373.0322265625,3373.0322265625,820000
2008-02-05 00:00:00+09:00,3368.405582102221,3368.405582102221,3265.7392578124995,3265.7392578125,820000
2008-02-06 00:00:00+09:00,3094.67309185608,3101.446044921875,3094.67309185608,3101.446044921875,820000
2008-02-07 00:00:00+09:00,3121.5640373556025,3138.32861328125,3121.5640373556025,3138.32861328125,820000
2008-02-08 00:00:00+09:00,3132.8292325080765,3175.210205078125,3132.8292325080765,3175.210205078125,820000
2008-02-12 00:00:00+09:00,3187.145705231967,3187.145705231967,3131.62158203125,3131.62158203125,820000
2008-02-13 00:00:00+09:00,3252.662515024039,3252.662515024039,3225.50390625,3225.50390625,820000
2008-02-14 00:00:00+09:00,3394.4911375530946,3453.5024414062495,3394.4911375530946,3453.50244140625,820000
2008-02-15 00:00:00+09:00,3440.090016112337,3466.913330078125,3399.8550451636543,3466.913330078125,820000
2008-02-18 00:00:00+09:00,3493.7372516549967,3493.7372516549967,3426.678955078125,3426.678955078125,820000
2008-02-19 00:00:00+09:00,3480.325927734375,3480.325927734375,3480.325927734375,3480.325927734375,820000
2008-02-20 00:00:00+09:00,3508.1548050225947,3508.1548050225947,3419.9731445312495,3419.97314453125,820000
2008-02-21 00:00:00+09:00,3560.7958394597085,3580.913330078125,3554.09000925357,3580.913330078125,820000
2008-02-22 00:00:00+09:00,3579.5034591458866,3627.8525390625,3579.5034591458866,3627.8525390625,820000
2008-02-25 00:00:00+09:00,3733.403074422941,3761.9699707031245,3733.403074422941,3761.969970703125,820000
2008-02-26 00:00:00+09:00,3763.111213090676,3875.9702148437505,3763.111213090676,3875.97021484375,820000
2008-02-27 00:00:00+09:00,3874.5613468668967,3874.5613468668967,3822.322998046875,3822.322998046875,820000
2008-02-28 00:00:00+09:00,3853.9073716821713,3853.9073716821713,3788.793701171875,3788.793701171875,820000
2008-02-29 00:00:00+09:00,3778.399534254808,3778.399534254808,3574.20703125,3574.20703125,820000
2008-03-03 00:00:00+09:00,3580.9127007594625,3580.9127007594625,3366.3261718750005,3366.326171875,820000
2008-03-04 00:00:00+09:00,3366.326812567738,3480.325927734375,3366.326812567738,3480.325927734375,820000
2008-03-05 00:00:00+09:00,3513.854104866659,3567.500732421875,3513.854104866659,3567.500732421875,820000
2008-03-06 00:00:00+09:00,3721.7346544593406,3721.7346544593406,3708.3229980468745,3708.322998046875,820000
2008-03-07 00:00:00+09:00,3560.7950123834066,3560.7950123834066,3527.265869140625,3527.265869140625,820000
2008-03-10 00:00:00+09:00,3453.501517772675,3466.9131741523747,3418.966502594948,3433.384033203125,820000
2008-03-11 00:00:00+09:00,3473.618913496057,3560.794677734375,3413.2664613310676,3560.794677734375,820000
2008-03-12 00:00:00+09:00,3668.088014051649,3668.088014051649,3601.0297322591146,3621.147216796875,262000
2008-03-13 00:00:00+09:00,3493.7374410072653,3493.7374410072653,3386.44416066923,3446.796630859375,310000
2008-03-14 00:00:00+09:00,3440.0902766737827,3460.207763671875,3440.0902766737827,3460.207763671875,310000
2008-03-17 00:00:00+09:00,3487.1648746255496,3487.1648746255496,3259.032470703125,3259.032470703125,310000
2008-03-18 00:00:00+09:00,3252.5952261249827,3329.444091796875,3252.5952261249827,3329.444091796875,310000
2008-03-19 00:00:00+09:00,3326.091755795889,3507.149169921875,3326.091755795889,3507.149169921875,310000
2008-03-21 00:00:00+09:00,3493.736644043913,3493.736644043913,3466.913330078125,3466.913330078125,310000
2008-03-24 00:00:00+09:00,3473.6195913461543,3574.20703125,3473.6195913461543,3574.20703125,310000
2008-03-25 00:00:00+09:00,3650.2509565340565,3650.2509565340565,3614.4418945312495,3614.44189453125,310000
2008-03-26 00:00:00+09:00,3598.828216403666,3598.828216403666,3581.57080078125,3581.57080078125,310000
2008-03-27 00:00:00+09:00,3471.042370455326,3499.3935546875,3471.042370455326,3499.3935546875,310000
2008-03-28 00:00:00+09:00,3493.025088167099,3567.875,3493.025088167099,3567.875,310000
2008-03-31 00:00:00+09:00,3519.9369205857074,3519.9369205857074,3485.6962890625,3485.6962890625,310000
2008-04-01 00:00:00+09:00,3532.401827610477,3567.875,3532.401827610477,3567.875,310000
2008-04-02 00:00:00+09:00,3554.178425212483,3739.077880859375,3554.178425212483,3739.077880859375,310000
2008-04-03 00:00:00+09:00,3760.71816292362,3760.71816292362,3691.1411132812505,3691.14111328125,310000
2008-04-04 00:00:00+09:00,3730.9972564839536,3752.774169921875,3730.9972564839536,3752.774169921875,310000
2008-04-07 00:00:00+09:00,3776.263118426118,3855.49609375,3776.263118426118,3855.49609375,310000
2008-04-08 00:00:00+09:00,3873.9170199002137,3873.9170199002137,3766.469970703125,3766.469970703125,310000
2008-04-09 00:00:00+09:00,3774.4142546239805,3774.4142546239805,3725.3815917968755,3725.381591796875,310000
2008-04-10 00:00:00+09:00,3704.3576290644464,3793.8627929687505,3704.3576290644464,3793.86279296875,310000
2008-04-11 00:00:00+09:00,3782.358574630892,3800.7114257812495,3782.358574630892,3800.71142578125,310000
2008-04-14 00:00:00+09:00,3789.95930927495,3828.1035156250005,3789.95930927495,3828.103515625,310000
2008-04-15 00:00:00+09:00,3696.482207414636,3696.482207414636,3663.748291015625,3663.748291015625,310000
2008-04-16 00:00:00+09:00,3672.0351192308567,3672.0351192308567,3574.72314453125,3574.72314453125,310000
2008-04-17 00:00:00+09:00,3675.015275399268,3675.015275399268,3602.115478515625,3602.115478515625,310000
2008-04-18 00:00:00+09:00,3718.533131163116,3787.0144042968755,3718.533131163116,3787.014404296875,310000
2008-04-21 00:00:00+09:00,3967.9429270688556,4040.39599609375,3967.9429270688556,4040.39599609375,310000
2008-04-22 00:00:00+09:00,4022.043495178141,4022.043495178141,3978.76318359375,3978.76318359375,310000
2008-04-23 00:00:00+09:00,4050.038397870943,4050.038397870943,4013.003662109375,4013.003662109375,310000
2008-04-24 00:00:00+09:00,4023.891072333412,4023.891072333412,3985.610107421875,3985.610107421875,310000
2008-04-25 00:00:00+09:00,3896.0370336710885,3910.281005859375,3896.0370336710885,3910.281005859375,310000
2008-04-28 00:00:00+09:00,3954.8612634360893,3954.8612634360893,3951.36865234375,3951.36865234375,310000
2008-04-30 00:00:00+09:00,3944.5210992517605,3944.5210992517605,3889.736083984375,3889.736083984375,310000
2008-05-01 00:00:00+09:00,3824.199688011728,3824.199688011728,3821.2551269531245,3821.255126953125,310000
2008-05-02 00:00:00+09:00,3853.235701314958,3889.736083984375,3853.235701314958,3889.736083984375,310000
2008-05-07 00:00:00+09:00,3993.212803511981,3993.212803511981,3978.76318359375,3978.76318359375,6000
2008-05-08 00:00:00+09:00,4006.1542084792563,4006.1542084792563,3971.91357421875,3971.91357421875,6000
2008-05-09 00:00:00+09:00,3956.9847204936045,3956.9847204936045,3944.52099609375,3944.52099609375,6000
2008-05-12 00:00:00+09:00,3917.129200067935,3937.673583984375,3917.129200067935,3937.673583984375,6000
2008-05-13 00:00:00+09:00,3978.761701070851,3978.761701070851,3971.91357421875,3971.91357421875,6000
2008-05-14 00:00:00+09:00,3978.7627271387223,3992.458984375,3978.7627271387223,3992.458984375,6000
2008-05-15 00:00:00+09:00,4061.2825758856698,4061.2825758856698,4054.092041015625,4054.092041015625,6000
2008-05-16 00:00:00+09:00,4055.187678390234,4102.02880859375,4055.187678390234,4102.02880859375,6000
2008-05-19 00:00:00+09:00,4108.875690466448,4184.205078125,4108.875690466448,4184.205078125,6000
2008-05-20 00:00:00+09:00,4213.994426880881,4213.994426880881,4184.205078125,4184.205078125,6000
2008-05-21 00:00:00+09:00,4047.244218455065,4081.48486328125,4047.244218455065,4081.48486328125,6000
2008-05-22 00:00:00+09:00,4025.1238814140047,4060.939453125,4025.1238814140047,4060.939453125,6000
2008-05-23 00:00:00+09:00,4101.34331577846,4101.34331577846,4026.69873046875,4026.69873046875,6000
2008-05-26 00:00:00+09:00,4017.0423354758063,4033.5463867187495,4017.0423354758063,4033.54638671875,6000
2008-05-27 00:00:00+09:00,4060.9401694632866,4060.9401694632866,4054.092041015625,4054.092041015625,6000
2008-05-28 00:00:00+09:00,4014.303412557018,4014.303412557018,3971.91357421875,3971.91357421875,6000
2008-05-29 00:00:00+09:00,3959.656207797256,3965.066162109375,3959.656207797256,3965.066162109375,6000
2008-05-30 00:00:00+09:00,3997.4579845137296,3997.4579845137296,3992.458984375,3992.458984375,6000
2008-06-02 00:00:00+09:00,3919.595414549798,3919.595414549798,3869.193115234375,3869.193115234375,6000
2008-06-03 00:00:00+09:00,3889.8898806278917,3889.8898806278917,3855.49609375,3855.49609375,6000
2008-06-04 00:00:00+09:00,3965.5468713157316,3965.5468713157316,3958.21923828125,3958.21923828125,6000
2008-06-05 00:00:00+09:00,3955.1501687480836,3955.1501687480836,3951.36865234375,3951.36865234375,6000
2008-06-06 00:00:00+09:00,4011.9080630317612,4011.9080630317612,3978.76318359375,3978.76318359375,6000
2008-06-09 00:00:00+09:00,3896.584750147083,3910.281005859375,3896.584750147083,3910.281005859375,6000
2008-06-10 00:00:00+09:00,3910.2810846284538,3910.2810846284538,3841.7998046875,3841.7998046875,6000
2008-06-11 00:00:00+09:00,3841.7998866428334,3876.04052734375,3841.7998866428334,3876.04052734375,6000
2008-06-12 00:00:00+09:00,3878.847367585147,3882.8876953125,3878.847367585147,3882.8876953125,6000
2008-06-13 00:00:00+09:00,3896.584108988444,3944.52099609375,3896.584108988444,3944.52099609375,6000
2008-06-16 00:00:00+09:00,3951.09676155745,4067.788818359375,3951.09676155745,4067.788818359375,6000
2008-06-17 00:00:00+09:00,4059.3652336728333,4059.3652336728333,4054.092041015625,4054.092041015625,6000
2008-06-18 00:00:00+09:00,4033.0681529287954,4054.092041015625,4033.0681529287954,4054.092041015625,6000
2008-06-19 00:00:00+09:00,4056.374397486001,4102.02880859375,4056.374397486001,4102.02880859375,6000
2008-06-20 00:00:00+09:00,4114.424119515777,4114.424119515777,4054.092041015625,4054.092041015625,6000
2008-06-23 00:00:00+09:00,4021.084442618279,4067.788818359375,4021.084442618279,4067.788818359375,6000
2008-06-24 00:00:00+09:00,4060.9406287064253,4149.96630859375,4060.9406287064253,4149.96630859375,6000
2008-06-25 00:00:00+09:00,4135.037145232299,4197.90283203125,4135.037145232299,4197.90283203125,6000
2008-06-26 00:00:00+09:00,4288.981719854075,4300.62353515625,4288.981719854075,4300.62353515625,6000
2008-06-27 00:00:00+09:00,4166.725165453248,4166.725165453248,4149.96630859375,4149.96630859375,6000
2008-06-30 00:00:00+09:00,4180.166687439809,4180.166687439809,4067.788818359375,4067.788818359375,6000
2008-07-01 00:00:00+09:00,4102.987008367896,4108.87646484375,4102.987008367896,4108.87646484375,6000
2008-07-02 00:00:00+09:00,4108.8761179070725,4163.6611328125,4108.8761179070725,4163.6611328125,6000
2008-07-03 00:00:00+09:00,4164.48359719842,4191.05419921875,4164.48359719842,4191.05419921875,6000
2008-07-04 00:00:00+09:00,4174.687742952227,4197.90283203125,4174.687742952227,4197.90283203125,6000
2008-07-07 00:00:00+09:00,4170.510317629742,4197.90283203125,4170.510317629742,4197.90283203125,6000
2008-07-08 00:00:00+09:00,4099.632619715218,4099.632619715218,4067.788818359375,4067.788818359375,6000
2008-07-09 00:00:00+09:00,4074.6358152210205,4074.6358152210205,4006.1545410156255,4006.154541015625,6000
2008-07-10 00:00:00+09:00,4006.154136657715,4006.154136657715,3944.52099609375,3944.52099609375,6000
2008-07-11 00:00:00+09:00,3944.522536574871,3978.76318359375,3944.522536574871,3978.76318359375,6000
2008-07-14 00:00:00+09:00,4096.82300679206,4096.82300679206,4033.5463867187495,4033.54638671875,6000
2008-07-15 00:00:00+09:00,4037.1774241371368,4037.1774241371368,4013.003662109375,4013.003662109375,6000
2008-07-16 00:00:00+09:00,3827.9664523869274,3841.7998046875,3827.9664523869274,3841.7998046875,6000
2008-07-17 00:00:00+09:00,3855.9750029158977,3855.9750029158977,3814.40673828125,3814.40673828125,6000
2008-07-18 00:00:00+09:00,3821.2547227202867,3821.2547227202867,3759.62158203125,3759.62158203125,6000
2008-07-22 00:00:00+09:00,3725.381258476492,3787.0144042968755,3663.748112656109,3787.014404296875,229000
2008-07-23 00:00:00+09:00,3903.4330399044834,3903.4330399044834,3876.04052734375,3876.04052734375,229000
2008-07-24 00:00:00+09:00,3841.7994749220156,3841.7994749220156,3807.558837890625,3807.558837890625,229000
2008-07-25 00:00:00+09:00,3783.7956714865895,3783.7956714865895,3697.98876953125,3697.98876953125,229000
2008-07-28 00:00:00+09:00,3793.862531610251,3793.862531610251,3787.0144042968755,3787.014404296875,229000
2008-07-29 00:00:00+09:00,3806.394849205527,3841.7998046875,3806.394849205527,3841.7998046875,229000
2008-07-30 00:00:00+09:00,3919.253444490012,3958.21923828125,3919.253444490012,3958.21923828125,229000
2008-07-31 00:00:00+09:00,3615.811279296875,3615.811279296875,3615.811279296875,3615.811279296875,229000
2008-08-01 00:00:00+09:00,3605.7444204514695,3605.7444204514695,3526.7856445312495,3526.78564453125,229000
2008-08-04 00:00:00+09:00,3519.9375340661336,3533.6337890625,3519.9375340661336,3533.6337890625,229000
2008-08-05 00:00:00+09:00,3540.482339877105,3608.963623046875,3540.482339877105,3608.963623046875,229000
2008-08-06 00:00:00+09:00,3608.963574581111,3691.1411132812505,3608.963574581111,3691.14111328125,229000
2008-08-07 00:00:00+09:00,3721.136011267018,3721.136011267018,3684.2932128906245,3684.293212890625,229000
2008-08-08 00:00:00+09:00,3653.1326631474317,3653.1326631474317,3643.202880859375,3643.202880859375,229000
2008-08-11 00:00:00+09:00,3687.8538340847067,3687.8538340847067,3663.748291015625,3663.748291015625,229000
2008-08-12 00:00:00+09:00,3737.2280738284244,3759.62158203125,3737.2280738284244,3759.62158203125,229000
2008-08-13 00:00:00+09:00,3742.9810999797005,3742.9810999797005,3697.98876953125,3697.98876953125,229000
2008-08-14 00:00:00+09:00,3684.1561062760734,3684.1561062760734,3574.72314453125,3574.72314453125,229000
2008-08-15 00:00:00+09:00,3552.260863723534,3552.260863723534,3547.330078125,3547.330078125,229000
2008-08-18 00:00:00+09:00,3502.543448739151,3502.543448739151,3472.000732421875,3472.000732421875,229000
2008-08-19 00:00:00+09:00,3385.508919265677,3385.508919265677,3335.0380859375,3335.0380859375,229000
2008-08-20 00:00:00+09:00,3337.298098475227,3444.6083984375,3337.298098475227,3444.6083984375,229000
2008-08-21 00:00:00+09:00,3386.8004528808933,3386.8004528808933,3331.6145019531245,3331.614501953125,229000
2008-08-22 00:00:00+09:00,3329.6284413720587,3362.430908203125,3329.6284413720587,3362.430908203125,229000
2008-08-25 00:00:00+09:00,3371.4019605029152,3437.76025390625,3371.4019605029152,3437.76025390625,229000
2008-08-26 00:00:00+09:00,3393.316595043833,3393.316595043833,3393.248046875,3393.248046875,229000
2008-08-27 00:00:00+09:00,3383.180627351557,3383.180627351557,3372.703125,3372.703125,229000
2008-08-28 00:00:00+09:00,3343.27856863523,3343.27856863523,3297.3730468750005,3297.373046875,229000
2008-08-29 00:00:00+09:00,3337.2300568054625,3519.93798828125,3337.2300568054625,3519.93798828125,229000
2008-09-01 00:00:00+09:00,3547.3301535949136,3677.444580078125,3547.3301535949136,3677.444580078125,229000
2008-09-02 00:00:00+09:00,3677.4444261030717,3677.4444261030717,3615.811279296875,3615.811279296875,229000
2008-09-03 00:00:00+09:00,3655.0566938831107,3691.1411132812505,3655.0566938831107,3691.14111328125,229000
2008-09-04 00:00:00+09:00,3678.670688217072,3678.670688217072,3643.202880859375,3643.202880859375,229000
2008-09-05 00:00:00+09:00,3540.481899461468,3540.481899461468,3526.7856445312495,3526.78564453125,229000
2008-09-08 00:00:00+09:00,3547.330978076264,3622.660400390625,3547.330978076264,3622.660400390625,229000
2008-09-09 00:00:00+09:00,3629.8503985559873,3629.8503985559873,3499.3935546875,3499.3935546875,229000
2008-09-10 00:00:00+09:00,3400.095703125,3406.9438314293807,3369.279125755287,3400.095703125,334000
2008-09-11 00:00:00+09:00,3338.462284973335,3338.462284973335,3290.525390625,3290.525390625,334000
2008-09-12 00:00:00+09:00,3319.425423395523,3319.425423395523,3317.9187011718755,3317.918701171875,334000
2008-09-16 00:00:00+09:00,3329.354743132869,3329.354743132869,3119.322509765625,3119.322509765625,673000
2008-09-17 00:00:00+09:00,3269.98098252279,3269.98098252279,3180.955322265625,3180.955322265625,673000
2008-09-18 00:00:00+09:00,3180.9556519526805,3180.9556519526805,3009.7524414062495,3009.75244140625,673000
2008-09-19 00:00:00+09:00,3119.8013849898716,3256.284423828125,3119.8013849898716,3256.284423828125,673000
2008-09-22 00:00:00+09:00,3386.330160076099,3396.6708984375,3386.330160076099,3396.6708984375,673000
2008-09-24 00:00:00+09:00,3389.822767582177,3389.822767582177,3300.797119140625,3300.797119140625,673000
2008-09-25 00:00:00+09:00,3327.6690875057907,3327.6690875057907,3308.436279296875,3308.436279296875,673000
2008-09-26 00:00:00+09:00,3301.4915595609323,3301.4915595609323,3252.8891601562495,3252.88916015625,673000
2008-09-29 00:00:00+09:00,3249.4185462520763,3249.4185462520763,3134.855712890625,3134.855712890625,673000
2008-09-30 00:00:00+09:00,3139.9235479571703,3139.9235479571703,2992.51953125,2992.51953125,673000
2008-10-01 00:00:00+09:00,3013.3497427591465,3013.3497427591465,2846.712890625,2846.712890625,673000
2008-10-02 00:00:00+09:00,2849.698238377127,2849.698238377127,2756.451171875,2756.451171875,673000
2008-10-03 00:00:00+09:00,2510.452945946792,2516.91015625,2510.452945946792,2516.91015625,673000
2008-10-06 00:00:00+09:00,2539.0592762465626,2539.0592762465626,2329.444091796875,2329.444091796875,673000
2008-10-07 00:00:00+09:00,2244.0779684498066,2398.87646484375,2244.0779684498066,2398.87646484375,673000
2008-10-08 00:00:00+09:00,2410.470823182345,2410.470823182345,2131.5625,2131.5625,673000
2008-10-09 00:00:00+09:00,2270.4262899349333,2409.290283203125,2260.0114904398188,2409.290283203125,310000
2008-10-10 00:00:00+09:00,2534.2683897005386,2537.739990234375,2534.2683897005386,2537.739990234375,310000
2008-10-14 00:00:00+09:00,2815.46826171875,2815.46826171875,2815.46826171875,2815.46826171875,0
2008-10-15 00:00:00+09:00,2747.9803644993144,2747.9803644993144,2718.263427734375,2718.263427734375,310000
2008-10-16 00:00:00+09:00,2676.603455197591,2676.603455197591,2440.53466796875,2440.53466796875,310000
2008-10-17 00:00:00+09:00,2336.386962890625,2336.386962890625,2336.386962890625,2336.386962890625,310000
2008-10-20 00:00:00+09:00,2358.8136559980258,2405.819091796875,2358.8136559980258,2405.819091796875,310000
2008-10-21 00:00:00+09:00,2481.440433630067,2481.440433630067,2475.251220703125,2475.251220703125,310000
2008-10-22 00:00:00+09:00,2464.8359397262066,2464.8359397262066,2284.312744140625,2284.312744140625,310000
2008-10-23 00:00:00+09:00,2086.907862163005,2093.375244140625,2086.907862163005,2093.375244140625,310000
2008-10-24 00:00:00+09:00,1898.9655331799584,1902.4371337890625,1898.9655331799584,1902.4371337890625,310000
2008-10-27 00:00:00+09:00,1902.4367405625642,1902.4367405625642,1694.1407470703125,1694.1407470703125,310000
2008-10-28 00:00:00+09:00,1585.34091498291,1713.581787109375,1585.34091498291,1713.581787109375,310000
2008-10-29 00:00:00+09:00,1709.3463825467393,1921.8778076171875,1709.3463825467393,1921.8778076171875,310000
2008-10-30 00:00:00+09:00,2124.619299674267,2131.5625,2124.619299674267,2131.5625,310000
2008-10-31 00:00:00+09:00,2182.2977338991604,2182.2977338991604,2173.222412109375,2173.222412109375,310000
2008-11-04 00:00:00+09:00,2126.771920731093,2266.955078125,2126.771920731093,2266.955078125,843000
2008-11-05 00:00:00+09:00,2251.957849144443,2520.382080078125,2251.957849144443,2520.382080078125,843000
2008-11-06 00:00:00+09:00,2502.05164021783,2502.05164021783,2298.19921875,2298.19921875,843000
2008-11-07 00:00:00+09:00,2315.5574971925716,2315.5574971925716,2246.12548828125,2246.12548828125,843000
2008-11-10 00:00:00+09:00,2314.2383568279524,2314.2383568279524,2246.12548828125,2246.12548828125,843000
2008-11-11 00:00:00+09:00,2244.875058187033,2244.875058187033,2155.86328125,2155.86328125,843000
2008-11-12 00:00:00+09:00,2173.2218700614294,2173.2218700614294,2128.091064453125,2128.091064453125,843000
2008-11-13 00:00:00+09:00,1986.032707172058,1986.032707172058,1982.283447265625,1982.283447265625,843000
2008-11-14 00:00:00+09:00,1983.950282904081,2080.87744140625,1983.950282904081,2080.87744140625,12967000
2008-11-17 00:00:00+09:00,2096.8464983713357,2131.5625,2096.8464983713357,2131.5625,12040000
2008-11-18 00:00:00+09:00,2120.2452394782804,2120.2452394782804,2086.431884765625,2086.431884765625,9803000
2008-11-19 00:00:00+09:00,2014.4311987697672,2034.358154296875,2014.4311987697672,2034.358154296875,11498000
2008-11-20 00:00:00+09:00,2035.0523090876147,2035.0523090876147,1882.3018798828125,1882.3018798828125,14017000
2008-11-21 00:00:00+09:00,1877.0250195882024,1975.3408203125,1877.0250195882024,1975.3408203125,13399000
2008-11-25 00:00:00+09:00,1996.3091182036294,1996.3091182036294,1996.1702880859373,1996.1702880859375,12835000
2008-11-26 00:00:00+09:00,1952.7758463848268,1952.7758463848268,1935.0706787109377,1935.0706787109375,8322000
2008-11-27 00:00:00+09:00,2063.3105050024046,2063.3105050024046,2054.49267578125,2054.49267578125,13084000
2008-11-28 00:00:00+09:00,2062.130360018989,2062.130360018989,2051.021240234375,2051.021240234375,5493000
2008-12-01 00:00:00+09:00,2057.7562269420027,2077.405517578125,2057.7562269420027,2077.405517578125,10289000
2008-12-02 00:00:00+09:00,2090.597554934182,2090.597554934182,2001.0302734374998,2001.0302734375,10974000
2008-12-03 00:00:00+09:00,2033.3162207270996,2121.147705078125,2033.3162207270996,2121.147705078125,14041000
2008-12-04 00:00:00+09:00,2138.5055499690593,2138.5055499690593,2103.78955078125,2103.78955078125,11501000
2008-12-05 00:00:00+09:00,2091.500417404279,2148.920654296875,2091.500417404279,2148.920654296875,14029000
2008-12-08 00:00:00+09:00,2145.5885578853186,2211.41015625,2145.5885578853186,2211.41015625,10333000
2008-12-09 00:00:00+09:00,2339.8913640507194,2357.21630859375,2339.8913640507194,2357.21630859375,14412000
2008-12-10 00:00:00+09:00,2341.732957170056,2496.080322265625,2341.732957170056,2496.080322265625,18058000
2008-12-11 00:00:00+09:00,2500.941018707407,2500.941018707407,2419.70556640625,2419.70556640625,12363000
2008-12-12 00:00:00+09:00,2425.3294472168727,2425.3294472168727,2305.142578125,2305.142578125,13140000
2008-12-15 00:00:00+09:00,2418.94171392124,2471.779541015625,2418.94171392124,2471.779541015625,13202000
2008-12-16 00:00:00+09:00,2414.7763307712876,2414.7763307712876,2398.87646484375,2398.87646484375,457000
2008-12-17 00:00:00+09:00,2387.141686474347,2447.47802734375,2387.141686474347,2447.47802734375,618000
2008-12-18 00:00:00+09:00,2454.4216733802386,2454.4216733802386,2391.932861328125,2391.932861328125,691000
2008-12-19 00:00:00+09:00,2400.889523250894,2400.889523250894,2391.932861328125,2391.932861328125,366000
2008-12-22 00:00:00+09:00,2391.9326776114317,2426.648681640625,2391.9326776114317,2426.648681640625,618000
2008-12-24 00:00:00+09:00,2433.93857421875,2433.93857421875,2374.57421875,2374.57421875,245000
2008-12-25 00:00:00+09:00,2341.5946727079504,2360.6884765625,2341.5946727079504,2360.6884765625,93000
2008-12-26 00:00:00+09:00,2353.744946790231,2367.63134765625,2350.273346573726,2367.63134765625,71000
2008-12-29 00:00:00+09:00,2338.608990647507,2346.802001953125,2338.608990647507,2346.802001953125,327000
2008-12-30 00:00:00+09:00,2332.9157638888887,2371.103373119213,2319.0293605324073,2343.33056640625,112000
2009-01-05 00:00:00+09:00,2454.4216239821744,2485.6660293794016,2444.0068221830984,2464.83642578125,206000
2009-01-06 00:00:00+09:00,2513.4391062585382,2541.2119140625,2513.4391062585382,2541.2119140625,326000
2009-01-07 00:00:00+09:00,2555.0979260186464,2555.0979260186464,2513.438720703125,2513.438720703125,348000
2009-01-08 00:00:00+09:00,2513.4384722604627,2513.4384722604627,2364.15966796875,2364.15966796875,479000
2009-01-09 00:00:00+09:00,2377.074426942782,2377.074426942782,2346.802001953125,2346.802001953125,379000
2009-01-13 00:00:00+09:00,2377.7684880931356,2377.7684880931356,2367.63134765625,2367.63134765625,694000
2009-01-14 00:00:00+09:00,2375.6159759246552,2375.6159759246552,2312.085693359375,2312.085693359375,207000
2009-01-15 00:00:00+09:00,2301.6707485985207,2301.6707485985207,2273.89794921875,2273.89794921875,714000
2009-01-16 00:00:00+09:00,2251.5416129979253,2263.48388671875,2251.5416129979253,2263.48388671875,417000
2009-01-19 00:00:00+09:00,2256.5402768472436,2266.955078125,2256.5402768472436,2266.955078125,445000
2009-01-20 00:00:00+09:00,2234.1831377082194,2242.65380859375,2234.1831377082194,2242.65380859375,105000
2009-01-21 00:00:00+09:00,2159.473563841222,2159.473563841222,2096.845947265625,2096.845947265625,610000
2009-01-22 00:00:00+09:00,2100.3177674713625,2159.3349609375,2100.3177674713625,2159.3349609375,272000
2009-01-23 00:00:00+09:00,2159.335494715838,2159.335494715838,2086.431884765625,2086.431884765625,308000
2009-01-26 00:00:00+09:00,2103.789541207108,2103.789541207108,2018.38818359375,2018.38818359375,298000
2009-01-27 00:00:00+09:00,2089.9034597076366,2128.091064453125,2082.9602588448206,2128.091064453125,220000
2009-01-28 00:00:00+09:00,2118.9955956185654,2200.994873046875,2118.9955956185654,2200.994873046875,171000
2009-01-29 00:00:00+09:00,2208.9788915482404,2225.29541015625,2208.9788915482404,2225.29541015625,551000
2009-01-30 00:00:00+09:00,1964.9255040350658,1964.9255040350658,1947.5675048828125,1947.5675048828125,2165000
2009-02-02 00:00:00+09:00,1846.8912352581651,1846.8912352581651,1808.7036345291428,1814.9525146484375,1721000
2009-02-03 00:00:00+09:00,1813.5641825200007,1876.7473144531248,1813.5641825200007,1876.747314453125,491000
2009-02-04 00:00:00+09:00,1874.6647730809714,1917.018310546875,1874.6647730809714,1917.018310546875,242000
2009-02-05 00:00:00+09:00,1914.2406351189863,1914.2406351189863,1899.659912109375,1899.659912109375,324000
2009-02-06 00:00:00+09:00,1894.711221732523,1916.3239746093748,1894.711221732523,1916.323974609375,179000
2009-02-09 00:00:00+09:00,1924.585815737795,1924.585815737795,1883.6904296875,1883.6904296875,211000
2009-02-10 00:00:00+09:00,1881.607380338445,1883.6903405380817,1848.2800171442586,1869.109619140625,237000
2009-02-12 00:00:00+09:00,1873.4839124904374,1919.1007080078123,1873.4839124904374,1919.1007080078125,243000
2009-02-13 00:00:00+09:00,1924.3725691479083,1951.0393066406248,1924.3725691479083,1951.039306640625,319000
2009-02-16 00:00:00+09:00,1951.7340676305662,1970.480712890625,1951.7340676305662,1970.480712890625,177000
2009-02-17 00:00:00+09:00,1950.8311369679827,1950.8311369679827,1942.0133056640623,1942.0133056640625,132000
2009-02-18 00:00:00+09:00,1886.2593801529524,1886.2593801529524,1883.6904296875,1883.6904296875,316000
2009-02-19 00:00:00+09:00,1860.2524584807456,1860.2524584807456,1833.004638671875,1833.004638671875,450000
2009-02-20 00:00:00+09:00,1838.906378000951,1838.906378000951,1764.9613037109375,1764.9613037109375,505000
2009-02-23 00:00:00+09:00,1770.0996817332616,1770.0996817332616,1769.822021484375,1769.822021484375,337000
2009-02-24 00:00:00+09:00,1745.868094072467,1850.36328125,1745.868094072467,1850.36328125,277000
2009-02-25 00:00:00+09:00,1916.3231998050405,1919.7947998046875,1916.3231998050405,1919.7947998046875,349000
2009-02-26 00:00:00+09:00,1914.2410294015697,1917.018310546875,1914.2410294015697,1917.018310546875,373000
2009-02-27 00:00:00+09:00,1914.2405773817754,1961.454345703125,1914.2405773817754,1961.454345703125,286000
2009-03-02 00:00:00+09:00,1978.1179036223386,1978.1179036223386,1923.9609375,1923.9609375,312000
2009-03-03 00:00:00+09:00,1918.4065267857657,1918.4065267857657,1882.3018798828125,1882.3018798828125,280000
2009-03-04 00:00:00+09:00,1853.2098277836656,1898.9654541015625,1853.2098277836656,1898.9654541015625,207000
2009-03-05 00:00:00+09:00,1920.6975412347201,1920.6975412347201,1870.4981689453125,1870.4981689453125,659000
2009-03-06 00:00:00+09:00,1828.1451305127684,1828.1451305127684,1811.4814453125,1811.4814453125,488000
2009-03-09 00:00:00+09:00,1807.0371424792586,1848.9739990234377,1807.0371424792586,1848.9739990234375,236000
2009-03-10 00:00:00+09:00,1840.989974483367,1851.0576171875,1840.989974483367,1851.0576171875,158000
2009-03-11 00:00:00+09:00,1937.1532740380399,1978.1181640625002,1937.1532740380399,1978.1181640625,446000
2009-03-12 00:00:00+09:00,1976.0350064324684,1976.0350064324684,1942.7076416015625,1942.7076416015625,537000
2009-03-13 00:00:00+09:00,1926.7382474714068,1994.7816162109375,1926.7382474714068,1994.7816162109375,2134000
2009-03-16 00:00:00+09:00,2066.990696180189,2066.990696180189,2055.187255859375,2055.187255859375,399000
2009-03-17 00:00:00+09:00,2079.400647120129,2079.400647120129,2073.9345703125,2073.9345703125,298000
2009-03-18 00:00:00+09:00,2078.5172705229847,2078.5172705229847,1987.1446533203125,1987.1446533203125,619000
2009-03-19 00:00:00+09:00,1980.894858632189,1980.894858632189,1957.9822998046875,1957.9822998046875,316000
2009-03-23 00:00:00+09:00,1991.8652885669603,2038.5235595703125,1991.8652885669603,2038.5235595703125,475000
2009-03-24 00:00:00+09:00,2089.209139621355,2128.091064453125,2089.209139621355,2128.091064453125,548000
2009-03-25 00:00:00+09:00,2131.076515472326,2131.076515472326,2121.147705078125,2121.147705078125,278000
2009-03-26 00:00:00+09:00,2130.766488006844,2155.34814453125,2130.766488006844,2155.34814453125,234000
2009-03-27 00:00:00+09:00,2176.4387439295815,2176.4387439295815,2123.997802734375,2123.997802734375,306000
2009-03-30 00:00:00+09:00,2124.4251266337633,2124.4251266337633,2013.5582275390625,2013.5582275390625,378000
2009-03-31 00:00:00+09:00,2027.096438326059,2034.2215576171873,2027.096438326059,2034.2215576171875,360000
2009-04-01 00:00:00+09:00,2056.6602761433883,2069.13427734375,2056.6602761433883,2069.13427734375,284000
2009-04-02 00:00:00+09:00,2070.773096165047,2124.710205078125,2070.773096165047,2124.710205078125,313000
2009-04-03 00:00:00+09:00,2169.598595542882,2169.598595542882,2119.01025390625,2119.01025390625,441000
2009-04-06 00:00:00+09:00,2137.322212006581,2137.322212006581,2101.910400390625,2101.910400390625,269000
2009-04-07 00:00:00+09:00,2120.863039029489,2122.572998046875,2120.863039029489,2122.572998046875,346000
2009-04-08 00:00:00+09:00,2057.2349023045963,2057.2349023045963,2036.3582763671875,2036.3582763671875,355000
2009-04-09 00:00:00+09:00,2003.227237175908,2003.227237175908,1996.4583740234373,1996.4583740234375,640000
2009-04-10 00:00:00+09:00,1986.4833782519602,1999.30859375,1986.4833782519602,1999.30859375,606000
2009-04-13 00:00:00+09:00,1944.6585299256985,1944.6585299256985,1905.256591796875,1905.256591796875,801000
2009-04-14 00:00:00+09:00,1895.7092148386514,1917.3695068359375,1895.7092148386514,1917.3695068359375,653000
2009-04-15 00:00:00+09:00,1920.9317547870296,1968.6700439453125,1920.9317547870296,1968.6700439453125,376000
2009-04-16 00:00:00+09:00,1967.3167064535157,1996.4583740234373,1967.3167064535157,1996.4583740234375,388000
2009-04-17 00:00:00+09:00,1999.9491723868932,1999.9491723868932,1861.793212890625,1861.793212890625,1149000
2009-04-20 00:00:00+09:00,1869.6307683691757,1869.6307683691757,1789.1169433593752,1789.116943359375,1949000
2009-04-21 00:00:00+09:00,1795.0309733384406,1811.2049560546875,1795.0309733384406,1811.2049560546875,692000
2009-04-22 00:00:00+09:00,1801.7544259971723,1872.4813232421875,1801.7544259971723,1872.4813232421875,494000
2009-04-23 00:00:00+09:00,1883.0266568255504,1907.39453125,1883.0266568255504,1907.39453125,394000
2009-04-24 00:00:00+09:00,1907.0272539970035,1907.0272539970035,1845.40576171875,1845.40576171875,472000
2009-04-27 00:00:00+09:00,1859.0148933337928,1859.0148933337928,1843.2683105468748,1843.268310546875,712000
2009-04-28 00:00:00+09:00,1860.9381717115407,1860.9381717115407,1824.030029296875,1824.030029296875,412000
2009-04-30 00:00:00+09:00,1824.0301023335883,1862.5057373046875,1824.0301023335883,1862.5057373046875,435000
2009-05-01 00:00:00+09:00,1893.0017945893517,1893.0017945893517,1891.71923828125,1891.71923828125,404000
2009-05-07 00:00:00+09:00,1988.9056411884021,1988.9056411884021,1910.9569091796875,1910.9569091796875,906000
2009-05-08 00:00:00+09:00,1895.2818105775914,1895.2818105775914,1857.5186767578123,1857.5186767578125,1001000
2009-05-11 00:00:00+09:00,1855.4521927002752,1856.0933837890625,1855.4521927002752,1856.0933837890625,814000
2009-05-12 00:00:00+09:00,1876.950398356585,1876.950398356585,1871.0565185546875,1871.0565185546875,409000
2009-05-13 00:00:00+09:00,1865.2844482837027,1895.9937744140627,1865.2844482837027,1895.9937744140625,462000
2009-05-14 00:00:00+09:00,1873.0510223114877,1873.0510223114877,1866.7808837890625,1866.7808837890625,501000
2009-05-15 00:00:00+09:00,1860.8667679335922,1860.8667679335922,1846.830322265625,1846.830322265625,575000
2009-05-18 00:00:00+09:00,1799.0210738867852,1799.0210738867852,1798.3798828125,1798.3798828125,749000
2009-05-19 00:00:00+09:00,1839.705220587789,1839.705220587789,1834.005126953125,1834.005126953125,534000
2009-05-20 00:00:00+09:00,1829.9445385926083,1831.8682861328125,1829.9445385926083,1831.8682861328125,503000
2009-05-21 00:00:00+09:00,1829.7308653846153,1852.53125,1829.7308653846153,1852.53125,369000
2009-05-22 00:00:00+09:00,1848.3269884784859,1848.3269884784859,1809.7800292968748,1809.780029296875,503000
2009-05-25 00:00:00+09:00,1816.477913407405,1816.477913407405,1808.3553466796875,1808.3553466796875,602000
2009-05-26 00:00:00+09:00,1810.492207788828,1810.492207788828,1804.7921142578125,1804.7921142578125,439000
2009-05-27 00:00:00+09:00,1835.5730908799812,1835.5730908799812,1826.16796875,1826.16796875,414000
2009-05-28 00:00:00+09:00,1830.229217350599,1831.155517578125,1830.229217350599,1831.155517578125,392000
2009-05-29 00:00:00+09:00,1828.4479720007382,1828.4479720007382,1826.16796875,1826.16796875,289000
2009-06-01 00:00:00+09:00,1879.5351302338058,1893.8566894531248,1879.5351302338058,1893.856689453125,404000
2009-06-02 00:00:00+09:00,1892.4314899300302,1892.4314899300302,1883.88134765625,1883.88134765625,310000
2009-06-03 00:00:00+09:00,1872.4814203015862,1872.4814203015862,1836.143310546875,1836.143310546875,337000
2009-06-04 00:00:00+09:00,1837.567815016497,1837.567815016497,1806.9298095703125,1806.9298095703125,455000
2009-06-05 00:00:00+09:00,1812.4592507952523,1812.4592507952523,1802.6549072265625,1802.6549072265625,269000
2009-06-08 00:00:00+09:00,1809.4954206926159,1835.4307861328125,1809.4954206926159,1835.4307861328125,368000
2009-06-09 00:00:00+09:00,1836.1433425967655,1858.9437255859375,1836.1433425967655,1858.9437255859375,347000
2009-06-10 00:00:00+09:00,1867.5649172165552,1878.1812744140625,1867.5649172165552,1878.1812744140625,299000
2009-06-11 00:00:00+09:00,1847.5432722277399,1848.968295962586,1842.5556891557792,1843.980712890625,237000
2009-06-12 00:00:00+09:00,1811.9179213872933,1819.0430410152417,1810.4928974617037,1816.1929931640625,1620000
2009-06-15 00:00:00+09:00,1813.3424198842852,1816.9049786659832,1808.3548375899081,1814.054931640625,334000
2009-06-16 00:00:00+09:00,1822.6051867699668,1825.4552339736729,1818.330115964408,1820.4676513671875,355000
2009-06-17 00:00:00+09:00,1837.5677031703337,1848.2553788382495,1834.7176563255562,1841.8427734375,265000
2009-06-18 00:00:00+09:00,1824.0304425376012,1847.5433349609375,1824.0304425376012,1847.5433349609375,216000
2009-06-19 00:00:00+09:00,1846.8301234411254,1848.9676583062192,1841.8425420892395,1842.5550537109375,173000
2009-06-22 00:00:00+09:00,1827.5929674344434,1834.005574337722,1824.030408043733,1824.742919921875,201000
2009-06-23 00:00:00+09:00,1810.4925537109375,1814.0551128485033,1809.0675300559112,1810.4925537109375,231000
2009-06-24 00:00:00+09:00,1816.1928023190596,1833.293087629243,1813.3427547673623,1826.16796875,209000
2009-06-25 00:00:00+09:00,1841.1307373046877,1850.3933919428305,1828.305523190336,1841.1307373046875,177000
2009-06-26 00:00:00+09:00,1843.9808571039246,1846.1183928733649,1829.7306186409885,1838.28076171875,147000
2009-06-29 00:00:00+09:00,1846.1181663368138,1902.406601358276,1845.4056545010992,1873.9061279296875,476000
2009-06-30 00:00:00+09:00,1909.5313797939677,1910.243891502846,1881.0309114388338,1903.1187744140625,277000
2009-07-01 00:00:00+09:00,1893.8562517975795,1909.5315104655804,1879.6060166448513,1896.706298828125,193000
2009-07-02 00:00:00+09:00,1909.5318633446104,1909.5318633446104,1883.8814353295336,1888.8690185546875,216000
2009-07-03 00:00:00+09:00,1869.630968833397,1873.1935278441313,1861.0808272076345,1868.91845703125,155000
2009-07-06 00:00:00+09:00,1869.6311125717018,1875.3312074271034,1861.7934821455246,1863.218505859375,151000
2009-07-07 00:00:00+09:00,1861.7931636552905,1884.5935391765188,1861.7931636552905,1879.60595703125,198000
2009-07-08 00:00:00+09:00,1866.0689425743888,1899.5570068359377,1866.0689425743888,1899.5570068359375,358000
2009-07-09 00:00:00+09:00,1872.4811599994025,1875.3312074271034,1861.0809702885995,1863.218505859375,310000
2009-07-10 00:00:00+09:00,1870.343788474073,1870.343788474073,1838.280752100232,1844.693359375,523000
2009-07-13 00:00:00+09:00,1834.718274181674,1873.9064314942923,1831.1557144259814,1835.4307861328125,290000
2009-07-14 00:00:00+09:00,1856.8060620051178,1856.8060620051178,1824.7430256312766,1844.693359375,277000
2009-07-15 00:00:00+09:00,1851.8182984112298,1851.8182984112298,1826.880383657712,1827.5928955078125,103000
2009-07-16 00:00:00+09:00,1841.1307373046877,1858.9435346857315,1840.4182254094458,1841.1307373046875,160000
2009-07-17 00:00:00+09:00,1836.1432704598224,1845.4059256852695,1821.8930316514418,1826.880615234375,188000
2009-07-21 00:00:00+09:00,1826.880508760619,1856.0934966152156,1821.8929254683708,1834.7181396484375,152000
2009-07-22 00:00:00+09:00,1841.8428541137275,1858.9431359314178,1838.2802954017086,1853.2430419921875,130000
2009-07-23 00:00:00+09:00,1858.9436063588053,1878.8939401947757,1858.9436063588053,1866.0687255859375,161000
2009-07-24 00:00:00+09:00,1893.856020748011,1898.1310907722727,1883.8808573580666,1897.4185791015625,326000
2009-07-27 00:00:00+09:00,1905.2572377122292,1915.2324064960628,1895.2820689283956,1900.2696533203125,170000
2009-07-28 00:00:00+09:00,1885.3061107059425,1896.706298828125,1883.8810871906696,1896.706298828125,107000
2009-07-29 00:00:00+09:00,1866.7811466014725,1869.631194153536,1846.8308137370293,1853.9559326171875,188000
2009-07-30 00:00:00+09:00,1875.3314463316485,1923.7822587748674,1875.3314463316485,1911.6695556640625,364000
2009-07-31 00:00:00+09:00,1831.1559012414532,1831.1559012414532,1799.8053721929614,1804.0804443359375,906000
2009-08-03 00:00:00+09:00,1824.0297781237837,1840.4175456616144,1821.892243227545,1830.4423828125,307000
2009-08-04 00:00:00+09:00,1827.5930994207208,1827.5930994207208,1814.0553727583451,1818.3304443359375,406000
2009-08-05 00:00:00+09:00,1818.3301838135824,1820.467719296122,1809.7800418834245,1810.4925537109375,202000
2009-08-06 00:00:00+09:00,1817.6174904223228,1822.6050727167,1804.79227880821,1814.054931640625,173000
2009-08-07 00:00:00+09:00,1814.7675149769036,1814.7675149769036,1804.7923499946983,1811.2049560546875,246000
2009-08-10 00:00:00+09:00,1824.030269607843,1825.455293255974,1814.0551040709252,1816.9051513671875,246000
2009-08-11 00:00:00+09:00,1824.0301681746655,1826.1677035279952,1811.2049560546875,1811.2049560546875,213000
2009-08-12 00:00:00+09:00,1806.2179804074256,1807.6430044550843,1800.5178842167907,1804.0804443359375,290000
2009-08-13 00:00:00+09:00,1806.9291863134863,1811.916766875077,1804.0791402782913,1806.2166748046875,118000
2009-08-14 00:00:00+09:00,1806.2173735635847,1812.629979623574,1804.079838210255,1811.2049560546875,276000
2009-08-17 00:00:00+09:00,1794.8169060864495,1794.8169060864495,1759.1913224007321,1761.328857421875,538000
2009-08-18 00:00:00+09:00,1751.3539998172935,1757.7666060005138,1725.703575084412,1744.2288818359375,432000
2009-08-19 00:00:00+09:00,1744.9420319221279,1774.1550263316042,1740.6669595695216,1759.90478515625,156000
2009-08-20 00:00:00+09:00,1754.2039496970663,1754.2039496970663,1731.403573421556,1745.65380859375,266000
2009-08-21 00:00:00+09:00,1731.4041010485198,1731.4041010485198,1674.4031429893091,1692.2159423828125,667000
2009-08-24 00:00:00+09:00,1713.5911020171209,1734.2539469063086,1712.8785901243903,1715.7286376953125,252000
2009-08-25 00:00:00+09:00,1716.4409518150565,1724.2785817320203,1708.6033218980929,1711.453369140625,212000
2009-08-26 00:00:00+09:00,1715.7283139392298,1724.990966796875,1710.740731631267,1724.990966796875,126000
2009-08-27 00:00:00+09:00,1730.6908014539129,1742.0909878776522,1723.565684939076,1737.81591796875,283000
2009-08-28 00:00:00+09:00,1745.654073160483,1790.5423207560384,1745.654073160483,1788.40478515625,324000
2009-08-31 00:00:00+09:00,1810.4926220162095,1815.4802049969703,1781.2796359860383,1800.5174560546875,232000
2009-09-02 00:00:00+09:00,1749.9294905527602,1787.692626953125,1749.9294905527602,1787.692626953125,203000
2009-09-03 00:00:00+09:00,1766.3174679067486,1777.717661326074,1764.179931640625,1764.179931640625,145000
2009-09-04 00:00:00+09:00,1760.6166234509697,1760.6166234509697,1727.8410812904094,1735.6787109375,341000
2009-09-07 00:00:00+09:00,1744.9417573899104,1744.9417573899104,1728.5539826165468,1737.1041259765625,131000
2009-09-08 00:00:00+09:00,1734.9660263563458,1738.528584932026,1729.9784443503931,1732.8284912109375,160000
2009-09-09 00:00:00+09:00,1754.2033813276773,1767.7411003549828,1737.8156161893603,1741.378173828125,246000
2009-09-10 00:00:00+09:00,1752.7793690436051,1762.7545361845036,1748.5042974117914,1749.9293212890625,348000
2009-09-11 00:00:00+09:00,1761.3292562305785,1779.8545639417414,1756.3416733852653,1777.0045166015625,1306000
2009-09-14 00:00:00+09:00,1769.87962897676,1783.4173556074197,1766.3170693371128,1776.292236328125,147000
2009-09-15 00:00:00+09:00,1780.5666726121626,1783.41671930702,1761.328857421875,1761.328857421875,105000
2009-09-16 00:00:00+09:00,1763.4666705953664,1766.316717739763,1735.6787109375,1735.6787109375,263000
2009-09-17 00:00:00+09:00,1752.0665283203125,1756.3415991498862,1740.666339441449,1752.0665283203125,140000
2009-09-18 00:00:00+09:00,1752.0668768565904,1752.0668768565904,1729.9790065098828,1737.1041259765625,378000
2009-09-21 00:00:00+09:00,1737.1041259765625,1737.1041259765625,1737.1041259765625,1737.1041259765625,0
2009-09-24 00:00:00+09:00,1735.6790781800175,1770.5921630859375,1731.4040065588847,1770.5921630859375,657000
2009-09-25 00:00:00+09:00,1737.4561929762338,1738.8968697531627,1728.091793926196,1729.532470703125,291000
2009-09-28 00:00:00+09:00,1700.7190707316909,1700.7190707316909,1651.7360564115913,1664.7021484375,403000
2009-09-29 00:00:00+09:00,1672.6261298527058,1679.8295154248535,1652.456650250692,1658.939697265625,286000
2009-09-30 00:00:00+09:00,1648.1346786088443,1648.1346786088443,1606.3550407769767,1633.007568359375,431000
2009-10-01 00:00:00+09:00,1643.0918260293427,1653.1765632342574,1625.8037051066315,1628.68505859375,246000
2009-10-02 00:00:00+09:00,1607.075288072911,1620.761720378328,1591.9481786827132,1620.0413818359375,269000
2009-10-05 00:00:00+09:00,1617.8804139833192,1617.8804139833192,1598.4312727644635,1599.151611328125,263000
2009-10-06 00:00:00+09:00,1600.5924925578117,1609.2365564240106,1559.5331891933674,1565.2958984375,449000
2009-10-07 00:00:00+09:00,1584.0244432787783,1584.7447818159676,1566.0159798490515,1571.058349609375,324000
2009-10-08 00:00:00+09:00,1573.2191722854457,1604.1937255859375,1573.2191722854457,1604.1937255859375,231000
2009-10-09 00:00:00+09:00,1687.0327780596494,1723.7700418004872,1687.0327780596494,1713.685302734375,486000
2009-10-13 00:00:00+09:00,1717.287347931053,1717.287347931053,1669.024658203125,1669.024658203125,308000
2009-10-14 00:00:00+09:00,1673.34679997193,1679.829848271434,1662.5417194727572,1674.067138671875,343000
2009-10-15 00:00:00+09:00,1684.1512695102217,1685.591946387476,1668.303823860425,1672.6258544921875,127000
2009-10-16 00:00:00+09:00,1670.4650891659103,1724.4904801479902,1670.4650891659103,1723.7701416015625,287000
2009-10-19 00:00:00+09:00,1744.6595768608781,1760.5070214070959,1713.6850261569073,1729.532470703125,354000
2009-10-20 00:00:00+09:00,1730.9733589859072,1749.7021593744355,1718.0072664092338,1744.6597900390625,199000
2009-10-21 00:00:00+09:00,1735.2953697502244,1764.829246943981,1735.2953697502244,1754.024169921875,196000
2009-10-22 00:00:00+09:00,1754.0246216714966,1769.1517333984375,1754.0246216714966,1769.1517333984375,140000
2009-10-23 00:00:00+09:00,1771.3127493594293,1773.4737653204209,1764.8297014764544,1769.1517333984375,133000
2009-10-26 00:00:00+09:00,1771.3120247229751,1779.2357466717156,1764.1086411332112,1764.8289794921875,190000
2009-10-27 00:00:00+09:00,1770.591869813278,1770.591869813278,1728.8122406639004,1736.015625,159000
2009-10-28 00:00:00+09:00,1715.1256624663893,1752.583257782749,1714.4053240949208,1749.701904296875,195000
2009-10-29 00:00:00+09:00,1719.4481905423677,1763.3888439244727,1712.9651433220572,1741.7786865234375,290000
2009-10-30 00:00:00+09:00,1698.5579475203804,1711.5240387228262,1643.0918907099185,1656.7783203125,384000
2009-11-02 00:00:00+09:00,1648.1345913591056,1675.5074560757341,1631.5668048200937,1671.1854248046875,304000
2009-11-04 00:00:00+09:00,1645.9732790777905,1698.5579833984375,1645.9732790777905,1698.5579833984375,123000
2009-11-05 00:00:00+09:00,1699.278753019097,1727.37195834667,1689.9143512432393,1723.0499267578125,173000
2009-11-06 00:00:00+09:00,1727.3716650571994,1751.8631732356585,1720.8886187746662,1745.380126953125,201000
2009-11-09 00:00:00+09:00,1711.5243063807034,1733.8548002770847,1703.600582740052,1705.041259765625,215000
2009-11-10 00:00:00+09:00,1707.9226396139609,1717.2870404216292,1693.515869140625,1693.515869140625,103000
2009-11-11 00:00:00+09:00,1689.9141131428262,1689.9141131428262,1662.541250270095,1666.86328125,92000
2009-11-12 00:00:00+09:00,1663.9820393529433,1676.2277946209085,1652.4566226301522,1671.1854248046875,113000
2009-11-13 00:00:00+09:00,1670.4649976785931,1684.1514293111475,1656.0582275390625,1656.0582275390625,135000
2009-11-16 00:00:00+09:00,1650.2956329451667,1670.4651125272117,1643.8125859366523,1659.6600341796875,85000
2009-11-17 00:00:00+09:00,1663.2616497770555,1672.6260505770128,1631.566754761815,1639.490478515625,194000
2009-11-18 00:00:00+09:00,1621.4820589207184,1637.3295068533064,1617.8803662087664,1620.0413818359375,294000
2009-11-19 00:00:00+09:00,1625.0836674859552,1625.0836674859552,1591.9480962517557,1602.753173828125,105000
2009-11-20 00:00:00+09:00,1581.143076109418,1592.668492609532,1570.3379981405608,1576.821044921875,169000
2009-11-24 00:00:00+09:00,1573.9395411240334,1607.7954488736123,1570.3378488102485,1589.7869873046875,317000
2009-11-25 00:00:00+09:00,1576.1009093990058,1597.711068120199,1566.7365072864889,1594.109375,130000
2009-11-26 00:00:00+09:00,1581.1432001926346,1591.2279404216538,1565.2957512613189,1576.100830078125,149000
2009-11-27 00:00:00+09:00,1559.5328914475856,1560.2532299655752,1530.7193507279997,1535.0413818359375,348000
2009-11-30 00:00:00+09:00,1541.523898654514,1555.9306640625,1539.362883843316,1555.9306640625,174000
2009-12-01 00:00:00+09:00,1534.3208097468662,1542.2445322385165,1486.778474796963,1529.998779296875,358000
2009-12-02 00:00:00+09:00,1526.3971777225522,1543.6853005471587,1477.4141630528336,1487.4989013671875,474000
2009-12-03 00:00:00+09:00,1493.261627598617,1509.8294121788235,1472.3718122583566,1478.8548583984375,240000
2009-12-04 00:00:00+09:00,1478.8548880457995,1485.3379343158495,1450.0413490678006,1465.16845703125,321000
2009-12-07 00:00:00+09:00,1504.787002514004,1556.6513702406714,1503.3463256327077,1555.210693359375,337000
2009-12-08 00:00:00+09:00,1559.5329249766805,1596.2701901839832,1554.4905552423447,1574.6600341796875,326000
2009-12-09 00:00:00+09:00,1553.0499449118588,1556.6516377340106,1524.9567408990747,1545.126220703125,203000
2009-12-10 00:00:00+09:00,1544.4057649101308,1563.1345661637051,1530.7193332248264,1542.965087890625,196000
2009-12-11 00:00:00+09:00,1550.8885571925557,1554.4902491507362,1545.8461884511028,1547.286865234375,913000
2009-12-14 00:00:00+09:00,1555.210891492439,1562.4142768166282,1504.0668556906962,1521.35498046875,180000
2009-12-15 00:00:00+09:00,1504.7872022457693,1526.3973583335496,1486.0584003030265,1517.7532958984375,197000
2009-12-16 00:00:00+09:00,1560.9734008845603,1563.1344162065047,1545.846293630949,1555.210693359375,342000
2009-12-17 00:00:00+09:00,1558.0919635842454,1559.5326403882991,1534.3207963173566,1536.4818115234375,232000
2009-12-18 00:00:00+09:00,1535.7617139472336,1563.8549160316343,1530.7193443423414,1537.9227294921875,305000
2009-12-21 00:00:00+09:00,1551.6089089756092,1553.7699241691687,1537.202141018547,1540.8038330078125,214000
2009-12-22 00:00:00+09:00,1555.9312227346602,1584.7447638964131,1553.7702071475287,1578.9820556640625,240000
2009-12-24 00:00:00+09:00,1588.3464777869006,1599.1515558670835,1569.61767578125,1569.61767578125,237000
2009-12-25 00:00:00+09:00,1573.9396051774945,1573.9396051774945,1557.3718198598367,1560.253173828125,312000
2009-12-28 00:00:00+09:00,1563.8549561775396,1577.5413883135936,1563.1346176440632,1574.6600341796875,325000
2009-12-29 00:00:00+09:00,1572.4991371391898,1576.8211686659122,1569.6177827880413,1576.100830078125,346000
2009-12-30 00:00:00+09:00,1589.0666303664727,1615.719153178603,1587.6259534577089,1598.4310302734375,386000
2010-01-04 00:00:00+09:00,1592.6683910385111,1630.8463307603752,1592.6683910385111,1622.922607421875,457000
2010-01-05 00:00:00+09:00,1648.855111090398,1661.1008677040006,1642.3720634714316,1645.25341796875,257000
2010-01-06 00:00:00+09:00,1728.091723184391,1770.5916863639989,1711.5239409279336,1764.8289794921875,479000
2010-01-07 00:00:00+09:00,1790.0410291883682,1858.4731812096538,1790.0410291883682,1841.18505859375,474000
2010-01-08 00:00:00+09:00,1840.4648280450474,1871.4393828810307,1823.1767044156616,1847.668212890625,631000
2010-01-12 00:00:00+09:00,1844.0660974673829,1880.0830134335429,1842.6254208287367,1877.20166015625,489000
2010-01-13 00:00:00+09:00,1862.0751870645058,1873.6006040830869,1849.8294314822635,1865.6768798828125,357000
2010-01-14 00:00:00+09:00,1862.7954408759315,1865.6767949994828,1839.7446078875207,1849.1090087890625,478000
2010-01-15 00:00:00+09:00,1864.9562163842268,1864.9562163842268,1826.0579407238374,1846.2274169921875,639000
2010-01-18 00:00:00+09:00,1826.0581614808268,1870.7191500456438,1826.0581614808268,1855.592041015625,237000
2010-01-19 00:00:00+09:00,1861.3546252000874,1861.3546252000874,1846.2275171779504,1856.312255859375,255000
2010-01-20 00:00:00+09:00,1859.9135728009765,1872.159324442191,1856.3118811417955,1860.6339111328125,200000
2010-01-21 00:00:00+09:00,1861.3548583984375,1869.2785826408456,1853.4311341560292,1861.3548583984375,441000
2010-01-22 00:00:00+09:00,1847.6683561032094,1847.6683561032094,1823.1768457299115,1838.303955078125,469000
2010-01-25 00:00:00+09:00,1823.1769436771574,1857.7531954734845,1819.5752507817067,1848.3887939453125,159000
2010-01-26 00:00:00+09:00,1842.6257354784088,1856.3121658826658,1839.0240432667622,1841.18505859375,374000
2010-01-27 00:00:00+09:00,1833.261559507186,1860.6344236569985,1829.6598668558947,1849.829345703125,308000
2010-01-28 00:00:00+09:00,1864.9564731679063,1903.134415646817,1864.9564731679063,1895.9310302734375,363000
2010-01-29 00:00:00+09:00,1874.3209188951334,1874.3209188951334,1821.736204414217,1822.45654296875,254000
2010-02-01 00:00:00+09:00,1818.854320049286,1845.506838798523,1808.0492448806763,1844.066162109375,331000
2010-02-02 00:00:00+09:00,1846.9475781482793,1846.9475781482793,1808.0493062215994,1813.0916748046875,273000
2010-02-03 00:00:00+09:00,1815.252932790161,1821.7359789786972,1812.3715789285893,1813.812255859375,331000
2010-02-04 00:00:00+09:00,1813.8122220257137,1833.9816986804874,1813.8122220257137,1829.65966796875,110000
2010-02-05 00:00:00+09:00,1787.1599898953466,1787.1599898953466,1751.1430614411881,1753.3040771484375,232000
2010-02-08 00:00:00+09:00,1742.4989920436994,1768.43118043294,1730.253236415447,1756.1854248046875,354000
2010-02-09 00:00:00+09:00,1734.575309035692,1756.1854665402896,1734.575309035692,1738.177001953125,340000
2010-02-10 00:00:00+09:00,1758.3462116675084,1762.6682425032336,1748.9818115234375,1748.9818115234375,189000
2010-02-12 00:00:00+09:00,1766.9903061435016,1794.3631686112772,1763.3886137135312,1790.0411376953125,288000
2010-02-15 00:00:00+09:00,1810.9308333779074,1818.8545561969834,1787.8800033587772,1788.600341796875,210000
2010-02-16 00:00:00+09:00,1791.4813819557612,1791.4813819557612,1760.506834539558,1761.2271728515625,262000
2010-02-17 00:00:00+09:00,1775.6343867775884,1792.2021721308886,1767.7106633477492,1781.3970947265625,258000
2010-02-18 00:00:00+09:00,1788.6005116403226,1788.6005116403226,1764.8293409258115,1766.9903564453125,208000
2010-02-19 00:00:00+09:00,1769.1515508732948,1769.1515508732948,1737.4566533820794,1742.4990234375,335000
2010-02-22 00:00:00+09:00,1756.9051429795343,1765.549202723591,1748.2610832354776,1761.2271728515625,299000
2010-02-23 00:00:00+09:00,1759.0666440026446,1772.753075712739,1750.4225818699535,1761.947998046875,424000
2010-02-24 00:00:00+09:00,1746.8206984486744,1748.2613753133744,1736.015621963425,1737.456298828125,395000
2010-02-25 00:00:00+09:00,1759.066191757183,1759.066191757183,1736.0153653295706,1743.9390869140625,283000
2010-02-26 00:00:00+09:00,1735.2950270037077,1752.583146824417,1728.0916437450787,1743.9390869140625,215000
2010-03-01 00:00:00+09:00,1748.2616358426812,1795.0836409229341,1748.2616358426812,1784.9989013671875,211000
2010-03-02 00:00:00+09:00,1805.168508676382,1844.0667925824175,1805.168508676382,1835.4227294921875,238000
2010-03-03 00:00:00+09:00,1853.4309356956032,1903.1342915304251,1846.2275507920058,1896.6512451171875,261000
2010-03-04 00:00:00+09:00,1883.6850295360105,1906.7358597253613,1875.761306658421,1897.3714599609375,155000
2010-03-05 00:00:00+09:00,1903.1341675082751,1934.1087205752153,1885.1257064228448,1897.3714599609375,231000
2010-03-08 00:00:00+09:00,1920.4226858697355,1942.032843625209,1920.4226858697355,1939.1514892578125,368000
2010-03-09 00:00:00+09:00,1949.2363246990976,2020.5498487734549,1948.515986072084,1950.677001953125,336000
2010-03-10 00:00:00+09:00,1937.7106037403837,1997.498700435719,1937.7106037403837,1978.049560546875,273000
2010-03-11 00:00:00+09:00,2015.5066170891412,2020.54898532346,1967.9642880227068,2002.54052734375,270000
2010-03-12 00:00:00+09:00,1995.3376512489554,2009.744421294074,1982.3715582083485,1993.1766357421875,1085000
2010-03-15 00:00:00+09:00,1988.8546804989085,1994.6173887365003,1947.7953843060661,1959.32080078125,299000
2010-03-16 00:00:00+09:00,1942.0327230089883,1962.922540875183,1933.3886604436664,1938.4310302734375,211000
2010-03-17 00:00:00+09:00,1938.4308135010474,1986.6934907602708,1938.4308135010474,1982.3714599609375,459000
2010-03-18 00:00:00+09:00,1986.6936388517681,2012.6258255807977,1970.1258528859992,1970.84619140625,273000
2010-03-19 00:00:00+09:00,1972.2863262591811,1999.6591825038302,1965.8032813591328,1998.218505859375,356000
2010-03-23 00:00:00+09:00,2008.3039617428835,2009.7446389033878,1995.3378672983454,2005.422607421875,359000
2010-03-24 00:00:00+09:00,2175.4219896048553,2225.84567810563,2119.955932254003,2179.023681640625,930000
2010-03-25 00:00:00+09:00,2175.421871938676,2297.87939453125,2164.616796415801,2297.87939453125,1156000
2010-03-26 00:00:00+09:00,2294.2776595405912,2355.5064196853164,2283.4725842209336,2319.489501953125,701000
2010-03-29 00:00:00+09:00,2305.5173932645266,2338.6109443640175,2283.455025864866,2301.84033203125,314000
2010-03-30 00:00:00+09:00,2301.8401048341384,2338.610713537559,2257.7153743900335,2331.256591796875,376000
2010-03-31 00:00:00+09:00,2331.2565832713294,2331.2565832713294,2305.5171572730655,2316.54833984375,383000
2010-04-01 00:00:00+09:00,2312.871485210318,2364.350341796875,2294.486179286547,2364.350341796875,352000
2010-04-02 00:00:00+09:00,2368.0272174965926,2368.0272174965926,2334.9336694259882,2360.673095703125,255000
2010-04-05 00:00:00+09:00,2393.7666186041824,2423.18310546875,2382.7354360299696,2423.18310546875,366000
2010-04-06 00:00:00+09:00,2415.8292057090416,2415.8292057090416,2349.6421041827666,2379.05859375,344000
2010-04-07 00:00:00+09:00,2364.3500709594146,2368.0271317229594,2320.225341796875,2320.225341796875,393000
2010-04-08 00:00:00+09:00,2276.1006360380193,2290.8088792434346,2250.3612104285426,2257.71533203125,349000
2010-04-09 00:00:00+09:00,2243.007139008621,2290.8089304956898,2231.9759563577586,2239.330078125,511000
2010-04-12 00:00:00+09:00,2279.777606551055,2331.2564557312403,2265.069363928145,2309.194091796875,284000
2010-04-13 00:00:00+09:00,2309.1945206925675,2312.87158203125,2268.746845967061,2312.87158203125,240000
2010-04-14 00:00:00+09:00,2320.225593242495,2349.642082538755,2309.194409756398,2334.933837890625,413000
2010-04-15 00:00:00+09:00,2353.3191437007877,2360.6732660248526,2323.9026544045278,2334.933837890625,142000
2010-04-16 00:00:00+09:00,2331.256821897464,2331.256821897464,2287.132087098143,2301.84033203125,185000
2010-04-19 00:00:00+09:00,2254.038699266387,2276.1010682641004,2250.361637766768,2261.392822265625,204000
2010-04-20 00:00:00+09:00,2272.424000741612,2279.7781237213585,2235.65338584288,2246.6845703125,133000
2010-04-21 00:00:00+09:00,2279.777597280649,2298.1629004845254,2257.7152334359976,2294.48583984375,295000
2010-04-22 00:00:00+09:00,2265.069453633958,2268.7465144353114,2243.0070888258347,2257.71533203125,161000
2010-04-23 00:00:00+09:00,2254.038037741454,2276.100400264209,2250.360977320995,2272.42333984375,105000
2010-04-26 00:00:00+09:00,2312.8712202697848,2331.2565240875097,2305.517098742695,2320.225341796875,278000
2010-04-27 00:00:00+09:00,2309.1938584726067,2323.902099609375,2290.8085570516464,2323.902099609375,85000
2010-04-28 00:00:00+09:00,2279.776984211716,2301.8393421234423,2276.099924559762,2287.131103515625,253000
2010-04-30 00:00:00+09:00,2327.5798273859796,2327.5798273859796,2305.517459353885,2312.87158203125,110000
2010-05-06 00:00:00+09:00,2261.392206935665,2287.1316304292413,2254.0380859375,2254.0380859375,229000
2010-05-07 00:00:00+09:00,1981.935293952338,2091.5116794064747,1981.935293952338,2044.4453125,619000
2010-05-10 00:00:00+09:00,2044.4454213101424,2136.3719240668934,2031.9434169352241,2105.484619140625,498000
2010-05-11 00:00:00+09:00,2136.3721673427485,2145.1971126123226,2007.675048828125,2007.675048828125,554000
2010-05-12 00:00:00+09:00,1998.1151704999509,2046.6523811193829,1981.9361002934736,1991.4964599609375,415000
2010-05-13 00:00:00+09:00,2042.2394433312927,2054.006037171156,2030.4728494914293,2045.91650390625,453000
2010-05-14 00:00:00+09:00,2001.0564471132407,2005.4689199844938,1973.8461977405138,1984.1419677734375,369000
2010-05-17 00:00:00+09:00,1963.5505795524268,1974.5817625836203,1917.955023023494,1928.9862060546875,1193000
2010-05-18 00:00:00+09:00,1931.19186247238,1941.4876302083335,1884.1254956794508,1892.950439453125,598000
2010-05-19 00:00:00+09:00,1881.9200220982768,1972.375732421875,1875.301311586794,1972.375732421875,470000
2010-05-20 00:00:00+09:00,1947.3719369741586,1953.9906482403096,1906.9242570143479,1912.0721435546875,318000
2010-05-21 00:00:00+09:00,1860.5930437694565,1934.1342707959172,1860.5930437694565,1919.426025390625,570000
2010-05-24 00:00:00+09:00,1907.6586730704914,1967.2270433552676,1895.892081409301,1958.402099609375,477000
2010-05-25 00:00:00+09:00,1938.5463592552974,1953.2546017382663,1880.4488014475703,1895.8924560546875,460000
2010-05-26 00:00:00+09:00,1906.188214259495,1923.838105132268,1870.1530203942498,1878.2425537109375,303000
2010-05-27 00:00:00+09:00,1864.269687762416,1928.9859530575216,1864.269687762416,1915.74853515625,440000
2010-05-28 00:00:00+09:00,1934.1341177587037,1990.0254458764457,1934.1341177587037,1978.9942626953125,405000
2010-05-31 00:00:00+09:00,1978.9942012517424,2000.3211547397768,1968.6984306023467,1978.2587890625,717000
2010-06-01 00:00:00+09:00,1977.5231990538805,1995.1730900086195,1963.5503687147122,1986.34814453125,268000
2010-06-02 00:00:00+09:00,1978.994244650136,1979.7296568555057,1919.425856015182,1945.165283203125,425000
2010-06-03 00:00:00+09:00,1940.017465585703,1971.6401915220886,1934.8695799681518,1959.13818359375,537000
2010-06-04 00:00:00+09:00,1955.4606891230608,1970.9043425535174,1940.752447760721,1949.577392578125,326000
2010-06-07 00:00:00+09:00,1925.3089429410645,1925.3089429410645,1895.8924579457846,1898.8341064453125,322000
2010-06-08 00:00:00+09:00,1867.9470183988694,1881.1844382142945,1859.8574840672209,1862.063720703125,334000
2010-06-09 00:00:00+09:00,1850.2966961927816,1850.2966961927816,1757.6347789748602,1775.28466796875,542000
2010-06-10 00:00:00+09:00,1767.9312794499665,1798.8185979761306,1759.106331299634,1782.6395263671875,369000
2010-06-11 00:00:00+09:00,1812.0554652149322,1812.0554652149322,1782.6389803900145,1787.786865234375,1457000
2010-06-14 00:00:00+09:00,1812.0552912800774,1834.1176527810526,1798.08246232946,1803.2303466796875,402000
2010-06-15 00:00:00+09:00,1837.0596440663305,1863.534482811882,1809.113980946026,1859.857421875,301000
2010-06-16 00:00:00+09:00,1933.398270376649,1963.5501642851475,1919.4254414922227,1954.7252197265625,539000
2010-06-17 00:00:00+09:00,1991.4957719680995,2058.418266520942,1985.6124757436737,2048.85791015625,561000
2010-06-18 00:00:00+09:00,2034.8858257725908,2111.3687046595983,2028.2671150996766,2090.041748046875,535000
2010-06-21 00:00:00+09:00,2101.8077683939364,2154.757439256205,2101.8077683939364,2144.461669921875,411000
2010-06-22 00:00:00+09:00,2137.1080038702858,2144.462126388766,2073.12713795951,2076.80419921875,304000
2010-06-23 00:00:00+09:00,2003.2619025946103,2037.090848086296,1987.0828417072823,2003.997314453125,548000
2010-06-24 00:00:00+09:00,1984.8774431223699,2022.383463722311,1977.523321436107,1987.819091796875,586000
2010-06-25 00:00:00+09:00,1951.0485217054834,1970.904650648585,1939.2819267762382,1948.84228515625,519000
2010-06-28 00:00:00+09:00,1934.133584183981,1947.3710003494987,1901.7754557793821,1906.92333984375,262000
2010-06-29 00:00:00+09:00,1926.044304635017,1956.196200965691,1912.071474628119,1915.74853515625,425000
2010-06-30 00:00:00+09:00,1877.507705343678,1920.8970334342685,1876.7722930031596,1920.16162109375,559000
2010-07-01 00:00:00+09:00,1935.6047250946608,1948.842143427375,1908.394476299637,1917.954833984375,540000
2010-07-02 00:00:00+09:00,1923.8381549577068,1965.0212347274437,1923.8381549577068,1956.1962890625,403000
2010-07-05 00:00:00+09:00,1983.4067178823548,1985.6129544984642,1943.6944587923856,1945.165283203125,288000
2010-07-06 00:00:00+09:00,1925.3089737906557,1951.7838107106188,1903.2466096906862,1947.371337890625,556000
2010-07-07 00:00:00+09:00,1953.9899863635158,1965.0211680704983,1935.6046835185448,1948.106689453125,622000
2010-07-08 00:00:00+09:00,1995.1731286602683,1995.1731286602683,1943.6942790450014,1950.31298828125,582000
2010-07-09 00:00:00+09:00,1971.6402965794123,1971.6402965794123,1908.3948413366559,1919.426025390625,439000
2010-07-12 00:00:00+09:00,1912.0715121894561,1919.4256333901847,1879.7133789062498,1879.71337890625,548000
2010-07-13 00:00:00+09:00,1909.865604796872,1924.573849731773,1900.3052455891866,1918.6905517578125,581000
2010-07-14 00:00:00+09:00,1928.986073275629,1937.0756069416725,1908.3945330347913,1911.336181640625,414000
2010-07-15 00:00:00+09:00,1876.0362969659695,1883.390418083045,1846.6198124976675,1847.355224609375,232000
2010-07-16 00:00:00+09:00,1842.2071153328723,1842.2071153328723,1770.872149190242,1793.669921875,314000
2010-07-21 00:00:00+09:00,1792.1996519155587,1820.1453173947507,1772.3435211803433,1804.70166015625,140000
2010-07-22 00:00:00+09:00,1777.4912666917442,1792.1995105203891,1756.8997253316413,1767.930908203125,135000
2010-07-23 00:00:00+09:00,1781.1683413698793,1809.8494170566773,1764.9892730337367,1792.9349365234375,145000
2010-07-26 00:00:00+09:00,1806.9072905725625,1833.3821226688638,1806.9072905725625,1810.5843505859375,86000
2010-07-27 00:00:00+09:00,1791.463804571902,1794.4054528552713,1776.0201510842132,1789.257568359375,116000
2010-07-28 00:00:00+09:00,1825.2932224228089,1849.5618269111058,1820.145336622261,1845.884765625,154000
2010-07-29 00:00:00+09:00,1813.526118676579,1826.0281235498564,1806.1719981628864,1807.642822265625,147000
2010-07-30 00:00:00+09:00,1792.1991449212278,1792.1991449212278,1762.0472512233325,1775.28466796875,335000
2010-08-02 00:00:00+09:00,1770.872196829082,1795.140794210876,1767.930548661592,1776.7554931640625,63000
2010-08-03 00:00:00+09:00,1795.1409806641434,1795.1409806641434,1766.4599080521393,1778.9619140625,84000
2010-08-04 00:00:00+09:00,1768.6664932064502,1768.6664932064502,1737.779178148375,1745.13330078125,149000
2010-08-05 00:00:00+09:00,1754.6936077916494,1766.4602036527835,1745.1332486544777,1763.5185546875,336000
2010-08-06 00:00:00+09:00,1750.2810741454773,1765.7247306820552,1745.1331886332848,1764.25390625,613000
2010-08-09 00:00:00+09:00,1756.8998445156121,1767.9310281354255,1753.9581955503286,1763.5185546875,457000
2010-08-10 00:00:00+09:00,1760.5765360429198,1767.1952448250358,1752.4870030869997,1757.6348876953125,113000
2010-08-11 00:00:00+09:00,1745.8681946985162,1748.8098428782946,1702.4788840467838,1705.4205322265625,147000
2010-08-12 00:00:00+09:00,1632.6147559117376,1653.2062933736875,1619.3773389719126,1645.8521728515625,198000
2010-08-13 00:00:00+09:00,1653.2063665309875,1666.4437840565915,1628.937767734047,1662.7667236328125,167000
2010-08-16 00:00:00+09:00,1648.059145451439,1664.2382178298112,1639.234196881418,1656.148681640625,95000
2010-08-17 00:00:00+09:00,1628.9382378338591,1642.9110714766778,1628.9382378338591,1642.1756591796875,102000
2010-08-18 00:00:00+09:00,1654.6776374522196,1723.0709798002447,1654.6776374522196,1713.5106201171875,254000
2010-08-19 00:00:00+09:00,1713.510278791389,1756.1641827269689,1709.8332181072874,1753.2225341796875,158000
2010-08-20 00:00:00+09:00,1726.0121516906374,1739.984981210076,1718.658030890933,1734.1016845703125,115000
2010-08-23 00:00:00+09:00,1727.4829758505784,1739.2495691301056,1712.7747342511695,1734.1016845703125,79000
2010-08-24 00:00:00+09:00,1717.1873173648362,1733.3663841665607,1714.2456688554319,1717.9227294921875,144000
2010-08-25 00:00:00+09:00,1690.7131997402275,1726.0129968639906,1687.771549979914,1709.0985107421875,88000
2010-08-26 00:00:00+09:00,1722.335818331189,1760.5772626323085,1719.3941687695644,1732.631591796875,182000
2010-08-27 00:00:00+09:00,1720.864391036445,1743.6621671570133,1708.3623847767785,1738.5142822265625,116000
2010-08-30 00:00:00+09:00,1760.57660250205,1784.1097901712503,1757.6349540434,1765.7244873046875,128000
2010-08-31 00:00:00+09:00,1738.5147637203272,1747.3397117595166,1717.1878059589526,1719.39404296875,85000
2010-09-01 00:00:00+09:00,1721.5999755859375,1732.6311586845231,1706.1563192479175,1721.5999755859375,88000
2010-09-02 00:00:00+09:00,1751.75187366167,1752.4872858672377,1694.389721627409,1717.1875,91000
2010-09-03 00:00:00+09:00,1714.2459139310397,1721.6000362559262,1704.6855549086872,1720.8646240234375,84000
2010-09-06 00:00:00+09:00,1728.2188751737951,1739.985471770723,1723.070989162639,1735.572998046875,43000
2010-09-07 00:00:00+09:00,1728.2186838720513,1728.2186838720513,1717.9229129894095,1718.6583251953125,29000
2010-09-08 00:00:00+09:00,1698.0665898310674,1699.5374140751826,1678.945874657569,1698.802001953125,77000
2010-09-09 00:00:00+09:00,1703.2145281665669,1704.6853524568662,1685.5646366829756,1686.300048828125,77000
2010-09-10 00:00:00+09:00,1703.9501953125,1709.0980810989427,1694.389835994821,1703.9501953125,1283000
2010-09-13 00:00:00+09:00,1709.0982650217052,1713.5107390277853,1703.2149663469315,1704.685791015625,132000
2010-09-14 00:00:00+09:00,1703.9498311001284,1709.0977157862317,1702.4790069040992,1706.8914794921875,33000
2010-09-16 00:00:00+09:00,1760.5764591357608,1779.6971725599587,1721.5996202325882,1736.307861328125,119000
2010-09-17 00:00:00+09:00,1755.4287537244963,1755.4287537244963,1726.7476806640625,1726.7476806640625,187000
2010-09-21 00:00:00+09:00,1734.1019924558998,1748.0748244561805,1722.3353970872422,1739.2498779296875,99000
2010-09-22 00:00:00+09:00,1740.7204096965709,1772.3431294333486,1731.8954646537493,1757.6348876953125,87000
2010-09-24 00:00:00+09:00,1732.630948741589,1795.8763908433618,1732.630948741589,1776.020263671875,199000
2010-09-27 00:00:00+09:00,1762.782891958352,1764.9891283688128,1738.5142914432806,1753.2225341796875,258000
2010-09-28 00:00:00+09:00,1757.6609999607576,1775.4151514755126,1753.9622183951835,1767.27783203125,97000
2010-09-29 00:00:00+09:00,1788.7306200350704,1847.9111202843696,1711.7959697109814,1715.4947509765625,540000
2010-09-30 00:00:00+09:00,1585.2978670997877,1587.5171361624566,1531.2956532415121,1540.1727294921875,861000
2010-10-01 00:00:00+09:00,1552.748648340218,1555.7076738730245,1506.883752581717,1544.611328125,525000
2010-10-04 00:00:00+09:00,1554.2279053312086,1576.420593175062,1553.488149069747,1563.10498046875,254000
2010-10-05 00:00:00+09:00,1567.5438301378495,1585.297983947811,1564.5848045028558,1584.5582275390625,219000
2010-10-06 00:00:00+09:00,1599.3530374547393,1601.5723062393665,1575.6808370853814,1589.7362060546875,162000
2010-10-07 00:00:00+09:00,1577.1604925039744,1577.900248832541,1559.4063406183761,1570.502685546875,114000
2010-10-08 00:00:00+09:00,1564.584790586515,1564.584790586515,1541.6523421192896,1550.5294189453125,198000
2010-10-12 00:00:00+09:00,1552.7487438037651,1557.1872823758579,1528.3367816572554,1529.0765380859375,113000
2010-10-13 00:00:00+09:00,1497.2668933432178,1541.6522755569495,1491.348842381387,1520.1993408203125,110000
2010-10-14 00:00:00+09:00,1520.9388834635415,1555.7074279785156,1519.4593709309895,1553.4881591796875,207000
2010-10-15 00:00:00+09:00,1542.3918967613806,1542.3918967613806,1530.5557958749623,1538.693115234375,95000
2010-10-18 00:00:00+09:00,1534.9944350126268,1549.049805742863,1514.2812570943843,1540.1727294921875,78000
2010-10-19 00:00:00+09:00,1546.8307153528388,1570.5029214223227,1546.8307153528388,1562.3656005859375,87000
2010-10-20 00:00:00+09:00,1562.3655677009874,1578.640209031206,1551.2692213394746,1573.4619140625,60000
2010-10-21 00:00:00+09:00,1569.7629183079866,1584.5580447764878,1564.5846240440112,1580.1195068359375,101000
2010-10-22 00:00:00+09:00,1583.078419970089,1590.4759826802297,1576.4206135309626,1588.2567138671875,57000
2010-10-25 00:00:00+09:00,1588.2568161160689,1600.8326735329172,1580.8592529296875,1580.8592529296875,83000
2010-10-26 00:00:00+09:00,1595.654712500722,1606.011303124278,1583.0788524578327,1600.8330078125,75000
2010-10-27 00:00:00+09:00,1603.0522298177084,1603.0522298177084,1583.0788056344697,1586.777587890625,33000
2010-10-28 00:00:00+09:00,1589.7365065978195,1589.7365065978195,1559.406494140625,1559.406494140625,348000
2010-10-29 00:00:00+09:00,1589.7368082013306,1589.7368082013306,1527.5972586950895,1529.8165283203125,85000
2010-11-01 00:00:00+09:00,1529.8162945146196,1533.5150766580302,1523.8982430851627,1529.0765380859375,81000
2010-11-02 00:00:00+09:00,1523.898112374985,1523.898112374985,1510.5824978008345,1520.9390869140625,58000
2010-11-04 00:00:00+09:00,1513.5415334882528,1533.514955484432,1513.5415334882528,1520.1993408203125,80000
2010-11-05 00:00:00+09:00,1535.7341206329743,1559.4063228777986,1534.2546079926728,1536.473876953125,204000
2010-11-08 00:00:00+09:00,1557.1871985010353,1557.1871985010353,1529.8162121140813,1534.9945068359375,97000
2010-11-09 00:00:00+09:00,1517.98017298022,1533.5150577914212,1517.98017298022,1521.678955078125,80000
2010-11-10 00:00:00+09:00,1522.4186366289512,1544.611328125,1518.719854712943,1544.611328125,67000
2010-11-11 00:00:00+09:00,1549.0499045210954,1576.4208913727098,1543.1318533099354,1559.406494140625,99000
2010-11-12 00:00:00+09:00,1565.3245469886838,1575.6811366190436,1550.5294189453125,1550.5294189453125,101000
2010-11-15 00:00:00+09:00,1558.6668427438447,1589.7366136955493,1558.6668427438447,1586.777587890625,93000
2010-11-16 00:00:00+09:00,1609.7093894675925,1620.0659756130642,1594.914266402633,1597.873291015625,119000
2010-11-17 00:00:00+09:00,1584.5581215365057,1620.0664267810214,1584.5581215365057,1618.5869140625,87000
2010-11-18 00:00:00+09:00,1619.3263961230957,1632.6420083342496,1609.7095650817068,1629.6829833984375,102000
2010-11-19 00:00:00+09:00,1642.998853096461,1645.2181221461187,1616.3676245005706,1620.06640625,125000
2010-11-22 00:00:00+09:00,1641.5196272734624,1641.5196272734624,1620.8064458567626,1625.9847412109375,74000
2010-11-24 00:00:00+09:00,1595.654592634577,1603.791913227521,1586.7775156240925,1591.955810546875,130000
2010-11-25 00:00:00+09:00,1609.7099006336405,1611.1894134099582,1597.1340420349402,1605.2713623046875,114000
2010-11-26 00:00:00+09:00,1598.613455473487,1606.011018895391,1585.2978413140595,1586.03759765625,97000
2010-11-29 00:00:00+09:00,1590.476331033342,1631.162934850474,1590.476331033342,1624.505126953125,142000
2010-11-30 00:00:00+09:00,1641.519549496524,1695.5217699170946,1638.5605237200543,1692.562744140625,477000
2010-12-01 00:00:00+09:00,1686.6445362859906,1727.3311369420123,1679.9867289059143,1721.4130859375,255000
2010-12-02 00:00:00+09:00,1686.644633870408,1753.2227115231872,1679.9868261051301,1731.769775390625,152000
2010-12-03 00:00:00+09:00,1731.029867234402,1742.1262125371866,1708.8371766288326,1725.11181640625,196000
2010-12-06 00:00:00+09:00,1722.8926036291596,1762.0996916464828,1719.193821740733,1756.181640625,307000
2010-12-07 00:00:00+09:00,1758.400831417028,1765.0586385195747,1721.4130141806581,1726.59130859375,231000
2010-12-08 00:00:00+09:00,1748.7842210672668,1750.2637339446503,1724.3722585904395,1745.8251953125,371000
2010-12-09 00:00:00+09:00,1748.783874050496,1764.3187561803861,1740.646554839601,1762.0994873046875,209000
2010-12-10 00:00:00+09:00,1775.4153985459614,1785.7719883708128,1749.5239239838327,1758.4010009765625,2082000
2010-12-13 00:00:00+09:00,1742.8657432907296,1768.0174560546875,1735.4681807130949,1768.0174560546875,193000
2010-12-14 00:00:00+09:00,1764.3188989462972,1766.5381680015755,1756.9213354287026,1760.6201171875,174000
2010-12-15 00:00:00+09:00,1766.5379333879,1771.7162271624877,1759.8801271062873,1768.7572021484375,124000
2010-12-16 00:00:00+09:00,1767.2779140608595,1768.7574267557618,1759.1405942388965,1761.35986328125,71000
2010-12-17 00:00:00+09:00,1760.620230549546,1762.8394997477178,1750.2636409580782,1752.48291015625,248000
2010-12-20 00:00:00+09:00,1757.6611842972375,1761.359966250725,1738.4275181391029,1753.96240234375,197000
2010-12-21 00:00:00+09:00,1758.4010446091327,1793.9093534611472,1756.9215317402989,1790.2105712890625,329000
2010-12-22 00:00:00+09:00,1793.1691087388758,1822.7593580579992,1792.429352505898,1807.9642333984375,283000
2010-12-24 00:00:00+09:00,1800.5670050779654,1822.0199398138984,1800.5670050779654,1810.183837890625,106000
2010-12-27 00:00:00+09:00,1815.3619998109107,1822.7595629723244,1810.9234619140625,1810.9234619140625,68000
2010-12-28 00:00:00+09:00,1807.9644886363635,1807.9644886363635,1796.8681435751748,1798.34765625,79000
2010-12-29 00:00:00+09:00,1782.0727652442047,1812.4027707963062,1781.3330090112265,1807.9642333984375,138000
2010-12-30 00:00:00+09:00,1796.8680330239656,1796.8680330239656,1760.6199747208884,1762.0994873046875,169000
2011-01-04 00:00:00+09:00,1771.7164456221212,1771.7164456221212,1725.8515522490225,1726.59130859375,262000
2011-01-05 00:00:00+09:00,1702.1794862576076,1725.1119347904132,1674.0687428948133,1690.3433837890625,450000
2011-01-06 00:00:00+09:00,1714.755336945296,1740.6468109716486,1714.015580544543,1734.728759765625,286000
2011-01-07 00:00:00+09:00,1748.0441183748642,1756.181437588628,1739.9067991611007,1744.3453369140625,169000
2011-01-11 00:00:00+09:00,1761.3600333150227,1791.690046488444,1756.9214948018391,1775.4154052734375,273000
2011-01-12 00:00:00+09:00,1778.3743123992042,1785.7718760947082,1748.7840576171875,1748.7840576171875,361000
2011-01-13 00:00:00+09:00,1761.3600333150227,1777.6346745300293,1752.4829562886555,1775.4154052734375,199000
2011-01-14 00:00:00+09:00,1775.4154278866304,1780.593722884633,1760.6202993209085,1765.058837890625,308000
2011-01-17 00:00:00+09:00,1767.2776798980915,1794.6486611271537,1767.2776798980915,1787.2510986328125,212000
2011-01-18 00:00:00+09:00,1790.9503193590444,1790.9503193590444,1773.196165015956,1782.0732421875,119000
2011-01-19 00:00:00+09:00,1793.909119945569,1798.3476579743003,1778.3742368450094,1780.593505859375,155000
2011-01-20 00:00:00+09:00,1783.5528255575036,1783.5528255575036,1705.1386407756308,1707.35791015625,924000
2011-01-21 00:00:00+09:00,1690.3435419722928,1692.5628113928253,1658.5340136113264,1670.3701171875,476000
2011-01-24 00:00:00+09:00,1670.3700964463496,1672.5893658393252,1637.8208120160398,1671.849609375,253000
2011-01-25 00:00:00+09:00,1675.5485422362206,1699.960507752245,1672.589516113066,1678.507568359375,330000
2011-01-26 00:00:00+09:00,1671.8492853855148,1671.8492853855148,1651.1361083984375,1651.1361083984375,145000
2011-01-27 00:00:00+09:00,1650.3963406706048,1679.9865933047706,1650.3963406706048,1669.6300048828125,206000
2011-01-28 00:00:00+09:00,1676.2878972883952,1692.5625370678943,1635.601297839648,1637.080810546875,293000
2011-01-31 00:00:00+09:00,1627.463956643607,1660.013235776479,1606.7507790135974,1647.4373779296875,470000
2011-02-01 00:00:00+09:00,1661.49323380147,1682.9461740420056,1658.5342075613962,1665.1920166015625,193000
2011-02-02 00:00:00+09:00,1698.4805908203125,1705.8781543691816,1628.2037371060576,1698.4805908203125,259000
2011-02-03 00:00:00+09:00,1716.9746143432885,1719.9336399604247,1679.9867941290859,1690.3433837890625,124000
2011-02-04 00:00:00+09:00,1699.2205937747988,1701.4398631615313,1685.9049774544042,1689.603759765625,138000
2011-02-07 00:00:00+09:00,1689.6033426253957,1699.220174260304,1685.9045612273542,1693.3021240234375,96000
2011-02-08 00:00:00+09:00,1699.2206407912233,1705.1386926529256,1698.4808843085107,1703.6591796875,69000
2011-02-09 00:00:00+09:00,1711.0561219842941,1715.4946592657059,1710.3163657707253,1713.275390625,150000
2011-02-10 00:00:00+09:00,1727.3312380472819,1780.593700205485,1721.4131866963705,1775.4154052734375,379000
2011-02-14 00:00:00+09:00,1802.0464801290761,1805.7452619027401,1782.0730585512908,1786.5115966796875,155000
2011-02-15 00:00:00+09:00,1800.5667216608688,1813.8823342286155,1793.1691591232318,1804.2655029296875,274000
2011-02-16 00:00:00+09:00,1827.1983935008188,1884.159638966229,1819.8008291546619,1877.5018310546875,382000
2011-02-17 00:00:00+09:00,1907.091664723734,1981.8070480197375,1886.3784891565251,1890.0772705078125,916000
2011-02-18 00:00:00+09:00,1863.4463478602618,1889.3378215304124,1775.41533738175,1876.761962890625,499000
2011-02-21 00:00:00+09:00,1882.6800913076418,1934.463040773864,1882.6800913076418,1897.4752197265625,262000
2011-02-22 00:00:00+09:00,1894.5159138125348,1899.6942079932014,1828.6776020869136,1829.4173583984375,346000
2011-02-23 00:00:00+09:00,1801.3063248999324,1853.0892582646122,1792.4292506088445,1797.6075439453125,406000
2011-02-24 00:00:00+09:00,1802.7862572098886,1806.4850390260763,1781.3333226759999,1785.0321044921875,222000
2011-02-25 00:00:00+09:00,1790.2101941552673,1836.8148397055904,1790.2101941552673,1835.3353271484375,292000
2011-02-28 00:00:00+09:00,1812.403236761248,1816.8417753002552,1773.1961463333519,1774.6756591796875,541000
2011-03-01 00:00:00+09:00,1793.9092517786523,1813.8826743757754,1776.8948547514733,1788.73095703125,247000
2011-03-02 00:00:00+09:00,1768.7581536560583,1769.4979103075248,1719.1944580078125,1719.1944580078125,487000
2011-03-03 00:00:00+09:00,1710.3169647071913,1753.222840119396,1697.0013481999554,1714.0157470703125,324000
2011-03-04 00:00:00+09:00,1751.0035050647416,1763.5793646279444,1721.4132472689707,1727.331298828125,272000
2011-03-07 00:00:00+09:00,1697.000905421479,1709.5767621748205,1688.1238300661792,1693.3021240234375,262000
2011-03-08 00:00:00+09:00,1701.4394226473837,1707.3574728131139,1689.6033223159238,1694.7816162109375,186000
2011-03-09 00:00:00+09:00,1714.0157170555588,1758.4011046357632,1714.0157170555588,1751.0035400390625,247000
2011-03-10 00:00:00+09:00,1744.3450683804945,1749.5233616284434,1709.576528001409,1710.3162841796875,248000
2011-03-11 00:00:00+09:00,1702.1796667220744,1716.9747963763298,1701.4399102393618,1703.6591796875,2417000
2011-03-14 00:00:00+09:00,1518.7198109447506,1627.4639961414766,1515.0210291353383,1574.2015380859375,595000
2011-03-15 00:00:00+09:00,1546.0907512518575,1558.6666090371596,1479.512680623787,1524.6378173828125,925000
2011-03-16 00:00:00+09:00,1572.7220087948306,1648.9169132660759,1572.7220087948306,1628.2037353515625,605000
2011-03-17 00:00:00+09:00,1554.2277846966913,1589.736082490809,1534.9941233915442,1571.98193359375,440000
2011-03-18 00:00:00+09:00,1578.6396310311775,1612.6684140805844,1578.6396310311775,1597.873291015625,408000
2011-03-22 00:00:00+09:00,1649.6565957565035,1659.273427929075,1634.1217130161956,1651.1361083984375,291000
2011-03-23 00:00:00+09:00,1636.341071298189,1682.945722063011,1636.341071298189,1662.2325439453125,190000
2011-03-24 00:00:00+09:00,1664.4520039461097,1667.4110297309028,1631.1629638671875,1631.1629638671875,355000
2011-03-25 00:00:00+09:00,1656.314853695657,1656.314853695657,1636.3414275903497,1645.218505859375,358000
2011-03-28 00:00:00+09:00,1645.958262381794,1645.958262381794,1627.4643493213243,1645.218505859375,266000
2011-03-29 00:00:00+09:00,1645.2179222422199,1652.7200559505748,1615.9596007796358,1633.9647216796875,385000
2011-03-30 00:00:00+09:00,1639.2164978436977,1676.7271728515625,1630.9641493419674,1676.7271728515625,386000
2011-03-31 00:00:00+09:00,1702.234193262792,1706.7354736328125,1657.9716029575893,1706.7354736328125,318000
2011-04-01 00:00:00+09:00,1680.4780833615628,1691.7312848126446,1654.2206133090383,1660.9725341796875,256000
2011-04-04 00:00:00+09:00,1675.976956872531,1675.976956872531,1660.9726868915773,1661.722900390625,105000
2011-04-05 00:00:00+09:00,1659.4725341796875,1662.473388671875,1639.2167663574219,1644.46826171875,148000
2011-04-06 00:00:00+09:00,1647.4688073786722,1647.4688073786722,1613.709200670093,1627.9632568359375,153000
2011-04-07 00:00:00+09:00,1612.9588202174982,1617.4601006460123,1558.9434550753308,1573.197509765625,269000
2011-04-08 00:00:00+09:00,1535.6870133194777,1552.1917100918415,1504.928260243709,1544.6895751953125,478000
2011-04-11 00:00:00+09:00,1547.6903753502634,1588.9521158467562,1547.6903753502634,1579.1993408203125,224000
2011-04-12 00:00:00+09:00,1571.6974166191292,1582.2004065153908,1542.4390876224008,1551.441650390625,142000
2011-04-13 00:00:00+09:00,1552.9417118970953,1586.7013143296408,1540.1880843114668,1554.442138671875,134000
2011-04-14 00:00:00+09:00,1559.6936304846474,1559.6936304846474,1538.6876556633053,1548.4404296875,153000
2011-04-15 00:00:00+09:00,1566.4456449367758,1582.9503404294046,1547.6903091496974,1553.6920166015625,145000
2011-04-18 00:00:00+09:00,1559.6938406102577,1564.9453350230867,1519.9325257702653,1520.6827392578125,236000
2011-04-19 00:00:00+09:00,1507.9289261492158,1523.6834074671929,1501.1770055843688,1513.180419921875,248000
2011-04-20 00:00:00+09:00,1522.9334108848273,1530.4355459138164,1514.6810623529389,1524.433837890625,92000
2011-04-21 00:00:00+09:00,1528.9347802131558,1528.9347802131558,1510.9296601321373,1519.1820068359375,64000
2011-04-22 00:00:00+09:00,1511.6800836824752,1515.4311508876428,1507.1788030362745,1509.429443359375,74000
2011-04-25 00:00:00+09:00,1511.680207863832,1530.435545430381,1511.680207863832,1521.4329833984375,54000
2011-04-26 00:00:00+09:00,1495.92578198169,1503.4279172975462,1451.6631836181396,1501.927490234375,418000
2011-04-27 00:00:00+09:00,1500.4270304218196,1501.9274574522415,1482.421906056758,1486.1729736328125,167000
2011-04-28 00:00:00+09:00,1472.6690616696933,1472.6690616696933,1434.4081741785296,1442.6605224609375,374000
2011-05-02 00:00:00+09:00,1458.4151039699773,1492.92492638902,1453.163609254036,1489.924072265625,147000
2011-05-06 00:00:00+09:00,1465.9171482450497,1492.1746201941678,1465.9171482450497,1484.6724853515625,57000
2011-05-09 00:00:00+09:00,1484.6723534195366,1484.6723534195366,1441.159975199055,1448.662109375,194000
2011-05-10 00:00:00+09:00,1444.1607964522632,1447.161650055281,1434.4080222424557,1441.91015625,135000
2011-05-11 00:00:00+09:00,1447.9121995310854,1453.1636945552916,1420.1542972602824,1426.156005859375,265000
2011-05-12 00:00:00+09:00,1412.6518201326069,1451.6629165993597,1391.6458451120477,1396.8973388671875,192000
2011-05-13 00:00:00+09:00,1380.39306640625,1382.6437072753906,1346.6334533691406,1371.3905029296875,435000
2011-05-16 00:00:00+09:00,1360.887178537029,1397.6476370531893,1357.886324780608,1369.1395263671875,242000
2011-05-17 00:00:00+09:00,1373.6411135456144,1385.64453125,1367.6394046934217,1385.64453125,87000
2011-05-18 00:00:00+09:00,1400.6483503532004,1414.902404266811,1378.8921628008475,1413.4019775390625,120000
2011-05-19 00:00:00+09:00,1417.1530337385398,1422.4045272463056,1380.3925791841784,1383.3934326171875,107000
2011-05-20 00:00:00+09:00,1377.3919993330792,1398.397977536416,1372.890718289507,1384.1439208984375,114000
2011-05-23 00:00:00+09:00,1384.14398009216,1384.14398009216,1361.6375739117998,1367.6392822265625,106000
2011-05-24 00:00:00+09:00,1361.6375454085658,1383.393737594157,1361.6375454085658,1381.893310546875,59000
2011-05-25 00:00:00+09:00,1386.3944398788196,1396.1472146182268,1380.3927323468765,1387.1446533203125,78000
2011-05-26 00:00:00+09:00,1395.3970366164137,1414.1523731300751,1395.3970366164137,1408.90087890625,127000
2011-05-27 00:00:00+09:00,1403.6493512235104,1403.6493512235104,1393.1463630262208,1396.147216796875,67000
2011-05-30 00:00:00+09:00,1380.3927595628415,1388.6451075819673,1370.6399846311476,1372.890625,79000
2011-05-31 00:00:00+09:00,1372.8906035841558,1411.1514892578125,1372.8906035841558,1411.1514892578125,163000
2011-06-01 00:00:00+09:00,1409.651247672296,1448.6623519186821,1408.9010341290962,1433.6580810546875,176000
2011-06-02 00:00:00+09:00,1394.6468785824982,1396.8975190535834,1374.3911143427308,1380.392822265625,290000
2011-06-03 00:00:00+09:00,1387.8951096259782,1390.8959639170614,1365.3887024428543,1366.138916015625,125000
2011-06-06 00:00:00+09:00,1372.8907753028807,1379.6426971486326,1343.6324473046225,1352.635009765625,242000
2011-06-07 00:00:00+09:00,1347.383390950703,1356.3859525828902,1336.8804023798177,1340.6314697265625,128000
2011-06-08 00:00:00+09:00,1341.381604313218,1341.381604313218,1245.3542858836365,1273.1121826171875,571000
2011-06-09 00:00:00+09:00,1245.354520270466,1247.6051609697502,1203.3425605504985,1213.0953369140625,417000
2011-06-10 00:00:00+09:00,1215.3457978616916,1234.8513477039164,1184.5870461874142,1229.599853515625,1800000
2011-06-13 00:00:00+09:00,1215.3457903727467,1238.6024073490155,1192.8393868473256,1196.5904541015625,307000
2011-06-14 00:00:00+09:00,1200.3413774923313,1228.8494852077743,1183.8366835518118,1222.8477783203125,247000
2011-06-15 00:00:00+09:00,1230.35009279773,1231.100306268948,1200.341553949005,1206.34326171875,138000
2011-06-16 00:00:00+09:00,1189.8385598374384,1204.8428291922612,1178.5853578213214,1179.3355712890625,197000
2011-06-17 00:00:00+09:00,1180.0855827990122,1180.0855827990122,1129.071075723149,1129.8212890625,271000
2011-06-20 00:00:00+09:00,1129.0713225719976,1163.5811437270222,1117.818120021446,1147.82666015625,214000
2011-06-21 00:00:00+09:00,1144.825629619216,1167.33203125,1137.323495742288,1167.33203125,142000
2011-06-22 00:00:00+09:00,1175.5844363843821,1180.8359303567438,1148.5767530979508,1153.8282470703125,287000
2011-06-23 00:00:00+09:00,1133.5723452613468,1135.0727719261533,1102.8135986328125,1102.8135986328125,459000
2011-06-24 00:00:00+09:00,1099.0627767586031,1121.569181743421,1095.3117092611335,1111.81640625,288000
2011-06-27 00:00:00+09:00,1111.8163103674926,1111.8163103674926,1086.3090535844328,1094.5614013671875,438000
2011-06-28 00:00:00+09:00,1096.812376782718,1124.5702823510906,1093.8115221266778,1117.818359375,194000
2011-06-29 00:00:00+09:00,1140.3244329140678,1160.5801958671466,1134.3227253724147,1142.5750732421875,273000
2011-06-30 00:00:00+09:00,1140.324490704114,1149.3270524728305,1115.567445840143,1126.0704345703125,399000
2011-07-01 00:00:00+09:00,1130.5717125582905,1137.3236338675304,1102.813813842526,1111.066162109375,308000
2011-07-04 00:00:00+09:00,1124.5700391756777,1138.0738822078074,1114.0670501506881,1132.8223876953125,230000
2011-07-05 00:00:00+09:00,1132.8224808563252,1155.3288877607556,1129.0714130389201,1153.0782470703125,231000
2011-07-06 00:00:00+09:00,1198.0910024564823,1211.5948459406504,1166.5820343267565,1190.5888671875,622000
2011-07-07 00:00:00+09:00,1185.3375244140625,1210.0945739746094,1185.3375244140625,1203.3426513671875,320000
2011-07-08 00:00:00+09:00,1213.8456120366232,1238.6026609842181,1211.5949712232054,1232.6009521484375,301000
2011-07-11 00:00:00+09:00,1225.8488452524039,1239.3526881009616,1213.0952158954328,1219.096923828125,312000
2011-07-12 00:00:00+09:00,1194.340057199542,1203.3426204447646,1183.837066746782,1187.588134765625,246000
2011-07-13 00:00:00+09:00,1175.584595886192,1195.0901475728804,1175.584595886192,1184.587158203125,179000
2011-07-14 00:00:00+09:00,1170.333037918473,1174.0841053476988,1160.5802626024856,1168.0823974609375,131000
2011-07-15 00:00:00+09:00,1165.8316899660929,1165.8316899660929,1129.821444716175,1142.5750732421875,305000
2011-07-19 00:00:00+09:00,1108.0653676122083,1113.3168622454414,1095.311737788642,1100.563232421875,380000
2011-07-20 00:00:00+09:00,1117.0679914094585,1124.570127013283,1093.8113710376028,1096.06201171875,244000
2011-07-21 00:00:00+09:00,1101.3133296546655,1124.5699462890625,1096.061835575931,1124.5699462890625,135000
2011-07-22 00:00:00+09:00,1124.5701902659448,1129.0714718814188,1103.5642093937322,1118.5684814453125,202000
2011-07-25 00:00:00+09:00,1114.0669193974247,1114.8171328111603,1093.0609438128267,1093.8111572265625,156000
2011-07-26 00:00:00+09:00,1082.5580417351973,1084.808682154605,1061.5520644873902,1069.05419921875,330000
2011-07-27 00:00:00+09:00,1047.2984619140625,1052.5499584995914,1034.5448273492063,1047.2984619140625,321000
2011-07-28 00:00:00+09:00,1051.049346534242,1069.0544745262632,1048.048491868905,1057.80126953125,266000
2011-07-29 00:00:00+09:00,855.2435019196975,931.7652889335651,832.7370939744422,920.5120849609375,2085000
2011-08-01 00:00:00+09:00,932.5153459677782,964.7745252731801,906.2578744401255,910.7591552734375,822000
2011-08-02 00:00:00+09:00,916.7610158396291,916.7610158396291,876.2494815881233,887.502685546875,327000
2011-08-03 00:00:00+09:00,870.2476538681402,914.5102500562612,865.7463728998567,892.0038452148438,486000
2011-08-04 00:00:00+09:00,899.5059814453126,936.2664427387407,896.5051274621756,899.5059814453125,370000
2011-08-05 00:00:00+09:00,860.4947930522932,903.2569580078125,860.4947930522932,903.2569580078125,397000
2011-08-08 00:00:00+09:00,910.0087006564225,929.5142457652989,901.0061413754028,916.7606201171875,373000
2011-08-09 00:00:00+09:00,894.25451236301,895.7549393971761,858.244263543023,864.2459716796875,408000
2011-08-10 00:00:00+09:00,879.2502100249045,880.0004235146869,846.2408164744814,858.9944458007812,272000
2011-08-11 00:00:00+09:00,839.4888644569799,864.2459087171053,838.7386509945518,855.2433471679688,198000
2011-08-12 00:00:00+09:00,855.9934883327659,856.7437017318306,808.730044191693,817.7326049804688,388000
2011-08-15 00:00:00+09:00,837.2382064554732,909.2586973333633,834.2373526688945,908.5084838867188,495000
2011-08-16 00:00:00+09:00,909.2586892723731,937.0165865521402,872.4982307126814,875.4990844726562,616000
2011-08-17 00:00:00+09:00,898.0055850219726,915.2604960123698,892.0038768513997,900.2562255859375,351000
2011-08-18 00:00:00+09:00,907.0080885111993,915.260436711053,897.2553133659176,913.760009765625,178000
2011-08-19 00:00:00+09:00,892.7541523755082,931.7652581935976,892.7541523755082,922.7626953125,300000
2011-08-22 00:00:00+09:00,927.2639123535156,937.0166881306966,900.2562255859375,900.2562255859375,167000
2011-08-23 00:00:00+09:00,905.507646340982,991.0319807924086,903.2570059606812,983.5298461914062,518000
2011-08-24 00:00:00+09:00,982.7796210536818,987.280901760798,925.0131853123586,932.5153198242188,404000
2011-08-25 00:00:00+09:00,934.765813320498,964.0241333200962,934.765813320498,948.2696533203125,301000
2011-08-26 00:00:00+09:00,967.0252364056665,967.0252364056665,941.5179764849585,954.2716064453125,129000
2011-08-29 00:00:00+09:00,948.26980840805,982.7796273849252,945.2689545839739,973.251953125,219000
2011-08-30 00:00:00+09:00,984.2802045770298,991.0321267120856,967.7755060246711,975.3029174804688,211000
2011-08-31 00:00:00+09:00,984.2798551189366,1007.5364675493383,978.2781486852846,1005.2858276367188,443000
2011-09-01 00:00:00+09:00,1014.2889101157108,1019.5404059521087,992.5327130792051,1012.0382690429688,305000
2011-09-02 00:00:00+09:00,996.2837190846496,998.5343600163168,970.0262415485331,988.2564697265625,308000
2011-09-05 00:00:00+09:00,977.528185690715,986.5307476464238,970.0260507276244,975.4275512695312,144000
2011-09-06 00:00:00+09:00,969.2755444021172,969.2755444021172,941.5176534246573,965.2993774414062,302000
2011-09-07 00:00:00+09:00,976.0278783465718,992.5325772886353,972.2768104051937,987.6561889648438,117000
2011-09-08 00:00:00+09:00,1006.7865878861821,1021.7908589426081,994.7831710410414,1010.7627563476562,193000
2011-09-09 00:00:00+09:00,997.0336503676931,997.783863799121,986.5306623277023,991.7071533203125,1170000
2011-09-12 00:00:00+09:00,955.0217620047757,975.277526006448,952.7711215601454,970.7762451171875,131000
2011-09-13 00:00:00+09:00,967.7754557062606,967.7754557062606,911.5094408396175,925.8385009765625,334000
2011-09-14 00:00:00+09:00,934.0157123640472,948.2697674121732,915.2603767744077,918.26123046875,171000
2011-09-15 00:00:00+09:00,919.7618072946832,920.5120208406006,877.7498487233111,890.5034790039062,300000
2011-09-16 00:00:00+09:00,892.0037173223708,898.7556378067285,868.7471023206941,883.2262573242188,300000
2011-09-20 00:00:00+09:00,875.4992063857966,880.7507011970225,870.2477115745708,873.998779296875,145000
2011-09-21 00:00:00+09:00,873.9987507381954,899.5060104163916,873.9987507381954,888.2528076171875,221000
2011-09-22 00:00:00+09:00,873.9986625894842,898.7557062508172,870.9978088123529,896.5050659179688,202000
2011-09-26 00:00:00+09:00,892.7541191753545,902.5068952671861,880.7507024469464,886.002197265625,316000
2011-09-27 00:00:00+09:00,894.254452758997,894.254452758997,872.4982622136858,880.7506103515625,437000
2011-09-28 00:00:00+09:00,880.7507286692613,880.7507286692613,826.7353517832419,829.7362060546875,614000
2011-09-29 00:00:00+09:00,830.4862734554736,858.9943840167274,822.9841390972489,855.9935302734375,403000
2011-09-30 00:00:00+09:00,845.4907531738281,858.9945983886719,834.237548828125,841.7396850585938,199000
2011-10-03 00:00:00+09:00,845.4906622663993,855.2434383173871,840.2391674697136,851.4923706054688,189000
2011-10-04 00:00:00+09:00,845.4906029846991,862.745513249693,845.4906029846991,858.9944458007812,195000
2011-10-05 00:00:00+09:00,858.2443255925582,888.2528684454448,856.7438984499139,885.2520141601562,151000
2011-10-06 00:00:00+09:00,889.7532649932525,903.2571088127116,877.7498482648443,886.002197265625,131000
2011-10-07 00:00:00+09:00,889.0032661062348,898.0058308262979,881.5011288395156,883.7517700195312,210000
2011-10-11 00:00:00+09:00,896.5050962821922,896.5050962821922,886.7523211761934,895.7548828125,92000
2011-10-12 00:00:00+09:00,886.0021956884892,894.2545446745802,862.7455758185966,870.9979248046875,162000
2011-10-13 00:00:00+09:00,877.7496157045717,916.760709735886,876.2491890110597,911.5092163085938,183000
2011-10-14 00:00:00+09:00,894.2544838763298,901.0064053149933,880.0004275058178,881.5008544921875,164000
2011-10-17 00:00:00+09:00,892.7542713530387,910.7593995147806,892.7542713530387,909.2589721679688,151000
2011-10-18 00:00:00+09:00,898.0055850219726,910.0090013631185,897.255371500651,900.2562255859375,90000
2011-10-19 00:00:00+09:00,903.2570796712239,904.7575067138672,898.0055850219726,900.2562255859375,105000
2011-10-20 00:00:00+09:00,896.505187371245,900.2562551008318,881.5009164528979,890.5034790039062,94000
2011-10-21 00:00:00+09:00,879.2502453778241,896.5051563366038,878.500031857877,888.2528076171875,114000
2011-10-24 00:00:00+09:00,885.25201497668,902.5069271330052,884.5018014046659,897.2554321289062,84000
2011-10-25 00:00:00+09:00,885.251951870853,886.7523789079222,871.7481085372298,876.2493896484375,86000
2011-10-26 00:00:00+09:00,866.49654646361,867.9969733838933,811.7309638732693,843.2399291992188,238000
2011-10-27 00:00:00+09:00,820.7337629138682,852.2427373584591,814.7320534958509,844.7406005859375,235000
2011-10-28 00:00:00+09:00,841.7397141501168,885.2521057906754,836.4882186072907,883.00146484375,307000
2011-10-31 00:00:00+09:00,876.2491278091342,917.5108589987767,874.74870122042,905.5074462890625,244000
2011-11-01 00:00:00+09:00,900.2564720063137,904.0075406396734,877.7500602061559,883.7517700195312,100000
2011-11-02 00:00:00+09:00,870.9979248046875,884.501768600109,869.4974977163074,870.9979248046875,215000
2011-11-04 00:00:00+09:00,877.7497280458861,892.003783458597,875.4990877175633,889.0029296875,77000
2011-11-07 00:00:00+09:00,903.2572627807215,911.5096131881866,898.00576706688,909.2589721679688,147000
2011-11-08 00:00:00+09:00,903.2569897602059,915.2604049065209,899.5059225269824,908.5084838867188,136000
2011-11-09 00:00:00+09:00,913.0096457469707,937.016472915338,907.7581523038904,919.0113525390625,165000
2011-11-10 00:00:00+09:00,902.5066631111188,935.5160506230799,898.7555963483959,931.0147705078125,176000
2011-11-11 00:00:00+09:00,928.013975262933,932.515255660328,910.7590670729188,922.0122680664062,99000
2011-11-14 00:00:00+09:00,932.5152592302804,939.2671798522214,927.2637654132153,934.0156860351562,89000
2011-11-15 00:00:00+09:00,928.0138767065591,928.7640900264512,903.2568371501189,906.2576904296875,170000
2011-11-16 00:00:00+09:00,909.258879867128,909.258879867128,878.5001223798737,887.502685546875,88000
2011-11-17 00:00:00+09:00,873.248535574299,883.7515248337837,859.7446922406758,876.2493896484375,121000
2011-11-18 00:00:00+09:00,860.4950256347656,874.7490844726562,856.7439575195312,871.7482299804688,131000
2011-11-21 00:00:00+09:00,862.7456363274532,890.503539409293,862.7456363274532,872.4984130859375,44000
2011-11-22 00:00:00+09:00,856.7438654021545,859.7447195716891,848.491516435934,851.4923706054688,123000
2011-11-24 00:00:00+09:00,830.4863562821025,837.238277877892,812.481232026664,814.7318725585938,256000
2011-11-25 00:00:00+09:00,828.986023277071,849.992003957395,826.7353824898935,837.9885864257812,292000
2011-11-28 00:00:00+09:00,860.4949340820312,876.999632033038,852.2425851065279,860.4949340820312,142000
2011-11-29 00:00:00+09:00,873.2485970190015,886.0022277314783,873.2485970190015,885.2520141601562,217000
2011-11-30 00:00:00+09:00,884.5016754676556,884.5016754676556,853.742923394565,870.2476196289062,190000
2011-12-01 00:00:00+09:00,871.7480446420064,880.0003927410272,858.9944157617017,861.2450561523438,155000
2011-12-02 00:00:00+09:00,851.492277260777,852.9927041810603,837.2382215180855,843.2399291992188,109000
2011-12-05 00:00:00+09:00,849.2416063368056,858.994380967882,840.2390451388889,843.9901123046875,86000
2011-12-06 00:00:00+09:00,840.9894095726081,846.9911181154991,829.7362060546874,829.7362060546875,212000
2011-12-07 00:00:00+09:00,843.2397739016956,849.991693799485,835.7376406819296,836.4878540039062,147000
2011-12-08 00:00:00+09:00,837.9885553011626,839.4889824368854,816.2323618331826,829.7362060546875,146000
2011-12-09 00:00:00+09:00,813.9816899566231,829.7361742783643,813.2314764174926,818.4829711914062,1438000
2011-12-12 00:00:00+09:00,826.7352604240314,832.7369683036977,821.4837660293234,828.9859008789062,118000
2011-12-13 00:00:00+09:00,823.7343782755897,842.4897147572744,819.2330975199854,838.7386474609375,154000
2011-12-14 00:00:00+09:00,851.4923687958011,862.7455719076398,834.9876708984375,834.9876708984375,204000
2011-12-15 00:00:00+09:00,832.7370286053293,834.2374556838976,819.9833984375,819.9833984375,95000
2011-12-16 00:00:00+09:00,827.4855952539242,827.4855952539242,813.9817505444314,815.482177734375,177000
2011-12-19 00:00:00+09:00,818.482999686039,818.482999686039,785.4736028151079,792.2255249023438,321000
2011-12-20 00:00:00+09:00,792.9756776056128,802.7284532053034,780.9722614829167,793.7258911132812,128000
2011-12-21 00:00:00+09:00,794.4761041572469,794.4761041572469,786.2237555777099,790.7250366210938,95000
2011-12-22 00:00:00+09:00,792.9756183409959,809.4803142761916,792.9756183409959,801.2279663085938,182000
2011-12-26 00:00:00+09:00,799.7275380260539,799.7275380260539,786.9739093708542,795.2262573242188,88000
2011-12-27 00:00:00+09:00,802.7284244988859,812.481199749807,802.7284244988859,804.9790649414062,90000
2011-12-28 00:00:00+09:00,804.9791555115671,806.479582642064,790.7250977718469,792.2255249023438,107000
2011-12-29 00:00:00+09:00,791.4752805878294,792.9757076600338,783.9731452268073,789.974853515625,84000
2011-12-30 00:00:00+09:00,787.7241825921711,791.4752501283243,786.2237555777099,790.7250366210938,26000
2012-01-04 00:00:00+09:00,810.9809265136719,823.7345581054688,807.9800720214844,822.234130859375,252000
2012-01-05 00:00:00+09:00,823.7344019624082,823.7344019624082,804.9790649414061,804.9790649414062,160000
2012-01-06 00:00:00+09:00,806.4795521891352,807.9799792629755,795.2263491353334,797.4769897460938,143000
2012-01-10 00:00:00+09:00,815.4820823597048,815.4820823597048,788.4743960994018,790.7250366210938,161000
2012-01-11 00:00:00+09:00,786.973906240628,790.7249734772373,780.9721986620532,781.722412109375,150000
2012-01-12 00:00:00+09:00,782.4725653974778,793.7257662421202,781.7223520078348,784.7232055664062,122000
2012-01-13 00:00:00+09:00,784.7233879635367,784.7233879635367,762.2169810429763,775.7208251953125,185000
2012-01-16 00:00:00+09:00,772.7197890115981,787.7240567593961,771.9695756242082,777.2210693359375,112000
2012-01-17 00:00:00+09:00,775.7206425611577,781.7223496602769,771.2193622368183,777.2210693359375,90000
2012-01-18 00:00:00+09:00,774.9704539031529,774.9704539031529,756.2151186199208,756.96533203125,244000
2012-01-19 00:00:00+09:00,757.7154891655764,772.719756277766,751.7137823207005,770.4691162109375,204000
2012-01-20 00:00:00+09:00,783.2229332162552,804.9791258055957,782.4727196786918,803.4786987304688,174000
2012-01-23 00:00:00+09:00,797.4769593432434,808.7301619680304,794.4761053099668,798.2271728515625,103000
2012-01-24 00:00:00+09:00,807.9798877181294,813.9815953334916,802.7283935546875,802.7283935546875,57000
2012-01-25 00:00:00+09:00,807.9799509628043,816.2322995798803,798.9773888350851,814.7318725585938,158000
2012-01-26 00:00:00+09:00,805.7292792715333,814.7318410511035,804.2288523082716,809.4803466796875,115000
2012-01-27 00:00:00+09:00,752.4641445821721,775.7207632083409,752.4641445821721,769.7190551757812,531000
2012-01-30 00:00:00+09:00,768.9688404714028,773.4701214887964,761.4667054424136,762.2169189453125,228000
2012-01-31 00:00:00+09:00,762.2167692992333,779.4716764782513,759.2159158767953,770.4691162109375,128000
2012-02-01 00:00:00+09:00,774.2203053544207,777.9713727253239,767.4683840867949,768.9688110351562,94000
2012-02-02 00:00:00+09:00,776.4709478530664,787.7241499958644,773.4700939483203,779.4718017578125,112000
2012-02-03 00:00:00+09:00,781.7224421863722,784.7232960911183,778.7215882816259,779.4718017578125,102000
2012-02-06 00:00:00+09:00,786.9739362225583,791.4752170779781,776.4709475599121,777.9713745117188,91000
2012-02-07 00:00:00+09:00,780.9722614829167,800.4778126822978,780.9722614829167,793.7258911132812,192000
2012-02-08 00:00:00+09:00,798.2271128431659,802.7283935546875,791.4751917758834,802.7283935546875,271000
2012-02-09 00:00:00+09:00,807.2297982575692,821.4838560334929,807.2297982575692,819.2332153320312,158000
2012-02-10 00:00:00+09:00,819.9831193712023,819.9831193712023,806.4792802598741,810.2303466796875,106000
2012-02-13 00:00:00+09:00,813.9816579145127,813.9816579145127,805.7293093089278,807.229736328125,76000
2012-02-14 00:00:00+09:00,801.228028251336,810.2305903665196,797.4769607033428,807.229736328125,84000
2012-02-15 00:00:00+09:00,812.4814123600087,847.7414551863433,808.7303439742284,846.2410278320312,368000
2012-02-16 00:00:00+09:00,857.4939575195312,886.752281529384,849.9918231580306,857.4939575195312,651000
2012-02-17 00:00:00+09:00,880.0005490540022,880.7507626508087,864.9962771178726,872.4984130859375,182000
2012-02-20 00:00:00+09:00,895.004727611803,904.0072898342185,872.4983220557644,876.2493896484375,216000
2012-02-21 00:00:00+09:00,874.7489915653557,877.7498457388218,855.9936529811929,861.995361328125,114000
2012-02-22 00:00:00+09:00,858.9945688513709,887.5026855468749,857.4941416568707,887.502685546875,291000
2012-02-23 00:00:00+09:00,894.2544009140114,924.2629378574346,892.0037606432547,918.26123046875,299000
2012-02-24 00:00:00+09:00,924.2630932871297,937.0167236328125,918.2613848891613,937.0167236328125,339000
2012-02-27 00:00:00+09:00,974.5272769731966,975.2774904273715,947.5195926229002,949.02001953125,384000
2012-02-28 00:00:00+09:00,930.2648006547317,937.7669361438828,913.0098890296844,926.5137329101562,381000
2012-02-29 00:00:00+09:00,931.0150122252054,942.2682154350185,907.0081787109374,907.0081787109375,310000
2012-03-01 00:00:00+09:00,912.2596419270833,918.2613500976562,895.7549444580078,900.2562255859375,282000
2012-03-02 00:00:00+09:00,915.2604311250792,915.2604311250792,883.7514654633962,886.7523193359375,205000
2012-03-05 00:00:00+09:00,877.7498457388218,882.2511269990209,861.995361328125,861.995361328125,220000
2012-03-06 00:00:00+09:00,865.7462721106863,866.4964855180613,849.2415771484375,849.2415771484375,156000
2012-03-07 00:00:00+09:00,832.737060875021,837.9885558535121,828.2357794648858,837.2383422851562,346000
2012-03-08 00:00:00+09:00,859.7447501123479,859.7447501123479,847.7413330078125,847.7413330078125,261000
2012-03-09 00:00:00+09:00,858.9945684976308,884.5018307936303,848.4915781404545,876.9996948242188,1533000
2012-03-12 00:00:00+09:00,887.5025909265157,897.255366650983,857.4940502358475,865.7463989257812,192000
2012-03-13 00:00:00+09:00,869.4974042513645,880.7506062045745,860.4948426887964,861.2450561523438,143000
2012-03-14 00:00:00+09:00,879.2501580927238,904.7574152387585,879.2501580927238,902.5067749023438,299000
2012-03-15 00:00:00+09:00,916.7608363306513,937.0165994901665,907.0080614760699,928.0140380859375,236000
2012-03-16 00:00:00+09:00,928.0141013096054,943.7685848403263,917.5111122891248,941.5179443359375,293000
2012-03-19 00:00:00+09:00,956.5219958496093,956.5219958496093,931.0147426269531,937.7666625976562,121000
2012-03-21 00:00:00+09:00,950.5205376519098,951.2707511780754,937.7669077070933,945.26904296875,218000
2012-03-22 00:00:00+09:00,945.2689590979462,981.2792051588203,945.2689590979462,980.5289916992188,290000
2012-03-23 00:00:00+09:00,952.7710868021245,957.2723675271739,949.02001953125,949.02001953125,325000
2012-03-26 00:00:00+09:00,952.0208719840766,954.271512343377,937.766816375174,943.018310546875,275000
2012-03-27 00:00:00+09:00,952.7712404260081,960.2733761773941,946.0193182497609,955.7720947265625,271000
2012-03-28 00:00:00+09:00,956.528099191394,966.3580322265625,945.1858687661996,966.3580322265625,244000
2012-03-29 00:00:00+09:00,966.3580866085974,966.3580866085974,955.0158555451162,957.2843017578125,180000
2012-03-30 00:00:00+09:00,952.7473981192942,962.5773315919536,942.1613159179688,942.1613159179688,144000
2012-04-02 00:00:00+09:00,952.7472666738142,956.5280097955357,948.9665235520927,950.4788208007812,268000
2012-04-03 00:00:00+09:00,955.771939840587,955.771939840587,929.3067358101911,933.8436279296875,97000
2012-04-04 00:00:00+09:00,937.624318241294,942.1612101037518,922.5013453664343,925.5259399414062,141000
2012-04-05 00:00:00+09:00,908.8905586316747,941.4049463364685,908.8905586316747,934.599609375,105000
2012-04-06 00:00:00+09:00,928.5505427449377,928.5505427449377,914.93986703695,917.2083129882812,254000
2012-04-09 00:00:00+09:00,907.3783436915523,916.452127128468,907.3783436915523,909.6467895507812,169000
2012-04-10 00:00:00+09:00,911.1591027345372,924.0136294951075,907.3783595696636,910.4029541015625,68000
2012-04-11 00:00:00+09:00,896.0364255969156,904.3540633028786,893.7679789498349,901.3294677734375,115000
2012-04-12 00:00:00+09:00,901.3294170227825,902.0855658625668,886.2064402270983,893.0117797851562,94000
2012-04-13 00:00:00+09:00,893.7679317480976,895.2802294329506,866.5465734207444,872.5957641601562,237000
2012-04-16 00:00:00+09:00,849.9111463153713,858.2287820889203,846.8865514886262,847.6427001953125,177000
2012-04-17 00:00:00+09:00,847.6428203531536,858.2289037473946,840.8374810282844,844.6182250976562,104000
2012-04-18 00:00:00+09:00,857.472606208754,862.0094983050965,852.1795654296875,852.1795654296875,126000
2012-04-19 00:00:00+09:00,844.6182618482676,859.7412387837782,844.6182618482676,855.204345703125,130000
2012-04-20 00:00:00+09:00,854.4480949535705,871.0833675986842,854.4480949535705,862.0095825195312,158000
2012-04-23 00:00:00+09:00,862.0094738157569,880.9131903468043,854.447987203338,859.7410278320312,102000
2012-04-24 00:00:00+09:00,852.9357091990618,858.9848986260054,842.3496277019102,846.13037109375,145000
2012-04-25 00:00:00+09:00,853.6918921983506,855.9603383246528,849.1549999457465,850.6672973632812,54000
2012-04-26 00:00:00+09:00,855.9605015802093,867.302734375,854.4482038742372,867.302734375,68000
2012-04-27 00:00:00+09:00,851.4234687833329,857.4726586148307,809.0791399628473,819.6652221679688,460000
2012-05-01 00:00:00+09:00,809.8353238492399,819.6652577521718,778.833224616916,783.3701171875,8284000
2012-05-02 00:00:00+09:00,790.1753088985756,798.492943729087,784.126119930931,790.9314575195312,100000
2012-05-07 00:00:00+09:00,768.247251729249,775.0525915575593,759.9296141613142,765.22265625,206000
2012-05-08 00:00:00+09:00,763.7102323129358,771.2717197615787,752.3680011399714,759.17333984375,157000
2012-05-09 00:00:00+09:00,754.6364204633354,765.2225025139232,746.3187845664448,763.710205078125,232000
2012-05-10 00:00:00+09:00,762.1979518581081,786.394712234556,762.1979518581081,783.3701171875,135000
2012-05-11 00:00:00+09:00,773.5402797154018,778.0771728515625,741.02587890625,741.02587890625,305000
2012-05-14 00:00:00+09:00,737.245134626116,748.5873674665179,733.4643903459821,741.02587890625,173000
2012-05-15 00:00:00+09:00,729.6834238395651,731.195721091046,710.0235595703125,710.0235595703125,191000
2012-05-16 00:00:00+09:00,703.2184343814342,722.8783045899474,702.4622855272606,711.5360717773438,182000
2012-05-17 00:00:00+09:00,713.0483123168302,720.6098002523215,706.9991219684372,717.585205078125,118000
2012-05-18 00:00:00+09:00,700.1936512137127,709.267435030737,689.6075700938509,702.4620971679688,238000
2012-05-21 00:00:00+09:00,694.14453125,700.9498697916666,693.3883825231482,694.14453125,90000
2012-05-22 00:00:00+09:00,702.4620838738307,715.3166107046758,702.4620838738307,704.7305297851562,79000
2012-05-23 00:00:00+09:00,699.4376277292012,701.706074089404,684.3146519945158,685.07080078125,366000
2012-05-24 00:00:00+09:00,673.7283386298361,685.8267150811014,658.6053680657545,679.7775268554688,277000
2012-05-25 00:00:00+09:00,679.0215544243677,685.8268929430974,661.6301337653916,670.7039184570312,169000
2012-05-28 00:00:00+09:00,675.9969771990189,697.1691420329928,675.9969771990189,694.9006958007812,134000
2012-05-29 00:00:00+09:00,683.558375852504,698.6813487695948,682.046078560795,696.4129028320312,91000
2012-05-30 00:00:00+09:00,694.1444599295403,694.9006085787009,672.9722977530402,682.0460815429688,196000
2012-05-31 00:00:00+09:00,663.8985139631114,685.0706761396116,661.6300680156293,682.0460815429688,98000
2012-06-01 00:00:00+09:00,677.5091870824053,683.5583762527839,672.9722952046213,679.021484375,142000
2012-06-04 00:00:00+09:00,667.6792858886719,681.2899621582031,661.6300964355469,680.5338134765625,141000
2012-06-05 00:00:00+09:00,685.8267699933639,710.0235248332621,685.0706214046171,705.4866333007812,133000
2012-06-06 00:00:00+09:00,701.7061063119493,701.7061063119493,680.5339393111577,686.5831298828125,265000
2012-06-07 00:00:00+09:00,695.6567112446359,697.9251570421727,679.021442062699,682.8021850585938,165000
2012-06-08 00:00:00+09:00,681.2899772591667,681.2899772591667,659.361665005542,660.8739624023438,1084000
2012-06-11 00:00:00+09:00,663.1424560546875,672.9723898388505,654.0686710231524,663.1424560546875,182000
2012-06-12 00:00:00+09:00,663.1424560546875,664.6547535599434,648.775629754757,663.1424560546875,292000
2012-06-13 00:00:00+09:00,666.1670637225999,682.046187829495,663.1424686546198,681.2900390625,95000
2012-06-14 00:00:00+09:00,682.8022301921295,684.3145274904509,669.9477031563972,682.0460815429688,99000
2012-06-15 00:00:00+09:00,678.2655029296875,686.5831400893603,677.5093540969899,678.2655029296875,94000
2012-06-18 00:00:00+09:00,696.4129591876027,703.9744462580435,690.36376953125,690.36376953125,133000
2012-06-19 00:00:00+09:00,688.0953414351852,699.4375723379629,687.3391927083334,694.14453125,41000
2012-06-20 00:00:00+09:00,699.437502562294,705.4866917736435,698.6813539108753,702.4620971679688,60000
2012-06-21 00:00:00+09:00,709.267566370081,727.4151373646247,709.267566370081,714.5606079101562,153000
2012-06-22 00:00:00+09:00,706.2430349472062,721.3660121409365,705.4868860875197,720.60986328125,85000
2012-06-25 00:00:00+09:00,714.5605029005916,718.3412463021821,697.1690832532756,697.9252319335938,116000
2012-06-26 00:00:00+09:00,689.6076975348742,700.1937806110675,687.3392511614043,691.1199951171875,256000
2012-06-27 00:00:00+09:00,687.3392083600763,694.9006958007812,682.8023158956535,694.9006958007812,174000
2012-06-28 00:00:00+09:00,698.6813672191381,700.9498132166028,694.1444752242086,700.1936645507812,74000
2012-06-29 00:00:00+09:00,692.6322404758904,706.2429176904822,691.1199430076025,703.2183227539062,112000
2012-07-02 00:00:00+09:00,710.0236911115975,711.5359886432516,701.7060546875,701.7060546875,116000
2012-07-03 00:00:00+09:00,702.4621228466074,716.8289477487447,701.7059741675475,715.316650390625,103000
2012-07-04 00:00:00+09:00,720.6098391701541,733.4643693547214,720.6098391701541,731.1959228515625,115000
2012-07-05 00:00:00+09:00,730.4395858876027,738.7572209235898,725.1465454101562,725.1465454101562,69000
2012-07-06 00:00:00+09:00,718.34130859375,722.1220523231908,707.7552261513158,718.34130859375,91000
2012-07-09 00:00:00+09:00,710.7798320207881,710.7798320207881,706.9990882334434,708.548583984375,53000
2012-07-10 00:00:00+09:00,715.3166811921268,717.5851273269855,701.7060043829742,708.5894775390625,46000
2012-07-11 00:00:00+09:00,699.4376083900188,703.9745009849811,696.4130133267106,701.7060546875,61000
2012-07-12 00:00:00+09:00,703.2182484262178,703.2182484262178,688.8514239960047,692.707763671875,58000
2012-07-13 00:00:00+09:00,679.7776330212973,682.8022276064866,675.9968897898107,679.021484375,127000
2012-07-17 00:00:00+09:00,679.7776144098194,679.7776144098194,674.484574030655,675.24072265625,38000
2012-07-18 00:00:00+09:00,672.9723205362218,672.9723205362218,664.6546851138639,665.5620727539062,60000
2012-07-19 00:00:00+09:00,663.1424277075378,666.923171309063,660.8739815466226,661.9111938476562,99000
2012-07-20 00:00:00+09:00,661.62997692615,661.62997692615,648.7754516601562,648.7754516601562,94000
2012-07-23 00:00:00+09:00,637.4334028044121,648.7756341710387,633.6526590155366,642.694091796875,267000
2012-07-24 00:00:00+09:00,638.9456534270503,640.4579508316114,625.3349767860007,626.0911254882812,152000
2012-07-25 00:00:00+09:00,623.8227179591642,623.8227179591642,609.4558917273773,616.26123046875,107000
2012-07-26 00:00:00+09:00,632.1402808248283,648.0194027115764,616.2611589380803,639.7223510742188,186000
2012-07-27 00:00:00+09:00,652.5563990276273,668.4355234535603,646.5072087701291,660.7599487304688,179000
2012-07-30 00:00:00+09:00,669.9477476065906,696.412952083149,649.5317327246743,656.261474609375,166000
2012-07-31 00:00:00+09:00,657.8493226841518,664.6546605050223,656.3370253906251,661.6300659179688,111000
2012-08-01 00:00:00+09:00,655.5811226650436,657.0934205258627,635.1651015439869,638.189697265625,94000
2012-08-02 00:00:00+09:00,642.7263818245024,653.3124634074942,632.89644892601,645.7509765625,198000
2012-08-03 00:00:00+09:00,632.8965399138674,637.4334326731066,627.6034983614217,629.4182739257812,88000
2012-08-06 00:00:00+09:00,634.4086404947134,636.6770861699031,626.0910063523512,629.1156005859375,66000
2012-08-07 00:00:00+09:00,627.6033802192752,630.6279748227416,623.0664883140756,629.871826171875,24000
2012-08-08 00:00:00+09:00,632.140396610383,641.9703310074345,631.3842478106098,632.8965454101562,88000
2012-08-09 00:00:00+09:00,632.1402553901136,650.2878225304995,632.1402553901136,646.473388671875,181000
2012-08-10 00:00:00+09:00,646.507260877055,657.849493524021,642.7265166613997,647.265625,48000
2012-08-13 00:00:00+09:00,644.9949013477665,650.2879427421796,644.9949013477665,648.050048828125,35000
2012-08-14 00:00:00+09:00,651.8001651166181,653.312462483478,629.8718532971495,630.4614868164062,99000
2012-08-15 00:00:00+09:00,633.652592796524,639.7017822265625,629.8718494027501,639.7017822265625,36000
2012-08-16 00:00:00+09:00,639.701809674649,663.8985684330281,635.1649174074529,662.051025390625,98000
2012-08-17 00:00:00+09:00,660.1177491403436,667.6792353847919,656.3370060181194,660.4202270507812,160000
2012-08-20 00:00:00+09:00,662.3863011713279,670.7039373732509,657.8494086975517,662.9912109375,59000
2012-08-21 00:00:00+09:00,669.9477855235607,677.5092729448198,669.1916367814348,671.4600830078125,57000
2012-08-22 00:00:00+09:00,671.4600489609907,671.4600489609907,662.3862645155718,666.9231567382812,55000
2012-08-23 00:00:00+09:00,666.1670166532803,676.7530986432301,657.8493808040338,675.7959594726562,42000
2012-08-24 00:00:00+09:00,671.459905753875,674.4844999239375,669.1914601263281,672.8966064453125,13000
2012-08-27 00:00:00+09:00,673.7284571130848,684.3145383696316,672.216159790721,676.7530517578125,45000
2012-08-28 00:00:00+09:00,681.289906233448,684.314500711732,665.4107852224577,669.1915283203125,132000
2012-08-29 00:00:00+09:00,670.70395632457,682.046187829495,670.70395632457,681.2900390625,49000
2012-08-30 00:00:00+09:00,684.314611623953,685.070760366079,667.6793392971829,671.4600830078125,87000
2012-08-31 00:00:00+09:00,666.9231816563038,670.7039253164869,658.6055456039009,659.3616943359375,58000
2012-09-03 00:00:00+09:00,660.1178863419793,666.9232253764327,651.8002497443141,655.5809936523438,118000
2012-09-04 00:00:00+09:00,655.5809506757544,659.3616943359375,648.0194633553881,659.3616943359375,88000
2012-09-05 00:00:00+09:00,659.3617375603734,660.1178863419793,654.8248448707378,655.5809936523438,50000
2012-09-06 00:00:00+09:00,649.5317114681178,654.068603515625,649.5317114681178,654.068603515625,40000
2012-09-07 00:00:00+09:00,665.410833634393,668.4354283327312,651.0440088172869,654.068603515625,52000
2012-09-10 00:00:00+09:00,654.068553288056,666.1669311523438,649.531661588948,666.1669311523438,47000
2012-09-11 00:00:00+09:00,655.5810564393702,659.3618007094934,655.5810564393702,658.6056518554688,54000
2012-09-12 00:00:00+09:00,659.3615784840462,683.5583336577727,658.6054298848672,682.8021850585938,99000
2012-09-13 00:00:00+09:00,687.3391111316599,709.2674216078075,687.3391111316599,704.7305297851562,186000
2012-09-14 00:00:00+09:00,703.21843950846,722.122161000623,699.4376952100275,720.60986328125,962000
2012-09-18 00:00:00+09:00,741.0257987443082,761.4418156484882,734.9766085504772,757.6610717773438,212000
2012-09-19 00:00:00+09:00,762.1978308504708,771.2716145510716,747.0748580161361,762.9539794921875,207000
2012-09-20 00:00:00+09:00,759.173307792468,761.4417539312901,734.9765489783655,737.2449951171875,140000
2012-09-21 00:00:00+09:00,729.6835236471208,740.2696058554728,725.9027800012808,738.0011596679688,136000
2012-09-24 00:00:00+09:00,739.5134685504547,745.5626584772479,731.9519811419634,732.7081298828125,87000
2012-09-25 00:00:00+09:00,728.1711541445541,778.0769653320312,728.1711541445541,778.0769653320312,254000
2012-09-26 00:00:00+09:00,762.1979420105537,762.1979420105537,746.318818218667,747.8311157226562,177000
2012-09-27 00:00:00+09:00,745.5626852016256,750.8557265772964,738.0011975220959,748.5872802734375,98000
2012-09-28 00:00:00+09:00,768.2472127688003,769.759510431731,741.7820036675129,751.6119384765625,200000
2012-10-01 00:00:00+09:00,752.3679720383752,761.4417566257727,746.3187823134435,760.6856079101562,79000
2012-10-02 00:00:00+09:00,761.4417306938575,793.1999756681793,761.4417306938575,785.6384887695312,150000
2012-10-03 00:00:00+09:00,805.2983963181612,820.421370896906,801.5176526734749,819.6652221679688,176000
2012-10-04 00:00:00+09:00,821.1774972384094,833.275876571572,803.7860769469881,830.2512817382812,180000
2012-10-05 00:00:00+09:00,815.8843572904317,838.5688157878486,806.0544252748842,837.0565185546875,202000
2012-10-09 00:00:00+09:00,824.958200330202,826.4704976726955,795.4684021515787,799.2491455078125,187000
2012-10-10 00:00:00+09:00,780.3455893367442,780.3455893367442,769.0033569335938,769.0033569335938,176000
2012-10-11 00:00:00+09:00,764.4663606109917,786.3946736255504,763.7102118863519,772.7839965820312,156000
2012-10-12 00:00:00+09:00,772.7840238556149,786.3947013794907,763.7102388396977,768.2471313476562,135000
2012-10-15 00:00:00+09:00,764.4662038609601,784.1260666704409,762.9539067217694,782.61376953125,77000
2012-10-16 00:00:00+09:00,792.4437627377717,800.0052490234375,787.1507223378056,800.0052490234375,90000
2012-10-17 00:00:00+09:00,811.3476440313319,814.372239162856,790.1754781106634,793.2000732421875,102000
2012-10-18 00:00:00+09:00,806.0544751342317,812.1036644410551,805.2983264708787,807.5667724609375,116000
2012-10-19 00:00:00+09:00,799.2491490358562,800.0052977104408,780.3454321712428,784.88232421875,202000
2012-10-22 00:00:00+09:00,771.271637400942,792.443799996262,768.2470427444678,790.1753540039062,124000
2012-10-23 00:00:00+09:00,800.7615909084549,803.7861861526795,787.9070611205005,791.6878051757812,49000
2012-10-24 00:00:00+09:00,796.2246278453869,799.2492228229571,778.8332067243574,779.58935546875,78000
2012-10-25 00:00:00+09:00,746.3187976085724,802.2738037109375,744.0503514152333,802.2738037109375,219000
2012-10-26 00:00:00+09:00,793.2000328678165,805.2984127780977,777.3209092355723,779.58935546875,266000
2012-10-29 00:00:00+09:00,775.0524701095942,781.1016601202057,763.7102388396977,768.2471313476562,130000
2012-10-30 00:00:00+09:00,770.515525157416,782.6139043551772,759.929443359375,759.929443359375,229000
2012-10-31 00:00:00+09:00,769.7592959585777,778.8330794079911,765.9785528546554,773.5400390625,85000
2012-11-01 00:00:00+09:00,774.2961165048544,781.1014534663228,769.7592251972087,778.8330078125,98000
2012-11-02 00:00:00+09:00,784.8822683742668,784.8822683742668,771.2715932001466,773.5400390625,120000
2012-11-05 00:00:00+09:00,772.7840238556149,773.5401726069413,763.7102388396977,768.2471313476562,93000
2012-11-06 00:00:00+09:00,757.6609972597947,766.7347816581156,754.6364024603545,759.929443359375,62000
2012-11-07 00:00:00+09:00,764.4662952310234,770.5154845107942,761.4417005911381,766.7347412109375,78000
2012-11-08 00:00:00+09:00,760.6856373334786,762.9540835680715,756.1487448642929,759.17333984375,76000
2012-11-09 00:00:00+09:00,750.0995598032995,750.8557085531012,736.4888823068686,744.8065185546875,132000
2012-11-12 00:00:00+09:00,733.4643779081457,737.2451221241671,719.8536987304688,719.8536987304688,132000
2012-11-13 00:00:00+09:00,729.6833798174442,747.0747971602434,729.6833798174442,745.5625,273000
2012-11-14 00:00:00+09:00,744.0504170755643,771.2717737978411,743.2942682777233,770.515625,195000
2012-11-15 00:00:00+09:00,775.8085558012888,788.6630835289905,775.8085558012888,785.6384887695312,123000
2012-11-16 00:00:00+09:00,793.9561048090853,803.0298888640463,786.3946180966178,799.2491455078125,212000
2012-11-19 00:00:00+09:00,831.7635296882315,831.7635296882315,791.6876505305258,807.5667724609375,181000
2012-11-20 00:00:00+09:00,812.1036547780385,812.1036547780385,777.3208166776756,778.0769653320312,300000
2012-11-21 00:00:00+09:00,787.150646130792,791.687537462958,762.1977438038792,767.4907836914062,298000
2012-11-22 00:00:00+09:00,784.8823400796664,788.6630835289905,777.3208531810184,785.6384887695312,279000
2012-11-26 00:00:00+09:00,793.9561998521959,794.71234861396,778.833224616916,783.3701171875,259000
2012-11-27 00:00:00+09:00,791.6876469899917,793.1999443099344,766.7347412109375,766.7347412109375,344000
2012-11-28 00:00:00+09:00,761.4417679398148,770.5155526620371,755.392578125,755.392578125,201000
2012-11-29 00:00:00+09:00,758.4170876418871,765.9785740590545,754.6363444333034,762.9539794921875,168000
2012-11-30 00:00:00+09:00,769.0032528977897,770.5155503469496,752.3679809570312,752.3679809570312,229000
2012-12-03 00:00:00+09:00,762.9541738957876,762.9541738957876,729.6836251827899,731.1959228515625,321000
2012-12-04 00:00:00+09:00,730.4396944267805,750.8557107306347,727.4150994188021,747.8311157226562,221000
2012-12-05 00:00:00+09:00,741.7818099693596,744.8064045054223,734.2203236292031,736.48876953125,207000
2012-12-06 00:00:00+09:00,741.7819192001983,743.2942166909224,734.9765804919396,738.75732421875,282000
2012-12-07 00:00:00+09:00,739.513560029812,739.513560029812,730.4397740171762,731.1959228515625,191000
2012-12-10 00:00:00+09:00,731.9517641469595,732.7079126636402,696.4127838629645,699.4373779296875,600000
2012-12-11 00:00:00+09:00,680.5338518729742,680.5338518729742,666.1670261112115,670.7039184570312,662000
2012-12-12 00:00:00+09:00,680.5337790674811,684.3145222845227,668.4354007729481,675.9968872070312,436000
2012-12-13 00:00:00+09:00,690.3635509621347,690.3635509621347,682.8020662856601,685.82666015625,344000
2012-12-14 00:00:00+09:00,680.5337492952642,682.8021951262484,659.3615882060782,660.1177368164062,1989000
2012-12-17 00:00:00+09:00,675.2408085063792,675.2408085063792,659.3616853500141,667.6793212890625,485000
2012-12-18 00:00:00+09:00,667.6792834826879,682.8022570610046,666.1669861248562,677.5092163085938,237000
2012-12-19 00:00:00+09:00,684.3146935912678,689.6077354201504,674.4847587661998,678.2655029296875,528000
2012-12-20 00:00:00+09:00,681.289930733817,681.289930733817,656.3370253906251,661.6300659179688,821000
2012-12-21 00:00:00+09:00,660.8739040798611,664.6546472382128,646.507080078125,646.507080078125,674000
2012-12-25 00:00:00+09:00,652.5562293441207,660.1177151997883,649.5316350018536,653.3123779296875,223000
2012-12-26 00:00:00+09:00,655.580866324055,656.3370149588002,645.750934072368,649.5316772460938,370000
2012-12-27 00:00:00+09:00,652.5563557476079,668.4354791203771,651.0440582835346,659.3616943359375,647000
2012-12-28 00:00:00+09:00,668.4352454003583,706.9988172503789,660.8737607238836,685.82666015625,645000
2013-01-04 00:00:00+09:00,708.5113570601852,708.5113570601852,684.314597800926,694.14453125,936000
2013-01-07 00:00:00+09:00,696.4129169485423,696.4129169485423,676.7530517578125,676.7530517578125,491000
2013-01-08 00:00:00+09:00,674.4845576138162,674.4845576138162,656.3369910412472,657.0931396484375,521000
2013-01-09 00:00:00+09:00,648.0194226159982,657.0932068299912,642.7263818245024,645.7509765625,570000
2013-01-10 00:00:00+09:00,649.5316002052148,654.824640020624,648.0193031150978,648.7754516601562,330000
2013-01-11 00:00:00+09:00,658.6055932455505,687.3392471414528,656.3371468853477,685.07080078125,543000
2013-01-15 00:00:00+09:00,696.4129058770224,703.9743923686297,661.6300680156293,682.0460815429688,549000
2013-01-16 00:00:00+09:00,693.3884414906576,699.4376318199108,681.290060832151,691.1199951171875,270000
2013-01-17 00:00:00+09:00,699.4375076212522,716.0727780727847,699.4375076212522,708.5112915039062,685000
2013-01-18 00:00:00+09:00,722.1219835098365,725.9027268789979,706.2428613593584,709.2674560546875,416000
2013-01-21 00:00:00+09:00,712.2922597117239,712.2922597117239,696.4131329028638,698.6815795898438,283000
2013-01-22 00:00:00+09:00,697.1690301727831,700.9497732865183,688.0952466998184,689.6075439453125,252000
2013-01-23 00:00:00+09:00,684.3146289327871,700.9499016803244,683.5584801715354,695.6568603515625,226000
2013-01-24 00:00:00+09:00,686.5830983547186,693.388437435327,683.5585032077814,685.07080078125,321000
2013-01-25 00:00:00+09:00,694.9006238900303,701.7059618824244,694.1444752242086,700.1936645507812,122000
2013-01-28 00:00:00+09:00,707.7551266985466,756.1486396351994,700.1936403021947,725.1465454101562,1037000
2013-01-29 00:00:00+09:00,736.4887723433409,736.4887723433409,709.2674214148396,722.1219482421875,495000
2013-01-30 00:00:00+09:00,719.8535511363636,725.9027406417111,706.9990234375,706.9990234375,580000
2013-01-31 00:00:00+09:00,684.3145954944907,686.5830416674007,656.3370926952684,670.7039184570312,1469000
2013-02-01 00:00:00+09:00,680.5338334064095,681.2899821101944,663.1424132193567,666.9231567382812,517000
2013-02-04 00:00:00+09:00,669.9476875878684,672.9722821142244,659.3616067456221,663.8984985351562,423000
2013-02-05 00:00:00+09:00,660.8740984175427,665.4109915416906,657.0933541474194,658.6056518554688,647000
2013-02-06 00:00:00+09:00,664.6545570373535,672.9721908569336,655.5807746887207,665.4107055664062,432000
2013-02-07 00:00:00+09:00,667.6792495556092,675.9968846010358,663.1423577126492,672.9722900390625,302000
2013-02-08 00:00:00+09:00,673.7286289359618,673.7286289359618,658.6056518554688,658.6056518554688,427000
2013-02-12 00:00:00+09:00,661.6300767467868,666.166968701622,655.5808874736733,656.3370361328125,297000
2013-02-13 00:00:00+09:00,652.5564610232716,662.386396125592,650.2880144611976,658.6056518554688,158000
2013-02-14 00:00:00+09:00,657.8494836227524,657.8494836227524,651.0441441369998,651.80029296875,132000
2013-02-15 00:00:00+09:00,650.2880801521771,650.2880801521771,630.6282079615299,638.189697265625,386000
2013-02-18 00:00:00+09:00,644.2386212733222,666.1669311523438,643.4824726568042,666.1669311523438,274000
2013-02-19 00:00:00+09:00,659.3616307693693,666.166968701622,656.3370361328125,656.3370361328125,237000
2013-02-20 00:00:00+09:00,659.361818078446,666.1671579439346,659.361818078446,662.3864135742188,219000
2013-02-21 00:00:00+09:00,660.8739850410883,676.7531082514577,660.8739850410883,670.7039184570312,303000
2013-02-22 00:00:00+09:00,664.6546549936359,679.0214791630091,664.6546549936359,672.9722900390625,296000
2013-02-25 00:00:00+09:00,684.3146204315456,686.5830666871198,678.265430416681,683.5584716796875,287000
2013-02-26 00:00:00+09:00,679.021641668244,690.3638739900966,678.2654928467872,686.5831298828125,191000
2013-02-27 00:00:00+09:00,680.5338541666666,682.0461516203703,672.2162181712963,673.728515625,196000
2013-02-28 00:00:00+09:00,676.7529327426524,684.3144180246933,674.4844871580402,679.7775268554688,163000
2013-03-01 00:00:00+09:00,679.7775906618779,688.8513738520253,675.9968476659832,682.8021850585938,170000
2013-03-04 00:00:00+09:00,688.0952677276313,697.9252001237403,688.0952677276313,696.4129028320312,153000
2013-03-05 00:00:00+09:00,702.4619719964105,703.9742690297719,699.4373779296875,699.4373779296875,120000
2013-03-06 00:00:00+09:00,703.9744646990741,704.730613425926,693.3883825231482,694.14453125,262000
2013-03-07 00:00:00+09:00,700.1936274982539,733.4641670338082,699.4374788724459,727.4149780273438,607000
2013-03-08 00:00:00+09:00,748.5871117620478,781.8576500625833,748.5871117620478,781.1015014648438,3539000
2013-03-11 00:00:00+09:00,803.7860052501558,816.6405321450313,798.4929647640306,815.1282348632812,784000
2013-03-12 00:00:00+09:00,812.859821590254,812.859821590254,795.4684021515787,799.2491455078125,571000
2013-03-13 00:00:00+09:00,793.9560754462224,821.1774266043785,787.1507376566833,818.15283203125,512000
2013-03-14 00:00:00+09:00,820.4212756405509,820.4212756405509,786.3945867890994,797.73681640625,489000
2013-03-15 00:00:00+09:00,800.0053148681183,811.3475452301426,800.0053148681183,806.0545043945312,439000
2013-03-18 00:00:00+09:00,796.9806994940723,806.0544835490333,793.1999561378385,799.2491455078125,383000
2013-03-19 00:00:00+09:00,805.2984895787225,820.4214659088394,798.4931502301699,800.7615966796875,335000
2013-03-21 00:00:00+09:00,801.5176504629629,809.0791377314815,793.9561631944445,796.224609375,437000
2013-03-22 00:00:00+09:00,791.6876622900108,801.5175950596099,784.88232421875,784.88232421875,439000
2013-03-25 00:00:00+09:00,784.1261755441654,796.224554337518,772.7839454253974,784.88232421875,444000
2013-03-26 00:00:00+09:00,778.8331819473839,793.2000076337919,722.8781766424262,787.1508178710938,486000
2013-03-27 00:00:00+09:00,771.8811626976081,782.5699226162693,763.4828513329456,779.5159912109375,359000
2013-03-28 00:00:00+09:00,790.204783161794,792.4952318086398,774.9351255161555,775.6986083984375,202000
2013-03-29 00:00:00+09:00,776.4620695742304,777.989035296107,762.7193780773414,765.0098266601562,456000
2013-04-01 00:00:00+09:00,766.5367763662001,768.8272249011588,754.32105084642,755.0845336914062,255000
2013-04-02 00:00:00+09:00,745.1593627929688,752.7941923297819,736.7610503024742,745.1593627929688,317000
2013-04-03 00:00:00+09:00,745.159231705402,759.6654052734375,742.8687832472912,759.6654052734375,264000
2013-04-04 00:00:00+09:00,748.2131078276435,771.1175907203265,737.5243491443915,768.0636596679688,443000
2013-04-05 00:00:00+09:00,794.785572641445,801.6569176498725,774.9350203948767,785.623779296875,832000
2013-04-08 00:00:00+09:00,807.7647515955105,818.4535101232394,806.2377860915492,813.109130859375,888000
2013-04-09 00:00:00+09:00,821.5074967692669,821.5074967692669,805.4743578917997,812.345703125,283000
2013-04-10 00:00:00+09:00,820.7441310689907,907.0177001953125,819.9806481563684,907.0177001953125,1066000
2013-04-11 00:00:00+09:00,923.8141768551361,935.2664187169765,892.5113824327719,896.3287963867188,676000
2013-04-12 00:00:00+09:00,881.8225907525194,886.4034873278572,866.5529355013936,868.8433837890625,563000
2013-04-15 00:00:00+09:00,867.3163874535214,893.2748004582924,862.7354910409148,872.6607666015625,343000
2013-04-16 00:00:00+09:00,851.2832506925578,874.951215510019,847.465837012322,865.0259399414062,479000
2013-04-17 00:00:00+09:00,871.1339068117395,873.4243552959072,858.9181815628457,862.735595703125,320000
2013-04-18 00:00:00+09:00,874.9513549804689,904.7271864326838,870.3704578339742,874.9513549804688,531000
2013-04-19 00:00:00+09:00,874.9513726695088,887.9305815136464,873.4244069231397,877.2418212890625,269000
2013-04-22 00:00:00+09:00,891.7479621389067,897.8558248932828,883.3496508516396,888.6940307617188,230000
2013-04-23 00:00:00+09:00,894.8017659291612,894.8017659291612,861.2085255700459,872.6607666015625,185000
2013-04-24 00:00:00+09:00,889.4574418547544,918.4697875976562,884.1130623757988,918.4697875976562,448000
2013-04-25 00:00:00+09:00,873.4243357313654,889.4574747613992,832.1962639398499,868.0799560546875,1038000
2013-04-26 00:00:00+09:00,845.1754713881072,853.573782305243,804.7108824237264,805.474365234375,647000
2013-04-30 00:00:00+09:00,823.0345717472817,829.9059178935947,810.8188452649472,818.4536743164062,319000
2013-05-01 00:00:00+09:00,813.1091887375404,816.1631199628457,797.0760498046875,797.0760498046875,243000
2013-05-02 00:00:00+09:00,797.0761205499823,813.8727437799628,797.0761205499823,806.2379150390625,159000
2013-05-07 00:00:00+09:00,837.5406946273748,838.3041774848291,825.3249689081059,827.6154174804688,264000
2013-05-08 00:00:00+09:00,830.6691955061983,839.8309881036931,827.6152646403667,831.4326782226562,267000
2013-05-09 00:00:00+09:00,836.7770327800979,842.1214116390948,827.6152404503888,828.3787231445312,131000
2013-05-10 00:00:00+09:00,847.4657655445984,852.0466615745693,824.5612853947445,825.3247680664062,539000
2013-05-13 00:00:00+09:00,834.4867869545432,836.7772355921129,825.3249924042645,830.6693725585938,249000
2013-05-14 00:00:00+09:00,829.1422300732826,836.7770572378615,828.3787473568246,831.4326782226562,154000
2013-05-15 00:00:00+09:00,843.648409301862,905.4905098932202,835.2500993450109,894.0382690429688,942000
2013-05-16 00:00:00+09:00,907.0175918431738,907.0175918431738,848.2294145940792,869.60693359375,356000
2013-05-17 00:00:00+09:00,865.0261194565717,865.0261194565717,851.2834273557612,856.6278076171875,252000
2013-05-20 00:00:00+09:00,865.7894679713893,871.1338474033115,847.4658813476562,847.4658813476562,281000
2013-05-21 00:00:00+09:00,847.4658363322261,881.0590766913414,847.4658363322261,872.6607666015625,277000
2013-05-22 00:00:00+09:00,887.1671150133316,890.2210465624308,863.4991455078124,863.4991455078125,313000
2013-05-23 00:00:00+09:00,848.9928487239833,855.8641937226487,793.2586059570312,793.2586059570312,577000
2013-05-24 00:00:00+09:00,816.163135074519,834.4867227656214,792.4951676401785,814.6361694335938,727000
2013-05-27 00:00:00+09:00,794.7855644517273,808.5282543269732,793.2585989100332,800.1299438476562,227000
2013-05-28 00:00:00+09:00,783.3334431606056,787.9143404890302,768.0637853991902,776.4620971679688,364000
2013-05-29 00:00:00+09:00,790.2046568881591,807.7647603745626,786.387243086767,790.9681396484375,331000
2013-05-30 00:00:00+09:00,768.0636776337184,791.7316438431073,768.0636776337184,770.3541259765625,476000
2013-05-31 00:00:00+09:00,771.8809936161927,790.2045780343813,768.0635801957367,773.407958984375,217000
2013-06-03 00:00:00+09:00,767.3002531847008,774.1715987356085,754.321044921875,754.321044921875,337000
2013-06-04 00:00:00+09:00,746.6862688896769,763.4828925252319,733.7070597167478,761.1924438476562,284000
2013-06-05 00:00:00+09:00,763.4828444064783,766.5367757841042,731.4165649414062,731.4165649414062,221000
2013-06-06 00:00:00+09:00,725.3087437893134,739.8149186650998,708.5121202489294,713.093017578125,299000
2013-06-07 00:00:00+09:00,694.005832415086,728.3625567920706,693.2423496511531,713.8563842773438,317000
2013-06-10 00:00:00+09:00,723.0181910977042,746.6861572265625,714.6198805358513,746.6861572265625,206000
2013-06-11 00:00:00+09:00,742.1052445496564,751.2670376922447,729.1260375976562,729.1260375976562,297000
2013-06-12 00:00:00+09:00,725.3086368033098,725.3086368033098,708.5120157404963,723.0181884765625,228000
2013-06-13 00:00:00+09:00,705.4580857186332,723.7816723606757,694.7693268441085,715.3833618164062,263000
2013-06-14 00:00:00+09:00,726.8357051313548,751.2671574046776,726.8357051313548,728.3626708984375,2517000
2013-06-17 00:00:00+09:00,739.814806927039,788.6777043917763,739.814806927039,784.8602905273438,262000
2013-06-18 00:00:00+09:00,790.2045955621489,800.8933533765162,785.6236993559916,798.6029052734375,210000
2013-06-19 00:00:00+09:00,815.3997892540873,846.7025901524183,815.3997892540873,840.5947265625,379000
2013-06-20 00:00:00+09:00,826.0884517655602,840.594626057192,826.0884517655602,827.6154174804688,322000
2013-06-21 00:00:00+09:00,809.2918213113992,846.7024809757941,806.2378899102241,834.4867553710938,266000
2013-06-24 00:00:00+09:00,836.0138317076685,842.1216953183182,820.7441726810445,832.9598999023438,145000
2013-06-25 00:00:00+09:00,826.8518945609954,826.8518945609954,809.2917896903556,814.6361694335938,199000
2013-06-26 00:00:00+09:00,826.0884247381036,853.5738067072087,823.7979762406783,839.8311157226562,219000
2013-06-27 00:00:00+09:00,838.3040711395068,851.2832780697179,833.723174575903,837.5405883789062,202000
2013-06-28 00:00:00+09:00,856.6276452406397,894.0382999793129,856.6276452406397,890.2208862304688,478000
2013-07-01 00:00:00+09:00,905.4906093724895,905.4906093724895,874.1878142761386,890.9844360351562,170000
2013-07-02 00:00:00+09:00,896.3287482286195,898.619196477926,879.532127733705,890.2208862304688,222000
2013-07-03 00:00:00+09:00,885.6401660575375,897.0924095841436,885.6401660575375,889.4575805664062,181000
2013-07-04 00:00:00+09:00,887.9306555217444,906.2542460054261,887.9306555217444,894.802001953125,116000
2013-07-05 00:00:00+09:00,903.2002287571186,919.9968517771157,903.2002287571186,915.4159545898438,199000
2013-07-08 00:00:00+09:00,923.8141448948725,935.2663863605114,890.2209032623316,900.1461791992188,194000
2013-07-09 00:00:00+09:00,916.9428386186299,929.9220461594431,916.9428386186299,928.3950805664062,224000
2013-07-10 00:00:00+09:00,934.502862613706,938.3202762681738,915.4157943413672,933.7393798828125,330000
2013-07-11 00:00:00+09:00,931.44873046875,935.26614329854,920.7599745453381,931.44873046875,136000
2013-07-12 00:00:00+09:00,929.158392243038,946.7184933289788,920.7600830280229,922.2870483398438,385000
2013-07-16 00:00:00+09:00,931.4490398670891,971.150146484375,917.7063491149518,971.150146484375,20061000
2013-07-17 00:00:00+09:00,964.2788007502365,1046.734945232442,959.6979038345585,1033.7557373046875,22948000
2013-07-18 00:00:00+09:00,1013.1417770911906,1013.1417770911906,979.5485305259967,996.3451538085938,121092000
2013-07-19 00:00:00+09:00,1011.6147778988944,1049.7889204611167,984.8928781053387,1031.46533203125,19367000
2013-07-22 00:00:00+09:00,1041.3904453264013,1091.0168228529526,1026.120790702847,1072.6932373046875,22179000
2013-07-23 00:00:00+09:00,1068.8758614250091,1075.7472062484555,1045.9713786801874,1062.0045166015625,15978000
2013-07-24 00:00:00+09:00,1053.6064515814462,1101.705876544947,1049.7890369018032,1070.403076171875,16128000
2013-07-25 00:00:00+09:00,1070.40293280496,1074.9838298069785,1025.357445618446,1028.411376953125,10365000
2013-07-26 00:00:00+09:00,1012.3781377618964,1043.6809308601148,1001.6893791429925,1007.7972412109375,10263000
2013-07-29 00:00:00+09:00,989.4735781796328,1019.2494034489273,978.7848203906553,982.6022338867188,9515000
2013-07-30 00:00:00+09:00,974.9673466116943,1010.8510312559774,968.09600274364,997.871826171875,6659000
2013-07-31 00:00:00+09:00,990.2370305698659,994.8179266249307,948.2454833984374,948.2454833984375,9629000
2013-08-01 00:00:00+09:00,942.901352454876,996.3451538085938,926.8682120487607,996.3451538085938,12717000
2013-08-02 00:00:00+09:00,1000.9259747355973,1012.37821700946,987.1832840069621,1010.0877685546875,7642000
2013-08-05 00:00:00+09:00,993.2911317326473,1007.033822256235,983.3658552433894,992.5276489257812,4360000
2013-08-06 00:00:00+09:00,989.4736696230598,1042.9174635070215,988.710186853289,1032.9921875,10101000
2013-08-07 00:00:00+09:00,1011.6146630089985,1017.7225251252793,993.2910766601562,993.2910766601562,6618000
2013-08-08 00:00:00+09:00,984.8926888354569,1005.5067218575944,961.9882076997486,968.0960693359375,6838000
2013-08-09 00:00:00+09:00,973.4405964943572,983.3658731644958,960.4613885410992,963.5153198242188,4617000
2013-08-12 00:00:00+09:00,961.2249264104579,961.9884092749619,934.5030261528201,939.0839233398438,6065000
2013-08-13 00:00:00+09:00,961.224793408946,965.0422072032627,948.2455865082692,953.5899658203125,4122000
2013-08-14 00:00:00+09:00,966.5694406106182,983.3660659608818,945.9554004080221,964.2789916992188,4971000
2013-08-15 00:00:00+09:00,948.2456842996987,955.1170298381024,940.6108559236948,950.5361328125,3618000
2013-08-16 00:00:00+09:00,940.610521260246,942.9009689581198,924.5773873751281,931.44873046875,4560000
2013-08-19 00:00:00+09:00,926.8679565429687,948.2454711914062,924.5775085449219,946.718505859375,3613000
2013-08-20 00:00:00+09:00,936.029891599939,945.1916849924343,918.4697875976562,918.4697875976562,5553000
2013-08-21 00:00:00+09:00,917.7064478802896,940.6109349322104,916.942964978559,929.15869140625,6171000
2013-08-22 00:00:00+09:00,922.2872433496901,931.4490371577996,919.2333120803203,923.814208984375,3113000
2013-08-23 00:00:00+09:00,939.0837473912636,949.0090227701957,923.8140929621375,924.5775756835938,5768000
2013-08-26 00:00:00+09:00,932.21234740212,939.8471741621702,928.394934022095,932.975830078125,1975000
2013-08-27 00:00:00+09:00,942.1378233133539,957.407480093149,929.1586150505282,942.9013061523438,4300000
2013-08-28 00:00:00+09:00,925.3412318289329,928.3951632871142,910.8350574025718,915.4159545898438,5133000
2013-08-29 00:00:00+09:00,920.7603065903122,922.2872722728832,878.7687503196098,903.9636840820312,8878000
2013-08-30 00:00:00+09:00,895.5655664128365,896.329049419156,845.1756879957459,848.9931030273438,14455000
2013-09-02 00:00:00+09:00,862.735595703125,878.7687350922981,855.8642502506223,862.735595703125,8299000
2013-09-03 00:00:00+09:00,881.059091603374,910.8349187892766,881.059091603374,905.4905395507812,8537000
2013-09-04 00:00:00+09:00,901.6732591812096,937.5569536617488,897.8558448747692,930.6856079101562,9240000
2013-09-05 00:00:00+09:00,928.3948913323046,929.1583739732029,920.7600649233218,927.6314086914062,4993000
2013-09-06 00:00:00+09:00,926.8679878073906,929.1584358826972,900.9095762872495,904.7269897460938,6644000
2013-09-09 00:00:00+09:00,851.2833355364439,855.1007495971454,815.3996433658494,829.142333984375,21093000
2013-09-10 00:00:00+09:00,839.8309700551087,847.4657970556096,812.3455928533051,821.5073852539062,12787000
2013-09-11 00:00:00+09:00,829.9058389004794,842.1215642200817,818.4535964133522,839.8311157226562,10202000
2013-09-12 00:00:00+09:00,839.8312464643245,845.9391100749742,821.5076556323756,832.9598999023438,5967000
2013-09-13 00:00:00+09:00,828.3787660722152,838.3040416104076,820.7439387351441,826.0883178710938,5736000
2013-09-17 00:00:00+09:00,837.5405154742404,841.3579289449524,825.3247923679615,828.3787231445312,4182000
2013-09-18 00:00:00+09:00,836.777203921975,844.4120324249127,832.9597896705062,834.4867553710938,6302000
2013-09-19 00:00:00+09:00,844.4120660064671,846.7025146484375,835.250271438585,846.7025146484375,4836000
2013-09-20 00:00:00+09:00,876.4781369535981,895.5652043959674,866.552861883566,882.5859985351562,14936000
2013-09-24 00:00:00+09:00,882.5858392068615,895.5650427246094,872.6605659285837,878.0049438476562,8451000
2013-09-25 00:00:00+09:00,879.5322875976562,884.8766678174337,872.6609416007996,879.5322875976562,4364000
2013-09-26 00:00:00+09:00,887.9305755402569,891.7479898804987,868.8435038390476,876.4783325195312,5738000
2013-09-27 00:00:00+09:00,878.0053240614054,880.29577273287,871.1339780470119,871.8974609375,5341000
2013-09-30 00:00:00+09:00,864.2626448611579,864.2626448611579,848.9929868247417,849.7564697265625,4944000
2013-10-01 00:00:00+09:00,850.5198542937277,858.918165242768,849.7563714801786,852.810302734375,4785000
2013-10-02 00:00:00+09:00,858.1548763440087,858.1548763440087,826.0885909290191,829.906005859375,6973000
2013-10-03 00:00:00+09:00,821.5074029087035,839.8309881036931,819.2169547593298,831.4326782226562,5488000
2013-10-04 00:00:00+09:00,820.7440988056436,842.8851024013308,817.690167275204,839.0676879882812,4721000
2013-10-07 00:00:00+09:00,833.7231330023872,836.0135811699761,814.6360649391456,824.5613403320312,4759000
2013-10-08 00:00:00+09:00,823.7981419708055,834.486903775802,816.1633121100937,829.906005859375,4631000
2013-10-09 00:00:00+09:00,828.3788732355291,843.648529885032,819.2170792458274,839.8311157226562,4634000
2013-10-10 00:00:00+09:00,847.4659098307292,869.606911078559,845.1754614257814,858.9181518554688,9560000
2013-10-11 00:00:00+09:00,867.3165635945709,881.8227385138463,866.5530807040827,871.8974609375,6687000
2013-10-15 00:00:00+09:00,872.6609162920433,873.4243991584406,853.5738446321124,860.4451904296875,4681000
2013-10-16 00:00:00+09:00,858.9180959782129,867.31640625,857.3911304742517,867.31640625,3989000
2013-10-17 00:00:00+09:00,878.768718449357,899.3827544164575,878.0052356357606,884.1130981445312,10295000
2013-10-18 00:00:00+09:00,890.2211422375627,895.5655230228654,871.8975509736678,875.7149658203125,4893000
2013-10-21 00:00:00+09:00,879.532127733705,890.2208862304688,878.7686449839362,890.2208862304688,3697000
2013-10-22 00:00:00+09:00,889.4574718425886,889.4574718425886,881.8226437581028,883.349609375,2662000
2013-10-23 00:00:00+09:00,891.7479958795692,907.0176533432605,877.2418212890625,877.2418212890625,6413000
2013-10-24 00:00:00+09:00,872.6608500567199,884.8765749918971,867.3164703975799,883.349609375,3844000
2013-10-25 00:00:00+09:00,880.2958757657532,883.3498076851487,858.9183523299847,861.2088012695312,5101000
2013-10-28 00:00:00+09:00,871.1336674694389,884.8763545986676,867.3162543779865,878.7684936523438,3721000
2013-10-29 00:00:00+09:00,871.8973820580004,876.4782789865013,865.789519486666,869.60693359375,3171000
2013-10-30 00:00:00+09:00,878.0053286628927,881.0592602408506,850.5199444612717,856.6278076171875,11262000
2013-10-31 00:00:00+09:00,851.2833702239714,865.7895442457252,839.0676447319682,841.3580932617188,10282000
2013-11-01 00:00:00+09:00,839.0677289359178,846.7025581346066,826.8520022180154,844.412109375,6538000
2013-11-05 00:00:00+09:00,851.2832659922578,890.9843689802376,848.9928177429513,890.2208862304688,10914000
2013-11-06 00:00:00+09:00,890.2208713265353,921.5236635429915,887.1669403785884,919.2332153320312,11619000
2013-11-07 00:00:00+09:00,912.3621040702667,916.1795187316485,900.9098600861211,910.0716552734375,6944000
2013-11-08 00:00:00+09:00,900.9095162599666,931.4488218958977,900.9095162599666,927.6314086914062,7737000
2013-11-11 00:00:00+09:00,925.34117461906,933.739485609827,916.9428636282929,923.814208984375,5562000
2013-11-12 00:00:00+09:00,923.8140918722393,939.8472290039062,921.5236437105725,939.8472290039062,5145000
2013-11-13 00:00:00+09:00,939.8472219726563,964.2786688476563,935.2663256835937,954.3533935546875,7189000
2013-11-14 00:00:00+09:00,950.5360597961868,964.2787498173366,945.9551631224703,949.0090942382812,5784000
2013-11-15 00:00:00+09:00,960.4611762235797,1006.2701353439413,958.9342109195677,997.871826171875,15475000
2013-11-18 00:00:00+09:00,992.5274901594853,1003.9797304305563,987.9465940510569,995.5814208984375,6093000
2013-11-19 00:00:00+09:00,991.7641231042096,999.3989508417324,987.1832264616959,994.8180541992188,5900000
2013-11-20 00:00:00+09:00,994.8181330401902,1000.9259957142665,991.764201703152,997.1085815429688,4904000
2013-11-21 00:00:00+09:00,997.1085457669772,1002.4529254150391,981.0754068227915,992.5276489257812,8249000
2013-11-22 00:00:00+09:00,1015.4321496419751,1034.5192201239672,1009.3242870877376,1033.7557373046875,10815000
2013-11-25 00:00:00+09:00,1040.6267952403039,1053.605999582993,1037.57286480673,1051.3155517578125,6938000
2013-11-26 00:00:00+09:00,1049.025650739138,1074.22058994903,1026.8846435546875,1026.8846435546875,12120000
2013-11-27 00:00:00+09:00,1023.8303862338207,1030.7017311078732,999.3989377927452,1000.9259033203125,7365000
2013-11-28 00:00:00+09:00,1010.8512119246117,1021.5399709630894,979.5484175976411,989.4736938476562,9247000
2013-11-29 00:00:00+09:00,990.2372770752511,1007.0339001251011,990.2372770752511,1002.4530029296875,6832000
2013-12-02 00:00:00+09:00,1003.9799134880077,1013.1417073753507,998.635533720391,1003.2164306640625,4019000
2013-12-03 00:00:00+09:00,1010.0878946717927,1013.1418263261291,976.4946464740914,978.7850952148438,7670000
2013-12-04 00:00:00+09:00,967.3327535074545,969.6232020161541,955.8805109639567,958.1709594726562,8584000
2013-12-05 00:00:00+09:00,959.6979921668958,974.2041670683842,956.6440606086876,958.9345092773438,4902000
2013-12-06 00:00:00+09:00,955.1171960536204,966.5694406106182,952.0632641717543,964.2789916992188,4768000
2013-12-09 00:00:00+09:00,974.9674072265625,976.4943726255077,965.0421321334181,974.9674072265625,3494000
2013-12-10 00:00:00+09:00,972.6770311212059,987.183203484866,968.0961345853133,984.1292724609375,4050000
2013-12-11 00:00:00+09:00,984.8928372365124,986.4198028756388,965.8057667474327,971.150146484375,4906000
2013-12-12 00:00:00+09:00,954.3535127414493,974.2040658064715,952.0630643108698,969.6231689453125,7863000
2013-12-13 00:00:00+09:00,965.042506862331,968.859921842008,954.3537449192356,960.4616088867188,7669000
2013-12-16 00:00:00+09:00,961.2248175667461,971.1500936814147,955.8804381203861,956.6439208984375,4155000
2013-12-17 00:00:00+09:00,961.9883052005043,970.3866158014611,961.2248224185992,965.042236328125,4154000
2013-12-18 00:00:00+09:00,966.5691915703844,995.581536972971,966.5691915703844,994.8180541992188,7644000
2013-12-19 00:00:00+09:00,1016.1958322803877,1061.241327475386,1013.9053833721673,1044.4447021484375,17908000
2013-12-20 00:00:00+09:00,1038.3366546852321,1055.896759874762,1035.2827233479227,1052.079345703125,11418000
2013-12-24 00:00:00+09:00,1057.423553247246,1065.058380346504,1055.1331051174686,1061.240966796875,8189000
2013-12-25 00:00:00+09:00,1042.91762967562,1059.714253286794,1042.91762967562,1054.369873046875,7850000
2013-12-26 00:00:00+09:00,1057.4237533755552,1067.3490304830514,1055.1333048122867,1063.5316162109375,4938000
2013-12-27 00:00:00+09:00,1065.058695620375,1078.037905531161,1063.5317297485178,1070.403076171875,5910000
2013-12-30 00:00:00+09:00,1068.8759214958066,1085.672543119312,1067.3489558936697,1069.639404296875,7107000
2014-01-06 00:00:00+09:00,1068.8762813973028,1094.0712223159535,1062.7684169321753,1093.3077392578125,10130000
2014-01-07 00:00:00+09:00,1084.145876326651,1097.8885705336086,1073.457114165684,1092.544189453125,8879000
2014-01-08 00:00:00+09:00,1097.8882675411573,1225.389895273684,1097.8882675411573,1210.1202392578125,30305000
2014-01-09 00:00:00+09:00,1184.9254785282913,1185.6889614397141,1155.9131278942223,1177.2906494140625,18174000
2014-01-10 00:00:00+09:00,1168.8923568346013,1233.0249224610588,1162.7844934416055,1227.6805419921875,21241000
2014-01-14 00:00:00+09:00,1176.5267276493196,1202.8668782683342,1173.4727971427671,1183.3980712890625,14622000
2014-01-15 00:00:00+09:00,1202.4854242801666,1212.4107007980347,1165.4565080404282,1172.7095947265625,11868000
2014-01-16 00:00:00+09:00,1157.821745731916,1176.5270756168036,1140.6433815519172,1149.80517578125,16066000
2014-01-17 00:00:00+09:00,1152.8589483998912,1165.838155103731,1112.7761041674446,1118.1204833984375,16126000
2014-01-20 00:00:00+09:00,911.9804131989047,1053.606504993293,911.2169302242719,1049.4073486328125,107315000
2014-01-21 00:00:00+09:00,1030.7018847328666,1045.5898008456747,1012.760037109739,1024.2122802734375,32310000
2014-01-22 00:00:00+09:00,1030.7017019343248,1074.983700980392,1024.975581368023,1070.7845458984375,37108000
2014-01-23 00:00:00+09:00,1084.1459802290162,1102.4695742610559,1051.3162075882783,1057.424072265625,29971000
2014-01-24 00:00:00+09:00,1073.4563499608223,1075.7467973647217,1029.1743668187685,1035.2822265625,21895000
2014-01-27 00:00:00+09:00,1019.2495803487786,1033.3740127356343,1012.3782348632812,1012.3782348632812,14584000
2014-01-28 00:00:00+09:00,992.5276654321442,1000.5442350375577,965.8057667474327,971.150146484375,26017000
2014-01-29 00:00:00+09:00,960.8431021648905,983.7475861259129,934.1212042103643,983.3658447265625,24060000
2014-01-30 00:00:00+09:00,1030.7016492615367,1057.423543872021,929.921932444853,940.992431640625,59152000
2014-01-31 00:00:00+09:00,931.8305632163468,958.9341969682356,912.3617558734408,927.6314086914062,20040000
2014-02-03 00:00:00+09:00,915.0341425080804,946.3369375375601,913.5071768968863,918.0880737304688,18392000
2014-02-04 00:00:00+09:00,912.7435885389312,928.7767256023503,907.3992095177915,908.54443359375,31797000
2014-02-05 00:00:00+09:00,916.179445814659,926.4864645800739,864.6443519875844,873.0426635742188,32683000
2014-02-06 00:00:00+09:00,873.0426357744223,899.0010525792586,856.2460131359987,861.5903930664062,21016000
2014-02-07 00:00:00+09:00,877.6235627256548,878.0053041622471,861.590422388779,877.2418212890625,15762000
2014-02-10 00:00:00+09:00,882.9676186940927,926.1043851931988,873.8058275792383,924.1956787109375,16712000
2014-02-12 00:00:00+09:00,936.7931788734971,945.5732290422382,914.6521827958024,928.776611328125,15639000
2014-02-13 00:00:00+09:00,927.6315436564701,931.8306987923635,884.1130267935739,894.4200439453125,17113000
2014-02-14 00:00:00+09:00,894.8020309927916,910.4534317055495,883.3497865688224,898.6194458007812,12150000
2014-02-17 00:00:00+09:00,891.3661357955257,913.5071361707464,887.5487219377289,905.1088256835938,7487000
2014-02-18 00:00:00+09:00,909.6899553613399,954.7354504232947,906.6360234927328,951.6815185546875,11066000
2014-02-19 00:00:00+09:00,941.7559939088753,966.9509252416624,941.3742525250451,962.7517700195312,9537000
2014-02-20 00:00:00+09:00,951.6810779501438,964.2785410758377,932.5940126081834,934.8844604492188,9445000
2014-02-21 00:00:00+09:00,947.1006564578494,968.0964388460726,946.7189149598818,960.4616088867188,7045000
2014-02-24 00:00:00+09:00,950.5361311103244,976.4945475422529,947.100458347275,958.1709594726562,8320000
2014-02-25 00:00:00+09:00,964.2788343508257,973.4406285014275,959.697937275525,971.5319213867188,5029000
2014-02-26 00:00:00+09:00,967.3327162992038,1006.652080852802,966.9509748957707,992.5276489257812,11557000
2014-02-27 00:00:00+09:00,982.9840520365511,992.1458451429113,947.8638451288375,953.5899658203125,13278000
2014-02-28 00:00:00+09:00,953.5900350469651,969.6231741470342,944.0464998683526,958.5526733398438,9381000
2014-03-03 00:00:00+09:00,943.2829469604245,954.3534469449863,928.3950331880827,941.7559814453125,8849000
2014-03-04 00:00:00+09:00,942.5196000572414,966.187568952968,933.3578056459925,959.3162231445312,8121000
2014-03-05 00:00:00+09:00,974.5857285383493,982.9840387725224,958.1708494442838,959.6978149414062,5460000
2014-03-06 00:00:00+09:00,953.5900313604445,965.4240149361747,943.2830134073893,961.9883422851562,7853000
2014-03-07 00:00:00+09:00,969.6233388768563,971.5320462368502,956.2623873568997,963.897216796875,6968000
2014-03-10 00:00:00+09:00,957.025521850586,959.3159698486328,944.0463165283203,946.718505859375,6150000
2014-03-11 00:00:00+09:00,941.3742759492235,946.3369140625,935.26641365596,946.3369140625,7908000
2014-03-12 00:00:00+09:00,937.9384245954241,943.2828030831473,929.1583742227359,935.2662353515625,5240000
2014-03-13 00:00:00+09:00,937.9383880888378,943.6645076742396,932.5940098091293,938.3201293945312,4025000
2014-03-14 00:00:00+09:00,926.104542255802,937.5567830916116,906.6357328349258,909.3079223632812,10065000
2014-03-17 00:00:00+09:00,902.4367145799919,915.0341814078852,901.2914903229107,907.3993530273438,3833000
2014-03-18 00:00:00+09:00,913.1254177840849,914.6523833656637,890.9844168511933,896.3287963867188,7379000
2014-03-19 00:00:00+09:00,903.20035831657,909.6899635961058,892.5115966796875,892.5115966796875,6301000
2014-03-20 00:00:00+09:00,892.5114527846828,899.7645398689039,880.6774685946378,881.8226928710938,6623000
2014-03-24 00:00:00+09:00,882.5859328784079,949.3906639570072,882.5859328784079,927.6314086914062,15511000
2014-03-25 00:00:00+09:00,923.8140952536227,940.9924565289999,891.3660795112434,894.0382690429688,17514000
2014-03-26 00:00:00+09:00,904.7270281681419,938.7020093947093,904.7270281681419,921.1419067382812,10582000
2014-03-27 00:00:00+09:00,923.4515624792838,923.8364943519305,874.5652146531609,907.284423828125,13504000
2014-03-28 00:00:00+09:00,891.8871843116192,925.3762585606959,887.2680016565741,923.4515991210938,7595000
2014-03-31 00:00:00+09:00,933.0747530316452,950.0117534992163,926.1459801130933,943.8528442382812,6736000
2014-04-01 00:00:00+09:00,950.011685796039,950.7815493987911,927.3007095148533,935.38427734375,6239000
2014-04-02 00:00:00+09:00,930.7653029808388,937.3091450613492,913.8282999489294,930.38037109375,7392000
2014-04-03 00:00:00+09:00,938.0789382769404,940.0035975676194,922.2967320933727,924.6063232421875,6163000
2014-04-04 00:00:00+09:00,924.6065430301433,927.3010666776083,914.9832442891967,918.4476318359375,4198000
2014-04-07 00:00:00+09:00,911.1339111328125,922.2969375049508,903.8202041993425,911.1339111328125,6090000
2014-04-08 00:00:00+09:00,904.589948983028,912.6735187398976,892.6570602943157,893.0419921875,5477000
2014-04-09 00:00:00+09:00,883.803609653154,887.267996624791,857.6282414230084,870.3309936523438,8998000
2014-04-10 00:00:00+09:00,879.5694249990034,883.8036760602678,863.7872164979273,867.6365356445312,4438000
2014-04-11 00:00:00+09:00,860.7079289937191,865.7120448599616,852.2394252200778,856.0887451171875,4968000
2014-04-14 00:00:00+09:00,848.0049397049986,864.9419425860789,848.0049397049986,850.699462890625,4506000
2014-04-15 00:00:00+09:00,850.699607971893,852.6242677184357,831.4530105064655,837.2269897460938,6506000
2014-04-16 00:00:00+09:00,842.6161234038835,855.7038110218516,834.5325516398444,847.6202392578125,8695000
2014-04-17 00:00:00+09:00,856.0886520201242,875.335249412663,856.0886520201242,859.5530395507812,5756000
2014-04-18 00:00:00+09:00,866.8666787367864,867.2516106545204,845.310491343687,858.0132446289062,3955000
2014-04-21 00:00:00+09:00,861.0926262207031,873.0255146484375,859.5528986816406,866.0967407226562,3064000
2014-04-22 00:00:00+09:00,861.4776344661635,872.2557281949628,850.3146088184786,851.08447265625,2912000
2014-04-23 00:00:00+09:00,859.1679455089526,861.4775367603207,847.6199892521118,857.2432861328125,4275000
2014-04-24 00:00:00+09:00,861.8625645308061,864.1721560391513,844.5406282182173,846.8502197265625,6143000
2014-04-25 00:00:00+09:00,840.6914021639644,850.3147011814091,816.8256206007017,827.9886474609375,9764000
2014-04-28 00:00:00+09:00,827.9884620452596,832.2227126647379,819.1350289318049,823.7542114257812,3997000
2014-04-30 00:00:00+09:00,821.4445115982709,834.5321936012424,817.9801251857195,826.8335571289062,5700000
2014-05-01 00:00:00+09:00,822.5994660885075,836.8419463155897,821.829602292449,836.0720825195312,4428000
2014-05-02 00:00:00+09:00,846.0801936856377,860.7076037675549,841.4610115545058,844.5404663085938,6306000
2014-05-07 00:00:00+09:00,833.7625233615349,838.7666382293557,814.5159277160701,821.4447021484375,8235000
2014-05-08 00:00:00+09:00,812.5912600594233,821.4446939681712,775.2528648790519,815.6707153320312,17010000
2014-05-09 00:00:00+09:00,815.6708096103059,841.4612504993528,810.2817622603558,831.8379516601562,9099000
2014-05-12 00:00:00+09:00,821.8296632397359,840.6913276419593,820.2899355334318,824.9091186523438,5620000
2014-05-13 00:00:00+09:00,839.1515167471397,853.00906473012,834.5323340861463,849.544677734375,5405000
2014-05-14 00:00:00+09:00,860.7076351480245,867.6364085973378,853.0089979821208,859.1679077148438,5319000
2014-05-15 00:00:00+09:00,846.8500882493979,862.2473625812052,843.7706333830365,859.1679077148438,7105000
2014-05-16 00:00:00+09:00,851.854205383412,856.4733876990924,841.4610451731309,845.3103637695312,5417000
2014-05-19 00:00:00+09:00,839.151548015952,859.1680069594519,831.4529099607598,846.080322265625,8087000
2014-05-20 00:00:00+09:00,854.5488132106989,877.2597951834156,853.3940175171708,869.5611572265625,6205000
2014-05-21 00:00:00+09:00,858.0131648429674,869.9460531830894,858.0131648429674,864.5570068359375,4620000
2014-05-22 00:00:00+09:00,877.6447289837294,889.1926859440416,870.7159548075421,884.9584350585938,6558000
2014-05-23 00:00:00+09:00,891.5024748992262,913.4435979861241,888.8079510113614,892.2723388671875,7599000
2014-05-26 00:00:00+09:00,901.5104377067627,913.8282575217141,899.2008464914593,912.6734619140625,5884000
2014-05-27 00:00:00+09:00,907.6693620887766,919.2173183494481,905.744702711998,908.8241577148438,5855000
2014-05-28 00:00:00+09:00,909.5942477911977,916.5230232716216,901.8956083685046,904.2052001953125,4880000
2014-05-29 00:00:00+09:00,895.3516788854123,914.5982755940411,895.3516788854123,909.209228515625,4811000
2014-05-30 00:00:00+09:00,909.9792026205396,911.9038625245594,903.8202909276763,906.1298828125,4261000
2014-06-02 00:00:00+09:00,906.5147278064104,919.602413897883,903.0503403116088,911.1339111328125,4479000
2014-06-03 00:00:00+09:00,922.2969176017198,923.8366453439597,916.13800663276,917.677734375,3586000
2014-06-04 00:00:00+09:00,923.0669161691316,923.0669161691316,910.3641604420334,920.75732421875,4782000
2014-06-05 00:00:00+09:00,918.0624154996472,922.6815974644253,911.5185743828782,916.1377563476562,3055000
2014-06-06 00:00:00+09:00,913.4435627132603,916.1380864970753,899.9709437941857,906.8997192382812,5000000
2014-06-09 00:00:00+09:00,914.598269961296,924.991432119947,914.598269961296,923.0667724609375,5114000
2014-06-10 00:00:00+09:00,931.1503117002289,949.2421118862194,910.7489200011333,915.3681030273438,8699000
2014-06-11 00:00:00+09:00,913.443504287811,919.2174834552435,889.5777237290904,899.9708862304688,8106000
2014-06-12 00:00:00+09:00,885.3434951523827,886.498291015625,876.1051282464448,886.498291015625,6965000
2014-06-13 00:00:00+09:00,887.2680241291276,906.5146190126228,886.4981603337878,903.0502319335938,6922000
2014-06-16 00:00:00+09:00,909.9791289439046,932.3051820229005,901.5106260518716,918.4476318359375,8466000
2014-06-17 00:00:00+09:00,918.4475594418811,937.6941554067153,916.137967926101,930.765380859375,8000000
2014-06-18 00:00:00+09:00,926.9158098662884,953.8610368972852,926.9158098662884,950.01171875,6556000
2014-06-19 00:00:00+09:00,950.0117114710289,956.555552271275,938.4637571176534,955.4007568359375,7543000
2014-06-20 00:00:00+09:00,957.7105795311252,964.2544219153813,943.4680990477443,963.4845581054688,8002000
2014-06-23 00:00:00+09:00,969.6434753023876,969.6434753023876,952.3215394593517,953.8612670898438,4590000
2014-06-24 00:00:00+09:00,951.1669880432889,963.4848122510531,940.773823867988,958.0957641601562,5427000
2014-06-25 00:00:00+09:00,947.3173679161227,951.9365505309108,938.8488664556779,940.003662109375,6252000
2014-06-26 00:00:00+09:00,941.5431758631319,946.5472892262638,932.3048127311961,936.5390625,4024000
2014-06-27 00:00:00+09:00,942.6984267878106,942.6984267878106,918.0627798648136,927.3011474609375,4070000
2014-06-30 00:00:00+09:00,927.3010498550257,938.0791442493556,925.3763901417525,933.4599609375,4171000
2014-07-01 00:00:00+09:00,936.9243802744713,947.7024750352294,934.6147885400233,945.3928833007812,5261000
2014-07-02 00:00:00+09:00,953.4763556979552,964.639381259215,948.4722407911835,962.7147216796875,6086000
2014-07-03 00:00:00+09:00,974.6474491751432,991.1995188096342,966.5638802838802,982.7310180664062,9611000
2014-07-04 00:00:00+09:00,995.4337822654572,1000.8228282638007,983.5008946976965,985.8104858398438,5555000
2014-07-07 00:00:00+09:00,985.4255564735614,996.973512213486,980.4214423195941,990.0447387695312,3322000
2014-07-08 00:00:00+09:00,982.3461701682359,987.350284671444,973.107804931544,973.4927368164062,5713000
2014-07-09 00:00:00+09:00,968.4886495381133,974.6475598690394,958.4804202503586,972.722900390625,4770000
2014-07-10 00:00:00+09:00,974.2626772715863,975.0325411019077,956.9407410893574,958.48046875,4269000
2014-07-11 00:00:00+09:00,945.7777923621337,950.781907665637,936.924357594397,943.4682006835938,6831000
2014-07-14 00:00:00+09:00,943.8531821097196,960.7901886402366,942.6983862099116,960.0203247070312,3658000
2014-07-15 00:00:00+09:00,966.1790097321117,967.7187372376609,958.865304080753,964.6392822265625,3109000
2014-07-16 00:00:00+09:00,977.7270150345024,981.1914020956482,970.0283771208449,972.722900390625,4904000
2014-07-17 00:00:00+09:00,970.0284299425258,980.8065236085539,966.1791107760872,966.948974609375,3195000
2014-07-18 00:00:00+09:00,948.4719067314426,965.4089050659327,948.0869749511132,961.9445190429688,4349000
2014-07-22 00:00:00+09:00,974.6473205920576,1004.6720010842299,974.6473205920576,995.0487060546875,9600000
2014-07-23 00:00:00+09:00,1001.2076379740896,1008.1364105552252,999.6679107338373,1003.9021606445312,4942000
2014-07-24 00:00:00+09:00,986.5802495031899,989.6597040470937,966.178863149827,969.6432495117188,8677000
2014-07-25 00:00:00+09:00,967.3338081018248,981.9612194459829,962.7146255720907,980.0365600585938,4296000
2014-07-28 00:00:00+09:00,973.877835289075,978.881950648268,955.016169704425,957.710693359375,5801000
2014-07-29 00:00:00+09:00,956.5555964588686,962.3295739022823,952.3213463336986,955.015869140625,3865000
2014-07-30 00:00:00+09:00,953.8610472394777,965.0240699876395,945.3925472236308,948.85693359375,4329000
2014-07-31 00:00:00+09:00,903.8201387947396,914.2133005270472,872.2557216818058,887.26806640625,19822000
2014-08-01 00:00:00+09:00,885.3434289604558,886.4982247373606,870.3310838606915,873.7954711914062,12675000
2014-08-04 00:00:00+09:00,877.6447976840897,877.6447976840897,858.3982012436492,864.1721801757812,5761000
2014-08-05 00:00:00+09:00,863.787164088658,878.4145759582519,861.4775727408273,862.2474365234375,8117000
2014-08-06 00:00:00+09:00,866.0968238021127,867.636551488872,852.2392746212789,852.6242065429688,7775000
2014-08-07 00:00:00+09:00,852.6240571899139,857.2432394410556,844.5404882504158,853.3939208984375,8176000
2014-08-08 00:00:00+09:00,847.6200159598344,851.4693348334031,830.6830129161319,834.1473999023438,9000000
2014-08-11 00:00:00+09:00,846.080322265625,849.159777487702,841.0762075297501,846.080322265625,7360000
2014-08-12 00:00:00+09:00,846.8502241239883,848.3899518042136,836.4570622824666,844.1557006835938,6026000
2014-08-13 00:00:00+09:00,844.1555344643327,846.0801936856377,837.6116931118961,844.5404663085938,3484000
2014-08-14 00:00:00+09:00,854.5487670898438,862.2474046311937,846.8501295484939,854.5487670898438,7407000
2014-08-15 00:00:00+09:00,858.398296400126,875.7202351167205,856.0887045712467,869.1763916015625,5761000
2014-08-18 00:00:00+09:00,878.7994957685064,933.4598235824038,877.259768224453,903.820068359375,26526000
2014-08-19 00:00:00+09:00,900.355706591065,912.6735272883348,885.7282945130571,898.8159790039062,10662000
2014-08-20 00:00:00+09:00,896.8915226749555,902.2805704506848,888.8079510113614,892.2723388671875,3748000
2014-08-21 00:00:00+09:00,893.4269240806842,898.815970585264,886.8830818965517,893.0419921875,3227000
2014-08-22 00:00:00+09:00,900.7406809326908,903.4352043371903,891.5023149744068,894.1968383789062,3333000
2014-08-25 00:00:00+09:00,896.8913195199578,902.665297971803,894.9666600360094,898.8159790039062,2537000
2014-08-26 00:00:00+09:00,900.3557194319901,901.8954470411086,890.3474899727205,890.732421875,3019000
2014-08-27 00:00:00+09:00,896.8912814118448,899.5858045748847,885.728256879251,889.5775756835938,3520000
2014-08-28 00:00:00+09:00,885.3432761113196,889.5775265622867,878.0295707869217,881.4939575195312,3196000
2014-08-29 00:00:00+09:00,877.6449058248184,891.1175249931817,875.7202459436236,887.6531372070312,4065000
2014-09-01 00:00:00+09:00,899.5860439409436,912.2887993752829,894.1969961809208,903.4353637695312,7339000
2014-09-02 00:00:00+09:00,904.5900206634964,934.9996426347373,904.2050887398098,929.610595703125,11119000
2014-09-03 00:00:00+09:00,935.3846765716053,936.5394724686073,913.828486494235,916.5230102539062,6835000
2014-09-04 00:00:00+09:00,920.3722579239198,928.4558285706795,916.13800663276,917.677734375,4758000
2014-09-05 00:00:00+09:00,921.91180818644,922.6816719093514,912.2885116500471,919.21728515625,3207000
2014-09-08 00:00:00+09:00,910.3640288334743,911.1338927056379,893.8119555819566,906.5147094726562,5139000
2014-09-09 00:00:00+09:00,910.7490665821475,914.2134544093831,906.1298828125,906.1298828125,3460000
2014-09-10 00:00:00+09:00,907.6695538230356,919.2175125230742,907.2846218663677,918.8325805664062,4259000
2014-09-11 00:00:00+09:00,923.0666294700889,929.9954031691972,918.8323788761894,925.376220703125,5075000
2014-09-12 00:00:00+09:00,919.9873259883599,923.8366453439597,913.4434830838402,917.677734375,5633000
2014-09-16 00:00:00+09:00,918.447455618686,933.4597987742303,918.0625237429028,931.1502075195312,4909000
2014-09-17 00:00:00+09:00,932.689998424932,937.6941131502824,924.2214965820312,924.2214965820312,3210000
2014-09-18 00:00:00+09:00,929.2254691789499,941.1583563142223,928.4556054928033,937.6939697265625,5368000
2014-09-19 00:00:00+09:00,940.003448674476,945.3924938347718,933.844539919852,936.5390625,5746000
2014-09-22 00:00:00+09:00,939.2337398163601,960.0200602877057,939.2337398163601,944.2378540039062,8061000
2014-09-24 00:00:00+09:00,934.9996112353617,941.1585218075173,918.062607161934,921.9119262695312,7123000
2014-09-25 00:00:00+09:00,924.2213256232376,938.4638033608719,924.2213256232376,934.2295532226562,5966000
2014-09-26 00:00:00+09:00,923.8364659639961,930.3803075979079,921.5268747990862,926.1460571289062,3829000
2014-09-29 00:00:00+09:00,930.3805130004883,934.6147644042969,918.4476226806642,923.836669921875,3051000
2014-09-30 00:00:00+09:00,922.2969513323161,925.7613388790569,912.6736525913695,918.4476318359375,3995000
2014-10-01 00:00:00+09:00,916.5228547311336,919.2173780335771,904.5899658203125,904.5899658203125,3349000
2014-10-02 00:00:00+09:00,893.0420049308124,896.506392018906,884.5735031599166,884.9584350585938,4527000
2014-10-03 00:00:00+09:00,876.8749786216615,889.1928009727999,870.3311354976192,879.1845703125,4513000
2014-10-06 00:00:00+09:00,893.0418895898102,906.8994361524107,891.8870940429268,897.6610717773438,6957000
2014-10-07 00:00:00+09:00,900.7406834666485,903.8201387947396,886.4982025742272,887.26806640625,3345000
2014-10-08 00:00:00+09:00,876.8747752093852,885.3432761113196,872.640524758418,881.4939575195312,3720000
2014-10-09 00:00:00+09:00,885.3434056162046,889.1927247710576,870.3310609122775,871.8707885742188,3277000
2014-10-10 00:00:00+09:00,858.7831208625968,866.4817593284201,853.7790058598116,861.0927124023438,5187000
2014-10-14 00:00:00+09:00,851.8544143759535,861.09278127384,845.3105711566172,851.469482421875,6757000
2014-10-15 00:00:00+09:00,851.8543426995891,854.9337980731077,839.1515892838247,852.6242065429688,4851000
2014-10-16 00:00:00+09:00,826.4488189057037,837.6118444055944,810.666610440341,825.678955078125,10430000
2014-10-17 00:00:00+09:00,833.7624230939911,838.7665373600214,819.904875895753,823.3692626953125,4866000
2014-10-20 00:00:00+09:00,837.2269094425396,848.0050029893862,834.532386055828,843.770751953125,5088000
2014-10-21 00:00:00+09:00,846.8500469834576,856.8582748114438,839.1514101926988,845.6952514648438,6072000
2014-10-22 00:00:00+09:00,854.5488320451884,866.0967892349883,852.6241725135551,863.017333984375,4595000
2014-10-23 00:00:00+09:00,864.1721677886732,867.6365550982937,851.4694143200645,861.0927124023438,3566000
2014-10-24 00:00:00+09:00,866.4817110540445,867.2515748577354,838.7666141211741,841.8460693359375,6650000
2014-10-27 00:00:00+09:00,852.2392615248351,864.942014745395,850.3146019459624,860.707763671875,5093000
2014-10-28 00:00:00+09:00,860.7076771229238,863.4022002623963,849.9295845650338,854.5487670898438,3515000
2014-10-29 00:00:00+09:00,854.9339491480546,862.2476569525629,850.314765271523,856.0887451171875,5291000
2014-10-30 00:00:00+09:00,916.1380261572723,922.2969372574892,851.0845276612306,864.9420776367188,23344000
2014-10-31 00:00:00+09:00,871.8706279917989,923.4514951665897,871.8706279917989,916.9076538085938,18640000
2014-11-04 00:00:00+09:00,966.9488058490326,966.9488058490326,943.4679630318387,945.0076904296875,16990000
2014-11-05 00:00:00+09:00,943.0830505148429,960.7899159530807,941.1583912280778,949.6268920898438,8988000
2014-11-06 00:00:00+09:00,954.6307913358095,958.8650408135087,933.4595439473137,939.2335205078125,5753000
2014-11-07 00:00:00+09:00,950.3966071979038,951.5514025893958,933.459608122688,936.5390625,4373000
2014-11-10 00:00:00+09:00,930.7652628395084,934.6145815443864,923.0666254297523,928.0707397460938,3720000
2014-11-11 00:00:00+09:00,937.6940006142001,957.7104571133539,934.9994776239295,952.3214111328125,10030000
2014-11-12 00:00:00+09:00,962.3297916096486,974.6476129422522,960.7900639430732,966.948974609375,8093000
2014-11-13 00:00:00+09:00,963.8695846588074,966.9490402008483,950.3969666623784,964.2545166015625,5692000
2014-11-14 00:00:00+09:00,981.1913561419145,991.5845168385923,971.5680592005461,991.1995849609375,9452000
2014-11-17 00:00:00+09:00,993.5091233962855,998.5132375396996,965.4090978217296,967.7186889648438,6098000
2014-11-18 00:00:00+09:00,979.2668372455976,1000.8230254868529,978.4969733798384,1000.0531616210938,7424000
2014-11-19 00:00:00+09:00,1012.7557463293409,1025.458497993677,988.1201067379012,989.27490234375,9340000
2014-11-20 00:00:00+09:00,994.6637742535058,1004.6720010842299,981.1911612121464,995.0487060546875,6480000
2014-11-21 00:00:00+09:00,998.1283737806145,1000.0530331978543,983.1160303261432,998.5133056640625,4192000
2014-11-25 00:00:00+09:00,1010.8311098056306,1027.768112407096,1005.8269954006522,1020.4544067382812,8010000
2014-11-26 00:00:00+09:00,1014.6804518374651,1039.3160925497555,1012.3708605206879,1033.5421142578125,9939000
2014-11-27 00:00:00+09:00,1047.7847938881264,1051.2491815240535,1018.9148969220686,1025.458740234375,7857000
2014-11-28 00:00:00+09:00,1038.1613860462987,1060.4874373591224,1030.4627476625665,1059.3326416015625,8153000
2014-12-01 00:00:00+09:00,1066.2614390163326,1113.2231341643444,1060.8723920321345,1087.817626953125,14402000
2014-12-02 00:00:00+09:00,1062.412353515625,1082.4288181470788,1058.9479654063348,1062.412353515625,10238000
2014-12-03 00:00:00+09:00,1076.2695230830182,1093.206525592193,1073.19006808135,1081.6585693359375,7224000
2014-12-04 00:00:00+09:00,1100.9054211792516,1104.3698088682772,1068.571136081679,1076.269775390625,6979000
2014-12-05 00:00:00+09:00,1085.1228625862623,1092.8214994261791,1070.4954525904207,1092.0516357421875,5776000
2014-12-08 00:00:00+09:00,1093.9767450103263,1093.9767450103263,1063.1821849818864,1065.876708984375,10600000
2014-12-09 00:00:00+09:00,1060.4872659343105,1073.9598809280312,1047.399582797553,1051.2489013671875,10263000
2014-12-10 00:00:00+09:00,1043.1654600381676,1052.0188938318495,1033.5421624363394,1041.625732421875,11275000
2014-12-11 00:00:00+09:00,1024.6885675096817,1030.847477006359,1009.6762256115308,1028.1529541015625,14243000
2014-12-12 00:00:00+09:00,1021.6092952523242,1032.002456884507,1016.9901123046875,1016.9901123046875,10090000
2014-12-15 00:00:00+09:00,1007.751472062962,1019.2994262882825,1000.0528359127484,1002.3624267578125,5254000
2014-12-16 00:00:00+09:00,982.3462493908686,990.8147515407899,960.79006210016,962.7147216796875,10757000
2014-12-17 00:00:00+09:00,954.6310824994972,969.643426135578,950.3968317303462,956.940673828125,6754000
2014-12-18 00:00:00+09:00,977.7269601087145,986.9653250861196,968.1036632572508,974.2625732421875,8138000
2014-12-19 00:00:00+09:00,989.274864921087,991.1995241913614,970.0282722183421,973.1077270507812,8508000
2014-12-22 00:00:00+09:00,981.5762788492999,984.2708019677098,964.2543445166652,974.2625732421875,5209000
2014-12-24 00:00:00+09:00,984.6557199203551,995.4338122416099,977.7269462852626,989.27490234375,5915000
2014-12-25 00:00:00+09:00,992.3544885578663,995.8188758336695,983.1161224890576,983.885986328125,2294000
2014-12-26 00:00:00+09:00,985.4255332099727,993.1241701881756,981.5762147208712,988.1200561523438,1839000
2014-12-29 00:00:00+09:00,988.1201484411683,991.1996035200656,968.8735541980602,973.4927368164062,4093000
2014-12-30 00:00:00+09:00,983.116082911357,988.8900614719171,970.4133300781249,970.413330078125,4435000
2015-01-05 00:00:00+09:00,963.4845115364371,966.1790347408938,946.9324404233462,948.47216796875,5727000
2015-01-06 00:00:00+09:00,926.9159558565624,928.4556833579852,906.5145664627095,908.8241577148438,10476000
2015-01-07 00:00:00+09:00,908.439366292009,921.1421201427023,905.7448427479226,913.4434814453125,6113000
2015-01-08 00:00:00+09:00,923.8363937924908,988.8898731887119,907.6692569011221,934.2295532226562,24617000
2015-01-09 00:00:00+09:00,935.7693946022619,958.8653072621285,935.7693946022619,939.6187133789062,8938000
2015-01-13 00:00:00+09:00,927.6857839989459,944.6227858644868,924.9912609748825,944.2378540039062,8211000
2015-01-14 00:00:00+09:00,935.7696503296679,939.2340381753968,902.6654998038138,903.4353637695312,9594000
2015-01-15 00:00:00+09:00,911.9036405134851,937.3091450613492,910.7488448522186,930.38037109375,6823000
2015-01-16 00:00:00+09:00,912.2887206417317,919.9873596344889,901.1256941022338,918.4476318359375,6174000
2015-01-19 00:00:00+09:00,938.4640761920102,941.928463675902,929.225709568299,933.4599609375,5874000
2015-01-20 00:00:00+09:00,924.606544341227,941.5435501493095,922.2969526401249,938.0791625976562,4288000
2015-01-21 00:00:00+09:00,933.459608122688,943.4678348489518,929.2253583538841,936.5390625,5185000
2015-01-22 00:00:00+09:00,929.995293713723,933.4596801555374,919.9870662151482,928.45556640625,4005000
2015-01-23 00:00:00+09:00,937.3091087404781,938.0789724848235,921.1419701092254,925.376220703125,4625000
2015-01-26 00:00:00+09:00,912.288545606155,932.3050031468808,910.7488181030222,931.1502075195312,4553000
2015-01-27 00:00:00+09:00,938.078748807547,955.4006789250437,937.6938170271582,948.0869750976562,5396000
2015-01-28 00:00:00+09:00,941.5434483970083,951.5516780201981,933.844810225324,946.9324951171875,6174000
2015-01-29 00:00:00+09:00,899.5859525754391,907.2845914507104,857.6283707052112,864.9420776367188,22451000
2015-01-30 00:00:00+09:00,869.5610635111651,892.2720430362465,857.6281759640884,879.9542236328125,14688000
2015-02-02 00:00:00+09:00,873.7953641332358,893.0419580568753,873.410432254763,881.1090698242188,7040000
2015-02-03 00:00:00+09:00,877.6447976840897,881.109185043369,858.3982012436492,864.1721801757812,7208000
2015-02-04 00:00:00+09:00,873.7953764631214,882.2638779090195,868.406330088459,873.0255126953125,6196000
2015-02-05 00:00:00+09:00,879.1846228600393,885.3435344037174,866.4818678012034,869.1763916015625,6174000
2015-02-06 00:00:00+09:00,889.9627396187341,910.3641346013435,885.3435558490867,906.1298828125,15424000
2015-02-09 00:00:00+09:00,917.2926843698426,918.4474800278828,895.351566867081,903.820068359375,5494000
2015-02-10 00:00:00+09:00,906.8995865857818,910.3639738010925,900.740675980785,908.0543823242188,3023000
2015-02-12 00:00:00+09:00,918.4473615300303,921.9117480571763,910.3637929666897,912.2884521484375,5664000
2015-02-13 00:00:00+09:00,912.288569851669,914.5981611677491,899.9707494992414,903.820068359375,4558000
2015-02-16 00:00:00+09:00,908.4392594024475,910.7488507399114,896.506370825551,898.4310302734375,6886000
2015-02-17 00:00:00+09:00,901.895442517869,912.2886038272939,898.8159873150764,904.5899658203125,4341000
2015-02-18 00:00:00+09:00,910.7490307688963,917.292874185241,908.8243709405598,916.5230102539062,4765000
2015-02-19 00:00:00+09:00,919.6022385953621,935.7693771558498,917.6775792429231,928.0707397460938,5235000
2015-02-20 00:00:00+09:00,933.8447306500135,934.6145944015799,924.9912975070002,931.1502075195312,3535000
2015-02-23 00:00:00+09:00,935.3844227252309,937.3090820312499,929.9953766683777,937.30908203125,4589000
2015-02-24 00:00:00+09:00,933.4595439473137,939.2335205078126,924.9910449919154,939.2335205078125,5045000
2015-02-25 00:00:00+09:00,938.4639576801633,945.7776636670062,933.0749111635421,941.9283447265625,3646000
2015-02-26 00:00:00+09:00,935.384590993225,959.2503706811179,934.2297952018753,956.5558471679688,4927000
2015-02-27 00:00:00+09:00,962.329798834238,994.6640800750685,960.4051392365695,983.885986328125,13026000
2015-03-02 00:00:00+09:00,989.2748362517311,1002.3625189103143,989.2748362517311,998.8981323242188,6387000
2015-03-03 00:00:00+09:00,1003.5175064963856,1007.3668256620795,995.8188681649979,1004.6723022460938,5040000
2015-03-04 00:00:00+09:00,1002.7474299764139,1007.366611995499,992.739202268396,1001.2077026367188,4426000
2015-03-05 00:00:00+09:00,1004.2877127754609,1048.9398303231626,1001.2082563928608,1047.7850341796875,9759000
2015-03-06 00:00:00+09:00,1047.7846318814657,1070.8805458832614,1046.244904281346,1065.1065673828125,11647000
2015-03-09 00:00:00+09:00,1053.1736244248466,1072.4202184384587,1048.5544418615798,1066.646240234375,6444000
2015-03-10 00:00:00+09:00,1065.1066346525,1066.6463623498653,1032.0024891591443,1040.0860595703125,10143000
2015-03-11 00:00:00+09:00,1024.6886870190615,1037.7763712259164,1019.2996405809446,1023.9188232421875,10888000
2015-03-12 00:00:00+09:00,1025.4585134935273,1037.391401600997,1017.3749441304026,1037.0064697265625,5149000
2015-03-13 00:00:00+09:00,1046.629809213903,1060.102425367815,1046.2448773237911,1054.71337890625,8862000
2015-03-16 00:00:00+09:00,1056.2532999864961,1094.3615640895075,1055.4834360652233,1068.9560546875,10750000
2015-03-17 00:00:00+09:00,1072.0354932004757,1093.2067506963558,1059.3327387029476,1083.9683837890625,12953000
2015-03-18 00:00:00+09:00,1314.9273681640625,1314.9273681640625,1314.9273681640625,1314.9273681640625,1177000
2015-03-19 00:00:00+09:00,1599.7768015277325,1600.1617333856552,1415.7793734405677,1470.439697265625,85218000
2015-03-20 00:00:00+09:00,1425.0178401879684,1431.561682241776,1352.2657138250495,1373.8218994140625,35046000
2015-03-23 00:00:00+09:00,1385.754628964363,1447.3437235850013,1384.984765281605,1423.093017578125,24800000
2015-03-24 00:00:00+09:00,1394.9934147353156,1403.8468497626093,1373.0522931459357,1381.1358642578125,14060000
2015-03-25 00:00:00+09:00,1381.1357935024253,1442.339971642583,1368.4330395488078,1428.482421875,19390000
2015-03-26 00:00:00+09:00,1415.3945604871797,1443.4945884761826,1371.8972568877641,1385.369873046875,25083000
2015-03-27 00:00:00+09:00,1410.2545012128578,1418.4197464638835,1392.7575471035173,1415.697998046875,9797000
2015-03-30 00:00:00+09:00,1399.7562931617852,1414.5314984784927,1385.3699090376224,1400.533935546875,10445000
2015-03-31 00:00:00+09:00,1412.198440262553,1413.7537248883928,1372.9275034600976,1374.4827880859375,9157000
2015-04-01 00:00:00+09:00,1372.9273665214005,1398.5895602881558,1358.5409851673105,1386.9249267578125,8665000
2015-04-02 00:00:00+09:00,1383.425774204799,1386.5363436802454,1357.3747548479353,1360.8741455078125,10359000
2015-04-03 00:00:00+09:00,1372.9278091426484,1418.8087158203125,1367.0954904971825,1418.8087158203125,11267000
2015-04-06 00:00:00+09:00,1411.809774602779,1468.188848499062,1407.5327414106473,1450.69189453125,8217000
2015-04-07 00:00:00+09:00,1470.1328093019304,1499.294396368221,1470.1328093019304,1484.13037109375,10984000
2015-04-08 00:00:00+09:00,1495.4064437918125,1500.0722985306325,1464.6895667612475,1485.6859130859375,8695000
2015-04-09 00:00:00+09:00,1472.4661079479554,1481.4089969056536,1459.6350063999537,1466.6337890625,6302000
2015-04-10 00:00:00+09:00,1458.0794505377035,1472.8546556364854,1448.747742054262,1470.521728515625,6151000
2015-04-13 00:00:00+09:00,1472.8547538064445,1541.6761084589632,1465.0783295519225,1537.01025390625,15645000
2015-04-14 00:00:00+09:00,1522.6236869906202,1531.1777526478706,1496.961490018868,1511.7366943359375,8687000
2015-04-15 00:00:00+09:00,1511.3484201392973,1558.784619587971,1500.8502448514762,1549.0640869140625,11557000
2015-04-16 00:00:00+09:00,1551.3966669928966,1611.2751348417453,1549.0637396741104,1606.220458984375,14767000
2015-04-17 00:00:00+09:00,1598.0550576660876,1601.5544483033125,1568.115826658718,1584.0574951171875,10527000
2015-04-20 00:00:00+09:00,1570.837645338741,1588.7234205084394,1543.6201613848518,1574.3370361328125,5616000
2015-04-21 00:00:00+09:00,1585.2240324200325,1608.1644832203224,1571.2264692198557,1607.3868408203125,6829000
2015-04-22 00:00:00+09:00,1619.051605596686,1637.326203450443,1608.164611130618,1626.439208984375,9327000
2015-04-23 00:00:00+09:00,1620.995507399007,1626.0501827638877,1576.6698926608237,1584.0574951171875,8154000
2015-04-24 00:00:00+09:00,1594.5557928099115,1624.1062049663499,1586.7793685582174,1613.6080322265625,6616000
2015-04-27 00:00:00+09:00,1598.0549176982079,1601.9431291767924,1580.9467871924362,1599.9990234375,5384000
2015-04-28 00:00:00+09:00,1608.9418661646582,1628.3829230298668,1606.608939340833,1616.3294677734375,4560000
2015-04-30 00:00:00+09:00,1601.9434218519316,1624.8838737668013,1576.670042623685,1580.16943359375,6597000
2015-05-01 00:00:00+09:00,1564.6163307478093,1597.6661289867666,1555.6734441655033,1575.114501953125,7727000
2015-05-07 00:00:00+09:00,1536.2327479214655,1546.342100350207,1520.2910767838343,1535.0662841796875,8614000
2015-05-08 00:00:00+09:00,1636.5483510092454,1680.4851444670846,1607.3867624310337,1645.1024169921875,27190000
2015-05-11 00:00:00+09:00,1634.2152979795896,1641.2140786989883,1588.3344021524206,1601.5543212890625,13442000
2015-05-12 00:00:00+09:00,1612.4413913175824,1619.8289935445018,1591.833869316176,1617.8848876953125,5603000
2015-05-13 00:00:00+09:00,1613.6078925134898,1734.9201003361907,1607.386753650787,1727.1436767578125,14525000
2015-05-14 00:00:00+09:00,1697.5936420230628,1802.575383513266,1685.5401828149284,1751.2509765625,18168000
2015-05-15 00:00:00+09:00,1772.6358784913075,1795.9651508557467,1745.4183940661285,1770.6917724609375,9978000
2015-05-18 00:00:00+09:00,1773.0245843248997,1776.9127961326296,1741.9188898630593,1746.1959228515625,8440000
2015-05-19 00:00:00+09:00,1731.4207268747343,1738.0306869818241,1699.1485687048257,1714.701416015625,9151000
2015-05-20 00:00:00+09:00,1695.260525322967,1711.979837843354,1675.8194642527494,1694.8717041015625,10313000
2015-05-21 00:00:00+09:00,1692.5388226767022,1699.9264260837451,1682.0406494140625,1682.0406494140625,5184000
2015-05-22 00:00:00+09:00,1683.206916390592,1691.3721613072478,1626.8278443470172,1658.711181640625,14893000
2015-05-25 00:00:00+09:00,1668.0430649352486,1694.09408716151,1648.213182345109,1664.9324951171875,6893000
2015-05-26 00:00:00+09:00,1658.3222672920774,1672.3198292199825,1648.6017381754768,1651.323486328125,5255000
2015-05-27 00:00:00+09:00,1661.8218064501107,1664.932376045712,1613.6079777182872,1614.3856201171875,10149000
2015-05-28 00:00:00+09:00,1619.0513371592579,1621.7730853245112,1599.61027883602,1619.8289794921875,7941000
2015-05-29 00:00:00+09:00,1609.7198763760655,1660.2666357791786,1606.609306566643,1642.380859375,10686000
2015-06-01 00:00:00+09:00,1625.2724505968918,1678.1521284153553,1621.773060153023,1670.7645263671875,6233000
2015-06-02 00:00:00+09:00,1671.9311627597995,1696.0380771995917,1635.7707911001107,1640.4366455078125,7337000
2015-06-03 00:00:00+09:00,1632.6602796021964,1652.4901615406848,1617.4962522374701,1629.160888671875,5151000
2015-06-04 00:00:00+09:00,1633.0490133907504,1651.7124306866447,1629.1608014541057,1647.82421875,4851000
2015-06-05 00:00:00+09:00,1624.4949275341985,1635.7707420144502,1605.4426892744627,1623.71728515625,7104000
2015-06-08 00:00:00+09:00,1638.103752905766,1639.2702165323308,1614.385659165616,1619.051513671875,5870000
2015-06-09 00:00:00+09:00,1606.6091968498608,1607.7756604487354,1570.837646484375,1570.837646484375,6757000
2015-06-10 00:00:00+09:00,1594.1666436573817,1610.885952359154,1567.726806640625,1567.726806640625,7722000
2015-06-11 00:00:00+09:00,1570.4488167419433,1588.3345918273926,1554.507147644043,1555.2847900390625,9099000
2015-06-12 00:00:00+09:00,1547.8970038212385,1603.8872496263775,1542.4535077012945,1594.5555419921875,9963000
2015-06-15 00:00:00+09:00,1577.8365062803734,1605.8316340408926,1575.5035789669967,1580.16943359375,4705000
2015-06-16 00:00:00+09:00,1593.3891902689265,1600.3879714853347,1580.5580913721783,1582.502197265625,4291000
2015-06-17 00:00:00+09:00,1573.1705130945363,1582.50222152614,1537.3989641067217,1545.564208984375,6684000
2015-06-18 00:00:00+09:00,1547.5083231748815,1558.00649521652,1517.569091796875,1517.569091796875,5759000
2015-06-19 00:00:00+09:00,1539.7320440663004,1548.2861109777798,1529.6226922618248,1534.6773681640625,3362000
2015-06-22 00:00:00+09:00,1547.897187286377,1559.9506444091796,1539.3431209411622,1555.2847900390625,5158000
2015-06-23 00:00:00+09:00,1582.5023429342557,1629.160888671875,1579.7805944328945,1629.160888671875,8561000
2015-06-24 00:00:00+09:00,1633.0489936916308,1640.0477750931664,1614.7743978098435,1623.71728515625,7753000
2015-06-25 00:00:00+09:00,1626.4389019564533,1690.983214106769,1625.661259641389,1665.7098388671875,9841000
2015-06-26 00:00:00+09:00,1671.153208554831,1705.7582889553382,1667.2649972738752,1693.704833984375,12099000
2015-06-29 00:00:00+09:00,1631.8826631543295,1652.490187849869,1618.6627416515305,1632.271484375,9635000
2015-06-30 00:00:00+09:00,1601.9433355214949,1616.3297198453529,1580.946990832621,1591.833984375,9563000
2015-07-01 00:00:00+09:00,1610.1084997132261,1640.8253728060406,1610.1084997132261,1636.54833984375,5647000
2015-07-02 00:00:00+09:00,1647.4354282841261,1670.7647003391291,1633.4378650511244,1636.937255859375,6236000
2015-07-03 00:00:00+09:00,1635.7707826240578,1638.8813522130743,1606.609192727028,1624.8837890625,4248000
2015-07-06 00:00:00+09:00,1586.390302133525,1600.3878636229383,1573.5592041015625,1573.5592041015625,5066000
2015-07-07 00:00:00+09:00,1600.7768202186599,1607.77560155554,1577.4475490957257,1582.1134033203125,3839000
2015-07-08 00:00:00+09:00,1579.0029010772705,1600.7768883858957,1542.842529296875,1542.842529296875,9820000
2015-07-09 00:00:00+09:00,1516.4025823335546,1563.0611233284333,1493.4621330110726,1537.39892578125,9836000
2015-07-10 00:00:00+09:00,1555.2847469094286,1582.1134087936164,1515.6249858632382,1517.569091796875,8694000
2015-07-13 00:00:00+09:00,1563.838943986091,1585.6129322663548,1502.4051913382038,1540.120849609375,15266000
2015-07-14 00:00:00+09:00,1552.5631444335195,1558.7842840055046,1526.1233012525831,1534.6773681640625,9121000
2015-07-15 00:00:00+09:00,1538.5653536085736,1589.8897475121196,1535.454784281086,1572.7816162109375,9490000
2015-07-16 00:00:00+09:00,1589.112460224019,1641.9921506058313,1580.1695714094478,1633.826904296875,10345000
2015-07-17 00:00:00+09:00,1659.8775643362126,1675.430411038824,1634.604188444469,1656.378173828125,10784000
2015-07-21 00:00:00+09:00,1640.8254107802086,1701.4815160128417,1636.9371989063218,1691.760986328125,7948000
2015-07-22 00:00:00+09:00,1668.8203801589063,1681.2626569914053,1662.9880628936726,1669.5980224609375,5662000
2015-07-23 00:00:00+09:00,1683.5956714358147,1701.4814453125,1680.096280894724,1701.4814453125,5716000
2015-07-24 00:00:00+09:00,1703.0368007623965,1718.5896482579435,1680.873993081242,1691.760986328125,6473000
2015-07-27 00:00:00+09:00,1664.1549406516228,1666.0990468907019,1615.163463426832,1620.2181396484375,7520000
2015-07-28 00:00:00+09:00,1609.7198343495552,1632.27146487909,1593.3893432764437,1611.6639404296875,5357000
2015-07-29 00:00:00+09:00,1628.7720805544968,1630.7161866425304,1594.1669921875,1594.1669921875,3607000
2015-07-30 00:00:00+09:00,1710.8135102218969,1745.8074229309811,1668.8208149709958,1725.9775390625,18672000
2015-07-31 00:00:00+09:00,1725.5886215356884,1734.1426886095471,1695.2605655465527,1696.0382080078125,7585000
2015-08-03 00:00:00+09:00,1692.9274268469512,1732.1983662386697,1687.8727514797004,1725.1995849609375,5415000
2015-08-04 00:00:00+09:00,1730.2543790536968,1743.4743001520847,1725.5885245483835,1735.6978759765625,6776000
2015-08-05 00:00:00+09:00,1749.6950365149455,1802.185887610394,1743.8627197265625,1788.5771484375,9855000
2015-08-06 00:00:00+09:00,1788.5777877774374,1802.5753530730867,1778.857256322125,1784.6895751953125,7993000
2015-08-07 00:00:00+09:00,1804.1306936425885,1822.4052933411233,1785.8560939440536,1809.9630126953125,6526000
2015-08-10 00:00:00+09:00,1813.073314561301,1913.0003662109375,1805.6857115210555,1913.0003662109375,12255000
2015-08-11 00:00:00+09:00,1936.3294176546358,2025.7582863414964,1896.2808373296505,1919.610107421875,19174000
2015-08-12 00:00:00+09:00,1920.3876604782909,1961.9915235419023,1854.6768861067924,1891.22607421875,10334000
2015-08-13 00:00:00+09:00,1865.9529567088896,1909.112110323119,1858.1765326342536,1882.283447265625,6225000
2015-08-14 00:00:00+09:00,1869.8411734907486,1880.3393460181453,1831.3478742236277,1868.285888671875,6369000
2015-08-17 00:00:00+09:00,1894.3370703602245,1935.940942800402,1887.3382880805686,1909.5010986328125,5395000
2015-08-18 00:00:00+09:00,1904.446094045928,1935.9406088719222,1893.947922437263,1924.664794921875,5355000
2015-08-19 00:00:00+09:00,1937.8844411542339,1998.1517141034526,1921.5539542905744,1928.552734375,10364000
2015-08-20 00:00:00+09:00,1957.3259755042143,1985.3211026866345,1934.3855240630644,1937.49609375,7800000
2015-08-21 00:00:00+09:00,1889.6707575317178,1902.5018552680442,1833.6805128641113,1844.5675048828125,10366000
2015-08-24 00:00:00+09:00,1764.470731135627,1796.35407180401,1692.538804017934,1694.48291015625,18192000
2015-08-25 00:00:00+09:00,1643.936031442254,1822.0161408085153,1638.492534649399,1738.03076171875,17930000
2015-08-26 00:00:00+09:00,1758.249427169212,1862.064685252843,1758.249427169212,1857.010009765625,11231000
2015-08-27 00:00:00+09:00,1865.9529518383877,1897.4474692584563,1809.9626986471546,1816.183837890625,10380000
2015-08-28 00:00:00+09:00,1904.4462018405595,1919.6102283558273,1843.01245339409,1879.5616455078125,8598000
2015-08-31 00:00:00+09:00,1891.615161918631,1963.5470848281782,1867.1194260088935,1944.8836669921875,10638000
2015-09-01 00:00:00+09:00,1931.2746883051063,1957.3257058441525,1850.788708744173,1855.8433837890625,10682000
2015-09-02 00:00:00+09:00,1811.9067408489889,1907.9455745377659,1804.907959446568,1848.4559326171875,8590000
2015-09-03 00:00:00+09:00,1880.3395691372195,1890.0601004086072,1823.1828452614604,1828.6263427734375,7152000
2015-09-04 00:00:00+09:00,1851.1780017445387,1856.6214993342096,1784.6895668992718,1802.1865234375,8206000
2015-09-07 00:00:00+09:00,1765.248542740579,1793.6324950797998,1746.5851220243792,1777.302001953125,6831000
2015-09-08 00:00:00+09:00,1792.8546486318953,1811.5180672253307,1735.697929189499,1738.419677734375,7254000
2015-09-09 00:00:00+09:00,1811.9068117303364,1835.236083984375,1785.8557910466598,1835.236083984375,7981000
2015-09-10 00:00:00+09:00,1811.129498373161,1826.6823493682073,1781.5790814825725,1820.0723876953125,7841000
2015-09-11 00:00:00+09:00,1788.5776210564993,1843.4014133541007,1788.5776210564993,1794.0211181640625,11431000
2015-09-14 00:00:00+09:00,1808.018796963643,1814.6287581568433,1766.4149235711461,1781.9677734375,4352000
2015-09-15 00:00:00+09:00,1796.7428804999638,1802.186377649282,1751.6396184056127,1759.0272216796875,7147000
2015-09-16 00:00:00+09:00,1788.5774502717861,1790.5215561959947,1662.5993863830777,1683.2069091796875,10045000
2015-09-17 00:00:00+09:00,1695.2605683827628,1696.4270320766043,1628.772137833806,1655.9896240234375,12715000
2015-09-18 00:00:00+09:00,1661.044142665786,1678.1522752213325,1625.6614139713604,1637.3260498046875,6962000
2015-09-24 00:00:00+09:00,1601.943079907783,1623.32824238228,1569.2821044921875,1569.2821044921875,10714000
2015-09-25 00:00:00+09:00,1597.277262806253,1605.0536857020966,1560.3392540509965,1594.9443359375,6608000
2015-09-28 00:00:00+09:00,1597.2809964459925,1615.192972515353,1557.1737456819903,1565.3509521484375,6232000
2015-09-29 00:00:00+09:00,1542.3768345315736,1556.005511433519,1493.7029884531978,1503.8271484375,7812000
2015-09-30 00:00:00+09:00,1534.9783647714085,1575.4750035172801,1529.5268941710026,1562.2357177734375,6049000
2015-10-01 00:00:00+09:00,1589.8827526436974,1623.7597547206021,1570.8026020486593,1612.8568115234375,7352000
2015-10-02 00:00:00+09:00,1597.281267442783,1637.3885250114342,1580.5374608849968,1629.6007080078125,4680000
2015-10-05 00:00:00+09:00,1651.4061008029512,1673.990763346354,1640.11376953125,1668.14990234375,5346000
2015-10-06 00:00:00+09:00,1697.7440393029408,1710.983327682826,1664.256427518525,1670.0972900390625,4382000
2015-10-07 00:00:00+09:00,1675.1592537923138,1680.2213342895943,1629.9899201242738,1642.06103515625,5351000
2015-10-08 00:00:00+09:00,1643.618148708481,1646.3438836151283,1616.3607996420053,1622.20166015625,3787000
2015-10-09 00:00:00+09:00,1635.441333852827,1666.5925973547855,1613.6354494014558,1665.0350341796875,4953000
2015-10-13 00:00:00+09:00,1665.8136632256994,1721.885932394587,1661.5303648864094,1716.8238525390625,5606000
2015-10-14 00:00:00+09:00,1703.1949295522345,1736.6825299046561,1658.0256081466425,1664.255859375,6482000
2015-10-15 00:00:00+09:00,1672.8227502399745,1720.7178150163984,1659.5834640416133,1711.3724365234375,4985000
2015-10-16 00:00:00+09:00,1749.1432549219262,1802.4897878525371,1743.3023936521513,1779.1263427734375,9005000
2015-10-19 00:00:00+09:00,1804.8258201687645,1827.7998705225848,1791.5865369140206,1812.2242431640625,6506000
2015-10-20 00:00:00+09:00,1798.5961341694187,1818.4550652892804,1776.7902490181984,1814.5611572265625,5497000
2015-10-21 00:00:00+09:00,1830.1365839291925,1835.5880546047263,1787.6929908125367,1819.233642578125,6282000
2015-10-22 00:00:00+09:00,1805.6050484729537,1827.4109321724331,1797.8172328659969,1804.0474853515625,3068000
2015-10-23 00:00:00+09:00,1845.7119270888472,1857.3936481463716,1836.3665502428278,1839.09228515625,5377000
2015-10-26 00:00:00+09:00,1862.845215047116,1897.1115986014943,1857.7831356584009,1869.854248046875,7149000
2015-10-27 00:00:00+09:00,1861.2876224538343,1863.234576033807,1807.5517036465897,1809.4986572265625,6636000
2015-10-28 00:00:00+09:00,1788.0825324756897,1805.9945090640788,1738.2405106645208,1791.9764404296875,7036000
2015-10-29 00:00:00+09:00,1837.9240481954225,1839.0922202599536,1564.182394406994,1631.1575927734375,39832000
2015-10-30 00:00:00+09:00,1580.9264911126797,1580.9264911126797,1480.4636746823664,1517.06640625,39398000
2015-11-02 00:00:00+09:00,1503.4376760163996,1530.3056375924502,1474.622760702954,1512.0042724609375,19094000
2015-11-04 00:00:00+09:00,1533.8098820493667,1548.6067278269438,1515.8979108449314,1532.2523193359375,12582000
2015-11-05 00:00:00+09:00,1541.9871564264429,1558.730956357336,1535.3675145932991,1551.721923828125,10409000
2015-11-06 00:00:00+09:00,1565.350626170412,1567.6869703885766,1537.7038862554618,1559.509765625,8098000
2015-11-09 00:00:00+09:00,1584.8202456017164,1621.8123643565475,1577.0324311270151,1621.4229736328125,10921000
2015-11-10 00:00:00+09:00,1605.4582820817534,1614.4142705580766,1577.8115350461474,1588.7144775390625,7336000
2015-11-11 00:00:00+09:00,1588.714462257976,1608.9627838357737,1586.3781174605379,1598.838623046875,5215000
2015-11-12 00:00:00+09:00,1596.5022843197523,1596.5022843197523,1563.79345703125,1563.79345703125,7926000
2015-11-13 00:00:00+09:00,1555.226777491311,1580.9265690071913,1544.7132264166326,1571.9705810546875,4929000
2015-11-16 00:00:00+09:00,1533.0313452713287,1534.19951749277,1508.889119361544,1514.72998046875,9292000
2015-11-17 00:00:00+09:00,1530.6951949954341,1533.0315397346792,1497.9863686460023,1499.154541015625,10272000
2015-11-18 00:00:00+09:00,1505.3847253994431,1511.6149777549504,1482.0212790662908,1500.7120361328125,7313000
2015-11-19 00:00:00+09:00,1514.3406858513536,1514.3406858513536,1491.7560214699242,1499.9332275390625,5671000
2015-11-20 00:00:00+09:00,1499.154485795592,1508.1104736328125,1489.0303256317777,1508.1104736328125,6302000
2015-11-24 00:00:00+09:00,1503.0480416953023,1512.3934181203508,1496.428400060893,1504.9949951171875,5215000
2015-11-25 00:00:00+09:00,1492.5346681571787,1522.5177543685281,1492.145277427161,1513.561767578125,6655000
2015-11-26 00:00:00+09:00,1520.9603665979898,1547.0495485135211,1520.9603665979898,1532.64208984375,5162000
2015-11-27 00:00:00+09:00,1531.4737964933638,1534.1995317019714,1494.0922850610314,1497.5968017578125,6770000
2015-11-30 00:00:00+09:00,1494.4816489674936,1495.260430441682,1472.286376953125,1472.286376953125,7089000
2015-12-01 00:00:00+09:00,1479.6847203380883,1506.5526797337009,1479.6847203380883,1497.986083984375,7012000
2015-12-02 00:00:00+09:00,1494.4817025253208,1509.6679418162244,1487.0832782553935,1505.3846435546875,4446000
2015-12-03 00:00:00+09:00,1499.9332000195918,1521.349691712499,1492.9241663746404,1506.1634521484375,7176000
2015-12-04 00:00:00+09:00,1483.1892767083154,1492.5346541409747,1474.233290002017,1478.127197265625,6636000
2015-12-07 00:00:00+09:00,1479.6846919309394,1488.6406782242054,1469.5605335124644,1472.6756591796875,5986000
2015-12-08 00:00:00+09:00,1468.0030513920337,1476.5696474479025,1422.4443360040052,1429.453369140625,8672000
2015-12-09 00:00:00+09:00,1425.170204254518,1468.0031885353915,1424.7808134883282,1454.37451171875,8298000
2015-12-10 00:00:00+09:00,1429.8427460948221,1435.6836069857325,1406.868693257242,1418.5504150390625,6755000
2015-12-11 00:00:00+09:00,1401.8069790511506,1425.9492103570315,1394.0191625008665,1404.53271484375,6627000
2015-12-14 00:00:00+09:00,1364.035900944591,1377.2751874510473,1350.4072236585332,1374.9388427734375,6316000
2015-12-15 00:00:00+09:00,1350.7965519215354,1357.0268041068177,1316.9195556640625,1316.9195556640625,13044000
2015-12-16 00:00:00+09:00,1334.0529110754348,1343.398290487522,1320.034841957304,1332.10595703125,10253000
2015-12-17 00:00:00+09:00,1349.6284739917007,1353.5223818797322,1334.8316240171812,1337.16796875,7266000
2015-12-18 00:00:00+09:00,1325.4864008941877,1362.8679210134128,1304.848686661699,1306.40625,11018000
2015-12-21 00:00:00+09:00,1284.9893121973366,1292.3877355099878,1262.4046515587168,1286.546875,9861000
2015-12-22 00:00:00+09:00,1278.3699424152444,1283.4320226014759,1258.5110124538744,1266.298828125,6995000
2015-12-24 00:00:00+09:00,1264.7411981997282,1290.0515977942425,1251.8913030209749,1253.8382568359375,9639000
2015-12-25 00:00:00+09:00,1253.8382568359375,1253.8382568359375,1253.8382568359375,1253.8382568359375,0
2015-12-28 00:00:00+09:00,1272.529105718085,1294.3349900265957,1270.5821517619681,1281.095703125,4993000
2015-12-29 00:00:00+09:00,1274.4760541558512,1325.096856795711,1274.4760541558512,1319.6453857421875,7597000
2015-12-30 00:00:00+09:00,1324.317925954356,1336.3890390694942,1303.680216434926,1304.848388671875,4676000
2016-01-04 00:00:00+09:00,1288.8833413858451,1337.9465743207745,1288.8833413858451,1297.060546875,7394000
2016-01-05 00:00:00+09:00,1284.9892569198469,1300.954274960366,1274.475708454139,1277.980224609375,5157000
2016-01-06 00:00:00+09:00,1238.2623902977614,1241.3775158079443,1170.50841045128,1180.632568359375,18109000
2016-01-07 00:00:00+09:00,1194.650811396757,1218.014256208949,1182.9690889906608,1185.69482421875,11710000
2016-01-08 00:00:00+09:00,1179.8538690491318,1226.19136423621,1177.9069154698427,1196.987060546875,10245000
2016-01-12 00:00:00+09:00,1165.8362773721149,1167.783231743144,1125.7290173289193,1126.118408203125,12789000
2016-01-13 00:00:00+09:00,1182.1905210320924,1216.456912946066,1176.3496587740287,1198.934326171875,11429000
2016-01-14 00:00:00+09:00,1154.1540663206156,1165.057006218381,1136.242093631429,1154.54345703125,8227000
2016-01-15 00:00:00+09:00,1177.9070240423514,1191.535700353585,1147.923936157637,1158.048095703125,5658000
2016-01-18 00:00:00+09:00,1111.3208893779843,1149.0917815537603,1110.5421080960095,1141.693359375,6996000
2016-01-19 00:00:00+09:00,1214.5098565479157,1245.271728515625,1199.3236159562618,1245.271728515625,14924000
2016-01-20 00:00:00+09:00,1217.6252516545392,1232.8114955990634,1152.596976302346,1157.6590576171875,14860000
2016-01-21 00:00:00+09:00,1168.1718005164196,1226.9697811424126,1147.9234893074681,1148.7022705078125,12193000
2016-01-22 00:00:00+09:00,1203.2173796870097,1242.545844201051,1179.075153945717,1240.98828125,12894000
2016-01-25 00:00:00+09:00,1272.1394986117705,1276.4227965868943,1233.9792075606674,1243.3245849609375,7981000
2016-01-26 00:00:00+09:00,1219.5719117756132,1258.1215986420837,1209.4477515884594,1230.474853515625,10926000
2016-01-27 00:00:00+09:00,1261.6260601087215,1265.5199677016496,1221.9082026608542,1228.917236328125,9038000
2016-01-28 00:00:00+09:00,1241.3777833912873,1243.7141280275318,1212.5628662109375,1212.5628662109375,6539000
2016-01-29 00:00:00+09:00,1221.9081345222905,1313.8043485908886,1218.0142271465024,1297.060546875,16079000
2016-02-01 00:00:00+09:00,1339.503948009968,1353.5220125821654,1316.529897738867,1347.68115234375,8644000
2016-02-02 00:00:00+09:00,1332.105658802993,1347.29189694778,1318.4769835448508,1337.55712890625,7474000
2016-02-03 00:00:00+09:00,1361.3099060510438,1401.80653941183,1279.5378579186872,1314.972412109375,17200000
2016-02-04 00:00:00+09:00,1290.0513955771005,1370.265880179842,1281.4848001340893,1339.1146240234375,13817000
2016-02-05 00:00:00+09:00,1317.698201783946,1343.7873801289588,1304.848307972223,1327.0435791015625,7215000
2016-02-08 00:00:00+09:00,1296.6711295732255,1358.9736463094766,1293.1666130068113,1352.35400390625,6628000
2016-02-09 00:00:00+09:00,1278.7591547723596,1288.8833137321894,1225.8020155978647,1233.200439453125,10057000
2016-02-10 00:00:00+09:00,1227.3595779969262,1251.8911939277025,1167.0040149926358,1187.6417236328125,10378000
2016-02-12 00:00:00+09:00,1136.6317856207127,1144.0302110838143,1090.294278772866,1117.5516357421875,13674000
2016-02-15 00:00:00+09:00,1195.4297898065477,1235.147652529762,1176.7390308779761,1226.5810546875,9028000
2016-02-16 00:00:00+09:00,1212.562717610268,1260.847167508686,1207.500638185434,1239.820068359375,6345000
2016-02-17 00:00:00+09:00,1240.9885030645046,1268.6352503872467,1191.1464797220958,1215.6781005859375,9260000
2016-02-18 00:00:00+09:00,1270.1930006919779,1299.7867064101233,1263.5733559918663,1288.10498046875,8296000
2016-02-19 00:00:00+09:00,1276.0337109770987,1277.2018834314567,1236.7052383470448,1248.386962890625,5804000
2016-02-22 00:00:00+09:00,1261.6262829408533,1292.3881583582383,1256.174811347899,1284.600341796875,7085000
2016-02-23 00:00:00+09:00,1298.2288857278174,1306.016701479034,1267.8564042980724,1270.1927490234375,6529000
2016-02-24 00:00:00+09:00,1241.7669953890954,1270.5819084210154,1220.739896690127,1253.059326171875,6348000
2016-02-25 00:00:00+09:00,1252.6699359065028,1272.528862462683,1250.7229823225637,1263.5728759765625,4833000
2016-02-26 00:00:00+09:00,1277.2018426884392,1280.3169691340208,1243.7142333984375,1243.7142333984375,4880000
2016-02-29 00:00:00+09:00,1187.2523987607567,1273.3077546565019,1176.7388484929506,1231.6429443359375,16882000
2016-03-01 00:00:00+09:00,1214.1203070746526,1229.6959364149304,1172.8448893229165,1198.544677734375,11372000
2016-03-02 00:00:00+09:00,1237.4837781267154,1252.280626323322,1205.1643465393909,1241.377685546875,9438000
2016-03-03 00:00:00+09:00,1245.6610610410391,1292.77734375,1231.642993458208,1292.77734375,8593000
2016-03-04 00:00:00+09:00,1295.8925236273626,1301.343994580122,1284.2108001571642,1297.8394775390625,4776000
2016-03-07 00:00:00+09:00,1304.0697245852775,1304.4591153659837,1227.3597407861434,1230.8642578125,11773000
2016-03-08 00:00:00+09:00,1214.8990484300948,1244.4927431995459,1201.659763927972,1232.421630859375,7177000
2016-03-09 00:00:00+09:00,1210.2266266661554,1235.1476382834765,1208.6690634400727,1229.6961669921875,4593000
2016-03-10 00:00:00+09:00,1246.4398323390794,1259.6791182808254,1232.032374108356,1253.8382568359375,6247000
2016-03-11 00:00:00+09:00,1235.5365704173373,1262.79391675494,1226.580585192125,1255.006103515625,6598000
2016-03-14 00:00:00+09:00,1253.0595451306997,1253.4489359153893,1235.9263506043633,1238.2626953125,6427000
2016-03-15 00:00:00+09:00,1246.050292661848,1249.1654183935025,1232.421617585859,1239.041259765625,5557000
2016-03-16 00:00:00+09:00,1230.4749875280158,1248.776356013401,1226.581079339636,1237.8734130859375,4433000
2016-03-17 00:00:00+09:00,1249.944311395949,1257.7321264202228,1186.863009699331,1193.09326171875,9082000
2016-03-18 00:00:00+09:00,1210.2266758938442,1211.7842391832828,1176.739065170913,1188.8101806640625,8987000
2016-03-22 00:00:00+09:00,1219.57177734375,1288.883327907986,1213.7309163411458,1286.1575927734375,15756000
2016-03-23 00:00:00+09:00,1299.396794665042,1307.5739995460626,1265.1304123064792,1273.3076171875,11352000
2016-03-24 00:00:00+09:00,1267.077512294664,1330.9375958891094,1246.0504115989322,1312.63623046875,10498000
2016-03-25 00:00:00+09:00,1302.5119631084133,1329.3799228855376,1297.4498837301146,1309.52099609375,5254000
2016-03-28 00:00:00+09:00,1311.4678967596321,1329.7692599270024,1304.0694733515463,1328.990478515625,5030000
2016-03-29 00:00:00+09:00,1328.9907099405923,1330.1671549479165,1298.7952880859375,1317.618408203125,8088000
2016-03-30 00:00:00+09:00,1313.6971038705192,1327.814445882262,1268.6000391107848,1268.9921875,9517000
2016-03-31 00:00:00+09:00,1286.2466247558593,1298.403223953247,1254.874755859375,1254.874755859375,6671000
2016-04-01 00:00:00+09:00,1257.6195406540526,1260.364578628664,1202.718781161827,1207.424560546875,7724000
2016-04-04 00:00:00+09:00,1196.836604637687,1233.6985446232516,1190.5622318741869,1205.4638671875,5315000
2016-04-05 00:00:00+09:00,1199.9737313139772,1212.1303279383997,1175.6605380651317,1178.013427734375,5697000
2016-04-06 00:00:00+09:00,1177.2288665114431,1195.2676832534573,1162.7193834798231,1183.8953857421875,5355000
2016-04-07 00:00:00+09:00,1175.6605584610684,1218.7968698122083,1172.9155204659958,1218.0125732421875,6738000
2016-04-08 00:00:00+09:00,1196.0523430853564,1254.8745894666033,1192.5230083024815,1238.7965087890625,9354000
2016-04-11 00:00:00+09:00,1238.404148050078,1246.2471128889003,1211.7380675980812,1243.5020751953125,4903000
2016-04-12 00:00:00+09:00,1248.9923923837098,1282.3249994017992,1244.6787608872512,1280.3642578125,5750000
2016-04-13 00:00:00+09:00,1294.0892673884134,1301.540084382468,1268.2074820406451,1271.73681640625,6184000
2016-04-14 00:00:00+09:00,1316.0495493344908,1345.0685203269677,1308.598732458044,1323.5003662109375,11239000
2016-04-15 00:00:00+09:00,1310.1674616581518,1337.2256941796759,1299.57945762799,1325.8533935546875,5488000
2016-04-18 00:00:00+09:00,1262.717571374705,1299.1873645852168,1262.717571374705,1287.8150634765625,5585000
2016-04-19 00:00:00+09:00,1321.539750402114,1340.7550168026196,1312.9124879365809,1333.30419921875,5772000
2016-04-20 00:00:00+09:00,1349.7746632362214,1376.0486035142071,1330.1672451183217,1350.5589599609375,8551000
2016-04-21 00:00:00+09:00,1368.59778335414,1370.5585251641028,1358.00977758034,1369.382080078125,5127000
2016-04-22 00:00:00+09:00,1348.9902036081535,1357.2253182232032,1328.2063429130278,1344.284423828125,7494000
2016-04-25 00:00:00+09:00,1351.3432117776097,1352.911805174914,1320.7556405301768,1324.6771240234375,6556000
2016-04-26 00:00:00+09:00,1310.5597305091837,1323.8927738476973,1296.050242170213,1307.0303955078125,5754000
2016-04-27 00:00:00+09:00,1298.4029970330707,1305.0695180084747,1283.1092136189088,1295.657958984375,5178000
2016-04-28 00:00:00+09:00,1219.5810293954657,1238.404144961698,1179.581908817222,1188.601318359375,21910000
2016-05-02 00:00:00+09:00,1150.9550931232607,1180.3662113461721,1150.9550931232607,1171.3468017578125,11582000
2016-05-06 00:00:00+09:00,1171.7392830571944,1192.5231458423455,1166.6413544495158,1175.6607666015625,8156000
2016-05-09 00:00:00+09:00,1188.6015348296598,1209.7775436982845,1183.1114584563127,1193.699462890625,6125000
2016-05-10 00:00:00+09:00,1196.0522042502678,1207.8166521609262,1177.621235856903,1189.77783203125,6261000
2016-05-11 00:00:00+09:00,1204.6793585526316,1207.8165443821956,1188.6012811761152,1192.130615234375,4128000
2016-05-12 00:00:00+09:00,1176.8370796593292,1220.7576904296875,1169.3862617607863,1220.7576904296875,5885000
2016-05-13 00:00:00+09:00,1230.169324128092,1234.0908074692718,1203.8953857421875,1203.8953857421875,4614000
2016-05-16 00:00:00+09:00,1218.7970909013536,1242.7181406262516,1211.738420490728,1223.89501953125,4569000
2016-05-17 00:00:00+09:00,1220.3655245065017,1255.6588719376025,1217.2283380681818,1255.2667236328125,5104000
2016-05-18 00:00:00+09:00,1248.2080574201193,1283.893553249598,1245.8551675852086,1265.0704345703125,6044000
2016-05-19 00:00:00+09:00,1283.1088759610236,1293.3047288873643,1272.913023034683,1281.540283203125,4424000
2016-05-20 00:00:00+09:00,1267.423021931332,1286.246136118431,1258.4036130500137,1283.5010986328125,3228000
2016-05-23 00:00:00+09:00,1280.3642392792522,1281.1485359036192,1246.639484431468,1268.2076416015625,3946000
2016-05-24 00:00:00+09:00,1259.188091482284,1259.188091482284,1235.6591953474547,1238.0120849609375,4680000
2016-05-25 00:00:00+09:00,1253.6981632053291,1266.246909286834,1247.8159384796238,1250.953125,3359000
2016-05-26 00:00:00+09:00,1270.560623486236,1272.5213651891468,1241.5416462831552,1244.6788330078125,2760000
2016-05-27 00:00:00+09:00,1246.6395696228722,1260.364761487232,1238.0123061652744,1243.89453125,5111000
2016-05-30 00:00:00+09:00,1256.8354976654052,1257.6197943878174,1235.2673377990723,1254.874755859375,3850000
2016-05-31 00:00:00+09:00,1261.5411414798632,1298.01093512538,1255.6589166983283,1290.16796875,9890000
2016-06-01 00:00:00+09:00,1270.5606566660504,1281.1486621382674,1250.9532391249077,1259.1883544921875,5350000
2016-06-02 00:00:00+09:00,1258.4038717094293,1266.6389858589769,1230.1691946252663,1230.9534912109375,6738000
2016-06-03 00:00:00+09:00,1221.9342042558865,1240.75732421875,1221.5420559233269,1240.75732421875,3233000
2016-06-06 00:00:00+09:00,1211.7383005100683,1243.8944625300765,1202.7188892117733,1242.718017578125,4327000
2016-06-07 00:00:00+09:00,1249.3843808160925,1274.0897216796875,1249.3843808160925,1274.0897216796875,4294000
2016-06-08 00:00:00+09:00,1279.9721628793684,1279.9721628793684,1255.6589661580078,1279.1878662109375,4852000
2016-06-09 00:00:00+09:00,1286.2463390150062,1288.9913769336358,1272.9132976959481,1277.2269287109375,3975000
2016-06-10 00:00:00+09:00,1276.0506150702467,1277.2270600134584,1255.6589027212447,1259.9725341796875,4798000
2016-06-13 00:00:00+09:00,1239.5808239424125,1242.325862147916,1204.2874755859375,1204.2874755859375,4882000
2016-06-14 00:00:00+09:00,1199.9738998037253,1228.6007281323764,1188.2094498056497,1194.0916748046875,5361000
2016-06-15 00:00:00+09:00,1184.2877572274058,1198.4050947307787,1174.0919023638585,1180.7584228515625,4489000
2016-06-16 00:00:00+09:00,1195.2680057460539,1199.973785296235,1141.543689214817,1148.9945068359375,6154000
2016-06-17 00:00:00+09:00,1156.8374296090292,1162.7196538273802,1146.6415742972208,1151.739501953125,5994000
2016-06-20 00:00:00+09:00,1174.091796875,1184.2876508224783,1154.876533666291,1174.091796875,5058000
2016-06-21 00:00:00+09:00,1156.053159720065,1188.6014678125905,1147.4258973340943,1183.5035400390625,4017000
2016-06-22 00:00:00+09:00,1183.1115883501839,1183.1115883501839,1151.3475715598738,1166.641357421875,4968000
2016-06-23 00:00:00+09:00,1169.7783255061113,1180.7584774049283,1159.190321889395,1170.5626220703125,4221000
2016-06-24 00:00:00+09:00,1187.4248259171195,1191.7384563943613,1067.0353207795515,1082.3291015625,9195000
2016-06-27 00:00:00+09:00,1098.0153735518843,1116.838494241345,1076.4472144285437,1087.4273681640625,10302000
2016-06-28 00:00:00+09:00,1059.9768497424302,1097.2309380611616,1047.820252501581,1085.0743408203125,8256000
2016-06-29 00:00:00+09:00,1098.0153180321674,1135.6615575075562,1096.0545763928244,1135.2694091796875,6606000
2016-06-30 00:00:00+09:00,1156.837623970207,1174.4842995900915,1143.896728515625,1143.896728515625,5759000
2016-07-01 00:00:00+09:00,1153.3078983822102,1161.5430108834094,1139.9748590945546,1149.778564453125,4411000
2016-07-04 00:00:00+09:00,1146.641698658265,1163.50407657971,1139.1908805069288,1161.5433349609375,3133000
2016-07-05 00:00:00+09:00,1152.523633873981,1160.7587466032608,1128.6025921365488,1136.445556640625,4212000
2016-07-06 00:00:00+09:00,1098.407240823844,1129.7791006117438,1085.0742004139863,1127.818359375,5782000
2016-07-07 00:00:00+09:00,1128.6026432738481,1172.131098243757,1116.0538994987394,1171.3468017578125,7597000
2016-07-08 00:00:00+09:00,1288.9913073858017,1307.4222752735816,1245.854999563338,1276.0504150390625,29247000
2016-07-11 00:00:00+09:00,1276.0504150390625,1276.0504150390625,1276.0504150390625,1276.0504150390625,0
2016-07-12 00:00:00+09:00,1709.7664138606883,1807.4113306155764,1580.7496363010173,1791.333251953125,141815000
2016-07-13 00:00:00+09:00,1712.9036813230075,1765.4515506676235,1647.807067060274,1712.119384765625,104469000
2016-07-14 00:00:00+09:00,1764.6673390987833,2036.0339610224185,1749.765703790838,1984.2703857421875,175959000
2016-07-15 00:00:00+09:00,2062.7002172833986,2180.344716368003,2007.7994510439166,2178.776123046875,177801000
2016-07-19 00:00:00+09:00,2458.769749109198,2564.6497861521775,2278.7736861361323,2491.710205078125,226639000
2016-07-20 00:00:00+09:00,2287.793286708761,2351.321314210787,2039.1712531514497,2177.599609375,261373000
2016-07-21 00:00:00+09:00,2274.460178920201,2296.4204840959824,2096.816995980399,2196.030517578125,183044000
2016-07-22 00:00:00+09:00,2141.129391762823,2346.6150696536142,2130.9335375163337,2213.28466796875,254126000
2016-07-25 00:00:00+09:00,1860.3515490417744,1925.8403156290376,1821.13671875,1821.13671875,113211000
2016-07-26 00:00:00+09:00,1727.805372677197,1873.6845371429067,1701.9235854332808,1850.1556396484375,166336000
2016-07-27 00:00:00+09:00,1788.196340944435,1822.7053931380995,1718.0017915959584,1749.3736572265625,97224000
2016-07-28 00:00:00+09:00,1731.3344976436028,1772.5100632727258,1625.4544717401436,1653.2969970703125,142096000
2016-07-29 00:00:00+09:00,1647.0227842634706,1708.1979162503997,1603.1021766831116,1686.6297607421875,108895000
2016-08-01 00:00:00+09:00,1614.47468090535,1682.3163422598861,1576.4362927470263,1644.2779541015625,73006000
2016-08-02 00:00:00+09:00,1678.3946309751398,1687.806189653505,1638.3955065920875,1647.4149169921875,46412000
2016-08-03 00:00:00+09:00,1620.356836122938,1684.6691597251067,1617.6117979204062,1652.120849609375,51317000
2016-08-04 00:00:00+09:00,1670.5516577407243,1676.0417336112337,1641.5326852823173,1664.66943359375,30225000
2016-08-05 00:00:00+09:00,1670.551761348208,1673.6889477544955,1615.650999238173,1624.67041015625,27967000
2016-08-08 00:00:00+09:00,1624.670277846487,1672.1202183773642,1604.6707161351253,1668.9830322265625,37316000
2016-08-09 00:00:00+09:00,1679.9633798678542,1799.1764675148727,1672.120413575287,1792.1177978515625,90963000
2016-08-10 00:00:00+09:00,1805.0587792936597,1832.1170143080553,1757.608830935082,1786.6278076171875,61861000
2016-08-12 00:00:00+09:00,1803.8820467862215,1808.9799743097478,1719.9623167835582,1725.452392578125,37145000
2016-08-15 00:00:00+09:00,1721.5311257444268,1746.2364699179802,1699.1786714921643,1730.550537109375,22801000
2016-08-16 00:00:00+09:00,1730.5505437692884,1743.0992900644658,1703.1001612485882,1703.4923095703125,20804000
2016-08-17 00:00:00+09:00,1707.806304797202,1781.9223533865638,1706.6298595814978,1780.353759765625,36900000
2016-08-18 00:00:00+09:00,1764.6672585615036,1829.3717247087586,1746.2362894165278,1795.64697265625,48561000
2016-08-19 00:00:00+09:00,1815.6468582840653,1822.313380225929,1730.5506664379222,1741.138671875,35993000
2016-08-22 00:00:00+09:00,1756.8244696100917,1801.1372296694533,1739.5699435692782,1795.2550048828125,33338000
2016-08-23 00:00:00+09:00,1807.41163549151,1807.41163549151,1753.2951664748407,1772.1182861328125,30376000
2016-08-24 00:00:00+09:00,1771.3341276310694,1786.2357651891787,1734.472182092588,1755.648193359375,24426000
2016-08-25 00:00:00+09:00,1739.9620034746129,1762.706604827222,1736.0405204827837,1744.275634765625,15023000
2016-08-26 00:00:00+09:00,1738.7856428428638,1741.1385327519881,1699.5708110241253,1701.139404296875,18167000
2016-08-29 00:00:00+09:00,1732.5110315938232,1761.1378548863422,1727.0209558938882,1757.6085205078125,19026000
2016-08-30 00:00:00+09:00,1746.2364141984574,1754.079380352504,1731.7269268134714,1740.746337890625,12629000
2016-08-31 00:00:00+09:00,1764.6672662064154,1786.2354216822716,1752.118521202281,1778.3924560546875,17154000
2016-09-01 00:00:00+09:00,1788.1962477992959,1839.1755267935741,1765.8437947018047,1837.60693359375,28022000
2016-09-02 00:00:00+09:00,1827.411393967123,1896.4295067006453,1827.411393967123,1868.19482421875,56776000
2016-09-05 00:00:00+09:00,1886.2333975961797,1889.3705841202482,1816.4309974356559,1820.74462890625,30570000
2016-09-06 00:00:00+09:00,1827.0189907195463,1851.3321861315685,1821.5289143361863,1847.0185546875,15880000
2016-09-07 00:00:00+09:00,1827.411405474919,1937.2129491515236,1826.2349603640982,1936.82080078125,52440000
2016-09-08 00:00:00+09:00,2289.7534925078394,2290.1456407339924,2122.3061999404736,2192.500732421875,135404000
2016-09-09 00:00:00+09:00,2160.7371601916007,2190.932579671592,2138.384706810308,2166.619384765625,62684000
2016-09-12 00:00:00+09:00,2141.129939342626,2162.305949731729,2074.464721451006,2093.287841796875,47167000
2016-09-13 00:00:00+09:00,2110.5421214748476,2123.875163490854,2007.0149717035063,2009.760009765625,60177000
2016-09-14 00:00:00+09:00,2007.799335080567,2065.445136302607,1990.1526612370856,2019.9559326171875,52136000
2016-09-15 00:00:00+09:00,2032.112404338585,2114.8556921262043,2025.0537352382196,2111.718505859375,58066000
2016-09-16 00:00:00+09:00,2086.6210871650137,2142.698293604517,2063.092189358229,2122.69873046875,51748000
2016-09-20 00:00:00+09:00,2090.1504287007483,2178.3837957659766,2082.699611037462,2142.30615234375,47493000
2016-09-21 00:00:00+09:00,2140.737392142208,2152.8939884339115,2094.0717483127664,2117.20849609375,44626000
2016-09-23 00:00:00+09:00,2105.8366160136793,2138.7770770462957,2076.0333417460743,2125.836181640625,34970000
2016-09-26 00:00:00+09:00,2113.286844595683,2119.9533646101804,2088.5815057184277,2092.11083984375,18109000
2016-09-27 00:00:00+09:00,2071.719556020769,2128.1889135954407,2070.5431110712966,2120.345947265625,30115000
2016-09-28 00:00:00+09:00,2109.7578094403684,2153.6784181127327,2103.8755850646053,2127.796630859375,25253000
2016-09-29 00:00:00+09:00,2155.247387317497,2155.247387317497,2112.503216062474,2128.581298828125,21384000
2016-09-30 00:00:00+09:00,2111.32668355631,2136.032029221995,2086.621337890625,2086.621337890625,21955000
2016-10-03 00:00:00+09:00,2101.914546257563,2108.97321450992,2061.5232779246285,2074.072021484375,20227000
2016-10-04 00:00:00+09:00,2082.6998164607317,2083.876261470971,2033.6812743674172,2052.50439453125,21148000
2016-10-05 00:00:00+09:00,2058.778952270234,2101.130976431222,2045.8380559988213,2100.3466796875,24095000
2016-10-06 00:00:00+09:00,2101.5223550490855,2112.8946536675635,2067.4054591936515,2067.797607421875,19068000
2016-10-07 00:00:00+09:00,2068.582496342922,2097.9936218833423,2061.5238262132207,2093.287841796875,17563000
2016-10-11 00:00:00+09:00,2078.386059101258,2087.4054703011316,2061.131533327587,2061.523681640625,15812000
2016-10-12 00:00:00+09:00,2048.190791131725,2065.445318187018,2027.0147806547743,2028.5833740234375,14882000
2016-10-13 00:00:00+09:00,2040.3473216392392,2081.1307391772903,2033.288653219192,2045.0531005859375,22461000
2016-10-14 00:00:00+09:00,2018.7796375710498,2056.425877898715,2009.3680774891334,2052.50439453125,16394000
2016-10-17 00:00:00+09:00,2076.03311049559,2076.4252587975348,2012.8972338824826,2034.0732421875,21953000
2016-10-18 00:00:00+09:00,2025.8380294820179,2063.876412923705,2010.5442464487621,2056.033447265625,16602000
2016-10-19 00:00:00+09:00,2047.7982020465874,2063.876280614935,2037.2101990869442,2045.4453125,10766000
2016-10-20 00:00:00+09:00,2034.4657177643783,2138.777182861781,2024.2698602736548,2113.6796875,52014000
2016-10-21 00:00:00+09:00,2039.1712751420735,2054.0729113834964,1962.7023523242458,1975.2510986328125,60956000
2016-10-24 00:00:00+09:00,1952.8984426944812,1952.8984426944812,1877.605972614694,1879.9588623046875,43824000
2016-10-25 00:00:00+09:00,1874.4689686732515,1939.1734414412613,1872.116078754415,1936.0362548828125,32113000
2016-10-26 00:00:00+09:00,1924.663563664547,1960.7412017772483,1914.4677094153053,1923.094970703125,23514000
2016-10-27 00:00:00+09:00,1844.6657931170887,1952.5065867198095,1844.2736447767152,1951.7222900390625,58395000
2016-10-28 00:00:00+09:00,1968.1922129444333,2009.7599305320225,1961.5256921992539,2007.014892578125,32180000
2016-10-31 00:00:00+09:00,2007.7994791666665,2031.328379313151,1987.7999140421548,1995.250732421875,21720000
2016-11-01 00:00:00+09:00,1994.4664992911335,2007.01524643571,1977.2119719673408,1995.6429443359375,13507000
2016-11-02 00:00:00+09:00,1984.2703737971306,2006.6228266244896,1956.8199931319527,1991.72119140625,19732000
2016-11-04 00:00:00+09:00,1960.741512110976,1966.2315883448866,1910.5465294009348,1913.6837158203125,21546000
2016-11-07 00:00:00+09:00,1930.5457339771708,1935.6436609610635,1901.1346167624058,1924.2713623046875,12319000
2016-11-08 00:00:00+09:00,1936.8203526402378,1948.5848010263903,1912.8993075883945,1915.252197265625,10314000
2016-11-09 00:00:00+09:00,1928.5852506247616,1929.3695471886592,1741.1383718531804,1797.215576171875,42339000
2016-11-10 00:00:00+09:00,1887.0173956946437,1925.4479245346427,1874.4686515836236,1914.4677734375,24270000
2016-11-11 00:00:00+09:00,1925.840031312808,1926.624327802856,1883.0958726051933,1890.154541015625,13366000
2016-11-14 00:00:00+09:00,1890.1548007836088,1954.4671218061217,1876.0374620225693,1948.1927490234375,16608000
2016-11-15 00:00:00+09:00,1937.604512589839,1951.721849657889,1923.8793237736795,1949.7611083984375,11431000
2016-11-16 00:00:00+09:00,1996.819503157106,2056.0339071195417,1989.7608324860873,2003.878173828125,32172000
2016-11-17 00:00:00+09:00,2013.2892601555002,2043.092529296875,2008.5834808173884,2043.092529296875,18633000
2016-11-18 00:00:00+09:00,2086.228931888635,2105.052050071089,2053.6806233648085,2103.09130859375,26443000
2016-11-21 00:00:00+09:00,2126.2278227600873,2168.579833984375,2109.757596172864,2168.579833984375,29208000
2016-11-22 00:00:00+09:00,2154.0706353914243,2186.618944646383,2151.325597261488,2184.658203125,22301000
2016-11-24 00:00:00+09:00,2215.638052931914,2230.1475410661583,2161.521583674462,2167.40380859375,27118000
2016-11-25 00:00:00+09:00,2176.030824013379,2192.108903628544,2161.913485814698,2185.4423828125,16667000
2016-11-28 00:00:00+09:00,2181.1287452062197,2205.4419386982704,2171.3250381529733,2193.677490234375,16685000
2016-11-29 00:00:00+09:00,2203.0895494554416,2203.0895494554416,2176.0313118419804,2195.24658203125,11643000
2016-11-30 00:00:00+09:00,2215.245728967428,2215.245728967428,2170.5408231252813,2178.3837890625,17992000
2016-12-01 00:00:00+09:00,2196.030731310397,2206.226588277196,2185.0505776538453,2191.324951171875,16011000
2016-12-02 00:00:00+09:00,2177.991880394655,2188.579885574823,2106.620882513519,2121.13037109375,23404000
2016-12-05 00:00:00+09:00,2105.8362957292434,2142.306086325672,2090.1503642899197,2123.0908203125,13471000
2016-12-06 00:00:00+09:00,2148.5804441826103,2190.1481622120605,2132.502364567446,2185.4423828125,16993000
2016-12-07 00:00:00+09:00,2196.030018651715,2224.2646903200944,2178.3833488589785,2194.46142578125,18302000
2016-12-08 00:00:00+09:00,2214.069150226279,2215.637743318894,2190.148105563898,2213.677001953125,14631000
2016-12-09 00:00:00+09:00,2227.402831113271,2307.401101808184,2225.049940798715,2294.460205078125,41857000
2016-12-12 00:00:00+09:00,2345.046861713435,2367.007166772959,2266.617200786565,2305.83203125,36809000
2016-12-13 00:00:00+09:00,2287.7929265272714,2292.498705601376,2205.0496444742625,2217.598388671875,30445000
2016-12-14 00:00:00+09:00,2217.598229620476,2221.1275636729224,2186.6185196045576,2194.0693359375,17860000
2016-12-15 00:00:00+09:00,2211.7165383471215,2221.1280980847687,2142.6984336043743,2162.697998046875,30907000
2016-12-16 00:00:00+09:00,2141.130105271255,2141.914402013113,2041.5244190553399,2070.935546875,53564000
2016-12-19 00:00:00+09:00,1960.741461246307,1994.4662143797434,1908.9778866694046,1924.663818359375,56297000
2016-12-20 00:00:00+09:00,1922.70303655252,1971.3294237710622,1913.6836260200485,1946.23193359375,40576000
2016-12-21 00:00:00+09:00,1960.7413315646656,1969.3685934235502,1917.997170536556,1923.87939453125,22149000
2016-12-22 00:00:00+09:00,1890.939002248639,1916.0364921167256,1843.4890604667883,1850.5477294921875,33606000
2016-12-26 00:00:00+09:00,1871.3317174614385,1939.9576710565248,1866.6259377863469,1925.84033203125,23638000
2016-12-27 00:00:00+09:00,1937.9969295252367,1946.6241922629047,1887.017649711744,1925.84033203125,23157000
2016-12-28 00:00:00+09:00,1914.860071094111,1928.193112752354,1899.9584362996043,1909.3699951171875,13122000
2016-12-29 00:00:00+09:00,1897.9982099355282,1915.2527391167603,1891.3316872973248,1914.0762939453125,10953000
2016-12-30 00:00:00+09:00,1911.3307764229,1932.114635912111,1907.4092935004073,1924.663818359375,11996000
2017-01-04 00:00:00+09:00,1924.6641543519263,1925.0563027126336,1908.1939232022155,1919.9583740234375,14376000
2017-01-05 00:00:00+09:00,1925.840458840435,1948.1929137689433,1872.508285677678,1888.978515625,25462000
2017-01-06 00:00:00+09:00,1882.311671647609,1899.1740470394523,1876.0372994087836,1886.233154296875,14435000
2017-01-10 00:00:00+09:00,1920.742492400284,1923.8796789946496,1896.821444618247,1911.3309326171875,17259000
2017-01-11 00:00:00+09:00,1933.2910884448324,1988.19184957714,1927.8010123316017,1972.11376953125,32244000
2017-01-12 00:00:00+09:00,1984.2698436918713,1992.8971038818358,1937.2120608375185,1976.4268798828125,25818000
2017-01-13 00:00:00+09:00,1952.8987068256579,1967.408195209704,1852.5087331414475,1862.70458984375,75892000
2017-01-16 00:00:00+09:00,1827.411203844794,1839.1756536549535,1796.4314860113736,1819.5682373046875,36756000
2017-01-17 00:00:00+09:00,1799.5686856549448,1866.2339017284555,1799.5686856549448,1849.763671875,32123000
2017-01-18 00:00:00+09:00,1844.2732892884849,1859.1749233503524,1816.038614223894,1840.351806640625,28302000
2017-01-19 00:00:00+09:00,1826.2345807500246,1889.7626035289604,1807.803611178358,1866.6258544921875,36079000
2017-01-20 00:00:00+09:00,1867.8022106039891,1892.5075516218458,1846.2340557471302,1853.292724609375,20924000
2017-01-23 00:00:00+09:00,1844.6658885181837,1858.7832295017413,1825.8427672067737,1843.881591796875,12083000
2017-01-24 00:00:00+09:00,1838.3912059424026,1848.587061606759,1823.489570740651,1824.666015625,11068000
2017-01-25 00:00:00+09:00,1843.0969121875994,1855.2535088424538,1825.8423879032898,1850.5477294921875,11931000
2017-01-26 00:00:00+09:00,1850.9402925461393,1859.5675566215662,1839.5679899012582,1848.58740234375,14533000
2017-01-27 00:00:00+09:00,1853.2928967238386,1853.2928967238386,1835.6462229293882,1842.312744140625,8360000
2017-01-30 00:00:00+09:00,1843.0970183659226,1854.8614674193223,1841.5284251588027,1848.1949462890625,7187000
2017-01-31 00:00:00+09:00,1821.9214541953327,1843.8817644482253,1811.7255958636326,1813.294189453125,13502000
2017-02-01 00:00:00+09:00,1764.6672403746547,1781.9217645027625,1725.8445610864123,1774.470947265625,30826000
2017-02-02 00:00:00+09:00,1789.3728355285753,1801.1372854663043,1760.7460073467682,1766.236083984375,16245000
2017-02-03 00:00:00+09:00,1791.7255447715877,1880.3510586955051,1789.7648033130938,1877.9981689453125,36983000
2017-02-06 00:00:00+09:00,1882.3118137112913,1894.860559136033,1848.5870603822973,1861.5279541015625,15932000
2017-02-07 00:00:00+09:00,1832.116999165949,1847.8029323779863,1819.5682525963193,1821.921142578125,12100000
2017-02-08 00:00:00+09:00,1829.764002084117,1837.2148199237222,1796.431395959567,1824.27392578125,14047000
2017-02-09 00:00:00+09:00,1821.921049375968,1857.9986939180665,1807.8037102073208,1835.646240234375,16052000
2017-02-10 00:00:00+09:00,1854.861142373685,1861.1355141026447,1831.7243966231465,1854.468994140625,13191000
2017-02-13 00:00:00+09:00,1865.4496409517594,1870.5475693377953,1847.0186690945527,1855.2537841796875,8293000
2017-02-14 00:00:00+09:00,1842.7048962265894,1848.9792691441517,1823.8817774739023,1824.27392578125,10102000
2017-02-15 00:00:00+09:00,1832.5089897602968,1841.528400580859,1778.7846731334703,1779.5689697265625,17217000
2017-02-16 00:00:00+09:00,1785.8438016370094,1815.6470798373634,1783.8830596501439,1813.294189453125,13049000
2017-02-17 00:00:00+09:00,1808.5878609371653,1836.8225369968957,1794.078374628693,1831.724609375,13808000
2017-02-20 00:00:00+09:00,1816.0390322136657,1819.9605157641163,1795.6473177513226,1811.333251953125,8080000
2017-02-21 00:00:00+09:00,1813.2938919149829,1826.2347869048606,1806.235221920504,1814.4703369140625,6273000
2017-02-22 00:00:00+09:00,1817.2150391358155,1828.1951904296875,1804.6662947999616,1828.1951904296875,8682000
2017-02-23 00:00:00+09:00,1821.1370163900897,1823.8820549591533,1808.5882686457996,1819.9605712890625,6846000
2017-02-24 00:00:00+09:00,1820.7441628617173,1866.625504032258,1814.0776432044593,1859.958984375,17905000
2017-02-27 00:00:00+09:00,1842.7049894332886,1872.5082622992027,1842.3128411061055,1857.2144775390625,10125000
2017-02-28 00:00:00+09:00,1866.233425241024,1868.5863146193485,1841.920234998338,1843.0966796875,10896000
2017-03-01 00:00:00+09:00,1843.4890209850846,1844.6654657974552,1821.9208660916192,1826.2344970703125,12109000
2017-03-02 00:00:00+09:00,1838.7828974289191,1839.1750456262807,1790.940817350794,1794.0780029296875,20381000
2017-03-03 00:00:00+09:00,1801.5295481720034,1868.9790654305111,1799.1766580350788,1859.5675048828125,48342000
2017-03-06 00:00:00+09:00,1880.7431768536962,1922.7030433931761,1871.723766289135,1901.1348876953125,34599000
2017-03-07 00:00:00+09:00,1924.6638954876405,1954.4671668929095,1911.723001324826,1936.4283447265625,35312000
2017-03-08 00:00:00+09:00,1977.212025191969,1985.8392890861028,1937.997189309542,1947.0166015625,38078000
2017-03-09 00:00:00+09:00,1960.741400428642,1964.2707349494135,1924.6637586607549,1934.0753173828125,21393000
2017-03-10 00:00:00+09:00,1934.0748085961188,1963.87807004245,1930.9376231807155,1939.95703125,22282000
2017-03-13 00:00:00+09:00,1937.9966128906249,1961.525507421875,1919.95779375,1960.7412109375,14231000
2017-03-14 00:00:00+09:00,1960.7417657223032,1966.2318426663255,1947.4087217153915,1952.114501953125,10586000
2017-03-15 00:00:00+09:00,1948.1927627279495,1963.0943981916494,1948.1927627279495,1959.5650634765625,11182000
2017-03-16 00:00:00+09:00,1956.4279639574484,1976.035379912123,1955.6436673192613,1972.898193359375,12475000
2017-03-17 00:00:00+09:00,1965.0551411835265,2010.544344212321,1948.584912500687,2006.230712890625,25691000
2017-03-21 00:00:00+09:00,2058.7788771929436,2082.699927004138,2030.544195448583,2059.955322265625,42106000
2017-03-22 00:00:00+09:00,2050.151695915435,2168.188356296182,2049.367399168719,2149.365234375,61439000
2017-03-23 00:00:00+09:00,2172.109479599198,2201.520602720689,2079.5624788435725,2104.267822265625,61249000
2017-03-24 00:00:00+09:00,2104.6596201131883,2134.855034823215,2084.6600597208326,2106.620361328125,24353000
2017-03-27 00:00:00+09:00,2111.3268257014834,2130.9342442165416,2096.8173360003398,2108.581787109375,17503000
2017-03-28 00:00:00+09:00,2108.581537285732,2109.365833933411,2062.7001833964946,2088.97412109375,21553000
2017-03-29 00:00:00+09:00,2112.489925880847,2139.593570212903,2098.5395207099355,2126.041748046875,17000000
2017-03-30 00:00:00+09:00,2126.839279488844,2132.8180255893562,2070.63906614403,2072.2333984375,18921000
2017-03-31 00:00:00+09:00,2069.8421651413114,2103.3231475930484,2043.934262053658,2059.47900390625,21813000
2017-04-03 00:00:00+09:00,2069.8419869953486,2135.2096137750978,2067.0519053645057,2132.818115234375,19923000
2017-04-04 00:00:00+09:00,2138.000069152094,2150.754730265604,2063.863601429818,2077.016845703125,24921000
2017-04-05 00:00:00+09:00,2077.016802704805,2106.9105390707346,2043.5358179749633,2079.806884765625,19705000
2017-04-06 00:00:00+09:00,2079.806302883248,2114.881610406001,2073.4289742427472,2102.126953125,22016000
2017-04-07 00:00:00+09:00,2102.12748584714,2102.12748584714,2024.4037733442594,2053.89892578125,28057000
2017-04-10 00:00:00+09:00,2043.1368913297163,2075.023538092568,2027.9907341173619,2054.69580078125,16032000
2017-04-11 00:00:00+09:00,2049.1154315673307,2062.6672550789604,2031.179194566644,2049.91259765625,11694000
2017-04-12 00:00:00+09:00,2016.8299683999473,2046.72369322801,2016.8299683999473,2041.5421142578125,12971000
2017-04-13 00:00:00+09:00,2026.3964769269699,2046.72421499213,2002.4814909679576,2012.0474853515625,13819000
2017-04-14 00:00:00+09:00,2015.2360248447203,2091.7639751552792,2013.6416925465837,2053.5,25087000
2017-04-17 00:00:00+09:00,2074.6249401738028,2125.24499154788,2074.6249401738028,2112.888916015625,22667000
2017-04-18 00:00:00+09:00,2130.0284659835297,2144.3774601406044,2105.714892550709,2129.6298828125,21596000
2017-04-19 00:00:00+09:00,2141.5871114604424,2182.2425898466263,2134.8111983960785,2165.103515625,30067000
2017-04-20 00:00:00+09:00,2176.661967752497,2196.5911196271763,2136.405080965644,2137.600830078125,26201000
2017-04-21 00:00:00+09:00,2166.697968619816,2179.851212358678,2145.1744788653145,2152.74755859375,20159000
2017-04-24 00:00:00+09:00,2176.263830472746,2193.4029045955167,2164.30633689872,2181.843994140625,19840000
2017-04-25 00:00:00+09:00,2203.7662149191924,2233.2613677323634,2197.7874677273335,2228.876953125,29722000
2017-04-26 00:00:00+09:00,2233.6593481639775,2233.6593481639775,2193.0038782295155,2201.772705078125,20083000
2017-04-27 00:00:00+09:00,2216.1220601788636,2216.1220601788636,2173.8722511179,2189.4169921875,19272000
2017-04-28 00:00:00+09:00,2152.348720736205,2252.791661037228,2145.57280809685,2235.652587890625,56412000
2017-05-01 00:00:00+09:00,2263.952182754282,2268.7351803234815,2249.6031900466846,2257.17626953125,22198000
2017-05-02 00:00:00+09:00,2255.980819355052,2268.735481231264,2242.8275742952083,2260.365234375,14686000
2017-05-08 00:00:00+09:00,2310.187567115368,2340.8784647461275,2290.2584128096796,2296.6357421875,34466000
2017-05-09 00:00:00+09:00,2287.866656992235,2309.788724263067,2283.8808265793564,2290.65673828125,14173000
2017-05-10 00:00:00+09:00,2308.1948212807865,2351.640380859375,2283.0840850105933,2351.640380859375,26137000
2017-05-11 00:00:00+09:00,2351.6405349295037,2368.3810268730695,2342.871705816207,2355.227783203125,18796000
2017-05-12 00:00:00+09:00,2355.6263064173536,2372.3667979350407,2335.697149848679,2350.046142578125,13745000
2017-05-15 00:00:00+09:00,2325.3336479067702,2402.658764069594,2308.9917419135963,2370.37353515625,27150000
2017-05-16 00:00:00+09:00,2382.330927692043,2412.224656916889,2378.3450971287307,2390.701171875,26006000
2017-05-17 00:00:00+09:00,2387.512598585089,2445.7057270314035,2383.9253509411383,2430.5595703125,26317000
2017-05-18 00:00:00+09:00,2393.8902060376786,2437.734349005402,2392.295873566125,2425.77685546875,20948000
2017-05-19 00:00:00+09:00,2443.314391082663,2447.300222063222,2406.6447460615204,2415.41357421875,14719000
2017-05-22 00:00:00+09:00,2428.9652380262996,2435.342567171101,2409.8332505918947,2430.5595703125,11265000
2017-05-23 00:00:00+09:00,2435.3426859168812,2462.4463361038447,2428.168190279155,2461.649169921875,17429000
2017-05-24 00:00:00+09:00,2471.2158126543877,2542.9607878604825,2468.8243134808513,2541.366455078125,30799000
2017-05-25 00:00:00+09:00,2550.134333748918,2574.8464826536433,2520.6391882819876,2532.5966796875,27044000
2017-05-26 00:00:00+09:00,2556.5120214668896,2671.303955078125,2538.9743649429506,2671.303955078125,53093000
2017-05-29 00:00:00+09:00,2650.5775184238078,2758.992117673624,2622.6767024403994,2706.379150390625,61956000
2017-05-30 00:00:00+09:00,2718.3366048129224,2746.2374204048438,2679.2754629842325,2711.162109375,32060000
2017-05-31 00:00:00+09:00,2702.393265201291,2726.30824984909,2658.549126680326,2682.464111328125,29260000
2017-06-01 00:00:00+09:00,2665.7234832064237,2678.4781410208084,2631.445340330264,2643.40283203125,22613000
2017-06-02 00:00:00+09:00,2648.1859952668456,2695.218798915474,2604.3418562723614,2673.6953125,36545000
2017-06-05 00:00:00+09:00,2670.506686077388,2757.397799146772,2664.1293566778004,2755.803466796875,32661000
2017-06-06 00:00:00+09:00,2785.299069516135,2816.3885554094177,2700.799441190803,2760.5869140625,44382000
2017-06-07 00:00:00+09:00,2795.6613167911723,2795.6613167911723,2716.741878421533,2730.293701171875,30276000
2017-06-08 00:00:00+09:00,2749.4262282184604,2770.9497156530497,2705.582087148001,2708.770751953125,26296000
2017-06-09 00:00:00+09:00,2730.294193309453,2787.690158833039,2718.336700492039,2775.732666015625,31730000
2017-06-12 00:00:00+09:00,2719.9311348333704,2741.4546227115943,2650.5776738924255,2711.95947265625,33632000
2017-06-13 00:00:00+09:00,2701.596384588952,2734.2802003954275,2673.6955662175696,2723.119873046875,21227000
2017-06-14 00:00:00+09:00,2789.2842838476113,2810.807769318856,2770.949462890625,2770.949462890625,31215000
2017-06-15 00:00:00+09:00,2798.053896821121,2898.4968572198277,2791.676566002155,2889.72802734375,49185000
2017-06-16 00:00:00+09:00,2869.7986395324638,2924.005947168077,2857.8411452010787,2872.9873046875,44381000
2017-06-19 00:00:00+09:00,2888.132801997197,2951.906090476296,2884.1469714672535,2946.325927734375,32393000
2017-06-20 00:00:00+09:00,2997.3449443007344,3006.910938803822,2971.0384594172438,2985.387451171875,28883000
2017-06-21 00:00:00+09:00,2989.3729917464716,3006.910646631384,2955.094848107779,2965.4580078125,29147000
2017-06-22 00:00:00+09:00,2965.4585300384356,3007.7083424287684,2958.2840335947944,2981.40185546875,22694000
2017-06-23 00:00:00+09:00,3000.5335885166005,3075.4672116092042,2992.561926485472,3064.306884765625,42876000
2017-06-26 00:00:00+09:00,3104.9623145202513,3144.0234578864884,3094.5991540353316,3131.268798828125,36280000
2017-06-27 00:00:00+09:00,3150.4008436387335,3151.1980098441077,3074.670054128187,3134.45751953125,35916000
2017-06-28 00:00:00+09:00,3101.7736932448797,3120.1085158983446,3006.113748965932,3018.868408203125,40559000
2017-06-29 00:00:00+09:00,3057.1320137232465,3098.58465119746,2998.1417219330197,3091.41015625,41314000
2017-06-30 00:00:00+09:00,2989.372933746143,3027.636907298094,2979.8069403581558,3003.721923828125,34045000
2017-07-03 00:00:00+09:00,3004.519494483427,3016.476987828413,2933.5717006365117,2943.1376953125,28464000
2017-07-04 00:00:00+09:00,2927.1939343473928,2929.585432659768,2785.2983678131236,2797.255859375,62853000
2017-07-05 00:00:00+09:00,2751.8180224581806,2844.289311741248,2710.3653755381847,2823.56298828125,66577000
2017-07-06 00:00:00+09:00,2836.317419276422,2869.7984006169527,2777.3271188192957,2786.095947265625,35592000
2017-07-07 00:00:00+09:00,2746.237624236748,2813.1995866274265,2731.0914660769517,2802.83642578125,31374000
2017-07-10 00:00:00+09:00,2853.05807460809,2920.8172074221966,2829.1430865560524,2907.265380859375,39041000
2017-07-11 00:00:00+09:00,2924.8022722951982,2931.976766830673,2841.89700210749,2874.580810546875,35088000
2017-07-12 00:00:00+09:00,2863.421159794038,2904.0766383991318,2849.0721673451817,2871.392822265625,23933000
2017-07-13 00:00:00+09:00,2901.6850146957127,2906.4680119726836,2864.2182026927735,2881.755859375,23030000
2017-07-14 00:00:00+09:00,2881.755664021674,2882.552830180463,2845.883186876176,2860.232177734375,17060000
2017-07-17 00:00:00+09:00,2860.232177734375,2860.232177734375,2860.232177734375,2860.232177734375,0
2017-07-18 00:00:00+09:00,2835.5205168423586,2917.6286453874145,2831.534685359589,2909.656982421875,27113000
2017-07-19 00:00:00+09:00,2931.1802293572746,3002.925190097594,2924.0057332832425,3000.53369140625,33779000
2017-07-20 00:00:00+09:00,3013.2881463838926,3013.2881463838926,2956.689347867158,2975.024169921875,26690000
2017-07-21 00:00:00+09:00,2982.996059116402,3006.113879991436,2960.675404478439,2967.052734375,19581000
2017-07-24 00:00:00+09:00,2946.326886511796,2946.326886511796,2888.1337418377266,2888.930908203125,21527000
2017-07-25 00:00:00+09:00,2864.218299273526,2897.6992813412935,2796.4591688982828,2813.996826171875,33310000
2017-07-26 00:00:00+09:00,2815.590901396946,2874.581197745579,2810.0107382288315,2851.46337890625,32882000
2017-07-27 00:00:00+09:00,2990.170198555022,3074.6698096045643,2957.486386733973,3068.29248046875,80426000
2017-07-28 00:00:00+09:00,3020.462222855421,3049.160201219843,2975.8209231774313,2986.18408203125,38504000
2017-07-31 00:00:00+09:00,2969.4442293051084,3012.491206052082,2943.9349097513464,2987.779052734375,25207000
2017-08-01 00:00:00+09:00,2963.066246406987,2992.5613906407934,2943.1370948976582,2957.486083984375,23455000
2017-08-02 00:00:00+09:00,2975.0244148357087,3032.420384253761,2955.8924250296914,3020.462890625,32972000
2017-08-03 00:00:00+09:00,3004.519081252509,3014.0850746128244,2967.0522739246053,2979.009765625,23443000
2017-08-04 00:00:00+09:00,2966.2557299025516,3002.925378807555,2930.383247278092,2997.34521484375,23392000
2017-08-07 00:00:00+09:00,3014.0850263231705,3064.3064906602135,3001.3303687137627,3041.98583984375,26480000
2017-08-08 00:00:00+09:00,3031.6232695997805,3078.6560786732457,3027.6374383223683,3044.3779296875,21837000
2017-08-09 00:00:00+09:00,3026.839903336202,3031.6229002864306,2982.9957646257753,2988.575927734375,22596000
2017-08-10 00:00:00+09:00,2983.793137095333,2998.9392951516543,2919.222673802594,2927.1943359375,23472000
2017-08-11 00:00:00+09:00,2927.1943359375,2927.1943359375,2927.1943359375,2927.1943359375,0
2017-08-14 00:00:00+09:00,2871.393113593663,2899.2939350750007,2861.8271176572043,2870.595947265625,22296000
2017-08-15 00:00:00+09:00,2901.6851486805745,2951.109456158101,2894.5106524338366,2920.817138671875,21774000
2017-08-16 00:00:00+09:00,2919.22237430352,2943.9345243863736,2890.524393562142,2924.00537109375,14332000
2017-08-17 00:00:00+09:00,2911.2507129864707,2952.703351835128,2909.656380723061,2924.00537109375,15280000
2017-08-18 00:00:00+09:00,2876.175687110457,2890.5246788975937,2857.043698060942,2877.77001953125,20841000
2017-08-21 00:00:00+09:00,2888.133165595381,2893.71332903981,2840.3031932145577,2849.072021484375,15887000
2017-08-22 00:00:00+09:00,2843.4917241876774,2898.4961898363877,2840.30305951239,2876.175537109375,18097000
2017-08-23 00:00:00+09:00,2897.6992521344323,2910.453911841214,2863.421104172457,2868.2041015625,14784000
2017-08-24 00:00:00+09:00,2869.797983148316,2875.3781458933263,2849.0716643811334,2863.420654296875,12779000
2017-08-25 00:00:00+09:00,2874.581637265018,2880.161801286331,2846.6808171584526,2872.9873046875,13679000
2017-08-28 00:00:00+09:00,2885.741377674148,2943.1373387770595,2880.161214789143,2936.760009765625,19642000
2017-08-29 00:00:00+09:00,2914.4399802011985,2931.977638725385,2892.1193238976884,2909.656982421875,17657000
2017-08-30 00:00:00+09:00,2932.7745501650375,2936.7603813014402,2905.6708984375,2905.6708984375,13511000
2017-08-31 00:00:00+09:00,2915.236974924412,2930.3831336675253,2908.062478677675,2920.817138671875,12520000
2017-09-01 00:00:00+09:00,2948.7174451745077,2966.25509961999,2931.179790729025,2933.5712890625,16853000
2017-09-04 00:00:00+09:00,2917.6283032664664,2950.3121175926753,2912.0481398449183,2931.977294921875,12551000
2017-09-05 00:00:00+09:00,2931.9770356839745,2936.7600324795435,2853.057588557081,2861.826416015625,21898000
2017-09-06 00:00:00+09:00,2825.1569420048586,2855.4492568457686,2793.270294803901,2850.666259765625,19148000
2017-09-07 00:00:00+09:00,2850.666642036632,2871.39296549663,2817.1856579858663,2823.56298828125,15813000
2017-09-08 00:00:00+09:00,2821.171201307509,2883.3501653374565,2818.779702690972,2869.79833984375,21218000
2017-09-11 00:00:00+09:00,2883.3498983767977,2924.00537109375,2875.3782370597482,2924.00537109375,15657000
2017-09-12 00:00:00+09:00,2949.514902632491,3024.4485244831544,2941.5432407334843,3019.66552734375,26661000
2017-09-13 00:00:00+09:00,3037.202966764297,3037.202966764297,2999.7361585128738,3010.896484375,15356000
2017-09-14 00:00:00+09:00,3029.231286915981,3061.117932041412,3002.127638559364,3002.9248046875,20090000
2017-09-15 00:00:00+09:00,3021.259828176062,3057.132306347018,3008.5051692708334,3049.16064453125,22350000
2017-09-18 00:00:00+09:00,3049.16064453125,3049.16064453125,3049.16064453125,3049.16064453125,0
2017-09-19 00:00:00+09:00,3145.6175117092107,3269.9754265157585,3124.891192574786,3264.395263671875,64997000
2017-09-20 00:00:00+09:00,3348.097627105677,3431.002901681627,3305.0506576143184,3419.04541015625,70817000
2017-09-21 00:00:00+09:00,3408.6824829247757,3418.2484767964074,3322.58853808009,3328.168701171875,42018000
2017-09-22 00:00:00+09:00,3333.7490975166393,3378.3904053743463,3270.772966788802,3278.74462890625,38368000
2017-09-25 00:00:00+09:00,3296.282689955628,3325.777843408677,3272.367700669372,3284.3251953125,21460000
2017-09-26 00:00:00+09:00,3236.4942529707605,3252.437574413966,3188.6642886411432,3222.145263671875,30170000
2017-09-27 00:00:00+09:00,3248.5238869339046,3288.490962314489,3222.1456171827185,3265.31005859375,24840000
2017-09-28 00:00:00+09:00,3302.07942763148,3343.64518174352,3277.2998434493024,3322.8623046875,28116000
2017-09-29 00:00:00+09:00,3304.477962490225,3338.8496490860352,3299.6819131977863,3322.0634765625,16078000
2017-10-02 00:00:00+09:00,3338.849735190519,3362.8299822711306,3322.862903803444,3334.85302734375,16760000
2017-10-03 00:00:00+09:00,3355.635806964275,3359.6325146905306,3325.260828244732,3338.05029296875,16786000
2017-10-04 00:00:00+09:00,3349.240909741641,3371.6224719069787,3338.050128658972,3358.8330078125,18939000
2017-10-05 00:00:00+09:00,3366.0267560678185,3401.197778928655,3358.83268320992,3400.3984375,20111000
2017-10-06 00:00:00+09:00,3476.336218091206,3511.5072444411744,3457.9513634082678,3490.724365234375,33699000
2017-10-09 00:00:00+09:00,3490.724365234375,3490.724365234375,3490.724365234375,3490.724365234375,0
2017-10-10 00:00:00+09:00,3517.102357434029,3549.0760152288835,3461.1484562930327,3468.342529296875,27000000
2017-10-11 00:00:00+09:00,3473.1389240002377,3524.296781568941,3461.1488011325728,3519.500732421875,20549000
2017-10-12 00:00:00+09:00,3549.076218803633,3557.0696337108484,3485.9282410366313,3493.122314453125,22848000
2017-10-13 00:00:00+09:00,3476.336714657949,3534.688653073684,3470.7413233030156,3529.09326171875,22793000
2017-10-16 00:00:00+09:00,3544.2803488119926,3565.0632286200916,3515.504053693086,3541.88232421875,21472000
2017-10-17 00:00:00+09:00,3557.0696337108484,3560.2669996737345,3481.132192092302,3493.122314453125,22474000
2017-10-18 00:00:00+09:00,3493.1225665573306,3500.316640493032,3410.790387070968,3430.77392578125,21392000
2017-10-19 00:00:00+09:00,3457.1521284934597,3484.329740601848,3413.987685733079,3479.53369140625,23685000
2017-10-20 00:00:00+09:00,3464.3462201747698,3507.510663158027,3457.152146344227,3486.727783203125,15718000
2017-10-23 00:00:00+09:00,3521.898582833769,3523.4972658037345,3489.924923434461,3493.921630859375,14351000
2017-10-24 00:00:00+09:00,3512.3064835113732,3527.493971719547,3489.1255804567922,3525.095947265625,17495000
2017-10-25 00:00:00+09:00,3547.4776534446505,3621.0170730293526,3517.1026757901,3528.29345703125,47903000
2017-10-26 00:00:00+09:00,3475.53711559221,3491.5239468506834,3374.8200786638245,3390.007568359375,41954000
2017-10-27 00:00:00+09:00,3423.580188096207,3443.5637287691948,3370.024299092601,3435.5703125,23410000
2017-10-30 00:00:00+09:00,3429.1751241717325,3457.152077399241,3392.4054142155787,3426.777099609375,23173000
2017-10-31 00:00:00+09:00,3597.0374538473884,3674.57359451921,3497.919088452483,3501.116455078125,82708000
2017-11-01 00:00:00+09:00,3521.898679502003,3547.4776077235333,3449.158602372025,3467.54345703125,30863000
2017-11-02 00:00:00+09:00,3473.1391985252653,3481.9319559898863,3386.8103070544416,3433.172119140625,27891000
2017-11-03 00:00:00+09:00,3433.172119140625,3433.172119140625,3433.172119140625,3433.172119140625,0
2017-11-06 00:00:00+09:00,3457.1517298385315,3466.743827123633,3385.2110002002732,3398.7998046875,20797000
2017-11-07 00:00:00+09:00,3397.20112819088,3428.3754444260435,3366.826153397644,3421.980712890625,21282000
2017-11-08 00:00:00+09:00,3421.9810585645314,3481.9316727650316,3408.392252679085,3473.138916015625,23381000
2017-11-09 00:00:00+09:00,3478.733544230323,3508.3091740870605,3401.996774872301,3442.76318359375,28149000
2017-11-10 00:00:00+09:00,3398.000943070692,3487.5271970400913,3386.8101613245167,3461.14892578125,25618000
2017-11-13 00:00:00+09:00,3501.9161401616593,3549.077302514898,3485.929305465646,3521.100341796875,29229000
2017-11-14 00:00:00+09:00,3529.0926582912293,3594.6386600986766,3527.4939753203157,3579.451171875,27044000
2017-11-15 00:00:00+09:00,3600.234142474327,3625.8130706624215,3424.379011181176,3444.362548828125,45685000
2017-11-16 00:00:00+09:00,3454.7538759436397,3586.645220120109,3445.161778185351,3580.25048828125,39666000
2017-11-17 00:00:00+09:00,3621.017295808471,3651.3922753318093,3551.4745795313547,3583.4482421875,39460000
2017-11-20 00:00:00+09:00,3584.2479794732103,3617.820328968722,3561.0670714882144,3578.652587890625,19283000
2017-11-21 00:00:00+09:00,3613.023483584972,3617.020190978318,3545.0794578980863,3557.069580078125,21438000
2017-11-22 00:00:00+09:00,3577.0537875806244,3613.024160863558,3565.8630047814895,3597.836669921875,23212000
2017-11-23 00:00:00+09:00,3597.836669921875,3597.836669921875,3597.836669921875,3597.836669921875,0
2017-11-24 00:00:00+09:00,3611.4246423111995,3725.73046875,3605.029910762176,3725.73046875,46017000
2017-11-27 00:00:00+09:00,3805.6642761486273,3852.0260757740466,3766.4965488788766,3814.45703125,42687000
2017-11-28 00:00:00+09:00,3772.8926370340378,3806.464986770358,3737.721603976941,3763.300537109375,25715000
2017-11-29 00:00:00+09:00,3800.0694482115578,3803.2668141755557,3681.766907543634,3695.355712890625,27810000
2017-11-30 00:00:00+09:00,3645.7969304177614,3651.3923214532633,3565.862772767734,3613.02392578125,35878000
2017-12-01 00:00:00+09:00,3668.9776065529086,3670.576289605873,3586.645429325251,3620.2177734375,23013000
2017-12-04 00:00:00+09:00,3605.0294781675434,3613.0228916446335,3547.476901132496,3552.27294921875,21861000
2017-12-05 00:00:00+09:00,3481.132930257275,3509.909230025188,3424.3796723816686,3438.767822265625,28743000
2017-12-06 00:00:00+09:00,3460.3499373470445,3509.1097770740416,3438.767713205587,3449.95849609375,27585000
2017-12-07 00:00:00+09:00,3501.1162067660325,3570.6589259415223,3489.9254243699766,3555.471435546875,24851000
2017-12-08 00:00:00+09:00,3589.043267572316,3595.4379994521773,3484.329533039582,3493.921630859375,24712000
2017-12-11 00:00:00+09:00,3501.1154916083397,3547.477294921875,3469.141834150729,3547.477294921875,18223000
2017-12-12 00:00:00+09:00,3547.477769077449,3547.477769077449,3493.9218856776765,3509.109375,15366000
2017-12-13 00:00:00+09:00,3471.5407306368083,3528.29398688254,3445.1624566071023,3511.5078125,20456000
2017-12-14 00:00:00+09:00,3493.122584705047,3501.1160002306874,3421.181844974279,3437.968017578125,20122000
2017-12-15 00:00:00+09:00,3397.2010664570867,3467.5431120684334,3382.8129207638567,3439.566162109375,22833000
2017-12-18 00:00:00+09:00,3455.5529906574084,3457.9510149396133,3392.405017892677,3439.566162109375,20827000
2017-12-19 00:00:00+09:00,3433.9713825325016,3449.958213922318,3410.7904770172686,3412.38916015625,15431000
2017-12-20 00:00:00+09:00,3409.9912752307605,3421.1820576623663,3364.4288039020794,3369.224853515625,18652000
2017-12-21 00:00:00+09:00,3347.642505229932,3388.40892542256,3333.2543569266513,3373.221435546875,16920000
2017-12-22 00:00:00+09:00,3358.8334972478065,3417.9847773040506,3347.642714534463,3382.014404296875,17382000
2017-12-25 00:00:00+09:00,3385.2111565695272,3414.7867912314096,3370.82300997726,3386.010498046875,9837000
2017-12-26 00:00:00+09:00,3369.2240759324204,3386.010245705749,3326.8589807902094,3331.655029296875,16064000
2017-12-27 00:00:00+09:00,3302.0794038152253,3377.217497245056,3301.2800623957587,3354.8359375,21097000
2017-12-28 00:00:00+09:00,3365.227854485059,3378.8166605483007,3282.8956765724797,3285.293701171875,16962000
2017-12-29 00:00:00+09:00,3285.2937191312362,3314.8693560187926,3274.902279143717,3292.48779296875,14523000
2018-01-01 00:00:00+09:00,3292.48779296875,3292.48779296875,3292.48779296875,3292.48779296875,0
2018-01-02 00:00:00+09:00,3292.48779296875,3292.48779296875,3292.48779296875,3292.48779296875,0
2018-01-03 00:00:00+09:00,3292.48779296875,3292.48779296875,3292.48779296875,3292.48779296875,0
2018-01-04 00:00:00+09:00,3366.826843106341,3457.152444547703,3342.846594936068,3453.955078125,29177000
2018-01-05 00:00:00+09:00,3485.129448962978,3486.7281321964474,3397.201871122169,3405.99462890625,24939000
2018-01-08 00:00:00+09:00,3405.99462890625,3405.99462890625,3405.99462890625,3405.99462890625,0
2018-01-09 00:00:00+09:00,3437.1683501843563,3474.737399593348,3413.1881058807444,3448.359130859375,22221000
2018-01-10 00:00:00+09:00,3468.3433400446706,3541.0834285314336,3437.169016407486,3535.488037109375,24466000
2018-01-11 00:00:00+09:00,3505.9119444749404,3528.293507275966,3493.1224800172113,3526.69482421875,15536000
2018-01-12 00:00:00+09:00,3549.8752073170836,3601.8323990476874,3542.6811346159234,3566.661376953125,23406000
2018-01-15 00:00:00+09:00,3596.237631550762,3623.415244236409,3569.060018865115,3585.84619140625,19336000
2018-01-16 00:00:00+09:00,3589.043660959841,3614.62259128294,3541.0831666040303,3605.829833984375,18731000
2018-01-17 00:00:00+09:00,3565.063208110234,3629.010530228803,3563.4645250572694,3620.2177734375,19418000
2018-01-18 00:00:00+09:00,3697.7541428073096,3740.918588054087,3660.9844301896837,3705.74755859375,45498000
2018-01-19 00:00:00+09:00,3759.3026818787025,3867.2137731084763,3758.503340462186,3862.417724609375,50980000
2018-01-22 00:00:00+09:00,3848.830295810759,3932.761174535604,3845.632929002193,3872.810546875,38369000
2018-01-23 00:00:00+09:00,3868.8138832173827,3978.323697680354,3854.425732412029,3963.935546875,38979000
2018-01-24 00:00:00+09:00,3964.734103554173,3995.109082573338,3832.842747286746,3887.997314453125,39548000
2018-01-25 00:00:00+09:00,3811.2605158834,3872.010473770803,3776.089487632798,3818.45458984375,31331000
2018-01-26 00:00:00+09:00,3866.4149022870556,3880.0037080217835,3829.645192651909,3855.22412109375,20920000
2018-01-29 00:00:00+09:00,3873.608579172919,3884.7993592200546,3817.654678937239,3828.845458984375,16997000
2018-01-30 00:00:00+09:00,3820.8523234335116,3820.8523234335116,3757.704345703125,3757.704345703125,20309000
2018-01-31 00:00:00+09:00,3724.9313769918044,3882.4016519418874,3722.533352500179,3834.441162109375,31535000
2018-02-01 00:00:00+09:00,3980.7200082710106,3980.7200082710106,3776.887959654724,3854.424072265625,63674000
2018-02-02 00:00:00+09:00,3872.010268087834,3896.789854857182,3752.9083832932247,3770.493896484375,33277000
2018-02-05 00:00:00+09:00,3687.3620610673197,3770.4935707900604,3681.7666709898276,3749.710693359375,24789000
2018-02-06 00:00:00+09:00,3581.849979730893,3654.5900708167023,3446.7612391429616,3554.67236328125,53378000
2018-02-07 00:00:00+09:00,3676.9709992902467,3728.1288566716767,3589.043431915915,3589.8427734375,36760000
2018-02-08 00:00:00+09:00,3597.0371122394654,3605.0305280444422,3493.12270677477,3542.681884765625,34038000
2018-02-09 00:00:00+09:00,3390.0076926552947,3465.945143917321,3373.221519218426,3463.547119140625,33606000
2018-02-12 00:00:00+09:00,3463.547119140625,3463.547119140625,3463.547119140625,3463.547119140625,0
2018-02-13 00:00:00+09:00,3533.0903144355293,3621.817243146467,3517.902822133657,3549.0771484375,33885000
2018-02-14 00:00:00+09:00,3563.4645455579303,3609.027012829532,3506.711296851198,3541.88232421875,29885000
2018-02-15 00:00:00+09:00,3597.8360526998626,3669.7767869240324,3590.641979277446,3664.181396484375,31051000
2018-02-16 00:00:00+09:00,3690.5596656999037,3696.954397630941,3641.0004932343645,3664.181396484375,21722000
2018-02-19 00:00:00+09:00,3680.1680434688237,3740.11865234375,3668.977263145504,3740.11865234375,18598000
2018-02-20 00:00:00+09:00,3724.1321275441364,3784.882082833545,3714.540029340546,3753.707763671875,22971000
2018-02-21 00:00:00+09:00,3765.6980474678476,3832.043396213301,3732.925043870696,3818.45458984375,30598000
2018-02-22 00:00:00+09:00,3804.865309718101,3842.434357944309,3746.513383749735,3771.29296875,26401000
2018-02-23 00:00:00+09:00,3800.8690573263993,3870.4117719399424,3798.471032684553,3865.61572265625,29425000
2018-02-26 00:00:00+09:00,3912.7777996927543,3954.3435699857114,3877.6067632910217,3898.3896484375,27284000
2018-02-27 00:00:00+09:00,3948.7474830252377,3979.1224636638935,3917.573160790828,3951.1455078125,32096000
2018-02-28 00:00:00+09:00,3935.958167190365,3955.941707844256,3902.3858188918284,3923.168701171875,27104000
2018-03-01 00:00:00+09:00,3876.8066887539885,3889.59615411895,3842.435000585654,3852.027099609375,23578000
2018-03-02 00:00:00+09:00,3764.8985761477625,3899.1879521122687,3763.299893100566,3884.7998046875,31206000
2018-03-05 00:00:00+09:00,3865.61548380922,3871.2108742944692,3672.9741828170736,3686.56298828125,35933000
2018-03-06 00:00:00+09:00,3779.287722192629,3851.228478325738,3771.2943048445063,3798.471923828125,32191000
2018-03-07 00:00:00+09:00,3760.90130045926,3768.894714487866,3680.167818770336,3684.9638671875,32267000
2018-03-08 00:00:00+09:00,3760.1024028689803,3834.441162109375,3742.5168899303926,3834.441162109375,28101000
2018-03-09 00:00:00+09:00,3896.789442945285,3916.772978550133,3808.0625448597616,3845.631591796875,34925000
2018-03-12 00:00:00+09:00,3912.776525324041,3929.5626963213454,3849.628548715134,3868.812744140625,25070000
2018-03-13 00:00:00+09:00,3840.8360565173034,3899.987329812263,3822.4512013040053,3899.18798828125,19205000
2018-03-14 00:00:00+09:00,3868.8122168738337,3890.3944337861462,3832.8418553533124,3854.424072265625,17209000
2018-03-15 00:00:00+09:00,3844.033500285561,3931.161728925845,3843.234158738402,3919.970947265625,23246000
2018-03-16 00:00:00+09:00,3935.9586407143042,3987.116510942922,3914.3764142116056,3915.97509765625,32862000
2018-03-19 00:00:00+09:00,3927.164379347239,3956.7400117583625,3850.4276033616225,3862.417724609375,25933000
2018-03-20 00:00:00+09:00,3826.4478265966786,3858.4214871489803,3771.2932621439586,3855.22412109375,28374000
2018-03-21 00:00:00+09:00,3855.22412109375,3855.22412109375,3855.22412109375,3855.22412109375,0
2018-03-22 00:00:00+09:00,3880.003293555724,3923.1677306904603,3859.220416416777,3915.17431640625,24293000
2018-03-23 00:00:00+09:00,3812.8594505929436,3841.6357483332677,3790.477885683803,3810.46142578125,26201000
2018-03-26 00:00:00+09:00,3776.888321351089,3792.075808780861,3675.3719580047214,3788.0791015625,32561000
2018-03-27 00:00:00+09:00,3844.033461641832,3883.2011970588524,3788.878895442355,3828.046630859375,30157000
2018-03-28 00:00:00+09:00,3778.7936470056266,3819.9728085435086,3739.229354547662,3766.68212890625,27650000
2018-03-29 00:00:00+09:00,3785.2533068340117,3793.32765262504,3742.4592741415627,3767.48974609375,19267000
2018-03-30 00:00:00+09:00,3793.3269083606756,3828.854022870652,3771.526179002281,3783.6376953125,22033000
2018-04-02 00:00:00+09:00,3794.940906917959,3871.647159291833,3790.0963015048724,3853.076171875,17963000
2018-04-03 00:00:00+09:00,3780.408657214954,3786.8681337757657,3722.2733681676505,3735.999755859375,28753000
2018-04-04 00:00:00+09:00,3758.6077843133453,3765.067260634399,3647.989252315294,3657.678466796875,26396000
2018-04-05 00:00:00+09:00,3695.627759035994,3726.310270472168,3640.7222122554726,3672.212158203125,21439000
2018-04-06 00:00:00+09:00,3631.8396567901063,3676.2485454347166,3590.660505501468,3643.951171875,24456000
2018-04-09 00:00:00+09:00,3609.2329838489604,3696.435928425177,3587.4322477049063,3675.442626953125,18755000
2018-04-10 00:00:00+09:00,3695.627715786713,3700.4723227988866,3631.0329556243933,3637.492431640625,21239000
2018-04-11 00:00:00+09:00,3657.6778145715625,3682.708280852295,3608.42431640625,3608.42431640625,16893000
2018-04-12 00:00:00+09:00,3633.4547814229127,3651.2183381320915,3609.23174954676,3611.654052734375,14528000
2018-04-13 00:00:00+09:00,3646.373531921171,3681.093209040881,3628.6099761855053,3656.062744140625,15703000
2018-04-16 00:00:00+09:00,3665.752283236792,3669.7894553548945,3601.9649637707776,3606.8095703125,13328000
2018-04-17 00:00:00+09:00,3589.045594003704,3638.299088094643,3566.437432781633,3586.623291015625,15617000
2018-04-18 00:00:00+09:00,3586.623656567317,3601.15747597709,3526.873510104917,3588.238525390625,23084000
2018-04-19 00:00:00+09:00,3597.1205595265264,3624.5733314735303,3559.9785739511685,3565.630615234375,15087000
2018-04-20 00:00:00+09:00,3563.2083644492955,3713.3911779067093,3559.171192044526,3706.124267578125,31512000
2018-04-23 00:00:00+09:00,3715.8132228249865,3749.7254686656315,3677.0563704356773,3738.42138671875,27753000
2018-04-24 00:00:00+09:00,3751.340337515186,3760.222116187736,3715.8132228249865,3738.42138671875,19519000
2018-04-25 00:00:00+09:00,3712.583785355901,3752.1480753694805,3706.1243094353163,3744.07373046875,18482000
2018-04-26 00:00:00+09:00,3744.073146637856,3748.1103184586864,3646.3735885737674,3668.17431640625,25204000
2018-04-27 00:00:00+09:00,3633.4554512365985,3774.7564965624665,3631.0331476024407,3727.92529296875,33004000
2018-04-30 00:00:00+09:00,3727.92529296875,3727.92529296875,3727.92529296875,3727.92529296875,0
2018-05-01 00:00:00+09:00,3753.7632603372613,3774.756558846353,3716.621270667329,3727.117919921875,16533000
2018-05-02 00:00:00+09:00,3727.1177969528208,3760.2226127403133,3719.043451638798,3728.732666015625,13792000
2018-05-03 00:00:00+09:00,3728.732666015625,3728.732666015625,3728.732666015625,3728.732666015625,0
2018-05-04 00:00:00+09:00,3728.732666015625,3728.732666015625,3728.732666015625,3728.732666015625,0
2018-05-07 00:00:00+09:00,3756.9921261763234,3761.8367323996326,3734.3839638008803,3757.799560546875,12535000
2018-05-08 00:00:00+09:00,3762.645230596092,3814.321044921875,3752.9560154100077,3814.321044921875,15465000
2018-05-09 00:00:00+09:00,3813.5136631104365,3832.892093750845,3727.925594448631,3733.57763671875,17380000
2018-05-10 00:00:00+09:00,3744.8806412044987,3759.414459993132,3649.6033847012363,3673.826416015625,17071000
2018-05-11 00:00:00+09:00,3690.7820362281386,3730.346315330125,3677.863087949939,3722.27197265625,12554000
2018-05-14 00:00:00+09:00,3727.9243840872205,3730.346687130812,3689.974969737621,3707.738525390625,9944000
2018-05-15 00:00:00+09:00,3723.0792864194123,3738.420537003227,3699.6636934230637,3714.197509765625,8906000
2018-05-16 00:00:00+09:00,3734.384660240558,3740.0367018884895,3700.472410352968,3703.7021484375,10632000
2018-05-17 00:00:00+09:00,3715.0055377676845,3765.8739030968227,3690.782506658571,3761.029296875,14254000
2018-05-18 00:00:00+09:00,3769.911849154216,3770.7192836903378,3680.2866156446594,3689.975830078125,18163000
2018-05-21 00:00:00+09:00,3667.367718684164,3668.9825877808985,3585.009394750702,3593.083740234375,22158000
2018-05-22 00:00:00+09:00,3593.0834426483866,3617.306477093207,3531.718422054841,3577.7421875,17661000
2018-05-23 00:00:00+09:00,3536.562937467695,3568.8603158920573,3496.191214437242,3514.76220703125,19566000
2018-05-24 00:00:00+09:00,3464.7014326707135,3489.7319021213757,3425.9445767471075,3432.404052734375,23906000
2018-05-25 00:00:00+09:00,3396.069743739147,3459.049639129459,3367.809534269135,3429.174560546875,22752000
2018-05-28 00:00:00+09:00,3383.150525019719,3404.951256326529,3352.468014291617,3358.927490234375,17196000
2018-05-29 00:00:00+09:00,3375.883100689582,3436.4406784345515,3364.579019510521,3423.521728515625,15048000
2018-05-30 00:00:00+09:00,3399.298647006209,3572.0895996093755,3387.994565994787,3572.089599609375,44080000
2018-05-31 00:00:00+09:00,3609.2320442708333,3633.455078125,3521.2216879340276,3633.455078125,27901000
2018-06-01 00:00:00+09:00,3593.8911114728007,3598.735718677662,3488.1171875,3488.1171875,21808000
2018-06-04 00:00:00+09:00,3432.403629062616,3451.7820546324824,3267.68701171875,3267.68701171875,40133000
2018-06-05 00:00:00+09:00,3287.065972281973,3357.312776405906,3273.33958526925,3299.177490234375,34933000
2018-06-06 00:00:00+09:00,3302.4068450349896,3306.444017217184,3161.913253094626,3198.247802734375,35710000
2018-06-07 00:00:00+09:00,3189.366212844383,3312.9036889368363,3182.0993024860036,3308.05908203125,30240000
2018-06-08 00:00:00+09:00,3310.4812405607568,3381.5354720654755,3310.4812405607568,3358.119873046875,22096000
2018-06-11 00:00:00+09:00,3347.6231626131353,3379.113105532072,3294.332489981088,3362.156982421875,14516000
2018-06-12 00:00:00+09:00,3375.076236729426,3375.076236729426,3306.444303685885,3367.809326171875,17421000
2018-06-13 00:00:00+09:00,3279.7990157238546,3283.8361883182956,3097.3188144551223,3158.683837890625,55659000
2018-06-14 00:00:00+09:00,3068.251448142506,3078.7480978335198,2998.004638671875,2998.004638671875,44908000
2018-06-15 00:00:00+09:00,3042.413082834017,3096.5111923217773,3023.842090024786,3048.87255859375,32217000
2018-06-18 00:00:00+09:00,3067.443018423405,3082.7842706871706,2972.1657675221254,2985.084716796875,23845000
2018-06-19 00:00:00+09:00,2943.098339518771,2984.2774932404327,2900.3043170237106,2911.6083984375,24200000
2018-06-20 00:00:00+09:00,2871.2369577613404,2967.3216591037476,2853.473399529971,2959.247314453125,27776000
2018-06-21 00:00:00+09:00,3011.7308619547,3031.109291093282,2901.112328955291,2964.899658203125,28774000
2018-06-22 00:00:00+09:00,2947.135865060907,2986.700154756245,2916.45335468493,2945.52099609375,20417000
2018-06-25 00:00:00+09:00,2922.9124171368735,2953.594923173117,2906.763729749377,2915.6455078125,11594000
2018-06-26 00:00:00+09:00,2906.764705563834,2940.676960462079,2871.2375813847207,2912.416748046875,16512000
2018-06-27 00:00:00+09:00,2906.7639932753164,2947.1357154041402,2868.0071400316456,2870.429443359375,15833000
2018-06-28 00:00:00+09:00,2867.1999291497536,2916.453433987302,2834.9025489284104,2909.1865234375,15612000
2018-06-29 00:00:00+09:00,2936.6387374962233,2949.5576871250214,2875.273726759431,2922.912353515625,14651000
2018-07-02 00:00:00+09:00,2899.497076048951,2953.5951835664337,2877.696346153846,2886.578125,14175000
2018-07-03 00:00:00+09:00,2907.571637681641,2957.6325767364206,2887.3857751595524,2941.48388671875,18456000
2018-07-04 00:00:00+09:00,2909.1863357512993,2914.838376925393,2763.0406996783086,2786.456298828125,30404000
2018-07-05 00:00:00+09:00,2770.307600958296,2848.6287426933454,2763.0406909004046,2805.834716796875,21434000
2018-07-06 00:00:00+09:00,2813.10156671902,2830.8651242585775,2737.2027299590923,2803.412353515625,22763000
2018-07-09 00:00:00+09:00,2826.0204872388517,2878.503724859002,2813.1015364400455,2874.466552734375,14086000
2018-07-10 00:00:00+09:00,2910.801166952311,2926.1424213689806,2855.8956248294935,2867.19970703125,15228000
2018-07-11 00:00:00+09:00,2853.4735033189927,2884.156014107369,2822.7909925306167,2868.00732421875,13616000
2018-07-12 00:00:00+09:00,2884.1558800403927,2909.9937826611354,2843.7841571954823,2892.230224609375,13390000
2018-07-13 00:00:00+09:00,2922.1053960699783,2963.284554732473,2907.5715753655686,2945.52099609375,17493000
2018-07-16 00:00:00+09:00,2945.52099609375,2945.52099609375,2945.52099609375,2945.52099609375,0
2018-07-17 00:00:00+09:00,3033.531134100131,3058.561601269975,2968.936380113437,3018.997314453125,25406000
2018-07-18 00:00:00+09:00,3055.3321426895645,3065.8287911713205,2941.483878387443,2957.632568359375,23357000
2018-07-19 00:00:00+09:00,2969.7443650662735,3016.5755703881455,2950.365935277913,3002.041748046875,15730000
2018-07-20 00:00:00+09:00,3010.9229116163838,3022.2269933440934,2982.6627072971096,3013.34521484375,13833000
2018-07-23 00:00:00+09:00,2982.662924832881,2995.5818763210577,2931.7945533481834,2936.63916015625,12265000
2018-07-24 00:00:00+09:00,2926.1426066069744,2992.3522351229158,2906.76417874865,2989.929931640625,14689000
2018-07-25 00:00:00+09:00,2979.4335208035413,3006.078861233492,2957.632787724491,2999.619384765625,12762000
2018-07-26 00:00:00+09:00,3023.84197533543,3083.5921238467313,3007.6932865485924,3034.338623046875,20055000
2018-07-27 00:00:00+09:00,3063.4064958154686,3081.977489332536,3043.2206332969163,3060.1767578125,13928000
2018-07-30 00:00:00+09:00,3039.990420699691,3069.865492563141,3012.5376519603046,3031.108642578125,11421000
2018-07-31 00:00:00+09:00,2974.589115578669,3023.0351923796247,2918.8761272575703,2968.129638671875,29032000
2018-08-01 00:00:00+09:00,3068.2508167159526,3175.639595301011,3044.8352183778575,3157.068603515625,45858000
2018-08-02 00:00:00+09:00,3153.0312128231703,3163.527859626423,3058.561391593897,3086.01416015625,27725000
2018-08-03 00:00:00+09:00,3113.4671736147416,3159.49093629525,3080.362361862095,3089.244140625,21538000
2018-08-06 00:00:00+09:00,3089.2440005866256,3095.7034757577426,2978.62548828125,2978.62548828125,22180000
2018-08-07 00:00:00+09:00,2987.5080440533534,3014.1533860678833,2964.8998750713276,3006.886474609375,12840000
2018-08-08 00:00:00+09:00,3002.0411396684317,3006.8857461337384,2948.750468550057,2997.196533203125,13957000
2018-08-09 00:00:00+09:00,2956.017847201914,3023.8423484761447,2951.17323996804,3019.80517578125,12593000
2018-08-10 00:00:00+09:00,3018.1897237532107,3023.8417644343967,2943.905760514769,2947.135498046875,14255000
2018-08-13 00:00:00+09:00,2914.8385182196785,2916.4533872048414,2859.9329727241275,2880.92626953125,17167000
2018-08-14 00:00:00+09:00,2890.615048091148,2907.5711698816267,2875.2737950426194,2899.496826171875,9678000
2018-08-15 00:00:00+09:00,2890.615204952027,2890.615204952027,2781.6115589552323,2813.908935546875,20715000
2018-08-16 00:00:00+09:00,2737.2026176120926,2838.1319176715356,2723.4762328040083,2785.648681640625,25437000
2018-08-17 00:00:00+09:00,2785.6490089984836,2866.3924585346713,2767.885450100522,2861.5478515625,18140000
2018-08-20 00:00:00+09:00,2858.318123423439,2967.321780672638,2855.08838543087,2960.8623046875,21294000
2018-08-21 00:00:00+09:00,2960.8622305875215,3010.923168219489,2938.254065205342,2987.507568359375,21875000
2018-08-22 00:00:00+09:00,2976.202984729641,3036.7605603820343,2974.588116045577,3032.723388671875,16388000
2018-08-23 00:00:00+09:00,3049.680253723471,3065.82894450305,3017.3828721643135,3019.80517578125,14340000
2018-08-24 00:00:00+09:00,3035.9536634374176,3057.75439453125,3027.87931858785,3057.75439453125,13249000
2018-08-27 00:00:00+09:00,3065.828581483269,3143.3422880469757,3065.021147039897,3136.8828125,19282000
2018-08-28 00:00:00+09:00,3148.1867781847,3167.565204108381,3110.2373607508243,3122.348876953125,17174000
2018-08-29 00:00:00+09:00,3113.467800073286,3174.0253947323877,3113.467800073286,3167.56591796875,16914000
2018-08-30 00:00:00+09:00,3197.4404758416167,3228.930419921875,3176.447179788111,3228.930419921875,36733000
2018-08-31 00:00:00+09:00,3190.173739429489,3254.7685000355027,3162.7209661719335,3242.656982421875,23897000
2018-09-03 00:00:00+09:00,3229.7379723746567,3274.1468694948085,3213.5892825127835,3237.0048828125,19722000
2018-09-04 00:00:00+09:00,3241.8491339917455,3243.464002800708,3168.3726031839624,3209.5517578125,17584000
2018-09-05 00:00:00+09:00,3197.440854547604,3232.1605405944592,3175.640121448416,3201.47802734375,15028000
2018-09-06 00:00:00+09:00,3081.169553939364,3135.267656694589,3044.835007312721,3086.01416015625,32405000
2018-09-07 00:00:00+09:00,3041.605559486926,3124.7713074633402,3035.953518362315,3111.044921875,17562000
2018-09-10 00:00:00+09:00,3107.0078064343943,3140.11261934079,3081.9773381393147,3119.9267578125,13726000
2018-09-11 00:00:00+09:00,3140.1129032841436,3177.2548918547454,3126.3865162037036,3161.106201171875,13037000
2018-09-12 00:00:00+09:00,3211.1674421162065,3224.8938304782823,3166.7585385918433,3176.44775390625,14523000
2018-09-13 00:00:00+09:00,3177.2544767097156,3218.433632570502,3114.2745912755713,3128.0009765625,15384000
2018-09-14 00:00:00+09:00,3081.1698619443355,3098.1259853984316,3032.723794932632,3078.74755859375,20659000
2018-09-17 00:00:00+09:00,3078.74755859375,3078.74755859375,3078.74755859375,3078.74755859375,0
2018-09-18 00:00:00+09:00,3092.4739110265286,3177.254527386264,3069.8657466639324,3153.031494140625,18897000
2018-09-19 00:00:00+09:00,3193.4032427978514,3234.582399658203,3186.136332763672,3229.73779296875,20337000
2018-09-20 00:00:00+09:00,3257.99816597509,3391.2248567770457,3247.5015176088755,3384.765380859375,42818000
2018-09-21 00:00:00+09:00,3367.0015862118366,3420.292258799362,3341.9711187843623,3368.616455078125,28774000
2018-09-24 00:00:00+09:00,3368.616455078125,3368.616455078125,3368.616455078125,3368.616455078125,0
2018-09-25 00:00:00+09:00,3318.5557655921352,3362.1572282057546,3303.214510228084,3358.927490234375,19312000
2018-09-26 00:00:00+09:00,3380.8175455729165,3412.436702473958,3338.658669704861,3356.4951171875,18524000
2018-09-27 00:00:00+09:00,3362.1705653825693,3381.6285093346264,3305.4182288557354,3310.28271484375,16416000
2018-09-28 00:00:00+09:00,3347.576666515919,3378.38507371563,3329.7402202424023,3361.359375,16175000
2018-10-01 00:00:00+09:00,3372.710160710038,3423.78726170156,3364.602684362177,3408.383056640625,17628000
2018-10-02 00:00:00+09:00,3437.5693549223565,3449.7305672628836,3405.139455347617,3419.73291015625,16196000
2018-10-03 00:00:00+09:00,3428.651593665883,3431.8945840595134,3350.81982421875,3350.81982421875,16574000
2018-10-04 00:00:00+09:00,3386.493067758929,3408.3832551732194,3300.553813465789,3307.039794921875,26123000
2018-10-05 00:00:00+09:00,3283.5278533742867,3347.576915205538,3278.6633676655842,3338.65869140625,15800000
2018-10-08 00:00:00+09:00,3338.65869140625,3338.65869140625,3338.65869140625,3338.65869140625,0
2018-10-09 00:00:00+09:00,3330.5515933490597,3330.5515933490597,3242.180092941307,3254.34130859375,16698000
2018-10-10 00:00:00+09:00,3268.123709603599,3289.2031480679234,3196.7779178781916,3234.883056640625,15387000
2018-10-11 00:00:00+09:00,3084.8942128880985,3154.618497331824,3075.9759904592497,3133.5390625,20277000
2018-10-12 00:00:00+09:00,3113.270390625,3255.151202697754,3111.648895629883,3242.989990234375,18600000
2018-10-15 00:00:00+09:00,3215.424961176719,3221.9109419355223,3167.590853080545,3177.31982421875,13882000
2018-10-16 00:00:00+09:00,3161.9161129600934,3213.8039671214897,3155.430131189919,3204.8857421875,12168000
2018-10-17 00:00:00+09:00,3242.9902112930604,3261.6374050079953,3215.4247944970693,3224.343017578125,12039000
2018-10-18 00:00:00+09:00,3234.0719109928814,3257.5835894633733,3208.127989921993,3213.80322265625,10369000
2018-10-19 00:00:00+09:00,3161.9161402925533,3162.7268880208335,3056.518935616135,3086.5166015625,24593000
2018-10-22 00:00:00+09:00,3040.303655115596,3105.9742140660933,3010.3059923851224,3084.894775390625,14981000
2018-10-23 00:00:00+09:00,3064.6254901031953,3103.541369342601,3028.1418533162523,3041.924560546875,11390000
2018-10-24 00:00:00+09:00,3064.6257943444566,3071.111774861588,3011.116455078125,3011.116455078125,13693000
2018-10-25 00:00:00+09:00,2897.612269151093,2964.09358030677,2873.2898382404796,2874.1005859375,19965000
2018-10-26 00:00:00+09:00,2922.7451049839756,2945.44603783822,2747.6236229655183,2822.21240234375,23661000
2018-10-29 00:00:00+09:00,2878.1538645059672,2891.1258255854304,2770.3244380329265,2810.86181640625,19105000
2018-10-30 00:00:00+09:00,2780.863757757092,2874.099714649823,2754.919839317376,2857.884765625,17269000
2018-10-31 00:00:00+09:00,2872.4788087187367,2876.5325468061183,2724.9227423380394,2850.588623046875,33384000
2018-11-01 00:00:00+09:00,2848.1565851749406,2886.2617259387384,2805.1869583561897,2863.560791015625,17092000
2018-11-02 00:00:00+09:00,2854.642217377871,2934.0954798893827,2841.670256151502,2916.259033203125,19272000
2018-11-05 00:00:00+09:00,2882.2080227442216,2907.3412010016254,2824.6449370579094,2836.80615234375,15416000
2018-11-06 00:00:00+09:00,2839.23796277567,2878.9645933227885,2816.5370310344597,2865.181884765625,10758000
2018-11-07 00:00:00+09:00,2878.964730396573,2963.2824808784776,2872.4787495902724,2917.880615234375,20764000
2018-11-08 00:00:00+09:00,2983.5517966871494,3040.3041406458724,2962.472354645338,3034.62890625,18909000
2018-11-09 00:00:00+09:00,3013.548583649385,3045.167737472986,2937.3383154591666,2954.364013671875,15592000
2018-11-12 00:00:00+09:00,2923.555687070517,2988.4154915535014,2922.7449395144795,2942.202880859375,12261000
2018-11-13 00:00:00+09:00,2861.9386317249896,2899.2330161610657,2828.697984727617,2883.01806640625,15826000
2018-11-14 00:00:00+09:00,2877.343473969929,2884.6402029825326,2840.8598289069123,2867.614501953125,12862000
2018-11-15 00:00:00+09:00,2837.6164282609666,2867.6140876454397,2832.7519429553763,2841.670166015625,10130000
2018-11-16 00:00:00+09:00,2835.1845093156585,2856.26394804663,2541.693862369056,2583.0419921875,49086000
2018-11-19 00:00:00+09:00,2633.3081134346676,2710.329132762344,2608.985686278559,2683.574462890625,24046000
2018-11-20 00:00:00+09:00,2610.6078225721694,2618.7153002820205,2521.425567763803,2531.154541015625,31779000
2018-11-21 00:00:00+09:00,2456.56561668883,2557.0983349955673,2436.296923481826,2514.939453125,31530000
2018-11-22 00:00:00+09:00,2553.0445755233204,2563.5842959049664,2489.8062532334447,2546.55859375,21931000
2018-11-23 00:00:00+09:00,2546.55859375,2546.55859375,2546.55859375,2546.55859375,0
2018-11-26 00:00:00+09:00,2598.4457548538057,2662.4948077815593,2589.527532294245,2620.3359375,21838000
2018-11-27 00:00:00+09:00,2668.169896698932,2680.3311086255453,2600.8778573716722,2649.522705078125,18075000
2018-11-28 00:00:00+09:00,2671.41327760611,2732.2193461403917,2656.009073577425,2716.00439453125,17493000
2018-11-29 00:00:00+09:00,2795.4572217441196,2853.831038439472,2784.917504840792,2826.265625,29898000
2018-11-30 00:00:00+09:00,2828.698492324066,2835.9952210230967,2767.0816721989218,2805.99755859375,27890000
2018-12-03 00:00:00+09:00,2842.4809777733926,2844.102472911883,2788.1608906339698,2824.64453125,14412000
2018-12-04 00:00:00+09:00,2783.2964702444365,2804.375907537287,2667.3595651337596,2675.467041015625,28658000
2018-12-05 00:00:00+09:00,2610.6074655972993,2726.5443809949434,2606.5537272966826,2698.168212890625,19705000
2018-12-06 00:00:00+09:00,2660.062783912907,2678.709978070175,2559.53008497807,2587.90625,25591000
2018-12-07 00:00:00+09:00,2621.1474004221077,2666.5492731173254,2589.5282390807956,2665.738525390625,21689000
2018-12-10 00:00:00+09:00,2608.9862116692525,2720.8693991180894,2608.9862116692525,2661.684814453125,21444000
2018-12-11 00:00:00+09:00,2684.385571917751,2710.329497710976,2638.172954098569,2644.658935546875,20847000
2018-12-12 00:00:00+09:00,2635.7399982279635,2677.8988662402226,2617.0928066071565,2649.522705078125,17453000
2018-12-13 00:00:00+09:00,2659.2525712477154,2704.6544444153596,2626.822661842256,2661.684814453125,17947000
2018-12-14 00:00:00+09:00,2663.30674998045,2677.0894637550828,2534.397838794182,2591.9609375,24803000
2018-12-17 00:00:00+09:00,2594.3928808076084,2626.012044042451,2553.8554920449897,2600.068115234375,15840000
2018-12-18 00:00:00+09:00,2536.8290176613173,2540.882755305391,2482.50893323073,2512.506591796875,20305000
2018-12-19 00:00:00+09:00,2503.5887122395834,2510.885440999349,2415.217219482422,2432.242919921875,26425000
2018-12-20 00:00:00+09:00,2375.490521428128,2515.749859382758,2369.815288100484,2449.2685546875,32287000
2018-12-21 00:00:00+09:00,2432.2424600290697,2449.268157249273,2338.195751574612,2353.194580078125,28244000
2018-12-24 00:00:00+09:00,2353.194580078125,2353.194580078125,2353.194580078125,2353.194580078125,0
2018-12-25 00:00:00+09:00,2276.5792200722453,2317.5219731397838,2193.4775925589242,2251.446044921875,33886000
2018-12-26 00:00:00+09:00,2310.6302813917173,2321.9807459318868,2234.0146457455708,2279.41650390625,29213000
2018-12-27 00:00:00+09:00,2401.029071892459,2408.325800458061,2352.3842147884416,2376.30126953125,23588000
2018-12-28 00:00:00+09:00,2354.0059655430337,2388.0573692119874,2343.466245359786,2374.274658203125,20445000
2018-12-31 00:00:00+09:00,2374.274658203125,2374.274658203125,2374.274658203125,2374.274658203125,0
2019-01-04 00:00:00+09:00,2303.3337976331163,2321.1702437957097,2223.069789901445,2272.525390625,25810000
2019-01-07 00:00:00+09:00,2377.9228611076,2412.3796362855996,2360.4917866057885,2405.48828125,19343000
2019-01-08 00:00:00+09:00,2409.1369397127173,2448.45820559731,2399.813340585443,2433.86474609375,16627000
2019-01-09 00:00:00+09:00,2467.9158087450173,2511.696181173477,2421.2978195850833,2491.427490234375,19112000
2019-01-10 00:00:00+09:00,2460.6188032774744,2493.859452679246,2410.7578291748173,2415.622314453125,20210000
2019-01-11 00:00:00+09:00,2452.5118210588475,2463.05154128158,2430.621632903942,2458.997802734375,12012000
2019-01-15 00:00:00+09:00,2483.319487746341,2601.688617753186,2481.6979928147407,2572.501708984375,28714000
2019-01-16 00:00:00+09:00,2581.4205994149183,2592.771066874657,2522.236019089137,2589.528076171875,18131000
2019-01-17 00:00:00+09:00,2624.389625459559,2695.735404588518,2606.553180677319,2687.6279296875,26920000
2019-01-18 00:00:00+09:00,2663.3056186242156,2758.163079013571,2662.49487109952,2744.38037109375,22700000
2019-01-21 00:00:00+09:00,2801.1327079406633,2807.6186881616545,2729.7869255097576,2735.462158203125,19245000
2019-01-22 00:00:00+09:00,2723.3012585920114,2754.109668186086,2697.357334723317,2732.219482421875,17407000
2019-01-23 00:00:00+09:00,2694.1140177312204,2753.2985868839073,2684.385047459546,2730.59765625,16251000
2019-01-24 00:00:00+09:00,2708.707849423747,2748.434483551782,2686.006915636299,2746.81298828125,14851000
2019-01-25 00:00:00+09:00,2746.8132757173944,2769.5142118803483,2732.2198167554957,2747.6240234375,13671000
2019-01-28 00:00:00+09:00,2717.6262635074822,2722.4907496593455,2663.3061681450117,2668.170654296875,15395000
2019-01-29 00:00:00+09:00,2626.8227016633664,2712.761962890625,2596.014287261142,2712.761962890625,25104000
2019-01-30 00:00:00+09:00,2703.8428794895362,2716.004091841063,2675.4667173359726,2687.6279296875,13976000
2019-01-31 00:00:00+09:00,2744.3807726303858,2794.6471265160826,2724.1120815474433,2742.75927734375,22510000
2019-02-01 00:00:00+09:00,2618.7148237228394,2654.387719154358,2476.023241996765,2490.61669921875,46035000
2019-02-04 00:00:00+09:00,2552.23360700897,2642.2265963285367,2537.6401492814725,2615.471923828125,32650000
2019-02-05 00:00:00+09:00,2616.282389739717,2629.254350767246,2514.1281966479273,2532.775390625,22692000
2019-02-06 00:00:00+09:00,2514.939103607969,2517.371346454785,2382.7872422642877,2392.11083984375,37228000
2019-02-07 00:00:00+09:00,2383.598387131162,2406.299324151458,2316.7116976963584,2376.70703125,33486000
2019-02-08 00:00:00+09:00,2338.6013770181626,2419.6761344117544,2336.169134296355,2373.868896484375,21304000
2019-02-12 00:00:00+09:00,2351.1678915870316,2399.407370742007,2317.116494536461,2370.220458984375,22198000
2019-02-13 00:00:00+09:00,2374.274561670109,2444.4042354227004,2374.274561670109,2431.837646484375,18538000
2019-02-14 00:00:00+09:00,2432.2430733185174,2457.3762517428086,2395.7594272187393,2416.8388671875,18818000
2019-02-15 00:00:00+09:00,2399.812686965812,2430.621093082265,2368.1935333199785,2371.4365234375,22380000
2019-02-18 00:00:00+09:00,2384.0033690172177,2411.974161818134,2380.3550047388376,2405.8935546875,15845000
2019-02-19 00:00:00+09:00,2397.3806229222073,2403.461229845412,2357.653991023936,2381.571044921875,14987000
2019-02-20 00:00:00+09:00,2400.623695174284,2420.0816379923126,2374.2743976082033,2405.8935546875,15343000
2019-02-21 00:00:00+09:00,2422.1085286104567,2452.511564534437,2395.759230809673,2424.540771484375,17675000
2019-02-22 00:00:00+09:00,2450.079007580961,2458.1864827880454,2419.2706017940395,2434.6748046875,15939000
2019-02-25 00:00:00+09:00,2491.427667220224,2537.6402858442243,2442.78280551075,2458.18701171875,29254000
2019-02-26 00:00:00+09:00,2501.9670563194845,2502.7778039074037,2448.4577155167995,2470.347900390625,12347000
2019-02-27 00:00:00+09:00,2474.4019469532996,2548.1799866560355,2474.4019469532996,2540.072509765625,19561000
2019-02-28 00:00:00+09:00,2537.6395651858675,2540.88255504553,2454.1325762995593,2467.915283203125,20045000
2019-03-01 00:00:00+09:00,2488.183976439837,2519.8031276555926,2473.5905220325653,2504.39892578125,14657000
2019-03-04 00:00:00+09:00,2498.724005287572,2523.046432334498,2462.2403647171823,2464.672607421875,18281000
2019-03-05 00:00:00+09:00,2443.59368226807,2478.455835001158,2435.4862048882824,2460.619384765625,17061000
2019-03-06 00:00:00+09:00,2471.969359801696,2531.1539328635276,2458.9973985826646,2519.803466796875,21722000
2019-03-07 00:00:00+09:00,2500.345111035925,2518.9923022012385,2467.1044659151494,2471.158203125,15341000
2019-03-08 00:00:00+09:00,2437.107541373462,2446.0257659094264,2384.003568000221,2405.0830078125,20216000
2019-03-11 00:00:00+09:00,2405.082271181304,2419.270351324797,2361.3019095956674,2398.19091796875,15009000
2019-03-12 00:00:00+09:00,2420.487040487624,2501.156429376761,2417.6494237930315,2481.698486328125,34242000
2019-03-13 00:00:00+09:00,2482.5092662211705,2495.4812284221953,2446.0256225307876,2491.427490234375,18796000
2019-03-14 00:00:00+09:00,2514.128602684645,2561.9627166989612,2451.701030157487,2458.18701171875,25215000
2019-03-15 00:00:00+09:00,2476.0233801752474,2525.478987965257,2463.0514174762284,2520.614501953125,24550000
2019-03-18 00:00:00+09:00,2540.8830186631944,2594.392361111111,2507.642366536458,2590.338623046875,20190000
2019-03-19 00:00:00+09:00,2580.609926237704,2582.231421635905,2537.6402981853635,2549.801513671875,15981000
2019-03-20 00:00:00+09:00,2482.508667312582,2498.723616151985,2436.2960631202836,2471.158203125,29347000
2019-03-22 00:00:00+09:00,2488.1848577145256,2504.3998127990126,2458.9979385624492,2488.99560546875,19531000
2019-03-25 00:00:00+09:00,2429.8104989188055,2471.969373107587,2426.567508596592,2451.70068359375,11456000
2019-03-26 00:00:00+09:00,2513.317405118214,2636.5510327240104,2496.2917065674133,2591.149169921875,34048000
2019-03-27 00:00:00+09:00,2630.8599806923903,2639.9604397451,2578.7391697541448,2601.07666015625,17635000
2019-03-28 00:00:00+09:00,2593.6310435838636,2615.1412212977966,2560.5384624855046,2608.522705078125,14854000
2019-03-29 00:00:00+09:00,2630.8606792493465,2667.2625251257527,2601.0773508050142,2611.005126953125,17028000
2019-04-01 00:00:00+09:00,2672.226018947389,2719.3829486935197,2631.687605656856,2645.751953125,14488000
2019-04-02 00:00:00+09:00,2647.4066874027994,2661.4710354296267,2612.6594746306378,2659.81640625,15254000
2019-04-03 00:00:00+09:00,2647.4062017746915,2687.9446092393664,2642.442315146364,2680.498779296875,11806000
2019-04-04 00:00:00+09:00,2688.773048530191,2709.4559181342693,2664.78091978946,2684.636474609375,12091000
2019-04-05 00:00:00+09:00,2693.7362710779885,2767.3672686596656,2692.9089564984192,2747.51171875,22414000
2019-04-08 00:00:00+09:00,2731.792799591139,2762.4034396834686,2678.01735078029,2693.736328125,19475000
2019-04-09 00:00:00+09:00,2713.5918209876545,2761.57606660268,2702.0094168736828,2747.51171875,14797000
2019-04-10 00:00:00+09:00,2700.355073842875,2749.16663920952,2692.909241837793,2716.9013671875,13190000
2019-04-11 00:00:00+09:00,2702.0093327158506,2738.4111730831187,2702.0093327158506,2728.4833984375,10475000
2019-04-12 00:00:00+09:00,2736.7561629364786,2788.0496581305724,2714.4186730938895,2783.9130859375,18836000
2019-04-15 00:00:00+09:00,2810.38767145395,2851.753401089716,2787.222862857921,2836.034423828125,18482000
2019-04-16 00:00:00+09:00,2813.6971104688864,2868.2998770936865,2813.6971104688864,2850.92626953125,16845000
2019-04-17 00:00:00+09:00,2858.3720555224704,2899.737787150871,2850.0989091967904,2881.536865234375,18440000
2019-04-18 00:00:00+09:00,2911.3203609016787,2912.147675582242,2831.8981515676173,2841.825927734375,19259000
2019-04-19 00:00:00+09:00,3255.483451376156,3337.387609365035,3158.68762829839,3243.07373046875,89192000
2019-04-22 00:00:00+09:00,3260.4467388485477,3272.8564574688794,3138.8314963692947,3190.125,41678000
2019-04-23 00:00:00+09:00,3170.2695985085415,3175.2334861888785,3061.891384154518,3075.12841796875,33399000
2019-04-24 00:00:00+09:00,3075.1282998817846,3152.895870554071,3064.3732103207235,3143.79541015625,31501000
2019-04-25 00:00:00+09:00,3184.3336521763827,3209.1530882806414,3169.4419905138275,3185.98828125,32273000
2019-04-26 00:00:00+09:00,3023.8347958213403,3166.9602184416117,3022.1801666581005,3143.79541015625,47169000
2019-05-07 00:00:00+09:00,3175.233384662774,3189.2977326406967,3054.4454549700263,3079.264892578125,26992000
2019-05-08 00:00:00+09:00,2995.7061490429533,3090.0200128902043,2987.43300309144,3071.819091796875,17320000
2019-05-09 00:00:00+09:00,3078.437900547364,3105.7392847768892,3039.554110887131,3041.208740234375,14776000
2019-05-10 00:00:00+09:00,3060.2366502586574,3096.638492002745,3019.698235589105,3061.06396484375,17966000
2019-05-13 00:00:00+09:00,3076.7828635457854,3082.5740654938413,3033.762506217369,3060.236572265625,11445000
2019-05-14 00:00:00+09:00,3002.325260865115,3074.301644909002,2984.9516509234873,3062.71923828125,16845000
2019-05-15 00:00:00+09:00,3091.674628352838,3104.0843472250067,3062.7186176511127,3094.98388671875,11240000
2019-05-16 00:00:00+09:00,3107.393871646641,3121.4582209059577,3028.7989787269307,3051.136474609375,14981000
2019-05-17 00:00:00+09:00,3094.1565585927137,3141.3134901006774,3078.437581423392,3118.148681640625,15952000
2019-05-20 00:00:00+09:00,3118.148588035282,3167.7874618166875,3116.493958909235,3161.1689453125,13014000
2019-05-21 00:00:00+09:00,3143.7957426194707,3152.068889310575,3118.9763025461593,3142.14111328125,13884000
2019-05-22 00:00:00+09:00,3160.341688453092,3188.470384109481,3152.0685426718014,3166.960205078125,13792000
2019-05-23 00:00:00+09:00,3169.4424350154914,3224.872516755517,3164.4785470984743,3195.91650390625,18371000
2019-05-24 00:00:00+09:00,3171.0969118334983,3233.1455078125,3155.3779341854847,3233.1455078125,15886000
2019-05-27 00:00:00+09:00,3234.800093394978,3243.073239413891,3176.888071262587,3204.189453125,12033000
2019-05-28 00:00:00+09:00,3219.9082208534423,3243.0730281977117,3209.980446277327,3235.627197265625,11179000
2019-05-29 00:00:00+09:00,3215.7716982487045,3236.4545622714,3183.5064303732993,3223.217529296875,17697000
2019-05-30 00:00:00+09:00,3200.879815928141,3203.361759440104,3153.722889200846,3176.8876953125,14204000
2019-05-31 00:00:00+09:00,3168.614693732841,3237.281800672743,3161.996177401284,3201.707275390625,15492000
2019-06-03 00:00:00+09:00,3185.161288727852,3234.80016595478,3158.687220873491,3186.81591796875,15010000
2019-06-04 00:00:00+09:00,3208.325901861305,3214.1171038502243,3110.702782619522,3114.83935546875,16672000
2019-06-05 00:00:00+09:00,3152.068939720628,3207.4990234375,3142.968478214873,3207.4990234375,14590000
2019-06-06 00:00:00+09:00,3216.599223610031,3234.8001451428036,3187.64321208062,3191.77978515625,11280000
2019-06-07 00:00:00+09:00,3209.153682875359,3249.6921026899745,3198.3985919041347,3238.93701171875,13546000
2019-06-10 00:00:00+09:00,3259.619769117994,3291.8850409442894,3234.8003292516137,3284.439208984375,12957000
2019-06-11 00:00:00+09:00,3286.0937073358523,3292.7122243697613,3248.0372343908753,3257.1376953125,10114000
2019-06-12 00:00:00+09:00,3201.707769457198,3217.4267481702955,3135.522595928367,3142.14111328125,24382000
2019-06-13 00:00:00+09:00,3092.502031088067,3099.947862623592,3061.891390330908,3093.329345703125,17528000
2019-06-14 00:00:00+09:00,3125.594308332779,3135.5220827372236,3094.9836705857397,3108.220703125,11269000
2019-06-17 00:00:00+09:00,3111.5300014602803,3134.694808703271,3085.0559360397197,3098.29296875,8988000
2019-06-18 00:00:00+09:00,3108.22074100889,3147.1045245668934,3100.7749101148042,3118.975830078125,12075000
2019-06-19 00:00:00+09:00,3151.2412924682135,3151.2412924682135,3100.7751021714002,3131.3857421875,11761000
2019-06-20 00:00:00+09:00,3160.3416753112033,3198.398145746888,3153.723158713693,3190.125,13464000
2019-06-21 00:00:00+09:00,3185.1614497043533,3196.7438549760054,3154.550807200701,3167.787841796875,10943000
2019-06-24 00:00:00+09:00,3167.787727117976,3169.4423563825976,3112.357646753154,3156.205322265625,9335000
2019-06-25 00:00:00+09:00,3154.5506930010033,3187.643278293435,3138.8317149870986,3156.205322265625,11175000
2019-06-26 00:00:00+09:00,3146.277593443627,3167.787774203431,3111.530378370098,3164.478515625,12864000
2019-06-27 00:00:00+09:00,3172.751916795288,3262.1019055863935,3165.306084396029,3257.96533203125,21335000
2019-06-28 00:00:00+09:00,3243.0730633942135,3272.029072888805,3228.181401368424,3267.065185546875,14552000
2019-07-01 00:00:00+09:00,3298.503356522121,3334.0778848217074,3291.8848396291746,3313.39501953125,14208000
2019-07-02 00:00:00+09:00,3325.804952441844,3342.3512457375746,3305.122085822181,3320.841064453125,13130000
2019-07-03 00:00:00+09:00,3318.3589561383515,3360.552001953125,3314.222383019256,3360.552001953125,15340000
2019-07-04 00:00:00+09:00,3360.55185614274,3379.580091664966,3344.005564384282,3356.415283203125,10351000
2019-07-05 00:00:00+09:00,3365.5154390337425,3383.716358320552,3358.069608416411,3371.306640625,7860000
2019-07-08 00:00:00+09:00,3378.752551453345,3396.9534711722413,3344.832655613583,3351.451171875,10632000
2019-07-09 00:00:00+09:00,3343.1785032915022,3358.897481653922,3315.049805169277,3353.93359375,8964000
2019-07-10 00:00:00+09:00,3336.559681762695,3340.6962546386717,3302.6397841796875,3309.25830078125,12476000
2019-07-11 00:00:00+09:00,3408.535817293267,3456.520059381376,3367.1700913552418,3446.59228515625,28167000
2019-07-12 00:00:00+09:00,3474.721392463235,3478.857965549501,3430.046403131565,3445.765380859375,12878000
2019-07-16 00:00:00+09:00,3431.7012082525985,3450.729445424684,3415.154915059481,3442.456298828125,8656000
2019-07-17 00:00:00+09:00,3436.6650231210324,3436.6650231210324,3384.544200671195,3420.946044921875,10251000
2019-07-18 00:00:00+09:00,3383.7166985033195,3397.7810466389083,3359.7245752131985,3387.853271484375,12249000
2019-07-19 00:00:00+09:00,3391.9900062970382,3430.873794174102,3389.5080623899917,3407.708984375,8956000
2019-07-22 00:00:00+09:00,3387.853361830371,3387.853361830371,3323.3228216050306,3326.632080078125,13290000
2019-07-23 00:00:00+09:00,3347.3143762466757,3357.242149977511,3305.121337890625,3305.121337890625,11754000
2019-07-24 00:00:00+09:00,3288.575243405446,3310.9127356248036,3278.6474690857317,3296.848388671875,10525000
2019-07-25 00:00:00+09:00,3305.9489820223057,3347.314710025588,3300.9850946619117,3324.14990234375,9211000
2019-07-26 00:00:00+09:00,3296.848589168266,3332.423115977359,3273.6837810135075,3327.459228515625,8492000
2019-07-29 00:00:00+09:00,3342.3509385850693,3378.7527804904516,3322.4953884548613,3335.732421875,8483000
2019-07-30 00:00:00+09:00,3336.5601306510225,3358.8976271864994,3310.08606068305,3358.0703125,8955000
2019-07-31 00:00:00+09:00,3300.158130674291,3325.8048847607542,3212.4627779915445,3317.53173828125,25383000
2019-08-01 00:00:00+09:00,3344.833305800744,3459.002733503069,3339.0421029462777,3428.39208984375,24020000
2019-08-02 00:00:00+09:00,3378.753285748635,3390.3356917232873,3296.0218145011168,3333.2509765625,22782000
2019-08-05 00:00:00+09:00,3291.884841294316,3296.848728966537,3213.289953150823,3253.828369140625,14997000
2019-08-06 00:00:00+09:00,3121.4579236736404,3227.3541903659875,3115.666721588903,3221.56298828125,17920000
2019-08-07 00:00:00+09:00,3253.8286656238038,3262.101812498006,3212.462931252792,3241.4189453125,12316000
2019-08-08 00:00:00+09:00,3259.6197379375158,3283.611862912183,3239.764186234343,3253.001220703125,10533000
2019-08-09 00:00:00+09:00,3275.3386747348623,3295.194226185642,3258.7923818592126,3262.928955078125,10897000
2019-08-13 00:00:00+09:00,3205.0169596693163,3221.563252698069,3171.924373611812,3177.715576171875,11146000
2019-08-14 00:00:00+09:00,3243.0731912512474,3317.5315043156897,3237.2819891240133,3315.049560546875,17362000
2019-08-15 00:00:00+09:00,3226.5267967281484,3302.639736548402,3207.498561773085,3300.985107421875,17142000
2019-08-16 00:00:00+09:00,3284.43912072004,3318.3590209592144,3280.3025475201407,3286.09375,9982000
2019-08-19 00:00:00+09:00,3334.077669588534,3337.386927821376,3302.6397163765328,3305.948974609375,8427000
2019-08-20 00:00:00+09:00,3318.358839306287,3325.8046706585073,3296.8486598443164,3310.085693359375,6485000
2019-08-21 00:00:00+09:00,3292.7123349820563,3332.423438519528,3281.9572444406576,3328.286865234375,8722000
2019-08-22 00:00:00+09:00,3340.6961935450627,3358.897113866507,3313.3948130628964,3324.14990234375,9490000
2019-08-23 00:00:00+09:00,3327.4592959551537,3392.8171488592952,3320.840779205367,3390.335205078125,14005000
2019-08-26 00:00:00+09:00,3325.8046536562974,3345.6602038273795,3282.7842949522856,3294.36669921875,14944000
2019-08-27 00:00:00+09:00,3325.8045892371892,3338.214307853746,3305.1217248762614,3329.941162109375,11068000
2019-08-28 00:00:00+09:00,3354.7606471935023,3379.5800847806304,3333.2504679513245,3338.21435546875,10297000
2019-08-29 00:00:00+09:00,3353.1059119460474,3353.933226506113,3317.531385863225,3324.14990234375,7020000
2019-08-30 00:00:00+09:00,3347.315326674578,3357.2431032242803,3322.4958853003227,3333.2509765625,8325000
2019-09-02 00:00:00+09:00,3333.2504578090175,3369.65229949271,3330.7685140578565,3340.6962890625,10097000
2019-09-03 00:00:00+09:00,3342.350624248242,3362.206172511103,3331.595535605859,3353.105712890625,6652000
2019-09-04 00:00:00+09:00,3372.9618775999393,3455.693343815292,3369.652618951325,3439.974365234375,20651000
2019-09-05 00:00:00+09:00,3420.9459340572357,3436.6649117469788,3376.2709448337555,3388.6806640625,21738000
2019-09-06 00:00:00+09:00,3425.0826650143244,3471.4122856038903,3420.118777094014,3429.21923828125,13552000
2019-09-09 00:00:00+09:00,3433.3555803005265,3482.9944561602933,3433.3555803005265,3465.620849609375,11284000
2019-09-10 00:00:00+09:00,3474.720978794107,3474.720978794107,3439.973769006166,3446.59228515625,9354000
2019-09-11 00:00:00+09:00,3426.737006134999,3439.1467248921267,3371.306929019826,3400.262939453125,12872000
2019-09-12 00:00:00+09:00,3420.946128004844,3456.5206584774455,3413.500296045462,3439.974365234375,11300000
2019-09-13 00:00:00+09:00,3449.0747380183293,3452.383996582031,3419.291410945012,3441.62890625,11289000
2019-09-17 00:00:00+09:00,3433.3555803005265,3473.06668098834,3423.4278051285733,3465.620849609375,10185000
2019-09-18 00:00:00+09:00,3474.721303023266,3524.360178780741,3469.7574154475183,3506.986572265625,11931000
2019-09-19 00:00:00+09:00,3531.8058225871596,3554.143315491787,3499.5405550582536,3512.777587890625,11629000
2019-09-20 00:00:00+09:00,3547.525245155265,3552.489133091583,3509.4687709768273,3543.388671875,15045000
2019-09-24 00:00:00+09:00,3522.7062178322385,3533.46130961989,3479.6858506816334,3503.677978515625,13314000
2019-09-25 00:00:00+09:00,3430.046382139607,3433.355640588367,3343.1783478596603,3352.27880859375,27530000
2019-09-26 00:00:00+09:00,3379.5798157308705,3413.4997110662352,3353.1057510788783,3363.86083984375,18908000
2019-09-27 00:00:00+09:00,3396.3421223958335,3411.3333333333335,3348.037109375,3363.0283203125,14214000
2019-09-30 00:00:00+09:00,3322.2186694128523,3338.8755692344257,3310.5588395377504,3333.045654296875,9973000
2019-10-01 00:00:00+09:00,3356.3655598958335,3426.3245442708335,3338.04296875,3408.001953125,15568000
2019-10-02 00:00:00+09:00,3366.3597803991242,3429.656005859375,3366.3597803991242,3429.656005859375,9678000
2019-10-03 00:00:00+09:00,3388.8465987092686,3392.1779789979973,3358.86417611071,3372.189697265625,11620000
2019-10-04 00:00:00+09:00,3398.007893542531,3422.9932457009318,3383.0166822474903,3412.166259765625,11175000
2019-10-07 00:00:00+09:00,3407.1693552343363,3407.1693552343363,3365.527099609375,3365.527099609375,8868000
2019-10-08 00:00:00+09:00,3373.0227034613,3398.0080568202725,3347.2045049903613,3395.509521484375,10160000
2019-10-09 00:00:00+09:00,3364.694010416667,3413.8318684895835,3364.694010416667,3405.50341796875,9947000
2019-10-10 00:00:00+09:00,3398.008224449442,3412.9994372043657,3343.8732895011053,3356.365966796875,12002000
2019-10-11 00:00:00+09:00,3363.028567576068,3363.8614126893854,3273.914140451095,3320.553466796875,15560000
2019-10-15 00:00:00+09:00,3331.3801272571604,3349.702717957075,3307.2276213345463,3343.872802734375,8917000
2019-10-16 00:00:00+09:00,3351.3688157526144,3383.849775945048,3335.5447582229676,3344.7060546875,10055000
2019-10-17 00:00:00+09:00,3296.400963536666,3299.7323439950155,3253.093017578125,3253.093017578125,16686000
2019-10-18 00:00:00+09:00,3227.274576822917,3269.749674479167,3201.4563802083335,3215.61474609375,14162000
2019-10-21 00:00:00+09:00,3209.7850748064607,3223.1105966530886,3180.635495766963,3210.617919921875,8080000
2019-10-23 00:00:00+09:00,3198.1251639989505,3205.620769852073,3168.14274058646,3173.97265625,9897000
2019-10-24 00:00:00+09:00,3188.1310238975443,3193.9609395629786,3153.984375,3153.984375,9437000
2019-10-25 00:00:00+09:00,3098.1837585931116,3116.506350713824,3056.541503773312,3059.0400390625,18905000
2019-10-28 00:00:00+09:00,3077.3627111269034,3107.3451353760424,3065.7028794744606,3083.192626953125,11101000
2019-10-29 00:00:00+09:00,3111.509195037543,3183.133871368707,3110.676349963925,3147.321533203125,16070000
2019-10-30 00:00:00+09:00,3139.825846354167,3205.62060546875,3105.67919921875,3205.62060546875,22681000
2019-10-31 00:00:00+09:00,3241.4331067330722,3251.427247863801,3175.638344289107,3216.44775390625,13268000
2019-11-01 00:00:00+09:00,3345.5384954466303,3456.306884765625,3345.5384954466303,3456.306884765625,42383000
2019-11-05 00:00:00+09:00,3560.412271983055,3587.063311211934,3522.9342480674436,3558.74658203125,27359000
2019-11-06 00:00:00+09:00,3575.4043052038915,3583.7327568815153,3473.797194736881,3515.439453125,18614000
2019-11-07 00:00:00+09:00,3473.796469784691,3528.764239385696,3452.975344935826,3497.948974609375,12430000
2019-11-08 00:00:00+09:00,3524.6005887303386,3530.4305046379736,3481.292641987905,3494.6181640625,10212000
2019-11-11 00:00:00+09:00,3514.6064471743925,3542.090336453244,3482.9583322472295,3494.6181640625,10462000
2019-11-12 00:00:00+09:00,3506.2779117412347,3537.093180799293,3501.2808410831713,3530.430419921875,10152000
2019-11-13 00:00:00+09:00,3525.4327777024114,3539.5911422714976,3485.4562189191097,3501.2802734375,10573000
2019-11-14 00:00:00+09:00,3521.2691272115785,3524.6005076535953,3477.961181465362,3480.459716796875,9383000
2019-11-15 00:00:00+09:00,3464.635170633479,3472.1307755699454,3435.485595880553,3437.984130859375,9837000
2019-11-18 00:00:00+09:00,3451.3098156717974,3518.770263323683,3443.8142103771434,3503.779052734375,12727000
2019-11-19 00:00:00+09:00,3514.606119791667,3532.095865885417,3500.44775390625,3525.43310546875,9583000
2019-11-20 00:00:00+09:00,3534.5940795358683,3606.218747500073,3530.429854654228,3578.73486328125,21032000
2019-11-21 00:00:00+09:00,3601.22192337391,3606.218993572856,3507.9432796602473,3581.233642578125,17751000
2019-11-22 00:00:00+09:00,3525.43310546875,3542.090006510417,3453.8084309895835,3455.47412109375,21075000
2019-11-25 00:00:00+09:00,3489.6208488588836,3523.767496783278,3471.298257289696,3522.101806640625,13783000
2019-11-26 00:00:00+09:00,3539.5911464449273,3579.567705275364,3533.7612316154887,3546.25390625,12642000
2019-11-27 00:00:00+09:00,3536.2601723920984,3552.9170738164607,3506.2777498282467,3542.090087890625,8725000
2019-11-28 00:00:00+09:00,3560.41227083578,3570.406410543389,3537.925456493659,3546.25390625,6635000
2019-11-29 00:00:00+09:00,3556.2487006069214,3564.577151896399,3525.4334308358543,3527.09912109375,5384000
2019-12-02 00:00:00+09:00,3549.5860130458273,3613.715089302169,3544.5889421687093,3601.222412109375,16133000
2019-12-03 00:00:00+09:00,3627.0405211838606,3706.160808098319,3623.709140682199,3696.99951171875,22851000
2019-12-04 00:00:00+09:00,3716.1551194779545,3737.8090937286106,3610.3837837151355,3650.3603515625,25192000
2019-12-05 00:00:00+09:00,3706.1602330469823,3707.8259230393633,3619.544353443188,3637.866943359375,15024000
2019-12-06 00:00:00+09:00,3623.708902529868,3647.861409579596,3600.3892405508204,3644.530029296875,11906000
2019-12-09 00:00:00+09:00,3689.503900617652,3754.4658203125,3684.5068298718943,3754.4658203125,21218000
2019-12-10 00:00:00+09:00,3756.1317389551773,3914.3723221927567,3753.633203430373,3861.903076171875,32821000
2019-12-11 00:00:00+09:00,3838.583173063784,3893.550951198349,3801.937987640741,3809.43359375,18081000
2019-12-12 00:00:00+09:00,3812.76498056016,3859.4043075394893,3726.1490875985487,3736.97607421875,19524000
2019-12-13 00:00:00+09:00,3781.1166186898367,3786.1136891110127,3737.8086750396446,3741.972900390625,17645000
2019-12-16 00:00:00+09:00,3746.9698087840784,3821.9258618604435,3746.9698087840784,3786.113525390625,15920000
2019-12-17 00:00:00+09:00,3814.4309935879833,3829.422207099901,3773.6215790277624,3791.111328125,10829000
2019-12-18 00:00:00+09:00,3745.304610417398,3756.1315972831812,3685.3397600838307,3706.160888671875,13997000
2019-12-19 00:00:00+09:00,3686.171870979386,3706.160150442446,3637.0340172993624,3641.1982421875,13087000
2019-12-20 00:00:00+09:00,3582.8994140625,3636.2014973958335,3577.069498697917,3597.890625,15324000
2019-12-23 00:00:00+09:00,3611.216390538315,3639.5331242279603,3583.7325019571886,3602.887939453125,7955000
2019-12-24 00:00:00+09:00,3621.210531840543,3627.040447600176,3586.2310372827455,3602.887939453125,6380000
2019-12-25 00:00:00+09:00,3617.04540925557,3625.3738582752694,3603.7198908240503,3612.04833984375,4753000
2019-12-26 00:00:00+09:00,3620.3775226369653,3639.532959264674,3609.550536716956,3627.040283203125,6470000
2019-12-27 00:00:00+09:00,3642.031575223622,3666.18408281143,3628.7060537958655,3648.6943359375,6380000
2019-12-30 00:00:00+09:00,3648.694254261162,3666.184000743582,3622.876057072827,3662.019775390625,6213000
2020-01-06 00:00:00+09:00,3582.066405221799,3588.7291653338134,3540.4241545217083,3559.57958984375,11546000
2020-01-07 00:00:00+09:00,3584.565267306125,3622.876141445549,3572.0725909563125,3576.23681640625,11676000
2020-01-08 00:00:00+09:00,3539.5911469021166,3567.9078760773336,3465.4679440611076,3551.2509765625,14844000
2020-01-09 00:00:00+09:00,3627.040201822917,3631.2044270833335,3594.559244791667,3612.8818359375,10308000
2020-01-10 00:00:00+09:00,3599.556315104167,3646.1956380208335,3592.8935546875,3617.87890625,8263000
2020-01-14 00:00:00+09:00,3652.025553385417,3659.521158854167,3576.2366536458335,3597.890625,12035000
2020-01-15 00:00:00+09:00,3581.233561462445,3606.2189118912524,3571.2394212909217,3587.0634765625,7559000
2020-01-16 00:00:00+09:00,3576.23738572673,3584.5658379524557,3556.2491003849877,3577.903076171875,6987000
2020-01-17 00:00:00+09:00,3595.39208984375,3600.38916015625,3572.9052734375,3580.40087890625,7636000
2020-01-20 00:00:00+09:00,3588.7293294270835,3605.38623046875,3579.568033854167,3580.40087890625,8175000
2020-01-21 00:00:00+09:00,3581.2337239583335,3602.054850260417,3577.90234375,3590.39501953125,5628000
2020-01-22 00:00:00+09:00,3598.7234700520835,3610.38330078125,3586.2307942708335,3607.884765625,7022000
2020-01-23 00:00:00+09:00,3607.885008587827,3627.8732911838815,3595.392331965293,3625.374755859375,8637000
2020-01-24 00:00:00+09:00,3639.533203125,3654.524415403318,3623.7091457201086,3639.533203125,8406000
2020-01-27 00:00:00+09:00,3587.8959055774617,3590.394440330649,3523.766846912312,3531.262451171875,9721000
2020-01-28 00:00:00+09:00,3504.6122203271716,3552.917236671985,3495.4509241238447,3547.920166015625,9758000
2020-01-29 00:00:00+09:00,3547.086590027541,3570.4062482855293,3531.2625362096205,3557.91357421875,8152000
2020-01-30 00:00:00+09:00,3564.5773173202037,3564.5773173202037,3491.286942571564,3520.4365234375,11503000
2020-01-31 00:00:00+09:00,3424.6591004031766,3435.4860868587316,3345.53881476643,3395.509521484375,25778000
2020-02-03 00:00:00+09:00,3220.6116592148082,3342.207030884155,3164.8110434487385,3334.71142578125,26072000
2020-02-04 00:00:00+09:00,3331.3802895105982,3348.870036030529,3301.397866905003,3339.708740234375,12967000
2020-02-05 00:00:00+09:00,3393.010578179106,3408.001788391974,3348.8697925523284,3367.1923828125,9265000
2020-02-06 00:00:00+09:00,3397.1748862865793,3422.9930822843444,3370.523845256628,3406.336181640625,13307000
2020-02-07 00:00:00+09:00,3391.3450520833335,3405.50341796875,3365.52685546875,3373.0224609375,11869000
2020-02-10 00:00:00+09:00,3356.3658019343866,3401.339437990083,3355.5329568222437,3385.515380859375,8999000
2020-02-12 00:00:00+09:00,3381.3511558397286,3391.345297187038,3364.6942535942126,3378.019775390625,7610000
2020-02-13 00:00:00+09:00,3364.694092222101,3370.5240077284266,3334.711669618142,3347.204345703125,8786000
2020-02-14 00:00:00+09:00,3329.714518229167,3333.8787434895835,3289.737955729167,3318.0546875,9340000
2020-02-17 00:00:00+09:00,3318.054606445313,3343.8728024291995,3303.8962409057617,3331.380126953125,9282000
2020-02-18 00:00:00+09:00,3323.05192102287,3328.8818366737873,3307.2278642560946,3313.890625,6942000
2020-02-19 00:00:00+09:00,3324.717447916667,3348.8699544270835,3317.221842447917,3335.54443359375,9187000
2020-02-20 00:00:00+09:00,3373.0225431294807,3376.3539234189916,3333.0459796553537,3339.708740234375,7383000
2020-02-21 00:00:00+09:00,3331.379800923029,3335.5440256741826,3319.7199716197983,3327.215576171875,9155000
2020-02-25 00:00:00+09:00,3173.139727473593,3288.905192596646,3173.139727473593,3267.251220703125,13012000
2020-02-26 00:00:00+09:00,3267.251221267105,3267.251221267105,3202.2893055753298,3244.764404296875,11195000
2020-02-27 00:00:00+09:00,3213.116457571313,3234.770430587605,3164.811440842662,3180.635498046875,11113000
2020-02-28 00:00:00+09:00,3064.869791666667,3102.347819010417,3004.904947916667,3020.72900390625,22996000
2020-03-02 00:00:00+09:00,3006.570796436876,3155.6500686147715,2989.9138945175587,3089.0224609375,21479000
2020-03-03 00:00:00+09:00,3152.318103624427,3163.9779328056,3054.8752454674764,3064.869384765625,18606000
2020-03-04 00:00:00+09:00,3034.054365562081,3131.4972315436244,3034.054365562081,3102.34765625,10880000
2020-03-05 00:00:00+09:00,3156.4822593721155,3178.9690723016793,3115.6728581295733,3158.14794921875,12324000
2020-03-06 00:00:00+09:00,3139.8256003209785,3172.3065548070576,3087.3563661511585,3115.673095703125,12736000
2020-03-09 00:00:00+09:00,3038.2183368703036,3059.872305280015,2967.4265170693234,2992.411865234375,20326000
2020-03-10 00:00:00+09:00,2914.9578397001933,3041.5502944528876,2830.0076398003594,3014.06640625,22550000
2020-03-11 00:00:00+09:00,3003.239423280237,3069.867031117846,2949.1044919121796,2954.1015625,15064000
2020-03-12 00:00:00+09:00,2914.9580094952616,2944.940434735784,2827.5092692104035,2899.966796875,21183000
2020-03-13 00:00:00+09:00,2755.0515943661576,2873.315598719239,2655.1101822367928,2766.71142578125,31909000
2020-03-16 00:00:00+09:00,2823.344642835973,2903.2977654649562,2742.5586751796045,2744.224365234375,21578000
2020-03-17 00:00:00+09:00,2706.7464950981494,2944.9401866667863,2681.7611428357045,2904.963623046875,31907000
2020-03-18 00:00:00+09:00,2944.940185203112,3024.893312403196,2935.778889378102,2957.432861328125,18542000
2020-03-19 00:00:00+09:00,2957.4325470864183,3123.1686994013144,2957.4325470864183,3100.681884765625,24652000
2020-03-23 00:00:00+09:00,3114.8404142939203,3200.623452441587,3090.687908407684,3148.987060546875,19109000
2020-03-24 00:00:00+09:00,3232.271647135417,3238.9344075520835,3178.13671875,3215.61474609375,15137000
2020-03-25 00:00:00+09:00,3289.737631358003,3301.3974609375,3245.5968479499084,3301.3974609375,15109000
2020-03-26 00:00:00+09:00,3267.251300035002,3329.714682013749,3235.6031864991032,3308.8935546875,14080000
2020-03-27 00:00:00+09:00,3331.380288907797,3364.694091796875,3283.908119790861,3364.694091796875,16200000
2020-03-30 00:00:00+09:00,3355.3429830417404,3484.55811692123,3328.989896526845,3479.45751953125,14802000
2020-03-31 00:00:00+09:00,3533.01390633449,3612.0731684348525,3498.159823042932,3537.264404296875,19260000
2020-04-01 00:00:00+09:00,3553.4159876899585,3629.0748448441227,3528.763101650961,3566.16748046875,19176000
2020-04-02 00:00:00+09:00,3613.7734233820206,3627.3750170715316,3494.759478598797,3513.461669921875,16756000
2020-04-03 00:00:00+09:00,3554.2661002231075,3618.0235643505252,3528.7631145721402,3560.216796875,12445000
2020-04-06 00:00:00+09:00,3600.1717647612927,3672.4302299335973,3586.5701713170943,3648.62744140625,15371000
2020-04-07 00:00:00+09:00,3676.680431114244,3697.932919155367,3601.871673209492,3671.579833984375,17285000
2020-04-08 00:00:00+09:00,3655.4276286311365,3709.833993336344,3629.9246451755707,3705.58349609375,16903000
2020-04-09 00:00:00+09:00,3693.682321460793,3717.485107421875,3659.67834151639,3717.485107421875,12376000
2020-04-10 00:00:00+09:00,3686.8818874948056,3782.9431402702066,3679.230991256057,3771.891845703125,12912000
2020-04-13 00:00:00+09:00,3782.9433970622463,3804.195888056978,3748.9394114706756,3766.79150390625,8190000
2020-04-14 00:00:00+09:00,3790.59430565075,3867.95337311301,3771.042013874574,3866.253173828125,14177000
2020-04-15 00:00:00+09:00,3909.6082515247167,3989.5176178311576,3901.9573547506957,3972.515625,17544000
2020-04-16 00:00:00+09:00,3948.7122994930187,4009.919465383976,3941.9115032829122,3995.4677734375,13856000
2020-04-17 00:00:00+09:00,3995.467560316237,4003.9685551254206,3916.4083085908305,3981.015869140625,17116000
2020-04-20 00:00:00+09:00,3966.564592816174,3979.31608636359,3893.4560298109895,3904.50732421875,11638000
2020-04-21 00:00:00+09:00,3851.800411087623,3942.761047588699,3847.5499140548627,3913.007568359375,12297000
2020-04-22 00:00:00+09:00,3995.4682656682367,4003.119162347176,3928.3103948197704,3993.76806640625,15970000
2020-04-23 00:00:00+09:00,4012.469334346871,4018.420030393572,3947.8617772684042,3966.56396484375,10244000
2020-04-24 00:00:00+09:00,3945.311919892724,3994.617692647255,3943.611720832223,3986.966796875,8327000
2020-04-27 00:00:00+09:00,3977.6162010342723,4008.219787962512,3970.815403939108,3981.86669921875,8020000
2020-04-28 00:00:00+09:00,3931.7104549234637,3959.763740331566,3905.3573686310037,3929.16015625,9245000
2020-04-30 00:00:00+09:00,3887.5055836847355,3892.606181432846,3784.6435290978443,3795.69482421875,17759000
2020-05-01 00:00:00+09:00,3808.446318589026,3846.700801699853,3785.4936287225296,3795.69482421875,10331000
2020-05-07 00:00:00+09:00,3834.798888762964,3918.958740234375,3825.4477941550294,3918.958740234375,15079000
2020-05-08 00:00:00+09:00,3854.351269090364,3867.952861570612,3698.783055097524,3765.94091796875,24837000
2020-05-11 00:00:00+09:00,3771.8917404160816,3772.7418399744356,3663.9290965051414,3709.83447265625,14318000
2020-05-12 00:00:00+09:00,3744.6885682853435,3833.0989226784595,3744.6885682853435,3812.696533203125,13041000
2020-05-13 00:00:00+09:00,3798.244812282986,3825.447998046875,3768.491327853733,3825.447998046875,8231000
2020-05-14 00:00:00+09:00,3776.142751646436,3846.7010245835486,3775.292651972495,3805.896240234375,8194000
2020-05-15 00:00:00+09:00,3799.9454944257177,3833.0993812898346,3778.6930028461557,3826.298583984375,7967000
2020-05-18 00:00:00+09:00,3840.749876696654,3854.351469885487,3776.1423090496987,3787.193603515625,7225000
2020-05-19 00:00:00+09:00,3769.341622679165,3776.9925190716126,3708.9845511387452,3738.738037109375,11181000
2020-05-20 00:00:00+09:00,3757.440183614072,3793.994465943349,3753.189685668807,3758.290283203125,8941000
2020-05-21 00:00:00+09:00,3782.0924273819805,3844.149686810815,3768.490836274291,3830.548095703125,9868000
2020-05-22 00:00:00+09:00,3830.5491084950495,3844.1507031989822,3796.5451217352174,3815.247314453125,6281000
2020-05-25 00:00:00+09:00,3838.1993211138947,3846.700316288012,3776.142056342839,3791.44384765625,5983000
2020-05-26 00:00:00+09:00,3793.1440466910735,3801.6450418651907,3771.891558755781,3791.44384765625,6492000
2020-05-27 00:00:00+09:00,3765.940710366178,3777.8421031303146,3732.786830523225,3748.938720703125,8795000
2020-05-28 00:00:00+09:00,3731.086675432573,3754.8894612407553,3698.782894692897,3728.536376953125,10093000
2020-05-29 00:00:00+09:00,3756.590215456064,3779.5429051635347,3700.4836406155796,3701.333740234375,13496000
2020-06-01 00:00:00+09:00,3763.3908326238648,3790.5940191257764,3750.6393389510936,3779.542724609375,11297000
2020-06-02 00:00:00+09:00,3752.3396131819763,3769.3416050858364,3734.4875216829228,3746.388916015625,7874000
2020-06-03 00:00:00+09:00,3736.187854367683,3805.045924038623,3728.5369577375786,3793.99462890625,11349000
2020-06-04 00:00:00+09:00,3824.5980959621597,3845.8505859374995,3795.6947095956975,3845.8505859375,11177000
2020-06-05 00:00:00+09:00,3863.702318031369,3907.0573935472326,3859.4518204317746,3897.706298828125,9990000
2020-06-08 00:00:00+09:00,3922.359083786332,3923.2091832843353,3811.8461490459285,3831.3984375,10410000
2020-06-09 00:00:00+09:00,3813.5465665834136,3847.5505484521914,3796.544575649025,3842.449951171875,5946000
2020-06-10 00:00:00+09:00,3846.700909803447,3874.754198206433,3836.499714020543,3854.351806640625,5763000
2020-06-11 00:00:00+09:00,3898.555945839092,4019.270063656177,3896.005647575351,3998.017578125,22289000
2020-06-12 00:00:00+09:00,3997.168336293359,4077.077699035081,3944.462160867968,4049.87451171875,17439000
2020-06-15 00:00:00+09:00,4039.672707479508,4098.329571287607,3983.566142097848,3992.917236328125,12094000
2020-06-16 00:00:00+09:00,4074.5274100306656,4099.180298595425,4017.5707364500154,4045.6240234375,9737000
2020-06-17 00:00:00+09:00,4098.329977242928,4162.937543779012,4091.5291807654453,4143.38525390625,13768000
2020-06-18 00:00:00+09:00,4207.992562846113,4265.79932936602,4195.241070231428,4259.8486328125,17523000
2020-06-19 00:00:00+09:00,4264.950124273957,4294.70361328125,4230.946136837051,4294.70361328125,13190000
2020-06-22 00:00:00+09:00,4268.350109339949,4301.503993877742,4252.198216872819,4263.24951171875,7142000
2020-06-23 00:00:00+09:00,4261.549003489425,4261.549003489425,4179.089347926194,4182.48974609375,11658000
2020-06-24 00:00:00+09:00,4138.285015865433,4205.442886911729,4119.58282392849,4198.64208984375,9114000
2020-06-25 00:00:00+09:00,4134.03424887838,4169.738431163572,4093.229469123874,4103.4306640625,9533000
2020-06-26 00:00:00+09:00,4082.1781308392397,4135.734403692816,4059.2254424734215,4122.98291015625,7029000
2020-06-29 00:00:00+09:00,4100.030555235952,4126.383644021421,4068.5768686210386,4083.878662109375,6116000
2020-06-30 00:00:00+09:00,4094.0793739260052,4105.130667917085,4071.1266864060713,4081.327880859375,6900000
2020-07-01 00:00:00+09:00,4109.3807135751795,4116.1815091292965,4049.8737524766557,4062.625244140625,5909000
2020-07-02 00:00:00+09:00,4122.983440905532,4162.088026118244,4074.52775922891,4105.13134765625,10114000
2020-07-03 00:00:00+09:00,4124.683300898391,4253.898441404688,4116.182304812451,4252.1982421875,14071000
2020-07-06 00:00:00+09:00,4246.247949276844,4293.003432201815,4214.794260763682,4287.052734375,9091000
2020-07-07 00:00:00+09:00,4310.00520006273,4412.867257105648,4293.003207163074,4383.11376953125,12216000
2020-07-08 00:00:00+09:00,4365.262074114069,4365.262074114069,4219.044921875,4219.044921875,14132000
2020-07-09 00:00:00+09:00,4250.49762399295,4256.448320666541,4205.442349178625,4220.744140625,9922000
2020-07-10 00:00:00+09:00,4213.9425345728805,4220.743329464263,4138.28369140625,4138.28369140625,8994000
2020-07-13 00:00:00+09:00,4146.78564072906,4161.237333203925,4100.0301650750835,4148.48583984375,7804000
2020-07-14 00:00:00+09:00,4105.980750450721,4149.335826697717,4055.8248779296873,4088.978759765625,8940000
2020-07-15 00:00:00+09:00,4114.481874550914,4148.485856985219,4078.777692994893,4140.8349609375,8677000
2020-07-16 00:00:00+09:00,4083.877246196008,4109.380226501145,4046.4728750818063,4059.224365234375,9865000
2020-07-17 00:00:00+09:00,4066.0261571702026,4084.728347313992,4023.5211795706814,4050.724365234375,6561000
2020-07-20 00:00:00+09:00,4030.322588740081,4044.7742833210937,3970.815611053558,3997.168701171875,8875000
2020-07-21 00:00:00+09:00,4062.6262047908886,4115.332382798219,4047.3244111758568,4069.427001953125,11847000
2020-07-22 00:00:00+09:00,4037.9731095077204,4071.9770935877855,4015.870519855678,4053.27490234375,8428000
2020-07-27 00:00:00+09:00,4053.2751825657897,4084.7288700143918,4017.5709968133224,4037.973388671875,7823000
2020-07-28 00:00:00+09:00,4054.974931832675,4083.028217524599,4018.420650476531,4020.120849609375,6781000
2020-07-29 00:00:00+09:00,4016.7204551624145,4029.471948670867,3984.4166716076693,4018.420654296875,6538000
2020-07-30 00:00:00+09:00,4023.52149025915,4058.375574582122,4015.0204940828157,4020.97119140625,5922000
2020-07-31 00:00:00+09:00,4012.469374125215,4026.921064667615,3931.7099269765085,3947.86181640625,9074000
2020-08-03 00:00:00+09:00,3910.4575872065943,4011.619424788678,3898.556194549879,3992.917236328125,9121000
2020-08-04 00:00:00+09:00,4063.4761151568077,4127.233585582909,4032.87252935228,4045.6240234375,14680000
2020-08-05 00:00:00+09:00,4139.135172360298,4190.141151070838,4106.831385843623,4173.9892578125,13651000
2020-08-06 00:00:00+09:00,4207.993225606386,4207.993225606386,4140.835353924991,4181.64013671875,11131000
2020-08-07 00:00:00+09:00,4369.511900670085,4373.762398627935,4259.849053357548,4289.6025390625,26629000
2020-08-11 00:00:00+09:00,4309.153922760229,4332.956706314636,4223.293882081834,4253.8974609375,13615000
2020-08-12 00:00:00+09:00,4269.200148864818,4305.754431302331,4241.146862343006,4289.6025390625,8215000
2020-08-13 00:00:00+09:00,4323.6063804626465,4360.160661697388,4265.799610137939,4352.509765625,10687000
2020-08-14 00:00:00+09:00,4358.461415315362,4376.313510053342,4338.059021329099,4362.7119140625,6880000
2020-08-17 00:00:00+09:00,4365.261192580777,4436.669554835263,4362.710893928831,4382.26318359375,8876000
2020-08-18 00:00:00+09:00,4412.01738902346,4505.528354879449,4399.265893679461,4491.07666015625,13866000
2020-08-19 00:00:00+09:00,4544.632339586163,4572.685625632991,4516.579053539334,4537.83154296875,10003000
2020-08-20 00:00:00+09:00,4548.032753319946,4562.484446180963,4496.176678936298,4531.03076171875,8849000
2020-08-21 00:00:00+09:00,4548.032489895167,4665.346225148538,4543.781992241059,4650.04443359375,15275000
2020-08-24 00:00:00+09:00,4707.001099399479,4883.821801706701,4694.249606444631,4872.7705078125,21456000
2020-08-25 00:00:00+09:00,4905.075041760552,4909.325540063637,4745.256305564541,4763.1083984375,19800000
2020-08-26 00:00:00+09:00,4792.011492305645,4949.2799198515995,4782.660396613724,4890.623046875,18960000
2020-08-27 00:00:00+09:00,4911.875592248909,4928.8775846069875,4845.567822052402,4866.8203125,10452000
2020-08-28 00:00:00+09:00,4866.820979503098,4903.375268082772,4748.657116419966,4793.71240234375,17525000
2020-08-31 00:00:00+09:00,4853.218327981803,4862.569423026084,4770.758671682234,4823.46484375,11711000
2020-09-01 00:00:00+09:00,4884.672625548035,4983.284185687884,4871.071031045987,4980.73388671875,17745000
2020-09-02 00:00:00+09:00,5058.09276359808,5083.595752322103,5003.686387653495,5062.34326171875,18835000
2020-09-03 00:00:00+09:00,5066.5940527150115,5211.110997171648,5032.590065784038,5144.80322265625,25739000
2020-09-04 00:00:00+09:00,5050.441818104619,5118.449787377195,5011.337235772889,5083.595703125,16101000
2020-09-07 00:00:00+09:00,5040.239808050386,5113.348363201733,4994.334436211169,5011.33642578125,11570000
2020-09-08 00:00:00+09:00,4973.08230813963,4978.182905378748,4787.760608451692,4848.11767578125,17471000
2020-09-09 00:00:00+09:00,4768.208637060919,4957.780847092044,4760.557740691949,4920.37646484375,17147000
2020-09-10 00:00:00+09:00,5015.587396636244,5066.5933701613585,4994.334907667447,5018.1376953125,13220000
2020-09-11 00:00:00+09:00,5058.092336350351,5065.743232321301,4983.283575745505,5035.1396484375,11151000
2020-09-14 00:00:00+09:00,5011.3373430083075,5051.292025810918,4979.883656546677,5036.84033203125,6418000
2020-09-15 00:00:00+09:00,5068.293923731008,5095.4971115135295,5034.289939002857,5077.64501953125,8782000
2020-09-16 00:00:00+09:00,5091.246105012379,5093.7964036123185,5034.289436280399,5086.1455078125,7570000
2020-09-17 00:00:00+09:00,5088.695968343348,5088.695968343348,5005.386211427603,5013.88720703125,9525000
2020-09-18 00:00:00+09:00,5034.289460486024,5077.644536893451,5013.88707158841,5075.09423828125,8832000
2020-09-23 00:00:00+09:00,5083.595582873014,5143.102554578885,5058.092594999069,5136.3017578125,11437000
2020-09-24 00:00:00+09:00,5100.597315887791,5110.798510519567,5023.238256596826,5034.28955078125,9683000
2020-09-25 00:00:00+09:00,5015.586910422315,5076.794072718993,5007.085915658887,5017.287109375,7834000
2020-09-28 00:00:00+09:00,5080.19573172317,5127.80131421589,5052.992541727329,5109.09912109375,10699000
2020-09-29 00:00:00+09:00,5213.3651723379535,5279.717092713164,5170.279509756648,5249.55712890625,11108000
2020-09-30 00:00:00+09:00,5204.748722578989,5225.429843330959,5140.98193359375,5140.98193359375,9574000
2020-10-02 00:00:00+09:00,5196.131179023035,5230.599710890518,4991.905127708199,5015.17138671875,13448000
2020-10-05 00:00:00+09:00,4982.42577078438,4990.181189659693,4881.605325405311,4904.87158203125,12509000
2020-10-06 00:00:00+09:00,4974.671378204692,4975.533091590835,4887.638326204229,4941.92626953125,9664000
2020-10-07 00:00:00+09:00,4965.192414374406,4985.87353515625,4941.926153494831,4985.87353515625,6868000
2020-10-08 00:00:00+09:00,4986.7347244898365,5033.267241359104,4964.33017933056,5026.37353515625,6916000
2020-10-09 00:00:00+09:00,5015.171641821134,5040.161328696187,4983.288248221927,5009.1396484375,5619000
2020-10-12 00:00:00+09:00,5030.682804585072,5073.768474374255,5018.6188170441,5060.8427734375,5832000
2020-10-13 00:00:00+09:00,5082.386056252894,5122.024875952391,5060.843219459689,5117.71630859375,5986000
2020-10-14 00:00:00+09:00,5127.194816785511,5131.5033838584395,5078.07715215412,5094.44970703125,5902000
2020-10-15 00:00:00+09:00,5088.417521144962,5092.72608805533,5006.554749847965,5047.9169921875,6271000
2020-10-16 00:00:00+09:00,5020.341709368796,5030.682269017341,4966.053771213932,4991.04345703125,5873000
2020-10-19 00:00:00+09:00,5006.554178091195,5028.958723466475,4977.2559264466,5018.6181640625,4202000
2020-10-20 00:00:00+09:00,4997.937766924808,5009.1400412299845,4923.830413829026,4930.72412109375,7660000
2020-10-21 00:00:00+09:00,4929.000961805556,4964.3312134548605,4842.8296163194445,4847.13818359375,8964000
2020-10-22 00:00:00+09:00,4826.456358584657,4873.850591707699,4807.498665335441,4812.6689453125,8970000
2020-10-23 00:00:00+09:00,4742.0087890625,4758.381343485939,4666.1780106802535,4742.0087890625,10594000
2020-10-26 00:00:00+09:00,4714.433604563272,4771.306684055353,4680.826784863406,4747.1787109375,5691000
2020-10-27 00:00:00+09:00,4762.689529582155,4914.35107421875,4755.795823007765,4914.35107421875,9750000
2020-10-28 00:00:00+09:00,4972.948702515986,5018.619518879415,4873.851648142509,4952.267578125,11477000
2020-10-29 00:00:00+09:00,4953.990171848107,5006.5546875,4913.489643395009,5006.5546875,8240000
2020-10-30 00:00:00+09:00,5016.033218464127,5016.033218464127,4895.393354079145,4910.04248046875,9851000
2020-11-02 00:00:00+09:00,4924.691548096594,5013.44801869221,4915.212701722304,4962.60693359375,8371000
2020-11-04 00:00:00+09:00,4920.383367975917,4945.373055834289,4845.414304400802,4884.19140625,12933000
2020-11-05 00:00:00+09:00,4942.787893525514,5034.129510804751,4941.064466784396,4990.18212890625,12793000
2020-11-06 00:00:00+09:00,5109.960232233016,5195.269854997108,4977.256374599983,4981.56494140625,23818000
2020-11-09 00:00:00+09:00,5026.373738757875,5062.565697788876,4872.98876953125,4872.98876953125,16415000
2020-11-10 00:00:00+09:00,4653.252056187512,4731.667970467709,4577.42128193853,4654.11376953125,25027000
2020-11-11 00:00:00+09:00,4421.45204913727,4516.240535865996,4411.9732004643965,4453.33544921875,24495000
2020-11-12 00:00:00+09:00,4549.846301020408,4650.66675882711,4529.1651814703155,4644.634765625,16456000
2020-11-13 00:00:00+09:00,4723.0503066814945,4731.667439151265,4642.049261465647,4694.61376953125,12150000
2020-11-16 00:00:00+09:00,4704.955340174144,4710.987334200008,4592.932593979521,4604.99658203125,10812000
2020-11-17 00:00:00+09:00,4628.2627104594085,4691.167789190285,4546.399936768542,4583.45361328125,13487000
2020-11-18 00:00:00+09:00,4579.145072908352,4596.379341154148,4513.654853574321,4587.76220703125,10165000
2020-11-19 00:00:00+09:00,4631.708573436352,4689.443359375,4598.10175774072,4689.443359375,11886000
2020-11-20 00:00:00+09:00,4782.509255413612,4786.8178223103805,4672.209942856324,4700.646484375,10145000
2020-11-24 00:00:00+09:00,4750.625509858327,4751.4872231741,4675.656451386048,4738.5615234375,11975000
2020-11-25 00:00:00+09:00,4729.0824773953045,4817.838945174408,4704.954505571859,4753.21044921875,12413000
2020-11-26 00:00:00+09:00,4825.594770728643,4972.94775390625,4796.296516763505,4972.94775390625,18435000
2020-11-27 00:00:00+09:00,4960.883830095243,5028.097472399816,4913.48959513689,5014.31005859375,15159000
2020-11-30 00:00:00+09:00,5058.256269874019,5116.852764993514,5047.053998748233,5106.51220703125,16289000
2020-12-01 00:00:00+09:00,5105.651521408456,5132.3646348537995,4928.138573997461,4943.6494140625,15970000
2020-12-02 00:00:00+09:00,4952.2667447665435,4989.3204197317355,4894.531948890545,4912.6279296875,10685000
2020-12-03 00:00:00+09:00,4894.532423611111,4958.299219270833,4823.010206857639,4847.13818359375,10237000
2020-12-04 00:00:00+09:00,4868.680214291399,4929.000146149877,4835.073395113105,4905.73388671875,8806000
2020-12-07 00:00:00+09:00,4937.618119773185,4985.012360015336,4914.351856381583,4978.11865234375,11093000
2020-12-08 00:00:00+09:00,4997.937611721827,5053.087268127034,4966.054216612568,5031.54443359375,10588000
2020-12-09 00:00:00+09:00,5031.544344468962,5082.385433066953,4982.426682603106,5079.80029296875,10435000
2020-12-10 00:00:00+09:00,5050.50216760136,5111.6838181558205,5035.853040003813,5084.970703125,10882000
2020-12-11 00:00:00+09:00,5117.715840947521,5236.632289179674,5110.822133803628,5199.57861328125,20538000
2020-12-14 00:00:00+09:00,5220.259674606801,5385.708644155251,5220.259674606801,5362.4423828125,19353000
2020-12-15 00:00:00+09:00,5421.039455930121,5450.337713997459,5294.367575462513,5309.87841796875,20100000
2020-12-16 00:00:00+09:00,5256.451588311682,5464.12451171875,5240.079034184154,5464.12451171875,21980000
2020-12-17 00:00:00+09:00,5454.645853076461,5849.310592524963,5436.549871573364,5825.1826171875,43133000
2020-12-18 00:00:00+09:00,5820.012058322092,5837.246325595773,5645.945958857913,5749.3515625,22597000
2020-12-21 00:00:00+09:00,5687.308189655172,5735.564137931035,5589.072866379311,5622.6796875,12727000
2020-12-22 00:00:00+09:00,5641.637412276179,5694.201927649457,5502.9015602253985,5549.43408203125,13625000
2020-12-23 00:00:00+09:00,5549.434417648884,5608.030930133375,5507.210460123294,5556.328125,9146000
2020-12-24 00:00:00+09:00,5589.935571240031,5589.935571240031,5515.8282089575205,5577.87158203125,6061000
2020-12-25 00:00:00+09:00,5579.593902064085,5608.892155758322,5543.401941618265,5572.7001953125,5200000
2020-12-28 00:00:00+09:00,5594.243288578666,5700.234034804047,5572.700453980011,5676.9677734375,11893000
2020-12-29 00:00:00+09:00,5712.298306258659,5741.596562769867,5649.393226102243,5675.24462890625,8986000
2020-12-30 00:00:00+09:00,5649.392918430996,5737.287683177788,5640.775784632292,5672.6591796875,7847000
2021-01-04 00:00:00+09:00,5685.584434144976,5695.063280579591,5594.242823047769,5648.53076171875,7790000
2021-01-05 00:00:00+09:00,5617.509275792244,5697.648616588175,5566.668188620631,5695.0634765625,8744000
2021-01-06 00:00:00+09:00,5734.701963767993,5803.6390271942055,5580.455284351845,5582.1787109375,15340000
2021-01-07 00:00:00+09:00,5570.976616795367,5634.743402509653,5539.093223938225,5579.59375,8888000
2021-01-08 00:00:00+09:00,5541.678887217713,5633.0205078125,5489.976083107456,5633.0205078125,12218000
2021-01-12 00:00:00+09:00,5626.988462475348,5734.70263671875,5571.838805262725,5734.70263671875,10818000
2021-01-13 00:00:00+09:00,5684.723243389834,5738.14947365968,5658.010128254911,5669.21240234375,10670000
2021-01-14 00:00:00+09:00,5659.733273343717,5713.159500954452,5641.637293023951,5670.935546875,9202000
2021-01-15 00:00:00+09:00,5669.212837701229,5686.447106853688,5610.61632258287,5660.595703125,8382000
2021-01-18 00:00:00+09:00,5631.296392678851,5744.18083452138,5617.508979934725,5647.6689453125,9633000
2021-01-19 00:00:00+09:00,5647.669799248642,5702.819458563857,5626.988677005437,5675.24462890625,6873000
2021-01-20 00:00:00+09:00,5687.308097622451,5711.43607136994,5562.359662144382,5577.0087890625,9721000
2021-01-21 00:00:00+09:00,5558.913627668275,5564.083908518687,5403.805202155906,5408.11376953125,15267000
2021-01-22 00:00:00+09:00,5347.793567032032,5511.519119358182,5294.3673341677095,5508.072265625,13584000
2021-01-25 00:00:00+09:00,5483.942727756561,5491.698146447606,5343.4834781298605,5401.21826171875,12027000
2021-01-26 00:00:00+09:00,5430.517426930516,5438.272846930893,5332.282106925743,5359.85693359375,9022000
2021-01-27 00:00:00+09:00,5412.421277847862,5413.282991154319,5334.005366960399,5395.18701171875,7282000
2021-01-28 00:00:00+09:00,5286.612078047711,5393.464547106866,5284.888651127402,5313.3251953125,15348000
2021-01-29 00:00:00+09:00,5341.761854401591,5342.623567880282,5196.13227650292,5220.26025390625,10190000
2021-02-01 00:00:00+09:00,5280.578489184228,5411.558895573915,5223.705417988705,5397.771484375,9960000
2021-02-02 00:00:00+09:00,5514.103731360802,5545.125411987305,5273.685706505408,5377.09130859375,21011000
2021-02-03 00:00:00+09:00,5463.262203125,5470.155909375,5353.82461640625,5385.7080078125,9847000
2021-02-04 00:00:00+09:00,5286.612230470019,5375.368719424935,5283.1653765300225,5306.431640625,7310000
2021-02-05 00:00:00+09:00,5321.080266026225,5466.70983120168,5309.0162783785545,5461.53955078125,10909000
2021-02-08 00:00:00+09:00,5485.667269688239,5504.624963677108,5415.868487274675,5467.5712890625,8772000
2021-02-09 00:00:00+09:00,5457.231561323419,5461.540128796436,5334.006531595131,5364.16650390625,10387000
2021-02-10 00:00:00+09:00,5399.496405460858,5558.051678139568,5377.953569499077,5545.1259765625,16028000
2021-02-12 00:00:00+09:00,5678.691542415257,5773.4800203614905,5671.7978349282575,5716.60693359375,20415000
2021-02-15 00:00:00+09:00,5739.872455512153,5769.170708550347,5701.095355902778,5739.0107421875,10094000
2021-02-16 00:00:00+09:00,5768.309345963199,5945.822301635207,5757.107072061567,5888.94921875,17737000
2021-02-17 00:00:00+09:00,5970.811347084062,6017.343864437582,5871.714319386751,5912.21484375,10834000
2021-02-18 00:00:00+09:00,5803.639827450233,5947.545967195472,5793.299266510455,5911.35400390625,11714000
2021-02-19 00:00:00+09:00,5825.182504232248,5901.013282393851,5795.0225356452465,5885.50244140625,9608000
2021-02-22 00:00:00+09:00,5911.35399249412,5934.620254563703,5808.810096705956,5862.236328125,9066000
2021-02-24 00:00:00+09:00,5790.714342828115,5813.980605812692,5708.8515656601585,5725.22412109375,13362000
2021-02-25 00:00:00+09:00,5745.043761957033,5926.865305945774,5744.182048478414,5890.67333984375,12360000
2021-02-26 00:00:00+09:00,5789.851800193051,5816.564913127413,5579.59375,5579.59375,16885000
2021-03-01 00:00:00+09:00,5676.968330169392,5691.617459133096,5601.1375449455145,5624.40380859375,7160000
2021-03-02 00:00:00+09:00,5671.797645261401,5682.999919553166,5525.306366061395,5559.77490234375,8154000
2021-03-03 00:00:00+09:00,5552.880884636238,5578.732285402701,5431.379301033862,5463.2626953125,8190000
2021-03-04 00:00:00+09:00,5359.856537025013,5365.026816642721,5258.174371210069,5266.79150390625,10697000
2021-03-05 00:00:00+09:00,5210.78072275386,5345.2080078125,5178.89732822072,5345.2080078125,11111000
2021-03-08 00:00:00+09:00,5322.8038010087985,5345.20834995266,5146.152549720665,5147.8759765625,11306000
2021-03-09 00:00:00+09:00,5092.726222869391,5094.449649679161,4964.33092554155,5069.4599609375,14907000
2021-03-10 00:00:00+09:00,5185.791064453125,5186.652777823755,5074.630039641816,5084.10888671875,9444000
2021-03-11 00:00:00+09:00,5108.237159200285,5147.8759765625,5035.853231843195,5147.8759765625,7660000
2021-03-12 00:00:00+09:00,5189.238799238716,5235.771329155503,5140.982842287975,5226.29248046875,9026000
2021-03-15 00:00:00+09:00,5184.06825097371,5310.740131441319,5123.748307893897,5309.87841796875,8793000
2021-03-16 00:00:00+09:00,5385.708524175293,5531.338082668993,5368.474256897932,5483.94384765625,12953000
2021-03-17 00:00:00+09:00,5411.559947096457,5508.071844242127,5387.43197281004,5471.8798828125,9127000
2021-03-18 00:00:00+09:00,5508.070881544942,5527.028572313713,5433.101831686617,5459.81494140625,8108000
2021-03-19 00:00:00+09:00,5365.888424181393,5402.08038079222,5309.015349507236,5388.29296875,11669000
2021-03-22 00:00:00+09:00,5329.697190033667,5466.7096157758415,5302.122362211342,5427.07080078125,7743000
2021-03-23 00:00:00+09:00,5514.9656142544545,5548.572435966317,5480.497079165364,5513.2421875,9906000
2021-03-24 00:00:00+09:00,5549.433788629434,5610.615434435753,5437.411056871387,5440.85791015625,9248000
2021-03-25 00:00:00+09:00,5406.3891202693685,5420.17653275332,5302.1218133594875,5369.33544921875,8373000
2021-03-26 00:00:00+09:00,5417.592335694309,5557.189911387402,5404.666634241245,5536.5087890625,10090000
2021-03-29 00:00:00+09:00,5533.923860148396,5595.967229492943,5502.040462013003,5570.9775390625,10230000
2021-03-30 00:00:00+09:00,5617.6660196972125,5650.260287021784,5581.54804779701,5598.28564453125,7234000
2021-03-31 00:00:00+09:00,5564.810347881234,5564.810347881234,5445.00439453125,5445.00439453125,8637000
2021-04-01 00:00:00+09:00,5545.429887717041,5634.403425232437,5501.3835820163495,5542.787109375,8751000
2021-04-02 00:00:00+09:00,5604.4522959924625,5613.261557696318,5517.2406051243,5544.54931640625,5515000
2021-04-05 00:00:00+09:00,5547.19186585417,5627.356144048981,5544.549087452143,5579.7861328125,5279000
2021-04-06 00:00:00+09:00,5592.119070115072,5640.570007237997,5551.596468157716,5612.38037109375,8545000
2021-04-07 00:00:00+09:00,5646.736867683434,5647.61779387184,5573.619994045724,5620.30908203125,7588000
2021-04-08 00:00:00+09:00,5635.284761613795,5733.9484935663895,5610.6188286256465,5704.8779296875,10284000
2021-04-09 00:00:00+09:00,5742.758132649865,5748.043690066017,5688.140706016287,5712.806640625,7099000
2021-04-12 00:00:00+09:00,5726.019780713623,5730.424411314171,5657.3075433450595,5696.94921875,6230000
2021-04-13 00:00:00+09:00,5715.448545217441,5800.01745094199,5707.5202103057645,5763.0185546875,8696000
2021-04-14 00:00:00+09:00,5814.11297301783,5827.326866138325,5759.495548119784,5805.3037109375,7391000
2021-04-15 00:00:00+09:00,5759.495731134348,5759.495731134348,5669.641255059753,5712.806640625,8831000
2021-04-16 00:00:00+09:00,5740.114503566968,5794.731922109195,5717.210424823453,5730.42431640625,6351000
2021-04-19 00:00:00+09:00,5711.925353756337,5711.925353756337,5599.166802664294,5646.73681640625,7715000
2021-04-20 00:00:00+09:00,5590.357586157989,5614.1425932216935,5534.85923634268,5556.00146484375,5803000
2021-04-21 00:00:00+09:00,5519.0031303958895,5547.192771285382,5486.408858117415,5516.3603515625,5945000
2021-04-22 00:00:00+09:00,5524.287801849434,5536.620767760117,5467.908529114884,5502.2646484375,7021000
2021-04-23 00:00:00+09:00,5505.788131464525,5543.667953809,5478.479422332461,5498.74072265625,5368000
2021-04-26 00:00:00+09:00,5482.003253089402,5496.098071030818,5404.481754411615,5413.291015625,6552000
2021-04-27 00:00:00+09:00,5430.028686603484,5495.217220478996,5372.768487929047,5373.6494140625,6670000
2021-04-28 00:00:00+09:00,5338.412325865964,5500.50273311998,5334.0076952340605,5483.76513671875,7658000
2021-04-30 00:00:00+09:00,5503.146477287171,5549.835570179155,5458.21923695715,5522.52685546875,8566000
2021-05-06 00:00:00+09:00,5549.833971694428,5556.0004538852,5404.481177197669,5427.38525390625,11429000
2021-05-07 00:00:00+09:00,5365.720619306484,5375.410805944535,5259.128566287918,5321.67431640625,16601000
2021-05-10 00:00:00+09:00,5282.033246757976,5498.741081765057,5278.509542123714,5481.12255859375,11597000
2021-05-11 00:00:00+09:00,5514.597969787832,5556.001500870903,5411.529605176782,5504.02685546875,11089000
2021-05-12 00:00:00+09:00,5511.95446688328,5565.690957610446,5408.88611581642,5436.19482421875,7904000
2021-05-13 00:00:00+09:00,5331.36546665783,5378.054556170861,5283.795450927572,5296.12841796875,7838000
2021-05-14 00:00:00+09:00,5346.340787006109,5408.005617306065,5298.7707750604295,5398.3154296875,7687000
2021-05-17 00:00:00+09:00,5439.7182108739635,5548.0721120784165,5413.290430092389,5524.287109375,7855000
2021-05-18 00:00:00+09:00,5525.169527333011,5577.144176904542,5446.76708984375,5446.76708984375,9426000
2021-05-19 00:00:00+09:00,5434.433924289648,5542.787850807337,5417.696325884476,5513.71728515625,7021000
2021-05-20 00:00:00+09:00,5489.9311931636885,5545.429534814733,5439.718407860362,5521.64453125,5855000
2021-05-21 00:00:00+09:00,5549.835182444569,5703.997270845807,5542.787772689084,5701.3544921875,13766000
2021-05-24 00:00:00+09:00,5621.189806865986,5733.948354942909,5611.499619140625,5726.02001953125,10055000
2021-05-25 00:00:00+09:00,5770.065879564607,5899.562014571629,5770.065879564607,5880.181640625,13708000
2021-05-26 00:00:00+09:00,5861.683102357757,5977.084437856534,5855.516618781487,5945.37109375,12338000
2021-05-27 00:00:00+09:00,5928.63274918137,5973.559981010233,5802.660314837694,5910.13330078125,26103000
2021-05-28 00:00:00+09:00,5985.893421069268,6016.725837513333,5931.2759976540665,5987.6552734375,11464000
2021-05-31 00:00:00+09:00,5990.297411604505,6025.534455202179,5916.299620049391,5963.86962890625,7335000
2021-06-01 00:00:00+09:00,5968.27467729261,5985.012274173579,5866.968169855171,5881.06298828125,6382000
2021-06-02 00:00:00+09:00,5933.037400918748,5944.489440445392,5853.7540503496775,5916.2998046875,7594000
2021-06-03 00:00:00+09:00,5919.822707471943,5996.463269309749,5903.085113507364,5965.630859375,7257000
2021-06-04 00:00:00+09:00,5924.228526794362,5985.893359043523,5911.014634169542,5969.15576171875,4733000
2021-06-07 00:00:00+09:00,5990.2969160104985,6087.198777887139,5953.2980232939635,6041.390625,6966000
2021-06-08 00:00:00+09:00,6073.985646996165,6083.675834395289,6013.201744219844,6037.86767578125,4830000
2021-06-09 00:00:00+09:00,6004.392366772902,6023.772741196171,5929.513647410271,5942.7275390625,6282000
2021-06-10 00:00:00+09:00,5941.846640895742,5970.917202667359,5886.348295695381,5910.13330078125,5110000
2021-06-11 00:00:00+09:00,5939.203950751582,5977.083774228639,5910.133388548259,5915.4189453125,6160000
2021-06-14 00:00:00+09:00,5908.371686620073,5933.037618814104,5712.806081367404,5733.0673828125,12967000
2021-06-15 00:00:00+09:00,5706.6396647960855,5755.090603598769,5653.784095193158,5732.1865234375,8006000
2021-06-16 00:00:00+09:00,5602.689834486166,5637.926877470355,5459.098884325593,5571.857421875,23813000
2021-06-17 00:00:00+09:00,5525.169179687499,5650.260701293945,5524.288253479003,5637.927734375,8450000
2021-06-18 00:00:00+09:00,5734.829230923383,5761.257015397684,5679.33088352735,5752.44775390625,10540000
2021-06-21 00:00:00+09:00,5719.8543655346,5774.471795176237,5660.832304470251,5702.23583984375,7652000
2021-06-22 00:00:00+09:00,5752.447511450903,5755.090289786945,5702.234723066109,5742.75732421875,6140000
2021-06-23 00:00:00+09:00,5681.9730151458625,5722.495613393414,5582.428371624702,5644.97412109375,10258000
2021-06-24 00:00:00+09:00,5698.711342695355,5701.354121181687,5648.498551455034,5674.04541015625,4715000
2021-06-25 00:00:00+09:00,5696.949318128609,5703.115801076947,5631.760784103324,5644.09375,5768000
2021-06-28 00:00:00+09:00,5668.759320046592,5706.639141454829,5652.021724540627,5681.09228515625,5091000
2021-06-29 00:00:00+09:00,5717.210007800407,5743.637789038313,5649.378702623114,5690.7822265625,5725000
2021-06-30 00:00:00+09:00,5715.449002340607,5745.400492180246,5683.735660157459,5692.544921875,5201000
2021-07-01 00:00:00+09:00,5701.353941007208,5712.805980752742,5631.760776399735,5682.8544921875,5015000
2021-07-02 00:00:00+09:00,5666.117016020721,5739.23388671875,5619.427929912342,5739.23388671875,5319000
2021-07-05 00:00:00+09:00,5740.995739024726,5805.303348192872,5718.972585200019,5739.23388671875,5372000
2021-07-06 00:00:00+09:00,5768.304440872622,5893.395954404069,5753.328696294913,5881.06298828125,9130000
2021-07-07 00:00:00+09:00,5881.063389301443,5901.324692170517,5816.755775847428,5875.77783203125,9992000
2021-07-08 00:00:00+09:00,5805.303457983692,5815.874572019474,5563.9296875,5563.9296875,16973000
2021-07-09 00:00:00+09:00,5610.618392040236,5680.21155469861,5498.74077612108,5575.38134765625,14101000
2021-07-12 00:00:00+09:00,5637.928142655367,5649.380184195136,5567.454040872175,5613.26220703125,6719000
2021-07-13 00:00:00+09:00,5607.094842966776,5640.570036059115,5550.715570390205,5579.7861328125,7984000
2021-07-14 00:00:00+09:00,5617.665352523205,5679.330175273185,5587.7138671875,5587.7138671875,8652000
2021-07-15 00:00:00+09:00,5549.834556917173,5585.071601722997,5526.049551673243,5574.50048828125,5364000
2021-07-16 00:00:00+09:00,5545.42976015625,5557.7627254687495,5495.2169728125,5505.7880859375,6319000
2021-07-19 00:00:00+09:00,5484.6471162965,5504.908421094897,5360.436508619371,5399.197265625,9442000
2021-07-20 00:00:00+09:00,5311.1032080981895,5334.888211683967,5254.72394033931,5282.91357421875,13043000
2021-07-21 00:00:00+09:00,5344.578917579562,5345.45984372388,5246.7961155602225,5269.7001953125,10712000
2021-07-26 00:00:00+09:00,5351.626769654052,5363.959736695229,5280.271746058665,5296.12841796875,7908000
2021-07-27 00:00:00+09:00,5284.675774301103,5342.816898005699,5276.7474392504755,5323.4365234375,5031000
2021-07-28 00:00:00+09:00,5285.556742934691,5293.485078049093,5192.178573809511,5213.32080078125,7505000
2021-07-29 00:00:00+09:00,5144.608769534577,5186.893225174586,5126.109320192072,5171.91748046875,6834000
2021-07-30 00:00:00+09:00,5114.657579094636,5118.181283937278,4965.781049493018,4968.423828125,11297000
2021-08-02 00:00:00+09:00,5014.232274828991,5086.468228190898,5009.827643526436,5054.7548828125,5706000
2021-08-03 00:00:00+09:00,5023.040508666325,5034.492547707479,4924.376787696379,4997.49365234375,6706000
2021-08-04 00:00:00+09:00,4926.139392336095,4950.805326346362,4856.546221378558,4890.90234375,8436000
2021-08-05 00:00:00+09:00,4978.995317893654,5007.184958759294,4946.401045642758,4976.3525390625,6482000
2021-08-06 00:00:00+09:00,4755.238988563728,4763.167323298273,4477.747272854655,4616.93359375,31592000
2021-08-10 00:00:00+09:00,4554.388765283655,4561.436175365332,4456.605950400389,4475.986328125,20681000
2021-08-11 00:00:00+09:00,4466.295166943211,4641.599454560903,4451.319423779891,4637.19482421875,16103000
2021-08-12 00:00:00+09:00,4633.672014881947,4658.337949561927,4570.2453257048555,4612.52978515625,10979000
2021-08-13 00:00:00+09:00,4592.266979133146,4663.621981110853,4579.934015828358,4619.57568359375,8961000
2021-08-16 00:00:00+09:00,4597.553426467138,4637.195101920485,4555.268972650233,4575.5302734375,6932000
2021-08-17 00:00:00+09:00,4582.578212193081,4623.100818452381,4548.222089494978,4587.86376953125,6095000
2021-08-18 00:00:00+09:00,4542.055798019897,4618.696382664531,4542.055798019897,4604.6015625,6371000
2021-08-19 00:00:00+09:00,4581.696650138865,4587.863132844302,4538.531271200814,4544.69775390625,5828000
2021-08-20 00:00:00+09:00,4600.195998199294,4638.075819708786,4579.053772240507,4616.93359375,8750000
2021-08-23 00:00:00+09:00,4672.4319126355595,4696.216916715718,4609.886161165513,4630.1474609375,10246000
2021-08-24 00:00:00+09:00,4695.337248752934,4706.789290823063,4661.8620488556335,4690.9326171875,8934000
2021-08-25 00:00:00+09:00,4665.385002756146,4711.19316365934,4645.123700818194,4694.45556640625,7615000
2021-08-26 00:00:00+09:00,4668.908275600618,4697.097910472169,4607.243449319101,4629.2666015625,8743000
2021-08-27 00:00:00+09:00,4504.174931544421,4584.339202768857,4493.603818855484,4560.55419921875,10301000
2021-08-30 00:00:00+09:00,4529.722823878656,4632.791196183945,4510.342446180224,4623.98193359375,8429000
2021-08-31 00:00:00+09:00,4624.8620766998465,4673.313012741464,4593.148736745333,4660.09912109375,8105000
2021-09-01 00:00:00+09:00,4700.622106670002,4742.906563401666,4678.59895212226,4732.33544921875,7864000
2021-09-02 00:00:00+09:00,4757.001251371366,4839.8083101915345,4741.1445805334615,4817.78515625,8788000
2021-09-03 00:00:00+09:00,4831.879511567736,4853.902663398035,4752.596164978657,4785.1904296875,10642000
2021-09-06 00:00:00+09:00,4827.475268917755,4904.115843442544,4816.0232290462345,4857.4267578125,8050000
2021-09-07 00:00:00+09:00,4954.328444206852,4958.733074758245,4853.021941524812,4904.99658203125,15138000
2021-09-08 00:00:00+09:00,4881.211615375543,4890.9018026646845,4781.666964132548,4814.26123046875,12448000
2021-09-09 00:00:00+09:00,4798.404676519513,4840.689131168482,4762.286704840184,4786.95263671875,8581000
2021-09-10 00:00:00+09:00,4792.237849421024,4874.163974420318,4792.237849421024,4868.87841796875,9139000
2021-09-13 00:00:00+09:00,4877.687678721362,4907.639165280244,4848.617118237742,4868.87841796875,6597000
2021-09-14 00:00:00+09:00,4821.309139407224,4840.689515995377,4749.073190305929,4775.5009765625,10409000
2021-09-15 00:00:00+09:00,4721.763691083689,4768.452772357465,4705.907021971841,4747.310546875,7038000
2021-09-16 00:00:00+09:00,4697.97967140997,4703.265228887649,4612.529825520834,4624.86279296875,9404000
2021-09-17 00:00:00+09:00,4616.933842045627,4710.31201171875,4548.221603984272,4710.31201171875,11931000
2021-09-21 00:00:00+09:00,4566.720607434485,4670.669880520378,4565.839681391384,4638.95654296875,6524000
2021-09-22 00:00:00+09:00,4679.480641904583,4736.740853072466,4668.909525996666,4690.0517578125,8258000
2021-09-24 00:00:00+09:00,4757.001826062964,4801.048139267251,4723.5266280277065,4739.38330078125,8007000
2021-09-27 00:00:00+09:00,4781.6676608930875,4829.237678153262,4766.691914718588,4772.8583984375,7277000
2021-09-28 00:00:00+09:00,4741.144695198449,4745.549326093283,4638.957258438319,4706.78857421875,8933000
2021-09-29 00:00:00+09:00,4697.875723019502,4744.2216796875,4621.226640837815,4744.2216796875,9340000
2021-09-30 00:00:00+09:00,4698.767318835159,4840.47900390625,4677.376875805561,4840.47900390625,29542000
2021-10-01 00:00:00+09:00,4638.160366259204,4660.44207439842,4412.669479890338,4418.01708984375,30925000
2021-10-04 00:00:00+09:00,4334.238557787257,4424.25667301171,4273.632301992577,4385.93212890625,17631000
2021-10-05 00:00:00+09:00,4315.521174310358,4437.624933269573,4311.064832742504,4317.3037109375,12278000
2021-10-06 00:00:00+09:00,4368.998319958102,4447.429950344947,4354.738023524131,4420.69189453125,11615000
2021-10-07 00:00:00+09:00,4465.255083382664,4495.558211693045,4390.388531086428,4469.71142578125,9296000
2021-10-08 00:00:00+09:00,4511.6007639326,4552.5991114515455,4499.123005992052,4513.38330078125,6406000
2021-10-11 00:00:00+09:00,4465.254708119502,4567.750574673142,4463.4721713098725,4558.837890625,5655000
2021-10-12 00:00:00+09:00,4606.96612410031,4631.030369670189,4554.381291188351,4585.57568359375,6310000
2021-10-13 00:00:00+09:00,4585.5759837062105,4633.704477995839,4535.664952591041,4544.57763671875,5708000
2021-10-14 00:00:00+09:00,4590.923122409698,4657.768246498366,4577.554097591965,4603.40087890625,7356000
2021-10-15 00:00:00+09:00,4586.467663519734,4606.966838852216,4536.556627927603,4592.70654296875,7425000
2021-10-18 00:00:00+09:00,4591.815069620562,4624.792002379871,4548.142915425801,4568.64208984375,5751000
2021-10-19 00:00:00+09:00,4600.72744634969,4687.1804805023285,4600.72744634969,4665.7900390625,6273000
2021-10-20 00:00:00+09:00,4583.793407911904,4598.9449708001985,4435.842852649726,4483.080078125,13641000
2021-10-21 00:00:00+09:00,4428.71252348744,4514.274286871379,4400.191935692794,4461.689453125,7761000
2021-10-22 00:00:00+09:00,4413.560608569072,4496.448560224348,4407.3217304874925,4458.1240234375,6066000
2021-10-25 00:00:00+09:00,4425.14769264734,4461.689697762857,4361.867635008274,4376.1279296875,6331000
2021-10-26 00:00:00+09:00,4411.7788686975455,4437.625653988905,4380.58447265625,4380.58447265625,6690000
2021-10-27 00:00:00+09:00,4380.584012032537,4384.149085490956,4268.284198092334,4327.10791015625,9470000
2021-10-28 00:00:00+09:00,4366.324335379577,4434.060740664094,4327.108521793804,4399.30126953125,10086000
2021-10-29 00:00:00+09:00,4439.408011994989,4474.16748046875,4393.062054029974,4474.16748046875,7571000
2021-11-01 00:00:00+09:00,4536.555921712883,4536.555921712883,4479.514747058733,4509.81787109375,5736000
2021-11-02 00:00:00+09:00,4503.578502863436,4533.881623603068,4452.776212211702,4453.66748046875,5311000
2021-11-04 00:00:00+09:00,4349.389745815527,4423.365022230012,4339.585793519631,4379.69287109375,10907000
2021-11-05 00:00:00+09:00,4317.304247429774,4524.969790297474,4317.304247429774,4513.38330078125,12970000
2021-11-08 00:00:00+09:00,4516.0575315449905,4553.490808893499,4390.388671875,4390.388671875,11288000
2021-11-09 00:00:00+09:00,4371.670560738436,4458.123576924292,4349.388855535894,4407.3212890625,5844000
2021-11-10 00:00:00+09:00,4407.32216215728,4445.646702697778,4402.865820233967,4433.1689453125,5363000
2021-11-11 00:00:00+09:00,4432.278323147366,4479.515554421609,4405.540267709115,4451.88623046875,4758000
2021-11-12 00:00:00+09:00,4469.7113841448645,4520.513687015504,4461.689967902132,4483.9716796875,5875000
2021-11-15 00:00:00+09:00,4526.752317390594,4544.577685838677,4459.01591728788,4474.16748046875,5179000
2021-11-16 00:00:00+09:00,4490.209765357867,4562.402498782636,4476.840740649576,4561.51123046875,7849000
2021-11-17 00:00:00+09:00,4567.751080396845,4598.054209515576,4512.492433180338,4522.29638671875,6920000
2021-11-18 00:00:00+09:00,4553.490706822664,4606.966816121814,4521.405041243173,4590.03271484375,8237000
2021-11-19 00:00:00+09:00,4638.16024160991,4681.832388389096,4613.20472916466,4629.24755859375,9832000
2021-11-22 00:00:00+09:00,4604.291984403857,4615.878472169487,4561.511106499988,4584.68408203125,5412000
2021-11-24 00:00:00+09:00,4500.9052734375,4565.076596147896,4488.4275162438125,4500.9052734375,6677000
2021-11-25 00:00:00+09:00,4530.317556599348,4565.968294798045,4506.2533083152275,4512.4921875,4162000
2021-11-26 00:00:00+09:00,4523.185812319772,4525.859616740848,4427.8201213014045,4442.9716796875,6209000
2021-11-29 00:00:00+09:00,4472.3848380968175,4638.160760752459,4462.580885681699,4575.77197265625,13041000
2021-11-30 00:00:00+09:00,4592.705767468969,4610.531134313404,4457.232979451253,4465.25439453125,12713000
2021-12-01 00:00:00+09:00,4465.2553112511105,4581.120219527087,4438.517255495115,4516.0576171875,8381000
2021-12-02 00:00:00+09:00,4522.296138516985,4630.139621520641,4519.622333153257,4607.85791015625,9765000
2021-12-03 00:00:00+09:00,4554.380842796955,4578.445085997643,4493.774600661888,4515.1650390625,8585000
2021-12-06 00:00:00+09:00,4526.752327146123,4565.968137816419,4489.319053324478,4513.38330078125,6192000
2021-12-07 00:00:00+09:00,4557.947094215174,4612.31447253882,4508.927326874182,4595.38037109375,7444000
2021-12-08 00:00:00+09:00,4677.376182559011,4774.524430253167,4671.137304266726,4757.59033203125,12667000
2021-12-09 00:00:00+09:00,4812.8496465288135,4812.8496465288135,4724.614069675786,4778.9814453125,9217000
2021-12-10 00:00:00+09:00,4812.8497836315055,4879.6949195152765,4776.307776015044,4795.0244140625,11139000
2021-12-13 00:00:00+09:00,4795.024277467596,4806.610767357387,4720.157727410481,4778.9814453125,7151000
2021-12-14 00:00:00+09:00,4771.850734501032,4818.196688590321,4745.112684064903,4751.3515625,7095000
2021-12-15 00:00:00+09:00,4720.157723256087,4795.9155416995845,4720.157723256087,4759.37353515625,4879000
2021-12-16 00:00:00+09:00,4769.176633677763,4848.49951171875,4764.720292214786,4848.49951171875,7227000
2021-12-17 00:00:00+09:00,4795.024241554293,4813.74087892839,4709.46247070128,4717.48388671875,10206000
2021-12-20 00:00:00+09:00,4743.329976654481,4829.783003286477,4716.591927180667,4769.1767578125,8507000
2021-12-21 00:00:00+09:00,4844.043686215513,4953.669697881475,4842.261149440456,4946.53955078125,11876000
2021-12-22 00:00:00+09:00,4959.908190510919,4962.5819954653725,4842.260772514973,4864.54248046875,8447000
2021-12-23 00:00:00+09:00,4891.28099616426,4955.452321186823,4885.933385745712,4937.626953125,6611000
2021-12-24 00:00:00+09:00,4947.4309285078025,4995.55942249797,4928.714291956071,4940.30078125,5223000
2021-12-27 00:00:00+09:00,4959.017394799187,4975.0602260548285,4926.040463884815,4937.626953125,3392000
2021-12-28 00:00:00+09:00,4973.277590994483,4980.4077380783465,4896.628509842955,4907.32373046875,5578000
2021-12-29 00:00:00+09:00,4913.5623779296875,4924.257598052153,4849.39105719489,4880.58544921875,3996000
2021-12-30 00:00:00+09:00,4844.043076144571,4846.71688097041,4737.9821513863,4781.654296875,7026000
2022-01-04 00:00:00+09:00,4812.849572740438,4859.195531589049,4797.698009270699,4846.7177734375,5484000
2022-01-05 00:00:00+09:00,4819.979248687664,4832.457005618438,4746.003975455216,4754.025390625,6558000
2022-01-06 00:00:00+09:00,4784.328955427817,4819.979692800603,4706.788601642009,4729.0703125,5605000
2022-01-07 00:00:00+09:00,4714.810251001974,4806.610904282354,4713.027714045074,4795.0244140625,6370000
2022-01-11 00:00:00+09:00,4828.000387867476,4906.431998377415,4784.32824110626,4797.697265625,7277000
2022-01-12 00:00:00+09:00,4808.393281344759,4840.478945502017,4776.3076171875,4776.3076171875,5536000
2022-01-13 00:00:00+09:00,4761.155227137362,4763.829032019693,4699.65771484375,4699.65771484375,4710000
2022-01-14 00:00:00+09:00,4675.593823543131,4702.331874383065,4585.575719048687,4627.46533203125,6571000
2022-01-17 00:00:00+09:00,4663.115914527283,4727.28723445197,4645.290547881536,4704.1142578125,3290000
2022-01-18 00:00:00+09:00,4723.722643085331,4785.220164287763,4720.157569392436,4760.2646484375,5113000
2022-01-19 00:00:00+09:00,4803.9372025781695,4879.695024882278,4732.635722762538,4749.56982421875,9532000
2022-01-20 00:00:00+09:00,4761.155664918196,4911.780020472515,4754.025517909708,4882.3681640625,8972000
2022-01-21 00:00:00+09:00,4858.304026611194,4879.694468115261,4782.546212950957,4876.12939453125,7599000
2022-01-24 00:00:00+09:00,4826.218232729882,4852.065015509045,4754.91676299426,4803.9365234375,6590000
2022-01-25 00:00:00+09:00,4786.110870163346,4828.000481131256,4757.590283972429,4808.392578125,7389000
2022-01-26 00:00:00+09:00,4865.433458713782,5028.535551211423,4846.716825148479,5017.84033203125,14494000
2022-01-27 00:00:00+09:00,5024.971451567515,5037.449209694855,4950.104902803473,4998.2333984375,10380000
2022-01-28 00:00:00+09:00,5003.581187158812,5037.449388995655,4983.973280832219,5000.01611328125,7055000
2022-01-31 00:00:00+09:00,5035.666406528223,5090.033778350917,5005.36328125,5005.36328125,7280000
2022-02-01 00:00:00+09:00,5093.598955635965,5130.140960392057,5026.753824984574,5055.2744140625,8003000
2022-02-02 00:00:00+09:00,5028.535691211411,5146.18310546875,5011.601593704673,5146.18310546875,6402000
2022-02-03 00:00:00+09:00,5098.055351875556,5106.076767638997,4985.755531187388,5004.47216796875,9963000
2022-02-04 00:00:00+09:00,5044.579485607705,5274.526748379221,5018.7327002574175,5185.39990234375,17049000
2022-02-07 00:00:00+09:00,5147.075429894533,5239.767351056271,5130.141328913062,5213.029296875,6844000
2022-02-08 00:00:00+09:00,5171.139553117686,5194.312532845549,5118.554714504459,5140.83642578125,6475000
2022-02-09 00:00:00+09:00,5193.420760249452,5219.267542821484,5136.37958491807,5177.3779296875,6591000
2022-02-10 00:00:00+09:00,5180.051222940169,5199.659125022875,5139.944150498272,5174.70361328125,7156000
2022-02-14 00:00:00+09:00,5127.467289806548,5160.444221793831,5081.121331337933,5147.0751953125,5969000
2022-02-15 00:00:00+09:00,5153.313821471721,5206.789924773054,5099.837718170389,5117.6630859375,5835000
2022-02-16 00:00:00+09:00,5206.789534702376,5284.3298786803125,5201.441924772863,5223.7236328125,10277000
2022-02-17 00:00:00+09:00,5235.310724869969,5267.396388148028,5159.552908796773,5237.09326171875,6656000
2022-02-18 00:00:00+09:00,5233.527765372814,5311.959380385214,5201.442104685924,5301.26416015625,6338000
2022-02-21 00:00:00+09:00,5253.136427459535,5262.0491122702915,5223.72456758404,5237.98486328125,4841000
2022-02-22 00:00:00+09:00,5142.619298804179,5215.7033165688135,5134.597882220256,5161.3359375,4852000
2022-02-24 00:00:00+09:00,5103.402180789877,5190.746472392638,5073.99032749507,5084.685546875,6690000
2022-02-25 00:00:00+09:00,5090.925288334798,5147.075199603196,5001.798445051626,5071.3173828125,7825000
2022-02-28 00:00:00+09:00,5114.098466517472,5225.507024955026,5112.315929582472,5171.1396484375,8325000
2022-03-01 00:00:00+09:00,5246.897380033363,5282.54811813449,5178.269709188694,5180.05224609375,5846000
2022-03-02 00:00:00+09:00,5205.007232058596,5230.854014546559,5166.68269250748,5194.31201171875,7043000
2022-03-03 00:00:00+09:00,5258.483650108504,5353.8493705426745,5244.223355464142,5287.8955078125,8257000
2022-03-04 00:00:00+09:00,5317.3077580969775,5374.348940885816,5203.225392519302,5237.98486328125,8836000
2022-03-07 00:00:00+09:00,5205.898832425834,5221.941663958733,5086.468864347584,5099.837890625,5799000
2022-03-08 00:00:00+09:00,5035.666924151857,5129.250114777688,4982.190815222811,5027.6455078125,7009000
2022-03-09 00:00:00+09:00,5133.70654296875,5164.900940365262,5112.316099039714,5133.70654296875,7326000
2022-03-10 00:00:00+09:00,5222.83349609375,5230.854912725977,5145.293135315566,5222.83349609375,5869000
2022-03-11 00:00:00+09:00,5225.507013850037,5249.571262421408,5174.704711310475,5227.28955078125,5995000
2022-03-14 00:00:00+09:00,5270.960705480426,5271.851973776923,5188.07275390625,5188.07275390625,3647000
2022-03-15 00:00:00+09:00,5149.748279924119,5170.247450993391,5094.48964486782,5120.33642578125,4890000
2022-03-16 00:00:00+09:00,5198.7688719642,5351.175777005496,5196.986335063132,5331.56787109375,9143000
2022-03-17 00:00:00+09:00,5402.8684196190525,5457.235785768304,5344.044711982157,5432.2802734375,7475000
2022-03-18 00:00:00+09:00,5432.280916840591,5495.560973460063,5394.847643910763,5431.3896484375,7075000
2022-03-22 00:00:00+09:00,5507.14768451933,5555.276180224791,5456.345383496899,5514.27783203125,5388000
2022-03-23 00:00:00+09:00,5631.033906696324,5721.052017582099,5627.468832997877,5694.31396484375,7974000
2022-03-24 00:00:00+09:00,5702.33550793325,5772.7457150490245,5683.618870598677,5766.5068359375,6364000
2022-03-25 00:00:00+09:00,5770.963024534908,5902.8707508099915,5758.485266644022,5862.763671875,8377000
2022-03-28 00:00:00+09:00,5862.763567818696,5917.13094052118,5822.656489595552,5888.6103515625,6388000
2022-03-29 00:00:00+09:00,5922.478924967812,5978.628838026198,5887.719454979288,5970.607421875,8090000
2022-03-30 00:00:00+09:00,5909.607213384938,5930.547124940608,5672.895169712148,5748.4609375,12734000
2022-03-31 00:00:00+09:00,5722.969217774546,5722.969217774546,5611.896636710516,5614.6279296875,8130000
2022-04-01 00:00:00+09:00,5711.134590745759,5821.296759641062,5672.896482534165,5795.8046875,8040000
2022-04-04 00:00:00+09:00,5858.623202383462,5894.1300096706345,5778.5052782483035,5803.0869140625,6034000
2022-04-05 00:00:00+09:00,5864.086070204422,5864.086070204422,5736.625730221715,5758.47607421875,5040000
2022-04-06 00:00:00+09:00,5746.639589037386,5817.653196126251,5738.445711296363,5777.59423828125,4579000
2022-04-07 00:00:00+09:00,5777.596076098301,5806.729872889216,5742.089261259373,5752.10400390625,4634000
2022-04-08 00:00:00+09:00,5764.8488438577415,5811.280822859123,5700.208245640133,5809.4599609375,5090000
2022-04-11 00:00:00+09:00,5772.133294037881,5818.565281103485,5747.551653826678,5801.26708984375,3773000
2022-04-12 00:00:00+09:00,5763.028979507475,5837.684331216735,5705.671819047922,5815.833984375,5687000
2022-04-13 00:00:00+09:00,5857.71325437713,5904.145236965448,5832.221185505113,5875.921875,5919000
2022-04-14 00:00:00+09:00,5904.144927151685,5923.263977802446,5834.041741432227,5914.15966796875,4105000
2022-04-15 00:00:00+09:00,5907.787322819361,5933.279393252239,5868.638786083156,5908.69775390625,3753000
2022-04-18 00:00:00+09:00,5872.280344568697,5875.011637752217,5783.058100573699,5812.19189453125,3503000
2022-04-19 00:00:00+09:00,5835.862880142896,5894.13046584167,5825.848138850919,5869.548828125,3732000
2022-04-20 00:00:00+09:00,5931.458542672712,5976.069666017449,5827.669398564548,5850.43017578125,5076000
2022-04-21 00:00:00+09:00,5777.59584200306,5849.5198999164295,5714.776095217965,5838.5947265625,5344000
2022-04-22 00:00:00+09:00,5770.311583396469,5810.370546739708,5708.402276411465,5783.0576171875,5424000
2022-04-25 00:00:00+09:00,5667.433882297458,5763.029152601271,5598.241115220413,5731.1640625,5914000
2022-04-26 00:00:00+09:00,5763.028278164445,5768.490864210097,5590.04638671875,5590.04638671875,6915000
2022-04-27 00:00:00+09:00,5526.316247285822,5590.9568491898235,5436.183577025312,5581.8525390625,9703000
2022-04-28 00:00:00+09:00,5508.10751853692,5547.256051313298,5431.6313149737625,5454.39208984375,8049000
2022-05-02 00:00:00+09:00,5389.751655982906,5440.735793269231,5291.425105502137,5326.021484375,7817000
2022-05-06 00:00:00+09:00,5281.410433060895,5323.2902606631715,5173.069139915878,5265.93310546875,10436000
2022-05-09 00:00:00+09:00,5180.353164917123,5207.666099002801,5114.802123111493,5118.44384765625,6567000
2022-05-10 00:00:00+09:00,5061.996692578957,5162.144109158756,5036.504622904098,5131.189453125,10468000
2022-05-11 00:00:00+09:00,5202.203078513007,5360.618083003953,5086.578333855822,5297.79833984375,18925000
2022-05-12 00:00:00+09:00,5206.755674894242,5311.455255697326,5200.382656932315,5212.21826171875,7331000
2022-05-13 00:00:00+09:00,5205.845243756823,5255.91895631482,5178.53230963428,5212.21826171875,5441000
2022-05-16 00:00:00+09:00,5265.932811667998,5277.768414460475,5119.353423238097,5129.3681640625,6177000
2022-05-17 00:00:00+09:00,5153.039483414469,5255.918186881931,5121.17439826968,5213.1279296875,3857000
2022-05-18 00:00:00+09:00,5265.021971914807,5413.422210791188,5244.992491821063,5396.1240234375,8922000
2022-05-19 00:00:00+09:00,5305.081503269074,5449.840034077343,5303.260641246328,5386.10986328125,8283000
2022-05-20 00:00:00+09:00,5411.60177728116,5439.825137828892,5361.528073083572,5397.9453125,5234000
2022-05-23 00:00:00+09:00,5387.930446903476,5485.346560086759,5377.915706295848,5445.28759765625,5731000
2022-05-24 00:00:00+09:00,5448.019349472715,5466.2279702931455,5403.408228462661,5438.9150390625,4641000
2022-05-25 00:00:00+09:00,5347.8719069260815,5354.244924179824,5207.66552734375,5207.66552734375,9498000
2022-05-26 00:00:00+09:00,5177.621631547334,5284.142069544703,5169.4277517013825,5234.068359375,6107000
2022-05-27 00:00:00+09:00,5270.4853376977235,5270.4853376977235,5144.845853054039,5162.14404296875,5909000
2022-05-30 00:00:00+09:00,5253.186793151573,5312.364807285862,5192.187917043921,5310.5439453125,9415000
2022-05-31 00:00:00+09:00,5292.335919812348,5334.215749902038,5227.6953125,5227.6953125,7487000
2022-06-01 00:00:00+09:00,5214.948661096371,5318.73779296875,5210.396506189688,5318.73779296875,4611000
2022-06-02 00:00:00+09:00,5303.26118475876,5308.723771386837,5218.591092023556,5232.24755859375,5320000
2022-06-03 00:00:00+09:00,5198.561366377527,5249.545505872648,5155.771106444122,5224.9638671875,5957000
2022-06-06 00:00:00+09:00,5165.785961242813,5284.142001948059,5163.054667995769,5265.02294921875,4012000
2022-06-07 00:00:00+09:00,5286.873133017705,5370.632790024357,5265.933218766042,5320.55908203125,4824000
2022-06-08 00:00:00+09:00,5335.12612317112,5385.1998325182885,5326.021812380725,5366.9912109375,4607000
2022-06-09 00:00:00+09:00,5425.258571333081,5501.734778749087,5425.258571333081,5453.48193359375,6290000
2022-06-10 00:00:00+09:00,5398.85657521155,5398.85657521155,5317.828205027094,5366.0810546875,4797000
2022-06-13 00:00:00+09:00,5277.76806665964,5290.514099596199,5231.336089533602,5263.201171875,3973000
2022-06-14 00:00:00+09:00,5221.322573092932,5274.127579063183,5197.65136352006,5212.21826171875,4886000
2022-06-15 00:00:00+09:00,5173.0690065365925,5182.173316650174,5099.324094616588,5117.53271484375,6453000
2022-06-16 00:00:00+09:00,5180.352359588018,5244.082529213882,5127.547361898018,5142.1142578125,4743000
2022-06-17 00:00:00+09:00,5081.1157448351,5184.904885654165,5053.802813040609,5131.189453125,7155000
2022-06-20 00:00:00+09:00,5124.816438135982,5153.9502320639185,5078.3844540633345,5116.62255859375,5233000
2022-06-21 00:00:00+09:00,5186.725971404839,5259.5604593304815,5160.323469531793,5240.44140625,4871000
2022-06-22 00:00:00+09:00,5233.158076822014,5282.321357293202,5202.203418747562,5251.36669921875,4761000
2022-06-23 00:00:00+09:00,5235.888766306751,5285.052041107753,5209.486266876583,5211.30712890625,3953000
2022-06-24 00:00:00+09:00,5260.470519259758,5305.992071001361,5250.455777876605,5265.93310546875,4292000
2022-06-27 00:00:00+09:00,5280.499813318987,5322.379639424621,5225.873953181205,5315.09619140625,4505000
2022-06-28 00:00:00+09:00,5320.55858783144,5407.9599609375,5319.6481568615845,5407.9599609375,4557000
2022-06-29 00:00:00+09:00,5376.095949211463,5387.021123028659,5324.201373579786,5368.8125,8113000
2022-06-30 00:00:00+09:00,5397.945964789829,5397.945964789829,5326.021908251054,5342.40966796875,4790000
2022-07-01 00:00:00+09:00,5349.692766899842,5379.73699108427,5197.650783905923,5222.232421875,5528000
2022-07-04 00:00:00+09:00,5244.082994434932,5317.827911544173,5225.874372926477,5316.91748046875,3382000
2022-07-05 00:00:00+09:00,5348.782166912376,5386.109838204871,5317.827512669819,5336.0361328125,3124000
2022-07-06 00:00:00+09:00,5239.530564510658,5359.707460169287,5217.6802198454525,5346.96142578125,5432000
2022-07-07 00:00:00+09:00,5306.902190211374,5333.304688670137,5248.634607405827,5318.73779296875,5329000
2022-07-08 00:00:00+09:00,5280.500122660024,5312.365209607111,5244.082880434783,5276.8583984375,5989000
2022-07-11 00:00:00+09:00,5366.990995300603,5425.258582018031,5358.797115918464,5380.6474609375,5233000
2022-07-12 00:00:00+09:00,5382.468775668703,5412.513002596488,5365.17058440725,5403.40869140625,3983000
2022-07-13 00:00:00+09:00,5391.572622828412,5485.347020017086,5380.647450340411,5453.48193359375,4407000
2022-07-14 00:00:00+09:00,5451.660734484211,5524.495213234835,5443.466855624766,5470.77978515625,4410000
2022-07-15 00:00:00+09:00,5516.300902631095,5643.76123046875,5516.300902631095,5643.76123046875,6988000
2022-07-19 00:00:00+09:00,5644.672256964552,5650.134843019679,5500.824157512874,5502.64501953125,6616000
2022-07-20 00:00:00+09:00,5547.256479689885,5679.268984130232,5539.973031169038,5666.52294921875,6755000
2022-07-21 00:00:00+09:00,5671.9863464969185,5676.53850247324,5550.89899752676,5613.71875,6156000
2022-07-22 00:00:00+09:00,5599.1507233105585,5667.433049204589,5562.733482833742,5625.55322265625,5324000
2022-07-25 00:00:00+09:00,5613.718494749312,5634.658411288274,5532.690122055072,5541.79443359375,4527000
2022-07-26 00:00:00+09:00,5488.988985742252,5494.451572226653,5430.721396575309,5475.33251953125,5723000
2022-07-27 00:00:00+09:00,5485.347296459525,5503.555918190511,5437.094448872412,5452.57177734375,3428000
2022-07-28 00:00:00+09:00,5542.704081220838,5542.704081220838,5438.004513326555,5463.49658203125,4713000
2022-07-29 00:00:00+09:00,5468.048679293669,5478.063420464537,5412.512387346131,5436.18359375,5295000
2022-08-01 00:00:00+09:00,5365.17041015625,5370.632996692978,5311.454975878426,5365.17041015625,6422000
2022-08-02 00:00:00+09:00,5364.259782182635,5372.453661686986,5262.29150390625,5262.29150390625,6662000
2022-08-03 00:00:00+09:00,5292.335682853147,5292.335682853147,5137.562404668899,5162.14404296875,10455000
2022-08-04 00:00:00+09:00,5110.249981559728,5279.590173359142,5088.399634230772,5183.08447265625,13862000
2022-08-05 00:00:00+09:00,5244.993899311617,5378.8272794884615,5234.979156577295,5346.0517578125,9771000
2022-08-08 00:00:00+09:00,5306.902164631752,5326.021215147667,5239.530272337577,5254.09716796875,5465000
2022-08-09 00:00:00+09:00,5206.754303095686,5229.5150755344675,5170.337067193635,5216.76904296875,5534000
2022-08-10 00:00:00+09:00,5253.187019249201,5272.306070792395,5185.815123335086,5194.91943359375,3604000
2022-08-12 00:00:00+09:00,5214.038787671308,5236.799564638617,5163.965078343226,5214.94921875,6294000
2022-08-15 00:00:00+09:00,5223.142756572828,5329.663185807449,5221.32189453463,5261.380859375,4665000
2022-08-16 00:00:00+09:00,5297.797576548712,5313.27490234375,5262.290770313035,5313.27490234375,3394000
2022-08-17 00:00:00+09:00,5362.439065520297,5476.242950611983,5356.976479035896,5475.33251953125,9001000
2022-08-18 00:00:00+09:00,5418.886292016807,5558.182260208771,5406.14025571166,5525.40673828125,6856000
2022-08-19 00:00:00+09:00,5509.017949531719,5544.524758328899,5441.646055916557,5454.39208984375,5579000
2022-08-22 00:00:00+09:00,5453.4817185223255,5484.436372684221,5418.885340341382,5467.13818359375,3191000
2022-08-23 00:00:00+09:00,5469.8692668876265,5480.794438525884,5387.9304796006945,5407.9599609375,4406000
2022-08-24 00:00:00+09:00,5371.5433232497835,5373.364185393258,5266.84375,5266.84375,7488000
2022-08-25 00:00:00+09:00,5298.709143228717,5305.992592222846,5244.083275772751,5272.306640625,3536000
2022-08-26 00:00:00+09:00,5277.768834237834,5304.17133487487,5245.903747262101,5247.724609375,3680000
2022-08-29 00:00:00+09:00,5207.665404846916,5232.247042247417,5186.725491505748,5211.30712890625,4308000
2022-08-30 00:00:00+09:00,5211.307643186118,5250.456180687342,5206.755487662721,5232.24755859375,3352000
2022-08-31 00:00:00+09:00,5221.321903462367,5221.321903462367,5172.158628346941,5188.54638671875,5049000
2022-09-01 00:00:00+09:00,5178.531765726229,5214.038576356209,5167.6065932246975,5199.4716796875,4384000
2022-09-02 00:00:00+09:00,5197.650700550474,5203.11328667822,5139.383115187848,5159.41259765625,5305000
2022-09-05 00:00:00+09:00,5160.323767070375,5195.8305819814095,5129.369107917165,5137.56298828125,3991000
2022-09-06 00:00:00+09:00,5116.622785796798,5226.784948978544,5092.951577179233,5196.74072265625,4920000
2022-09-07 00:00:00+09:00,5232.24709815384,5282.320804504712,5221.321925859104,5253.18701171875,6303000
2022-09-08 00:00:00+09:00,5272.306748612684,5326.9326171875,5249.545970039843,5326.9326171875,6479000
2022-09-09 00:00:00+09:00,5326.932101760896,5397.945724036977,5299.61917011625,5305.9921875,6847000
2022-09-12 00:00:00+09:00,5344.229674216364,5397.945100243412,5305.991574332705,5367.90087890625,4672000
2022-09-13 00:00:00+09:00,5508.107795954479,5689.283573044552,5508.107795954479,5663.79150390625,18652000
2022-09-14 00:00:00+09:00,5613.717225314741,5628.284120482603,5492.6299092318895,5586.404296875,12132000
2022-09-15 00:00:00+09:00,5595.509323667869,5773.95381234976,5587.315444085537,5681.08984375,14135000
2022-09-16 00:00:00+09:00,5599.15091495386,5626.463846246317,5509.018241688748,5561.8232421875,11124000
2022-09-20 00:00:00+09:00,5652.866030013622,5681.089390769044,5584.58370560534,5629.19482421875,8018000
2022-09-21 00:00:00+09:00,5590.0463283807285,5669.253825216091,5552.718657458317,5562.7333984375,7218000
2022-09-22 00:00:00+09:00,5535.420769121005,5625.553442828731,5526.316458645477,5582.76318359375,6754000
2022-09-26 00:00:00+09:00,5519.943933838014,5524.4960894819515,5400.677455966865,5416.15478515625,9058000
2022-09-27 00:00:00+09:00,5461.675863086195,5570.927588968899,5448.92982839988,5524.49560546875,6632000
2022-09-28 00:00:00+09:00,5521.7643883479905,5526.316543655779,5385.199729114322,5435.2734375,7149000
2022-09-29 00:00:00+09:00,5540.169007206168,5661.627620219158,5526.366892091056,5560.412109375,7247800
2022-09-30 00:00:00+09:00,5474.838906390129,5528.207083965024,5278.848874951289,5386.50537109375,8834200
2022-10-03 00:00:00+09:00,5261.36631966817,5372.70338239637,5161.991090125644,5355.220703125,6811500
2022-10-04 00:00:00+09:00,5392.946379051524,5566.85302734375,5322.095522339876,5566.85302734375,10450800
2022-10-05 00:00:00+09:00,5589.857293285877,5653.347030444185,5527.287697245804,5530.96826171875,6492300
2022-10-06 00:00:00+09:00,5589.85670283732,5676.349958815379,5530.047536469514,5572.3740234375,9120900
2022-10-07 00:00:00+09:00,5521.766267280125,5619.301215510702,5502.443305838218,5572.3740234375,5123500
2022-10-11 00:00:00+09:00,5526.3673069462375,5583.416053704591,5496.002651413566,5521.7666015625,5202400
2022-10-12 00:00:00+09:00,5462.877681292142,5556.732072986903,5459.197116911955,5543.85009765625,4682100
2022-10-13 00:00:00+09:00,5612.860558859349,5696.5933967046285,5546.610401443305,5548.45068359375,5940600
2022-10-14 00:00:00+09:00,5620.221977452788,5716.836795336309,5583.416332544781,5676.3505859375,7493600
2022-10-17 00:00:00+09:00,5612.860232391483,5631.263052825553,5549.37050189394,5617.4609375,4937100
2022-10-18 00:00:00+09:00,5649.667104775654,5693.83388344491,5588.9377841054265,5626.66357421875,4577600
2022-10-19 00:00:00+09:00,5641.384993387387,5667.148943773107,5562.25286005982,5568.69384765625,4485500
2022-10-20 00:00:00+09:00,5520.8461491141725,5611.9401105745565,5511.64473886565,5609.1796875,4682100
2022-10-21 00:00:00+09:00,5547.530204272412,5596.297678285754,5535.568371023857,5553.97119140625,3563100
2022-10-24 00:00:00+09:00,5599.979310709636,5607.3404402669275,5520.84716796875,5520.84716796875,3441700
2022-10-25 00:00:00+09:00,5551.210713796209,5551.210713796209,5484.960561070646,5507.0439453125,3948400
2022-10-26 00:00:00+09:00,5518.086098169621,5603.659219251791,5514.4055338220005,5587.0966796875,5230000
2022-10-27 00:00:00+09:00,5587.096435546875,5596.29784601385,5500.603177157315,5506.1240234375,4633900
2022-10-28 00:00:00+09:00,5499.682843716501,5519.0058050211765,5445.394523860507,5472.07861328125,5412600
2022-10-31 00:00:00+09:00,5475.759080583299,5608.25938433124,5468.397952597303,5585.255859375,5705100
2022-11-01 00:00:00+09:00,5619.301938335906,5626.663067451132,5578.815728202161,5589.857421875,3787100
2022-11-02 00:00:00+09:00,5580.655154383752,5608.25938433124,5559.491911424012,5585.255859375,4322000
2022-11-04 00:00:00+09:00,5530.047920285995,5539.249331135056,5457.3567745784085,5478.52001953125,5975900
2022-11-07 00:00:00+09:00,5548.450754829684,5656.107262012947,5531.8882152630285,5632.18359375,6345100
2022-11-08 00:00:00+09:00,5704.874403865462,5781.246109594629,5698.433416635292,5727.8779296875,7539600
2022-11-09 00:00:00+09:00,5520.846392443368,5521.766533508776,5290.811126091561,5321.17578125,21530100
2022-11-10 00:00:00+09:00,5300.933225333483,5334.9784482700115,5244.804614546234,5296.33251953125,10928700
2022-11-11 00:00:00+09:00,5388.345966639174,5412.269633840781,5259.526220168975,5299.09228515625,11026200
2022-11-14 00:00:00+09:00,5244.804399311385,5284.370467586891,5207.07861328125,5207.07861328125,9525600
2022-11-15 00:00:00+09:00,5285.290537170367,5379.1449304139915,5277.929408288514,5303.693359375,7501400
2022-11-16 00:00:00+09:00,5318.415180970551,5353.380540291811,5264.126859919121,5350.6201171875,5458500
2022-11-17 00:00:00+09:00,5393.867366234691,5409.509765625,5349.7005914855845,5409.509765625,5730600
2022-11-18 00:00:00+09:00,5409.509081288931,5451.8355684022645,5360.741607006176,5447.23486328125,6211200
2022-11-21 00:00:00+09:00,5428.832439657827,5450.915825853045,5371.783691986846,5416.87060546875,4830800
2022-11-22 00:00:00+09:00,5444.474789086198,5463.797751832659,5392.946888428968,5460.1171875,5003200
2022-11-24 00:00:00+09:00,5515.32572330337,5565.013342432229,5493.242337023877,5498.76318359375,7901600
2022-11-25 00:00:00+09:00,5519.926248062935,5525.447094452063,5461.957360977093,5483.12060546875,4488500
2022-11-28 00:00:00+09:00,5447.235002010667,5453.675989344126,5396.6272443906355,5434.35302734375,4301200
2022-11-29 00:00:00+09:00,5405.829171542822,5451.83622832191,5386.506207695606,5399.38818359375,4146600
2022-11-30 00:00:00+09:00,5399.388341493998,5459.197517055878,5369.023683131813,5423.31201171875,6667500
2022-12-01 00:00:00+09:00,5438.954720909603,5449.076274272825,5341.419752136735,5344.18017578125,6006600
2022-12-02 00:00:00+09:00,5290.810923787875,5297.251910999443,5235.602461974437,5268.7275390625,6360900
2022-12-05 00:00:00+09:00,5244.803799247339,5254.005209421457,5205.237735498631,5230.08154296875,5004400
2022-12-06 00:00:00+09:00,5279.769908793163,5325.776966206837,5257.6865212346,5302.7734375,4892200
2022-12-07 00:00:00+09:00,5268.727474037151,5380.064537320158,5232.841974301306,5320.25537109375,7701200
2022-12-08 00:00:00+09:00,5316.57486106319,5326.696412373625,5219.039912071723,5250.32470703125,5081100
2022-12-09 00:00:00+09:00,5310.133633164445,5323.935747962135,5259.52587890625,5259.52587890625,4525700
2022-12-12 00:00:00+09:00,5226.4009788991025,5249.404504334399,5219.039850759808,5230.08154296875,3059600
2022-12-13 00:00:00+09:00,5235.602100878975,5269.64731664919,5221.799986377537,5237.4423828125,3191500
2022-12-14 00:00:00+09:00,5249.404905421731,5289.89111328125,5240.203494544568,5289.89111328125,3091800
2022-12-15 00:00:00+09:00,5245.724300847515,5271.48825110602,5229.16176139562,5261.36669921875,3459600
2022-12-16 00:00:00+09:00,5226.401226195749,5243.883906353798,5194.1962890625,5194.1962890625,5534600
2022-12-19 00:00:00+09:00,5152.789839279328,5174.87322430481,5121.50504382656,5145.4287109375,5775200
2022-12-20 00:00:00+09:00,5160.1509140667295,5177.633593697127,5062.615964549776,5098.50146484375,9024900
2022-12-21 00:00:00+09:00,5078.258580441251,5149.10944304208,5069.05716971387,5097.58154296875,8805100
2022-12-22 00:00:00+09:00,5130.70664402536,5197.876942628992,5113.22396356688,5179.47412109375,3868000
2022-12-23 00:00:00+09:00,5153.710528453559,5186.8356095148565,5140.828552485276,5165.67236328125,3057200
2022-12-26 00:00:00+09:00,5171.1925519767,5196.956500634235,5152.789731507032,5168.43212890625,1601500
2022-12-27 00:00:00+09:00,5197.8766106487465,5202.477315738717,5146.348713641076,5158.310546875,2227000
2022-12-28 00:00:00+09:00,5158.3108959700285,5171.19287109375,5141.748356525244,5171.19287109375,2827400
2022-12-29 00:00:00+09:00,5161.992137870843,5187.756091500145,5153.710867061424,5160.15185546875,3244800
2022-12-30 00:00:00+09:00,5148.189593995729,5177.63410999356,5088.380420875135,5090.220703125,4709000
2023-01-04 00:00:00+09:00,5009.247899509636,5103.102287046371,4973.36239839265,5048.81396484375,5632900
2023-01-05 00:00:00+09:00,5076.418049453267,5155.550177829736,5057.095087872965,5088.3798828125,4229200
2023-01-06 00:00:00+09:00,5029.490903168031,5045.13330078125,4975.202582039799,5045.13330078125,5181300
2023-01-10 00:00:00+09:00,5045.133219996144,5120.584783745859,5033.17138671875,5033.17138671875,5620700
2023-01-11 00:00:00+09:00,5058.015407927427,5104.942601997702,5044.213292024405,5104.0224609375,5320000
2023-01-12 00:00:00+09:00,5032.25189414041,5049.734575798605,5001.887236523545,5012.0087890625,7380700
2023-01-13 00:00:00+09:00,4951.279207397484,5035.932187713516,4951.279207397484,4966.00146484375,5983300
2023-01-16 00:00:00+09:00,4954.959196988875,5033.171180599656,4932.875813381125,4980.72314453125,4215300
2023-01-17 00:00:00+09:00,4980.724322809939,5057.096042520492,4980.724322809939,5051.5751953125,4018600
2023-01-18 00:00:00+09:00,5079.179429776658,5177.634538288634,5054.3356173484035,5160.15185546875,5079100
2023-01-19 00:00:00+09:00,5106.782583841464,5112.3034298780485,5058.93525152439,5092.98046875,3101300
2023-01-20 00:00:00+09:00,5081.018743087851,5136.22720462086,5056.174935397998,5069.97705078125,3791600
2023-01-23 00:00:00+09:00,5107.7027248475615,5127.945826981708,5071.817225609756,5092.98046875,3268600
2023-01-24 00:00:00+09:00,5132.547794613931,5164.75273774973,5111.384546267549,5112.3046875,3889900
2023-01-25 00:00:00+09:00,5122.425223589714,5144.508608782125,5102.18212049667,5128.8662109375,3152700
2023-01-26 00:00:00+09:00,5154.629975356311,5207.9981543228705,5154.629975356311,5184.99462890625,3524000
2023-01-27 00:00:00+09:00,5207.998274103575,5216.279543444022,5168.432209476992,5180.39404296875,2678500
2023-01-30 00:00:00+09:00,5148.189283822766,5173.033092699122,5122.425333876914,5150.94970703125,3956900
2023-01-31 00:00:00+09:00,5226.401708333333,5234.682978645833,5166.5925338541665,5175.7939453125,3547100
2023-02-01 00:00:00+09:00,5143.588617796539,5173.953273321993,5134.38720703125,5134.38720703125,2409900
2023-02-02 00:00:00+09:00,5149.109514259002,5167.512335968291,5126.1059871223915,5136.2275390625,2751200
2023-02-03 00:00:00+09:00,5160.151714942414,5177.634397286191,5127.946773782824,5173.03369140625,3281200
2023-02-06 00:00:00+09:00,5180.394062340164,5196.036460041724,5167.512087762409,5172.11279296875,3580900
2023-02-07 00:00:00+09:00,5143.588252494888,5193.275867098596,5122.425009237753,5174.873046875,4215900
2023-02-08 00:00:00+09:00,4858.344458998269,4874.906996926673,4735.045565531268,4785.6533203125,27112900
2023-02-09 00:00:00+09:00,4777.372049778604,4869.386149350611,4758.049088868483,4857.42431640625,14233000
2023-02-10 00:00:00+09:00,4867.546565672403,4949.439126040048,4859.265295522865,4883.18896484375,10996200
2023-02-13 00:00:00+09:00,4827.059997839,4837.181549492876,4795.775201817932,4806.81689453125,7001000
2023-02-14 00:00:00+09:00,4812.338371391411,4912.633760011232,4812.338371391411,4902.51220703125,5742800
2023-02-15 00:00:00+09:00,4941.158336542178,4944.838901411111,4881.349157422022,4909.87353515625,4432200
2023-02-16 00:00:00+09:00,4998.205754507321,5059.855199564757,4960.479974696054,5058.93505859375,6867300
2023-02-17 00:00:00+09:00,5049.734555420638,5059.8561079187475,4991.765663840554,5020.2900390625,4440300
2023-02-20 00:00:00+09:00,5058.9351844173225,5058.9351844173225,4986.244045899867,5027.650390625,4224100
2023-02-21 00:00:00+09:00,5033.171895570607,5042.373306714247,4979.8037109375,4979.8037109375,3638900
2023-02-22 00:00:00+09:00,4958.640415881053,4960.480698091438,4887.78955078125,4887.78955078125,4503200
2023-02-24 00:00:00+09:00,4868.466458203051,4888.709561979364,4832.580956054134,4873.9873046875,4381800
2023-02-27 00:00:00+09:00,4784.733836932473,4819.69919958698,4769.091437850195,4782.8935546875,4848800
2023-02-28 00:00:00+09:00,4734.126186683529,4772.772114738089,4714.80322265625,4714.80322265625,6918600
2023-03-01 00:00:00+09:00,4689.958876365891,4716.642966500208,4638.430978175487,4712.96240234375,6107900
2023-03-02 00:00:00+09:00,4654.073720201154,4730.445432098484,4649.47301466517,4725.8447265625,4997600
2023-03-03 00:00:00+09:00,4693.639363969653,4752.5283895124985,4686.2782357767965,4746.08740234375,4696500
2023-03-06 00:00:00+09:00,4766.331004897524,4798.535944119803,4757.129593691157,4764.49072265625,3255300
2023-03-07 00:00:00+09:00,4768.171017843346,4790.254403491404,4754.368901813309,4763.5703125,3147900
2023-03-08 00:00:00+09:00,4720.323453668755,4769.090927946424,4712.042184451792,4746.08740234375,3768500
2023-03-09 00:00:00+09:00,4747.9281816469775,4817.858906803018,4747.008040526503,4809.57763671875,4169600
2023-03-10 00:00:00+09:00,4740.566794750389,4767.250885792268,4725.844537623834,4736.88623046875,5040700
2023-03-13 00:00:00+09:00,4703.760922877266,4721.243602363704,4689.958807493237,4719.4033203125,3586700
2023-03-14 00:00:00+09:00,4684.437826131386,4684.437826131386,4626.468943191634,4660.51416015625,4934100
2023-03-15 00:00:00+09:00,4631.989968616256,4701.00054621781,4631.989968616256,4676.15673828125,4393600
2023-03-16 00:00:00+09:00,4609.906652170566,4680.757512892549,4597.024677493842,4669.7158203125,4511500
2023-03-17 00:00:00+09:00,4712.962463283984,4736.886130610299,4686.278372804633,4733.20556640625,4791900
2023-03-20 00:00:00+09:00,4732.2858369138685,4735.046260306975,4628.309889106895,4631.0703125,4651500
2023-03-22 00:00:00+09:00,4638.430906280758,4684.437957523376,4610.826675535187,4674.31640625,4871800
2023-03-23 00:00:00+09:00,4674.316306208136,4681.677434249409,4634.750242986295,4670.6357421875,3157600
2023-03-24 00:00:00+09:00,4673.396203453996,4673.396203453996,4629.229434844862,4654.0732421875,3528800
2023-03-27 00:00:00+09:00,4691.799705210377,4721.2442218934,4680.758011454244,4688.119140625,2570100
2023-03-28 00:00:00+09:00,4706.52166324175,4725.844626082038,4668.795878648804,4677.0771484375,3167800
2023-03-29 00:00:00+09:00,4680.757185719975,4767.250438218044,4647.632110295182,4765.41015625,5495300
2023-03-30 00:00:00+09:00,4806.881910347755,4827.617479372785,4774.836030945437,4787.0888671875,3668500
2023-03-31 00:00:00+09:00,4804.996744855109,4845.525356080838,4789.916331375767,4836.10009765625,4148100
2023-04-03 00:00:00+09:00,4909.616964455618,4918.0996967804585,4854.00794143721,4875.68603515625,4140400
2023-04-04 00:00:00+09:00,4910.559962597584,5102.8352471215585,4895.479548125116,5100.9501953125,10423400
2023-04-05 00:00:00+09:00,5054.765896650083,5058.535999873391,4939.777748339192,4943.5478515625,6830300
2023-04-06 00:00:00+09:00,4934.122854352679,4992.559457403274,4929.4102250744045,4948.2607421875,4175400
2023-04-07 00:00:00+09:00,5018.949797961655,5019.89232374531,4888.881239817298,4899.2490234375,4302700
2023-04-10 00:00:00+09:00,4986.904445364526,5099.065025405799,4968.05392771053,5095.294921875,7136300
2023-04-11 00:00:00+09:00,5188.603965749411,5224.4199422613965,5096.236447376397,5101.8916015625,9397600
2023-04-12 00:00:00+09:00,5101.892805918119,5172.5822499313945,5085.86986527511,5151.8466796875,5148200
2023-04-13 00:00:00+09:00,5118.857532167195,5122.627635302652,5067.018614054657,5069.84619140625,4182700
2023-04-14 00:00:00+09:00,5083.0421463439725,5165.041899122005,5069.846783827968,5152.7890625,5924400
2023-04-17 00:00:00+09:00,5182.949856817362,5182.949856817362,5111.317889347255,5143.36376953125,3467500
2023-04-18 00:00:00+09:00,5183.892295343413,5240.44384765625,5169.754407265204,5240.44384765625,5630300
2023-04-19 00:00:00+09:00,5222.535989729001,5228.191145104994,5194.260212849039,5223.478515625,4440400
2023-04-20 00:00:00+09:00,5220.650260764849,5220.650260764849,5146.190724639117,5198.97216796875,4160400
2023-04-21 00:00:00+09:00,5213.109970844656,5234.788063292573,5189.546826879529,5202.7421875,3606000
2023-04-24 00:00:00+09:00,5194.260040201329,5281.914945615722,5174.46699704324,5269.662109375,4516600
2023-04-25 00:00:00+09:00,5268.719587226445,5406.328363565453,5246.0989664583885,5324.32861328125,7607900
2023-04-26 00:00:00+09:00,5296.994914852372,5317.7304821347125,5256.466306073252,5295.10986328125,4642500
2023-04-27 00:00:00+09:00,5272.489764660237,5322.443636223875,5256.46682472473,5304.53564453125,4188300
2023-04-28 00:00:00+09:00,5329.983723104844,5392.1904296875,5320.558464531714,5392.1904296875,5439300
2023-05-01 00:00:00+09:00,5455.340053785582,5465.707838960365,5330.926631688191,5363.9150390625,5363400
2023-05-02 00:00:00+09:00,5363.914752938093,5382.7652704321645,5342.236657819911,5365.7998046875,4023400
2023-05-08 00:00:00+09:00,5400.672541696616,5464.764292627744,5383.707078214846,5409.1552734375,8361200
2023-05-09 00:00:00+09:00,5379.93728389507,5424.235996639126,5346.948880787795,5400.6728515625,6965800
2023-05-10 00:00:00+09:00,5447.799863537118,5448.742389465066,5331.869174399563,5395.9609375,8949800
2023-05-11 00:00:00+09:00,5352.60452392448,5393.133137153703,5268.719719798882,5307.36328125,5811500
2023-05-12 00:00:00+09:00,5361.0871538783,5435.546697682165,5327.15622252464,5427.06396484375,7818600
2023-05-15 00:00:00+09:00,5466.650390625,5474.190598060345,5398.788523706897,5466.650390625,5628700
2023-05-16 00:00:00+09:00,5490.213647891012,5532.627315557123,5462.880395395075,5510.94921875,6054900
2023-05-17 00:00:00+09:00,5542.052155854431,5623.109381263185,5524.144164194357,5584.4658203125,7467500
2023-05-18 00:00:00+09:00,5700.396222902532,5714.534110360127,5653.269931377213,5695.68359375,8556600
2023-05-19 00:00:00+09:00,5724.902058966925,5732.4422658276,5624.994318062992,5633.47705078125,6094600
2023-05-22 00:00:00+09:00,5654.212467206194,5711.70654296875,5644.787208884462,5711.70654296875,5098500
2023-05-23 00:00:00+09:00,5711.706587002129,5756.005301455776,5592.948331232778,5643.8447265625,7209500
2023-05-24 00:00:00+09:00,5608.028249499367,5628.763816136172,5542.993972320299,5589.177734375,4220900
2023-05-25 00:00:00+09:00,5552.419136104493,5576.924805352281,5517.545683713411,5538.28125,4434600
2023-05-26 00:00:00+09:00,5579.753057693925,5633.477031391316,5570.327799150524,5601.43115234375,4494900
2023-05-29 00:00:00+09:00,5624.051753267659,5632.534485927187,5543.937055927663,5569.38525390625,5562300
2023-05-30 00:00:00+09:00,5553.361964602463,5669.292636979601,5551.476913019094,5645.7294921875,4847400
2023-05-31 00:00:00+09:00,5660.8098121499115,5667.407492583653,5556.189450986302,5594.8330078125,13218800
2023-06-01 00:00:00+09:00,5576.925372189389,5631.591870683049,5561.844958811828,5611.798828125,4029800
2023-06-02 00:00:00+09:00,5636.30444214876,5735.26965392562,5633.476864669422,5702.28125,5926600
2023-06-05 00:00:00+09:00,5749.4072154852665,5772.0278340379955,5686.257988692231,5733.38427734375,4309800
2023-06-06 00:00:00+09:00,5719.246471609477,5768.2578125,5691.913223805147,5768.2578125,3507900
2023-06-07 00:00:00+09:00,5766.373066073899,5775.79832443623,5657.982594907097,5705.10888671875,5335600
2023-06-08 00:00:00+09:00,5701.338538456617,5734.326941307664,5596.718175129012,5639.1318359375,4198200
2023-06-09 00:00:00+09:00,5692.855479639841,5760.717333039522,5664.579707389975,5747.52197265625,6745800
2023-06-12 00:00:00+09:00,5777.683677760519,5805.016928438342,5754.120530624465,5773.91357421875,3741800
2023-06-13 00:00:00+09:00,5805.016385584351,5838.004788489929,5774.85556007068,5825.751953125,3726900
2023-06-14 00:00:00+09:00,5834.2351899387895,5836.120241696443,5784.281318360961,5803.1318359375,3752400
2023-06-15 00:00:00+09:00,5843.6604856927715,5991.637049604669,5840.832908038404,5867.2236328125,7487200
2023-06-16 00:00:00+09:00,5843.660479173316,5916.234972221114,5795.591659102697,5905.8671875,6516500
2023-06-19 00:00:00+09:00,5890.786754916659,5899.26948784374,5814.44215857294,5873.8212890625,3490000
2023-06-20 00:00:00+09:00,5845.545546580874,5883.24658203125,5802.18935581294,5883.24658203125,3106700
2023-06-21 00:00:00+09:00,5882.303953348862,5887.016582697803,5828.5799787709275,5854.970703125,3028700
2023-06-22 00:00:00+09:00,5867.223031387257,6058.555766386713,5865.337979810907,5954.8779296875,9574200
2023-06-23 00:00:00+09:00,6013.314912407203,6017.085015800561,5826.694794435945,5871.93603515625,4439800
2023-06-26 00:00:00+09:00,5872.8789077251695,5950.166031851869,5824.810086621978,5927.54541015625,3705900
2023-06-27 00:00:00+09:00,5937.913106409868,6028.395591840876,5873.821345896237,6024.62548828125,5804500
2023-06-28 00:00:00+09:00,6049.130917789015,6167.889175134203,6027.452823194259,6145.2685546875,6777200
2023-06-29 00:00:00+09:00,6193.337781351484,6258.372069422288,6180.142418554509,6203.70556640625,5521700
2023-06-30 00:00:00+09:00,6126.41782186258,6176.371690256229,6055.728385456474,6166.00390625,6664300
2023-07-03 00:00:00+09:00,6210.303020509147,6228.2110122210415,6168.831881807917,6208.41796875,3174900
2023-07-04 00:00:00+09:00,6182.969732704402,6191.452465569393,6135.843439010009,6144.326171875,2862800
2023-07-05 00:00:00+09:00,6154.6934917927965,6179.199162663641,6111.337304867457,6137.72802734375,3116800
2023-07-06 00:00:00+09:00,6097.199409376114,6141.498122042783,5931.314868326463,5951.10791015625,5998800
2023-07-07 00:00:00+09:00,5993.522140721565,6043.476012943336,5969.958993447144,5985.98193359375,4955200
2023-07-10 00:00:00+09:00,5942.62548828125,5984.096625709382,5887.016463093527,5942.62548828125,4094000
2023-07-11 00:00:00+09:00,5989.752307103544,5993.522410837362,5865.338883887546,5897.384765625,3540600
2023-07-12 00:00:00+09:00,6031.222156808036,6114.164421192956,5937.912109375,5937.912109375,4659000
2023-07-13 00:00:00+09:00,5985.038736421769,6063.268376598619,5942.625076084921,6054.78564453125,3366300
2023-07-14 00:00:00+09:00,6112.279840488169,6118.87752111784,5994.464114958327,6021.79736328125,3591800
2023-07-18 00:00:00+09:00,5985.039097048202,6031.222863308889,5974.671312785598,5994.46435546875,2531200
2023-07-19 00:00:00+09:00,6034.99229429492,6067.980695091472,6022.739459713343,6063.26806640625,2675300
2023-07-20 00:00:00+09:00,6050.073217720248,6100.0270860080145,6022.739969034488,6056.6708984375,2981900
2023-07-21 00:00:00+09:00,6056.670577227865,6088.716453297853,6030.279855758462,6049.13037109375,2876600
2023-07-24 00:00:00+09:00,6124.532808810331,6163.176367622461,6107.56734396598,6136.78564453125,3414300
2023-07-25 00:00:00+09:00,6088.717276137862,6103.797690444087,6030.280670701245,6072.6943359375,3405600
2023-07-26 00:00:00+09:00,6018.02679656498,6026.509528149802,5937.912109375,5937.912109375,4083600
2023-07-27 00:00:00+09:00,5943.568594172728,6025.568351180819,5930.3732309760235,6009.54541015625,3242100
2023-07-28 00:00:00+09:00,5933.200058449279,6013.314753440254,5887.958818924963,5988.80908203125,4523900
2023-07-31 00:00:00+09:00,6055.728844930959,6099.085035882994,6025.568016442588,6079.2919921875,4426200
2023-08-01 00:00:00+09:00,6080.234207325776,6096.257146641314,5999.176984905993,6087.7744140625,3219100
2023-08-02 00:00:00+09:00,6041.590383894325,6061.383425713636,5970.900948825359,5989.75146484375,3578700
2023-08-03 00:00:00+09:00,5989.751667084513,6012.372287070356,5920.947281294243,5991.63671875,4110800
2023-08-04 00:00:00+09:00,5871.936030409511,5890.786547361066,5762.603032090489,5817.26953125,9943800
2023-08-07 00:00:00+09:00,5794.64911507642,5904.92464312846,5790.879011553273,5873.8212890625,4554000
2023-08-08 00:00:00+09:00,5877.591090654936,5916.234649782077,5799.361446568284,5805.0166015625,3817800
2023-08-09 00:00:00+09:00,5798.418969945077,5837.062529400173,5782.396030658819,5791.8212890625,2857300
2023-08-10 00:00:00+09:00,5811.614789446188,5895.499595845915,5786.16658975189,5891.7294921875,3577600
2023-08-14 00:00:00+09:00,5890.78690727908,5948.280987494123,5867.2237596499635,5888.90185546875,2724000
2023-08-15 00:00:00+09:00,5932.25732421875,5938.855004750929,5901.15397313848,5932.25732421875,2054300
2023-08-16 00:00:00+09:00,5952.05016275007,5968.073100638709,5899.2687202933785,5930.3720703125,2697900
2023-08-17 00:00:00+09:00,5915.2920490746355,5927.544884740342,5798.41884734021,5824.8095703125,3569500
2023-08-18 00:00:00+09:00,5777.682951333517,5818.211559311876,5734.326766054342,5762.6025390625,2896000
2023-08-21 00:00:00+09:00,5758.832387899294,5814.441407684246,5740.924398477021,5775.7978515625,2440700
2023-08-22 00:00:00+09:00,5830.464799036471,5832.34985070121,5775.798300759052,5805.0166015625,1912700
2023-08-23 00:00:00+09:00,5786.165973408443,5854.02783203125,5775.798189452182,5854.02783203125,2131300
2023-08-24 00:00:00+09:00,5869.108407972692,5869.108407972692,5788.993711541396,5791.8212890625,2777500
2023-08-25 00:00:00+09:00,5740.924483527993,5773.912885584056,5723.959019613447,5733.38427734375,2500400
2023-08-28 00:00:00+09:00,5796.534021539726,5825.752323111716,5785.223711253796,5820.09716796875,2148100
2023-08-29 00:00:00+09:00,5838.005099896711,5880.418763037711,5811.6143761645335,5817.26953125,2235100
2023-08-30 00:00:00+09:00,5838.947738595936,5904.92454920154,5829.522479937993,5861.568359375,3224900
2023-08-31 00:00:00+09:00,5861.5683289889,5927.545139252483,5855.91317382345,5906.8095703125,3918500
2023-09-01 00:00:00+09:00,5900.211746420309,5940.740357458021,5876.648600468152,5907.751953125,2971400
2023-09-04 00:00:00+09:00,5930.372716835208,5939.797975444291,5887.016527233425,5906.8095703125,2680900
2023-09-05 00:00:00+09:00,5934.142795415604,5954.8783642687085,5881.361347425885,5913.4072265625,2700400
2023-09-06 00:00:00+09:00,5937.913212737723,5996.349818958317,5933.200583203804,5959.59130859375,2848000
2023-09-07 00:00:00+09:00,5967.131424793646,6002.0048828125,5946.395855160814,6002.0048828125,2711300
2023-09-08 00:00:00+09:00,6002.004359664989,6050.073175987683,5951.1079659115485,5992.5791015625,5422100
2023-09-11 00:00:00+09:00,6041.590682336636,6080.234242083251,5971.843769623234,6003.8896484375,3758900
2023-09-12 00:00:00+09:00,6027.4524479688,6044.41791224768,5952.9929103003815,6002.94677734375,2429800
2023-09-13 00:00:00+09:00,6002.947058053228,6026.510203986864,5934.142671927009,5946.3955078125,3135800
2023-09-14 00:00:00+09:00,5998.234340265482,6038.762950672682,5944.510368330358,5988.80908203125,3746400
2023-09-15 00:00:00+09:00,5977.499107411397,6002.947306071143,5950.165856999078,5973.72900390625,5106600
2023-09-19 00:00:00+09:00,5997.292098608743,6080.234375,5969.016322566269,6080.234375,4783300
2023-09-20 00:00:00+09:00,6084.004579526412,6099.084993666214,5891.729299243936,5905.8671875,5499000
2023-09-21 00:00:00+09:00,5876.6489395893,5912.464923503398,5790.879083373964,5799.36181640625,3690000
2023-09-22 00:00:00+09:00,5760.718539160299,5821.040199256218,5751.2932797703115,5797.47705078125,3391400
2023-09-25 00:00:00+09:00,5800.304436455655,5875.706509077763,5798.419384640103,5866.28125,2616300
2023-09-26 00:00:00+09:00,5867.223994343426,5918.120395258212,5829.522956628769,5900.21240234375,3333100
2023-09-27 00:00:00+09:00,5868.16615869729,5893.614357586596,5814.4421832643075,5867.2236328125,4207800
2023-09-28 00:00:00+09:00,5885.36429368752,5947.426052138151,5842.398460914007,5873.90673828125,4392900
2023-09-29 00:00:00+09:00,5877.726416721008,5958.8841076601375,5876.771620357018,5948.38134765625,5586300
2023-10-02 00:00:00+09:00,5993.256424443057,6000.894794905944,5819.4834964123675,5852.9013671875,5289300
2023-10-03 00:00:00+09:00,5841.443964177912,5927.375634131494,5822.34803752156,5881.54541015625,4800700
2023-10-04 00:00:00+09:00,5795.613250232789,5847.172247846062,5779.381713947129,5831.8955078125,4518500
2023-10-05 00:00:00+09:00,5870.087673960008,5941.697396723021,5829.031432909214,5938.8330078125,4055500
2023-10-06 00:00:00+09:00,5920.692571009932,6031.448955179769,5893.003474967473,5962.70361328125,4583100
2023-10-10 00:00:00+09:00,5962.703167862908,6029.5389119382335,5914.008554322314,6025.7197265625,3263300
2023-10-11 00:00:00+09:00,6007.578520949734,6049.589559557775,5970.341464001699,6023.81005859375,3177000
2023-10-12 00:00:00+09:00,6040.995741418553,6095.419126476378,6016.171039462352,6062.9560546875,3570900
2023-10-13 00:00:00+09:00,6015.216785526954,6015.216785526954,5878.680912458643,5915.91796875,4583000
2023-10-16 00:00:00+09:00,5889.18285030242,5953.154194493448,5874.860907573085,5919.736328125,2729200
2023-10-17 00:00:00+09:00,5920.692379702428,5946.471882081393,5829.031926799439,5846.21826171875,3758300
2023-10-18 00:00:00+09:00,5846.218016539228,5875.816703214505,5797.523402976677,5833.8056640625,2810200
2023-10-19 00:00:00+09:00,5787.975251225993,5914.008364581624,5782.246473346192,5816.619140625,3067300
2023-10-20 00:00:00+09:00,5804.206883108942,5849.0823105651225,5763.1506409681815,5825.21240234375,2441200
2023-10-23 00:00:00+09:00,5765.060417299787,5812.800235263516,5745.0096937550215,5792.74951171875,2755000
2023-10-24 00:00:00+09:00,5811.844499886301,5820.437665731376,5731.641618665592,5806.11572265625,2823900
2023-10-25 00:00:00+09:00,5848.127800901345,5908.279972567759,5834.760651642142,5900.6416015625,3262800
2023-10-26 00:00:00+09:00,5864.358883525282,5881.545216951438,5829.031420371515,5839.5341796875,2716200
2023-10-27 00:00:00+09:00,5889.183879450651,5942.6524749839255,5852.901618195929,5939.7880859375,3476300
2023-10-30 00:00:00+09:00,5910.1888970734735,5911.143693341175,5825.212029248023,5840.48876953125,2919500
2023-10-31 00:00:00+09:00,5892.048268497077,5953.155234820819,5839.534469312611,5939.7880859375,4255100
2023-11-01 00:00:00+09:00,6056.272926313639,6088.736000489055,6006.6235187512375,6024.7646484375,3958700
2023-11-02 00:00:00+09:00,6077.27850719126,6128.837507880708,6037.17706221058,6069.64013671875,3427400
2023-11-06 00:00:00+09:00,6072.50418136369,6142.204307973681,6010.442424793149,6141.24951171875,5982900
2023-11-07 00:00:00+09:00,6120.244909945184,6156.527173061864,6077.279072043853,6096.375,3759300
2023-11-08 00:00:00+09:00,6301.655485357618,6524.123019916455,6235.774541647061,6467.7900390625,15154600
2023-11-09 00:00:00+09:00,6563.2694831798,6836.341213204447,6530.806410379667,6827.748046875,12503700
2023-11-10 00:00:00+09:00,6788.602206851908,6789.557003224179,6549.903113783978,6550.85791015625,7394600
2023-11-13 00:00:00+09:00,6681.6646650894645,6760.912759859745,6629.150867350121,6696.94140625,6177500
2023-11-14 00:00:00+09:00,6788.6016239532055,6789.556420243494,6676.890457989418,6691.21240234375,3366500
2023-11-15 00:00:00+09:00,6664.478554162496,6699.806019277685,6618.648329148198,6677.845703125,3929200
2023-11-16 00:00:00+09:00,6658.749315866254,6745.635778118021,6651.110945558406,6734.17822265625,3370000
2023-11-17 00:00:00+09:00,6721.766484307515,6726.540466185575,6599.552548229197,6632.015625,3738200
2023-11-20 00:00:00+09:00,6597.642833754596,6607.190797334559,6476.383696289063,6492.615234375,4329100
2023-11-21 00:00:00+09:00,6539.400033507819,6554.676774716189,6489.750624580617,6536.53564453125,2655600
2023-11-22 00:00:00+09:00,6559.450614444093,6624.376763175126,6526.032743773709,6607.1904296875,2770200
2023-11-24 00:00:00+09:00,6645.3827315709805,6651.111509787852,6544.17431640625,6544.17431640625,3170100
2023-11-27 00:00:00+09:00,6588.094893000984,6668.297787350561,6536.535889490541,6548.9482421875,3484800
2023-11-28 00:00:00+09:00,6583.320320728655,6588.094302106993,6488.795489437554,6515.52978515625,2675900
2023-11-29 00:00:00+09:00,6535.581072212977,6540.355054004221,6490.705643375284,6517.43994140625,2398700
2023-11-30 00:00:00+09:00,6517.4397615503385,6603.37143142135,6502.1630202399365,6599.55224609375,4681800
2023-12-01 00:00:00+09:00,6604.326359088349,6614.8291189481115,6536.535818175342,6596.68798828125,3156700
2023-12-04 00:00:00+09:00,6570.90808144881,6587.139618412574,6479.247637418138,6505.98193359375,2692800
2023-12-05 00:00:00+09:00,6501.208158460847,6556.586345153566,6468.745083503045,6505.02734375,2490000
2023-12-06 00:00:00+09:00,6495.479275284091,6581.410942897727,6470.654571306818,6564.224609375,2862800
2023-12-07 00:00:00+09:00,6597.642232727567,6666.387564240792,6546.083234092648,6551.81201171875,3300800
2023-12-08 00:00:00+09:00,6552.767328956472,6577.59203397656,6483.067195630838,6490.70556640625,4052500
2023-12-11 00:00:00+09:00,6540.355020863571,6629.151081730769,6500.253574020319,6578.546875,3080800
2023-12-12 00:00:00+09:00,6601.462346590398,6706.489951178906,6601.462346590398,6631.06103515625,2944300
2023-12-13 00:00:00+09:00,6640.60901770728,6653.976167419416,6577.592454778642,6612.919921875,2796500
2023-12-14 00:00:00+09:00,6521.259147709669,6584.275707555766,6504.072813206189,6548.9482421875,3796700
2023-12-15 00:00:00+09:00,6483.067419840615,6528.897646078075,6424.824840663844,6471.60986328125,5892400
2023-12-18 00:00:00+09:00,6442.965582801262,6505.02734375,6434.372415900668,6505.02734375,3345900
2023-12-19 00:00:00+09:00,6568.998691158448,6645.382396869593,6539.40000519538,6622.46728515625,3102900
2023-12-20 00:00:00+09:00,6648.247145535153,6698.851353306713,6636.789589058574,6650.15673828125,3408500
2023-12-21 00:00:00+09:00,6631.060828624388,6640.608792380506,6584.275806219407,6632.015625,1990300
2023-12-22 00:00:00+09:00,6635.834810502447,6695.986982165995,6603.371733731644,6632.015625,2400300
2023-12-25 00:00:00+09:00,6668.297432713802,6695.986525719057,6598.597302045401,6620.5576171875,1675300
2023-12-26 00:00:00+09:00,6645.382607878918,6671.162109375,6630.10586625161,6671.162109375,2087000
2023-12-27 00:00:00+09:00,6683.574564096267,6810.5624808140965,6672.117007700674,6803.87890625,3942400
2023-12-28 00:00:00+09:00,6774.28023797841,6862.121503925417,6760.913088812561,6810.5625,3074400
2023-12-29 00:00:00+09:00,6873.578778629379,7060.718859281046,6862.121222671113,7026.34619140625,6355400
2024-01-04 00:00:00+09:00,6900.313266511745,6945.188695254798,6815.336390806812,6851.61865234375,5215500
2024-01-05 00:00:00+09:00,6876.44341697096,6960.465497045029,6871.66943514857,6896.494140625,4107700
2024-01-09 00:00:00+09:00,6974.787333370299,7225.898773298621,6960.465388127239,7197.2548828125,6863600
2024-01-10 00:00:00+09:00,7300.372156821232,7544.799997802953,7277.457046729196,7469.37109375,9140900
2024-01-11 00:00:00+09:00,7569.625075366488,7709.980131632743,7486.557797168091,7571.53466796875,9331400
2024-01-12 00:00:00+09:00,7647.91863641827,7810.234013221154,7600.178819711538,7757.72021484375,9141400
2024-01-15 00:00:00+09:00,7730.98614244481,7786.364331436016,7667.014786196347,7763.44921875,1488200
2024-01-16 00:00:00+09:00,7730.986023017567,7786.364211153299,7647.91874081397,7673.6982421875,5877900
2024-01-17 00:00:00+09:00,7647.919244799866,7736.7153109379915,7561.9875678920025,7581.08349609375,6642100
2024-01-18 00:00:00+09:00,7613.545461853769,7718.5730516210015,7595.404332712156,7701.38671875,4931300
2024-01-19 00:00:00+09:00,7862.747983679307,7876.115132649739,7754.855995560817,7768.22314453125,4438100
2024-01-22 00:00:00+09:00,7781.5892900873905,7810.233177044767,7662.23976109832,7736.7138671875,4831700
2024-01-23 00:00:00+09:00,7714.754489121028,7836.968421621956,7678.472227909816,7723.34765625,4913300
2024-01-24 00:00:00+09:00,7662.241114978978,7693.749396199452,7548.620343305146,7579.173828125,4990200
2024-01-25 00:00:00+09:00,7598.26908204595,7646.963694157579,7572.4895815162645,7611.63623046875,3424100
2024-01-26 00:00:00+09:00,7610.6822031225265,7643.145281143624,7533.343693719324,7538.11767578125,4298900
2024-01-29 00:00:00+09:00,7630.731520265573,7733.849513782675,7617.364372957801,7725.25634765625,4450300
2024-01-30 00:00:00+09:00,7828.375268315594,8008.831778342628,7816.9177121234015,7897.12060546875,6585500
2024-01-31 00:00:00+09:00,7838.87778984281,7934.357421875,7805.459918631544,7934.357421875,4584600
2024-02-01 00:00:00+09:00,7914.30669914824,7964.9109041253005,7882.798420577617,7934.357421875,3915800
2024-02-02 00:00:00+09:00,7975.413569610149,8106.220663951894,7854.1544383590435,8092.853515625,6616700
2024-02-05 00:00:00+09:00,8092.853413965018,8123.406895471257,8027.9272657642605,8034.61083984375,4553400
2024-02-06 00:00:00+09:00,8009.78588663154,8061.344885067361,7919.080241235189,7997.37353515625,4928900
2024-02-07 00:00:00+09:00,8025.064078089526,8233.209702006661,7903.804930211196,7990.69140625,9328400
2024-02-08 00:00:00+09:00,8068.029343324029,8297.18047260187,7998.329208168685,8230.3447265625,7645900
2024-02-09 00:00:00+09:00,8290.496977146193,8312.457293911637,8151.096705504669,8306.728515625,5455700
2024-02-13 00:00:00+09:00,8402.20804032721,8430.85193137378,8283.813290668055,8316.2763671875,6279200
2024-02-14 00:00:00+09:00,8316.275841312281,8479.546009953428,8297.179915155422,8469.998046875,4869300
2024-02-15 00:00:00+09:00,8580.754220386696,8619.90086810405,8488.138980665153,8545.4267578125,6298200
2024-02-16 00:00:00+09:00,8545.425838034567,8598.894424283722,8307.681588462432,8472.861328125,6987200
2024-02-19 00:00:00+09:00,8043.203980018101,8050.842350369495,7724.302017847393,7978.27783203125,15187800
2024-02-20 00:00:00+09:00,8029.836991591847,8038.430158408058,7815.007821186596,7889.48193359375,10752200
2024-02-21 00:00:00+09:00,7924.809226812656,8079.4862261793605,7847.470727129304,8021.24365234375,7836800
2024-02-22 00:00:00+09:00,8021.243842111685,8074.71243575033,7955.362896378355,8038.43017578125,5618000
2024-02-26 00:00:00+09:00,8055.616523474054,8217.931897302498,8044.158967674399,8162.5537109375,5738200
2024-02-27 00:00:00+09:00,8258.03400630978,8258.988802703154,8107.176176156357,8123.40771484375,5568300
2024-02-28 00:00:00+09:00,8039.385174179716,8091.898972823407,7984.006986519095,7987.826171875,4656200
2024-02-29 00:00:00+09:00,7945.815433523996,8061.345794910249,7896.16602201916,8020.28955078125,5573800
2024-03-01 00:00:00+09:00,8068.028625459505,8113.858847237263,7998.328496505831,8100.49169921875,3559600
2024-03-04 00:00:00+09:00,8082.3509504662225,8106.220858766477,7956.317834640878,7967.775390625,4792100
2024-03-05 00:00:00+09:00,7963.0013944241655,8026.972748552033,7907.623207268698,8010.7412109375,3171000
2024-03-06 00:00:00+09:00,7933.402121681399,7979.2323421460405,7908.577418929718,7952.498046875,3185600
2024-03-07 00:00:00+09:00,8019.334049377478,8079.486215719992,7920.035235097771,7946.76953125,3294300
2024-03-08 00:00:00+09:00,7927.674047735884,7948.679567313168,7851.290340182124,7858.9287109375,4052500
2024-03-11 00:00:00+09:00,7772.04212118962,7936.26708984375,7751.036601943162,7936.26708984375,4028600
2024-03-12 00:00:00+09:00,7898.0747145927335,7898.0747145927335,7783.499162640227,7830.2841796875,3501600
2024-03-13 00:00:00+09:00,7834.103800159154,7909.532709386768,7805.459910579048,7859.88330078125,3813600
2024-03-14 00:00:00+09:00,7813.098467162611,7852.2451171875,7782.544984216356,7852.2451171875,2701900
2024-03-15 00:00:00+09:00,7795.912133005342,7897.120545264812,7770.13263176944,7852.2451171875,4416600
2024-03-18 00:00:00+09:00,7811.188768258396,7911.4423828125,7809.279175600222,7911.4423828125,2835000
2024-03-19 00:00:00+09:00,7865.611462376054,7981.141807963272,7844.60594499656,7980.18701171875,2492800
2024-03-21 00:00:00+09:00,8112.904950442193,8158.735177301228,7979.233455436672,7999.2841796875,3916900
2024-03-22 00:00:00+09:00,8008.831509474024,8066.11928851175,7956.317712022776,8045.11376953125,3562600
2024-03-25 00:00:00+09:00,8043.204525300488,8043.204525300488,7894.25629335048,7923.85498046875,3050000
2024-03-26 00:00:00+09:00,7948.6792911975845,7982.097162091508,7917.171012926171,7932.44775390625,3255600
2024-03-27 00:00:00+09:00,7991.645061914759,8087.124692284111,7970.639543233502,8029.8369140625,4146700
2024-03-28 00:00:00+09:00,8040.506485822285,8059.904571433437,7973.583090463812,8010.439453125,4305600
2024-03-29 00:00:00+09:00,8020.138146701917,8040.506135706723,7945.455520350963,7959.0341796875,1747900
2024-04-01 00:00:00+09:00,8004.619946140378,8058.9345852999395,7934.786838649513,7962.9140625,2669300
2024-04-02 00:00:00+09:00,7933.816409126825,7979.401906832078,7879.501773563122,7901.8095703125,3245200
2024-04-03 00:00:00+09:00,7806.758988728622,7806.758988728622,7511.908108796519,7571.072265625,7154700
2024-04-04 00:00:00+09:00,7651.574884751264,7724.317705939798,7606.95928775563,7650.60498046875,4343900
2024-04-05 00:00:00+09:00,7513.848722760707,7523.54776590355,7397.460205046586,7508.029296875,4297600
2024-04-08 00:00:00+09:00,7565.253364405701,7634.116568107343,7538.09604463604,7621.5078125,2592300
2024-04-09 00:00:00+09:00,7633.146793004433,7649.635166000758,7559.434066667923,7644.78564453125,2363900
2024-04-10 00:00:00+09:00,7614.717732998182,7631.2061040924345,7551.673961167221,7553.61376953125,2216200
2024-04-11 00:00:00+09:00,7449.834335143403,7507.058684287194,7441.105197138418,7490.5703125,2406700
2024-04-12 00:00:00+09:00,7604.049420248869,7604.049420248869,7489.6007172400205,7502.20947265625,2445900
2024-04-15 00:00:00+09:00,7419.767797049222,7437.22607421875,7352.8444012327,7437.22607421875,2492600
2024-04-16 00:00:00+09:00,7351.874208262726,7361.573250753838,7284.950815074055,7297.5595703125,3649400
2024-04-17 00:00:00+09:00,7400.36932344883,7415.887791230636,7288.830336267098,7356.7236328125,3395400
2024-04-18 00:00:00+09:00,7371.27197362136,7424.616705009409,7306.288391748645,7360.60302734375,2772000
2024-04-19 00:00:00+09:00,7298.529528407424,7347.994645477029,7159.833219761275,7230.63623046875,4179200
2024-04-22 00:00:00+09:00,7261.672936306063,7320.837094061462,7220.936958835133,7298.529296875,2692100
2024-04-23 00:00:00+09:00,7338.295283429748,7366.4225056369205,7244.214574667829,7272.341796875,2093600
2024-04-24 00:00:00+09:00,7280.101340010195,7321.807222986539,7241.3051697996425,7283.98095703125,2438500
2024-04-25 00:00:00+09:00,7225.7866266319115,7263.612892194145,7144.31467003633,7183.11083984375,2646100
2024-04-26 00:00:00+09:00,7313.07780352211,7421.707075935171,7275.251539021134,7418.79736328125,4702800
2024-04-30 00:00:00+09:00,7516.7577713882365,7542.945185559524,7420.73725276018,7487.66064453125,4027600
2024-05-01 00:00:00+09:00,7487.660743440651,7508.998636750974,7386.790702337305,7407.15869140625,2738400
2024-05-02 00:00:00+09:00,7371.271529496699,7393.579324914914,7343.144309186778,7347.02392578125,1964700
2024-05-07 00:00:00+09:00,7492.510073042696,7597.259728432808,7472.142084494619,7525.48681640625,5892100
2024-05-08 00:00:00+09:00,7497.359871200763,7646.725126073327,7102.6088404661305,7116.1875,13721900
2024-05-09 00:00:00+09:00,7184.080980323751,7423.64733676225,7157.893564842619,7368.36279296875,7462200
2024-05-10 00:00:00+09:00,7541.975311345394,7759.233859408842,7452.744121962192,7612.7783203125,7567900
2024-05-13 00:00:00+09:00,7633.145855113282,7788.330523069842,7619.5671966670825,7769.90234375,4532500
2024-05-14 00:00:00+09:00,7903.750426573151,8185.992588081654,7886.292148541697,8181.14306640625,9032500
2024-05-15 00:00:00+09:00,8108.399195744441,8164.653639925444,8040.5059010432315,8069.60302734375,4130400
2024-05-16 00:00:00+09:00,8147.195902979651,8341.1767578125,8127.797817496366,8341.1767578125,7011200
2024-05-17 00:00:00+09:00,8245.156870989467,8284.922949299144,8172.4140448132275,8247.0966796875,3995300
2024-05-20 00:00:00+09:00,8226.728579751558,8281.043222579437,8121.0090071044315,8138.46728515625,3480100
2024-05-21 00:00:00+09:00,8172.412865606973,8231.577022360121,8127.797271989845,8154.95458984375,2169400
2024-05-22 00:00:00+09:00,8127.797633470169,8240.30652672584,8094.8208888952295,8099.67041015625,2848700
2024-05-23 00:00:00+09:00,8140.406623124472,8145.256144525118,8003.650119626253,8031.77734375,2962200
2024-05-24 00:00:00+09:00,7974.5527747298,8090.941285185599,7950.305168384842,8003.64990234375,2844600
2024-05-27 00:00:00+09:00,7986.19175341461,8037.5966796875,7940.606252757519,8037.5966796875,1864200
2024-05-28 00:00:00+09:00,7995.890587091446,8007.529438018799,7922.177864551544,7945.45556640625,2307500
2024-05-29 00:00:00+09:00,7951.274982355975,8061.844066033528,7948.3652696276185,8020.13818359375,2453800
2024-05-30 00:00:00+09:00,7976.491346240129,8114.217728920832,7899.868922072696,8106.45849609375,3737000
2024-05-31 00:00:00+09:00,8206.36121203335,8371.244961713726,8193.75245470485,8297.5322265625,10945800
2024-06-03 00:00:00+09:00,8225.758225266874,8447.866306104761,8225.758225266874,8410.0400390625,3719100
2024-06-04 00:00:00+09:00,8401.31035045904,8616.629087217514,8364.453990112996,8583.65234375,4179700
2024-06-05 00:00:00+09:00,8572.98421421086,8607.900769444663,8480.843304566099,8488.6025390625,3786500
2024-06-06 00:00:00+09:00,8564.254888474054,8674.82397763442,8522.549003966196,8532.248046875,3031900
2024-06-07 00:00:00+09:00,8486.662197494288,8506.060282517134,8412.949474407482,8491.51171875,2687700
2024-06-10 00:00:00+09:00,8459.50479196168,8493.451440404544,8317.898772742876,8475.9931640625,2983700
2024-06-11 00:00:00+09:00,8330.50815089157,8490.542362662103,8304.32073442003,8413.919921875,2945800
2024-06-12 00:00:00+09:00,8341.176766383851,8392.581692967378,8261.644615820655,8287.83203125,3173400
2024-06-13 00:00:00+09:00,8341.175882607915,8341.175882607915,8094.820222819263,8111.30859375,4137400
2024-06-14 00:00:00+09:00,8061.843996875368,8279.10254539559,8053.1148587651805,8225.7578125,5205900
2024-06-17 00:00:00+09:00,8168.534670813332,8194.72208901708,8102.581173115005,8157.86572265625,2148900
2024-06-18 00:00:00+09:00,8244.185275257294,8467.263229764256,8169.502655704963,8411.0087890625,4951700
2024-06-19 00:00:00+09:00,8533.217260972644,8544.856111521822,8257.764464642087,8322.748046875,4040000
2024-06-20 00:00:00+09:00,8277.163450192551,8288.802302009086,8110.339907488881,8232.5478515625,3238900
2024-06-21 00:00:00+09:00,8279.10236659249,8316.928630919705,8220.90811378139,8226.7275390625,3613300
2024-06-24 00:00:00+09:00,8147.196358398092,8279.103347057871,8129.738080487239,8237.3974609375,2457100
2024-06-25 00:00:00+09:00,8319.83903530287,8387.732335894056,8237.397170299286,8372.2138671875,2895200
2024-06-26 00:00:00+09:00,8395.49111872409,8422.6484375,8296.560886040419,8422.6484375,3277300
2024-06-27 00:00:00+09:00,8400.340292846084,8406.159718057615,8293.650830634668,8339.236328125,2586000
2024-06-28 00:00:00+09:00,8350.874824684432,8377.062237026648,8240.305750350632,8298.5,3377000
2024-07-01 00:00:00+09:00,8394.520416172561,8546.795367684877,8370.272812428562,8485.69140625,3658600
2024-07-02 00:00:00+09:00,8609.840199163733,8724.288902948943,8540.007091769367,8607.900390625,4734000
2024-07-03 00:00:00+09:00,8632.147817739395,8695.191593936368,8554.555477804659,8619.5390625,2751700
2024-07-04 00:00:00+09:00,8645.726843192597,8660.275407546185,8537.097562685802,8564.2548828125,2073200
2024-07-05 00:00:00+09:00,8535.157567157468,8670.944164816792,8522.548811660532,8629.23828125,2331900
2024-07-08 00:00:00+09:00,8576.862752255503,8591.411315105648,8476.962620684508,8526.427734375,3026000
2024-07-09 00:00:00+09:00,8501.211431837704,8717.500096903284,8415.85985100465,8679.673828125,3476700
2024-07-10 00:00:00+09:00,8685.492978515626,8729.138671875,8598.201591796875,8729.138671875,3541100
2024-07-11 00:00:00+09:00,8748.536564217033,8894.022205528847,8743.687042839972,8826.12890625,4692600
2024-07-12 00:00:00+09:00,8728.168065792886,8749.50595860847,8619.538793277185,8647.666015625,3586000
2024-07-16 00:00:00+09:00,8672.884074229816,8672.884074229816,8526.428527908109,8559.4052734375,3583900
2024-07-17 00:00:00+09:00,8564.254807348823,8569.104328757287,8433.317729320273,8484.72265625,3340100
2024-07-18 00:00:00+09:00,8384.822547743055,8427.498336302997,8286.86221491228,8292.681640625,3417600
2024-07-19 00:00:00+09:00,8362.514388066393,8416.82902570635,8272.31329341432,8315.958984375,2284800
2024-07-22 00:00:00+09:00,8362.514034480486,8362.514034480486,8209.269170475856,8275.22265625,2468100
2024-07-23 00:00:00+09:00,8336.327702432334,8336.327702432334,8209.270235414459,8237.3974609375,2065700
2024-07-24 00:00:00+09:00,8197.629704899982,8273.282227022817,8174.352005785264,8230.6064453125,2202300
2024-07-25 00:00:00+09:00,8149.135446506076,8175.322861056858,8014.318756781684,8030.80712890625,3345800
2024-07-26 00:00:00+09:00,8022.077994803509,8092.881004550898,7971.642974161533,7998.80029296875,2682600
2024-07-29 00:00:00+09:00,8093.8511190549325,8131.6773855190595,8007.529639175257,8090.94140625,2689000
2024-07-30 00:00:00+09:00,8050.205337824179,8121.978252884298,8046.325720793902,8096.7607421875,2392800
2024-07-31 00:00:00+09:00,7987.162252925496,8160.775130068625,7929.937896772175,8135.5576171875,3161800
2024-08-01 00:00:00+09:00,7844.585845928439,7905.689815796576,7755.354651835287,7861.07421875,4510900
2024-08-02 00:00:00+09:00,7739.835767233892,7835.8562861507025,7662.243428715256,7676.7919921875,4588800
2024-08-05 00:00:00+09:00,6949.364314644387,6979.431347966645,6323.776040681285,6408.15771484375,11393600
2024-08-06 00:00:00+09:00,6886.3202547414085,7292.710140197274,6886.3202547414085,7281.0712890625,7975500
2024-08-07 00:00:00+09:00,7077.39124805658,7595.320112858856,7022.106706308022,7417.82763671875,6964500
2024-08-08 00:00:00+09:00,7177.291785413363,7467.293169715876,7122.9771448751,7338.2958984375,5461900
2024-08-09 00:00:00+09:00,7390.670473186531,7629.266921533497,7351.87430272361,7566.22314453125,6010300
2024-08-13 00:00:00+09:00,7566.222928427419,7598.229768145161,7453.714037298387,7516.7578125,4147400
2024-08-14 00:00:00+09:00,7578.831919313941,7769.903059332479,7527.426993319107,7734.0166015625,3556100
2024-08-15 00:00:00+09:00,7642.845921732559,7714.6188402869,7606.959462455388,7660.30419921875,3361300
2024-08-16 00:00:00+09:00,7788.331527089685,7896.96080866304,7662.2439681206115,7873.68310546875,3633900
2024-08-19 00:00:00+09:00,7863.983536458979,7897.930184680003,7771.84263414477,7823.24755859375,2377500
2024-08-20 00:00:00+09:00,7888.2315314762545,7931.877224199288,7791.241103202847,7903.75,2275000
2024-08-21 00:00:00+09:00,7815.488780358279,8019.168681558979,7789.301364489618,8004.6201171875,2646700
2024-08-22 00:00:00+09:00,8055.054468198236,8082.211786092221,7977.462131358277,8026.92724609375,2576100
2024-08-23 00:00:00+09:00,7993.951263772797,8063.784373575228,7934.787101301292,7977.462890625,2043800
2024-08-26 00:00:00+09:00,7849.434790583871,7924.117414935157,7827.1269936997205,7866.89306640625,1994300
2024-08-27 00:00:00+09:00,7710.738932493903,7810.639072122441,7684.5515172514715,7805.78955078125,2630700
2024-08-28 00:00:00+09:00,7710.739166003122,7767.963519562139,7670.003185503483,7727.2275390625,2242000
2024-08-29 00:00:00+09:00,7691.3407396561315,7718.498058787326,7633.146484375,7633.146484375,2957500
2024-08-30 00:00:00+09:00,7624.4175184091055,7691.340913495001,7624.4175184091055,7664.18359375,3566200
2024-09-02 00:00:00+09:00,7717.528503964921,7738.866398534134,7672.912906229293,7684.5517578125,1965200
2024-09-03 00:00:00+09:00,7662.24342748549,7728.196915215745,7642.8453428589455,7687.4609375,1857800
2024-09-04 00:00:00+09:00,7487.661136618278,7599.200130233706,7419.767836156713,7466.3232421875,4368600
2024-09-05 00:00:00+09:00,7458.564002170644,7602.109837322953,7427.527064840415,7498.330078125,3550500
2024-09-06 00:00:00+09:00,7554.584209740416,7704.919368619574,7485.721007931253,7529.36669921875,4006100
2024-09-09 00:00:00+09:00,7365.45314429168,7511.90869140625,7302.409365732428,7511.90869140625,2898500
2024-09-10 00:00:00+09:00,7515.78742290296,7529.366081300255,7412.97758075201,7463.41259765625,3091200
2024-09-11 00:00:00+09:00,7454.684328212047,7463.413466769673,7261.673375660109,7312.1083984375,2684900
2024-09-12 00:00:00+09:00,7454.6842649133805,7521.607659953586,7385.821061321284,7421.70751953125,2857500
2024-09-13 00:00:00+09:00,7406.188615004368,7415.887657192692,7324.716660622445,7354.78369140625,4421500
2024-09-17 00:00:00+09:00,7288.830429226784,7369.332481871605,7254.883780521137,7318.8974609375,4672300
2024-09-18 00:00:00+09:00,7349.934528712669,7435.286104131871,7266.522761825721,7331.50634765625,3062000
2024-09-19 00:00:00+09:00,7439.165482607438,7481.841268948341,7380.971228506207,7442.0751953125,3543700
2024-09-20 00:00:00+09:00,7566.222982895514,7589.50068467599,7430.436389176071,7439.16552734375,4244200
2024-09-24 00:00:00+09:00,7468.263269150548,7600.170256761518,7460.504034585197,7483.78173828125,2959500
2024-09-25 00:00:00+09:00,7419.767581197561,7456.623943038804,7382.911219356319,7398.4296875,3097000
2024-09-26 00:00:00+09:00,7565.253256511069,7767.963247615019,7556.524118138171,7755.3544921875,6610700
2024-09-27 00:00:00+09:00,7812.830219610074,7848.874448802789,7737.819256154965,7840.10693359375,4906500
2024-09-30 00:00:00+09:00,7452.387868602467,7577.081417253594,7353.996865369938,7438.74951171875,8005600
2024-10-01 00:00:00+09:00,7559.546974483498,7592.6687009180905,7481.61350051975,7497.2001953125,3824300
2024-10-02 00:00:00+09:00,7403.679700738074,7499.148202142328,7395.886353684666,7473.81982421875,3750500
2024-10-03 00:00:00+09:00,7599.48754219404,7627.7384252505235,7499.148198924461,7564.41748046875,3407700
2024-10-04 00:00:00+09:00,7569.288876343956,7602.410603730789,7531.296306694353,7542.986328125,2634200
2024-10-07 00:00:00+09:00,7812.83081281107,7937.524371918279,7701.775611731212,7878.10009765625,6734900
2024-10-08 00:00:00+09:00,7796.269341963563,7847.900264758025,7766.070122970577,7830.365234375,4095700
2024-10-09 00:00:00+09:00,7742.6898771244605,7744.638213782016,7617.996331040927,7673.52392578125,4708900
2024-10-10 00:00:00+09:00,7744.63895819182,7764.122326640101,7697.878873915945,7708.5947265625,2759600
2024-10-11 00:00:00+09:00,7726.129459548644,7726.129459548644,7649.170157152434,7674.49853515625,2576200
2024-10-15 00:00:00+09:00,7705.671732769032,7820.6235993261425,7702.749227687072,7738.79345703125,4705400
2024-10-16 00:00:00+09:00,7656.964017569996,7799.192611280584,7649.170669969416,7724.181640625,3533200
2024-10-17 00:00:00+09:00,7773.863595939142,7876.151274833078,7744.638544826589,7787.501953125,3268000
2024-10-18 00:00:00+09:00,7861.5385426165585,7932.652831787687,7805.036778617579,7811.85595703125,4274800
2024-10-21 00:00:00+09:00,7773.863344809651,7875.176852060303,7748.534967996988,7843.029296875,2922600
2024-10-22 00:00:00+09:00,7848.87478188885,7872.254823438475,7785.55383602528,7803.0888671875,2342900
2024-10-23 00:00:00+09:00,7854.719993188966,7907.325088021188,7841.081635269502,7869.33251953125,3147800
2024-10-24 00:00:00+09:00,7828.416897423782,7893.6861771808,7771.915132858006,7860.564453125,2711600
2024-10-25 00:00:00+09:00,7857.642678929878,7859.591015820264,7772.890024198053,7795.2958984375,1962700
2024-10-28 00:00:00+09:00,7812.830295936734,8006.689800786037,7806.985285740273,7949.2138671875,3595900
2024-10-29 00:00:00+09:00,7919.989225544313,7974.542656864175,7878.09998363799,7930.705078125,2635600
2024-10-30 00:00:00+09:00,7890.763561571228,7992.077069028439,7875.176868116272,7882.97021484375,5957200
2024-10-31 00:00:00+09:00,7989.154992518416,8059.295116827809,7890.76398480663,7934.6015625,4353800
2024-11-01 00:00:00+09:00,7754.380229263468,7859.590413278601,7720.284336295602,7757.302734375,3072400
2024-11-05 00:00:00+09:00,7396.8607881839,7707.620513118795,7388.093272433385,7458.2333984375,6282100
2024-11-06 00:00:00+09:00,7723.206714891975,7927.7820693479935,7530.321380690586,7890.763671875,8209700
2024-11-07 00:00:00+09:00,8085.59761270445,8146.970221090038,7982.3357636747305,7995.97412109375,8257400
2024-11-08 00:00:00+09:00,8065.139806608919,8077.803995216953,7921.937058502685,7981.361328125,3520700
2024-11-11 00:00:00+09:00,8011.56078219697,8091.442589607008,7990.129077769887,8036.88916015625,3872200
2024-11-12 00:00:00+09:00,8100.209269498464,8179.116900385941,8078.777567282112,8124.5634765625,4608900
2024-11-13 00:00:00+09:00,8042.734080554178,8060.26911125306,7801.140324258461,7857.64208984375,4779300
2024-11-14 00:00:00+09:00,7940.446796937701,8034.941133743363,7889.7900390625,7889.7900390625,3812400
2024-11-15 00:00:00+09:00,7958.955751514446,8102.158504938268,7942.394888873596,8045.65673828125,3396100
2024-11-18 00:00:00+09:00,7958.955612852515,8032.992409251143,7931.678898389862,7988.1806640625,4441700
2024-11-19 00:00:00+09:00,8041.760084297792,8154.763617886955,7933.6273926736785,7964.80078125,5132800
2024-11-20 00:00:00+09:00,8029.095971780596,8037.863487401322,7943.36915237794,8013.50927734375,2671500
2024-11-21 00:00:00+09:00,7940.446272812252,8056.372307220871,7886.8670132116295,7991.10302734375,2562400
2024-11-22 00:00:00+09:00,7939.471900448506,7988.1803170156745,7915.117692164922,7955.05859375,2533200
2024-11-25 00:00:00+09:00,7986.232374589317,8036.889130319818,7920.9630931673255,7987.20654296875,7427600
2024-11-26 00:00:00+09:00,7905.3765648036015,8127.486959969988,7904.402396403749,8094.365234375,4463400
2024-11-27 00:00:00+09:00,8178.144139571361,8345.701113008678,8155.7382652163715,8306.734375,5292100
2024-11-28 00:00:00+09:00,8327.1914267039,8558.0693359375,8222.955408611091,8558.0693359375,6718000
2024-11-29 00:00:00+09:00,8496.697006686294,8619.442228291713,8446.040248563422,8582.423828125,6029400
2024-12-02 00:00:00+09:00,8670.098317952428,8808.430223699534,8516.179718600013,8626.2607421875,6247800
2024-12-03 00:00:00+09:00,8626.261116317988,8753.877175746295,8614.571095606998,8709.0654296875,5079300
2024-12-04 00:00:00+09:00,8712.96141737911,9040.281971520366,8712.96141737911,8944.8134765625,7974200
2024-12-05 00:00:00+09:00,9090.938759077462,9127.957155224583,8945.787679447956,9054.89453125,5704400
2024-12-06 00:00:00+09:00,9059.766336560222,9067.55968394651,8808.430883352423,8824.017578125,4212600
2024-12-09 00:00:00+09:00,8919.486415863037,8995.471555709839,8877.597172101337,8977.9365234375,3895900
2024-12-10 00:00:00+09:00,8933.124954613671,8934.09912309291,8728.549573973663,8803.560546875,4522700
2024-12-11 00:00:00+09:00,8913.640404648537,8939.942950104876,8852.267798583744,8867.8544921875,4178400
2024-12-12 00:00:00+09:00,8913.640656843269,8965.271580866513,8869.803079842399,8902.9248046875,4192300
2024-12-13 00:00:00+09:00,8849.345763919333,8905.847531236299,8827.914059074967,8888.3125,3674700
2024-12-16 00:00:00+09:00,8937.995179604985,9020.7994946204,8866.880885532924,8946.7626953125,3151200
2024-12-17 00:00:00+09:00,9024.695380005269,9339.35174958015,9013.005360082981,9244.857421875,7187700
2024-12-18 00:00:00+09:00,9155.234314709254,9157.182651443605,9006.186554531503,9025.669921875,4292900
2024-12-19 00:00:00+09:00,8917.53768991598,9223.426572877923,8899.028489991531,9166.9248046875,7302900
2024-12-20 00:00:00+09:00,9157.183140708848,9176.666509093335,8895.1318359375,8895.1318359375,6103200
2024-12-23 00:00:00+09:00,9026.64364658298,9058.791201119699,8933.123487930705,8934.09765625,2876400
2024-12-24 00:00:00+09:00,9036.386059665556,9067.559448400927,8928.253367489739,8989.6259765625,2319000
2024-12-25 00:00:00+09:00,8962.349609375,8972.091293733016,8837.656049592391,8962.349609375,2559200
2024-12-26 00:00:00+09:00,8942.865360927375,9038.333858244465,8933.123677527672,9020.798828125,2843000
2024-12-27 00:00:00+09:00,9064.63703104111,9126.983809115976,8997.419410929144,9108.474609375,3242000
2024-12-30 00:00:00+09:00,9186.407253548683,9196.148936744386,9017.876134263008,9024.6953125,2486400
2025-01-06 00:00:00+09:00,9050.024070596748,9052.946575678749,8786.998613216649,8835.70703125,4961000
2025-01-07 00:00:00+09:00,8948.711286622693,8957.47880257954,8844.475263580169,8921.4345703125,3532800
2025-01-08 00:00:00+09:00,8835.707611286223,8855.190979778587,8658.408958005728,8673.021484375,4676000
2025-01-09 00:00:00+09:00,8674.969374126138,8898.05393186616,8673.995205751728,8883.44140625,4549700
2025-01-10 00:00:00+09:00,8812.326402710383,9034.436774125148,8784.075522135698,9009.1083984375,4441100
2025-01-14 00:00:00+09:00,9011.057644814215,9159.131240707378,9002.290129267909,9090.939453125,6936600
2025-01-15 00:00:00+09:00,9317.9208984375,9377.345171809658,9239.987425162539,9317.9208984375,7207700
2025-01-16 00:00:00+09:00,9449.432931846324,9480.606318837983,9231.21922290472,9342.2744140625,7253600
2025-01-17 00:00:00+09:00,9254.599555127437,9349.09388742716,8668.150193844625,8943.83984375,18672900
2025-01-20 00:00:00+09:00,9059.765427515167,9217.580696252528,8671.072265625,8671.072265625,11497600
2025-01-21 00:00:00+09:00,8765.5661887802,8937.993974445246,8723.676952714679,8810.3779296875,6359200
2025-01-22 00:00:00+09:00,8913.640342332717,9174.71745837044,8877.596113626016,9161.0791015625,6957200
2025-01-23 00:00:00+09:00,9157.183389018202,9522.49655613329,9153.286715235641,9312.076171875,8457300
2025-01-24 00:00:00+09:00,9295.514790429095,9697.84633606389,9290.643948472258,9634.525390625,9196700
2025-01-27 00:00:00+09:00,9607.24887036659,9671.543985499848,9505.935355611151,9540.03125,5745900
2025-01-28 00:00:00+09:00,9469.89052886814,10043.675686928353,9469.89052886814,9985.2255859375,9432300
2025-01-29 00:00:00+09:00,9951.129599139782,10087.513166822559,9892.679498704307,9926.775390625,4044700
2025-01-30 00:00:00+09:00,9926.77551521283,10199.5426540018,9863.454572279676,10155.705078125,4381800
2025-01-31 00:00:00+09:00,10092.384072580644,10126.47996471774,9965.7421875,9965.7421875,4350000
2025-02-03 00:00:00+09:00,9848.84214239097,9999.838238540386,9790.392040655712,9912.1630859375,3774700
2025-02-04 00:00:00+09:00,10111.867219426082,10306.700884540265,10077.7713280311,10131.3505859375,4325100
2025-02-05 00:00:00+09:00,10033.93421436916,10501.535032126169,10024.192530665889,10423.6015625,7620900
2025-02-06 00:00:00+09:00,10467.439593838779,10725.59422318892,10394.376962890625,10715.8525390625,5867100
2025-02-07 00:00:00+09:00,10457.697859877517,10613.564805157479,10452.827017837519,10525.8896484375,4215200
2025-02-10 00:00:00+09:00,10457.698532432414,10715.853177154779,10452.82769007916,10652.5322265625,3952700
2025-02-12 00:00:00+09:00,10701.239982674466,10740.206719070184,10472.310406349612,10696.369140625,6360400
2025-02-13 00:00:00+09:00,10745.07652517361,10993.489445746527,10701.238950954861,10959.3935546875,5222000
2025-02-14 00:00:00+09:00,10827.881548049134,10993.490172715652,10642.789555774789,10954.5234375,5319100
2025-02-17 00:00:00+09:00,10900.944883138163,11163.970362892167,10900.944883138163,11100.6494140625,5049100
2025-02-18 00:00:00+09:00,11105.519121861353,11212.677639703876,11022.714812619404,11154.2275390625,3617700
2025-02-19 00:00:00+09:00,11305.223633227706,11495.186460326318,11222.419323979593,11456.2197265625,6799600
2025-02-20 00:00:00+09:00,11310.094537879406,11383.157164093098,11047.069083510118,11193.1943359375,5193000
2025-02-21 00:00:00+09:00,11193.194525623363,11266.257153075212,11003.231694248554,11159.0986328125,5369900
2025-02-25 00:00:00+09:00,11110.390725591982,11275.99935543421,11017.8447265625,11017.8447265625,4530400
2025-02-26 00:00:00+09:00,11032.457683757317,11095.778632935615,10647.661146443043,10818.140625,5732500
2025-02-27 00:00:00+09:00,10813.26806640625,11163.96865234375,10798.655541992188,11105.5185546875,3961700
2025-02-28 00:00:00+09:00,10881.459456030187,11056.809742698533,10769.430106214297,10871.7177734375,10565400
2025-03-03 00:00:00+09:00,11051.93999105075,11090.906725263358,10676.885174254405,10779.1728515625,4699300
2025-03-04 00:00:00+09:00,10793.785721305032,10871.71919221698,10642.789621413129,10842.494140625,3937900
2025-03-05 00:00:00+09:00,10871.719505033556,11042.198977558724,10706.110874580536,10886.33203125,3638100
2025-03-06 00:00:00+09:00,11008.101943346508,11115.260457839262,10969.13521080369,11090.90625,3798500
2025-03-07 00:00:00+09:00,10238.50974105739,10598.952044025158,9970.613434797564,10068.0302734375,8654000
2025-03-10 00:00:00+09:00,9936.517522488755,9994.96762556222,9657.905364505248,9746.5546875,6778900
2025-03-11 00:00:00+09:00,9454.303775038072,9795.2626953125,9387.086159326827,9795.2626953125,7548900
2025-03-12 00:00:00+09:00,9848.843333807517,9956.001866618479,9741.684800996554,9897.5517578125,3702800
2025-03-13 00:00:00+09:00,10126.481380080428,10175.189804227039,9912.16431383534,9917.03515625,4437100
2025-03-14 00:00:00+09:00,9824.488550958202,10082.643183184668,9795.263498253318,9999.8388671875,3655500
2025-03-17 00:00:00+09:00,10184.929905410641,10199.542430382535,9990.096239118711,10019.3212890625,2715300
2025-03-18 00:00:00+09:00,9999.837166523399,10092.383151016309,9917.03286460869,10004.7080078125,3240700
2025-03-19 00:00:00+09:00,10243.380668690757,10374.893401954976,10204.413932908767,10277.4765625,4156500
2025-03-21 00:00:00+09:00,10472.310038650185,10623.306136881884,10399.247410473556,10613.564453125,6406700
2025-03-24 00:00:00+09:00,10715.852560073667,10720.723402146428,10413.8603515625,10413.8603515625,3046600
2025-03-25 00:00:00+09:00,10511.277061621864,10555.114639728721,10452.826957479389,10486.9228515625,2840800
2025-03-26 00:00:00+09:00,10784.043383336551,11154.227347714861,10749.947491880655,11037.3271484375,6665800
2025-03-27 00:00:00+09:00,10706.110413538361,10847.364827547739,10628.176943740084,10745.0771484375,6592200
2025-03-28 00:00:00+09:00,10700.898635786802,10774.528672271574,10534.00388642132,10637.0859375,4277400
2025-03-31 00:00:00+09:00,10259.119615866097,10357.29300931936,9925.330078125,9925.330078125,6799600
2025-04-01 00:00:00+09:00,10111.858463988241,10318.022568593826,10008.776411685449,10018.59375,5209500
2025-04-02 00:00:00+09:00,10072.59053352927,10278.754667256479,9959.691126964372,10229.66796875,5724600
2025-04-03 00:00:00+09:00,9650.443496946305,10033.31968858507,9628.84535280258,9895.876953125,12951900
2025-04-04 00:00:00+09:00,9807.521329330899,9925.329393346885,9633.754434907318,9794.7587890625,10525000
2025-04-07 00:00:00+09:00,8815.970467747307,9446.243634817884,8798.29925745561,9026.0615234375,13795600
2025-04-08 00:00:00+09:00,9377.522071245301,9836.97352950983,9377.522071245301,9661.2431640625,11425300
2025-04-09 00:00:00+09:00,9461.951022561138,9565.033078731392,9005.44477380715,9233.20703125,11155800
2025-04-10 00:00:00+09:00,10013.686377022847,10332.749913545633,9832.06559469449,10313.115234375,8557300
2025-04-11 00:00:00+09:00,9728.98299088801,9910.603763169976,9603.321051146973,9856.6083984375,8428900
2025-04-14 00:00:00+09:00,10062.772894965277,10308.206380208334,10052.955555555556,10160.9462890625,4269300
2025-04-15 00:00:00+09:00,10372.018385530386,10372.018385530386,10102.041570005458,10116.767578125,2888500
2025-04-16 00:00:00+09:00,10033.320501198332,10067.68118784627,9728.001256983784,9856.6083984375,4090400
2025-04-17 00:00:00+09:00,9775.124359405208,10156.037109375,9750.58101211334,10156.037109375,3582900
2025-04-18 00:00:00+09:00,10126.585687473633,10190.398394180931,10077.49899000648,10180.5810546875,2673600
2025-04-21 00:00:00+09:00,10102.04228529923,10170.763661389703,10028.412239488012,10057.8642578125,3148200
2025-04-22 00:00:00+09:00,9949.873221552518,10043.13794341216,9846.791160549754,9989.142578125,3561700
2025-04-23 00:00:00+09:00,10313.114841968465,10381.836216450882,10136.402736156535,10224.7587890625,4159600
2025-04-24 00:00:00+09:00,10681.265170454546,10833.433929776278,10563.457098721592,10799.0732421875,8524500
2025-04-25 00:00:00+09:00,10995.418859649122,11206.491632401316,10887.42813870614,11191.765625,6862200
2025-04-28 00:00:00+09:00,11378.295705003826,11397.93038266561,11157.405581308756,11226.126953125,4523200
2025-04-30 00:00:00+09:00,11334.117946131393,11638.455457027949,11289.939920356086,11613.912109375,7511400
2025-05-01 00:00:00+09:00,11707.176745349167,11923.158203125,11653.181380905207,11923.158203125,7359200
2025-05-02 00:00:00+09:00,12001.696398096177,12310.942562955097,11942.792366694479,12134.23046875,8348900
2025-05-07 00:00:00+09:00,12144.048741143724,12247.13080402328,12021.331999620446,12124.4140625,8420500
2025-05-08 00:00:00+09:00,12193.134963862312,12227.49565015339,11800.44140625,11800.44140625,6591700
2025-05-09 00:00:00+09:00,11697.359447292063,12144.048372891551,11525.556014369184,11604.0947265625,12559500
2025-05-12 00:00:00+09:00,11751.354735063147,11751.354735063147,11294.848473425356,11368.478515625,4911100
2025-05-13 00:00:00+09:00,11766.080166792482,11947.700928649521,11609.00275113234,11785.71484375,6146400
2025-05-14 00:00:00+09:00,11780.807291666666,11869.163346354168,11481.37843967014,11486.287109375,4278500
2025-05-15 00:00:00+09:00,11314.483046892066,11407.747766150613,11123.044938940313,11235.9443359375,5201200
2025-05-16 00:00:00+09:00,11186.85704643538,11466.651189325601,11123.044347179715,11427.3818359375,4188400
2025-05-19 00:00:00+09:00,11383.20469909773,11417.565385985909,11226.127273323204,11407.748046875,3076800
2025-05-20 00:00:00+09:00,11437.199666799923,11471.560352494173,11260.487568943787,11319.3916015625,3846000
2025-05-21 00:00:00+09:00,11339.026584345871,11348.843923379938,11024.871735255769,11059.232421875,3974200
2025-05-22 00:00:00+09:00,11044.5066179548,11255.579411097935,10916.881208147322,10995.419921875,3957200
2025-05-23 00:00:00+09:00,11240.853097689354,11584.4599609375,11123.04503028999,11584.4599609375,5781700
2025-05-26 00:00:00+09:00,11658.089267525074,11805.349342483285,11471.559839244672,11746.4453125,4795100
2025-05-27 00:00:00+09:00,11751.354070917401,11986.970192640056,11692.450040486738,11982.0615234375,4107400
2025-05-28 00:00:00+09:00,11977.154079861111,12198.044216579861,11864.254676649305,11928.0673828125,6278300
2025-05-29 00:00:00+09:00,12124.413975377636,12144.04865388027,11932.975859976936,12104.779296875,4968400
2025-05-30 00:00:00+09:00,11810.258416508239,11903.523133845585,11618.8203125,11618.8203125,11449100
2025-06-02 00:00:00+09:00,11569.733220502741,11618.819912146791,11343.934438940109,11530.4638671875,5194700
2025-06-03 00:00:00+09:00,11761.172090436618,11770.98942941027,11481.3779296875,11481.3779296875,4593900
2025-06-04 00:00:00+09:00,11878.980425131824,11893.70643392331,11697.359650036833,11869.1630859375,6499200
2025-06-05 00:00:00+09:00,11790.624301160338,11962.427736023206,11579.551509757384,11633.546875,5145900
2025-06-06 00:00:00+09:00,11957.518812670622,11986.970829450598,11638.455297554206,11687.5419921875,5133100
2025-06-09 00:00:00+09:00,11687.542267856219,11864.254372704108,11667.907589539787,11859.345703125,4118800
2025-06-10 00:00:00+09:00,11766.080605734975,11957.518713212516,11662.998547862453,11883.888671875,5218300
2025-06-11 00:00:00+09:00,11613.911872454993,11633.54655017681,11304.665698336368,11451.92578125,8474600
2025-06-12 00:00:00+09:00,11712.084851234635,11766.080213080226,11564.82477347393,11579.55078125,4948500
2025-06-13 00:00:00+09:00,11653.180909132989,11702.267602094795,11402.838775027772,11599.185546875,5228500
2025-06-16 00:00:00+09:00,11800.44156648964,11962.427661204349,11623.729463164505,11726.8115234375,4136000
2025-06-17 00:00:00+09:00,11780.806621784566,12212.76953125,11707.176580398413,12212.76953125,6426100
2025-06-18 00:00:00+09:00,12296.217549181632,13076.696028351245,12296.217549181632,13017.7919921875,11609300
2025-06-19 00:00:00+09:00,12904.892170580273,13253.407706567796,12880.348822975517,13032.517578125,7710700
2025-06-20 00:00:00+09:00,12860.714202425374,12895.074889225745,12497.47265625,12497.47265625,8246200
2025-06-23 00:00:00+09:00,12482.74638432937,12507.289731526243,12256.947590118143,12438.568359375,5145600
2025-06-24 00:00:00+09:00,12733.088985041957,12742.906324274834,12507.290182685778,12649.6416015625,3948300
2025-06-25 00:00:00+09:00,12718.362121147862,13223.955057650459,12649.6407511378,13111.0556640625,8449800
2025-06-26 00:00:00+09:00,13155.233487215908,13327.036909623579,13047.242764559658,13174.8681640625,6440700
2025-06-27 00:00:00+09:00,13282.859812052917,13390.850542232209,13135.59972544479,13381.033203125,6649900
2025-06-30 00:00:00+09:00,13543.019413752927,13651.01014485208,13459.572030630854,13626.466796875,6680400
2025-07-01 00:00:00+09:00,13552.836742818667,13557.745412410415,13169.960514662254,13184.6865234375,4228900
2025-07-02 00:00:00+09:00,12890.16642578125,12983.43114858774,12733.088997896635,12762.541015625,5284400
2025-07-03 00:00:00+09:00,12890.166905779224,13061.970348925559,12767.4501606747,12870.5322265625,5053300
2025-07-04 00:00:00+09:00,13032.516756924715,13066.87744140625,12899.982688210226,12958.88671875,2676800
2025-07-07 00:00:00+09:00,12865.622003728693,12978.52139559659,12841.078657670454,12958.88671875,2000100
2025-07-08 00:00:00+09:00,12762.540724415485,12860.714114603297,12590.737291586816,12806.71875,4612500
2025-07-09 00:00:00+09:00,12772.357800166057,12806.718486023537,12517.106990939064,12747.814453125,4198100
2025-07-10 00:00:00+09:00,12693.819215022428,12737.997240132714,12414.02505599061,12448.3857421875,5167700
2025-07-11 00:00:00+09:00,12517.106645860022,12571.102007861771,12414.02459112941,12453.2939453125,3087700
2025-07-14 00:00:00+09:00,12330.577818504804,12355.121166073484,12129.322368441628,12261.8564453125,3494800
2025-07-15 00:00:00+09:00,12497.473234000749,12522.016582849925,12242.22240596931,12296.2177734375,2363700
2025-07-16 00:00:00+09:00,12374.756250538474,12512.199001436958,12222.587490615153,12463.1123046875,3319900
2025-07-17 00:00:00+09:00,12684.001750818252,12747.814453125,12595.645701470447,12747.814453125,3894700
2025-07-18 00:00:00+09:00,12762.54088461353,12836.17092817861,12659.45882362242,12733.0888671875,3286900
2025-07-22 00:00:00+09:00,12860.714737354085,12983.431481031128,12531.833864299611,12615.28125,4173900
2025-07-23 00:00:00+09:00,12649.64038161406,12737.99642618878,12448.38494674942,12703.6357421875,4544600
2025-07-24 00:00:00+09:00,12939.252041903408,13042.334095348011,12733.087935014204,12958.88671875,4034300
2025-07-25 00:00:00+09:00,12826.3531903569,13086.512669533675,12610.371735945992,12644.732421875,3978400
2025-07-28 00:00:00+09:00,12880.348895484623,12880.348895484623,12546.559366180907,12610.3720703125,3064400
2025-07-29 00:00:00+09:00,12526.924557403434,12625.097947351736,12487.655201424112,12580.919921875,2563200
2025-07-30 00:00:00+09:00,12639.824501004596,12644.733170713724,12458.20372176686,12482.7470703125,3059000
2025-07-31 00:00:00+09:00,12448.38578605201,12502.381150265957,12252.039007092199,12458.203125,4314200
2025-08-01 00:00:00+09:00,12585.828604170802,12703.636672228562,12301.125773031212,12364.9384765625,4807400
2025-08-04 00:00:00+09:00,12271.674118733477,13209.230021404715,12266.765449085984,12998.1572265625,11192700
2025-08-05 00:00:00+09:00,13390.850083278978,13405.576091435078,13007.973871220416,13169.9599609375,6151200
2025-08-06 00:00:00+09:00,12998.156334036536,13341.763185767108,12993.247664726097,13233.7724609375,4046400
2025-08-07 00:00:00+09:00,13292.677208287896,13577.380043620502,13140.508451472193,13503.75,5145600
2025-08-08 00:00:00+09:00,13798.269871057015,14308.771495599856,13675.553134388061,14092.7900390625,9143300
2025-08-12 00:00:00+09:00,14073.155594253943,14082.97293335004,13724.640056342527,13925.8955078125,6322700
2025-08-13 00:00:00+09:00,13930.804568465412,14097.699337784588,13901.352550350262,14014.251953125,5275700
2025-08-14 00:00:00+09:00,14186.054474006083,14308.771208210288,13665.735520980254,13920.986328125,5995300
2025-08-15 00:00:00+09:00,13940.620998806424,14186.05446709527,13876.808297051324,14136.9677734375,3764900
2025-08-18 00:00:00+09:00,14136.967438587513,14524.752309298767,14048.61139209634,14387.3095703125,4388200
2025-08-19 00:00:00+09:00,14298.954794904772,14333.315482705779,13842.448514119966,14014.251953125,4671200
2025-08-20 00:00:00+09:00,13862.082670043415,13945.530051555717,13513.567135492041,13567.5625,4471300
2025-08-21 00:00:00+09:00,13552.836387425215,13567.562395814304,13356.489608904023,13435.0283203125,3086100
2025-08-22 00:00:00+09:00,13547.928537767986,13636.284593449082,13474.298491367073,13508.6591796875,2893600
2025-08-25 00:00:00+09:00,13636.283563210227,13680.461587713067,13420.302110085227,13498.8408203125,3436600
2025-08-26 00:00:00+09:00,13410.484263805452,13498.840309467421,13277.9501953125,13277.9501953125,3348200
2025-08-27 00:00:00+09:00,13155.233776285046,13223.955146758177,12968.704342143692,13130.6904296875,4065800
2025-08-28 00:00:00+09:00,13076.695792419025,13243.590558538486,13037.426435685034,13184.6865234375,5400000
2025-08-29 00:00:00+09:00,13057.060590897352,13199.412003354502,12993.247888761387,13066.8779296875,3503300
2025-09-01 00:00:00+09:00,12949.070137238594,12978.522154230039,12772.358035289924,12909.80078125,3112800
2025-09-02 00:00:00+09:00,12934.344934016854,12998.157641471205,12836.171537933235,12870.5322265625,2280200
2025-09-03 00:00:00+09:00,12772.358324291778,12983.431117506438,12747.81497624356,12865.623046875,3603000
2025-09-04 00:00:00+09:00,12909.800465519267,13125.781918174342,12895.074457383695,13057.060546875,3676600
2025-09-05 00:00:00+09:00,13125.78178501201,13145.416462326912,12909.800334548087,13027.6083984375,2841600
2025-09-08 00:00:00+09:00,13130.690786957828,13567.562368280911,13047.243406255666,13538.1103515625,5227800
2025-09-09 00:00:00+09:00,13744.275239947234,13773.72725831855,13489.0244140625,13489.0244140625,4039300
2025-09-10 00:00:00+09:00,13410.484945782724,13616.649062811593,13331.946234533629,13538.1103515625,3408200
2025-09-11 00:00:00+09:00,13665.736351590105,14028.977906912543,13489.024243595406,13891.53515625,5802100
2025-09-12 00:00:00+09:00,13970.073286077948,14033.885989071277,13788.452516020014,13979.890625,4940300
2025-09-16 00:00:00+09:00,13714.822880274502,13773.726915551271,13415.394034284256,13523.384765625,5856000
2025-09-17 00:00:00+09:00,13469.389329169746,13523.384694556358,13273.042545945696,13287.7685546875,4333200
2025-09-18 00:00:00+09:00,13184.68561612419,13243.589647171655,12850.896106855223,12875.439453125,6126100
2025-09-19 00:00:00+09:00,12723.271765136718,12811.62781906128,12546.559657287598,12566.1943359375,11173100
2025-09-22 00:00:00+09:00,12993.24862958165,13066.878674705838,12463.1123046875,12463.1123046875,5838200
2025-09-24 00:00:00+09:00,12566.193702290077,12890.165883677242,12487.654991650763,12860.7138671875,5542200
2025-09-25 00:00:00+09:00,12737.997434383522,12811.627477356837,12600.5546875,12600.5546875,4131400
2025-09-26 00:00:00+09:00,12566.194230769232,12944.161791616587,12551.468221905048,12762.541015625,4750500
2025-09-29 00:00:00+09:00,12764.510375976562,12798.982433319092,12513.356815338135,12606.923828125,4054100
2025-09-30 00:00:00+09:00,12606.924053104256,12774.359763184548,12459.186661856942,12611.8486328125,4416200
2025-10-01 00:00:00+09:00,12616.773197866587,12867.926762695313,12547.82908203125,12803.9072265625,5492000
2025-10-02 00:00:00+09:00,12631.54702853075,12715.264884080465,12434.563839002005,12592.150390625,5274700
2025-10-03 00:00:00+09:00,12508.431791814772,12547.828427379542,12365.618987892476,12469.03515625,3347800
2025-10-06 00:00:00+09:00,12508.432231952002,12774.359531371452,12262.203251008064,12670.943359375,7075600
2025-10-07 00:00:00+09:00,12680.792438993123,12754.6611328125,12542.904210530285,12754.6611328125,3182600
2025-10-08 00:00:00+09:00,12902.398679264792,13030.437750127725,12631.546798593203,12651.2451171875,3765100
2025-10-09 00:00:00+09:00,12700.49061952539,12730.038096732505,12395.16668838519,12473.9599609375,4382200
2025-10-10 00:00:00+09:00,12439.487992657449,12488.733788352847,12198.18359375,12198.18359375,4091200
2025-10-14 00:00:00+09:00,11971.65263829385,12350.84525579637,11937.180582157258,12212.95703125,4698400
2025-10-15 00:00:00+09:00,12306.524337981922,12429.63882715741,12227.731064909609,12326.22265625,3187700
2025-10-16 00:00:00+09:00,12173.560860339505,12188.334599247684,11942.1056174447,11966.728515625,4702900
2025-10-17 00:00:00+09:00,11907.633322317311,12336.071742102922,11814.066311099765,12281.9013671875,7336500
2025-10-20 00:00:00+09:00,12577.376346616304,12769.434951752573,12537.979709665273,12670.943359375,4976500
2025-10-21 00:00:00+09:00,12902.39887710064,13040.287109375,12651.245311172346,13040.287109375,6753500
2025-10-22 00:00:00+09:00,13099.381848233023,13109.231007517408,12863.002025407764,12907.3232421875,5433300
2025-10-23 00:00:00+09:00,12661.093745510057,12902.398138170498,12636.470848299808,12853.15234375,3198900
2025-10-24 00:00:00+09:00,12882.700131425234,12927.021347473716,12646.3203125,12646.3203125,2999600
2025-10-27 00:00:00+09:00,12666.018324952107,12991.040568127395,12666.018324952107,12853.15234375,2816000
2025-10-28 00:00:00+09:00,12813.755558721208,12863.001352567178,12675.867335952495,12828.529296875,2209900
2025-10-29 00:00:00+09:00,12779.283579335515,12976.2667558956,12705.414888125484,12744.8115234375,2914800
2025-10-30 00:00:00+09:00,12656.16969267404,12749.736705966183,12459.186506795846,12715.2646484375,4178000
2025-10-31 00:00:00+09:00,12798.982718324789,12922.097211575316,12715.264862914431,12848.228515625,3719900
2025-11-04 00:00:00+09:00,12882.699974652374,13040.28651868482,12705.415112615874,12749.736328125,5475200
2025-11-05 00:00:00+09:00,13788.822727272727,14049.825443181819,13325.91225,13542.59375,15706300
2025-11-06 00:00:00+09:00,14222.186095910138,14409.320123487903,13734.652708273328,13892.2392578125,11096000
2025-11-07 00:00:00+09:00,13862.691565674442,13892.239043256697,13394.85650395541,13695.255859375,5368400
2025-11-10 00:00:00+09:00,13631.235964279062,13650.934282146516,13168.325494393861,13217.5712890625,4114800
2025-11-11 00:00:00+09:00,13424.403621207079,13547.518107828566,13330.836611374747,13409.6298828125,3720400
2025-11-12 00:00:00+09:00,13409.630317465453,13675.5576171875,13365.309100845112,13675.5576171875,3545300
2025-11-13 00:00:00+09:00,13769.124489743414,13774.049069317714,13399.781021670899,13458.8759765625,3633400
2025-11-14 00:00:00+09:00,13188.023961190267,13350.53508543197,13178.174802145315,13242.1943359375,2970800
2025-11-17 00:00:00+09:00,13296.365013321389,13316.063331859643,13109.230987207977,13227.4208984375,1849400
2025-11-18 00:00:00+09:00,13050.13544256037,13178.17450727983,12912.247219016335,13000.8896484375,2971500
2025-11-19 00:00:00+09:00,12917.17195257039,13010.738962520387,12754.660830025663,12833.4541015625,3496500
2025-11-20 00:00:00+09:00,13079.683368644068,13178.174960275424,12927.021401615466,13074.7587890625,2756500
2025-11-21 00:00:00+09:00,13000.89024318609,13227.420906514333,12971.342765360667,13099.3818359375,4415900
2025-11-25 00:00:00+09:00,13084.607804089059,13094.456963143699,12828.529668668421,12922.0966796875,3185700
2025-11-26 00:00:00+09:00,12872.851176597327,13094.457260356654,12818.68080056727,13035.3623046875,2708400
2025-11-27 00:00:00+09:00,13020.588569843869,13143.70306085979,12936.870715953042,12971.3427734375,1719100
2025-11-28 00:00:00+09:00,13045.21153608575,13232.345563405968,13005.814898755178,13079.68359375,2624100
2025-12-01 00:00:00+09:00,13000.890409730195,13143.703221049202,12779.284323200704,12867.9267578125,2522400
2025-12-02 00:00:00+09:00,12764.510372133695,12966.418136507724,12641.395881661727,12670.943359375,2587200
2025-12-03 00:00:00+09:00,12518.281705291882,12631.547039368086,12390.242631988345,12464.111328125,3002900
2025-12-04 00:00:00+09:00,12513.356292096481,12749.736103989684,12464.110497952062,12680.7919921875,2564600
2025-12-05 00:00:00+09:00,12385.3179140625,12454.2620296875,12198.1838859375,12311.44921875,3770100
2025-12-08 00:00:00+09:00,12198.183596920659,12257.278551770496,12114.46574421672,12134.1640625,2749400
2025-12-09 00:00:00+09:00,12015.973788734243,12045.521265263918,11681.1023880646,11720.4990234375,5772400
2025-12-10 00:00:00+09:00,11503.8177623057,11641.70598890868,11168.94635484132,11405.326171875,8597400
2025-12-11 00:00:00+09:00,10942.415410841557,11341.306341659814,10932.566252055922,11228.041015625,8791400
2025-12-12 00:00:00+09:00,11336.381979133366,11562.912635536552,11326.532820159315,11553.0634765625,7506300
2025-12-15 00:00:00+09:00,11444.72288732873,11474.270364662625,11287.136341547955,11321.6083984375,5293600
2025-12-16 00:00:00+09:00,11198.494217201267,11390.55282514799,11149.248420291851,11178.7958984375,4089700
2025-12-17 00:00:00+09:00,11109.851946835866,11267.438499273256,10932.567075343806,11011.3603515625,4673800
2025-12-18 00:00:00+09:00,10834.075497126763,10863.622975755292,10642.016886041334,10819.3017578125,5349400
2025-12-19 00:00:00+09:00,10755.281789172535,10770.055527893926,10479.505333039906,10489.3544921875,7107100
2025-12-22 00:00:00+09:00,10489.354825334005,10513.977723985023,10090.4638671875,10090.4638671875,10226600
2025-12-23 00:00:00+09:00,10297.295671362339,10469.655952805517,10179.105764087019,10356.390625,10389100
2025-12-24 00:00:00+09:00,10568.147853527791,10582.921592372424,10243.125598945855,10277.59765625,5652200
2025-12-25 00:00:00+09:00,10430.259919283175,10469.65655731635,10316.994584937796,10390.86328125,3387100
2025-12-26 00:00:00+09:00,10474.58045038574,10784.828954557956,10435.1838149353,10632.1669921875,6623300
2025-12-29 00:00:00+09:00,10637.092026012571,10676.48866314595,10469.656318195706,10577.9970703125,4355700
2025-12-30 00:00:00+09:00,10656.790660762743,10681.413559701658,10400.712511798018,10435.1845703125,3616600
2026-01-05 00:00:00+09:00,10715.88515258216,10725.734311729753,10371.164582416373,10489.3544921875,6948100
2026-01-06 00:00:00+09:00,10479.505764912483,10701.111854865989,10390.86332893108,10691.2626953125,6142800
2026-01-07 00:00:00+09:00,10558.298777173914,10568.147936480978,10120.01118800951,10193.8798828125,8142200
2026-01-08 00:00:00+09:00,10179.106307653641,10208.653786050312,10016.595176471943,10026.4443359375,5601800
2026-01-09 00:00:00+09:00,9854.083381048635,10124.93524809395,9840.29455872633,10011.669921875,7163800
2026-01-13 00:00:00+09:00,9967.348786903267,10021.519160745132,9678.768431709328,9799.9130859375,15672900
2026-01-14 00:00:00+09:00,9947.650908528009,10075.689979627874,9898.405111951137,10065.8408203125,8035600
2026-01-15 00:00:00+09:00,10302.220252691388,10499.20343151914,10272.672775867226,10292.37109375,9129900
2026-01-16 00:00:00+09:00,10489.35449868554,10489.35449868554,10282.522156457937,10361.3154296875,5990100
2026-01-19 00:00:00+09:00,10233.276357500295,10484.429915841256,10193.879720897792,10425.3349609375,4169500
2026-01-20 00:00:00+09:00,10430.259090586105,10430.259090586105,10257.898812885202,10287.4462890625,3809400
2026-01-21 00:00:00+09:00,10144.63424952419,10188.955467119198,9952.575639945819,10026.4443359375,5926200
2026-01-22 00:00:00+09:00,10095.387852347676,10110.161590668185,9799.9130859375,9799.9130859375,10837100
2026-01-23 00:00:00+09:00,10243.125,10484.42938701923,10046.141826923076,10243.125,11170200
2026-01-26 00:00:00+09:00,10381.013905349857,10415.485962910316,10100.312865214684,10257.8994140625,6447400
2026-01-27 00:00:00+09:00,10385.93864034262,10405.636959243222,10095.388436558735,10218.5029296875,4938600
2026-01-28 00:00:00+09:00,10046.141977680767,10051.06655708159,9913.178333858523,10011.669921875,4542200
2026-01-29 00:00:00+09:00,9878.706873324376,9898.405192114653,9763.47170840125,9781.2001953125,7699400
2026-01-30 00:00:00+09:00,9849.158728555445,10070.764799947943,9820.596168242635,9903.3291015625,6586700
2026-02-02 00:00:00+09:00,9652.175941856502,9828.475890182248,9625.583212220774,9749.6826171875,10491700
2026-02-03 00:00:00+09:00,9834.385139102027,10041.217475527808,9740.818129766556,9927.9521484375,9984500
2026-02-04 00:00:00+09:00,9041.527982384654,9124.260918171181,8673.169434954169,8837.650390625,33990500
2026-02-05 00:00:00+09:00,8717.490445655887,8788.404388948986,8573.692727311547,8649.53125,20690900
2026-02-06 00:00:00+09:00,8421.030633820415,8487.019996681933,8200.409480372957,8313.6748046875,21426900
2026-02-09 00:00:00+09:00,8519.522805699464,8583.54234123362,8408.227305463159,8531.341796875,13828100
2026-02-10 00:00:00+09:00,8716.505557548293,8918.413313401106,8657.410604615761,8795.298828125,13772100
2026-02-12 00:00:00+09:00,8795.299454300492,8807.118445728443,8434.820215747975,8509.673828125,17104500
2026-02-13 00:00:00+09:00,8411.181874532185,8538.236026969498,8224.0478515625,8224.0478515625,13507500
2026-02-16 00:00:00+09:00,8371.785399899396,8621.954045966979,8321.5546875,8321.5546875,11125200
2026-02-17 00:00:00+09:00,8316.630261289987,8389.514041410244,8229.957657903735,8282.158203125,6968300
2026-02-18 00:00:00+09:00,8371.784840981793,8505.7333984375,8303.825646390293,8505.7333984375,6985500
2026-02-19 00:00:00+09:00,8599.300375009972,8646.576336297394,8409.21161400013,8488.0048828125,7414300
2026-02-20 00:00:00+09:00,8549.06983303249,8554.97932830878,8381.634133537615,8457.47265625,6393300
2026-02-24 00:00:00+09:00,8460.427872952889,8595.361355909181,8388.529009771799,8412.1669921875,8333200
2026-02-25 00:00:00+09:00,8363.906068313954,8416.106612546248,8285.112794001057,8385.57421875,6796600
2026-02-26 00:00:00+09:00,8476.185981896317,8736.203771719769,8428.910020110236,8605.2099609375,10330700
2026-02-27 00:00:00+09:00,8856.363611728737,8959.7797793479,8720.445220000694,8859.318359375,20124000
2026-03-02 00:00:00+09:00,8593.391195387569,8664.305139922571,8442.699063250686,8610.134765625,11648300
2026-03-03 00:00:00+09:00,8470.276998973859,8534.29653443122,8379.66473340344,8458.4580078125,8095200
2026-03-04 00:00:00+09:00,8458.457867085153,8715.52092056783,8455.503119343972,8570.73828125,11323900
2026-03-05 00:00:00+09:00,8652.4865391044,8688.92842891053,8417.091629275606,8447.6240234375,10366600
2026-03-06 00:00:00+09:00,8452.548550907259,8663.320560915898,8452.548550907259,8549.0703125,7387900
2026-03-09 00:00:00+09:00,8374.740182290154,8481.111103104846,8290.037412011787,8476.1865234375,13031300
2026-03-10 00:00:00+09:00,8721.430863229853,9010.996156712583,8673.16998098273,8982.43359375,18400600
2026-03-11 00:00:00+09:00,9713.240458359029,9937.801280150334,9460.117075901284,9782.1845703125,32505800
2026-03-12 00:00:00+09:00,9782.18481604064,10070.765177609297,9588.156381811885,9996.896484375,18848400
2026-03-13 00:00:00+09:00,9849.159315374267,10267.748586277672,9814.687257770456,10065.8408203125,15872300
2026-03-16 00:00:00+09:00,10272.672631110767,10277.597210512067,9844.23422319771,9947.650390625,16856400
2026-03-17 00:00:00+09:00,10021.519163795983,10026.443743237653,9606.869574807472,9671.8740234375,10822600
2026-03-18 00:00:00+09:00,9654.145924924243,9780.215163690853,9487.695133115205,9710.2861328125,10920400
2026-03-19 00:00:00+09:00,9553.684732638176,9761.501998471851,9553.684732638176,9587.171875,10748500
2026-03-23 00:00:00+09:00,9291.696394256256,9390.187982069021,9136.079685512086,9289.7265625,9610200
2026-03-24 00:00:00+09:00,9356.700975345058,9374.429461403606,8701.731907070904,8848.484375,15118500
2026-03-25 00:00:00+09:00,8753.932657641983,8996.221972873747,8726.355012005846,8844.544921875,11367400
2026-03-26 00:00:00+09:00,8765.752094340934,8956.825791678253,8760.827514512654,8854.39453125,7076900
2026-03-27 00:00:00+09:00,8992.282148670645,9169.567010309278,8976.523494302766,9076.0,9073300
2026-03-30 00:00:00+09:00,9033.0,9052.0,8775.0,8899.0,8175000
2026-03-31 00:00:00+09:00,8969.0,9050.0,8771.0,8775.0,7842400
2026-04-01 00:00:00+09:00,8884.0,9075.0,8860.0,9005.0,7542000
2026-04-02 00:00:00+09:00,9010.0,9020.0,8638.0,8762.0,9008300
2026-04-03 00:00:00+09:00,8798.0,8859.0,8724.0,8736.0,5521500
2026-04-06 00:00:00+09:00,8823.0,8873.0,8777.0,8849.0,4549600
2026-04-07 00:00:00+09:00,8900.0,8987.0,8818.0,8844.0,6328100
2026-04-08 00:00:00+09:00,9050.0,9086.0,8673.0,8707.0,11794600
2026-04-09 00:00:00+09:00,8725.0,8726.0,8513.0,8531.0,8552300
2026-04-10 00:00:00+09:00,8400.0,8471.0,8290.0,8300.0,12823300
2026-04-13 00:00:00+09:00,8200.0,8323.0,8132.0,8297.0,9001400
2026-04-14 00:00:00+09:00,8389.0,8404.0,8176.0,8199.0,10058300
2026-04-15 00:00:00+09:00,8162.0,8254.0,8143.0,8189.0,10373500
2026-04-16 00:00:00+09:00,8269.0,8429.0,8210.0,8324.0,9169100
2026-04-17 00:00:00+09:00,8589.0,8670.0,8526.0,8615.0,10716400
2026-04-20 00:00:00+09:00,8613.0,8615.0,8448.0,8507.0,5878800
2026-04-21 00:00:00+09:00,8495.0,8506.0,8410.0,8429.0,4739700
2026-04-22 00:00:00+09:00,8400.0,8420.0,8301.0,8413.0,5956000
2026-04-23 00:00:00+09:00,8385.0,8415.0,8173.0,8220.0,7335700
2026-04-24 00:00:00+09:00,8070.0,8080.0,7917.0,7953.0,14057800
2026-04-27 00:00:00+09:00,7958.0,7973.0,7866.0,7893.0,9397800
2026-04-28 00:00:00+09:00,8000.0,8029.0,7877.0,7922.0,7594100
2026-04-30 00:00:00+09:00,7975.0,7984.0,7630.0,7687.0,12120700
2026-05-01 00:00:00+09:00,7600.0,7626.0,7477.0,7597.0,9732200
