Date,Open,High,Low,Close,Volume
2005-01-03 00:00:00+09:00,1217.3306884765625,1217.3306884765625,1217.3306884765625,1217.3306884765625,0
2005-01-04 00:00:00+09:00,1209.930501920474,1221.0307817546068,1209.930501920474,1217.3306884765625,7000
2005-01-05 00:00:00+09:00,1217.3306059764432,1217.3306059764432,1209.930419921875,1209.930419921875,12800
2005-01-06 00:00:00+09:00,1202.5303752875766,1209.9305622124232,1198.8302818251534,1206.23046875,15400
2005-01-07 00:00:00+09:00,1206.23046875,1209.9305622124232,1202.5303752875766,1206.23046875,18200
2005-01-10 00:00:00+09:00,1206.23046875,1206.23046875,1206.23046875,1206.23046875,0
2005-01-11 00:00:00+09:00,1209.9305218952456,1217.3307085735041,1202.5303352169874,1213.630615234375,24000
2005-01-12 00:00:00+09:00,1213.6305528846153,1213.6305528846153,1202.5302734375,1202.5302734375,29000
2005-01-13 00:00:00+09:00,1202.5302734375,1209.930459735577,1202.5302734375,1202.5302734375,20800
2005-01-14 00:00:00+09:00,1206.230326894591,1213.630512949159,1198.830140840023,1209.930419921875,59600
2005-01-17 00:00:00+09:00,1217.3306884765625,1224.730875032651,1213.6305951985182,1217.3306884765625,19000
2005-01-18 00:00:00+09:00,1213.630615234375,1221.0308019126333,1209.9305218952456,1213.630615234375,21200
2005-01-19 00:00:00+09:00,1209.930419921875,1217.3306059764432,1202.530233867307,1209.930419921875,41200
2005-01-20 00:00:00+09:00,1206.2303665865384,1213.6305528846153,1202.5302734375,1202.5302734375,21800
2005-01-21 00:00:00+09:00,1202.5302734375,1209.930459735577,1202.5302734375,1202.5302734375,20600
2005-01-24 00:00:00+09:00,1213.630512949159,1213.630512949159,1206.230326894591,1209.930419921875,27600
2005-01-25 00:00:00+09:00,1213.6305951985182,1221.0307817546068,1213.6305951985182,1217.3306884765625,26600
2005-01-26 00:00:00+09:00,1217.3310126451568,1224.731201171875,1217.3310126451568,1224.731201171875,17800
2005-01-27 00:00:00+09:00,1217.3306884765625,1224.730875032651,1217.3306884765625,1217.3306884765625,30000
2005-01-28 00:00:00+09:00,1217.3307085735041,1224.7308952517624,1213.630615234375,1213.630615234375,25600
2005-01-31 00:00:00+09:00,1217.3307085735041,1221.0308019126333,1213.630615234375,1213.630615234375,17800
2005-02-01 00:00:00+09:00,1213.6306556748466,1217.33074913727,1206.23046875,1206.23046875,31400
2005-02-02 00:00:00+09:00,1213.6309183817975,1224.731201171875,1213.6309183817975,1224.731201171875,29200
2005-02-03 00:00:00+09:00,1224.730875032651,1224.730875032651,1217.3306884765625,1217.3306884765625,17000
2005-02-04 00:00:00+09:00,1221.0307817546068,1221.0307817546068,1217.3306884765625,1217.3306884765625,16000
2005-02-07 00:00:00+09:00,1221.0305813626126,1235.8309520457958,1221.0305813626126,1232.130859375,35200
2005-02-08 00:00:00+09:00,1224.7310585113894,1239.531433840832,1221.0309646790288,1228.43115234375,29000
2005-02-09 00:00:00+09:00,1235.8309520457958,1239.5310447165916,1228.4307667042042,1232.130859375,18000
2005-02-10 00:00:00+09:00,1235.8310546875,1250.6314265999251,1235.8310546875,1235.8310546875,26600
2005-02-11 00:00:00+09:00,1235.8310546875,1235.8310546875,1235.8310546875,1235.8310546875,0
2005-02-14 00:00:00+09:00,1254.3316852637297,1254.3316852637297,1246.9314983300203,1250.631591796875,21200
2005-02-15 00:00:00+09:00,1254.3318284031898,1254.3318284031898,1246.931640625,1246.931640625,14000
2005-02-16 00:00:00+09:00,1243.2312406437127,1243.2312406437127,1235.8310546875,1235.8310546875,20600
2005-02-17 00:00:00+09:00,1235.831258138021,1246.9315388997397,1235.831258138021,1243.2314453125,20200
2005-02-18 00:00:00+09:00,1243.231343283582,1254.3316231343283,1239.53125,1239.53125,20600
2005-02-21 00:00:00+09:00,1243.231343283582,1250.6315298507461,1239.53125,1239.53125,26600
2005-02-22 00:00:00+09:00,1250.6315298507461,1250.6315298507461,1239.53125,1239.53125,19600
2005-02-23 00:00:00+09:00,1243.231343283582,1246.9314365671642,1239.53125,1239.53125,23600
2005-02-24 00:00:00+09:00,1239.5313517252605,1243.2314453125,1239.5313517252605,1243.2314453125,26400
2005-02-25 00:00:00+09:00,1254.3318883559284,1258.031982421875,1250.6317942899816,1258.031982421875,34800
2005-02-28 00:00:00+09:00,1258.031982421875,1269.1322646197152,1250.6317942899816,1258.031982421875,52800
2005-03-01 00:00:00+09:00,1265.431864835778,1269.1319580078125,1258.0316784917093,1269.1319580078125,33600
2005-03-02 00:00:00+09:00,1269.132181566815,1283.9325568620548,1269.132181566815,1272.832275390625,62600
2005-03-03 00:00:00+09:00,1283.9326764787947,1298.733053152902,1283.9326764787947,1295.032958984375,53800
2005-03-04 00:00:00+09:00,1291.3325798607975,1291.3325798607975,1272.8321131006142,1280.2322998046875,43800
2005-03-07 00:00:00+09:00,1280.2322598161368,1291.3325395255254,1272.832073343211,1287.6324462890625,30000
2005-03-08 00:00:00+09:00,1276.5321443518815,1280.2322375239157,1269.1319580078125,1269.1319580078125,20200
2005-03-09 00:00:00+09:00,1276.5320650919714,1291.3324368611536,1276.5320650919714,1283.9322509765625,29800
2005-03-10 00:00:00+09:00,1283.9322509765625,1291.3324368611536,1283.9322509765625,1283.9322509765625,26000
2005-03-11 00:00:00+09:00,1295.0326732128342,1295.0326732128342,1280.2322998046875,1280.2322998046875,118600
2005-03-14 00:00:00+09:00,1287.6323439188582,1291.3324368611536,1280.2321580342668,1283.9322509765625,35400
2005-03-15 00:00:00+09:00,1283.9323931567242,1287.6324865087608,1280.2322998046875,1280.2322998046875,43400
2005-03-16 00:00:00+09:00,1276.532166579674,1291.3325395255254,1272.832073343211,1287.6324462890625,40200
2005-03-17 00:00:00+09:00,1291.3324368611536,1291.3324368611536,1283.9322509765625,1283.9322509765625,31200
2005-03-18 00:00:00+09:00,1283.9322509765625,1291.3324368611536,1280.2321580342668,1283.9322509765625,52200
2005-03-21 00:00:00+09:00,1283.9322509765625,1283.9322509765625,1283.9322509765625,1283.9322509765625,0
2005-03-22 00:00:00+09:00,1291.3328857421875,1291.3328857421875,1287.6327915136999,1291.3328857421875,49800
2005-03-23 00:00:00+09:00,1291.332476718184,1291.332476718184,1276.5321044921875,1276.5321044921875,81600
2005-03-24 00:00:00+09:00,1283.9323931567242,1291.3325798607975,1276.5322064526508,1280.2322998046875,61800
2005-03-25 00:00:00+09:00,1287.6327915136999,1291.3328857421875,1283.9326972852123,1291.3328857421875,158200
2005-03-28 00:00:00+09:00,1274.5621505158983,1278.2889404296875,1241.0210412917957,1278.2889404296875,83600
2005-03-29 00:00:00+09:00,1285.7426099133982,1285.7426099133982,1270.83544921875,1270.83544921875,44600
2005-03-30 00:00:00+09:00,1274.5621505158983,1278.2889404296875,1267.10857068832,1278.2889404296875,23400
2005-03-31 00:00:00+09:00,1278.2888523267663,1285.742431640625,1274.562062669837,1285.742431640625,43400
2005-04-01 00:00:00+09:00,1274.562062669837,1285.742431640625,1248.4745350713315,1285.742431640625,48600
2005-04-04 00:00:00+09:00,1267.108432702851,1282.0155907346493,1259.6548536869518,1274.56201171875,27600
2005-04-05 00:00:00+09:00,1267.108659045088,1278.289029566074,1267.108659045088,1270.83544921875,28000
2005-04-06 00:00:00+09:00,1270.8356296075203,1270.8356296075203,1255.928466796875,1255.928466796875,67200
2005-04-07 00:00:00+09:00,1255.9279258865083,1255.9279258865083,1241.020769496164,1244.74755859375,52400
2005-04-08 00:00:00+09:00,1252.2012746710527,1274.56201171875,1252.2012746710527,1274.56201171875,45000
2005-04-11 00:00:00+09:00,1263.3819089617048,1267.1086992536273,1248.4747477940152,1252.2015380859375,27400
2005-04-12 00:00:00+09:00,1252.201119087838,1255.9279081327422,1241.020751953125,1241.020751953125,35400
2005-04-13 00:00:00+09:00,1241.0213039862297,1263.3820482021977,1241.0213039862297,1255.928466796875,27400
2005-04-14 00:00:00+09:00,1244.7477518410121,1252.2013311933536,1233.5673828125,1233.5673828125,43400
2005-04-15 00:00:00+09:00,1229.840910376572,1233.5677010140769,1222.3873291015625,1222.3873291015625,54200
2005-04-18 00:00:00+09:00,1222.3875114535108,1226.1143026469667,1207.4803466796875,1207.4803466796875,111000
2005-04-19 00:00:00+09:00,1214.9335217693294,1226.1138916015625,1211.2067318252516,1226.1138916015625,61600
2005-04-20 00:00:00+09:00,1226.1134532752403,1229.8402418870191,1211.206298828125,1211.206298828125,34600
2005-04-21 00:00:00+09:00,1214.9330874399038,1218.6598760516827,1211.206298828125,1211.206298828125,50200
2005-04-22 00:00:00+09:00,1222.3869284413342,1222.3869284413342,1211.2065601933953,1214.933349609375,36000
2005-04-25 00:00:00+09:00,1218.6601390253545,1222.3869284413342,1214.933349609375,1214.933349609375,14400
2005-04-26 00:00:00+09:00,1218.6601390253545,1218.6601390253545,1211.2065601933953,1214.933349609375,43200
2005-04-27 00:00:00+09:00,1211.2065601933953,1218.6601390253545,1211.2065601933953,1214.933349609375,57000
2005-04-28 00:00:00+09:00,1222.3866646634615,1222.3866646634615,1211.206298828125,1211.206298828125,36600
2005-04-29 00:00:00+09:00,1211.206298828125,1211.206298828125,1211.206298828125,1211.206298828125,0
2005-05-02 00:00:00+09:00,1211.2065601933953,1226.113717857314,1211.2065601933953,1214.933349609375,17800
2005-05-03 00:00:00+09:00,1214.933349609375,1214.933349609375,1214.933349609375,1214.933349609375,0
2005-05-04 00:00:00+09:00,1214.933349609375,1214.933349609375,1214.933349609375,1214.933349609375,0
2005-05-05 00:00:00+09:00,1214.933349609375,1214.933349609375,1214.933349609375,1214.933349609375,0
2005-05-06 00:00:00+09:00,1214.9331233873281,1222.386700831422,1214.9331233873281,1218.659912109375,30200
2005-05-09 00:00:00+09:00,1218.6605384640577,1222.3873291015625,1214.933747826553,1222.3873291015625,33600
2005-05-10 00:00:00+09:00,1222.3871016574847,1226.1138916015625,1222.3871016574847,1226.1138916015625,26800
2005-05-11 00:00:00+09:00,1226.1134895534692,1226.1134895534692,1218.659912109375,1218.659912109375,23200
2005-05-12 00:00:00+09:00,1218.6605384640577,1229.840910376572,1218.6605384640577,1222.3873291015625,13800
2005-05-13 00:00:00+09:00,1218.659912109375,1222.386700831422,1218.659912109375,1218.659912109375,33800
2005-05-16 00:00:00+09:00,1214.933349609375,1222.3869284413342,1214.933349609375,1214.933349609375,36200
2005-05-17 00:00:00+09:00,1214.9330874399038,1218.6598760516827,1211.206298828125,1211.206298828125,49400
2005-05-18 00:00:00+09:00,1211.2071378731434,1214.9339290665991,1207.4803466796875,1207.4803466796875,57200
2005-05-19 00:00:00+09:00,1211.206298828125,1218.6598760516827,1211.206298828125,1211.206298828125,18200
2005-05-20 00:00:00+09:00,1207.4797707774155,1218.6601390253545,1207.4797707774155,1214.933349609375,39400
2005-05-23 00:00:00+09:00,1218.6602241078172,1241.0209621648414,1214.9334344316464,1233.5673828125,48800
2005-05-24 00:00:00+09:00,1241.0210682262073,1241.0210682262073,1226.113908247514,1229.8406982421875,45000
2005-05-25 00:00:00+09:00,1218.6601390253545,1226.113717857314,1214.933349609375,1214.933349609375,27400
2005-05-26 00:00:00+09:00,1218.6601390253545,1222.3869284413342,1214.933349609375,1214.933349609375,26000
2005-05-27 00:00:00+09:00,1214.9331233873281,1226.1134895534692,1214.9331233873281,1218.659912109375,24200
2005-05-30 00:00:00+09:00,1218.6605384640577,1233.5677010140769,1214.933747826553,1222.3873291015625,68400
2005-05-31 00:00:00+09:00,1226.1140622058547,1237.29443359375,1222.387271743223,1237.29443359375,29800
2005-06-01 00:00:00+09:00,1229.8408526684864,1237.29443359375,1226.1140622058547,1237.29443359375,32600
2005-06-02 00:00:00+09:00,1233.5671738633166,1241.020751953125,1229.8403848184123,1241.020751953125,45000
2005-06-03 00:00:00+09:00,1229.84068154564,1237.2942614337956,1226.1138916015625,1226.1138916015625,39400
2005-06-06 00:00:00+09:00,1222.3871182528408,1233.5674882368608,1222.3871182528408,1229.8406982421875,32000
2005-06-07 00:00:00+09:00,1226.1138916015625,1229.84068154564,1222.3871016574847,1226.1138916015625,45600
2005-06-08 00:00:00+09:00,1226.113908247514,1241.0210682262073,1226.113908247514,1229.8406982421875,60000
2005-06-09 00:00:00+09:00,1241.0210682262073,1244.7478582208805,1229.8406982421875,1229.8406982421875,31200
2005-06-10 00:00:00+09:00,1229.8408526684864,1248.4748049816453,1226.1140622058547,1237.29443359375,106600
2005-06-13 00:00:00+09:00,1237.29443359375,1255.928385906909,1229.8408526684864,1237.29443359375,90800
2005-06-14 00:00:00+09:00,1237.2943769182477,1255.92832837786,1237.2943769182477,1252.2015380859375,70800
2005-06-15 00:00:00+09:00,1244.748094688891,1255.928466796875,1244.748094688891,1255.928466796875,29800
2005-06-16 00:00:00+09:00,1255.92832837786,1263.3819089617048,1252.2015380859375,1252.2015380859375,42400
2005-06-17 00:00:00+09:00,1259.6551513671875,1270.8355225331686,1255.9283609785273,1259.6551513671875,61600
2005-06-20 00:00:00+09:00,1270.8354100574647,1289.4693603515625,1263.3818299398256,1289.4693603515625,60800
2005-06-21 00:00:00+09:00,1270.8354981888172,1285.7426594578942,1267.108707871548,1282.015869140625,32800
2005-06-22 00:00:00+09:00,1282.0157802339234,1289.4693603515625,1278.288990175104,1289.4693603515625,46000
2005-06-23 00:00:00+09:00,1289.4693603515625,1289.4693603515625,1282.0157802339234,1289.4693603515625,27600
2005-06-24 00:00:00+09:00,1289.4690292183009,1296.922607421875,1270.835083709366,1296.922607421875,54000
2005-06-27 00:00:00+09:00,1282.0157303434767,1285.7425202572658,1270.8353606021092,1278.2889404296875,29000
2005-06-28 00:00:00+09:00,1282.015451014727,1296.922607421875,1278.28866191294,1296.922607421875,43000
2005-06-29 00:00:00+09:00,1296.922763671875,1304.3763427734375,1289.4691845703123,1304.3763427734375,43000
2005-06-30 00:00:00+09:00,1304.3764480547097,1304.3764480547097,1278.2889190936155,1300.649658203125,70200
2005-07-01 00:00:00+09:00,1289.4691845703123,1304.3763427734375,1289.4691845703123,1304.3763427734375,53400
2005-07-04 00:00:00+09:00,1304.3763427734375,1304.3763427734375,1282.01560546875,1304.3763427734375,61000
2005-07-05 00:00:00+09:00,1296.922607421875,1300.6493965236618,1289.4690292183009,1296.922607421875,53200
2005-07-06 00:00:00+09:00,1296.922763671875,1304.3763427734375,1296.922763671875,1304.3763427734375,55400
2005-07-07 00:00:00+09:00,1289.4692886483704,1304.3764480547097,1285.7424987967854,1300.649658203125,57200
2005-07-08 00:00:00+09:00,1300.6493450511584,1315.5565008683639,1300.6493450511584,1311.8297119140625,73400
2005-07-11 00:00:00+09:00,1323.0103420873538,1337.9175008714367,1315.5567626953125,1315.5567626953125,48600
2005-07-12 00:00:00+09:00,1319.2832898226652,1323.0100787769663,1311.8297119140625,1311.8297119140625,94600
2005-07-13 00:00:00+09:00,1311.8300066021127,1323.0103759765625,1304.3764270191461,1323.0103759765625,35800
2005-07-14 00:00:00+09:00,1323.0102366646804,1330.4638154627914,1319.283447265625,1319.283447265625,48600
2005-07-15 00:00:00+09:00,1326.737060546875,1326.737060546875,1315.5566920591205,1326.737060546875,38000
2005-07-18 00:00:00+09:00,1326.737060546875,1326.737060546875,1326.737060546875,1326.737060546875,0
2005-07-19 00:00:00+09:00,1326.7371657680458,1330.463955559529,1315.556796393596,1323.0103759765625,44400
2005-07-20 00:00:00+09:00,1323.0102710509568,1334.1906395387114,1319.2834815550386,1326.737060546875,93600
2005-07-21 00:00:00+09:00,1330.4638500427932,1334.1906395387114,1326.737060546875,1326.737060546875,47200
2005-07-22 00:00:00+09:00,1326.7370260637358,1326.7370260637358,1315.5566578665696,1319.283447265625,36200
2005-07-25 00:00:00+09:00,1319.283447265625,1323.0102366646804,1315.5566578665696,1319.283447265625,26600
2005-07-26 00:00:00+09:00,1315.5564830812634,1315.5564830812634,1304.3761163695247,1308.1029052734375,30600
2005-07-27 00:00:00+09:00,1304.3763936072503,1323.0103420873538,1304.3763936072503,1315.5567626953125,26800
2005-07-28 00:00:00+09:00,1315.5565008683639,1323.0100787769663,1311.8297119140625,1311.8297119140625,52000
2005-07-29 00:00:00+09:00,1315.556796393596,1330.463955559529,1311.8300066021127,1323.0103759765625,50000
2005-08-01 00:00:00+09:00,1323.0101667131698,1334.1905343191966,1323.0101667131698,1330.4637451171875,43800
2005-08-02 00:00:00+09:00,1330.4638500427932,1334.1906395387114,1319.2834815550386,1326.737060546875,29600
2005-08-03 00:00:00+09:00,1330.463955559529,1337.9175351424956,1323.0103759765625,1323.0103759765625,45000
2005-08-04 00:00:00+09:00,1326.7371657680458,1334.1907453510123,1315.556796393596,1323.0103759765625,50000
2005-08-05 00:00:00+09:00,1315.5564830812634,1323.0100608890893,1304.3761163695247,1308.1029052734375,61400
2005-08-08 00:00:00+09:00,1296.9225385616987,1311.8296941773506,1293.1957496577859,1308.1029052734375,54600
2005-08-09 00:00:00+09:00,1300.6495002703477,1330.4638154627914,1300.6495002703477,1319.283447265625,60200
2005-08-10 00:00:00+09:00,1319.2835154613304,1341.6442530115223,1319.2835154613304,1334.190673828125,83600
2005-08-11 00:00:00+09:00,1337.9174269999355,1375.1853219024406,1330.4638480194344,1352.8245849609375,72200
2005-08-12 00:00:00+09:00,1364.0054137000088,1364.0054137000088,1345.3714599609375,1345.3714599609375,35000
2005-08-15 00:00:00+09:00,1345.3713216145834,1352.82490234375,1330.46416015625,1341.64453125,40000
2005-08-16 00:00:00+09:00,1337.9176025390625,1337.9176025390625,1315.5568626637578,1337.9176025390625,33200
2005-08-17 00:00:00+09:00,1337.9174290346295,1337.9174290346295,1326.737060546875,1326.737060546875,32800
2005-08-18 00:00:00+09:00,1323.0104426221926,1341.6443925182798,1323.0104426221926,1337.9176025390625,33000
2005-08-19 00:00:00+09:00,1330.4638500427932,1330.4638500427932,1323.0102710509568,1326.737060546875,28000
2005-08-22 00:00:00+09:00,1334.190812559845,1337.9176025390625,1326.7372326014101,1337.9176025390625,38200
2005-08-23 00:00:00+09:00,1337.9174634198237,1352.8246217866183,1334.190673828125,1334.190673828125,50400
2005-08-24 00:00:00+09:00,1341.6442530115223,1352.8246217866183,1334.190673828125,1334.190673828125,48600
2005-08-25 00:00:00+09:00,1334.1910877174948,1364.0054137000088,1334.1910877174948,1345.3714599609375,54400
2005-08-26 00:00:00+09:00,1352.8246020641957,1360.2781811389295,1349.0978125268286,1356.5513916015625,28400
2005-08-29 00:00:00+09:00,1341.6441127232144,1345.3709019252233,1326.7369559151787,1330.4637451171875,55000
2005-08-30 00:00:00+09:00,1334.190812559845,1337.9176025390625,1330.4640225806277,1337.9176025390625,19400
2005-08-31 00:00:00+09:00,1330.4638842364263,1352.8246217866183,1330.4638842364263,1334.190673828125,39200
2005-09-01 00:00:00+09:00,1341.6446692131233,1349.0982507087517,1337.917878465309,1345.3714599609375,33200
2005-09-02 00:00:00+09:00,1345.3711824974973,1345.3711824974973,1334.190812559845,1337.9176025390625,22200
2005-09-05 00:00:00+09:00,1334.190673828125,1341.6442530115223,1330.4638842364263,1334.190673828125,29400
2005-09-06 00:00:00+09:00,1341.6443925182798,1349.0979724767149,1337.9176025390625,1337.9176025390625,37200
2005-09-07 00:00:00+09:00,1337.9177408854166,1345.3713216145834,1337.9177408854166,1341.64453125,22600
2005-09-08 00:00:00+09:00,1341.6442530115223,1341.6442530115223,1334.190673828125,1334.190673828125,35000
2005-09-09 00:00:00+09:00,1334.1910877174948,1345.3714599609375,1334.1910877174948,1345.3714599609375,161200
2005-09-12 00:00:00+09:00,1349.09765625,1352.8244453556629,1341.644078038674,1349.09765625,66200
2005-09-13 00:00:00+09:00,1349.0978321949196,1349.0978321949196,1319.2835154613304,1334.190673828125,136200
2005-09-14 00:00:00+09:00,1319.2835523913332,1330.4639214793954,1311.8299729992918,1315.5567626953125,123200
2005-09-15 00:00:00+09:00,1315.5567114257813,1319.2835009765624,1296.922763671875,1304.3763427734375,132600
2005-09-16 00:00:00+09:00,1304.3764480547097,1323.0103973126343,1293.196078499955,1300.649658203125,126800
2005-09-19 00:00:00+09:00,1300.649658203125,1300.649658203125,1300.649658203125,1300.649658203125,0
2005-09-20 00:00:00+09:00,1300.6496372276629,1326.7371657680458,1300.6496372276629,1323.0103759765625,90400
2005-09-21 00:00:00+09:00,1326.7372326014101,1341.6443925182798,1319.2836526429753,1337.9176025390625,77400
2005-09-22 00:00:00+09:00,1337.9176025390625,1341.6443925182798,1334.190812559845,1337.9176025390625,41600
2005-09-23 00:00:00+09:00,1337.9176025390625,1337.9176025390625,1337.9176025390625,1337.9176025390625,0
2005-09-26 00:00:00+09:00,1341.6446692131233,1349.0982507087517,1337.917878465309,1345.3714599609375,221800
2005-09-27 00:00:00+09:00,1343.4947571835276,1343.4947571835276,1317.225306624073,1328.483642578125,118200
2005-09-28 00:00:00+09:00,1332.2363518608943,1351.000244140625,1324.7307949490018,1351.000244140625,64600
2005-09-29 00:00:00+09:00,1351.000308244588,1351.000308244588,1332.2364150745243,1343.4947509765625,90600
2005-09-30 00:00:00+09:00,1347.2475358348781,1347.2475358348781,1328.483642578125,1328.483642578125,86400
2005-10-03 00:00:00+09:00,1328.4834911141113,1335.9890475610837,1320.977934667139,1324.730712890625,41600
2005-10-04 00:00:00+09:00,1324.7308578064988,1347.2475296105752,1324.7308578064988,1343.4947509765625,65400
2005-10-05 00:00:00+09:00,1328.483428009463,1335.988984099912,1328.483428009463,1332.2362060546875,80400
2005-10-06 00:00:00+09:00,1335.9890475610837,1343.494604008056,1324.730712890625,1324.730712890625,57200
2005-10-07 00:00:00+09:00,1324.730899299991,1332.2364568031073,1317.225341796875,1317.225341796875,51000
2005-10-10 00:00:00+09:00,1317.225341796875,1317.225341796875,1317.225341796875,1317.225341796875,0
2005-10-11 00:00:00+09:00,1320.9778719190142,1332.2362060546875,1317.2250938737895,1332.2362060546875,29800
2005-10-12 00:00:00+09:00,1335.9890386945983,1366.0112642832412,1332.236260496018,1354.7529296875,139600
2005-10-13 00:00:00+09:00,1354.7529296875,1362.2584860846607,1339.7418168931788,1354.7529296875,81800
2005-10-14 00:00:00+09:00,1358.5061409187847,1369.7644791031946,1339.7422439447685,1347.247802734375,149600
2005-10-17 00:00:00+09:00,1358.5057373046875,1362.2585155845347,1351.000180744993,1358.5057373046875,65200
2005-10-18 00:00:00+09:00,1354.7528743260343,1354.7528743260343,1332.2362060546875,1332.2362060546875,57200
2005-10-19 00:00:00+09:00,1332.23647899842,1343.49481544066,1332.23647899842,1335.9892578125,68000
2005-10-20 00:00:00+09:00,1347.247402465146,1362.2585155845347,1332.236289345757,1358.5057373046875,78600
2005-10-21 00:00:00+09:00,1358.5057956569797,1366.0113525390625,1351.000238774897,1366.0113525390625,82400
2005-10-24 00:00:00+09:00,1366.0113525390625,1369.7641309801038,1358.5057956569797,1366.0113525390625,55600
2005-10-25 00:00:00+09:00,1358.5058417498747,1426.0558559805313,1358.5058417498747,1403.5391845703125,189000
2005-10-26 00:00:00+09:00,1422.3030885997052,1474.841988970143,1411.04475280604,1452.3253173828125,224200
2005-10-27 00:00:00+09:00,1501.1113705842392,1576.166939113451,1482.3474784519362,1553.6502685546875,311000
2005-10-28 00:00:00+09:00,1534.886645801958,1561.1560993975904,1508.6171922063252,1557.4033203125,261400
2005-10-31 00:00:00+09:00,1572.414694200182,1681.2453054932735,1561.156355100897,1673.73974609375,283400
2005-11-01 00:00:00+09:00,1681.2445723684211,1823.850138774671,1677.4917943050987,1782.569580078125,229600
2005-11-02 00:00:00+09:00,1782.570034200871,1782.570034200871,1632.4588734260608,1730.0311279296875,317200
2005-11-03 00:00:00+09:00,1730.0311279296875,1730.0311279296875,1730.0311279296875,1730.0311279296875,0
2005-11-04 00:00:00+09:00,1748.7948056175596,1756.3003627232142,1647.4697846912202,1654.975341796875,185000
2005-11-07 00:00:00+09:00,1647.4697213269787,1677.4919485948963,1594.9308236081229,1662.4808349609375,168600
2005-11-08 00:00:00+09:00,1662.4806001667635,1669.9861559237238,1613.6944877465198,1617.447265625,69800
2005-11-09 00:00:00+09:00,1613.6944877465198,1628.7055992604407,1613.6944877465198,1617.447265625,90800
2005-11-10 00:00:00+09:00,1617.4475620016626,1651.2225690968248,1617.4475620016626,1639.9642333984375,92200
2005-11-11 00:00:00+09:00,1639.9643839071084,1741.2894144917582,1639.9643839071084,1707.514404296875,267000
2005-11-14 00:00:00+09:00,1707.5149563626126,1711.2677364864865,1666.234375,1666.234375,164000
2005-11-15 00:00:00+09:00,1651.2227572737067,1662.4810942551185,1632.4588623046875,1632.4588623046875,103000
2005-11-16 00:00:00+09:00,1632.458676266179,1643.7170119645666,1628.70589770005,1639.9642333984375,88000
2005-11-17 00:00:00+09:00,1636.2114777025595,1662.4809280326465,1632.4586990839755,1658.7281494140625,91000
2005-11-18 00:00:00+09:00,1673.7392518446181,1692.5031448025175,1673.7392518446181,1688.7503662109375,132600
2005-11-21 00:00:00+09:00,1692.5031333242455,1692.5031333242455,1632.458676266179,1639.9642333984375,135000
2005-11-22 00:00:00+09:00,1639.9642157153548,1647.4697727666837,1587.425316356053,1606.189208984375,241600
2005-11-23 00:00:00+09:00,1606.189208984375,1606.189208984375,1606.189208984375,1606.189208984375,0
2005-11-24 00:00:00+09:00,1594.930884951637,1594.930884951637,1568.6614350818452,1576.1669921875,173000
2005-11-25 00:00:00+09:00,1561.156063098086,1568.66162109375,1549.8977261045902,1568.66162109375,103200
2005-11-28 00:00:00+09:00,1568.66162109375,1587.4255160829096,1546.1449471067583,1568.66162109375,123600
2005-11-29 00:00:00+09:00,1564.9085307571124,1594.9307567668411,1561.1557525058963,1591.177978515625,81400
2005-11-30 00:00:00+09:00,1583.6721471567623,1602.43603515625,1561.155481557377,1602.43603515625,157800
2005-12-01 00:00:00+09:00,1609.9417980563255,1643.716800812752,1609.9417980563255,1628.7056884765625,133800
2005-12-02 00:00:00+09:00,1643.7171917265803,1654.9755286562145,1632.4588547969463,1647.469970703125,140000
2005-12-05 00:00:00+09:00,1636.2114548323082,1658.728126229083,1636.2114548323082,1639.9642333984375,85200
2005-12-06 00:00:00+09:00,1632.4590879928232,1636.2118675054505,1609.9424109170602,1613.6951904296875,95400
2005-12-07 00:00:00+09:00,1613.6951904296875,1617.4479699423146,1602.4368518918059,1613.6951904296875,141800
2005-12-08 00:00:00+09:00,1606.1888127561476,1628.7054783555327,1591.1777023565573,1602.43603515625,99200
2005-12-09 00:00:00+09:00,1591.1781063988096,1602.4364420572917,1564.908656529018,1576.1669921875,246400
2005-12-12 00:00:00+09:00,1579.9196437619767,1621.200204525354,1579.9196437619767,1591.177978515625,116000
2005-12-13 00:00:00+09:00,1591.177820475638,1617.447265625,1587.4250425971577,1617.447265625,108200
2005-12-14 00:00:00+09:00,1613.6947777157739,1613.6947777157739,1576.1669921875,1576.1669921875,129600
2005-12-15 00:00:00+09:00,1564.908662355863,1591.1781123234675,1561.1558837890625,1561.1558837890625,80600
2005-12-16 00:00:00+09:00,1561.156063098086,1583.6727370850776,1549.8977261045902,1568.66162109375,69000
2005-12-19 00:00:00+09:00,1576.166998056265,1576.166998056265,1546.1447695218599,1561.1558837890625,58400
2005-12-20 00:00:00+09:00,1564.9093116554054,1673.7399352477478,1557.4037514076576,1666.234375,233200
2005-12-21 00:00:00+09:00,1662.4810367559721,1752.5477294921873,1651.2227001639453,1752.5477294921875,337000
2005-12-22 00:00:00+09:00,1752.5476872568895,1778.8171386718748,1658.7282179176555,1778.817138671875,231600
2005-12-23 00:00:00+09:00,1778.8171386718748,1778.8171386718748,1778.8171386718748,1778.817138671875,0
2005-12-26 00:00:00+09:00,1775.064492198279,1775.064492198279,1696.2561320795392,1700.0089111328125,170000
2005-12-27 00:00:00+09:00,1700.0093961148648,1726.278856981982,1666.234375,1666.234375,66400
2005-12-28 00:00:00+09:00,1647.4695024068376,1703.7611710539961,1647.4695024068376,1696.255615234375,34800
2005-12-29 00:00:00+09:00,1700.0086785134306,1707.51423559296,1669.9864501953125,1669.9864501953125,56400
2005-12-30 00:00:00+09:00,1654.975341796875,1673.739234561012,1647.4697846912202,1654.975341796875,44200
2006-01-02 00:00:00+09:00,1654.975341796875,1654.975341796875,1654.975341796875,1654.975341796875,0
2006-01-03 00:00:00+09:00,1654.975341796875,1654.975341796875,1654.975341796875,1654.975341796875,0
2006-01-04 00:00:00+09:00,1662.4814069944646,1703.761983691844,1662.4814069944646,1673.73974609375,22000
2006-01-05 00:00:00+09:00,1673.7394312365302,1673.7394312365302,1624.9533043170798,1632.4588623046875,160400
2006-01-06 00:00:00+09:00,1639.9644202922952,1654.9755362675107,1632.4588623046875,1632.4588623046875,92200
2006-01-09 00:00:00+09:00,1632.4588623046875,1632.4588623046875,1632.4588623046875,1632.4588623046875,0
2006-01-10 00:00:00+09:00,1654.9751350648942,1662.4806912329889,1624.9529103925152,1628.7056884765625,86800
2006-01-11 00:00:00+09:00,1624.9531191339208,1643.7170119645666,1613.6947834355333,1639.9642333984375,127400
2006-01-12 00:00:00+09:00,1639.9641987193716,1666.2336481267755,1628.7058632590554,1651.2225341796875,92400
2006-01-13 00:00:00+09:00,1658.7286272947028,1677.4925257935117,1651.2230678951794,1673.73974609375,145800
2006-01-16 00:00:00+09:00,1673.739263888398,1673.739263888398,1651.2225921768948,1658.7281494140625,74800
2006-01-17 00:00:00+09:00,1632.4590879928232,1654.9757650685865,1613.6951904296875,1613.6951904296875,81800
2006-01-18 00:00:00+09:00,1613.6947837242712,1617.4475622910718,1538.6392123882586,1561.1558837890625,163200
2006-01-19 00:00:00+09:00,1572.413992217093,1632.4584406072445,1572.413992217093,1609.9417724609375,79200
2006-01-20 00:00:00+09:00,1617.4473662896178,1621.2001444016587,1579.919585169209,1583.67236328125,106400
2006-01-23 00:00:00+09:00,1576.167215737952,1591.1783320783131,1557.4033203125,1557.4033203125,108000
2006-01-24 00:00:00+09:00,1561.1558779761906,1587.425327845982,1561.1558779761906,1576.1669921875,57200
2006-01-25 00:00:00+09:00,1572.4142136346727,1591.1781063988096,1572.4142136346727,1576.1669921875,71000
2006-01-26 00:00:00+09:00,1576.1669921875,1587.425327845982,1568.6614350818452,1576.1669921875,51200
2006-01-27 00:00:00+09:00,1579.9195446692768,1628.7056588752164,1579.9195446692768,1624.952880859375,82800
2006-01-30 00:00:00+09:00,1636.2118675054505,1636.2118675054505,1609.9424109170602,1613.6951904296875,116200
2006-01-31 00:00:00+09:00,1609.941590356045,1628.7054783555327,1602.43603515625,1602.43603515625,121600
2006-02-01 00:00:00+09:00,1594.9312744140625,1609.942392290901,1594.9312744140625,1594.9312744140625,66800
2006-02-02 00:00:00+09:00,1598.6834055582683,1628.7056291368274,1594.9306276109485,1621.2000732421875,85800
2006-02-03 00:00:00+09:00,1602.43603515625,1613.6943679559427,1594.930479956455,1602.43603515625,100600
2006-02-06 00:00:00+09:00,1602.4366168528097,1609.9421747771787,1591.178279966256,1598.683837890625,72600
2006-02-07 00:00:00+09:00,1602.4364068502512,1606.1891853206264,1587.42529296875,1587.42529296875,79000
2006-02-08 00:00:00+09:00,1587.4253570484152,1594.930914292143,1579.9197998046875,1579.9197998046875,76600
2006-02-09 00:00:00+09:00,1594.930914292143,1598.6836929140068,1576.1670211828236,1579.9197998046875,62200
2006-02-10 00:00:00+09:00,1576.1670211828236,1591.178135670279,1561.1559066953682,1579.9197998046875,97000
2006-02-13 00:00:00+09:00,1576.166998056265,1583.6725551898662,1557.4031052222617,1561.1558837890625,100000
2006-02-14 00:00:00+09:00,1557.403284100254,1576.1671790894138,1557.403284100254,1568.66162109375,123800
2006-02-15 00:00:00+09:00,1568.6614409226636,1591.1781123234675,1557.4031052222617,1561.1558837890625,111400
2006-02-16 00:00:00+09:00,1561.1556692146282,1572.4140033676183,1557.4028911636315,1564.908447265625,59800
2006-02-17 00:00:00+09:00,1583.6723375206084,1587.4251155716051,1561.1556692146282,1564.908447265625,96600
2006-02-20 00:00:00+09:00,1568.6610753327898,1572.4138530249734,1546.1444091796875,1546.1444091796875,80600
2006-02-21 00:00:00+09:00,1553.6501131126347,1564.9084472656248,1546.1445570106414,1564.908447265625,60600
2006-02-22 00:00:00+09:00,1568.6610753327898,1568.6610753327898,1546.1444091796875,1546.1444091796875,53800
2006-02-23 00:00:00+09:00,1564.908662355863,1576.166998056265,1553.6503266554612,1561.1558837890625,53000
2006-02-24 00:00:00+09:00,1561.1558837890625,1572.4142194894644,1549.8975480886606,1561.1558837890625,56800
2006-02-27 00:00:00+09:00,1568.6610753327898,1568.6610753327898,1546.1444091796875,1546.1444091796875,93600
2006-02-28 00:00:00+09:00,1546.1445570106414,1576.166781418615,1546.1445570106414,1564.908447265625,86800
2006-03-01 00:00:00+09:00,1564.9084472656248,1568.6612253166215,1549.8973350616382,1564.908447265625,62000
2006-03-02 00:00:00+09:00,1561.156063098086,1576.1671790894138,1561.156063098086,1568.66162109375,35000
2006-03-03 00:00:00+09:00,1572.4140625,1576.166840692124,1568.6612843078758,1572.4140625,36200
2006-03-06 00:00:00+09:00,1576.1668070571682,1591.1779195053316,1576.1668070571682,1583.67236328125,56200
2006-03-07 00:00:00+09:00,1583.6725784265514,1587.4253570484152,1576.1670211828236,1579.9197998046875,41400
2006-03-08 00:00:00+09:00,1579.919585169209,1587.4251413932907,1579.919585169209,1583.67236328125,52400
2006-03-09 00:00:00+09:00,1587.4251295520414,1628.7056884765625,1583.6723514679938,1628.7056884765625,106800
2006-03-10 00:00:00+09:00,1628.7058632590554,1669.9864266135476,1628.7058632590554,1651.2225341796875,197400
2006-03-13 00:00:00+09:00,1666.2337581089564,1692.5032092503138,1666.2337581089564,1681.244873046875,95600
2006-03-14 00:00:00+09:00,1681.2448440995527,1692.503180109148,1662.4809507502273,1677.4920654296875,84400
2006-03-15 00:00:00+09:00,1681.2452016352552,1696.2563195069984,1677.4924221673193,1692.5035400390625,95400
2006-03-16 00:00:00+09:00,1692.5031448025175,1707.5142591688368,1684.9975876193575,1688.7503662109375,85600
2006-03-17 00:00:00+09:00,1692.5030176103903,1703.7613525390625,1692.5030176103903,1703.7613525390625,42000
2006-03-20 00:00:00+09:00,1711.2670258767741,1726.278140138851,1703.7614687457356,1718.7725830078125,86400
2006-03-21 00:00:00+09:00,1718.7725830078125,1718.7725830078125,1718.7725830078125,1718.7725830078125,0
2006-03-22 00:00:00+09:00,1718.7727908715767,1733.7839069490578,1711.2672328328363,1730.0311279296875,96600
2006-03-23 00:00:00+09:00,1730.0309187043704,1730.0309187043704,1711.2670258767741,1718.7725830078125,58200
2006-03-24 00:00:00+09:00,1715.0201132255688,1718.7728924667626,1684.9978792960185,1711.267333984375,107200
2006-03-27 00:00:00+09:00,1688.7503662109375,1700.0087019856771,1662.4809160698785,1688.7503662109375,223600
2006-03-28 00:00:00+09:00,1692.528353230337,1696.306318304512,1669.8605627852878,1681.1944580078125,64800
2006-03-29 00:00:00+09:00,1684.9724351820055,1730.3080163976647,1673.6385398780906,1718.97412109375,85800
2006-03-30 00:00:00+09:00,1718.9738874393413,1734.0857457904565,1707.639993676005,1715.1959228515625,53600
2006-03-31 00:00:00+09:00,1715.1956154959541,1715.1956154959541,1681.1939402988978,1692.52783203125,59800
2006-04-03 00:00:00+09:00,1681.1946975975707,1730.308250561095,1681.1946975975707,1722.7523193359375,98400
2006-04-04 00:00:00+09:00,1726.5299503419046,1730.3079152223027,1681.1943717771283,1711.4180908203125,71200
2006-04-05 00:00:00+09:00,1715.1963810257846,1715.1963810257846,1684.97265625,1684.97265625,57400
2006-04-06 00:00:00+09:00,1677.4167319849917,1737.8641817862526,1677.4167319849917,1722.7523193359375,88800
2006-04-07 00:00:00+09:00,1703.8628051757812,1737.864501953125,1703.8628051757812,1737.864501953125,77400
2006-04-10 00:00:00+09:00,1737.864501953125,1741.6424682617187,1715.1967041015623,1737.864501953125,61600
2006-04-11 00:00:00+09:00,1734.0859814989697,1734.0859814989697,1700.0842955872251,1718.97412109375,38400
2006-04-12 00:00:00+09:00,1715.1956154959541,1715.1956154959541,1684.971904209682,1692.52783203125,65400
2006-04-13 00:00:00+09:00,1707.6402922292593,1707.6402922292593,1666.0826744980163,1696.306396484375,49200
2006-04-14 00:00:00+09:00,1692.5285874439462,1696.3065530409192,1673.6387594590806,1684.97265625,35200
2006-04-17 00:00:00+09:00,1684.9721074884587,1684.9721074884587,1662.3043212890625,1662.3043212890625,42000
2006-04-18 00:00:00+09:00,1662.3047092497216,1696.306396484375,1647.1928482565422,1696.306396484375,63600
2006-04-19 00:00:00+09:00,1703.8623269809646,1711.4182574775543,1692.5284312360802,1696.306396484375,27200
2006-04-20 00:00:00+09:00,1681.1944580078125,1684.9724230819872,1669.8605627852878,1681.1944580078125,40400
2006-04-21 00:00:00+09:00,1681.1946451822917,1707.6404036458334,1677.4166796875002,1700.08447265625,37800
2006-04-24 00:00:00+09:00,1677.4164580949655,1684.9723880863844,1650.970703125,1650.970703125,63200
2006-04-25 00:00:00+09:00,1658.5265683417397,1673.638427734375,1658.5265683417397,1673.638427734375,31400
2006-04-26 00:00:00+09:00,1662.3045438878676,1673.6384385052847,1654.7486141429226,1669.8604736328125,36000
2006-04-27 00:00:00+09:00,1662.3045438878676,1669.8604736328125,1658.526579015395,1669.8604736328125,32000
2006-04-28 00:00:00+09:00,1662.3044966774426,1666.0824614426185,1639.6367080863865,1643.4146728515625,66800
2006-05-01 00:00:00+09:00,1643.4146728515625,1666.0824614426185,1639.6367080863865,1643.4146728515625,33600
2006-05-02 00:00:00+09:00,1650.9704180174674,1666.082275390625,1643.4144893308885,1666.082275390625,29800
2006-05-03 00:00:00+09:00,1666.082275390625,1666.082275390625,1666.082275390625,1666.082275390625,0
2006-05-04 00:00:00+09:00,1666.082275390625,1666.082275390625,1666.082275390625,1666.082275390625,0
2006-05-05 00:00:00+09:00,1666.082275390625,1666.082275390625,1666.082275390625,1666.082275390625,0
2006-05-08 00:00:00+09:00,1669.8602397339143,1677.416168420493,1654.7483823607568,1666.082275390625,42200
2006-05-09 00:00:00+09:00,1650.9704281893644,1669.8602500221946,1650.9704281893644,1662.3043212890625,48200
2006-05-10 00:00:00+09:00,1647.1924132595987,1662.3042702619803,1624.5246277560261,1635.8585205078125,57200
2006-05-11 00:00:00+09:00,1624.5251578662223,1639.6370197998615,1609.413295932583,1620.7471923828125,68000
2006-05-12 00:00:00+09:00,1624.5245661501024,1632.080494364754,1609.4127097207993,1613.190673828125,73000
2006-05-15 00:00:00+09:00,1609.4132080078125,1632.0809996698945,1601.8572774537854,1609.4132080078125,62000
2006-05-16 00:00:00+09:00,1620.7469919002758,1654.7486770450369,1605.6351318359375,1605.6351318359375,83600
2006-05-17 00:00:00+09:00,1624.5246277560261,1635.8585205078125,1609.4127707536445,1635.8585205078125,70600
2006-05-18 00:00:00+09:00,1613.1910618681068,1624.5249569163605,1590.5232717715994,1605.6351318359375,96800
2006-05-19 00:00:00+09:00,1594.300853291496,1616.9686379354507,1590.52288918417,1613.190673828125,43800
2006-05-22 00:00:00+09:00,1613.190673828125,1613.190673828125,1613.190673828125,1613.190673828125,70600
2006-05-23 00:00:00+09:00,1590.5234488351002,1609.413276018415,1575.4115870884486,1586.7454833984375,73200
2006-05-24 00:00:00+09:00,1582.9675066805225,1598.0793683194775,1579.1895412707838,1590.5234375,44600
2006-05-25 00:00:00+09:00,1590.5234375,1601.8573337292162,1582.9675066805225,1590.5234375,66400
2006-05-26 00:00:00+09:00,1609.4127097207993,1624.5245661501024,1601.8567815061476,1613.190673828125,38000
2006-05-29 00:00:00+09:00,1620.7466020427767,1624.5245661501024,1605.6347456134733,1613.190673828125,44000
2006-05-30 00:00:00+09:00,1598.079234624926,1605.635164812278,1586.7453393438982,1594.30126953125,58200
2006-05-31 00:00:00+09:00,1582.9674746164685,1594.3013706161091,1560.2996826171875,1560.2996826171875,118800
2006-06-01 00:00:00+09:00,1575.411163772362,1582.967092615395,1556.5213416647796,1564.0772705078125,69400
2006-06-02 00:00:00+09:00,1582.96717359917,1586.7451382139654,1545.1875274512186,1579.189208984375,103200
2006-06-05 00:00:00+09:00,1590.5230214584278,1590.5230214584278,1548.9654128217467,1564.0772705078125,120000
2006-06-06 00:00:00+09:00,1552.7436633598513,1560.299593595179,1548.9656982421875,1548.9656982421875,50000
2006-06-07 00:00:00+09:00,1556.521484375,1575.4113082145022,1556.521484375,1556.521484375,56800
2006-06-08 00:00:00+09:00,1548.9652259903723,1564.0770818536932,1488.5178025370897,1496.07373046875,148600
2006-06-09 00:00:00+09:00,1496.0743823181606,1522.5201416015625,1496.0743823181606,1522.5201416015625,134600
2006-06-12 00:00:00+09:00,1526.2981072134771,1530.0760728253915,1473.4065886466733,1522.5201416015625,58400
2006-06-13 00:00:00+09:00,1511.1859345555904,1537.6316884103132,1503.6300048828125,1503.6300048828125,48400
2006-06-14 00:00:00+09:00,1556.521484375,1556.521484375,1556.521484375,1556.521484375,48400
2006-06-15 00:00:00+09:00,1545.1879081726074,1575.4116325378418,1545.1879081726074,1571.6336669921875,39200
2006-06-16 00:00:00+09:00,1586.7453393438982,1632.0809204680095,1575.4114440628703,1594.30126953125,85800
2006-06-19 00:00:00+09:00,1579.1893874834168,1609.4131078180276,1579.1893874834168,1601.857177734375,25600
2006-06-20 00:00:00+09:00,1609.4131078180276,1613.191072859854,1598.0792126925487,1601.857177734375,30200
2006-06-21 00:00:00+09:00,1601.8573337292162,1601.8573337292162,1579.1895412707838,1590.5234375,65800
2006-06-22 00:00:00+09:00,1598.0792900869778,1616.9691162109375,1586.745394412602,1616.9691162109375,75200
2006-06-23 00:00:00+09:00,1616.9690489712618,1616.9690489712618,1582.967363362053,1598.0792236328125,59000
2006-06-26 00:00:00+09:00,1571.6336104513064,1598.0793683194775,1571.6336104513064,1590.5234375,41000
2006-06-27 00:00:00+09:00,1579.189598083496,1590.523494720459,1564.077735900879,1571.6336669921875,69400
2006-06-28 00:00:00+09:00,1560.2993859103992,1582.96717359917,1560.2993859103992,1579.189208984375,46200
2006-06-29 00:00:00+09:00,1567.8556450415676,1601.8573337292162,1567.8556450415676,1590.5234375,58400
2006-06-30 00:00:00+09:00,1590.5232527223352,1654.7486572265625,1590.5232527223352,1654.7486572265625,91200
2006-07-03 00:00:00+09:00,1654.7487457985103,1654.7487457985103,1616.9690940679507,1624.5250244140625,37200
2006-07-04 00:00:00+09:00,1639.6367510377393,1639.6367510377393,1613.1909969887436,1628.3028564453125,34200
2006-07-05 00:00:00+09:00,1590.52320780389,1628.3028564453125,1586.7452429397476,1628.3028564453125,39000
2006-07-06 00:00:00+09:00,1601.8571095614557,1616.9689690856205,1575.4113553941675,1582.96728515625,72200
2006-07-07 00:00:00+09:00,1582.96728515625,1590.5232149183323,1567.8554256320851,1582.96728515625,38000
2006-07-10 00:00:00+09:00,1605.6351318359375,1605.6351318359375,1605.6351318359375,1605.6351318359375,38000
2006-07-11 00:00:00+09:00,1620.7466020427767,1624.5245661501024,1594.300853291496,1613.190673828125,34200
2006-07-12 00:00:00+09:00,1598.0791446804146,1613.1910042045793,1571.6333905131264,1582.96728515625,45000
2006-07-13 00:00:00+09:00,1579.1893202752087,1598.0791446804146,1571.6333905131264,1582.96728515625,27000
2006-07-14 00:00:00+09:00,1594.3008310148755,1594.3008310148755,1575.4110107421875,1575.4110107421875,39200
2006-07-17 00:00:00+09:00,1666.082275390625,1666.082275390625,1666.082275390625,1666.082275390625,39200
2006-07-18 00:00:00+09:00,1594.3014142717632,1594.3014142717632,1567.8556562151227,1586.7454833984375,64800
2006-07-19 00:00:00+09:00,1582.9675751835468,1582.9675751835468,1560.2997817441642,1567.855712890625,44000
2006-07-20 00:00:00+09:00,1579.1893982943632,1598.0792236328125,1571.6334681589835,1598.0792236328125,17600
2006-07-21 00:00:00+09:00,1598.0793683194775,1598.0793683194775,1586.7454720902613,1590.5234375,25200
2006-07-24 00:00:00+09:00,1582.96728515625,1586.745250037291,1564.077460751044,1582.96728515625,40400
2006-07-25 00:00:00+09:00,1586.7453393438982,1605.635164812278,1586.7453393438982,1594.30126953125,42800
2006-07-26 00:00:00+09:00,1594.3010674435557,1598.0790320583508,1579.189208984375,1579.189208984375,25400
2006-07-27 00:00:00+09:00,1575.41124436958,1582.96717359917,1556.5214212956041,1579.189208984375,53200
2006-07-28 00:00:00+09:00,1567.855712890625,1571.6336784638554,1556.5218161709338,1567.855712890625,69200
2006-07-31 00:00:00+09:00,1575.411163772362,1582.967092615395,1564.0772705078125,1564.0772705078125,68600
2006-08-01 00:00:00+09:00,1571.6336784638554,1579.1896096103162,1564.0777473173946,1567.855712890625,58400
2006-08-02 00:00:00+09:00,1556.5218048095703,1571.6336669921875,1556.5218048095703,1571.6336669921875,30400
2006-08-03 00:00:00+09:00,1567.8557014465332,1575.4116325378418,1564.077735900879,1571.6336669921875,24600
2006-08-04 00:00:00+09:00,1567.855712890625,1575.4116440370858,1560.2997817441642,1567.855712890625,42600
2006-08-07 00:00:00+09:00,1560.299593595179,1571.6334889481707,1548.9656982421875,1548.9656982421875,73600
2006-08-08 00:00:00+09:00,1560.2997817441642,1567.855712890625,1552.7438505977034,1567.855712890625,21600
2006-08-09 00:00:00+09:00,1567.8554256320851,1582.96728515625,1552.7435661079205,1582.96728515625,45600
2006-08-10 00:00:00+09:00,1582.96728515625,1598.0791446804146,1582.96728515625,1582.96728515625,29600
2006-08-11 00:00:00+09:00,1579.1894091565462,1605.635164812278,1579.1894091565462,1594.30126953125,37400
2006-08-14 00:00:00+09:00,1594.301346899758,1609.4132080078125,1590.5233816227444,1609.4132080078125,10800
2006-08-15 00:00:00+09:00,1613.1911509861454,1632.080977110105,1605.6352205365617,1616.9691162109375,53600
2006-08-16 00:00:00+09:00,1643.4145611881659,1643.4145611881659,1616.9688096288162,1639.6365966796875,43600
2006-08-17 00:00:00+09:00,1628.3025619086868,1662.3042395355506,1624.5245977279244,1647.1923828125,85000
2006-08-18 00:00:00+09:00,1654.7493771355353,1658.52734375,1639.6375106776763,1658.52734375,35000
2006-08-21 00:00:00+09:00,1658.5265319122666,1658.5265319122666,1609.4129899649784,1643.4146728515625,64600
2006-08-22 00:00:00+09:00,1658.5268522135418,1707.6404036458334,1650.9709212239584,1700.08447265625,107200
2006-08-23 00:00:00+09:00,1696.306576290646,1696.306576290646,1654.7489541543496,1677.416748046875,45400
2006-08-24 00:00:00+09:00,1658.5263569224965,1677.4161787553267,1654.7483925559304,1662.3043212890625,38400
2006-08-25 00:00:00+09:00,1654.7486141429226,1688.7502979951746,1654.7486141429226,1669.8604736328125,33000
2006-08-28 00:00:00+09:00,1673.6382772559944,1677.4162417644727,1628.3027031542517,1639.6365966796875,70000
2006-08-29 00:00:00+09:00,1650.9706922557257,1654.7486572265625,1643.4147623140518,1654.7486572265625,29200
2006-08-30 00:00:00+09:00,1662.3045981121281,1666.0825631078374,1643.414773133581,1650.970703125,33600
2006-08-31 00:00:00+09:00,1654.7486034935807,1677.416392582534,1647.192673797263,1673.638427734375,45000
2006-09-01 00:00:00+09:00,1658.5263569224965,1666.0822856556285,1654.7483925559304,1662.3043212890625,33400
2006-09-04 00:00:00+09:00,1684.9726793443833,1696.306576290646,1677.416748046875,1677.416748046875,62000
2006-09-05 00:00:00+09:00,1681.1943574306927,1681.1943574306927,1666.0824980380573,1673.638427734375,26800
2006-09-06 00:00:00+09:00,1681.1947136956292,1703.8625075881546,1677.416748046875,1677.416748046875,86800
2006-09-07 00:00:00+09:00,1677.416748046875,1692.5286106418919,1677.416748046875,1677.416748046875,60800
2006-09-08 00:00:00+09:00,1692.5284312360802,1703.8623269809646,1684.9725007394904,1696.306396484375,160200
2006-09-11 00:00:00+09:00,1700.0849765091116,1700.0849765091116,1658.52734375,1658.52734375,139200
2006-09-12 00:00:00+09:00,1673.6382040772037,1681.1941327637826,1662.3043110473354,1666.082275390625,25400
2006-09-13 00:00:00+09:00,1677.4171768223234,1681.1951434367882,1650.9714105210705,1658.52734375,50600
2006-09-14 00:00:00+09:00,1654.7486034935807,1673.638427734375,1654.7486034935807,1673.638427734375,15200
2006-09-15 00:00:00+09:00,1692.5286106418919,1692.5286106418919,1677.416748046875,1677.416748046875,51200
2006-09-18 00:00:00+09:00,1677.416748046875,1677.416748046875,1677.416748046875,1677.416748046875,0
2006-09-19 00:00:00+09:00,1688.75,1692.5279642058165,1681.1940715883668,1688.75,43400
2006-09-20 00:00:00+09:00,1692.5285874439462,1692.5285874439462,1669.8607938621076,1684.97265625,66600
2006-09-21 00:00:00+09:00,1692.5279642058165,1696.305928411633,1681.1940715883668,1688.75,67800
2006-09-22 00:00:00+09:00,1688.750621846973,1692.5285874439462,1684.97265625,1684.97265625,102600
2006-09-25 00:00:00+09:00,1681.1947136956292,1692.5286106418919,1624.5252289643158,1677.416748046875,373600
2006-09-26 00:00:00+09:00,1669.8091728227748,1688.8275005314624,1654.5945106558247,1677.41650390625,132400
2006-09-27 00:00:00+09:00,1677.416320937939,1696.434646572156,1673.6126558110957,1692.6309814453125,82600
2006-09-28 00:00:00+09:00,1696.434646572156,1696.434646572156,1677.416320937939,1692.6309814453125,55400
2006-09-29 00:00:00+09:00,1692.6313346759225,1692.6313346759225,1681.2203369140625,1681.2203369140625,20200
2006-10-02 00:00:00+09:00,1685.0240926656638,1692.6314249124614,1677.4167604188663,1688.8277587890625,37200
2006-10-03 00:00:00+09:00,1677.416229730266,1685.0235595703125,1677.416229730266,1685.0235595703125,33000
2006-10-04 00:00:00+09:00,1677.4162438797625,1681.2199088318707,1666.0052490234375,1666.0052490234375,41800
2006-10-05 00:00:00+09:00,1662.2018417392999,1677.41650390625,1662.2018417392999,1677.41650390625,41200
2006-10-06 00:00:00+09:00,1673.6128697145502,1673.6128697145502,1666.005538488575,1669.8092041015625,16400
2006-10-09 00:00:00+09:00,1669.8092041015625,1669.8092041015625,1669.8092041015625,1669.8092041015625,0
2006-10-10 00:00:00+09:00,1666.0056732315823,1685.0240028346825,1666.0056732315823,1681.2203369140625,50400
2006-10-11 00:00:00+09:00,1677.41655312815,1681.220218781502,1650.7908935546875,1650.7908935546875,54400
2006-10-12 00:00:00+09:00,1662.2019223813659,1666.005588107639,1643.18359375,1643.18359375,38800
2006-10-13 00:00:00+09:00,1643.183670787413,1643.183670787413,1635.5763389782119,1639.3800048828125,44600
2006-10-16 00:00:00+09:00,1643.18359375,1643.18359375,1635.5762622974537,1643.18359375,36000
2006-10-17 00:00:00+09:00,1635.5761263476106,1639.3797917577215,1627.9687955273891,1631.7724609375,17800
2006-10-18 00:00:00+09:00,1631.7726147403762,1635.5762805090017,1612.754285897248,1624.165283203125,62000
2006-10-19 00:00:00+09:00,1631.7726730736115,1643.183670787413,1620.3616753598099,1639.3800048828125,67600
2006-10-20 00:00:00+09:00,1639.3795943586795,1688.8272387360873,1631.7722644544629,1666.0052490234375,116600
2006-10-23 00:00:00+09:00,1666.005234970196,1685.0235595703125,1658.3979051301494,1685.0235595703125,45600
2006-10-24 00:00:00+09:00,1673.6128697145502,1685.023866553513,1666.005538488575,1669.8092041015625,27800
2006-10-25 00:00:00+09:00,1666.005948153409,1685.0242808948865,1658.3986150568182,1673.61328125,42200
2006-10-26 00:00:00+09:00,1673.61328125,1677.4169477982955,1658.3986150568182,1673.61328125,41600
2006-10-27 00:00:00+09:00,1662.2019223813659,1666.005588107639,1639.379928023727,1643.18359375,57400
2006-10-30 00:00:00+09:00,1631.7724629671725,1639.3797937968563,1601.3431396484375,1601.3431396484375,70600
2006-10-31 00:00:00+09:00,1605.1466523298982,1620.361312541556,1586.128327065326,1608.9503173828125,75200
2006-11-01 00:00:00+09:00,1605.146954359997,1624.165283203125,1605.146954359997,1624.165283203125,44800
2006-11-02 00:00:00+09:00,1616.5579516658738,1631.7726147403762,1612.754285897248,1624.165283203125,30400
2006-11-03 00:00:00+09:00,1624.165283203125,1624.165283203125,1624.165283203125,1624.165283203125,0
2006-11-06 00:00:00+09:00,1605.1466677670187,1627.9686583039907,1605.1466677670187,1620.361328125,27600
2006-11-07 00:00:00+09:00,1635.5759727532138,1643.1833028590427,1608.9503173828125,1608.9503173828125,20000
2006-11-08 00:00:00+09:00,1605.146959254736,1616.5579565954095,1593.7359619140625,1593.7359619140625,73000
2006-11-09 00:00:00+09:00,1605.146728515625,1612.7540589825237,1593.7357328152768,1605.146728515625,80000
2006-11-10 00:00:00+09:00,1608.9503937490742,1616.557724215973,1601.3430632821755,1605.146728515625,59200
2006-11-13 00:00:00+09:00,1605.146728515625,1608.9503937490742,1586.1284023483781,1605.146728515625,58200
2006-11-14 00:00:00+09:00,1605.146959254736,1608.9506250349605,1593.7359619140625,1593.7359619140625,46600
2006-11-15 00:00:00+09:00,1616.5579106819116,1624.165242026297,1589.9322509765625,1589.9322509765625,83800
2006-11-16 00:00:00+09:00,1589.9324503287994,1608.9507810743594,1582.3251180305756,1586.1287841796875,67600
2006-11-17 00:00:00+09:00,1601.3432479931407,1601.3432479931407,1582.324919632177,1589.9322509765625,49600
2006-11-20 00:00:00+09:00,1586.1286488408628,1597.539646314538,1570.913985542629,1574.7176513671875,58800
2006-11-21 00:00:00+09:00,1574.7173920791515,1574.7173920791515,1559.5027312861162,1563.306396484375,67400
2006-11-22 00:00:00+09:00,1567.1101529396185,1574.7174837791313,1563.3064875198622,1570.913818359375,98600
2006-11-23 00:00:00+09:00,1570.913818359375,1570.913818359375,1570.913818359375,1570.913818359375,0
2006-11-24 00:00:00+09:00,1567.1100616826338,1574.7173920791515,1559.5027312861162,1563.306396484375,81600
2006-11-27 00:00:00+09:00,1563.3065912712134,1593.7359166487552,1563.3065912712134,1589.9322509765625,71200
2006-11-28 00:00:00+09:00,1616.5576171875,1616.5576171875,1616.5576171875,1616.5576171875,71200
2006-11-29 00:00:00+09:00,1620.361599392361,1643.18359375,1601.3432707609954,1643.18359375,85400
2006-11-30 00:00:00+09:00,1635.5762622974537,1643.18359375,1627.9689308449074,1643.18359375,107400
2006-12-01 00:00:00+09:00,1643.1835029069766,1650.7908339389535,1631.7725063590117,1635.576171875,48400
2006-12-04 00:00:00+09:00,1635.575988482981,1639.3796535724764,1601.3430026775234,1620.361328125,43400
2006-12-05 00:00:00+09:00,1616.557384672619,1624.1647135416667,1597.5390625,1597.5390625,49200
2006-12-06 00:00:00+09:00,1608.950274741813,1669.808913975546,1608.950274741813,1666.0052490234375,144600
2006-12-07 00:00:00+09:00,1658.3983154296875,1669.8093130129193,1650.790983707533,1658.3983154296875,82800
2006-12-08 00:00:00+09:00,1654.5946685012143,1669.8093321196163,1639.3800048828125,1639.3800048828125,131400
2006-12-11 00:00:00+09:00,1639.3798791976617,1673.6128697145502,1639.3798791976617,1669.8092041015625,80600
2006-12-12 00:00:00+09:00,1677.4166709934423,1688.8276687553025,1658.398341390342,1681.2203369140625,73000
2006-12-13 00:00:00+09:00,1673.6130942954674,1692.6314249124614,1673.6130942954674,1688.8277587890625,75000
2006-12-14 00:00:00+09:00,1677.4164438487737,1688.827440065432,1654.594451415457,1662.2017822265625,110200
2006-12-15 00:00:00+09:00,1673.61328125,1677.4169477982955,1650.7912819602273,1673.61328125,78000
2006-12-18 00:00:00+09:00,1673.61328125,1673.61328125,1654.5949485085227,1673.61328125,64200
2006-12-19 00:00:00+09:00,1669.8090211364045,1669.8090211364045,1654.5943603515625,1654.5943603515625,44400
2006-12-20 00:00:00+09:00,1662.2015840713293,1673.612578927654,1654.5942541671127,1666.0052490234375,75600
2006-12-21 00:00:00+09:00,1654.594451415457,1666.0054476321152,1646.9871206043515,1662.2017822265625,73600
2006-12-22 00:00:00+09:00,1662.2017822265625,1673.6127784432208,1650.7907860099042,1662.2017822265625,54400
2006-12-25 00:00:00+09:00,1650.7908935546875,1658.398224861391,1635.57623094128,1650.7908935546875,67000
2006-12-26 00:00:00+09:00,1639.3796995667205,1654.5943603515625,1631.7723691742995,1654.5943603515625,49600
2006-12-27 00:00:00+09:00,1658.397919119221,1673.612578927654,1650.7905892150043,1666.0052490234375,47000
2006-12-28 00:00:00+09:00,1673.61328125,1673.61328125,1658.3986150568182,1673.61328125,28800
2006-12-29 00:00:00+09:00,1669.8092041015625,1681.2202009405253,1666.005538488575,1669.8092041015625,18200
2007-01-04 00:00:00+09:00,1681.220426542265,1692.6314249124614,1673.6130942954674,1688.8277587890625,30800
2007-01-05 00:00:00+09:00,1692.6311977794883,1692.6311977794883,1669.8092041015625,1669.8092041015625,47800
2007-01-09 00:00:00+09:00,1673.612551007952,1711.6491998944964,1662.2015563419889,1704.0418701171875,108000
2007-01-10 00:00:00+09:00,1692.6311660732001,1704.0421626984125,1677.41650390625,1677.41650390625,77000
2007-01-11 00:00:00+09:00,1685.023866553513,1700.2385290054635,1669.8092041015625,1669.8092041015625,62800
2007-01-12 00:00:00+09:00,1669.8088861192978,1711.6491998944964,1669.8088861192978,1704.0418701171875,69400
2007-01-15 00:00:00+09:00,1707.8454294817939,1719.2564234426968,1696.4344355208912,1715.4527587890625,89600
2007-01-16 00:00:00+09:00,1711.6491998944964,1719.2565296718053,1700.2382052285332,1704.0418701171875,47400
2007-01-17 00:00:00+09:00,1711.6497227963846,1711.6497227963846,1688.8277264924327,1696.43505859375,49600
2007-01-18 00:00:00+09:00,1700.2387246444086,1707.846056745726,1696.43505859375,1696.43505859375,31800
2007-01-19 00:00:00+09:00,1704.0419618055555,1719.2566221788195,1700.2382967122396,1711.6492919921875,68400
2007-01-22 00:00:00+09:00,1726.864501953125,1734.471834560848,1715.4535030415404,1726.864501953125,51600
2007-01-23 00:00:00+09:00,1726.8641046892133,1753.4897626910295,1726.8641046892133,1734.471435546875,91000
2007-01-24 00:00:00+09:00,1749.6859278416894,1749.6859278416894,1730.6676025390625,1730.6676025390625,48000
2007-01-25 00:00:00+09:00,1738.2749481867493,1757.293273659252,1734.4712830922488,1742.07861328125,70000
2007-01-26 00:00:00+09:00,1742.0791790250614,1745.8828453548106,1734.4718463655634,1738.2755126953125,42000
2007-01-29 00:00:00+09:00,1745.8829788871435,1757.293978749151,1734.4719790251359,1749.6866455078125,39200
2007-01-30 00:00:00+09:00,1738.275645645805,1764.9013119904891,1738.275645645805,1749.6866455078125,47400
2007-01-31 00:00:00+09:00,1753.4899583326303,1776.311953451927,1742.0789607729819,1761.0972900390625,114200
2007-02-01 00:00:00+09:00,1749.6863559100418,1818.15234375,1749.6863559100418,1818.15234375,156600
2007-02-02 00:00:00+09:00,1818.1521138213034,1848.5814379019946,1806.741117291044,1829.5631103515625,207800
2007-02-05 00:00:00+09:00,1829.5634400965805,1829.5634400965805,1795.3304443359375,1795.3304443359375,47400
2007-02-06 00:00:00+09:00,1787.7232024202642,1848.5818646303157,1787.7232024202642,1844.7781982421875,93400
2007-02-07 00:00:00+09:00,1856.1888149150673,1856.1888149150673,1818.1521588717258,1833.3668212890625,93200
2007-02-08 00:00:00+09:00,1837.169921875,1852.3845796130952,1825.7589285714287,1837.169921875,79200
2007-02-09 00:00:00+09:00,1802.9374964543892,1844.7778181020649,1795.3301652457208,1833.3668212890625,135000
2007-02-13 00:00:00+09:00,1821.9552641369048,1844.7772507440477,1806.7406063988096,1837.169921875,85000
2007-02-14 00:00:00+09:00,1837.1702427455357,1875.2068937340562,1821.9555823501275,1863.7958984375,101800
2007-02-15 00:00:00+09:00,1882.8141030920556,1898.0287625109813,1875.2067733825927,1894.22509765625,115000
2007-02-16 00:00:00+09:00,1898.0284603772411,1917.0467816235061,1886.6174676294822,1909.439453125,181400
2007-02-19 00:00:00+09:00,1920.8515625,1939.8698948019803,1909.440563118812,1920.8515625,172600
2007-02-20 00:00:00+09:00,1932.262561881188,1932.262561881188,1909.440563118812,1920.8515625,92400
2007-02-21 00:00:00+09:00,1920.8514876522454,1974.1028160228027,1917.0478213400627,1966.4954833984375,220800
2007-02-22 00:00:00+09:00,1993.1212043396113,1996.9248707601066,1966.4955393961432,1981.710205078125,181600
2007-02-23 00:00:00+09:00,1996.9245938797278,2072.9979117418125,1996.9245938797278,2061.5869140625,320800
2007-02-26 00:00:00+09:00,2099.623005539021,2183.3036325713733,2084.4083460785932,2156.677978515625,388200
2007-02-27 00:00:00+09:00,2164.285598969795,2187.107591226067,2156.6782682177045,2160.48193359375,347200
2007-02-28 00:00:00+09:00,1974.1016983811874,2137.659257206604,1958.887041746265,2084.407958984375,529600
2007-03-01 00:00:00+09:00,2084.408714569497,2084.408714569497,1970.2987484434298,2004.53173828125,358400
2007-03-02 00:00:00+09:00,1970.2984633064996,2019.746108138516,1970.2984633064996,2000.727783203125,395400
2007-03-05 00:00:00+09:00,1993.1201105635296,2019.745760895485,1958.887131565301,1962.6907958984375,285400
2007-03-06 00:00:00+09:00,1939.868889949062,1996.9238573005048,1939.868889949062,1989.3165283203125,133200
2007-03-07 00:00:00+09:00,2027.3534381126724,2042.5680980609852,2000.7277832031252,2000.727783203125,173400
2007-03-08 00:00:00+09:00,2008.335175127788,2046.371826171875,2008.335175127788,2046.371826171875,88800
2007-03-09 00:00:00+09:00,2034.9608304005749,2042.5681606076798,1996.9241793650501,2015.9425048828125,290000
2007-03-12 00:00:00+09:00,2034.9607680868287,2038.764433073907,1989.3167882418907,2000.727783203125,170400
2007-03-13 00:00:00+09:00,2023.5497408353365,2023.5497408353365,1977.90576171875,1977.90576171875,128000
2007-03-14 00:00:00+09:00,1974.1028929455445,1974.1028929455445,1917.047896039604,1920.8515625,196200
2007-03-15 00:00:00+09:00,1951.2800892528242,1951.2800892528242,1928.4580999048378,1936.0654296875,142200
2007-03-16 00:00:00+09:00,1936.065045141891,1943.6723734135685,1905.6357320551815,1924.654052734375,274800
2007-03-19 00:00:00+09:00,1928.457774371265,1928.457774371265,1909.439453125,1909.439453125,141400
2007-03-20 00:00:00+09:00,1939.8687092777297,1966.4943582286005,1920.8503885985363,1924.654052734375,269200
2007-03-22 00:00:00+09:00,1958.8874168167572,1958.8874168167572,1901.8324435114148,1905.6361083984375,280600
2007-03-23 00:00:00+09:00,1936.066228341584,1951.2808941831684,1905.636896658416,1920.8515625,298800
2007-03-26 00:00:00+09:00,1920.850767946529,1936.0654274946203,1882.8141190763006,1905.6361083984375,350400
2007-03-27 00:00:00+09:00,1901.809692880044,1909.462850597871,1863.5439042909081,1878.8502197265625,146600
2007-03-28 00:00:00+09:00,1840.5840704245645,1901.809320168417,1840.5840704245645,1867.3701171875,210000
2007-03-29 00:00:00+09:00,1878.8500572142561,1917.1158424935688,1863.5437431025312,1882.6766357421875,145400
2007-03-30 00:00:00+09:00,1901.8095283818438,1909.4626854377063,1878.8500572142561,1882.6766357421875,78200
2007-04-02 00:00:00+09:00,1920.9427962039877,1924.7693754792945,1863.5441070743866,1871.197265625,205400
2007-04-03 00:00:00+09:00,1890.3297912848832,1905.636105384356,1848.237427511333,1859.7171630859375,174000
2007-04-04 00:00:00+09:00,1875.023882784824,1909.4630969584227,1871.1973034322018,1890.3302001953125,106200
2007-04-05 00:00:00+09:00,1886.5033365885415,1924.7691243489583,1882.6767578124998,1917.115966796875,215600
2007-04-06 00:00:00+09:00,1913.2891428997239,1928.5954560429218,1894.1562514707268,1905.635986328125,75600
2007-04-09 00:00:00+09:00,1905.636471702939,1936.2491057865202,1905.636471702939,1928.595947265625,88400
2007-04-10 00:00:00+09:00,1932.4217497685042,1936.2483274908182,1913.288861156935,1920.9420166015625,92800
2007-04-11 00:00:00+09:00,1932.4229736328125,1959.2090346534653,1920.9432331953897,1932.4229736328125,113000
2007-04-12 00:00:00+09:00,1932.4220776415723,1940.0752343847073,1901.8094506690327,1924.7689208984375,86400
2007-04-13 00:00:00+09:00,1924.7694143689112,1936.2491524267775,1886.5036208426902,1890.3302001953125,102000
2007-04-16 00:00:00+09:00,1928.5957853206414,1928.5957853206414,1905.6363116858718,1909.462890625,139600
2007-04-17 00:00:00+09:00,1920.9425871746116,1920.9425871746116,1859.7173254319946,1878.8502197265625,133400
2007-04-18 00:00:00+09:00,1897.9827880859375,1913.2891008930821,1878.8498970770067,1897.9827880859375,147600
2007-04-19 00:00:00+09:00,1882.6774566462398,1886.5040368426753,1840.58507448545,1863.5445556640625,225000
2007-04-20 00:00:00+09:00,1844.4116546818852,1878.8508764498044,1844.4116546818852,1863.5445556640625,83600
2007-04-23 00:00:00+09:00,1875.024053400213,1886.5037925026634,1844.411415793679,1852.0645751953125,68800
2007-04-24 00:00:00+09:00,1848.2382348783208,1863.5445556640625,1840.58507448545,1863.5445556640625,50400
2007-04-25 00:00:00+09:00,1844.4112106978528,1875.0238449003068,1844.4112106978528,1871.197265625,101600
2007-04-26 00:00:00+09:00,1875.0236408676487,1894.1565351622166,1855.890746573081,1878.8502197265625,76600
2007-04-27 00:00:00+09:00,1890.329956303303,1905.6362717389575,1871.1970620087352,1878.8502197265625,64800
2007-05-01 00:00:00+09:00,1859.7179754676272,1875.024296253369,1859.7179754676272,1863.5445556640625,75200
2007-05-02 00:00:00+09:00,1859.7171237244897,1875.0234374999998,1855.890545280612,1875.0234375,57800
2007-05-07 00:00:00+09:00,1886.503053480579,1897.9827880859375,1882.6764752787929,1897.9827880859375,97200
2007-05-08 00:00:00+09:00,1901.8098567939433,1901.8098567939433,1878.850381661622,1886.5035400390625,41200
2007-05-09 00:00:00+09:00,1878.8502197265625,1882.676798585476,1875.0236408676487,1878.8502197265625,67000
2007-05-10 00:00:00+09:00,1901.8093662877236,1909.462522691296,1894.1562098841514,1897.9827880859375,88000
2007-05-11 00:00:00+09:00,1890.3299153645833,1890.3299153645833,1802.3186035156248,1813.79833984375,212800
2007-05-14 00:00:00+09:00,1821.4519487801244,1821.4519487801244,1802.3190501584845,1806.1456298828125,139800
2007-05-15 00:00:00+09:00,1798.492355181898,1802.3189346610084,1771.706298828125,1771.706298828125,91200
2007-05-16 00:00:00+09:00,1752.5730794270833,1752.5730794270833,1733.4401855468748,1744.919921875,138800
2007-05-17 00:00:00+09:00,1771.7064267749076,1771.7064267749076,1744.920368486734,1748.7469482421875,50400
2007-05-18 00:00:00+09:00,1752.5729975103022,1752.5729975103022,1741.09326171875,1741.09326171875,56400
2007-05-21 00:00:00+09:00,1744.920365574049,1771.70642381751,1744.920365574049,1760.2266845703125,51000
2007-05-22 00:00:00+09:00,1767.8797193490145,1779.359457786346,1748.7468219534626,1771.706298828125,63800
2007-05-23 00:00:00+09:00,1775.532673891129,1790.8389900453628,1771.7060948525705,1779.3592529296875,39800
2007-05-24 00:00:00+09:00,1779.3592529296873,1790.8389900453628,1771.7060948525705,1779.3592529296875,71000
2007-05-25 00:00:00+09:00,1744.920368486734,1752.573527997641,1741.0937887312807,1748.7469482421875,45400
2007-05-28 00:00:00+09:00,1748.7469482421875,1756.4001077530943,1748.7469482421875,1748.7469482421875,29000
2007-05-29 00:00:00+09:00,1752.5733624042505,1767.8796799798333,1752.5733624042505,1764.0531005859375,37200
2007-05-30 00:00:00+09:00,1752.5733624042505,1767.8796799798333,1752.5733624042505,1764.0531005859375,61000
2007-05-31 00:00:00+09:00,1794.665771484375,1794.665771484375,1787.0126125441432,1794.665771484375,74400
2007-06-01 00:00:00+09:00,1798.4921885455701,1802.318767670135,1779.3592929227448,1787.012451171875,129400
2007-06-04 00:00:00+09:00,1767.879191957671,1775.5323486328127,1767.879191957671,1775.5323486328125,80000
2007-06-05 00:00:00+09:00,1760.2266845703123,1760.2266845703123,1756.4001048212465,1760.2266845703125,61800
2007-06-06 00:00:00+09:00,1756.4001048212465,1764.0532643193783,1748.7469453231147,1760.2266845703125,74000
2007-06-07 00:00:00+09:00,1760.2260352825297,1787.0120836455249,1756.399456944959,1775.5323486328125,60400
2007-06-08 00:00:00+09:00,1752.573401432573,1771.706298828125,1752.573401432573,1771.706298828125,170000
2007-06-11 00:00:00+09:00,1764.0526109720422,1764.0526109720422,1744.9197193129094,1752.5728759765625,114600
2007-06-12 00:00:00+09:00,1733.4409655462662,1737.2675460441608,1718.1346435546875,1718.1346435546875,92600
2007-06-13 00:00:00+09:00,1695.1746016972745,1695.1746016972745,1679.8682847519267,1691.3480224609375,101400
2007-06-14 00:00:00+09:00,1718.133707318987,1718.133707318987,1710.4805504935127,1714.30712890625,101200
2007-06-15 00:00:00+09:00,1733.4399397786458,1733.4399397786458,1699.0007356770832,1721.960205078125,93200
2007-06-18 00:00:00+09:00,1737.2672089758273,1748.7469482421875,1729.6140494649208,1748.7469482421875,73600
2007-06-19 00:00:00+09:00,1706.6548648979306,1714.3080257270692,1702.8282844833611,1710.4814453125,85000
2007-06-20 00:00:00+09:00,1687.5214432246005,1695.1746016972745,1683.6948639882637,1691.3480224609375,149800
2007-06-21 00:00:00+09:00,1691.3480224609375,1695.1746016972745,1687.5214432246005,1691.3480224609375,128000
2007-06-22 00:00:00+09:00,1687.521484375,1691.3480637046487,1679.868325715703,1687.521484375,86400
2007-06-25 00:00:00+09:00,1702.8278016935942,1706.6543810232426,1687.521484375,1687.521484375,79200
2007-06-26 00:00:00+09:00,1683.6951904296875,1687.5217704079369,1676.042030473189,1683.6951904296875,58200
2007-06-27 00:00:00+09:00,1676.0416670391162,1676.0416670391162,1656.9087712966605,1672.215087890625,123400
2007-06-28 00:00:00+09:00,1683.694987720672,1683.694987720672,1656.9089310978432,1679.868408203125,81600
2007-06-29 00:00:00+09:00,1679.8679231916153,1718.133707318987,1679.8679231916153,1714.30712890625,97800
2007-07-02 00:00:00+09:00,1714.30712890625,1725.7868641444613,1714.30712890625,1714.30712890625,55400
2007-07-03 00:00:00+09:00,1721.960205078125,1729.6133615451388,1706.6538921440972,1721.960205078125,67800
2007-07-04 00:00:00+09:00,1721.9602857317243,1729.6134425571986,1702.8273936680384,1714.30712890625,42200
2007-07-05 00:00:00+09:00,1710.4805504935127,1725.7868641444613,1710.4805504935127,1714.30712890625,45000
2007-07-06 00:00:00+09:00,1706.6541750802412,1706.6541750802412,1691.3478596086695,1695.1744384765625,42800
2007-07-09 00:00:00+09:00,1679.8682847519267,1702.8277601699483,1679.8682847519267,1691.3480224609375,88800
2007-07-10 00:00:00+09:00,1695.1744384765625,1702.8275962123482,1691.3478596086695,1695.1744384765625,53400
2007-07-11 00:00:00+09:00,1687.5211173279642,1695.174274322649,1672.2148033385952,1676.0413818359375,55400
2007-07-12 00:00:00+09:00,1683.694987720672,1699.00130579086,1676.0418286855781,1679.868408203125,55800
2007-07-13 00:00:00+09:00,1691.3478596086695,1706.6541750802412,1687.5212807407765,1695.1744384765625,53800
2007-07-17 00:00:00+09:00,1687.5212807407765,1695.1744384765625,1683.6947018728836,1695.1744384765625,63200
2007-07-18 00:00:00+09:00,1664.5616455078125,1672.214802498653,1664.5616455078125,1664.5616455078125,55200
2007-07-19 00:00:00+09:00,1668.3888705166903,1683.6951904296875,1664.5622905384412,1683.6951904296875,72400
2007-07-20 00:00:00+09:00,1683.694538830622,1683.694538830622,1676.0413818359375,1676.0413818359375,52800
2007-07-23 00:00:00+09:00,1641.602294921875,1645.4288736979165,1637.7757161458333,1641.602294921875,63800
2007-07-24 00:00:00+09:00,1649.2556549847538,1656.9088134765625,1645.4290757388496,1656.9088134765625,74200
2007-07-25 00:00:00+09:00,1633.94954332013,1641.6027027736202,1633.94954332013,1637.776123046875,47000
2007-07-26 00:00:00+09:00,1630.1224356576906,1637.7755926326095,1614.8161217078532,1618.6427001953125,88600
2007-07-27 00:00:00+09:00,1618.6426993233817,1618.6426993233817,1599.5098068963914,1607.1629638671875,73000
2007-07-30 00:00:00+09:00,1591.8568109449052,1618.6428630521511,1588.0302320724415,1614.8162841796875,55000
2007-07-31 00:00:00+09:00,1633.949258027253,1653.0821533203125,1633.949258027253,1653.0821533203125,92400
2007-08-01 00:00:00+09:00,1641.6021711200688,1645.428749607528,1618.6427001953125,1618.6427001953125,84200
2007-08-02 00:00:00+09:00,1630.1228810864827,1653.0823582848839,1622.4697220203489,1645.42919921875,91000
2007-08-03 00:00:00+09:00,1641.6023766832552,1645.428955649883,1630.1226397833723,1633.94921875,52400
2007-08-06 00:00:00+09:00,1630.1226789686414,1656.9087323789242,1626.2960999100296,1653.0821533203125,59400
2007-08-07 00:00:00+09:00,1649.2554524739583,1656.9086100260415,1641.602294921875,1641.602294921875,42800
2007-08-08 00:00:00+09:00,1637.7758777733468,1649.255615234375,1633.9492986196708,1649.255615234375,47800
2007-08-09 00:00:00+09:00,1699.0011442321636,1710.4808816931918,1649.255615234375,1649.255615234375,190200
2007-08-10 00:00:00+09:00,1614.8164474233595,1618.6430266826565,1610.9898681640625,1610.9898681640625,156600
2007-08-13 00:00:00+09:00,1595.6834307948939,1607.1631677070873,1591.8568518241627,1599.510009765625,117200
2007-08-14 00:00:00+09:00,1614.8162841796875,1614.8162841796875,1580.377074327514,1614.8162841796875,107000
2007-08-15 00:00:00+09:00,1588.030692394869,1588.030692394869,1542.1117326147762,1549.764892578125,173800
2007-08-16 00:00:00+09:00,1511.4988971053813,1534.4583740234375,1496.1925791600102,1534.4583740234375,147000
2007-08-17 00:00:00+09:00,1515.3255275451031,1522.9786867751288,1484.712890625,1484.712890625,148800
2007-08-20 00:00:00+09:00,1503.8453369140625,1522.9782292412133,1492.365601517772,1503.8453369140625,88600
2007-08-21 00:00:00+09:00,1530.6314700294665,1557.4175207549822,1515.3251553291718,1542.1112060546875,119200
2007-08-22 00:00:00+09:00,1549.7646919688086,1549.7646919688086,1534.4583740234375,1534.4583740234375,41800
2007-08-23 00:00:00+09:00,1538.284912109375,1545.9380708760882,1530.6317533426616,1538.284912109375,75800
2007-08-24 00:00:00+09:00,1542.1114914927316,1549.764650259445,1530.6317533426616,1538.284912109375,53000
2007-08-27 00:00:00+09:00,1545.93798828125,1545.93798828125,1542.111409102336,1545.93798828125,42800
2007-08-28 00:00:00+09:00,1542.1112060546875,1553.5909420799085,1538.2846273796138,1542.1112060546875,53400
2007-08-29 00:00:00+09:00,1496.192583378659,1515.3254808643196,1496.192583378659,1511.4989013671875,96400
2007-08-30 00:00:00+09:00,1515.3252764877204,1522.9784344497796,1507.6721185256613,1519.15185546875,51000
2007-08-31 00:00:00+09:00,1526.8051315833784,1553.5911865234375,1526.8051315833784,1553.5911865234375,87000
2007-09-03 00:00:00+09:00,1557.417725817992,1557.417725817992,1538.284829923422,1545.93798828125,48400
2007-09-04 00:00:00+09:00,1545.9383125964507,1557.4180525414738,1545.9383125964507,1549.764892578125,51800
2007-09-05 00:00:00+09:00,1545.9381124824658,1553.5912714551512,1522.9786355644094,1534.4583740234375,104800
2007-09-06 00:00:00+09:00,1515.3255615234375,1530.6318803267045,1507.672402121804,1515.3255615234375,95400
2007-09-07 00:00:00+09:00,1511.4989013671875,1526.805219355716,1507.6723218700554,1511.4989013671875,38000
2007-09-10 00:00:00+09:00,1503.8457423729233,1522.9786398585838,1496.192583378659,1511.4989013671875,58000
2007-09-11 00:00:00+09:00,1507.6724405720006,1538.2850789592494,1507.6724405720006,1522.978759765625,42600
2007-09-12 00:00:00+09:00,1542.1115747070312,1553.5913134765624,1526.8052563476563,1530.6318359375,104600
2007-09-13 00:00:00+09:00,1545.9380708760882,1545.9380708760882,1534.4583327260184,1538.284912109375,39400
2007-09-14 00:00:00+09:00,1538.2846273796138,1549.764363404835,1538.2846273796138,1542.1112060546875,128000
2007-09-18 00:00:00+09:00,1557.4180525414738,1557.4180525414738,1549.764892578125,1549.764892578125,66000
2007-09-19 00:00:00+09:00,1568.8975830078125,1568.8975830078125,1557.4178445955602,1568.8975830078125,126200
2007-09-20 00:00:00+09:00,1572.7239990234375,1576.5505780964872,1568.8974199503878,1572.7239990234375,126200
2007-09-21 00:00:00+09:00,1553.5912714551512,1565.0710099141795,1534.4583740234375,1534.4583740234375,277400
2007-09-25 00:00:00+09:00,1476.6271157836914,1565.301851196289,1476.6271157836914,1542.1693115234375,237400
2007-09-26 00:00:00+09:00,1549.8800048828125,1553.735427780531,1538.3137361896572,1549.8800048828125,81400
2007-09-27 00:00:00+09:00,1542.169189453125,1576.8679962158203,1542.169189453125,1573.0125732421875,106200
2007-09-28 00:00:00+09:00,1580.723236972846,1596.1449270896542,1573.0123919144419,1588.43408203125,49800
2007-10-01 00:00:00+09:00,1607.711317005724,1607.711317005724,1538.3137061997215,1557.5908203125,99400
2007-10-02 00:00:00+09:00,1576.8679962158203,1584.578842163086,1561.446304321289,1573.0125732421875,46800
2007-10-03 00:00:00+09:00,1576.867846913315,1615.4220729992148,1569.1570016961348,1611.566650390625,139800
2007-10-04 00:00:00+09:00,1611.5667105412138,1615.4221332937045,1592.289596778759,1596.14501953125,44400
2007-10-05 00:00:00+09:00,1584.578751273777,1615.4221332937045,1584.578751273777,1596.14501953125,105000
2007-10-09 00:00:00+09:00,1596.1448510564846,1607.7111180931258,1588.4340063653906,1592.2894287109375,28000
2007-10-10 00:00:00+09:00,1611.5668488646581,1615.4222719480665,1603.8560026978416,1607.71142578125,29600
2007-10-11 00:00:00+09:00,1603.855597729953,1634.698974609375,1592.2893314001697,1634.698974609375,72600
2007-10-12 00:00:00+09:00,1607.71142578125,1607.71142578125,1607.71142578125,1607.71142578125,72600
2007-10-15 00:00:00+09:00,1626.9884015511775,1626.9884015511775,1573.0124830163043,1596.14501953125,57200
2007-10-16 00:00:00+09:00,1573.0125116027227,1576.8679344252785,1557.5908203125,1557.5908203125,39400
2007-10-17 00:00:00+09:00,1553.7352294921875,1553.7352294921875,1553.7352294921875,1553.7352294921875,39400
2007-10-18 00:00:00+09:00,1557.5908512766769,1584.5788115710748,1557.5908512766769,1580.723388671875,55800
2007-10-19 00:00:00+09:00,1553.7353816995596,1553.7353816995596,1546.0245361328125,1546.0245361328125,55800
2007-10-22 00:00:00+09:00,1542.1691740790302,1553.735442884623,1530.6029052734375,1530.6029052734375,53400
2007-10-23 00:00:00+09:00,1549.879958916186,1549.879958916186,1546.0245361328125,1546.0245361328125,53400
2007-10-24 00:00:00+09:00,1553.7354892749881,1565.3017584259187,1530.6029509731272,1534.4583740234375,39400
2007-10-25 00:00:00+09:00,1538.3139051992682,1538.3139051992682,1522.8922119140625,1522.8922119140625,39400
2007-10-26 00:00:00+09:00,1534.4584649658202,1542.1693115234375,1534.4584649658202,1542.1693115234375,39400
2007-10-29 00:00:00+09:00,1546.0243846808119,1561.4460743035631,1530.6026950580606,1553.7352294921875,41600
2007-10-30 00:00:00+09:00,1546.0247181833527,1561.4464111328125,1546.0247181833527,1561.4464111328125,41600
2007-10-31 00:00:00+09:00,1573.0127069659904,1619.2777865826372,1569.1572836646033,1615.42236328125,80800
2007-11-01 00:00:00+09:00,1615.4217896943935,1638.5543212890625,1615.4217896943935,1638.5543212890625,80800
2007-11-02 00:00:00+09:00,1630.8439642816995,1630.8439642816995,1607.71142578125,1607.71142578125,80800
2007-11-05 00:00:00+09:00,1588.434219691265,1626.9884483245482,1588.434219691265,1600.00048828125,61000
2007-11-06 00:00:00+09:00,1607.711227782035,1611.566650390625,1607.711227782035,1611.566650390625,61000
2007-11-07 00:00:00+09:00,1600.0005340576172,1603.85595703125,1600.0005340576172,1603.85595703125,61000
2007-11-08 00:00:00+09:00,1603.855782033208,1603.855782033208,1538.3135986328125,1538.3135986328125,61000
2007-11-09 00:00:00+09:00,1538.3138882446287,1542.1693115234375,1538.3138882446287,1542.1693115234375,61000
2007-11-12 00:00:00+09:00,1511.3256672758675,1511.3256672758675,1499.7593994140625,1499.7593994140625,61000
2007-11-13 00:00:00+09:00,1499.7591369312663,1499.7591369312663,1488.19287109375,1488.19287109375,61000
2007-11-14 00:00:00+09:00,1488.1931315522572,1499.7593994140625,1488.1931315522572,1499.7593994140625,61000
2007-11-15 00:00:00+09:00,1519.036712338226,1530.602981721512,1519.036712338226,1526.74755859375,66200
2007-11-16 00:00:00+09:00,1519.0360855995548,1519.0360855995548,1515.1806640625,1515.1806640625,66200
2007-11-19 00:00:00+09:00,1492.048583984375,1492.048583984375,1492.048583984375,1492.048583984375,66200
2007-11-20 00:00:00+09:00,1461.2050994090544,1503.61474609375,1461.2050994090544,1503.61474609375,66200
2007-11-21 00:00:00+09:00,1503.6146705412802,1507.4700927734375,1503.6146705412802,1507.4700927734375,66200
2007-11-22 00:00:00+09:00,1511.3258522727272,1511.3258522727272,1484.337890625,1484.337890625,66200
2007-11-26 00:00:00+09:00,1484.3376050676618,1515.1809838742627,1484.3376050676618,1511.3255615234375,43200
2007-11-27 00:00:00+09:00,1492.0485279972393,1538.3135986328125,1492.0485279972393,1538.3135986328125,66200
2007-11-28 00:00:00+09:00,1501.810088527415,1515.1806640625,1501.810088527415,1515.1806640625,66200
2007-11-29 00:00:00+09:00,1538.3135986328125,1538.3135986328125,1538.3135986328125,1538.3135986328125,66200
2007-11-30 00:00:00+09:00,1534.458328208635,1534.458328208635,1530.6029052734375,1530.6029052734375,66200
2007-12-03 00:00:00+09:00,1530.6030585566652,1530.6030585566652,1522.8922119140625,1522.8922119140625,66200
2007-12-04 00:00:00+09:00,1522.891781702066,1522.891781702066,1507.4700927734375,1507.4700927734375,47000
2007-12-05 00:00:00+09:00,1507.4704126712666,1534.4583740234375,1507.4704126712666,1534.4583740234375,47000
2007-12-06 00:00:00+09:00,1538.3138591940633,1538.3138591940633,1519.0367431640625,1519.0367431640625,47000
2007-12-07 00:00:00+09:00,1542.1692824000634,1546.0247056060637,1519.0367431640625,1519.0367431640625,123600
2007-12-10 00:00:00+09:00,1522.8918285759128,1522.8918285759128,1511.3255615234375,1511.3255615234375,123600
2007-12-11 00:00:00+09:00,1549.9560263419046,1549.9560263419046,1534.4583740234375,1534.4583740234375,123600
2007-12-12 00:00:00+09:00,1507.4701391726123,1511.3255615234375,1507.4701391726123,1511.3255615234375,123600
2007-12-13 00:00:00+09:00,1499.7595829951297,1499.7595829951297,1484.337890625,1484.337890625,123600
2007-12-14 00:00:00+09:00,1499.759429379643,1499.759429379643,1488.1931612867409,1492.048583984375,123600
2007-12-17 00:00:00+09:00,1495.9035727398825,1495.9035727398825,1476.62646484375,1476.62646484375,123600
2007-12-18 00:00:00+09:00,1465.0607751623377,1488.1933137175324,1434.2173904220779,1484.337890625,71400
2007-12-19 00:00:00+09:00,1468.9163365414267,1468.9163365414267,1465.0609130859375,1465.0609130859375,123600
2007-12-20 00:00:00+09:00,1449.6385498046875,1449.6385498046875,1449.6385498046875,1449.6385498046875,123600
2007-12-21 00:00:00+09:00,1449.6391457565348,1449.6391457565348,1438.0728759765625,1438.0728759765625,123600
2007-12-25 00:00:00+09:00,1449.6385498046875,1449.6385498046875,1449.6385498046875,1449.6385498046875,123600
2007-12-26 00:00:00+09:00,1445.783128129675,1453.4939714797001,1445.783128129675,1449.6385498046875,37400
2007-12-27 00:00:00+09:00,1449.6385498046875,1449.6385498046875,1449.6385498046875,1449.6385498046875,37400
2007-12-28 00:00:00+09:00,1438.072815437627,1457.3499309260671,1422.651123046875,1422.651123046875,54200
2008-01-04 00:00:00+09:00,1411.0846814242277,1414.9401040510697,1357.1087646484375,1357.1087646484375,106000
2008-01-07 00:00:00+09:00,1341.6869073851497,1353.253173828125,1341.6869073851497,1353.253173828125,37400
2008-01-08 00:00:00+09:00,1353.2533420215955,1357.1087646484375,1353.2533420215955,1357.1087646484375,37400
2008-01-09 00:00:00+09:00,1357.1089920343138,1376.3861083984375,1357.1089920343138,1376.3861083984375,37400
2008-01-10 00:00:00+09:00,1372.5304715008801,1372.5304715008801,1368.675048828125,1368.675048828125,37400
2008-01-11 00:00:00+09:00,1368.674862418759,1368.674862418759,1353.253173828125,1353.253173828125,37400
2008-01-15 00:00:00+09:00,1357.1089174107142,1357.1089174107142,1349.3980712890625,1349.3980712890625,37400
2008-01-16 00:00:00+09:00,1349.397762938042,1360.9640294775108,1333.97607421875,1333.97607421875,103400
2008-01-17 00:00:00+09:00,1353.253355702337,1353.253355702337,1337.8316650390625,1337.8316650390625,103400
2008-01-18 00:00:00+09:00,1322.4099449879118,1345.54248046875,1322.4099449879118,1345.54248046875,103400
2008-01-21 00:00:00+09:00,1318.5544727998622,1318.5544727998622,1310.8436279296875,1310.8436279296875,103400
2008-01-22 00:00:00+09:00,1314.6988433746246,1314.6988433746246,1283.85546875,1283.85546875,176400
2008-01-23 00:00:00+09:00,1291.5665283203125,1291.5665283203125,1291.5665283203125,1291.5665283203125,176400
2008-01-24 00:00:00+09:00,1291.5665612542384,1314.6990966796875,1291.5665612542384,1314.6990966796875,176400
2008-01-25 00:00:00+09:00,1314.699131409551,1368.675048828125,1314.699131409551,1368.675048828125,176400
2008-01-28 00:00:00+09:00,1376.3854783914858,1376.3854783914858,1364.8192138671875,1364.8192138671875,176400
2008-01-29 00:00:00+09:00,1391.807587258415,1399.5184326171875,1391.807587258415,1399.5184326171875,176400
2008-01-30 00:00:00+09:00,1399.5184302101673,1399.5184302101673,1368.675048828125,1368.675048828125,176400
2008-01-31 00:00:00+09:00,1403.373779296875,1403.373779296875,1403.373779296875,1403.373779296875,176400
2008-02-01 00:00:00+09:00,1384.0969221650419,1414.9403076171875,1384.0969221650419,1414.9403076171875,176400
2008-02-04 00:00:00+09:00,1430.3616943359375,1430.3616943359375,1430.3616943359375,1430.3616943359375,176400
2008-02-05 00:00:00+09:00,1434.2168631046377,1449.6385498046875,1434.2168631046377,1449.6385498046875,176400
2008-02-06 00:00:00+09:00,1438.0725390493387,1438.0725390493387,1430.3616943359375,1430.3616943359375,176400
2008-02-07 00:00:00+09:00,1438.072249051485,1476.62646484375,1438.072249051485,1476.62646484375,176400
2008-02-08 00:00:00+09:00,1461.2051865259805,1480.4822998046875,1461.2051865259805,1480.4822998046875,176400
2008-02-12 00:00:00+09:00,1480.482286311054,1499.7593994140625,1480.482286311054,1499.7593994140625,176400
2008-02-13 00:00:00+09:00,1484.3377224604287,1484.3377224604287,1480.4822998046875,1480.4822998046875,176400
2008-02-14 00:00:00+09:00,1503.6146705412802,1507.4700927734375,1503.6146705412802,1507.4700927734375,176400
2008-02-15 00:00:00+09:00,1499.758977914281,1515.1806640625,1499.758977914281,1515.1806640625,176400
2008-02-18 00:00:00+09:00,1503.6150210665674,1503.6150210665674,1495.9041748046875,1495.9041748046875,176400
2008-02-19 00:00:00+09:00,1499.7593236678686,1503.61474609375,1499.7593236678686,1503.61474609375,176400
2008-02-20 00:00:00+09:00,1476.6270143211989,1476.6270143211989,1461.205322265625,1461.205322265625,176400
2008-02-21 00:00:00+09:00,1492.0482930395888,1492.0482930395888,1484.3374491479112,1488.19287109375,176400
2008-02-22 00:00:00+09:00,1484.3377525768979,1484.3377525768979,1472.771484375,1472.771484375,176400
2008-02-25 00:00:00+09:00,1511.3252425254452,1515.1806640625,1511.3252425254452,1515.1806640625,176400
2008-02-26 00:00:00+09:00,1492.048151160656,1492.048151160656,1476.62646484375,1476.62646484375,176400
2008-02-27 00:00:00+09:00,1476.6270591499879,1495.9041748046875,1476.6270591499879,1495.9041748046875,176400
2008-02-28 00:00:00+09:00,1492.0484788161057,1503.61474609375,1492.0484788161057,1503.61474609375,39600
2008-02-29 00:00:00+09:00,1472.7710432645235,1476.62646484375,1472.7710432645235,1476.62646484375,39600
2008-03-03 00:00:00+09:00,1465.0602084366733,1468.9156300378224,1457.349365234375,1457.349365234375,66400
2008-03-04 00:00:00+09:00,1457.349962613888,1457.349962613888,1414.9403076171875,1414.9403076171875,66400
2008-03-05 00:00:00+09:00,1414.9403364166178,1438.0728759765625,1414.9403364166178,1438.0728759765625,66400
2008-03-06 00:00:00+09:00,1438.0728759765625,1441.9282992365531,1434.2174527165716,1438.0728759765625,35600
2008-03-07 00:00:00+09:00,1438.0728759765625,1438.0728759765625,1438.0728759765625,1438.0728759765625,35600
2008-03-10 00:00:00+09:00,1438.0728759765625,1438.0728759765625,1438.0728759765625,1438.0728759765625,35600
2008-03-11 00:00:00+09:00,1434.2173765457887,1449.6390687667113,1418.7956843248664,1441.92822265625,50000
2008-03-12 00:00:00+09:00,1411.0848083496094,1422.6510772705078,1407.2293853759766,1418.795654296875,93200
2008-03-13 00:00:00+09:00,1414.9403387200343,1414.9403387200343,1403.374068921233,1407.2294921875,62400
2008-03-14 00:00:00+09:00,1418.7957307987058,1418.7957307987058,1414.9403076171875,1414.9403076171875,62400
2008-03-17 00:00:00+09:00,1418.7954691792584,1418.7954691792584,1403.373779296875,1403.373779296875,62400
2008-03-18 00:00:00+09:00,1395.6631466391307,1411.0848388671875,1395.6631466391307,1411.0848388671875,62400
2008-03-19 00:00:00+09:00,1411.084508096018,1434.217041015625,1411.084508096018,1434.217041015625,62400
2008-03-21 00:00:00+09:00,1434.2171504579742,1453.4942626953125,1434.2171504579742,1453.4942626953125,62400
2008-03-24 00:00:00+09:00,1457.3499148771725,1457.3499148771725,1441.92822265625,1441.92822265625,62400
2008-03-25 00:00:00+09:00,1426.5061967090894,1434.217041015625,1426.5061967090894,1434.217041015625,62400
2008-03-26 00:00:00+09:00,1422.619813012295,1422.619813012295,1414.88818359375,1414.88818359375,62400
2008-03-27 00:00:00+09:00,1426.4858103213103,1426.4858103213103,1422.6199951171875,1422.6199951171875,62400
2008-03-28 00:00:00+09:00,1426.4855039854308,1430.351318359375,1426.4855039854308,1430.351318359375,62400
2008-03-31 00:00:00+09:00,1383.961639831714,1383.961639831714,1380.0958251953125,1380.0958251953125,62400
2008-04-01 00:00:00+09:00,1391.6932691045167,1391.6932691045167,1380.0958251953125,1380.0958251953125,62400
2008-04-02 00:00:00+09:00,1380.095912053035,1407.1566162109375,1380.095912053035,1407.1566162109375,62400
2008-04-03 00:00:00+09:00,1411.0224310906378,1411.0224310906378,1407.1566162109375,1407.1566162109375,62400
2008-04-04 00:00:00+09:00,1412.5742384374305,1412.5742384374305,1403.29052734375,1403.29052734375,62400
2008-04-07 00:00:00+09:00,1430.3516508618884,1441.9490966796875,1430.3516508618884,1441.9490966796875,62400
2008-04-08 00:00:00+09:00,1449.680727224887,1449.680727224887,1441.9490966796875,1441.9490966796875,62400
2008-04-09 00:00:00+09:00,1441.9488865586577,1441.9488865586577,1414.88818359375,1414.88818359375,62400
2008-04-10 00:00:00+09:00,1403.290831014555,1411.0224609375,1403.290831014555,1411.0224609375,62400
2008-04-11 00:00:00+09:00,1414.888060863598,1430.351318359375,1414.888060863598,1430.351318359375,62400
2008-04-14 00:00:00+09:00,1387.8273622310362,1387.8273622310362,1383.9615478515625,1383.9615478515625,62400
2008-04-15 00:00:00+09:00,1387.827787950304,1391.693603515625,1387.827787950304,1391.693603515625,62400
2008-04-16 00:00:00+09:00,1391.693386130137,1411.0224609375,1391.693386130137,1411.0224609375,62400
2008-04-17 00:00:00+09:00,1407.1563414686639,1407.1563414686639,1403.29052734375,1403.29052734375,62400
2008-04-18 00:00:00+09:00,1399.4250160530821,1411.0224609375,1399.4250160530821,1411.0224609375,62400
2008-04-21 00:00:00+09:00,1411.0223372131181,1426.485595703125,1411.0223372131181,1426.485595703125,62400
2008-04-22 00:00:00+09:00,1422.6199951171875,1422.6199951171875,1422.6199951171875,1422.6199951171875,62400
2008-04-23 00:00:00+09:00,1425.0590411327014,1430.351318359375,1425.0590411327014,1430.351318359375,62400
2008-04-24 00:00:00+09:00,1430.351318359375,1430.351318359375,1430.351318359375,1430.351318359375,62400
2008-04-25 00:00:00+09:00,1457.4121715494794,1457.4121715494794,1449.6805419921875,1449.6805419921875,62400
2008-04-28 00:00:00+09:00,1465.1439504523025,1469.009765625,1465.1439504523025,1469.009765625,62400
2008-04-30 00:00:00+09:00,1472.875688849093,1472.875688849093,1418.7542724609375,1418.7542724609375,62400
2008-05-01 00:00:00+09:00,1399.4249864515368,1407.1566162109375,1399.4249864515368,1407.1566162109375,62400
2008-05-02 00:00:00+09:00,1434.217041015625,1434.217041015625,1434.217041015625,1434.217041015625,62400
2008-05-07 00:00:00+09:00,1434.2172249481284,1434.2172249481284,1426.485595703125,1426.485595703125,62400
2008-05-08 00:00:00+09:00,1403.2904658013765,1403.2904658013765,1395.558837890625,1395.558837890625,62400
2008-05-09 00:00:00+09:00,1391.6930239352494,1395.558837890625,1391.6930239352494,1395.558837890625,62400
2008-05-12 00:00:00+09:00,1399.424713218836,1403.29052734375,1399.424713218836,1403.29052734375,62400
2008-05-13 00:00:00+09:00,1399.4250160530821,1411.0224609375,1399.4250160530821,1411.0224609375,62400
2008-05-14 00:00:00+09:00,1411.0221562552645,1434.217041015625,1411.0221562552645,1434.217041015625,62400
2008-05-15 00:00:00+09:00,1480.6072072982788,1484.4730224609375,1480.6072072982788,1484.4730224609375,62400
2008-05-16 00:00:00+09:00,1445.8149119522873,1445.8149119522873,1441.9490966796875,1441.9490966796875,62400
2008-05-19 00:00:00+09:00,1445.81494140625,1445.81494140625,1445.81494140625,1445.81494140625,62400
2008-05-20 00:00:00+09:00,1438.0828551423517,1438.0828551423517,1434.217041015625,1434.217041015625,62400
2008-05-21 00:00:00+09:00,1414.8879697184916,1414.8879697184916,1403.29052734375,1403.29052734375,62400
2008-05-22 00:00:00+09:00,1403.2907394659323,1414.88818359375,1403.2907394659323,1414.88818359375,62400
2008-05-23 00:00:00+09:00,1441.9486692690784,1441.9486692690784,1434.217041015625,1434.217041015625,62400
2008-05-26 00:00:00+09:00,1422.619535578255,1422.619535578255,1395.558837890625,1395.558837890625,62400
2008-05-27 00:00:00+09:00,1399.424713218836,1403.29052734375,1399.424713218836,1403.29052734375,62400
2008-05-28 00:00:00+09:00,1391.6931766105097,1391.6931766105097,1383.9615478515625,1383.9615478515625,62400
2008-05-29 00:00:00+09:00,1407.1566459760274,1411.0224609375,1407.1566459760274,1411.0224609375,62400
2008-05-30 00:00:00+09:00,1411.0223372131181,1426.485595703125,1411.0223372131181,1426.485595703125,62400
2008-06-02 00:00:00+09:00,1414.8884570046405,1418.7542724609375,1414.8884570046405,1418.7542724609375,62400
2008-06-03 00:00:00+09:00,1395.558837890625,1395.558837890625,1395.558837890625,1395.558837890625,62400
2008-06-04 00:00:00+09:00,1403.29052734375,1403.29052734375,1403.29052734375,1403.29052734375,62400
2008-06-05 00:00:00+09:00,1391.6930849690082,1403.29052734375,1391.6930849690082,1403.29052734375,62400
2008-06-06 00:00:00+09:00,1407.1562797567522,1407.1562797567522,1395.558837890625,1395.558837890625,62400
2008-06-09 00:00:00+09:00,1376.2298277948944,1376.2298277948944,1372.364013671875,1372.364013671875,62400
2008-06-10 00:00:00+09:00,1372.364013671875,1372.364013671875,1372.364013671875,1372.364013671875,62400
2008-06-11 00:00:00+09:00,1372.3644135215065,1372.3644135215065,1360.7669677734375,1360.7669677734375,62400
2008-06-12 00:00:00+09:00,1356.9010604555815,1364.6326904296875,1356.9010604555815,1364.6326904296875,62400
2008-06-13 00:00:00+09:00,1349.1695220253685,1360.7669677734375,1349.1695220253685,1360.7669677734375,62400
2008-06-16 00:00:00+09:00,1364.6327788963747,1376.230224609375,1364.6327788963747,1376.230224609375,62400
2008-06-17 00:00:00+09:00,1376.230010558911,1380.0958251953125,1376.230010558911,1380.0958251953125,62400
2008-06-18 00:00:00+09:00,1383.961639831714,1383.961639831714,1376.230010558911,1380.0958251953125,18200
2008-06-19 00:00:00+09:00,1360.7666629464286,1360.7666629464286,1353.0350341796875,1353.0350341796875,18200
2008-06-20 00:00:00+09:00,1353.0350341796875,1353.0350341796875,1353.0350341796875,1353.0350341796875,18200
2008-06-23 00:00:00+09:00,1349.1692197963168,1364.632477329799,1349.1692197963168,1353.0350341796875,36000
2008-06-24 00:00:00+09:00,1364.6323854258362,1372.364013671875,1364.6323854258362,1372.364013671875,36000
2008-06-25 00:00:00+09:00,1368.4982896667818,1399.4248046875,1368.4982896667818,1399.4248046875,36000
2008-06-26 00:00:00+09:00,1380.0960064306232,1387.82763671875,1380.0960064306232,1387.82763671875,36000
2008-06-27 00:00:00+09:00,1387.827580352005,1387.827580352005,1364.6326904296875,1364.6326904296875,36000
2008-06-30 00:00:00+09:00,1364.6323262476194,1395.558837890625,1364.6323262476194,1395.558837890625,36000
2008-07-01 00:00:00+09:00,1395.5592670068768,1395.5592670068768,1387.82763671875,1387.82763671875,36000
2008-07-02 00:00:00+09:00,1387.8276745189319,1387.8276745189319,1360.7669677734375,1360.7669677734375,36000
2008-07-03 00:00:00+09:00,1360.7665713028168,1372.364013671875,1360.7665713028168,1372.364013671875,36000
2008-07-04 00:00:00+09:00,1372.3641959225097,1380.0958251953125,1372.3641959225097,1380.0958251953125,36000
2008-07-07 00:00:00+09:00,1403.29061906509,1403.29061906509,1399.4248046875,1399.4248046875,36000
2008-07-08 00:00:00+09:00,1372.3639829818812,1372.3639829818812,1368.4981689453125,1368.4981689453125,36000
2008-07-09 00:00:00+09:00,1391.6930842869717,1391.6930842869717,1372.364013671875,1372.364013671875,36000
2008-07-10 00:00:00+09:00,1383.9615478515625,1383.9615478515625,1383.9615478515625,1383.9615478515625,36000
2008-07-11 00:00:00+09:00,1383.9615478515625,1383.9615478515625,1383.9615478515625,1383.9615478515625,36000
2008-07-14 00:00:00+09:00,1403.2908972950033,1403.2908972950033,1387.82763671875,1387.82763671875,36000
2008-07-15 00:00:00+09:00,1383.9615471771408,1399.4248046875,1383.9615471771408,1399.4248046875,36000
2008-07-16 00:00:00+09:00,1399.4246518460006,1399.4246518460006,1395.558837890625,1395.558837890625,36000
2008-07-17 00:00:00+09:00,1395.558899093922,1403.29052734375,1395.558899093922,1403.29052734375,36000
2008-07-18 00:00:00+09:00,1403.2908972950033,1403.2908972950033,1387.82763671875,1387.82763671875,36000
2008-07-22 00:00:00+09:00,1399.424803367821,1430.351318359375,1395.5589889938767,1430.351318359375,44400
2008-07-23 00:00:00+09:00,1438.083281407088,1441.9490966796875,1438.083281407088,1441.9490966796875,44400
2008-07-24 00:00:00+09:00,1457.4123201069078,1469.009765625,1457.4123201069078,1469.009765625,44400
2008-07-25 00:00:00+09:00,1461.2782028116644,1461.2782028116644,1445.81494140625,1445.81494140625,44400
2008-07-28 00:00:00+09:00,1449.6805419921875,1449.6805419921875,1449.6805419921875,1449.6805419921875,44400
2008-07-29 00:00:00+09:00,1422.6195986354448,1434.217041015625,1422.6195986354448,1434.217041015625,44400
2008-07-30 00:00:00+09:00,1457.4118959134219,1461.2777099609375,1457.4118959134219,1461.2777099609375,44400
2008-07-31 00:00:00+09:00,1453.5463228075917,1476.7412109375,1453.5463228075917,1476.7412109375,44400
2008-08-01 00:00:00+09:00,1476.7414079749067,1476.7414079749067,1422.6199951171875,1422.6199951171875,44400
2008-08-04 00:00:00+09:00,1426.485595703125,1426.485595703125,1426.485595703125,1426.485595703125,44400
2008-08-05 00:00:00+09:00,1461.2782028116644,1461.2782028116644,1445.81494140625,1445.81494140625,44400
2008-08-06 00:00:00+09:00,1445.8144537708747,1461.2777099609375,1445.8144537708747,1461.2777099609375,44400
2008-08-07 00:00:00+09:00,1414.8882459703382,1414.8882459703382,1407.1566162109375,1407.1566162109375,44400
2008-08-08 00:00:00+09:00,1383.9613960244978,1395.558837890625,1383.9613960244978,1395.558837890625,44400
2008-08-11 00:00:00+09:00,1407.1563414686639,1407.1563414686639,1403.29052734375,1403.29052734375,44400
2008-08-12 00:00:00+09:00,1387.827239128156,1387.827239128156,1368.4981689453125,1368.4981689453125,44400
2008-08-13 00:00:00+09:00,1368.4981689453125,1368.4981689453125,1368.4981689453125,1368.4981689453125,44400
2008-08-14 00:00:00+09:00,1364.6326904296875,1364.6326904296875,1364.6326904296875,1364.6326904296875,44400
2008-08-15 00:00:00+09:00,1368.4984674139337,1407.1566162109375,1368.4984674139337,1407.1566162109375,44400
2008-08-18 00:00:00+09:00,1457.4123319542928,1457.4123319542928,1422.6199951171875,1422.6199951171875,44400
2008-08-19 00:00:00+09:00,1411.0222478202693,1411.0222478202693,1399.4248046875,1399.4248046875,44400
2008-08-20 00:00:00+09:00,1399.4249247566597,1414.88818359375,1399.4249247566597,1414.88818359375,44400
2008-08-21 00:00:00+09:00,1395.5589903099103,1399.4248046875,1395.5589903099103,1399.4248046875,44400
2008-08-22 00:00:00+09:00,1411.0224609375,1411.0224609375,1411.0224609375,1411.0224609375,44400
2008-08-25 00:00:00+09:00,1441.9486999511719,1445.8145141601562,1434.2170715332031,1438.0828857421875,29800
2008-08-26 00:00:00+09:00,1418.753784508718,1434.217041015625,1418.753784508718,1434.217041015625,29800
2008-08-27 00:00:00+09:00,1438.0828551423517,1438.0828551423517,1434.217041015625,1434.217041015625,29800
2008-08-28 00:00:00+09:00,1434.2170715332031,1438.0828857421875,1434.2170715332031,1438.0828857421875,29800
2008-08-29 00:00:00+09:00,1438.083244243421,1469.009765625,1438.083244243421,1469.009765625,29800
2008-09-01 00:00:00+09:00,1469.0094620988177,1469.0094620988177,1430.351318359375,1430.351318359375,29800
2008-09-02 00:00:00+09:00,1426.4854120932334,1426.4854120932334,1403.29052734375,1403.29052734375,29800
2008-09-03 00:00:00+09:00,1445.81494140625,1445.81494140625,1445.81494140625,1445.81494140625,29800
2008-09-04 00:00:00+09:00,1438.0829471072636,1449.6803902290962,1430.351318359375,1430.351318359375,37200
2008-09-05 00:00:00+09:00,1411.0225495048192,1422.6199951171875,1411.0225495048192,1422.6199951171875,37200
2008-09-08 00:00:00+09:00,1469.009765625,1469.009765625,1469.009765625,1469.009765625,37200
2008-09-09 00:00:00+09:00,1465.1435240084531,1465.1435240084531,1461.2777099609375,1461.2777099609375,37200
2008-09-10 00:00:00+09:00,1469.0097359931563,1472.8755510878752,1445.8148454248433,1465.1439208984375,41000
2008-09-11 00:00:00+09:00,1449.6803902290962,1449.6803902290962,1430.351318359375,1430.351318359375,41000
2008-09-12 00:00:00+09:00,1430.3514975689827,1453.54638671875,1430.3514975689827,1453.54638671875,41000
2008-09-16 00:00:00+09:00,1453.546142578125,1453.546142578125,1438.0828857421875,1438.0828857421875,41000
2008-09-17 00:00:00+09:00,1449.6805958933644,1488.3387451171875,1449.6805958933644,1488.3387451171875,41000
2008-09-18 00:00:00+09:00,1488.3388114667505,1488.3388114667505,1465.1439208984375,1465.1439208984375,41000
2008-09-19 00:00:00+09:00,1461.2781058037187,1465.1439208984375,1461.2781058037187,1465.1439208984375,41000
2008-09-22 00:00:00+09:00,1480.607211143092,1480.607211143092,1469.009765625,1469.009765625,41000
2008-09-24 00:00:00+09:00,1441.9490966796875,1441.9490966796875,1441.9490966796875,1441.9490966796875,41000
2008-09-25 00:00:00+09:00,1422.4628963417913,1422.4628963417913,1414.6685791015625,1414.6685791015625,41000
2008-09-26 00:00:00+09:00,1387.3887365206867,1387.3887365206867,1383.4915771484375,1383.4915771484375,41000
2008-09-29 00:00:00+09:00,1383.4915699678309,1391.285888671875,1383.4915699678309,1391.285888671875,41000
2008-09-30 00:00:00+09:00,1379.5944250177054,1379.5944250177054,1375.697265625,1375.697265625,41000
2008-10-01 00:00:00+09:00,1375.697265625,1375.697265625,1375.697265625,1375.697265625,41000
2008-10-02 00:00:00+09:00,1375.6971943030196,1387.388671875,1375.6971943030196,1387.388671875,41000
2008-10-03 00:00:00+09:00,1395.183055265185,1395.183055265185,1383.4915771484375,1383.4915771484375,41000
2008-10-06 00:00:00+09:00,1375.6968359650866,1379.593994140625,1375.6968359650866,1379.593994140625,41000
2008-10-07 00:00:00+09:00,1371.8001135149573,1371.8001135149573,1367.9029541015625,1367.9029541015625,41000
2008-10-08 00:00:00+09:00,1367.902728006114,1367.902728006114,1344.519775390625,1344.519775390625,41000
2008-10-09 00:00:00+09:00,1317.2396357187968,1317.2396357187968,1301.6510009765625,1301.6510009765625,41000
2008-10-10 00:00:00+09:00,1301.6512005145735,1301.6512005145735,1215.9136962890625,1215.9136962890625,41000
2008-10-14 00:00:00+09:00,1344.5198269548089,1356.2113037109375,1344.5198269548089,1356.2113037109375,41000
2008-10-15 00:00:00+09:00,1356.211045087394,1379.593994140625,1356.211045087394,1379.593994140625,41000
2008-10-16 00:00:00+09:00,1360.1085477140991,1360.1085477140991,1328.9312744140625,1328.9312744140625,41000
2008-10-17 00:00:00+09:00,1371.7999083449722,1395.182861328125,1371.7999083449722,1395.182861328125,41000
2008-10-20 00:00:00+09:00,1395.1830198523116,1422.463134765625,1395.1830198523116,1422.463134765625,41000
2008-10-21 00:00:00+09:00,1430.2574393419716,1438.0517578125,1430.2574393419716,1438.0517578125,41000
2008-10-22 00:00:00+09:00,1395.1831361607144,1422.4632533482143,1364.005859375,1364.005859375,49800
2008-10-23 00:00:00+09:00,1344.5201416015625,1402.9775390625,1344.5201416015625,1402.9775390625,49800
2008-10-24 00:00:00+09:00,1395.1828270505014,1395.1828270505014,1360.1083984375,1360.1083984375,49800
2008-10-27 00:00:00+09:00,1360.1085477140991,1360.1085477140991,1328.9312744140625,1328.9312744140625,49800
2008-10-28 00:00:00+09:00,1317.2398817274307,1367.9029541015625,1317.2398817274307,1367.9029541015625,49800
2008-10-29 00:00:00+09:00,1367.9025008902365,1410.771240234375,1367.9025008902365,1410.771240234375,49800
2008-10-30 00:00:00+09:00,1410.7715800517315,1441.9488525390625,1410.7715800517315,1441.9488525390625,49800
2008-10-31 00:00:00+09:00,1445.846297200521,1445.846297200521,1402.9775390625,1402.9775390625,49800
2008-11-04 00:00:00+09:00,1402.977324695122,1438.0517578125,1402.977324695122,1438.0517578125,146000
2008-11-05 00:00:00+09:00,1441.9486555989583,1461.4344482421875,1441.9486555989583,1461.4344482421875,146000
2008-11-06 00:00:00+09:00,1461.4349447050938,1461.4349447050938,1453.640625,1453.640625,146000
2008-11-07 00:00:00+09:00,1434.1545985772357,1438.0517578125,1434.1545985772357,1438.0517578125,146000
2008-11-10 00:00:00+09:00,1457.537784852547,1457.537784852547,1453.640625,1453.640625,146000
2008-11-11 00:00:00+09:00,1418.565737721677,1418.565737721677,1414.6685791015625,1414.6685791015625,146000
2008-11-12 00:00:00+09:00,1418.5659754922945,1430.2574533122859,1418.5659754922945,1422.463134765625,46800
2008-11-13 00:00:00+09:00,1402.9769239899863,1410.771240234375,1402.9769239899863,1410.771240234375,46800
2008-11-14 00:00:00+09:00,1410.7716270189605,1410.7716270189605,1387.388671875,1387.388671875,46800
2008-11-17 00:00:00+09:00,1418.5661783854166,1418.5661783854166,1402.9775390625,1402.9775390625,46800
2008-11-18 00:00:00+09:00,1402.9774819376742,1402.9774819376742,1399.080322265625,1399.080322265625,46800
2008-11-19 00:00:00+09:00,1410.7714204814479,1414.6685791015625,1410.7714204814479,1414.6685791015625,46800
2008-11-20 00:00:00+09:00,1414.6690185546875,1414.6690185546875,1402.9775390625,1402.9775390625,46800
2008-11-21 00:00:00+09:00,1402.9769872100069,1406.8741455078125,1402.9769872100069,1406.8741455078125,46800
2008-11-25 00:00:00+09:00,1410.7715800517315,1441.9488525390625,1410.7715800517315,1441.9488525390625,50400
2008-11-26 00:00:00+09:00,1441.948689442364,1441.948689442364,1414.6685791015625,1414.6685791015625,50400
2008-11-27 00:00:00+09:00,1418.5659754922945,1422.463134765625,1418.5659754922945,1422.463134765625,50400
2008-11-28 00:00:00+09:00,1422.4629195193027,1465.3316650390625,1422.4629195193027,1465.3316650390625,50400
2008-12-01 00:00:00+09:00,1465.3320046406675,1465.3320046406675,1430.257568359375,1430.257568359375,50400
2008-12-02 00:00:00+09:00,1430.2572135820203,1430.2572135820203,1414.6685791015625,1414.6685791015625,50400
2008-12-03 00:00:00+09:00,1426.3602801067073,1438.0517578125,1426.3602801067073,1438.0517578125,50400
2008-12-04 00:00:00+09:00,1438.0519855898124,1453.640625,1438.0519855898124,1453.640625,50400
2008-12-05 00:00:00+09:00,1453.6403947535568,1453.6403947535568,1438.0517578125,1438.0517578125,50400
2008-12-08 00:00:00+09:00,1449.7430245535716,1473.1259765625,1449.7430245535716,1473.1259765625,50400
2008-12-09 00:00:00+09:00,1445.8458832771546,1449.7430419921875,1445.8458832771546,1449.7430419921875,50400
2008-12-10 00:00:00+09:00,1449.74297265625,1461.4344482421875,1449.74297265625,1461.4344482421875,50400
2008-12-11 00:00:00+09:00,1434.154564849934,1477.0233154296875,1434.154564849934,1477.0233154296875,50400
2008-12-12 00:00:00+09:00,1477.023518118629,1477.023518118629,1457.5377197265625,1457.5377197265625,50400
2008-12-15 00:00:00+09:00,1457.5376965974508,1480.920654296875,1457.5376965974508,1480.920654296875,50400
2008-12-16 00:00:00+09:00,1473.1261562860736,1477.0233154296875,1473.1261562860736,1477.0233154296875,33200
2008-12-17 00:00:00+09:00,1469.22900390625,1469.22900390625,1469.22900390625,1469.22900390625,64400
2008-12-18 00:00:00+09:00,1469.22900390625,1469.22900390625,1469.22900390625,1469.22900390625,46800
2008-12-19 00:00:00+09:00,1469.2291987618023,1469.2291987618023,1457.5377197265625,1457.5377197265625,46400
2008-12-22 00:00:00+09:00,1477.0233154296875,1477.0233154296875,1477.0233154296875,1477.0233154296875,23800
2008-12-24 00:00:00+09:00,1480.9202938988096,1480.9202938988096,1473.1259765625,1473.1259765625,33400
2008-12-25 00:00:00+09:00,1481.809218106913,1481.809218106913,1480.920654296875,1480.920654296875,14800
2008-12-26 00:00:00+09:00,1469.228823722677,1469.228823722677,1453.6401889882188,1465.3316650390625,45400
2008-12-29 00:00:00+09:00,1473.1262490915697,1512.097842982881,1473.1262490915697,1508.20068359375,65600
2008-12-30 00:00:00+09:00,1492.6120460372254,1512.097842982881,1492.6120460372254,1508.20068359375,21200
2009-01-05 00:00:00+09:00,1515.9948863636364,1523.7892045454546,1500.40625,1500.40625,25200
2009-01-06 00:00:00+09:00,1504.3037935992866,1504.3037935992866,1484.8179931640625,1484.8179931640625,26200
2009-01-07 00:00:00+09:00,1484.8174525669644,1484.8174525669644,1473.1259765625,1473.1259765625,36400
2009-01-08 00:00:00+09:00,1473.125923828125,1473.125923828125,1461.4344482421875,1461.4344482421875,33000
2009-01-09 00:00:00+09:00,1457.5373594222528,1457.5373594222528,1449.7430419921875,1449.7430419921875,42600
2009-01-13 00:00:00+09:00,1453.6404750949735,1453.6404750949735,1418.5660400390625,1418.5660400390625,117200
2009-01-14 00:00:00+09:00,1418.5660254436991,1434.1546630859375,1418.5660254436991,1434.1546630859375,52400
2009-01-15 00:00:00+09:00,1402.9774022364354,1418.5660400390625,1402.9774022364354,1418.5660400390625,123000
2009-01-16 00:00:00+09:00,1422.4631848542588,1434.1546630859375,1422.4631848542588,1434.1546630859375,37200
2009-01-19 00:00:00+09:00,1426.3604087725646,1430.257568359375,1426.3604087725646,1430.257568359375,30200
2009-01-20 00:00:00+09:00,1406.8741455078125,1406.8741455078125,1406.8741455078125,1406.8741455078125,27600
2009-01-21 00:00:00+09:00,1406.8746988932292,1406.8746988932292,1402.9775390625,1402.9775390625,69600
2009-01-22 00:00:00+09:00,1402.9771548411886,1426.360107421875,1402.9771548411886,1426.360107421875,42000
2009-01-23 00:00:00+09:00,1426.360358940376,1426.360358940376,1418.5660400390625,1418.5660400390625,40600
2009-01-26 00:00:00+09:00,1418.5657898949796,1426.360107421875,1418.5657898949796,1426.360107421875,19000
2009-01-27 00:00:00+09:00,1410.7716164829244,1469.22900390625,1410.7716164829244,1469.22900390625,51200
2009-01-28 00:00:00+09:00,1469.2288355673513,1469.2288355673513,1449.7430419921875,1449.7430419921875,22400
2009-01-29 00:00:00+09:00,1449.7430303046044,1465.3316650390625,1449.7430303046044,1465.3316650390625,51400
2009-01-30 00:00:00+09:00,1465.3319383704145,1465.3319383704145,1434.1546630859375,1434.1546630859375,73600
2009-02-02 00:00:00+09:00,1434.1544249487706,1434.1544249487706,1426.360107421875,1426.360107421875,31600
2009-02-03 00:00:00+09:00,1422.4631994897193,1422.4631994897193,1418.5660400390625,1418.5660400390625,51400
2009-02-04 00:00:00+09:00,1418.5659616361788,1438.0517578125,1418.5659616361788,1438.0517578125,55400
2009-02-05 00:00:00+09:00,1418.5660400390625,1418.5660400390625,1418.5660400390625,1418.5660400390625,62600
2009-02-06 00:00:00+09:00,1418.5656204012291,1418.5656204012291,1406.8741455078125,1406.8741455078125,78800
2009-02-09 00:00:00+09:00,1406.8741013693943,1406.8741013693943,1379.593994140625,1379.593994140625,66400
2009-02-10 00:00:00+09:00,1418.5660189447592,1418.5660189447592,1352.3143092687678,1375.697265625,43000
2009-02-12 00:00:00+09:00,1383.4915126843398,1387.388671875,1383.4915126843398,1387.388671875,45800
2009-02-13 00:00:00+09:00,1391.2860595703125,1402.9775390625,1391.2860595703125,1402.9775390625,36800
2009-02-16 00:00:00+09:00,1422.463134765625,1422.463134765625,1422.463134765625,1422.463134765625,50400
2009-02-17 00:00:00+09:00,1414.6685791015625,1414.6685791015625,1414.6685791015625,1414.6685791015625,21400
2009-02-18 00:00:00+09:00,1418.565556478764,1418.565556478764,1410.771240234375,1410.771240234375,21800
2009-02-19 00:00:00+09:00,1418.5657898949796,1426.360107421875,1418.5657898949796,1426.360107421875,30200
2009-02-20 00:00:00+09:00,1438.0513470897358,1438.0513470897358,1410.771240234375,1410.771240234375,37400
2009-02-23 00:00:00+09:00,1414.6689300121338,1430.257568359375,1414.6689300121338,1430.257568359375,23600
2009-02-24 00:00:00+09:00,1426.360107421875,1426.360107421875,1426.360107421875,1426.360107421875,41600
2009-02-25 00:00:00+09:00,1422.4631848542588,1434.1546630859375,1422.4631848542588,1434.1546630859375,30200
2009-02-26 00:00:00+09:00,1434.1547279461852,1434.1547279461852,1430.257568359375,1430.257568359375,50600
2009-02-27 00:00:00+09:00,1414.6689632640166,1457.5377197265625,1414.6689632640166,1457.5377197265625,109600
2009-03-02 00:00:00+09:00,1457.537685467047,1457.537685467047,1430.257568359375,1430.257568359375,81800
2009-03-03 00:00:00+09:00,1410.7714204814479,1414.6685791015625,1410.7714204814479,1414.6685791015625,80000
2009-03-04 00:00:00+09:00,1414.6683983565695,1414.6683983565695,1410.771240234375,1410.771240234375,76200
2009-03-05 00:00:00+09:00,1430.2575183910328,1430.2575183910328,1418.5660400390625,1418.5660400390625,87800
2009-03-06 00:00:00+09:00,1395.1829902563202,1395.1829902563202,1387.388671875,1387.388671875,127000
2009-03-09 00:00:00+09:00,1391.285888671875,1391.285888671875,1391.285888671875,1391.285888671875,49600
2009-03-10 00:00:00+09:00,1395.182861328125,1395.182861328125,1395.182861328125,1395.182861328125,29800
2009-03-11 00:00:00+09:00,1406.8743378197016,1406.8743378197016,1395.182861328125,1395.182861328125,28200
2009-03-12 00:00:00+09:00,1395.183048023897,1395.183048023897,1391.285888671875,1391.285888671875,68800
2009-03-13 00:00:00+09:00,1383.4917399088542,1402.9775390625,1383.4917399088542,1402.9775390625,125400
2009-03-16 00:00:00+09:00,1453.640625,1453.640625,1453.640625,1453.640625,87400
2009-03-17 00:00:00+09:00,1461.4344482421875,1461.4344482421875,1461.4344482421875,1461.4344482421875,57800
2009-03-18 00:00:00+09:00,1461.4345005580358,1473.1259765625,1461.4345005580358,1473.1259765625,83200
2009-03-19 00:00:00+09:00,1473.1259765625,1473.1259765625,1473.1259765625,1473.1259765625,59800
2009-03-23 00:00:00+09:00,1484.8176136363636,1500.40625,1484.8176136363636,1500.40625,69400
2009-03-24 00:00:00+09:00,1535.4809733072916,1535.4809733072916,1519.892333984375,1519.892333984375,98000
2009-03-25 00:00:00+09:00,1531.5833740234375,1531.5833740234375,1531.5833740234375,1531.5833740234375,178000
2009-03-26 00:00:00+09:00,1515.8747182027234,1527.6561279296875,1515.8747182027234,1527.6561279296875,121000
2009-03-27 00:00:00+09:00,1531.5836181640625,1531.5836181640625,1531.5836181640625,1531.5836181640625,70600
2009-03-30 00:00:00+09:00,1535.5104137302674,1535.5104137302674,1523.72900390625,1523.72900390625,83200
2009-03-31 00:00:00+09:00,1523.7291866853275,1523.7291866853275,1468.749267578125,1468.749267578125,94800
2009-04-01 00:00:00+09:00,1488.384900612806,1488.384900612806,1484.457763671875,1484.457763671875,57800
2009-04-02 00:00:00+09:00,1484.4576873779297,1508.0205078125,1484.4576873779297,1508.0205078125,48000
2009-04-03 00:00:00+09:00,1511.9477222583912,1511.9477222583912,1484.457763671875,1484.457763671875,53600
2009-04-06 00:00:00+09:00,1456.9676513671875,1456.9676513671875,1456.9676513671875,1456.9676513671875,32200
2009-04-07 00:00:00+09:00,1456.9677606398059,1460.8948974609375,1456.9677606398059,1460.8948974609375,62400
2009-04-08 00:00:00+09:00,1453.040771484375,1453.040771484375,1453.040771484375,1453.040771484375,46800
2009-04-09 00:00:00+09:00,1453.0405148405914,1456.9676513671875,1453.0405148405914,1456.9676513671875,35600
2009-04-10 00:00:00+09:00,1441.2593994140625,1441.2593994140625,1441.2593994140625,1441.2593994140625,38600
2009-04-13 00:00:00+09:00,1437.3322887681936,1437.3322887681936,1433.4051513671875,1433.4051513671875,48000
2009-04-14 00:00:00+09:00,1429.477974269701,1445.1865234375,1429.477974269701,1445.1865234375,44800
2009-04-15 00:00:00+09:00,1425.55078125,1425.55078125,1425.55078125,1425.55078125,63200
2009-04-16 00:00:00+09:00,1425.5508765651757,1433.4051513671875,1425.5508765651757,1433.4051513671875,34800
2009-04-17 00:00:00+09:00,1433.4050555268595,1433.4050555268595,1425.55078125,1425.55078125,25000
2009-04-20 00:00:00+09:00,1421.6236441115702,1425.55078125,1421.6236441115702,1425.55078125,39200
2009-04-21 00:00:00+09:00,1409.8420035852253,1421.6234130859375,1409.8420035852253,1421.6234130859375,66400
2009-04-22 00:00:00+09:00,1413.7692742598686,1417.6964111328125,1413.7692742598686,1417.6964111328125,29200
2009-04-23 00:00:00+09:00,1409.842313839438,1437.332275390625,1409.842313839438,1437.332275390625,66400
2009-04-24 00:00:00+09:00,1417.6967912462023,1417.6967912462023,1413.7696533203125,1413.7696533203125,29200
2009-04-27 00:00:00+09:00,1413.7693000304666,1413.7693000304666,1409.8421630859375,1409.8421630859375,33000
2009-04-28 00:00:00+09:00,1417.6965730976126,1417.6965730976126,1405.9151611328125,1405.9151611328125,48000
2009-04-30 00:00:00+09:00,1437.332480875651,1437.332480875651,1413.7696533203125,1413.7696533203125,61800
2009-05-01 00:00:00+09:00,1429.4779183884298,1429.4779183884298,1425.55078125,1425.55078125,41600
2009-05-07 00:00:00+09:00,1453.040771484375,1453.040771484375,1453.040771484375,1453.040771484375,66600
2009-05-08 00:00:00+09:00,1449.1134869975429,1460.8948974609375,1449.1134869975429,1460.8948974609375,25200
2009-05-11 00:00:00+09:00,1460.8948974609375,1460.8948974609375,1460.8948974609375,1460.8948974609375,26400
2009-05-12 00:00:00+09:00,1460.8950459248313,1460.8950459248313,1453.040771484375,1453.040771484375,29400
2009-05-13 00:00:00+09:00,1453.0406238186742,1460.8948974609375,1453.0406238186742,1460.8948974609375,32800
2009-05-14 00:00:00+09:00,1453.0406623158028,1453.0406623158028,1449.113525390625,1449.113525390625,55200
2009-05-15 00:00:00+09:00,1449.113525390625,1449.113525390625,1449.113525390625,1449.113525390625,43400
2009-05-18 00:00:00+09:00,1425.550768171038,1429.4779052734375,1425.550768171038,1429.4779052734375,43000
2009-05-19 00:00:00+09:00,1441.2593994140625,1441.2593994140625,1441.2593994140625,1441.2593994140625,31400
2009-05-20 00:00:00+09:00,1441.2594127550801,1441.2594127550801,1437.332275390625,1437.332275390625,40000
2009-05-21 00:00:00+09:00,1421.6237391641696,1433.4051513671875,1421.6237391641696,1433.4051513671875,43000
2009-05-22 00:00:00+09:00,1437.332275390625,1437.332275390625,1437.332275390625,1437.332275390625,28600
2009-05-25 00:00:00+09:00,1433.4050555268595,1433.4050555268595,1425.55078125,1425.55078125,66200
2009-05-26 00:00:00+09:00,1413.7693698347107,1425.55078125,1413.7693698347107,1425.55078125,53200
2009-05-27 00:00:00+09:00,1433.4051380261697,1437.332275390625,1433.4051380261697,1437.332275390625,20000
2009-05-28 00:00:00+09:00,1437.3321794782366,1437.3321794782366,1429.4779052734375,1429.4779052734375,41000
2009-05-29 00:00:00+09:00,1429.4778217516448,1429.4778217516448,1417.6964111328125,1417.6964111328125,55400
2009-06-01 00:00:00+09:00,1413.7696533203125,1413.7696533203125,1413.7696533203125,1413.7696533203125,70000
2009-06-02 00:00:00+09:00,1413.7696533203125,1413.7696533203125,1413.7696533203125,1413.7696533203125,82400
2009-06-03 00:00:00+09:00,1409.842325274864,1409.842325274864,1398.0609130859375,1398.0609130859375,56800
2009-06-04 00:00:00+09:00,1405.9151611328125,1405.9151611328125,1405.9151611328125,1405.9151611328125,66200
2009-06-05 00:00:00+09:00,1405.9151744682247,1405.9151744682247,1401.988037109375,1401.988037109375,44400
2009-06-08 00:00:00+09:00,1401.987941172425,1401.987941172425,1394.1336669921875,1394.1336669921875,51400
2009-06-09 00:00:00+09:00,1394.1336669921875,1394.1336669921875,1394.1336669921875,1394.1336669921875,37200
2009-06-10 00:00:00+09:00,1401.988037109375,1401.988037109375,1401.988037109375,1401.988037109375,73800
2009-06-11 00:00:00+09:00,1401.988037109375,1401.988037109375,1398.060899750525,1401.988037109375,27600
2009-06-12 00:00:00+09:00,1401.9878891968795,1409.8421630859375,1398.0607522523503,1409.8421630859375,109000
2009-06-15 00:00:00+09:00,1413.7692742598686,1421.6235480057567,1409.8421373869244,1417.6964111328125,67200
2009-06-16 00:00:00+09:00,1398.0608040823063,1401.987941172425,1394.1336669921875,1394.1336669921875,61000
2009-06-17 00:00:00+09:00,1401.9880504822463,1405.9151878785551,1398.0609130859375,1398.0609130859375,30200
2009-06-18 00:00:00+09:00,1398.0608040823063,1401.987941172425,1394.1336669921875,1394.1336669921875,55800
2009-06-19 00:00:00+09:00,1394.1335576806366,1398.0606944628355,1390.2064208984375,1390.2064208984375,111800
2009-06-22 00:00:00+09:00,1394.1337623916754,1409.8423118270746,1394.1337623916754,1401.988037109375,78000
2009-06-23 00:00:00+09:00,1398.0608040823063,1398.0608040823063,1394.1336669921875,1394.1336669921875,51200
2009-06-24 00:00:00+09:00,1398.0606944628355,1398.0606944628355,1390.2064208984375,1390.2064208984375,34800
2009-06-25 00:00:00+09:00,1394.1337491680124,1405.9151611328125,1390.2066118464124,1405.9151611328125,50600
2009-06-26 00:00:00+09:00,1405.9151611328125,1409.8422984544125,1398.0608864896124,1405.9151611328125,37600
2009-06-29 00:00:00+09:00,1413.7694626711727,1413.7694626711727,1398.0609130859375,1398.0609130859375,38000
2009-06-30 00:00:00+09:00,1405.9151611328125,1413.7694357760126,1401.9880238112125,1405.9151611328125,51400
2009-07-01 00:00:00+09:00,1401.987941172425,1405.915078262544,1394.1336669921875,1394.1336669921875,57400
2009-07-02 00:00:00+09:00,1398.0608040823063,1398.0608040823063,1394.1336669921875,1394.1336669921875,27000
2009-07-03 00:00:00+09:00,1390.2064208984375,1394.1335576806366,1390.2064208984375,1390.2064208984375,30000
2009-07-06 00:00:00+09:00,1390.2066785255843,1394.1338160355435,1386.279541015625,1386.279541015625,56400
2009-07-07 00:00:00+09:00,1390.2066382933199,1398.0609130859375,1390.2066382933199,1398.0609130859375,39200
2009-07-08 00:00:00+09:00,1401.987941172425,1401.987941172425,1394.1336669921875,1394.1336669921875,43200
2009-07-09 00:00:00+09:00,1394.1333371942694,1398.06047335538,1382.3519287109375,1382.3519287109375,47600
2009-07-10 00:00:00+09:00,1386.279541015625,1390.2066785255843,1382.3524035056657,1386.279541015625,45400
2009-07-13 00:00:00+09:00,1390.2065826155183,1390.2065826155183,1378.4251708984375,1378.4251708984375,36200
2009-07-14 00:00:00+09:00,1382.3523081374644,1382.3523081374644,1374.4980336594108,1378.4251708984375,46800
2009-07-15 00:00:00+09:00,1378.4252659957065,1390.2066785255843,1374.4981284857472,1386.279541015625,71800
2009-07-16 00:00:00+09:00,1386.2790648720481,1394.1333371942694,1382.3519287109375,1382.3519287109375,31000
2009-07-17 00:00:00+09:00,1386.2794453764914,1386.2794453764914,1378.4251708984375,1378.4251708984375,29800
2009-07-21 00:00:00+09:00,1386.2794453764914,1390.2065826155183,1378.4251708984375,1378.4251708984375,49000
2009-07-22 00:00:00+09:00,1378.4251186317122,1394.1336669921875,1378.4251186317122,1394.1336669921875,38600
2009-07-23 00:00:00+09:00,1394.1336669921875,1405.915078262544,1390.2065299020687,1394.1336669921875,35400
2009-07-24 00:00:00+09:00,1398.0609130859375,1401.9880504822463,1394.1337756896287,1398.0609130859375,34400
2009-07-27 00:00:00+09:00,1405.9150261414084,1413.7693000304666,1401.9878891968795,1409.8421630859375,28600
2009-07-28 00:00:00+09:00,1413.7694357760126,1413.7694357760126,1401.9880238112125,1405.9151611328125,16400
2009-07-29 00:00:00+09:00,1398.0607522523503,1409.8421630859375,1398.0607522523503,1409.8421630859375,14600
2009-07-30 00:00:00+09:00,1401.9880504822463,1405.9151878785551,1398.0609130859375,1398.0609130859375,23800
2009-07-31 00:00:00+09:00,1401.987941172425,1405.915078262544,1390.2065299020687,1394.1336669921875,51200
2009-08-03 00:00:00+09:00,1401.987941172425,1401.987941172425,1390.2065299020687,1394.1336669921875,19800
2009-08-04 00:00:00+09:00,1394.1337623916754,1401.988037109375,1394.1337623916754,1401.988037109375,45800
2009-08-05 00:00:00+09:00,1401.9880504822463,1409.842325274864,1394.1337756896287,1398.0609130859375,38200
2009-08-06 00:00:00+09:00,1398.0608040823063,1398.0608040823063,1394.1336669921875,1394.1336669921875,22000
2009-08-07 00:00:00+09:00,1394.1338160355435,1394.1338160355435,1386.279541015625,1386.279541015625,32600
2009-08-10 00:00:00+09:00,1390.2065299020687,1398.0608040823063,1390.2065299020687,1394.1336669921875,22200
2009-08-11 00:00:00+09:00,1394.1337756896287,1398.0609130859375,1390.2066382933199,1398.0609130859375,28800
2009-08-12 00:00:00+09:00,1390.2062010331588,1394.1333371942694,1382.3519287109375,1382.3519287109375,49600
2009-08-13 00:00:00+09:00,1386.2792841162386,1390.2064208984375,1386.2792841162386,1390.2064208984375,17600
2009-08-14 00:00:00+09:00,1386.2794745248123,1413.7694357760126,1386.2794745248123,1405.9151611328125,74600
2009-08-17 00:00:00+09:00,1413.7694626711727,1413.7694626711727,1398.0609130859375,1398.0609130859375,36400
2009-08-18 00:00:00+09:00,1398.0608864896124,1409.8422984544125,1398.0608864896124,1405.9151611328125,21000
2009-08-19 00:00:00+09:00,1405.9151878785551,1405.9151878785551,1398.0609130859375,1398.0609130859375,21200
2009-08-20 00:00:00+09:00,1401.9882395426432,1417.6967912462023,1401.9882395426432,1413.7696533203125,35000
2009-08-21 00:00:00+09:00,1413.7693000304666,1425.5507108640538,1409.8421630859375,1409.8421630859375,46600
2009-08-24 00:00:00+09:00,1425.5507038395579,1453.0406623158028,1425.5507038395579,1449.113525390625,65600
2009-08-25 00:00:00+09:00,1433.4050555268595,1437.3321926652893,1425.55078125,1425.55078125,25200
2009-08-26 00:00:00+09:00,1433.4051115616508,1445.1865234375,1429.477974269701,1445.1865234375,23400
2009-08-27 00:00:00+09:00,1437.3321926652893,1441.259329803719,1417.6965069731405,1425.55078125,34400
2009-08-28 00:00:00+09:00,1429.4779874297515,1445.1865367421663,1425.5508501016477,1441.2593994140625,40200
2009-08-31 00:00:00+09:00,1441.2592133552796,1472.6763079243321,1441.2592133552796,1460.8948974609375,72000
2009-09-02 00:00:00+09:00,1445.1865501195355,1445.1865501195355,1433.4051380261697,1437.332275390625,40800
2009-09-03 00:00:00+09:00,1429.4779183884298,1433.4050555268595,1425.55078125,1425.55078125,35400
2009-09-04 00:00:00+09:00,1425.5505495861748,1429.4776860864124,1421.6234130859375,1421.6234130859375,28600
2009-09-07 00:00:00+09:00,1433.4050555268595,1433.4050555268595,1421.6236441115702,1425.55078125,24000
2009-09-08 00:00:00+09:00,1433.4050423758372,1437.3321794782366,1429.4779052734375,1429.4779052734375,19200
2009-09-09 00:00:00+09:00,1429.4779183884298,1433.4050555268595,1425.55078125,1425.55078125,32600
2009-09-10 00:00:00+09:00,1421.6236310686386,1437.3321794782366,1421.6236310686386,1429.4779052734375,54800
2009-09-11 00:00:00+09:00,1429.4779183884298,1433.4050555268595,1425.55078125,1425.55078125,94800
2009-09-14 00:00:00+09:00,1429.4779183884298,1433.4050555268595,1413.7693698347107,1425.55078125,85800
2009-09-15 00:00:00+09:00,1437.3321794782366,1437.3321794782366,1425.550768171038,1429.4779052734375,44600
2009-09-16 00:00:00+09:00,1429.4782050238716,1437.332480875651,1413.7696533203125,1413.7696533203125,56400
2009-09-17 00:00:00+09:00,1425.550768171038,1433.4050423758372,1413.7693568638394,1429.4779052734375,41600
2009-09-18 00:00:00+09:00,1429.477974269701,1445.1865234375,1417.696562393852,1445.1865234375,70600
2009-09-21 00:00:00+09:00,1445.1865234375,1445.1865234375,1445.1865234375,1445.1865234375,0
2009-09-24 00:00:00+09:00,1433.4051513671875,1445.1865635702056,1413.7694643621576,1433.4051513671875,199000
2009-09-25 00:00:00+09:00,1417.5663376711727,1417.5663376711727,1401.7276076413273,1409.64697265625,120200
2009-09-28 00:00:00+09:00,1397.7679927548884,1421.5260889490223,1397.7679927548884,1417.56640625,55600
2009-09-29 00:00:00+09:00,1405.6870287114925,1405.6870287114925,1389.8483016274192,1393.8079833984375,43800
2009-09-30 00:00:00+09:00,1393.8082764355743,1413.606689453125,1393.8082764355743,1413.606689453125,69600
2009-10-01 00:00:00+09:00,1405.687255859375,1413.606620681118,1401.7275734485036,1405.687255859375,29800
2009-10-02 00:00:00+09:00,1401.727346940474,1401.727346940474,1389.8483016274192,1393.8079833984375,52600
2009-10-05 00:00:00+09:00,1393.8085052230879,1397.7681884765625,1389.848821969613,1397.7681884765625,37600
2009-10-06 00:00:00+09:00,1389.8483016274192,1397.7676651694558,1389.8483016274192,1393.8079833984375,33800
2009-10-07 00:00:00+09:00,1389.8487548828125,1393.8084379451568,1385.8890718204684,1389.8487548828125,25800
2009-10-08 00:00:00+09:00,1393.8080530543784,1405.687098961092,1389.848371085474,1401.7274169921875,105400
2009-10-09 00:00:00+09:00,1397.7678910376321,1421.525985502861,1393.8082086267607,1405.687255859375,79000
2009-10-13 00:00:00+09:00,1405.687098961092,1409.6467809299963,1401.7274169921875,1401.7274169921875,35600
2009-10-14 00:00:00+09:00,1405.6870287114925,1405.6870287114925,1389.8483016274192,1393.8079833984375,60000
2009-10-15 00:00:00+09:00,1393.8082086267607,1405.687255859375,1389.848526215889,1405.687255859375,56200
2009-10-16 00:00:00+09:00,1409.6467809299963,1409.6467809299963,1389.848371085474,1401.7274169921875,38800
2009-10-19 00:00:00+09:00,1401.7274169921875,1401.7274169921875,1389.848371085474,1401.7274169921875,46400
2009-10-20 00:00:00+09:00,1401.7276076413273,1409.64697265625,1401.7276076413273,1409.64697265625,32800
2009-10-21 00:00:00+09:00,1409.6470408519554,1417.56640625,1405.687358152933,1417.56640625,36400
2009-10-22 00:00:00+09:00,1405.687358152933,1417.56640625,1393.808310055866,1417.56640625,63600
2009-10-23 00:00:00+09:00,1417.5663376711727,1421.526020178634,1405.6872901487886,1409.64697265625,42400
2009-10-26 00:00:00+09:00,1413.6064625578904,1433.4048723976368,1397.7677346860933,1429.4451904296875,74800
2009-10-27 00:00:00+09:00,1417.5665577855605,1421.5262409078664,1374.010043440194,1377.9697265625,158800
2009-10-28 00:00:00+09:00,1393.8084590517242,1393.8084590517242,1374.010043440194,1377.9697265625,94600
2009-10-29 00:00:00+09:00,1381.9293703351702,1393.8084193638394,1310.6550761631559,1330.4534912109375,242800
2009-10-30 00:00:00+09:00,1346.2921284520348,1362.130859375,1338.3727629905522,1362.130859375,67400
2009-11-02 00:00:00+09:00,1366.090438708532,1370.0501211395713,1346.292026553336,1350.251708984375,88400
2009-11-04 00:00:00+09:00,1346.292026553336,1350.251708984375,1334.4129792602182,1350.251708984375,58600
2009-11-05 00:00:00+09:00,1350.251708984375,1358.1710738464535,1338.3726616912575,1350.251708984375,69200
2009-11-06 00:00:00+09:00,1342.332471653373,1342.332471653373,1318.5743748099503,1322.5340576171875,68800
2009-11-09 00:00:00+09:00,1326.4938843142231,1326.4938843142231,1310.6551513671875,1310.6551513671875,40600
2009-11-10 00:00:00+09:00,1326.4935834271773,1334.4129481043544,1318.57421875,1318.57421875,72800
2009-11-11 00:00:00+09:00,1330.4532124533582,1338.3725768131997,1322.5338480935168,1326.4935302734375,36000
2009-11-12 00:00:00+09:00,1334.412913127118,1334.412913127118,1310.6548197183265,1314.614501953125,59000
2009-11-13 00:00:00+09:00,1318.5744421822685,1338.3728572300504,1318.5744421822685,1330.4534912109375,61400
2009-11-16 00:00:00+09:00,1334.412876467733,1338.37255859375,1326.493512215699,1338.37255859375,36600
2009-11-17 00:00:00+09:00,1330.4534706858406,1342.33251953125,1322.534104788901,1342.33251953125,43400
2009-11-18 00:00:00+09:00,1346.2921142578125,1350.251796946806,1330.4533835018383,1346.2921142578125,75800
2009-11-19 00:00:00+09:00,1346.291922845784,1346.291922845784,1326.493512215699,1338.37255859375,23000
2009-11-20 00:00:00+09:00,1338.3726616912575,1350.251708984375,1338.3726616912575,1350.251708984375,34000
2009-11-24 00:00:00+09:00,1350.251604971801,1354.211287097818,1334.412876467733,1338.37255859375,31600
2009-11-25 00:00:00+09:00,1330.4534706858406,1342.33251953125,1326.493787737371,1342.33251953125,32200
2009-11-26 00:00:00+09:00,1342.33251953125,1346.2922024797197,1342.33251953125,1342.33251953125,18200
2009-11-27 00:00:00+09:00,1334.4130661908318,1346.2921142578125,1334.4130661908318,1346.2921142578125,54800
2009-11-30 00:00:00+09:00,1377.9692563143644,1393.8079833984375,1374.0095745433462,1393.8079833984375,92000
2009-12-01 00:00:00+09:00,1393.8082426264043,1409.64697265625,1385.8888776114816,1409.64697265625,77800
2009-12-02 00:00:00+09:00,1409.6471013722241,1409.6471013722241,1354.2115412059009,1381.9293212890625,143800
2009-12-03 00:00:00+09:00,1389.8484219946902,1421.52587890625,1385.888739880745,1421.52587890625,66200
2009-12-04 00:00:00+09:00,1417.5663376711727,1421.526020178634,1405.6872901487886,1409.64697265625,31400
2009-12-07 00:00:00+09:00,1417.566196792305,1425.485561020195,1417.566196792305,1421.52587890625,32000
2009-12-08 00:00:00+09:00,1417.5668382432725,1433.4055738661023,1417.5668382432725,1425.4862060546875,76800
2009-12-09 00:00:00+09:00,1421.5260889490223,1429.4454543470672,1405.687358152933,1417.56640625,58000
2009-12-10 00:00:00+09:00,1421.52587890625,1425.485561020195,1417.566196792305,1421.52587890625,32200
2009-12-11 00:00:00+09:00,1429.4454489511986,1445.2841796875,1421.526083583048,1445.2841796875,98800
2009-12-14 00:00:00+09:00,1441.324428589876,1441.324428589876,1425.485698605372,1437.36474609375,48600
2009-12-15 00:00:00+09:00,1429.4458899603949,1433.4055738661023,1417.5668382432725,1425.4862060546875,47400
2009-12-16 00:00:00+09:00,1425.4857662671232,1449.2438623715752,1425.4857662671232,1445.2841796875,73000
2009-12-17 00:00:00+09:00,1445.284111086002,1445.284111086002,1433.405063597624,1437.36474609375,27600
2009-12-18 00:00:00+09:00,1441.3242363335353,1441.3242363335353,1421.525826493789,1429.4451904296875,27200
2009-12-21 00:00:00+09:00,1433.4051370460895,1433.4051370460895,1413.6067235509777,1417.56640625,44000
2009-12-22 00:00:00+09:00,1417.5663720566351,1421.5260546601453,1409.6470068496149,1413.606689453125,39000
2009-12-24 00:00:00+09:00,1425.4857716480449,1425.4857716480449,1413.6067235509777,1417.56640625,24600
2009-12-25 00:00:00+09:00,1429.4454543470672,1429.4454543470672,1409.6470408519554,1417.56640625,25200
2009-12-28 00:00:00+09:00,1425.4857372636554,1425.4857372636554,1413.606689453125,1413.606689453125,18800
2009-12-29 00:00:00+09:00,1413.6067235509777,1425.4857716480449,1409.6470408519554,1417.56640625,37800
2009-12-30 00:00:00+09:00,1393.8083698961318,1397.7680527651548,1381.9293212890625,1381.9293212890625,49400
2010-01-04 00:00:00+09:00,1401.727346940474,1409.6467104825108,1381.9289380853827,1393.8079833984375,36400
2010-01-05 00:00:00+09:00,1409.6469382702464,1421.525985502861,1405.687255859375,1405.687255859375,43800
2010-01-06 00:00:00+09:00,1409.646832564415,1421.52587890625,1397.76778622258,1421.52587890625,38200
2010-01-07 00:00:00+09:00,1409.6472382369866,1409.6472382369866,1397.7681884765625,1397.7681884765625,44400
2010-01-08 00:00:00+09:00,1409.6468827803058,1445.2840230753134,1397.7678360153031,1441.3243408203125,65400
2010-01-12 00:00:00+09:00,1437.36474609375,1449.243793582128,1429.4453811014978,1437.36474609375,38800
2010-01-13 00:00:00+09:00,1449.243600269434,1449.243600269434,1429.4451904296875,1429.4451904296875,27400
2010-01-14 00:00:00+09:00,1429.4454489511986,1445.2841796875,1429.4454489511986,1445.2841796875,40400
2010-01-15 00:00:00+09:00,1441.3243408203125,1445.2840230753134,1425.485611800309,1441.3243408203125,65800
2010-01-18 00:00:00+09:00,1425.485561020195,1429.44524313414,1417.566196792305,1421.52587890625,30200
2010-01-19 00:00:00+09:00,1421.525826493789,1429.4451904296875,1417.5661445258397,1429.4451904296875,27000
2010-01-20 00:00:00+09:00,1425.4857372636554,1429.4454198671656,1413.606689453125,1413.606689453125,38400
2010-01-21 00:00:00+09:00,1417.5661445258397,1433.4048723976368,1409.646780589941,1429.4451904296875,49000
2010-01-22 00:00:00+09:00,1409.6469382702464,1421.525985502861,1401.7275734485036,1405.687255859375,41800
2010-01-25 00:00:00+09:00,1413.60651467836,1433.404925248085,1413.60651467836,1421.52587890625,44400
2010-01-26 00:00:00+09:00,1417.5660740245473,1421.5257557955656,1393.8079833984375,1393.8079833984375,42600
2010-01-27 00:00:00+09:00,1393.8084379451568,1405.6874871321893,1389.8487548828125,1389.8487548828125,45400
2010-01-28 00:00:00+09:00,1397.7681884765625,1405.6875549835117,1393.8085052230879,1397.7681884765625,32400
2010-01-29 00:00:00+09:00,1405.6870814732144,1409.646763392857,1385.888671875,1385.888671875,58000
2010-02-01 00:00:00+09:00,1385.888619856401,1393.8079833984375,1374.0095745433462,1393.8079833984375,66000
2010-02-02 00:00:00+09:00,1389.848821969613,1397.7681884765625,1381.9294554626638,1397.7681884765625,30600
2010-02-03 00:00:00+09:00,1401.7274169921875,1409.6467809299963,1397.767735023283,1401.7274169921875,27400
2010-02-04 00:00:00+09:00,1405.6872901487886,1409.64697265625,1401.7276076413273,1409.64697265625,21600
2010-02-05 00:00:00+09:00,1397.7680527651548,1397.7680527651548,1374.0099555510162,1381.9293212890625,56000
2010-02-08 00:00:00+09:00,1389.8487759294183,1393.8084590517242,1377.9697265625,1377.9697265625,28200
2010-02-09 00:00:00+09:00,1377.969447946686,1381.9291302683719,1374.009765625,1374.009765625,31600
2010-02-10 00:00:00+09:00,1385.8889011978415,1389.8485837726923,1370.0501708984375,1370.0501708984375,27600
2010-02-12 00:00:00+09:00,1370.0499441964287,1385.888671875,1366.0902622767858,1385.888671875,54600
2010-02-15 00:00:00+09:00,1377.9696384200395,1397.7680527651548,1377.9696384200395,1381.9293212890625,25800
2010-02-16 00:00:00+09:00,1393.8085052230879,1409.6472382369866,1385.8891387161384,1397.7681884765625,33600
2010-02-17 00:00:00+09:00,1405.687358152933,1429.4454543470672,1405.687358152933,1417.56640625,61800
2010-02-18 00:00:00+09:00,1417.5663376711727,1417.5663376711727,1409.64697265625,1409.64697265625,16000
2010-02-19 00:00:00+09:00,1409.646763392857,1413.6064453125,1385.888671875,1385.888671875,42000
2010-02-22 00:00:00+09:00,1405.68715045047,1433.404925248085,1405.68715045047,1421.52587890625,53800
2010-02-23 00:00:00+09:00,1421.5260889490223,1425.4857716480449,1413.6067235509777,1417.56640625,23400
2010-02-24 00:00:00+09:00,1421.52582683671,1421.52582683671,1401.7274169921875,1401.7274169921875,28800
2010-02-25 00:00:00+09:00,1405.687255859375,1413.606620681118,1393.8082086267607,1405.687255859375,46600
2010-02-26 00:00:00+09:00,1409.6470068496149,1425.4857372636554,1409.6470068496149,1413.606689453125,58400
2010-03-01 00:00:00+09:00,1401.7275734485036,1409.6469382702464,1393.8082086267607,1405.687255859375,48200
2010-03-02 00:00:00+09:00,1409.64697265625,1413.6066551637114,1397.767925133866,1409.64697265625,57200
2010-03-03 00:00:00+09:00,1409.6469382702464,1413.606620681118,1397.7678910376321,1405.687255859375,67000
2010-03-04 00:00:00+09:00,1401.727346940474,1405.6870287114925,1393.8079833984375,1393.8079833984375,51200
2010-03-05 00:00:00+09:00,1405.687358152933,1421.5260889490223,1405.687358152933,1417.56640625,34200
2010-03-08 00:00:00+09:00,1421.525826493789,1429.4451904296875,1413.6064625578904,1429.4451904296875,45000
2010-03-09 00:00:00+09:00,1417.56640625,1417.56640625,1417.56640625,1417.56640625,9200
2010-03-10 00:00:00+09:00,1417.5663376711727,1417.5663376711727,1405.6872901487886,1409.64697265625,27200
2010-03-11 00:00:00+09:00,1409.64697265625,1417.5663376711727,1405.6872901487886,1409.64697265625,53000
2010-03-12 00:00:00+09:00,1413.6071543375651,1425.4862060546875,1409.6474704318575,1425.4862060546875,78200
2010-03-15 00:00:00+09:00,1429.4458899603949,1433.4055738661023,1421.52652214898,1425.4862060546875,40600
2010-03-16 00:00:00+09:00,1425.4862060546875,1429.4458899603949,1421.52652214898,1425.4862060546875,12000
2010-03-17 00:00:00+09:00,1429.4458899603949,1433.4055738661023,1421.52652214898,1425.4862060546875,52200
2010-03-18 00:00:00+09:00,1425.485561020195,1425.485561020195,1421.52587890625,1421.52587890625,17800
2010-03-19 00:00:00+09:00,1429.4452251624007,1433.4049072265625,1425.4855430982388,1433.4049072265625,49200
2010-03-23 00:00:00+09:00,1433.4049763103108,1445.2840230753134,1433.4049763103108,1441.3243408203125,29200
2010-03-24 00:00:00+09:00,1445.2840230753134,1445.2840230753134,1433.4049763103108,1441.3243408203125,34400
2010-03-25 00:00:00+09:00,1441.3242363335353,1441.3242363335353,1429.4451904296875,1429.4451904296875,55800
2010-03-26 00:00:00+09:00,1437.3645892907243,1437.3645892907243,1425.4855430982388,1433.4049072265625,203600
2010-03-29 00:00:00+09:00,1413.4410400390625,1413.4410400390625,1401.4627261404262,1413.4410400390625,120800
2010-03-30 00:00:00+09:00,1413.441050579953,1433.4049072265625,1413.441050579953,1433.4049072265625,64800
2010-03-31 00:00:00+09:00,1433.4049599771686,1441.3905029296875,1433.4049599771686,1441.3905029296875,51600
2010-04-01 00:00:00+09:00,1441.3905029296875,1441.3905029296875,1429.412188500909,1441.3905029296875,58800
2010-04-02 00:00:00+09:00,1437.3976785558846,1437.3976785558846,1425.4193645679188,1433.4049072265625,34400
2010-04-05 00:00:00+09:00,1429.4126478407118,1437.398193359375,1429.4126478407118,1437.398193359375,38800
2010-04-06 00:00:00+09:00,1437.398193359375,1437.398193359375,1429.4126478407118,1437.398193359375,40000
2010-04-07 00:00:00+09:00,1437.3977314534282,1441.3905029296875,1437.3977314534282,1441.3905029296875,35200
2010-04-08 00:00:00+09:00,1433.4049072265625,1441.3904498852064,1429.4121358972407,1433.4049072265625,59000
2010-04-09 00:00:00+09:00,1433.4049599771686,1441.3905029296875,1433.4049599771686,1441.3905029296875,37200
2010-04-12 00:00:00+09:00,1445.3834228515625,1453.368966624223,1441.3906509652322,1445.3834228515625,42000
2010-04-13 00:00:00+09:00,1449.37599254385,1449.37599254385,1433.4049072265625,1433.4049072265625,30000
2010-04-14 00:00:00+09:00,1437.3977314534282,1445.383274405947,1437.3977314534282,1441.3905029296875,36000
2010-04-15 00:00:00+09:00,1437.398193359375,1441.3909661187065,1433.4054206000433,1437.398193359375,31400
2010-04-16 00:00:00+09:00,1437.3976785558846,1437.3976785558846,1429.4121358972407,1433.4049072265625,41400
2010-04-19 00:00:00+09:00,1425.4193539376986,1425.4193539376986,1413.4410400390625,1413.4410400390625,20000
2010-04-20 00:00:00+09:00,1421.4268096412359,1429.412353515625,1413.441265766847,1429.412353515625,20000
2010-04-21 00:00:00+09:00,1429.4126478407118,1441.3909661187065,1429.4126478407118,1437.398193359375,53800
2010-04-22 00:00:00+09:00,1433.4051254528194,1433.4051254528194,1417.4340377040414,1429.412353515625,56000
2010-04-23 00:00:00+09:00,1429.4124499409138,1429.4124499409138,1425.419677734375,1425.419677734375,32800
2010-04-26 00:00:00+09:00,1433.4049599771686,1441.3905029296875,1433.4049599771686,1441.3905029296875,36200
2010-04-27 00:00:00+09:00,1433.4050731873244,1433.4050731873244,1421.4267578125,1421.4267578125,29400
2010-04-28 00:00:00+09:00,1417.4341271140358,1417.4341271140358,1405.455810546875,1405.455810546875,59400
2010-04-30 00:00:00+09:00,1413.4412142292838,1425.4195296041082,1413.4412142292838,1421.4267578125,33000
2010-05-06 00:00:00+09:00,1413.441265766847,1433.4051254528194,1409.4484938296525,1429.412353515625,78000
2010-05-07 00:00:00+09:00,1413.4411882427378,1425.4195033973372,1409.4484165245378,1417.4339599609375,49800
2010-05-10 00:00:00+09:00,1421.426593238597,1433.4049072265625,1417.433821909275,1433.4049072265625,37000
2010-05-11 00:00:00+09:00,1429.4121358972407,1437.3976785558846,1429.4121358972407,1433.4049072265625,45400
2010-05-12 00:00:00+09:00,1437.398193359375,1437.398193359375,1429.4126478407118,1437.398193359375,36000
2010-05-13 00:00:00+09:00,1433.4049072265625,1437.3976785558846,1433.4049072265625,1433.4049072265625,17800
2010-05-14 00:00:00+09:00,1429.4121358972407,1441.3904498852064,1429.4121358972407,1433.4049072265625,38600
2010-05-17 00:00:00+09:00,1425.4195815784306,1437.397897390014,1421.4268096412359,1429.412353515625,52000
2010-05-18 00:00:00+09:00,1429.412353515625,1433.4051254528194,1421.4268096412359,1429.412353515625,28000
2010-05-19 00:00:00+09:00,1437.3976785558846,1437.3976785558846,1429.4121358972407,1433.4049072265625,44400
2010-05-20 00:00:00+09:00,1425.4195815784306,1433.4051254528194,1421.4268096412359,1429.412353515625,29200
2010-05-21 00:00:00+09:00,1425.4195033973372,1425.4195033973372,1417.4339599609375,1417.4339599609375,44200
2010-05-24 00:00:00+09:00,1413.4413806601895,1417.4341529219414,1405.4558361366855,1409.4486083984375,57200
2010-05-25 00:00:00+09:00,1409.4485827359285,1409.4485827359285,1405.455810546875,1405.455810546875,69000
2010-05-26 00:00:00+09:00,1409.4484341613247,1409.4484341613247,1401.462890625,1401.462890625,70400
2010-05-27 00:00:00+09:00,1405.4556623931624,1405.4556623931624,1397.4701188568376,1401.462890625,43800
2010-05-28 00:00:00+09:00,1405.455513392857,1409.448284737723,1397.469970703125,1397.469970703125,59400
2010-05-31 00:00:00+09:00,1401.4630638749336,1417.4341529219414,1401.4630638749336,1409.4486083984375,32800
2010-06-01 00:00:00+09:00,1405.4554974399716,1417.4338113386077,1401.4627261404262,1413.4410400390625,27200
2010-06-02 00:00:00+09:00,1413.4410400390625,1417.4338113386077,1405.4554974399716,1413.4410400390625,33400
2010-06-03 00:00:00+09:00,1421.4267578125,1425.4195296041082,1413.4412142292838,1421.4267578125,31400
2010-06-04 00:00:00+09:00,1421.4267578125,1425.4195296041082,1417.433986020892,1421.4267578125,30600
2010-06-07 00:00:00+09:00,1417.4338113386077,1421.4265826381531,1413.4410400390625,1413.4410400390625,18200
2010-06-08 00:00:00+09:00,1413.4410400390625,1421.4265826381531,1409.448268739517,1413.4410400390625,22200
2010-06-09 00:00:00+09:00,1413.4412142292838,1421.4267578125,1413.4412142292838,1421.4267578125,20000
2010-06-10 00:00:00+09:00,1413.4412142292838,1425.4195296041082,1413.4412142292838,1421.4267578125,14200
2010-06-11 00:00:00+09:00,1429.412353515625,1433.4051254528194,1425.4195815784306,1429.412353515625,78200
2010-06-14 00:00:00+09:00,1437.398193359375,1437.398193359375,1433.4054206000433,1437.398193359375,13400
2010-06-15 00:00:00+09:00,1437.3976785558846,1437.3976785558846,1433.4049072265625,1433.4049072265625,36000
2010-06-16 00:00:00+09:00,1437.3977314534282,1441.3905029296875,1433.4049599771686,1441.3905029296875,19600
2010-06-17 00:00:00+09:00,1437.3976785558846,1437.3976785558846,1429.4121358972407,1433.4049072265625,23600
2010-06-18 00:00:00+09:00,1437.397688980941,1457.3615457723429,1437.397688980941,1453.3687744140625,99600
2010-06-21 00:00:00+09:00,1457.3616248190565,1469.3399395435968,1457.3616248190565,1465.34716796875,38000
2010-06-22 00:00:00+09:00,1453.3690699176059,1465.3473864279158,1449.3762977475026,1461.3546142578125,18200
2010-06-23 00:00:00+09:00,1465.3470884889036,1465.3470884889036,1449.3760030557821,1453.3687744140625,29200
2010-06-24 00:00:00+09:00,1449.3760030557821,1457.3615457723429,1449.3760030557821,1453.3687744140625,10200
2010-06-25 00:00:00+09:00,1449.3760030557821,1457.3615457723429,1449.3760030557821,1453.3687744140625,7800
2010-06-28 00:00:00+09:00,1449.3758544921875,1457.361396390216,1445.3830835431731,1449.3758544921875,21800
2010-06-29 00:00:00+09:00,1449.3761947378928,1457.3617385105533,1437.397879078902,1445.3834228515625,30600
2010-06-30 00:00:00+09:00,1449.3762132015975,1449.3762132015975,1425.4195815784306,1429.412353515625,46400
2010-07-01 00:00:00+09:00,1441.3906693272083,1441.3906693272083,1421.4268096412359,1429.412353515625,29200
2010-07-02 00:00:00+09:00,1433.4051254528194,1433.4051254528194,1421.4268096412359,1429.412353515625,27200
2010-07-05 00:00:00+09:00,1429.412353515625,1433.4051254528194,1421.4268096412359,1429.412353515625,28400
2010-07-06 00:00:00+09:00,1421.4271023220485,1441.3909661187065,1417.434329562717,1437.398193359375,65200
2010-07-07 00:00:00+09:00,1437.3979943539916,1437.3979943539916,1421.4269055278362,1425.419677734375,31800
2010-07-08 00:00:00+09:00,1425.41987508138,1437.398193359375,1425.41987508138,1437.398193359375,55800
2010-07-09 00:00:00+09:00,1441.3904603392214,1457.3615457723429,1437.397688980941,1453.3687744140625,59600
2010-07-12 00:00:00+09:00,1437.3977314534282,1445.383274405947,1433.4049599771686,1441.3905029296875,21800
2010-07-13 00:00:00+09:00,1441.3907665605304,1441.3907665605304,1425.419677734375,1425.419677734375,33000
2010-07-14 00:00:00+09:00,1437.3977314534282,1441.3905029296875,1433.4049599771686,1441.3905029296875,27800
2010-07-15 00:00:00+09:00,1437.3976785558846,1441.3904498852064,1433.4049072265625,1433.4049072265625,27000
2010-07-16 00:00:00+09:00,1429.4126478407118,1441.3909661187065,1429.4126478407118,1437.398193359375,31600
2010-07-21 00:00:00+09:00,1453.3686254412016,1457.361396390216,1449.3758544921875,1449.3758544921875,55400
2010-07-22 00:00:00+09:00,1449.3760030557821,1461.3543171306233,1433.4049176226606,1453.3687744140625,33600
2010-07-23 00:00:00+09:00,1461.3543171306233,1461.3543171306233,1453.3687744140625,1453.3687744140625,19000
2010-07-26 00:00:00+09:00,1453.3686254412016,1453.3686254412016,1449.3758544921875,1449.3758544921875,20000
2010-07-27 00:00:00+09:00,1453.3686254412016,1453.3686254412016,1449.3758544921875,1449.3758544921875,19400
2010-07-28 00:00:00+09:00,1457.3618420877092,1461.3546142578125,1453.3690699176059,1461.3546142578125,22400
2010-07-29 00:00:00+09:00,1453.3686254412016,1457.361396390216,1449.3758544921875,1449.3758544921875,21000
2010-07-30 00:00:00+09:00,1445.3837388780382,1449.3765116373697,1433.4054206000433,1437.398193359375,55600
2010-08-02 00:00:00+09:00,1433.4051254528194,1441.3906693272083,1429.412353515625,1429.412353515625,35000
2010-08-03 00:00:00+09:00,1445.3834228515625,1449.3761947378928,1441.3906509652322,1445.3834228515625,22800
2010-08-04 00:00:00+09:00,1437.397897390014,1437.397897390014,1429.412353515625,1429.412353515625,32200
2010-08-05 00:00:00+09:00,1433.4054206000433,1437.398193359375,1429.4126478407118,1437.398193359375,15200
2010-08-06 00:00:00+09:00,1437.3977314534282,1441.3905029296875,1433.4049599771686,1441.3905029296875,33800
2010-08-09 00:00:00+09:00,1441.3905385196697,1465.34716796875,1441.3905385196697,1465.34716796875,52600
2010-08-10 00:00:00+09:00,1461.3544661012415,1461.3544661012415,1453.3689225706337,1457.3616943359375,23200
2010-08-11 00:00:00+09:00,1449.3765116373697,1449.3765116373697,1433.4054206000433,1437.398193359375,37000
2010-08-12 00:00:00+09:00,1437.3975416451447,1453.3686254412016,1437.3975416451447,1449.3758544921875,33800
2010-08-13 00:00:00+09:00,1445.3832316975017,1457.3615457723429,1445.3832316975017,1453.3687744140625,19400
2010-08-16 00:00:00+09:00,1457.3618420877092,1461.3546142578125,1453.3690699176059,1461.3546142578125,20600
2010-08-17 00:00:00+09:00,1453.3689225706337,1457.3616943359375,1445.3833790400258,1457.3616943359375,18800
2010-08-18 00:00:00+09:00,1461.3543963939032,1465.34716796875,1461.3543963939032,1465.34716796875,16000
2010-08-19 00:00:00+09:00,1465.34716796875,1469.3399395435968,1461.3543963939032,1465.34716796875,17400
2010-08-20 00:00:00+09:00,1457.3616943359375,1461.3544661012415,1453.3689225706337,1457.3616943359375,13400
2010-08-23 00:00:00+09:00,1461.3541673392303,1461.3541673392303,1449.3758544921875,1449.3758544921875,19800
2010-08-24 00:00:00+09:00,1445.3833790400258,1457.3616943359375,1445.3833790400258,1457.3616943359375,27200
2010-08-25 00:00:00+09:00,1457.3616248190565,1469.3399395435968,1449.376081669363,1465.34716796875,29400
2010-08-26 00:00:00+09:00,1461.3543963939032,1465.34716796875,1449.376081669363,1465.34716796875,44000
2010-08-27 00:00:00+09:00,1465.3470304340044,1485.3108864344676,1465.3470304340044,1481.318115234375,58400
2010-08-30 00:00:00+09:00,1489.3040573970077,1505.275146484375,1469.3401960377985,1505.275146484375,56000
2010-08-31 00:00:00+09:00,1489.3038240515668,1489.3038240515668,1461.3544225278108,1469.3399658203125,74200
2010-09-01 00:00:00+09:00,1469.3401136941056,1473.3328857421875,1461.3545695979421,1473.3328857421875,53600
2010-09-02 00:00:00+09:00,1481.3182635563676,1485.31103515625,1469.3399487567206,1485.31103515625,44000
2010-09-03 00:00:00+09:00,1481.318115234375,1489.3036576345603,1473.3325728341897,1481.318115234375,30000
2010-09-06 00:00:00+09:00,1485.3111830805965,1489.303955078125,1469.3400950904827,1489.303955078125,29600
2010-09-07 00:00:00+09:00,1477.3253440342824,1481.318115234375,1477.3253440342824,1481.318115234375,14400
2010-09-08 00:00:00+09:00,1469.339801634097,1481.318115234375,1469.339801634097,1481.318115234375,20400
2010-09-09 00:00:00+09:00,1481.3185781118032,1485.3113505595438,1477.3258056640625,1477.3258056640625,13800
2010-09-10 00:00:00+09:00,1477.3253440342824,1493.296428834653,1473.3325728341897,1481.318115234375,79200
2010-09-13 00:00:00+09:00,1489.3041230072847,1489.3041230072847,1477.3258056640625,1477.3258056640625,36600
2010-09-14 00:00:00+09:00,1481.318194547439,1493.2965087890625,1481.318194547439,1493.2965087890625,22800
2010-09-16 00:00:00+09:00,1497.289499073182,1501.2822710707105,1477.3256390855395,1489.303955078125,23400
2010-09-17 00:00:00+09:00,1501.2821215557797,1501.2821215557797,1485.31103515625,1485.31103515625,27000
2010-09-21 00:00:00+09:00,1485.3111830805965,1493.2967270756535,1481.318411083068,1489.303955078125,42400
2010-09-22 00:00:00+09:00,1497.289499073182,1497.289499073182,1489.303955078125,1489.303955078125,43200
2010-09-24 00:00:00+09:00,1485.31103515625,1497.2893499558973,1485.31103515625,1485.31103515625,61800
2010-09-27 00:00:00+09:00,1505.2748230306859,1505.2748230306859,1489.303737375188,1493.2965087890625,242400
2010-09-28 00:00:00+09:00,1501.3470093106055,1505.3720683168,1465.1214782548536,1477.1966552734375,145800
2010-09-29 00:00:00+09:00,1481.2215576171875,1489.2716747781503,1473.1714404562244,1481.2215576171875,46400
2010-09-30 00:00:00+09:00,1477.1963142246257,1489.2714884553448,1440.9707915324686,1444.995849609375,45200
2010-10-01 00:00:00+09:00,1457.0716037326388,1461.0966634114582,1436.9463053385416,1449.021484375,55400
2010-10-04 00:00:00+09:00,1453.0462074279785,1453.0462074279785,1416.8206787109375,1416.8206787109375,37600
2010-10-05 00:00:00+09:00,1420.8454802438114,1436.9457123145628,1400.7201901553722,1432.920654296875,66200
2010-10-06 00:00:00+09:00,1432.920565580986,1432.920565580986,1416.8203345070424,1428.8955078125,51800
2010-10-07 00:00:00+09:00,1424.8704500440142,1432.920565580986,1420.8453922755282,1428.8955078125,48200
2010-10-08 00:00:00+09:00,1424.8707962036133,1428.8958549499512,1416.8206787109375,1416.8206787109375,50000
2010-10-12 00:00:00+09:00,1424.8708631331997,1424.8708631331997,1376.5701559083454,1380.59521484375,120200
2010-10-13 00:00:00+09:00,1380.5950587073037,1388.645175667696,1380.5950587073037,1384.6201171875,68000
2010-10-14 00:00:00+09:00,1392.6700775588768,1396.6951355865037,1388.64501953125,1388.64501953125,51600
2010-10-15 00:00:00+09:00,1396.6954505853682,1396.6954505853682,1380.59521484375,1380.59521484375,50000
2010-10-18 00:00:00+09:00,1388.64528261382,1400.720458984375,1388.64528261382,1400.720458984375,28000
2010-10-19 00:00:00+09:00,1400.720493459564,1408.7706112380674,1388.6453167918091,1396.6954345703125,46400
2010-10-20 00:00:00+09:00,1388.645175667696,1392.6702341478924,1384.6201171875,1384.6201171875,47200
2010-10-21 00:00:00+09:00,1388.645175667696,1388.645175667696,1380.5950587073037,1384.6201171875,65600
2010-10-22 00:00:00+09:00,1388.6453327145591,1388.6453327145591,1380.59521484375,1380.59521484375,50600
2010-10-25 00:00:00+09:00,1380.5949159325744,1380.5949159325744,1372.5447998046875,1372.5447998046875,50000
2010-10-26 00:00:00+09:00,1368.5198432877219,1376.5699600129437,1360.4697265625,1360.4697265625,96400
2010-10-27 00:00:00+09:00,1372.5450595210498,1372.5450595210498,1352.419765393175,1356.44482421875,64800
2010-10-28 00:00:00+09:00,1352.4196098372781,1364.494784925111,1352.4196098372781,1360.4697265625,117600
2010-10-29 00:00:00+09:00,1352.4194972826087,1388.64501953125,1352.4194972826087,1388.64501953125,104200
2010-11-01 00:00:00+09:00,1380.59516503345,1400.720458984375,1372.54504745308,1400.720458984375,60000
2010-11-02 00:00:00+09:00,1400.720458984375,1404.7455177745599,1392.670341404005,1400.720458984375,38600
2010-11-04 00:00:00+09:00,1404.7454095884812,1404.7454095884812,1384.6201171875,1384.6201171875,37600
2010-11-05 00:00:00+09:00,1392.6700320870536,1416.820379464286,1392.6700320870536,1408.770263671875,63800
2010-11-08 00:00:00+09:00,1412.7957235516656,1412.7957235516656,1388.645369302919,1404.74560546875,57600
2010-11-09 00:00:00+09:00,1400.720493459564,1400.720493459564,1396.6954345703125,1396.6954345703125,15000
2010-11-10 00:00:00+09:00,1400.720493459564,1400.720493459564,1396.6954345703125,1396.6954345703125,34400
2010-11-11 00:00:00+09:00,1404.74560546875,1404.74560546875,1400.7205464272922,1404.74560546875,17800
2010-11-12 00:00:00+09:00,1396.6954345703125,1408.7706112380674,1396.6954345703125,1396.6954345703125,32400
2010-11-15 00:00:00+09:00,1392.6700775588768,1392.6700775588768,1384.6199615036232,1388.64501953125,58000
2010-11-16 00:00:00+09:00,1392.6700775588768,1396.6951355865037,1384.6199615036232,1388.64501953125,41400
2010-11-17 00:00:00+09:00,1388.645229449851,1392.6702880859375,1388.645229449851,1392.6702880859375,25600
2010-11-18 00:00:00+09:00,1388.6453167918091,1396.6954345703125,1388.6453167918091,1396.6954345703125,26400
2010-11-19 00:00:00+09:00,1400.7204053581106,1400.7204053581106,1388.645229449851,1392.6702880859375,40600
2010-11-22 00:00:00+09:00,1392.6702880859375,1400.7204053581106,1392.6702880859375,1392.6702880859375,57400
2010-11-24 00:00:00+09:00,1388.64501953125,1400.7201936141305,1388.64501953125,1388.64501953125,45000
2010-11-25 00:00:00+09:00,1392.6702341478924,1392.6702341478924,1384.6201171875,1384.6201171875,31200
2010-11-26 00:00:00+09:00,1384.6199615036232,1388.64501953125,1376.5698454483695,1388.64501953125,57600
2010-11-29 00:00:00+09:00,1380.59521484375,1400.7205095207726,1376.5701559083454,1380.59521484375,74600
2010-11-30 00:00:00+09:00,1388.645369302919,1404.74560546875,1380.5952512200035,1404.74560546875,162600
2010-12-01 00:00:00+09:00,1396.6953467220242,1396.6953467220242,1388.645229449851,1392.6702880859375,50200
2010-12-02 00:00:00+09:00,1396.6953467220242,1408.7705226302837,1388.645229449851,1392.6702880859375,83600
2010-12-03 00:00:00+09:00,1396.6954505853682,1396.6954505853682,1380.59521484375,1380.59521484375,33000
2010-12-06 00:00:00+09:00,1380.5949034759965,1392.6700775588768,1380.5949034759965,1388.64501953125,62200
2010-12-07 00:00:00+09:00,1392.6702880859375,1392.6702880859375,1380.595112177678,1392.6702880859375,87600
2010-12-08 00:00:00+09:00,1392.670341404005,1404.7455177745599,1392.670341404005,1400.720458984375,68200
2010-12-09 00:00:00+09:00,1396.69540019419,1408.770576564745,1396.69540019419,1400.720458984375,81000
2010-12-10 00:00:00+09:00,1404.7455177745599,1408.770576564745,1400.720458984375,1400.720458984375,132800
2010-12-13 00:00:00+09:00,1400.7201478794643,1408.770263671875,1400.7201478794643,1408.770263671875,52600
2010-12-14 00:00:00+09:00,1408.770263671875,1416.820379464286,1408.770263671875,1408.770263671875,44200
2010-12-15 00:00:00+09:00,1420.8454373604911,1420.8454373604911,1400.7201478794643,1408.770263671875,86800
2010-12-16 00:00:00+09:00,1408.7706645102078,1408.7706645102078,1400.7205464272922,1404.74560546875,30200
2010-12-17 00:00:00+09:00,1396.6953467220242,1400.7204053581106,1392.6702880859375,1392.6702880859375,65600
2010-12-20 00:00:00+09:00,1392.6700775588768,1396.6951355865037,1384.6199615036232,1388.64501953125,61000
2010-12-21 00:00:00+09:00,1384.6199615036232,1392.6700775588768,1384.6199615036232,1388.64501953125,115800
2010-12-22 00:00:00+09:00,1396.6952379014756,1396.6952379014756,1376.5699462890625,1376.5699462890625,154400
2010-12-24 00:00:00+09:00,1372.545235872972,1376.570295215708,1360.470057844764,1364.4951171875,160400
2010-12-27 00:00:00+09:00,1368.5198974609375,1376.5700145048254,1364.4948389389936,1368.5198974609375,69800
2010-12-28 00:00:00+09:00,1376.5698578686308,1380.5949159325744,1368.5197417407442,1372.5447998046875,56000
2010-12-29 00:00:00+09:00,1376.5699462890625,1380.595004611545,1372.5448879665798,1376.5699462890625,45400
2010-12-30 00:00:00+09:00,1376.5700145048254,1376.5700145048254,1368.5198974609375,1368.5198974609375,48600
2011-01-04 00:00:00+09:00,1380.595112177678,1396.6953467220242,1376.5700535415915,1392.6702880859375,60600
2011-01-05 00:00:00+09:00,1392.6703916499637,1396.6954505853682,1380.59521484375,1380.59521484375,22400
2011-01-06 00:00:00+09:00,1380.5949034759965,1392.6700775588768,1376.5698454483695,1388.64501953125,49600
2011-01-07 00:00:00+09:00,1396.6952926280885,1396.6952926280885,1384.6201171875,1384.6201171875,33600
2011-01-11 00:00:00+09:00,1388.64501953125,1392.6700775588768,1380.5949034759965,1388.64501953125,35000
2011-01-12 00:00:00+09:00,1396.6951355865037,1396.6951355865037,1384.6199615036232,1388.64501953125,50400
2011-01-13 00:00:00+09:00,1392.6700775588768,1392.6700775588768,1388.64501953125,1388.64501953125,33800
2011-01-14 00:00:00+09:00,1392.6702880859375,1404.745463994197,1388.645229449851,1392.6702880859375,76600
2011-01-17 00:00:00+09:00,1392.6703916499637,1396.6954505853682,1380.59521484375,1380.59521484375,88400
2011-01-18 00:00:00+09:00,1384.6202737791546,1384.6202737791546,1380.59521484375,1380.59521484375,49600
2011-01-19 00:00:00+09:00,1384.6199615036232,1388.64501953125,1380.5949034759965,1388.64501953125,40400
2011-01-20 00:00:00+09:00,1388.64501953125,1392.6700775588768,1384.6199615036232,1388.64501953125,31200
2011-01-21 00:00:00+09:00,1388.6453327145591,1392.6703916499637,1380.59521484375,1380.59521484375,47000
2011-01-24 00:00:00+09:00,1380.5949034759965,1388.64501953125,1380.5949034759965,1388.64501953125,30800
2011-01-25 00:00:00+09:00,1388.64501953125,1396.6951355865037,1384.6199615036232,1388.64501953125,75400
2011-01-26 00:00:00+09:00,1392.6703916499637,1392.6703916499637,1380.59521484375,1380.59521484375,50600
2011-01-27 00:00:00+09:00,1384.6200629340276,1384.6200629340276,1376.5699462890625,1376.5699462890625,47600
2011-01-28 00:00:00+09:00,1376.5698578686308,1380.5949159325744,1372.5447998046875,1372.5447998046875,73400
2011-01-31 00:00:00+09:00,1368.5197417407442,1376.5698578686308,1368.5197417407442,1372.5447998046875,53000
2011-02-01 00:00:00+09:00,1376.5700145048254,1376.5700145048254,1368.5198974609375,1368.5198974609375,48200
2011-02-02 00:00:00+09:00,1376.5698578686308,1384.6199739965177,1372.5447998046875,1372.5447998046875,55400
2011-02-03 00:00:00+09:00,1376.5698578686308,1384.6199739965177,1372.5447998046875,1372.5447998046875,54800
2011-02-04 00:00:00+09:00,1376.5698454483695,1388.64501953125,1376.5698454483695,1388.64501953125,27800
2011-02-07 00:00:00+09:00,1384.6199615036232,1392.6700775588768,1384.6199615036232,1388.64501953125,38400
2011-02-08 00:00:00+09:00,1388.64501953125,1396.6951355865037,1384.6199615036232,1388.64501953125,49200
2011-02-09 00:00:00+09:00,1392.6700775588768,1392.6700775588768,1384.6199615036232,1388.64501953125,17600
2011-02-10 00:00:00+09:00,1388.645229449851,1396.6953467220242,1388.645229449851,1392.6702880859375,27000
2011-02-14 00:00:00+09:00,1416.8206941451149,1424.8708117254848,1396.69540019419,1400.720458984375,41200
2011-02-15 00:00:00+09:00,1404.74560546875,1408.7706645102078,1400.7205464272922,1404.74560546875,37600
2011-02-16 00:00:00+09:00,1408.770576564745,1408.770576564745,1400.720458984375,1400.720458984375,21400
2011-02-17 00:00:00+09:00,1400.7203567374465,1416.8205907229344,1400.7203567374465,1412.7955322265625,44400
2011-02-18 00:00:00+09:00,1420.8454373604911,1428.8955531529018,1408.770263671875,1408.770263671875,63400
2011-02-21 00:00:00+09:00,1412.7955322265625,1420.8456492193063,1412.7955322265625,1412.7955322265625,25800
2011-02-22 00:00:00+09:00,1408.7702519476077,1428.895541261145,1408.7702519476077,1424.8704833984375,82800
2011-02-23 00:00:00+09:00,1424.8704833984375,1432.9205991238525,1420.84542553573,1424.8704833984375,51600
2011-02-24 00:00:00+09:00,1424.8704952566966,1428.8955531529018,1408.770263671875,1408.770263671875,44800
2011-02-25 00:00:00+09:00,1408.7705612182617,1416.8206787109375,1408.7705612182617,1416.8206787109375,16400
2011-02-28 00:00:00+09:00,1412.7955322265625,1420.8456492193063,1408.7704737301904,1412.7955322265625,39400
2011-03-01 00:00:00+09:00,1424.8704500440142,1436.9456233494718,1420.8453922755282,1428.8955078125,52000
2011-03-02 00:00:00+09:00,1420.8457374572754,1436.945972442627,1416.8206787109375,1416.8206787109375,59000
2011-03-03 00:00:00+09:00,1420.845947265625,1428.8960659470165,1420.845947265625,1420.845947265625,20000
2011-03-04 00:00:00+09:00,1428.8960659470165,1428.8960659470165,1416.8208879249291,1420.845947265625,20600
2011-03-07 00:00:00+09:00,1420.8457529353,1420.8457529353,1400.720458984375,1400.720458984375,40400
2011-03-08 00:00:00+09:00,1408.7706645102078,1412.7957235516656,1404.74560546875,1404.74560546875,48800
2011-03-09 00:00:00+09:00,1408.7702519476077,1428.895541261145,1408.7702519476077,1424.8704833984375,43400
2011-03-10 00:00:00+09:00,1420.8454373604911,1424.8704952566966,1408.770263671875,1408.770263671875,34800
2011-03-11 00:00:00+09:00,1412.7957235516656,1412.7957235516656,1404.74560546875,1404.74560546875,137200
2011-03-14 00:00:00+09:00,1368.5198974609375,1396.6953071145451,1328.2693122414983,1368.5198974609375,58000
2011-03-15 00:00:00+09:00,1392.6705329619258,1392.6705329619258,1328.2695834607964,1336.3197021484375,156400
2011-03-16 00:00:00+09:00,1364.494979102132,1380.59521484375,1352.4198022959183,1380.59521484375,115800
2011-03-17 00:00:00+09:00,1380.59521484375,1388.6453327145591,1356.4448612313229,1380.59521484375,109800
2011-03-18 00:00:00+09:00,1392.670375681061,1400.720493459564,1384.6202579025576,1396.6954345703125,81200
2011-03-22 00:00:00+09:00,1420.8453922755282,1428.8955078125,1404.7451612015846,1428.8955078125,87000
2011-03-23 00:00:00+09:00,1432.920913696289,1436.945972442627,1416.8206787109375,1416.8206787109375,61000
2011-03-24 00:00:00+09:00,1408.7705612182617,1424.8707962036133,1408.7705612182617,1416.8206787109375,88400
2011-03-25 00:00:00+09:00,1424.8707962036133,1428.8958549499512,1404.7455024719238,1416.8206787109375,90800
2011-03-28 00:00:00+09:00,1420.845688421853,1436.9459228515625,1416.8206298144257,1436.9459228515625,279600
2011-03-29 00:00:00+09:00,1424.7683804001417,1432.88671875,1408.531703700425,1432.88671875,129000
2011-03-30 00:00:00+09:00,1441.0049532508315,1449.123291015625,1428.8274466036414,1449.123291015625,80000
2011-03-31 00:00:00+09:00,1445.063914378928,1457.2414192753797,1432.8864094824764,1453.1822509765625,74200
2011-04-01 00:00:00+09:00,1449.1231276722556,1453.1822960971078,1408.531443423733,1416.6497802734375,71400
2011-04-04 00:00:00+09:00,1416.6496084707755,1428.8271122685185,1416.6496084707755,1424.7679443359375,42400
2011-04-05 00:00:00+09:00,1424.768117123142,1424.768117123142,1412.5906118485852,1416.6497802734375,37200
2011-04-06 00:00:00+09:00,1428.8273729346265,1428.8273729346265,1412.5906982421875,1412.5906982421875,24800
2011-04-07 00:00:00+09:00,1412.5909075558357,1424.768415379593,1404.4725690066643,1408.53173828125,35800
2011-04-08 00:00:00+09:00,1404.4723102678572,1424.7681529017857,1404.4723102678572,1420.708984375,51200
2011-04-11 00:00:00+09:00,1416.6497802734375,1420.7089486982898,1412.5906118485852,1416.6497802734375,23600
2011-04-12 00:00:00+09:00,1412.5907141644022,1412.5907141644022,1396.3540392889493,1400.4132080078125,43800
2011-04-13 00:00:00+09:00,1400.4133997320785,1416.6500768304215,1400.4133997320785,1408.53173828125,25600
2011-04-14 00:00:00+09:00,1408.531443423733,1420.7089486982898,1408.531443423733,1416.6497802734375,30400
2011-04-15 00:00:00+09:00,1416.6498669152973,1416.6498669152973,1408.5315295690777,1412.5906982421875,44000
2011-04-18 00:00:00+09:00,1412.5911180793896,1412.5911180793896,1404.4727783203125,1404.4727783203125,16600
2011-04-19 00:00:00+09:00,1404.472360895968,1412.5906982421875,1404.472360895968,1412.5906982421875,22600
2011-04-20 00:00:00+09:00,1416.6497802734375,1416.6497802734375,1412.5906118485852,1416.6497802734375,22600
2011-04-21 00:00:00+09:00,1420.7092461050072,1420.7092461050072,1404.4725690066643,1408.53173828125,39000
2011-04-22 00:00:00+09:00,1408.5315295690777,1412.5906982421875,1408.5315295690777,1412.5906982421875,10600
2011-04-25 00:00:00+09:00,1412.5911180793896,1416.650287958928,1404.4727783203125,1404.4727783203125,18600
2011-04-26 00:00:00+09:00,1404.4724639182866,1408.5316328891488,1392.2949570057003,1396.3541259765625,61200
2011-04-27 00:00:00+09:00,1400.4130140476948,1404.4721822043548,1392.294677734375,1392.294677734375,35400
2011-04-28 00:00:00+09:00,1396.3539732142856,1420.708984375,1396.3539732142856,1420.708984375,62400
2011-05-02 00:00:00+09:00,1420.7089190415932,1449.1230974224252,1420.7089190415932,1441.0047607421875,49000
2011-05-06 00:00:00+09:00,1436.9455924020685,1445.0639290823062,1424.7680873817121,1441.0047607421875,39800
2011-05-09 00:00:00+09:00,1445.0639290823062,1445.0639290823062,1436.9455924020685,1441.0047607421875,31400
2011-05-10 00:00:00+09:00,1445.0641221332282,1449.123291015625,1441.0049532508315,1449.123291015625,41200
2011-05-11 00:00:00+09:00,1445.0637839988426,1449.1229519314236,1420.7087764033565,1424.7679443359375,50000
2011-05-12 00:00:00+09:00,1420.709035588407,1424.7682042615168,1412.5906982421875,1412.5906982421875,41000
2011-05-13 00:00:00+09:00,1416.650287958928,1420.7094578384665,1400.4136084407742,1404.4727783203125,65000
2011-05-16 00:00:00+09:00,1404.4723767266757,1408.531545445539,1400.4132080078125,1400.4132080078125,56000
2011-05-17 00:00:00+09:00,1400.4132949474247,1404.4724639182866,1396.3541259765625,1396.3541259765625,28000
2011-05-18 00:00:00+09:00,1400.4132080078125,1404.4723767266757,1396.3540392889493,1400.4132080078125,27000
2011-05-19 00:00:00+09:00,1404.4721822043548,1404.4721822043548,1392.294677734375,1392.294677734375,31000
2011-05-20 00:00:00+09:00,1392.294677734375,1396.353845891035,1392.294677734375,1392.294677734375,39800
2011-05-23 00:00:00+09:00,1392.294677734375,1396.353845891035,1392.294677734375,1392.294677734375,17000
2011-05-24 00:00:00+09:00,1392.294677734375,1400.4130140476948,1392.294677734375,1392.294677734375,16000
2011-05-25 00:00:00+09:00,1392.294677734375,1396.353845891035,1392.294677734375,1392.294677734375,36200
2011-05-26 00:00:00+09:00,1396.3541259765625,1400.4132949474247,1392.2949570057003,1396.3541259765625,17800
2011-05-27 00:00:00+09:00,1400.4131009285911,1400.4131009285911,1388.235595703125,1388.235595703125,44200
2011-05-30 00:00:00+09:00,1388.235509577715,1396.353845891035,1388.235509577715,1392.294677734375,23200
2011-05-31 00:00:00+09:00,1392.2948509954638,1400.4131883190526,1384.176513671875,1384.176513671875,60400
2011-06-01 00:00:00+09:00,1396.3541259765625,1396.3541259765625,1388.2357880348384,1396.3541259765625,23200
2011-06-02 00:00:00+09:00,1388.2356823336695,1388.2356823336695,1384.176513671875,1384.176513671875,19800
2011-06-03 00:00:00+09:00,1384.1764423741704,1392.2947792795906,1376.05810546875,1376.05810546875,41400
2011-06-06 00:00:00+09:00,1376.0586477217405,1380.117817774017,1363.881137564911,1367.9403076171875,45600
2011-06-07 00:00:00+09:00,1367.9397685633296,1380.11727392146,1367.9397685633296,1376.05810546875,22400
2011-06-08 00:00:00+09:00,1376.0581410127527,1388.235646685432,1376.0581410127527,1380.1173095703125,19000
2011-06-09 00:00:00+09:00,1384.1764272946364,1392.2947641116136,1384.1764272946364,1388.235595703125,16400
2011-06-10 00:00:00+09:00,1408.5316328891488,1412.590801860011,1396.3541259765625,1396.3541259765625,85600
2011-06-13 00:00:00+09:00,1384.176513671875,1388.2356823336695,1384.176513671875,1384.176513671875,18800
2011-06-14 00:00:00+09:00,1396.3541259765625,1400.4132949474247,1392.2949570057003,1396.3541259765625,37400
2011-06-15 00:00:00+09:00,1396.354019657258,1396.354019657258,1384.176513671875,1384.176513671875,29800
2011-06-16 00:00:00+09:00,1380.1173095703125,1388.235646685432,1380.1173095703125,1380.1173095703125,23600
2011-06-17 00:00:00+09:00,1380.117624766791,1384.1767942513993,1355.7626078591418,1359.82177734375,67200
2011-06-20 00:00:00+09:00,1363.881137564911,1371.9994776694639,1363.881137564911,1367.9403076171875,26800
2011-06-21 00:00:00+09:00,1371.9994776694639,1371.9994776694639,1359.8219675126345,1367.9403076171875,31400
2011-06-22 00:00:00+09:00,1367.9398390246977,1384.176513671875,1367.9398390246977,1384.176513671875,35400
2011-06-23 00:00:00+09:00,1371.9989724551929,1384.176478127872,1371.9989724551929,1380.1173095703125,21600
2011-06-24 00:00:00+09:00,1384.1764272946364,1388.235595703125,1384.1764272946364,1388.235595703125,14400
2011-06-27 00:00:00+09:00,1384.176513671875,1392.2948509954638,1380.1173450100807,1384.176513671875,36200
2011-06-28 00:00:00+09:00,1388.235509577715,1396.353845891035,1388.235509577715,1392.294677734375,32000
2011-06-29 00:00:00+09:00,1400.4132080078125,1400.4132080078125,1392.294870570086,1400.4132080078125,16400
2011-06-30 00:00:00+09:00,1404.4727783203125,1404.4727783203125,1392.295268681697,1404.4727783203125,39000
2011-07-01 00:00:00+09:00,1412.5907141644022,1412.5907141644022,1388.2357018512228,1400.4132080078125,35400
2011-07-04 00:00:00+09:00,1408.53173828125,1408.53173828125,1400.4133997320785,1408.53173828125,25200
2011-07-05 00:00:00+09:00,1404.4723767266757,1408.531545445539,1376.0581956946332,1400.4132080078125,42200
2011-07-06 00:00:00+09:00,1392.294854876639,1412.5906982421875,1392.294854876639,1412.5906982421875,27400
2011-07-07 00:00:00+09:00,1416.6498669152973,1416.6498669152973,1404.472360895968,1412.5906982421875,19000
2011-07-08 00:00:00+09:00,1416.6498669152973,1420.709035588407,1412.5906982421875,1412.5906982421875,24200
2011-07-11 00:00:00+09:00,1412.5906473214286,1420.708984375,1412.5906473214286,1420.708984375,17200
2011-07-12 00:00:00+09:00,1420.7089486982898,1420.7089486982898,1412.5906118485852,1416.6497802734375,16800
2011-07-13 00:00:00+09:00,1412.5906473214286,1424.7681529017857,1412.5906473214286,1420.708984375,21600
2011-07-14 00:00:00+09:00,1420.7087764033565,1424.7679443359375,1416.6496084707755,1424.7679443359375,30600
2011-07-15 00:00:00+09:00,1428.8271122685185,1428.8271122685185,1416.6496084707755,1424.7679443359375,28800
2011-07-19 00:00:00+09:00,1424.7679443359375,1424.7679443359375,1420.7087764033565,1424.7679443359375,16000
2011-07-20 00:00:00+09:00,1428.8273214285714,1428.8273214285714,1416.6498158482143,1420.708984375,12800
2011-07-21 00:00:00+09:00,1420.708984375,1424.7681529017857,1416.6498158482143,1420.708984375,16000
2011-07-22 00:00:00+09:00,1424.7681529017857,1428.8273214285714,1420.708984375,1420.708984375,20000
2011-07-25 00:00:00+09:00,1420.7089486982898,1424.768117123142,1416.6497802734375,1416.6497802734375,14200
2011-07-26 00:00:00+09:00,1416.6498158482143,1424.7681529017857,1416.6498158482143,1420.708984375,10800
2011-07-27 00:00:00+09:00,1412.5906982421875,1424.7682042615168,1400.4131922228582,1412.5906982421875,37800
2011-07-28 00:00:00+09:00,1412.5906982421875,1416.6498669152973,1404.472360895968,1412.5906982421875,41400
2011-07-29 00:00:00+09:00,1412.5911180793896,1412.5911180793896,1404.4727783203125,1404.4727783203125,16000
2011-08-01 00:00:00+09:00,1412.5906982421875,1416.6498669152973,1408.5315295690777,1412.5906982421875,24800
2011-08-02 00:00:00+09:00,1412.5909075558357,1412.5909075558357,1404.4725690066643,1408.53173828125,16800
2011-08-03 00:00:00+09:00,1396.3541259765625,1408.5316328891488,1396.3541259765625,1396.3541259765625,31000
2011-08-04 00:00:00+09:00,1404.4723767266757,1408.531545445539,1392.294870570086,1400.4132080078125,36200
2011-08-05 00:00:00+09:00,1384.176341421055,1392.294677734375,1384.176341421055,1392.294677734375,35400
2011-08-08 00:00:00+09:00,1388.2356823336695,1388.2356823336695,1384.176513671875,1384.176513671875,27800
2011-08-09 00:00:00+09:00,1380.1173450100807,1384.176513671875,1363.8806703629034,1384.176513671875,67800
2011-08-10 00:00:00+09:00,1396.3541259765625,1404.4724639182866,1392.2949570057003,1396.3541259765625,25200
2011-08-11 00:00:00+09:00,1384.1769289226202,1404.4727783203125,1384.1769289226202,1404.4727783203125,32000
2011-08-12 00:00:00+09:00,1412.5911180793896,1412.5911180793896,1396.3544385612356,1404.4727783203125,31200
2011-08-15 00:00:00+09:00,1412.5907141644022,1412.5907141644022,1396.3540392889493,1400.4132080078125,26600
2011-08-16 00:00:00+09:00,1396.3542304574928,1408.53173828125,1396.3542304574928,1408.53173828125,20200
2011-08-17 00:00:00+09:00,1400.4133997320785,1408.53173828125,1400.4133997320785,1408.53173828125,15600
2011-08-18 00:00:00+09:00,1412.5906982421875,1412.5906982421875,1400.4131922228582,1412.5906982421875,27400
2011-08-19 00:00:00+09:00,1392.294854876639,1412.5906982421875,1392.294854876639,1412.5906982421875,26200
2011-08-22 00:00:00+09:00,1416.6498158482143,1420.708984375,1416.6498158482143,1420.708984375,22000
2011-08-23 00:00:00+09:00,1420.7090551202948,1436.9457300359552,1420.7090551202948,1428.827392578125,53600
2011-08-24 00:00:00+09:00,1436.9459228515625,1436.9459228515625,1424.7684150307864,1436.9459228515625,31400
2011-08-25 00:00:00+09:00,1416.6500768304215,1432.8867539287644,1408.53173828125,1408.53173828125,42400
2011-08-26 00:00:00+09:00,1416.6498669152973,1416.6498669152973,1408.5315295690777,1412.5906982421875,24400
2011-08-29 00:00:00+09:00,1416.6498158482143,1420.708984375,1408.531478794643,1420.708984375,29800
2011-08-30 00:00:00+09:00,1428.8275495750709,1432.88671875,1420.7092112252126,1432.88671875,28400
2011-08-31 00:00:00+09:00,1424.7682238492098,1428.827392578125,1412.5907176624646,1428.827392578125,71800
2011-09-01 00:00:00+09:00,1416.6498158482143,1424.7681529017857,1412.5906473214286,1420.708984375,65400
2011-09-02 00:00:00+09:00,1412.5904405381946,1424.7679443359375,1408.5312726056136,1424.7679443359375,58600
2011-09-05 00:00:00+09:00,1424.768117123142,1424.768117123142,1416.6497802734375,1416.6497802734375,41000
2011-09-06 00:00:00+09:00,1416.6498863913796,1428.827392578125,1416.6498863913796,1428.827392578125,30000
2011-09-07 00:00:00+09:00,1428.8275843043784,1436.9459228515625,1428.8275843043784,1436.9459228515625,33600
2011-09-08 00:00:00+09:00,1436.9455777812937,1457.2414192753797,1432.8864094824764,1453.1822509765625,68200
2011-09-09 00:00:00+09:00,1445.063914378928,1461.300587574197,1445.063914378928,1453.1822509765625,98200
2011-09-12 00:00:00+09:00,1445.0640709327124,1461.3007458870125,1441.0049021941372,1457.2415771484375,101600
2011-09-13 00:00:00+09:00,1461.300765108471,1477.537440276343,1457.241596316503,1473.478271484375,80200
2011-09-14 00:00:00+09:00,1473.478271484375,1477.537440276343,1469.419102692407,1473.478271484375,50600
2011-09-15 00:00:00+09:00,1477.5374755859375,1481.59664447491,1473.4783066969653,1477.5374755859375,42800
2011-09-16 00:00:00+09:00,1477.5374755859375,1477.5374755859375,1473.4783066969653,1477.5374755859375,41000
2011-09-20 00:00:00+09:00,1473.4782521027375,1473.4782521027375,1457.2415771484375,1457.2415771484375,50800
2011-09-21 00:00:00+09:00,1465.3597558730141,1465.3597558730141,1453.1822509765625,1453.1822509765625,34800
2011-09-22 00:00:00+09:00,1453.1823574922091,1465.35986328125,1453.1823574922091,1465.35986328125,52800
2011-09-26 00:00:00+09:00,1469.419189453125,1481.5966965480404,1461.300851389848,1469.419189453125,70400
2011-09-27 00:00:00+09:00,1477.5377014326466,1489.7152099609375,1473.4785319232162,1489.7152099609375,283800
2011-09-28 00:00:00+09:00,1456.9742296006946,1477.4373508029514,1456.9742296006946,1473.3447265625,155000
2011-09-29 00:00:00+09:00,1473.3444440857438,1485.622314453125,1465.1591971741564,1485.622314453125,102600
2011-09-30 00:00:00+09:00,1489.7150211855362,1497.9002685546875,1477.4371501318094,1497.9002685546875,80000
2011-10-03 00:00:00+09:00,1473.344607469512,1514.2708465658875,1469.2519835598746,1510.17822265625,83800
2011-10-04 00:00:00+09:00,1506.0854880136985,1506.0854880136985,1489.714993578767,1493.8076171875,64800
2011-10-05 00:00:00+09:00,1497.900004463513,1497.900004463513,1469.2516437224074,1477.4368896484375,83600
2011-10-06 00:00:00+09:00,1473.3442666854226,1481.5295126114527,1469.2516437224074,1477.4368896484375,29200
2011-10-07 00:00:00+09:00,1473.3442666854226,1489.7147585374828,1465.1590207593922,1477.4368896484375,81400
2011-10-11 00:00:00+09:00,1485.622314453125,1489.7149379089187,1477.4370675415375,1485.622314453125,41800
2011-10-12 00:00:00+09:00,1485.622314453125,1493.8075613647125,1477.4370675415375,1485.622314453125,35200
2011-10-13 00:00:00+09:00,1497.9002634256826,1497.9002634256826,1461.066650390625,1461.066650390625,18400
2011-10-14 00:00:00+09:00,1452.8810748946196,1461.0663203869835,1448.7884521484375,1448.7884521484375,58800
2011-10-17 00:00:00+09:00,1456.97412109375,1456.97412109375,1444.6962492867804,1456.97412109375,43800
2011-10-18 00:00:00+09:00,1452.881386496804,1469.2518809925427,1424.2330211292615,1440.603515625,44600
2011-10-19 00:00:00+09:00,1456.973811485248,1465.1590576171875,1444.6959422873385,1465.1590576171875,24000
2011-10-20 00:00:00+09:00,1456.9742296006946,1473.3447265625,1456.9742296006946,1473.3447265625,29400
2011-10-21 00:00:00+09:00,1473.3446168363764,1477.437240772033,1456.97412109375,1456.97412109375,19400
2011-10-24 00:00:00+09:00,1465.159218199824,1489.7149592869719,1452.88134765625,1452.88134765625,52400
2011-10-25 00:00:00+09:00,1448.788873222437,1461.0667450294068,1448.788873222437,1456.97412109375,40800
2011-10-26 00:00:00+09:00,1448.7887628728693,1456.9740101207387,1436.5108920010653,1440.603515625,49400
2011-10-27 00:00:00+09:00,1448.788873222437,1473.3446168363764,1440.6036253511236,1456.97412109375,34400
2011-10-28 00:00:00+09:00,1473.3445769498608,1477.4372007747215,1444.6962101758356,1469.251953125,43600
2011-10-31 00:00:00+09:00,1469.2516437224074,1485.6221355744676,1469.2516437224074,1477.4368896484375,61200
2011-11-01 00:00:00+09:00,1473.3445214023109,1473.3445214023109,1452.881403049501,1461.066650390625,35600
2011-11-02 00:00:00+09:00,1448.7887628728693,1452.881386496804,1440.603515625,1440.603515625,60400
2011-11-04 00:00:00+09:00,1456.973774833362,1481.5295126114527,1448.788528907332,1477.4368896484375,44000
2011-11-07 00:00:00+09:00,1469.2521023220486,1473.3447265625,1461.066853841146,1473.3447265625,33000
2011-11-08 00:00:00+09:00,1456.974026720063,1465.1592740611868,1456.974026720063,1461.066650390625,24200
2011-11-09 00:00:00+09:00,1465.1592246254722,1489.7149658203125,1461.0666010929988,1489.7149658203125,36000
2011-11-10 00:00:00+09:00,1469.2521023220486,1485.6225992838542,1465.1594780815972,1473.3447265625,37000
2011-11-11 00:00:00+09:00,1469.2516437224074,1481.5295126114527,1465.1590207593922,1477.4368896484375,29200
2011-11-14 00:00:00+09:00,1481.5295126114527,1481.5295126114527,1469.2516437224074,1477.4368896484375,16800
2011-11-15 00:00:00+09:00,1473.3447265625,1481.5299750434028,1469.2521023220486,1473.3447265625,35600
2011-11-16 00:00:00+09:00,1469.251953125,1485.622448424443,1465.1593293001392,1469.251953125,21600
2011-11-17 00:00:00+09:00,1465.1591971741564,1485.622314453125,1465.1591971741564,1485.622314453125,23600
2011-11-18 00:00:00+09:00,1473.3442666854226,1485.6221355744676,1473.3442666854226,1477.4368896484375,27400
2011-11-21 00:00:00+09:00,1477.4371227525685,1493.8076171875,1473.3444991438355,1493.8076171875,23000
2011-11-22 00:00:00+09:00,1489.7149658203125,1493.807589352786,1477.4370952228924,1489.7149658203125,38200
2011-11-24 00:00:00+09:00,1465.1590207593922,1485.6221355744676,1465.1590207593922,1477.4368896484375,39800
2011-11-25 00:00:00+09:00,1465.1593293001392,1481.5298245995823,1465.1593293001392,1469.251953125,33800
2011-11-28 00:00:00+09:00,1473.3445769498608,1477.4372007747215,1465.1593293001392,1469.251953125,17600
2011-11-29 00:00:00+09:00,1469.2521023220486,1477.4373508029514,1461.066853841146,1473.3447265625,39600
2011-11-30 00:00:00+09:00,1473.3444991438355,1493.8076171875,1473.3444991438355,1493.8076171875,96000
2011-12-01 00:00:00+09:00,1493.807589352786,1506.085459950206,1485.6223422878393,1489.7149658203125,71200
2011-12-02 00:00:00+09:00,1501.9928922392633,1501.9928922392633,1493.807644870112,1497.9002685546875,35600
2011-12-05 00:00:00+09:00,1501.9931640625,1501.9931640625,1493.8079152120233,1501.9931640625,15600
2011-12-06 00:00:00+09:00,1481.52978515625,1493.8076563039538,1481.52978515625,1481.52978515625,38800
2011-12-07 00:00:00+09:00,1481.5297463613012,1493.8076171875,1477.4371227525685,1493.8076171875,24400
2011-12-08 00:00:00+09:00,1493.807589352786,1501.9928364177326,1485.6223422878393,1489.7149658203125,41200
2011-12-09 00:00:00+09:00,1489.7149379089187,1493.8075613647125,1481.5296909973313,1485.622314453125,72400
2011-12-12 00:00:00+09:00,1497.9002685546875,1497.9002685546875,1489.7150211855362,1497.9002685546875,22200
2011-12-13 00:00:00+09:00,1485.6226663615464,1501.9931640625,1481.530041936308,1501.9931640625,22400
2011-12-14 00:00:00+09:00,1506.0855987466125,1510.17822265625,1497.9003509273373,1510.17822265625,32000
2011-12-15 00:00:00+09:00,1506.0857884877385,1510.178412912977,1501.9931640625,1501.9931640625,28400
2011-12-16 00:00:00+09:00,1510.178412912977,1514.2710373382154,1501.9931640625,1501.9931640625,21800
2011-12-19 00:00:00+09:00,1497.9002191374834,1526.548583984375,1489.7149720383713,1526.548583984375,37200
2011-12-20 00:00:00+09:00,1514.2706962253737,1514.2706962253737,1501.9928257154381,1506.08544921875,11400
2011-12-21 00:00:00+09:00,1506.085515923839,1506.085515923839,1489.7150211855362,1497.9002685546875,15600
2011-12-22 00:00:00+09:00,1497.9002685546875,1506.085515923839,1493.807644870112,1497.9002685546875,26600
2011-12-26 00:00:00+09:00,1506.085515923839,1506.085515923839,1497.9002685546875,1497.9002685546875,16400
2011-12-27 00:00:00+09:00,1485.6223699700342,1497.9002407962328,1485.6223699700342,1493.8076171875,12200
2011-12-28 00:00:00+09:00,1489.7149379089187,1497.9001848205062,1485.622314453125,1485.622314453125,12800
2011-12-29 00:00:00+09:00,1489.7150211855362,1497.9002685546875,1481.529773816385,1497.9002685546875,10600
2011-12-30 00:00:00+09:00,1506.08544921875,1510.1780727220619,1497.9002022121265,1506.08544921875,19400
2012-01-04 00:00:00+09:00,1518.3633368852632,1551.104325281711,1514.2707133357071,1526.548583984375,63000
2012-01-05 00:00:00+09:00,1526.5487735059385,1526.5487735059385,1518.363525390625,1518.363525390625,7200
2012-01-06 00:00:00+09:00,1518.363470475525,1518.363470475525,1493.8077270176998,1510.17822265625,19800
2012-01-10 00:00:00+09:00,1522.4558765308277,1538.8263698268581,1501.9927599107898,1514.2706298828125,35200
2012-01-11 00:00:00+09:00,1506.0853832347973,1522.4558765308277,1506.0853832347973,1514.2706298828125,10800
2012-01-12 00:00:00+09:00,1514.2706962253737,1514.2706962253737,1497.9002022121265,1506.08544921875,21600
2012-01-13 00:00:00+09:00,1518.3631783343376,1538.8262939453125,1518.3631783343376,1538.8262939453125,40800
2012-01-16 00:00:00+09:00,1534.7339813722008,1534.7339813722008,1497.900365819268,1530.641357421875,30600
2012-01-17 00:00:00+09:00,1530.6411412760417,1534.7337646484375,1518.363271158854,1534.7337646484375,22800
2012-01-18 00:00:00+09:00,1526.5484336935065,1534.7336799867692,1518.3631874002435,1522.455810546875,22600
2012-01-19 00:00:00+09:00,1526.5484336935065,1530.6410568401377,1518.3631874002435,1522.455810546875,14800
2012-01-20 00:00:00+09:00,1530.6411412760417,1534.7337646484375,1530.6411412760417,1534.7337646484375,29200
2012-01-23 00:00:00+09:00,1534.7336799867692,1534.7336799867692,1518.3631874002435,1522.455810546875,16600
2012-01-24 00:00:00+09:00,1530.641357421875,1530.641357421875,1522.4561095212232,1530.641357421875,8800
2012-01-25 00:00:00+09:00,1534.7336708231176,1538.8262939453125,1534.7336708231176,1538.8262939453125,17000
2012-01-26 00:00:00+09:00,1542.9193386501736,1547.011962890625,1538.8267144097224,1547.011962890625,18400
2012-01-27 00:00:00+09:00,1547.011962890625,1547.011962890625,1542.9193386501736,1547.011962890625,25400
2012-01-30 00:00:00+09:00,1547.0118954307156,1555.1971435546875,1547.0118954307156,1555.1971435546875,29600
2012-01-31 00:00:00+09:00,1555.1971435546875,1563.3823916786596,1551.1045194927015,1555.1971435546875,38000
2012-02-01 00:00:00+09:00,1551.1043314509366,1563.3822021484375,1551.1043314509366,1563.3822021484375,19800
2012-02-02 00:00:00+09:00,1563.382051883407,1571.5672982283463,1551.1041823659982,1559.2894287109375,35000
2012-02-03 00:00:00+09:00,1555.1968815104167,1555.1968815104167,1522.45589453125,1534.7337646484375,34000
2012-02-06 00:00:00+09:00,1542.9192713687296,1559.2897676166735,1542.9192713687296,1555.1971435546875,18200
2012-02-07 00:00:00+09:00,1555.1972113715278,1559.2898356119792,1547.011962890625,1547.011962890625,27000
2012-02-08 00:00:00+09:00,1547.0118954307156,1555.1971435546875,1547.0118954307156,1555.1971435546875,27200
2012-02-09 00:00:00+09:00,1542.9187585030509,1551.10400390625,1538.826135801451,1551.10400390625,26400
2012-02-10 00:00:00+09:00,1555.1972113715278,1555.1972113715278,1542.9193386501736,1547.011962890625,17200
2012-02-13 00:00:00+09:00,1555.1971435546875,1555.1971435546875,1551.1045194927015,1555.1971435546875,8600
2012-02-14 00:00:00+09:00,1555.1969550167703,1563.3822021484375,1551.1043314509366,1563.3822021484375,47800
2012-02-15 00:00:00+09:00,1571.5674107142856,1575.6600341796875,1563.3821637834822,1575.6600341796875,42200
2012-02-16 00:00:00+09:00,1559.2892493094491,1563.3818720110487,1547.0113812046504,1551.10400390625,38000
2012-02-17 00:00:00+09:00,1559.2897676166735,1563.3823916786596,1555.1971435546875,1555.1971435546875,19000
2012-02-20 00:00:00+09:00,1555.1968055384677,1571.5672982283463,1555.1968055384677,1559.2894287109375,14600
2012-02-21 00:00:00+09:00,1563.382051883407,1563.382051883407,1555.1968055384677,1559.2894287109375,28000
2012-02-22 00:00:00+09:00,1563.3821637834822,1575.6600341796875,1563.3821637834822,1575.6600341796875,32200
2012-02-23 00:00:00+09:00,1575.660006205241,1575.660006205241,1567.4747594197593,1571.5673828125,34800
2012-02-24 00:00:00+09:00,1571.5673828125,1575.660006205241,1567.4747594197593,1571.5673828125,23600
2012-02-27 00:00:00+09:00,1571.567232375979,1571.567232375979,1559.2893633730416,1567.474609375,57800
2012-02-28 00:00:00+09:00,1571.5673449612402,1587.93783813792,1567.4747216670703,1583.84521484375,55000
2012-02-29 00:00:00+09:00,1592.0303473808747,1600.2155933828328,1567.474609375,1567.474609375,74400
2012-03-01 00:00:00+09:00,1575.660183763257,1579.7528076171875,1567.4749360553958,1579.7528076171875,65800
2012-03-02 00:00:00+09:00,1583.8455544773535,1616.5865478515625,1579.7529303055776,1616.5865478515625,54800
2012-03-05 00:00:00+09:00,1608.4011624849759,1612.493786308093,1596.123291015625,1596.123291015625,57400
2012-03-06 00:00:00+09:00,1592.0307489836794,1612.4938691505645,1592.0307489836794,1608.4012451171875,50200
2012-03-07 00:00:00+09:00,1600.2158480274434,1608.4010953319316,1600.2158480274434,1604.3084716796875,52400
2012-03-08 00:00:00+09:00,1604.3086210838105,1612.4938691505645,1604.3086210838105,1608.4012451171875,27600
2012-03-09 00:00:00+09:00,1612.4938565117286,1624.771728515625,1608.4012325104297,1624.771728515625,118600
2012-03-12 00:00:00+09:00,1624.7717961951146,1637.049668710443,1608.4012995080102,1616.5865478515625,49800
2012-03-13 00:00:00+09:00,1616.5865478515625,1624.7717961951146,1616.5865478515625,1616.5865478515625,37200
2012-03-14 00:00:00+09:00,1628.8643250128237,1632.9569489450166,1620.6790771484375,1620.6790771484375,108800
2012-03-15 00:00:00+09:00,1632.956787109375,1637.049410635965,1624.7715400561951,1632.956787109375,98600
2012-03-16 00:00:00+09:00,1616.5864805130275,1628.8643525169239,1616.5864805130275,1624.771728515625,63200
2012-03-19 00:00:00+09:00,1624.771728515625,1632.9569765182225,1624.771728515625,1624.771728515625,28000
2012-03-21 00:00:00+09:00,1628.8643525169239,1628.8643525169239,1620.6791045143261,1624.771728515625,44000
2012-03-22 00:00:00+09:00,1628.864163582785,1632.956787109375,1624.7715400561951,1632.956787109375,174400
2012-03-23 00:00:00+09:00,1624.771634049152,1632.956881575848,1624.771634049152,1628.8642578125,69600
2012-03-26 00:00:00+09:00,1628.8644203668907,1637.049668710443,1612.4939236797863,1616.5865478515625,76000
2012-03-27 00:00:00+09:00,1624.7716888427733,1637.049560546875,1620.679064941406,1637.049560546875,276600
2012-03-28 00:00:00+09:00,1620.55517578125,1620.55517578125,1599.9374254532443,1620.55517578125,205800
2012-03-29 00:00:00+09:00,1612.3082428761018,1612.3082428761018,1604.0611418895232,1608.1846923828125,58000
2012-03-30 00:00:00+09:00,1616.4318088247107,1616.4318088247107,1591.690505628414,1604.0611572265625,60200
2012-04-02 00:00:00+09:00,1591.6902592376148,1595.813809132013,1562.8254099768292,1571.072509765625,70000
2012-04-03 00:00:00+09:00,1575.196059660023,1575.196059660023,1566.948959871227,1571.072509765625,43400
2012-04-04 00:00:00+09:00,1575.1962897152825,1575.1962897152825,1529.837234252277,1542.2078857421875,104800
2012-04-05 00:00:00+09:00,1546.3310404026763,1558.7016887258976,1546.3310404026763,1550.45458984375,44200
2012-04-06 00:00:00+09:00,1538.0842897126784,1554.5784912109375,1538.0842897126784,1554.5784912109375,46800
2012-04-09 00:00:00+09:00,1550.45458984375,1554.578139284824,1538.0839415205287,1550.45458984375,36600
2012-04-10 00:00:00+09:00,1550.4547265625001,1554.5782763671875,1538.0840771484375,1546.3311767578125,28800
2012-04-11 00:00:00+09:00,1538.0838623046875,1550.4545099907841,1533.9603130759886,1538.0838623046875,39000
2012-04-12 00:00:00+09:00,1546.3314362388244,1554.5785372320981,1542.2078857421875,1542.2078857421875,22000
2012-04-13 00:00:00+09:00,1542.208066587095,1558.7022705078125,1542.208066587095,1558.7022705078125,28000
2012-04-16 00:00:00+09:00,1554.5784912109375,1554.5784912109375,1533.9607393381134,1554.5784912109375,44600
2012-04-17 00:00:00+09:00,1554.578295642793,1575.196044921875,1554.578295642793,1575.196044921875,44600
2012-04-18 00:00:00+09:00,1579.319565455119,1595.8137645721436,1571.0724658966064,1583.443115234375,58600
2012-04-19 00:00:00+09:00,1583.4429853723404,1583.4429853723404,1550.45458984375,1550.45458984375,36000
2012-04-20 00:00:00+09:00,1554.578139284824,1558.7016887258976,1550.45458984375,1550.45458984375,20200
2012-04-23 00:00:00+09:00,1550.4549867354613,1554.5785372320981,1538.0843352455508,1542.2078857421875,33600
2012-04-24 00:00:00+09:00,1533.960693359375,1538.0842436103412,1533.960693359375,1533.960693359375,28000
2012-04-25 00:00:00+09:00,1533.960784748914,1546.3314362388244,1533.960784748914,1542.2078857421875,32600
2012-04-26 00:00:00+09:00,1550.4549408363728,1554.5784912109375,1546.3313904618078,1554.5784912109375,27800
2012-04-27 00:00:00+09:00,1562.825638225372,1566.9491887220088,1538.0843352455508,1542.2078857421875,45800
2012-05-01 00:00:00+09:00,1542.207626953125,1558.7018261718752,1538.0840771484375,1546.3311767578125,33800
2012-05-02 00:00:00+09:00,1558.7018894809532,1562.825439453125,1542.2076895922658,1562.825439453125,39600
2012-05-07 00:00:00+09:00,1538.0845156069154,1558.7022705078125,1538.0845156069154,1558.7022705078125,38600
2012-05-08 00:00:00+09:00,1558.7020415855025,1562.8255919600672,1546.3313904618078,1554.5784912109375,18200
2012-05-09 00:00:00+09:00,1542.207686020679,1550.4547859459233,1525.7134861701904,1529.8370361328125,40600
2012-05-10 00:00:00+09:00,1525.7134861701904,1533.9605860954346,1509.2192863197017,1529.8370361328125,41400
2012-05-11 00:00:00+09:00,1542.2078552246094,1546.3314056396484,1513.343002319336,1517.466552734375,41400
2012-05-14 00:00:00+09:00,1521.5901944547088,1525.7137451171875,1513.343093129751,1525.7137451171875,42400
2012-05-15 00:00:00+09:00,1529.8370361328125,1533.9605860954346,1521.5899362075681,1529.8370361328125,35400
2012-05-16 00:00:00+09:00,1529.8371571942794,1529.8371571942794,1488.6016543049457,1496.8487548828125,76000
2012-05-17 00:00:00+09:00,1488.6013982151703,1488.6013982151703,1418.5010553629324,1430.8717041015625,231800
2012-05-18 00:00:00+09:00,1439.1188672709668,1451.489516559829,1426.7482179821047,1447.365966796875,90400
2012-05-21 00:00:00+09:00,1443.2426301345608,1455.61328125,1443.2426301345608,1455.61328125,31400
2012-05-22 00:00:00+09:00,1459.736616085737,1472.1072653745994,1447.365966796875,1447.365966796875,37000
2012-05-23 00:00:00+09:00,1447.366118947551,1451.4896691439828,1439.1190185546875,1439.1190185546875,45400
2012-05-24 00:00:00+09:00,1439.11873775738,1443.2422871492347,1410.2538920143952,1414.37744140625,162600
2012-05-25 00:00:00+09:00,1418.5013124322616,1430.8719634127756,1414.3777621054237,1426.7484130859375,86400
2012-05-28 00:00:00+09:00,1426.7480895818148,1426.7480895818148,1410.2538920143952,1414.37744140625,56400
2012-05-29 00:00:00+09:00,1414.3776706429414,1418.501220703125,1402.007020462391,1418.501220703125,63600
2012-05-30 00:00:00+09:00,1414.3779169718423,1422.6250185285296,1381.389510745094,1385.5130615234375,144400
2012-05-31 00:00:00+09:00,1381.3890110028135,1397.883208149116,1261.8060816921222,1282.423828125,1268200
2012-06-01 00:00:00+09:00,1294.7946959878798,1340.1537458473276,1290.671146000657,1323.6595458984375,408800
2012-06-04 00:00:00+09:00,1319.5362083978328,1340.153961654049,1303.0420057928598,1331.9068603515625,164600
2012-06-05 00:00:00+09:00,1331.9063957445549,1364.8947894472064,1311.2886496803976,1360.771240234375,150200
2012-06-06 00:00:00+09:00,1364.8948974609375,1373.1419965392513,1344.277149765153,1364.8948974609375,111800
2012-06-07 00:00:00+09:00,1369.0184470000945,1381.389095617565,1344.277149765153,1364.8948974609375,104200
2012-06-08 00:00:00+09:00,1364.8947894472064,1377.2654370857008,1344.2770433830492,1360.771240234375,124200
2012-06-11 00:00:00+09:00,1381.3893122859185,1385.5128624718468,1373.1422119140625,1373.1422119140625,54000
2012-06-12 00:00:00+09:00,1369.0186767578125,1377.265777220209,1360.771576295416,1369.0186767578125,69200
2012-06-13 00:00:00+09:00,1373.1421969293833,1381.3892972112415,1373.1421969293833,1377.2657470703125,21200
2012-06-14 00:00:00+09:00,1381.389095617565,1385.512645156722,1364.8948974609375,1364.8948974609375,43800
2012-06-15 00:00:00+09:00,1377.2654370857008,1385.5125355113637,1360.771240234375,1360.771240234375,98400
2012-06-18 00:00:00+09:00,1369.0184470000945,1377.2655460784083,1364.8948974609375,1364.8948974609375,18400
2012-06-19 00:00:00+09:00,1364.8948974609375,1381.389095617565,1360.7713479217807,1364.8948974609375,47800
2012-06-20 00:00:00+09:00,1369.0188738922575,1381.3895263671875,1364.8953230672807,1381.3895263671875,35200
2012-06-21 00:00:00+09:00,1381.3892378045257,1397.8834376589082,1381.3892378045257,1393.7598876953125,72000
2012-06-22 00:00:00+09:00,1393.7598876953125,1410.254087549695,1393.7598876953125,1393.7598876953125,55400
2012-06-25 00:00:00+09:00,1393.7598876953125,1406.1305375860993,1385.5127877681214,1393.7598876953125,50200
2012-06-26 00:00:00+09:00,1402.0072804920708,1418.5014837919775,1377.2659755422108,1381.3895263671875,109600
2012-06-27 00:00:00+09:00,1389.6361450551203,1414.37744140625,1389.6361450551203,1414.37744140625,55000
2012-06-28 00:00:00+09:00,1422.6246049424758,1434.995253681106,1422.6246049424758,1430.8717041015625,40800
2012-06-29 00:00:00+09:00,1439.1190350136062,1480.354537449526,1439.1190350136062,1467.98388671875,169600
2012-07-02 00:00:00+09:00,1472.1074981689453,1472.1074981689453,1443.2426452636719,1451.48974609375,76200
2012-07-03 00:00:00+09:00,1455.6132359879741,1472.107436962342,1455.6132359879741,1467.98388671875,68600
2012-07-04 00:00:00+09:00,1472.107436962342,1472.107436962342,1459.7367862315662,1467.98388671875,45000
2012-07-05 00:00:00+09:00,1463.8600568498885,1463.8600568498885,1434.9952106584822,1443.2423095703125,57600
2012-07-06 00:00:00+09:00,1439.1187601143974,1459.7365073939732,1439.1187601143974,1443.2423095703125,33200
2012-07-09 00:00:00+09:00,1434.9952106584822,1451.4894084821428,1430.8716612025669,1443.2423095703125,25600
2012-07-10 00:00:00+09:00,1451.489516559829,1459.736616085737,1447.365966796875,1447.365966796875,29000
2012-07-11 00:00:00+09:00,1447.366195678711,1455.613296508789,1447.366195678711,1451.48974609375,30600
2012-07-12 00:00:00+09:00,1459.7368469238281,1459.7368469238281,1447.366195678711,1451.48974609375,29200
2012-07-13 00:00:00+09:00,1451.489730878187,1463.860381993626,1447.366180506374,1455.61328125,35800
2012-07-17 00:00:00+09:00,1459.7368469238281,1463.8603973388672,1443.2426452636719,1451.48974609375,38200
2012-07-18 00:00:00+09:00,1459.7365511583664,1459.7365511583664,1430.8717041015625,1430.8717041015625,37600
2012-07-19 00:00:00+09:00,1434.9954833984375,1451.4896843570402,1430.8719331587868,1434.9954833984375,38400
2012-07-20 00:00:00+09:00,1439.1187522843566,1443.2423017178362,1410.25390625,1410.25390625,55400
2012-07-23 00:00:00+09:00,1414.3774556834794,1426.748103983918,1410.25390625,1410.25390625,33000
2012-07-24 00:00:00+09:00,1410.25390625,1426.748103983918,1406.1303568165204,1410.25390625,38000
2012-07-25 00:00:00+09:00,1402.0067279106747,1410.2538263101492,1389.6360803114628,1397.8831787109375,44200
2012-07-26 00:00:00+09:00,1402.0069433307367,1406.1304931640625,1397.8833934974111,1406.1304931640625,23600
2012-07-27 00:00:00+09:00,1414.37744140625,1422.62454018996,1406.1303426225402,1414.37744140625,23600
2012-07-30 00:00:00+09:00,1418.501327558877,1422.6248779296875,1410.2542268172556,1422.6248779296875,19200
2012-07-31 00:00:00+09:00,1410.2540577607997,1418.501157513787,1402.0069580078125,1402.0069580078125,57600
2012-08-01 00:00:00+09:00,1402.007495189633,1406.131046646073,1385.5132893638724,1389.6368408203125,58800
2012-08-02 00:00:00+09:00,1389.636612301781,1397.8837138584681,1385.5130615234375,1385.5130615234375,45400
2012-08-03 00:00:00+09:00,1381.389327451407,1385.5128776826054,1369.0186767578125,1369.0186767578125,65600
2012-08-06 00:00:00+09:00,1377.2659755422108,1385.513077192164,1377.2659755422108,1381.3895263671875,18000
2012-08-07 00:00:00+09:00,1385.5125311117256,1406.130277110412,1377.2654327122511,1397.8831787109375,32200
2012-08-08 00:00:00+09:00,1410.25390625,1418.501005116959,1385.5126096491226,1410.25390625,34400
2012-08-09 00:00:00+09:00,1410.2541205827579,1418.501220703125,1377.26572010129,1418.501220703125,38000
2012-08-10 00:00:00+09:00,1418.501220703125,1443.242521064226,1406.1305705225745,1418.501220703125,33400
2012-08-13 00:00:00+09:00,1418.501005116959,1418.501005116959,1410.25390625,1410.25390625,9200
2012-08-14 00:00:00+09:00,1418.5012675725286,1439.1190185546875,1418.5012675725286,1439.1190185546875,36400
2012-08-15 00:00:00+09:00,1443.2423095703125,1451.4894084821428,1430.8716612025669,1443.2423095703125,34600
2012-08-16 00:00:00+09:00,1447.365966796875,1455.613066322783,1422.6246682191506,1447.365966796875,59400
2012-08-17 00:00:00+09:00,1447.3658590262278,1447.3658590262278,1434.9952106584822,1443.2423095703125,21000
2012-08-20 00:00:00+09:00,1447.3661341173895,1447.3661341173895,1430.8719331587868,1434.9954833984375,23400
2012-08-21 00:00:00+09:00,1439.1188672709668,1447.365966796875,1439.1188672709668,1447.365966796875,14800
2012-08-22 00:00:00+09:00,1451.489516559829,1451.489516559829,1430.8717677450586,1447.365966796875,16000
2012-08-23 00:00:00+09:00,1447.365966796875,1455.613066322783,1443.242417033921,1447.365966796875,24400
2012-08-24 00:00:00+09:00,1434.9952106584822,1447.3658590262278,1434.9952106584822,1443.2423095703125,18800
2012-08-27 00:00:00+09:00,1443.2423528401928,1443.2423528401928,1430.8717041015625,1430.8717041015625,32200
2012-08-28 00:00:00+09:00,1430.8716389736699,1430.8716389736699,1410.2538920143952,1414.37744140625,54400
2012-08-29 00:00:00+09:00,1410.254598102513,1414.378149558953,1385.5132893638724,1389.6368408203125,87600
2012-08-30 00:00:00+09:00,1393.7598876953125,1406.1305375860993,1393.7598876953125,1393.7598876953125,54400
2012-08-31 00:00:00+09:00,1385.5128473521706,1393.7599476340288,1377.2657470703125,1377.2657470703125,120400
2012-09-03 00:00:00+09:00,1373.1421969293833,1393.7599476340288,1373.1421969293833,1377.2657470703125,83000
2012-09-04 00:00:00+09:00,1381.389327451407,1385.5128776826054,1369.0186767578125,1369.0186767578125,91800
2012-09-05 00:00:00+09:00,1373.1422269890106,1373.1422269890106,1369.0186767578125,1369.0186767578125,60000
2012-09-06 00:00:00+09:00,1373.1422119140625,1377.2657620999905,1369.0186617281342,1373.1422119140625,50000
2012-09-07 00:00:00+09:00,1381.3893122859185,1385.5128624718468,1364.8951115422062,1373.1422119140625,110400
2012-09-10 00:00:00+09:00,1373.1422119140625,1393.759962843703,1369.0186617281342,1373.1422119140625,125200
2012-09-11 00:00:00+09:00,1377.2657620999905,1381.3893122859185,1364.8951115422062,1373.1422119140625,130400
2012-09-12 00:00:00+09:00,1373.142634994552,1393.7603922767526,1373.142634994552,1389.6368408203125,49400
2012-09-13 00:00:00+09:00,1389.6363377317168,1402.0069876225036,1381.3892378045257,1393.7598876953125,55800
2012-09-14 00:00:00+09:00,1397.8837138584681,1397.8837138584681,1385.5130615234375,1385.5130615234375,144000
2012-09-18 00:00:00+09:00,1385.5132893638724,1393.7603922767526,1385.5132893638724,1389.6368408203125,154800
2012-09-19 00:00:00+09:00,1385.5132893638724,1397.8839437331928,1381.3897379074324,1389.6368408203125,124800
2012-09-20 00:00:00+09:00,1389.6366280171408,1393.7601788421175,1377.2659755422108,1381.3895263671875,150400
2012-09-21 00:00:00+09:00,1389.6361450551203,1418.500990798105,1385.5125956632653,1414.37744140625,184400
2012-09-24 00:00:00+09:00,1418.5011426640397,1418.5011426640397,1393.7598436640853,1406.1304931640625,216800
2012-09-25 00:00:00+09:00,1389.636308378332,1402.0069580078125,1389.636308378332,1402.0069580078125,439600
2012-09-26 00:00:00+09:00,1402.007197521866,1426.96875,1402.007197521866,1426.96875,390200
2012-09-27 00:00:00+09:00,1414.4877915575323,1439.4493408203125,1410.327533347069,1439.4493408203125,95600
2012-09-28 00:00:00+09:00,1439.4498009314905,1439.4498009314905,1397.8472055288462,1406.167724609375,93600
2012-10-01 00:00:00+09:00,1406.167216043444,1406.167216043444,1389.526183900918,1402.0069580078125,43000
2012-10-02 00:00:00+09:00,1406.167441231864,1406.167441231864,1393.6866651262555,1397.846923828125,38200
2012-10-03 00:00:00+09:00,1402.0069171962455,1402.0069171962455,1389.5261434526587,1393.6864013671875,48200
2012-10-04 00:00:00+09:00,1393.6864013671875,1406.1671751107742,1393.6864013671875,1393.6864013671875,35400
2012-10-05 00:00:00+09:00,1402.0069580078125,1402.0069580078125,1393.6864419365495,1402.0069580078125,31200
2012-10-09 00:00:00+09:00,1402.006773440424,1418.647803392239,1389.5260009765625,1389.5260009765625,34800
2012-10-10 00:00:00+09:00,1389.5261434526587,1393.6864013671875,1385.3658855381298,1393.6864013671875,43400
2012-10-11 00:00:00+09:00,1389.5260009765625,1397.84651595247,1377.0452285127012,1389.5260009765625,63000
2012-10-12 00:00:00+09:00,1397.846923828125,1406.167441231864,1385.3661477225169,1397.846923828125,23000
2012-10-15 00:00:00+09:00,1402.0071825299945,1402.0071825299945,1385.3661477225169,1397.846923828125,66400
2012-10-16 00:00:00+09:00,1397.8466592817165,1397.8466592817165,1385.3658855381298,1393.6864013671875,29600
2012-10-17 00:00:00+09:00,1406.1672564931323,1414.4877728037427,1402.0069983378273,1410.3275146484375,41400
2012-10-18 00:00:00+09:00,1414.4878329449928,1422.808349609375,1410.3275746128015,1422.808349609375,34200
2012-10-19 00:00:00+09:00,1410.3277150145773,1431.1290087463556,1410.3277150145773,1426.96875,43600
2012-10-22 00:00:00+09:00,1418.6482325072886,1426.96875,1414.4879737609328,1426.96875,23000
2012-10-23 00:00:00+09:00,1426.9690223106973,1426.9690223106973,1406.167724609375,1406.167724609375,37200
2012-10-24 00:00:00+09:00,1410.3275146484375,1418.6480309590477,1397.8467401825221,1410.3275146484375,49400
2012-10-25 00:00:00+09:00,1414.4879347278224,1422.8084519909273,1406.1674174647178,1418.648193359375,40600
2012-10-26 00:00:00+09:00,1414.487732114707,1414.487732114707,1402.0069580078125,1402.0069580078125,36800
2012-10-29 00:00:00+09:00,1402.0072603113513,1422.8085549747243,1402.0072603113513,1414.488037109375,35200
2012-10-30 00:00:00+09:00,1406.167724609375,1414.4882436899038,1393.6869459885818,1406.167724609375,54400
2012-10-31 00:00:00+09:00,1402.0069983378273,1414.4877728037427,1402.0069983378273,1410.3275146484375,42800
2012-11-01 00:00:00+09:00,1410.3276999337334,1410.3276999337334,1397.846923828125,1397.846923828125,29200
2012-11-02 00:00:00+09:00,1414.4879347278224,1422.8084519909273,1410.3276760962701,1418.648193359375,24400
2012-11-05 00:00:00+09:00,1406.1674174647178,1418.648193359375,1406.1674174647178,1418.648193359375,11400
2012-11-06 00:00:00+09:00,1418.648193359375,1426.9687106224799,1406.1674174647178,1418.648193359375,49200
2012-11-07 00:00:00+09:00,1426.9690223106973,1426.9690223106973,1406.167724609375,1406.167724609375,24800
2012-11-08 00:00:00+09:00,1402.0071825299945,1406.167441231864,1397.846923828125,1397.846923828125,17800
2012-11-09 00:00:00+09:00,1393.6864419365495,1410.3274740790755,1393.6864419365495,1402.0069580078125,39200
2012-11-12 00:00:00+09:00,1397.8467412725226,1402.0069994310718,1385.365966796875,1385.365966796875,37200
2012-11-13 00:00:00+09:00,1393.6862164233105,1397.8464737857682,1381.2054443359375,1381.2054443359375,36800
2012-11-14 00:00:00+09:00,1385.3657434886088,1389.5260009765625,1381.205486000655,1389.5260009765625,19400
2012-11-15 00:00:00+09:00,1385.3661477225169,1397.846923828125,1385.3661477225169,1397.846923828125,39600
2012-11-16 00:00:00+09:00,1397.8466592817165,1397.8466592817165,1381.2056276236008,1393.6864013671875,47600
2012-11-19 00:00:00+09:00,1406.1675192440257,1422.8085549747243,1402.0072603113513,1414.488037109375,46600
2012-11-20 00:00:00+09:00,1422.8084519909273,1426.9687106224799,1418.648193359375,1418.648193359375,21000
2012-11-21 00:00:00+09:00,1426.9685661889225,1439.4493408203125,1422.8083079784592,1439.4493408203125,56600
2012-11-22 00:00:00+09:00,1451.9304006291532,1451.9304006291532,1439.4496235463812,1447.7701416015625,36600
2012-11-26 00:00:00+09:00,1456.0904341645773,1464.410950931232,1451.93017578125,1451.93017578125,53000
2012-11-27 00:00:00+09:00,1460.250732421875,1468.571249415732,1443.6096984341614,1460.250732421875,65800
2012-11-28 00:00:00+09:00,1456.090659656744,1456.090659656744,1443.6098825739718,1447.7701416015625,51000
2012-11-29 00:00:00+09:00,1447.7697549869415,1451.9300129035707,1443.6094970703125,1443.6094970703125,30400
2012-11-30 00:00:00+09:00,1443.609641270331,1443.609641270331,1418.648091277184,1422.808349609375,69800
2012-12-03 00:00:00+09:00,1439.4493829381397,1439.4493829381397,1418.648091277184,1422.808349609375,34200
2012-12-04 00:00:00+09:00,1422.8082074871668,1443.6094970703125,1422.8082074871668,1443.6094970703125,39800
2012-12-05 00:00:00+09:00,1435.289042273233,1439.4493003667785,1426.9685260861418,1431.1287841796875,36600
2012-12-06 00:00:00+09:00,1431.128804347826,1435.2890625,1431.128804347826,1435.2890625,40000
2012-12-07 00:00:00+09:00,1435.2890625,1435.2890625,1426.9685461956522,1435.2890625,19800
2012-12-10 00:00:00+09:00,1443.6095990307758,1443.6095990307758,1435.2890826098492,1439.4493408203125,24400
2012-12-11 00:00:00+09:00,1439.4493206521738,1443.6095788043478,1431.128804347826,1435.2890625,26600
2012-12-12 00:00:00+09:00,1443.6095584603243,1447.7698165538698,1431.1287841796875,1431.1287841796875,35400
2012-12-13 00:00:00+09:00,1426.968813907399,1431.1290728400736,1414.488037109375,1414.488037109375,55800
2012-12-14 00:00:00+09:00,1406.167441231864,1414.4879586356028,1397.846923828125,1397.846923828125,156800
2012-12-17 00:00:00+09:00,1414.487732114707,1414.487732114707,1397.846699972181,1402.0069580078125,90400
2012-12-18 00:00:00+09:00,1406.167441231864,1410.3276999337334,1397.846923828125,1397.846923828125,73200
2012-12-19 00:00:00+09:00,1402.007197521866,1426.96875,1397.8469387755101,1426.96875,86200
2012-12-20 00:00:00+09:00,1426.9685461956522,1435.2890625,1422.8082880434781,1435.2890625,78200
2012-12-21 00:00:00+09:00,1439.449526239067,1443.6097849854227,1414.4879737609328,1426.96875,78800
2012-12-25 00:00:00+09:00,1435.2891246059485,1435.2891246059485,1422.808349609375,1422.808349609375,39600
2012-12-26 00:00:00+09:00,1422.8082679925963,1435.289042273233,1418.6480098990505,1431.1287841796875,33600
2012-12-27 00:00:00+09:00,1439.4493408203125,1451.9301154517025,1439.4493408203125,1439.4493408203125,42400
2012-12-28 00:00:00+09:00,1443.609641270331,1443.609641270331,1422.808349609375,1422.808349609375,37000
2013-01-04 00:00:00+09:00,1435.2890826098492,1439.4493408203125,1431.1288243993858,1439.4493408203125,52400
2013-01-07 00:00:00+09:00,1431.128804347826,1439.4493206521738,1422.8082880434781,1435.2890625,62000
2013-01-08 00:00:00+09:00,1435.2890625,1451.9300951086957,1431.128804347826,1435.2890625,47600
2013-01-09 00:00:00+09:00,1439.4493003667785,1439.4493003667785,1431.1287841796875,1431.1287841796875,54200
2013-01-10 00:00:00+09:00,1435.2890826098492,1439.4493408203125,1431.1288243993858,1439.4493408203125,61200
2013-01-11 00:00:00+09:00,1443.6096590145953,1460.2506925479047,1439.449400631268,1451.93017578125,64600
2013-01-15 00:00:00+09:00,1464.410950931232,1464.410950931232,1451.93017578125,1451.93017578125,48600
2013-01-16 00:00:00+09:00,1451.93017578125,1464.410950931232,1451.93017578125,1451.93017578125,38800
2013-01-17 00:00:00+09:00,1460.2507521889427,1468.5712692954323,1447.7699765292082,1464.4110107421875,72800
2013-01-18 00:00:00+09:00,1468.571004915638,1485.2120361328125,1464.4107471113446,1485.2120361328125,62200
2013-01-21 00:00:00+09:00,1485.2119948696084,1485.2119948696084,1472.7312218034772,1476.8914794921875,50800
2013-01-22 00:00:00+09:00,1476.8917036325918,1489.3724785928673,1468.5711869924082,1472.7314453125,64000
2013-01-23 00:00:00+09:00,1476.8917036325918,1481.0519619526838,1468.5711869924082,1472.7314453125,67400
2013-01-24 00:00:00+09:00,1468.5713476973974,1485.2123827987843,1464.4110889220506,1481.0521240234375,47000
2013-01-25 00:00:00+09:00,1489.372535726584,1522.6546035640495,1489.372535726584,1510.173828125,88600
2013-01-28 00:00:00+09:00,1506.0135893769318,1522.6546235136934,1506.0135893769318,1514.3341064453125,57200
2013-01-29 00:00:00+09:00,1518.494364979503,1522.6546235136934,1501.8533308427413,1514.3341064453125,66400
2013-01-30 00:00:00+09:00,1522.654459414275,1535.135233671769,1518.4942013284435,1530.9749755859375,73200
2013-01-31 00:00:00+09:00,1530.9747730152028,1547.6158031566724,1518.4940004091006,1539.2952880859375,57800
2013-02-01 00:00:00+09:00,1547.6158031566724,1560.0965757627746,1539.2952880859375,1539.2952880859375,60000
2013-02-04 00:00:00+09:00,1547.616151391006,1547.616151391006,1535.1353759765625,1535.1353759765625,16400
2013-02-05 00:00:00+09:00,1530.9751205234159,1530.9751205234159,1510.173828125,1510.173828125,72000
2013-02-06 00:00:00+09:00,1518.4944240143902,1535.1354587981098,1518.4944240143902,1526.81494140625,37200
2013-02-07 00:00:00+09:00,1539.2957174940395,1539.2957174940395,1526.81494140625,1526.81494140625,75000
2013-02-08 00:00:00+09:00,1510.173847911122,1522.6546235136934,1510.173847911122,1514.3341064453125,48600
2013-02-12 00:00:00+09:00,1535.1354587981098,1543.4559761899693,1526.81494140625,1526.81494140625,47600
2013-02-13 00:00:00+09:00,1526.814676920573,1539.2954508463542,1518.4941609700522,1522.6544189453125,45600
2013-02-14 00:00:00+09:00,1522.6546433540238,1526.814901942423,1514.334126177226,1518.494384765625,33800
2013-02-15 00:00:00+09:00,1522.6546235136934,1522.6546235136934,1510.173847911122,1514.3341064453125,49600
2013-02-18 00:00:00+09:00,1510.1738251476752,1535.1353759765625,1510.1738251476752,1535.1353759765625,69000
2013-02-19 00:00:00+09:00,1530.9749755859375,1539.2954917576003,1530.9749755859375,1530.9749755859375,27000
2013-02-20 00:00:00+09:00,1539.2953499392595,1551.776123046875,1535.135092236721,1551.776123046875,60600
2013-02-21 00:00:00+09:00,1539.2956344480438,1551.7764098624873,1530.9751175050812,1535.1353759765625,56000
2013-02-22 00:00:00+09:00,1535.13503055057,1547.6158031566724,1530.9747730152028,1539.2952880859375,52400
2013-02-25 00:00:00+09:00,1547.6162109375,1572.5777627268144,1547.6162109375,1547.6162109375,70400
2013-02-26 00:00:00+09:00,1539.2956344480438,1551.7764098624873,1526.8148590336,1535.1353759765625,74800
2013-02-27 00:00:00+09:00,1535.1354191192208,1539.2956777076197,1518.494384765625,1518.494384765625,107600
2013-02-28 00:00:00+09:00,1522.6542579444679,1539.2952880859375,1522.6542579444679,1539.2952880859375,61400
2013-03-01 00:00:00+09:00,1543.4556884765625,1555.9364622378284,1543.4556884765625,1543.4556884765625,40200
2013-03-04 00:00:00+09:00,1560.0969013414885,1585.0584517629522,1560.0969013414885,1580.898193359375,87800
2013-03-05 00:00:00+09:00,1580.8983199991644,1589.2188374728441,1543.4559913676053,1555.936767578125,118200
2013-03-06 00:00:00+09:00,1564.2569586469242,1589.218505859375,1564.2569586469242,1589.218505859375,80400
2013-03-07 00:00:00+09:00,1589.2186679840088,1601.6994428634644,1564.2571182250977,1597.5391845703125,91200
2013-03-08 00:00:00+09:00,1597.5391845703125,1605.8597011566162,1576.7378931045532,1597.5391845703125,187000
2013-03-11 00:00:00+09:00,1610.0195359091722,1639.1413363002941,1610.0195359091722,1634.9810791015625,78400
2013-03-12 00:00:00+09:00,1643.3018798828125,1659.9429115778282,1630.8211061115505,1643.3018798828125,165600
2013-03-13 00:00:00+09:00,1634.981322295906,1655.7826113836402,1601.6992597555313,1610.019775390625,201600
2013-03-14 00:00:00+09:00,1618.3407429484578,1622.5010019277597,1593.379189072646,1601.69970703125,104800
2013-03-15 00:00:00+09:00,1614.1800744165348,1659.9429115778282,1614.1800744165348,1643.3018798828125,346000
2013-03-18 00:00:00+09:00,1647.4621166740496,1651.6223745444386,1614.1800537109375,1614.1800537109375,147000
2013-03-19 00:00:00+09:00,1630.8212690816815,1630.8212690816815,1618.3404940631992,1626.6610107421875,64000
2013-03-21 00:00:00+09:00,1643.302101135254,1664.1033935546875,1639.1418426513671,1664.1033935546875,170600
2013-03-22 00:00:00+09:00,1664.1031695015822,1664.1031695015822,1643.3018798828125,1643.3018798828125,203400
2013-03-25 00:00:00+09:00,1651.622519995682,1655.782778232447,1618.3404541015625,1618.3404541015625,292000
2013-03-26 00:00:00+09:00,1618.3403115813264,1630.8210851924935,1610.0197958405486,1614.1800537109375,479400
2013-03-27 00:00:00+09:00,1605.7948004259106,1651.9142333363152,1601.602124706783,1647.7215576171875,411400
2013-03-28 00:00:00+09:00,1630.9508544292646,1639.336205865919,1614.180151555956,1626.7581787109375,97600
2013-03-29 00:00:00+09:00,1622.565379329512,1622.565379329512,1584.8313007404538,1605.794677734375,124400
2013-04-01 00:00:00+09:00,1609.9877809945503,1609.9877809945503,1538.7122802734375,1538.7122802734375,107200
2013-04-02 00:00:00+09:00,1530.32666015625,1530.32666015625,1488.39990234375,1509.36328125,125200
2013-04-03 00:00:00+09:00,1505.1708681693844,1542.9049567864442,1505.1708681693844,1538.7122802734375,83000
2013-04-04 00:00:00+09:00,1517.748703327585,1576.4461669921875,1496.7853234473696,1576.4461669921875,140400
2013-04-05 00:00:00+09:00,1597.4093765140506,1635.143456274225,1589.0240254562339,1622.5654296875,186200
2013-04-08 00:00:00+09:00,1656.1070793401684,1677.0704600913098,1626.7583462885705,1664.492431640625,253000
2013-04-09 00:00:00+09:00,1668.6851077908532,1672.8777839410816,1647.7217270397118,1664.492431640625,172200
2013-04-10 00:00:00+09:00,1664.4923331383432,1693.841064453125,1656.1069813341196,1693.841064453125,205000
2013-04-11 00:00:00+09:00,1702.2264643650428,1718.9971684474572,1668.6850562002146,1710.61181640625,176000
2013-04-12 00:00:00+09:00,1698.0337883444395,1718.9971684474572,1698.0337883444395,1710.61181640625,114000
2013-04-15 00:00:00+09:00,1710.61171875,1718.9970703125,1689.64833984375,1698.03369140625,98600
2013-04-16 00:00:00+09:00,1672.8773452111907,1685.4553703631545,1660.2993200592268,1681.2626953125,98600
2013-04-17 00:00:00+09:00,1681.263136241538,1689.6484885419945,1664.492431640625,1664.492431640625,123600
2013-04-18 00:00:00+09:00,1668.6846701605361,1693.8407204644639,1656.1066450085723,1681.2626953125,145800
2013-04-19 00:00:00+09:00,1681.2626953125,1689.6480454138093,1664.4919951098816,1681.2626953125,73800
2013-04-22 00:00:00+09:00,1685.456082222157,1706.419466329398,1660.3000212934683,1672.8780517578125,108800
2013-04-23 00:00:00+09:00,1672.8773931884766,1685.455418701172,1664.4920428466799,1677.070068359375,88000
2013-04-24 00:00:00+09:00,1685.4553703631545,1685.4553703631545,1664.4919951098816,1681.2626953125,57400
2013-04-25 00:00:00+09:00,1681.26298828125,1702.2263671875,1681.26298828125,1698.03369140625,74400
2013-04-26 00:00:00+09:00,1698.0333955151184,1702.226070565773,1681.2626953125,1681.2626953125,78200
2013-04-30 00:00:00+09:00,1681.263405400709,1698.0341126865014,1672.8780517578125,1672.8780517578125,45000
2013-05-01 00:00:00+09:00,1668.6849609375,1672.87763671875,1651.9142578125,1656.10693359375,134600
2013-05-02 00:00:00+09:00,1664.4926981149163,1681.263405400709,1656.10734447202,1672.8780517578125,52400
2013-05-07 00:00:00+09:00,1685.4557120549357,1718.9971192600092,1685.4557120549357,1714.804443359375,149400
2013-05-08 00:00:00+09:00,1710.6115470096984,1723.189573090652,1681.262819487473,1702.2261962890625,102600
2013-05-09 00:00:00+09:00,1706.4187456164277,1710.6114206670823,1681.2626953125,1681.2626953125,57600
2013-05-10 00:00:00+09:00,1698.0337154055105,1727.3824462890625,1698.0337154055105,1727.3824462890625,147400
2013-05-13 00:00:00+09:00,1727.3824716700185,1735.7678234742418,1685.4557126489017,1693.841064453125,130200
2013-05-14 00:00:00+09:00,1710.6114697265625,1710.6114697265625,1672.8773931884766,1677.070068359375,110200
2013-05-15 00:00:00+09:00,1693.8408687771403,1706.4188950304358,1681.2628425238447,1689.648193359375,88600
2013-05-16 00:00:00+09:00,1689.648193359375,1693.8408687771403,1681.2628425238447,1689.648193359375,72200
2013-05-17 00:00:00+09:00,1681.26298828125,1714.80439453125,1677.0703125,1698.03369140625,69600
2013-05-20 00:00:00+09:00,1702.2264162573483,1702.2264162573483,1685.4557126489017,1693.841064453125,75000
2013-05-21 00:00:00+09:00,1693.8407204644639,1698.0333955151184,1677.0700202618455,1681.2626953125,58200
2013-05-22 00:00:00+09:00,1681.2628425238447,1698.0335441949055,1681.2628425238447,1689.648193359375,91200
2013-05-23 00:00:00+09:00,1689.6485411504955,1706.4192462735773,1639.33642578125,1639.33642578125,169600
2013-05-24 00:00:00+09:00,1647.721778342791,1668.6851597466432,1614.1803680966273,1639.33642578125,147000
2013-05-27 00:00:00+09:00,1614.1800285319437,1626.7580547282964,1593.2166515380222,1605.794677734375,109200
2013-05-28 00:00:00+09:00,1605.7947751343095,1618.372802093586,1593.2167481750328,1597.409423828125,95800
2013-05-29 00:00:00+09:00,1614.1802962865586,1656.1070572290664,1601.602268003806,1635.1436767578125,95800
2013-05-30 00:00:00+09:00,1605.794750203558,1622.5654525555533,1584.8313722635637,1589.0240478515625,127600
2013-05-31 00:00:00+09:00,1597.4095710875495,1609.9875992063492,1580.63886692915,1584.83154296875,90400
2013-06-03 00:00:00+09:00,1572.2536923774908,1576.4463688904973,1538.7122802734375,1538.7122802734375,89600
2013-06-04 00:00:00+09:00,1538.711987697407,1563.8680419921875,1526.1339605500168,1563.8680419921875,132400
2013-06-05 00:00:00+09:00,1551.2901628050085,1580.638895614833,1530.3267822265625,1530.3267822265625,142800
2013-06-06 00:00:00+09:00,1521.941429995184,1568.0608672677654,1521.941429995184,1530.3267822265625,104400
2013-06-07 00:00:00+09:00,1509.3633055291782,1538.7120364700233,1505.170629680486,1517.7486572265625,123600
2013-06-10 00:00:00+09:00,1534.5195054465194,1559.6755629128559,1526.1341529577405,1547.0975341796875,73200
2013-06-11 00:00:00+09:00,1542.9048105736301,1559.675515036387,1526.1341061108733,1530.3267822265625,72600
2013-06-12 00:00:00+09:00,1530.3266359412153,1547.097338800845,1513.5559330815854,1542.9046630859375,100600
2013-06-13 00:00:00+09:00,1526.13400962136,1542.9047130237925,1475.8218994140625,1475.8218994140625,188200
2013-06-14 00:00:00+09:00,1509.363575034819,1530.3269580214137,1505.1708984375,1505.1708984375,206800
2013-06-17 00:00:00+09:00,1509.3632576868297,1563.8680419921875,1509.3632576868297,1563.8680419921875,66600
2013-06-18 00:00:00+09:00,1576.4462678904133,1584.8316203791921,1547.0975341796875,1547.0975341796875,96200
2013-06-19 00:00:00+09:00,1572.2534425797,1580.6387942734584,1542.9047116515458,1559.6754150390625,62400
2013-06-20 00:00:00+09:00,1555.4826898916365,1555.4826898916365,1517.748608465694,1521.9412841796875,69200
2013-06-21 00:00:00+09:00,1505.1707255324272,1542.9048105736301,1496.7853733010488,1530.3267822265625,162800
2013-06-24 00:00:00+09:00,1538.712134457941,1551.2901628050085,1521.941429995184,1530.3267822265625,69400
2013-06-25 00:00:00+09:00,1505.1707255324272,1542.9048105736301,1505.1707255324272,1530.3267822265625,81200
2013-06-26 00:00:00+09:00,1542.9047123187156,1559.6754157134842,1517.7486572265625,1517.7486572265625,30400
2013-06-27 00:00:00+09:00,1521.9413324171496,1559.6754150390625,1517.7486565702704,1559.6754150390625,68200
2013-06-28 00:00:00+09:00,1563.8680192225956,1622.5654783891273,1559.6753435678434,1618.372802734375,112400
2013-07-01 00:00:00+09:00,1626.7581540438796,1626.7581540438796,1593.2167488058615,1618.372802734375,68200
2013-07-02 00:00:00+09:00,1626.7583481146366,1647.7217288893098,1609.987643494898,1643.529052734375,62200
2013-07-03 00:00:00+09:00,1630.951073219709,1639.33642578125,1618.3730443773977,1639.33642578125,81800
2013-07-04 00:00:00+09:00,1626.7581787109375,1635.1435301475917,1626.7581787109375,1626.7581787109375,24000
2013-07-05 00:00:00+09:00,1630.9510476359255,1656.10710492594,1630.9510476359255,1651.9144287109375,51200
2013-07-08 00:00:00+09:00,1647.7215323176408,1647.7215323176408,1618.372802734375,1618.372802734375,42400
2013-07-09 00:00:00+09:00,1626.758179021549,1647.7215576171875,1626.758179021549,1647.7215576171875,38200
2013-07-10 00:00:00+09:00,1647.721705040565,1647.721705040565,1626.7583245693108,1635.1436767578125,45600
2013-07-11 00:00:00+09:00,1630.9507807453167,1643.5288073320414,1618.3727541585918,1622.5654296875,25600
2013-07-12 00:00:00+09:00,1618.3730443773977,1643.5291020620205,1618.3730443773977,1639.33642578125,52800
2013-07-16 00:00:00+09:00,1635.143456274225,1643.5288073320414,1622.5654296875,1622.5654296875,51800
2013-07-17 00:00:00+09:00,1626.7583481146366,1651.9144050442444,1622.5656719597018,1643.529052734375,58000
2013-07-18 00:00:00+09:00,1643.529052734375,1651.9144050442444,1626.7583481146366,1643.529052734375,59400
2013-07-19 00:00:00+09:00,1643.5291020620205,1651.9144546235614,1635.1437495004795,1639.33642578125,43800
2013-07-22 00:00:00+09:00,1647.721752495935,1656.10710492594,1618.3730189909184,1651.9144287109375,93600
2013-07-23 00:00:00+09:00,1647.7215576171875,1651.9142333363152,1635.1435304598044,1647.7215576171875,53600
2013-07-24 00:00:00+09:00,1639.3363765794404,1647.7217288893098,1639.3363765794404,1643.529052734375,17800
2013-07-25 00:00:00+09:00,1643.5290784664203,1647.7217546869979,1630.9510498046875,1630.9510498046875,33600
2013-07-26 00:00:00+09:00,1622.565404639306,1622.565404639306,1614.1800537109375,1614.1800537109375,63000
2013-07-29 00:00:00+09:00,1601.6021731753565,1601.6021731753565,1580.6387939453125,1580.6387939453125,51400
2013-07-30 00:00:00+09:00,1580.6387939453125,1589.02414563733,1572.253442253295,1580.6387939453125,74200
2013-07-31 00:00:00+09:00,1572.253393423781,1576.4460691395777,1563.8680419921875,1563.8680419921875,54800
2013-08-01 00:00:00+09:00,1568.060982473273,1593.217041015625,1568.060982473273,1593.217041015625,51400
2013-08-02 00:00:00+09:00,1601.602339254316,1639.33642578125,1593.216986692775,1639.33642578125,59800
2013-08-05 00:00:00+09:00,1622.565404639306,1622.565404639306,1605.794702782569,1614.1800537109375,17600
2013-08-06 00:00:00+09:00,1605.794992481222,1635.143726025265,1597.4096400400667,1630.9510498046875,56000
2013-08-07 00:00:00+09:00,1614.1800285319437,1635.1434055258649,1605.794677734375,1605.794677734375,53200
2013-08-08 00:00:00+09:00,1605.7952158663286,1622.5659230816427,1584.8318318471859,1601.6025390625,81400
2013-08-09 00:00:00+09:00,1601.6022471271494,1601.6022471271494,1576.44619088955,1584.83154296875,57800
2013-08-12 00:00:00+09:00,1576.44619088955,1589.0242190083497,1576.44619088955,1584.83154296875,23400
2013-08-13 00:00:00+09:00,1589.0241692860923,1609.987548828125,1584.8314933776855,1609.987548828125,30600
2013-08-14 00:00:00+09:00,1609.9874758376288,1626.7581787109375,1609.9874758376288,1626.7581787109375,40800
2013-08-15 00:00:00+09:00,1622.5659230816427,1622.5659230816427,1597.4098622586714,1601.6025390625,57800
2013-08-16 00:00:00+09:00,1589.0240725219405,1601.6020994812172,1584.8313968688485,1597.409423828125,45200
2013-08-19 00:00:00+09:00,1597.4093269368066,1609.9873531331593,1597.4093269368066,1605.794677734375,22000
2013-08-20 00:00:00+09:00,1593.2168950479497,1609.9875992063492,1584.83154296875,1584.83154296875,45800
2013-08-21 00:00:00+09:00,1589.0242190083497,1593.2168950479497,1584.83154296875,1584.83154296875,40200
2013-08-22 00:00:00+09:00,1584.8316881681744,1593.217041015625,1584.8316881681744,1593.217041015625,29800
2013-08-23 00:00:00+09:00,1593.2171854548428,1609.987892670157,1593.2171854548428,1601.6025390625,41400
2013-08-26 00:00:00+09:00,1601.6020994812172,1605.7947751343095,1589.0240725219405,1597.409423828125,24200
2013-08-27 00:00:00+09:00,1597.4093269368066,1618.3727039307278,1597.4093269368066,1605.794677734375,45800
2013-08-28 00:00:00+09:00,1597.4093990275603,1601.602074615559,1589.0240478515625,1589.0240478515625,43400
2013-08-29 00:00:00+09:00,1589.0240478515625,1597.4093990275603,1589.0240478515625,1589.0240478515625,22200
2013-08-30 00:00:00+09:00,1593.2168950479497,1597.4095710875495,1584.83154296875,1584.83154296875,83000
2013-09-02 00:00:00+09:00,1584.8318318471859,1601.6025390625,1584.8318318471859,1601.6025390625,49600
2013-09-03 00:00:00+09:00,1609.9874758376288,1626.7581787109375,1605.7948001193017,1626.7581787109375,56200
2013-09-04 00:00:00+09:00,1614.180151555956,1626.7581787109375,1609.9874758376288,1626.7581787109375,24400
2013-09-05 00:00:00+09:00,1630.9508544292646,1630.9508544292646,1618.372827274283,1626.7581787109375,36200
2013-09-06 00:00:00+09:00,1630.9507807453167,1630.9507807453167,1618.3727541585918,1622.5654296875,33000
2013-09-09 00:00:00+09:00,1639.3362061789321,1651.9142333363152,1639.3362061789321,1647.7215576171875,61600
2013-09-10 00:00:00+09:00,1651.9144521385733,1664.4924809619633,1643.5290995896464,1660.2998046875,57600
2013-09-11 00:00:00+09:00,1664.4924573559447,1668.685133570947,1647.721752495935,1651.9144287109375,43000
2013-09-12 00:00:00+09:00,1660.299609375,1664.4922851562499,1651.9142578125,1656.10693359375,26200
2013-09-13 00:00:00+09:00,1643.5290508894836,1664.492431640625,1643.5290508894836,1664.492431640625,185000
2013-09-17 00:00:00+09:00,1672.8778335108902,1672.8778335108902,1651.9144521385733,1660.2998046875,153800
2013-09-18 00:00:00+09:00,1664.4922851562499,1664.4922851562499,1656.10693359375,1656.10693359375,78200
2013-09-19 00:00:00+09:00,1660.2993676757815,1677.070068359375,1660.2993676757815,1677.070068359375,139600
2013-09-20 00:00:00+09:00,1677.0703608446781,1698.0337403552367,1677.0703608446781,1693.841064453125,247800
2013-09-24 00:00:00+09:00,1677.0700202618455,1689.6480454138093,1677.0700202618455,1681.2626953125,241600
2013-09-25 00:00:00+09:00,1664.4926981149163,1681.263405400709,1660.3000212934683,1672.8780517578125,711200
2013-09-26 00:00:00+09:00,1672.8776613191794,1672.8776613191794,1617.9599603162771,1660.204345703125,301600
2013-09-27 00:00:00+09:00,1655.9798336078084,1655.9798336078084,1639.0820802036471,1643.3065185546875,48400
2013-09-30 00:00:00+09:00,1630.6329074789899,1630.6329074789899,1609.5107195582775,1617.9595947265625,46800
2013-10-01 00:00:00+09:00,1622.1845703125,1634.8578872680664,1609.5112533569336,1622.1845703125,75800
2013-10-02 00:00:00+09:00,1626.408739465428,1630.633177749754,1601.0621097594733,1609.510986328125,84600
2013-10-03 00:00:00+09:00,1605.2864990234375,1617.959813489412,1605.2864990234375,1605.2864990234375,52800
2013-10-04 00:00:00+09:00,1605.286793810256,1605.286793810256,1584.1645991548578,1588.3890380859375,81200
2013-10-07 00:00:00+09:00,1592.6130103452958,1596.8374480385194,1579.939697265625,1579.939697265625,55400
2013-10-08 00:00:00+09:00,1571.491015886813,1575.7154541015625,1563.042139457314,1575.7154541015625,62600
2013-10-09 00:00:00+09:00,1567.2668434305394,1588.3890380859375,1563.0424044994597,1588.3890380859375,73800
2013-10-10 00:00:00+09:00,1588.3890128968253,1596.837890625,1579.9401351686508,1596.837890625,35000
2013-10-11 00:00:00+09:00,1601.062375386556,1622.1845703125,1596.8379364013672,1622.1845703125,61000
2013-10-15 00:00:00+09:00,1622.1843011811022,1622.1843011811022,1601.0621097594733,1609.510986328125,54200
2013-10-16 00:00:00+09:00,1609.5110104845191,1609.5110104845191,1596.837695441334,1601.0621337890625,33000
2013-10-17 00:00:00+09:00,1609.5112787216747,1626.4090349287262,1596.8379615663857,1613.7357177734375,56400
2013-10-18 00:00:00+09:00,1613.7354488322476,1613.7354488322476,1596.837695441334,1601.0621337890625,52600
2013-10-21 00:00:00+09:00,1601.0620608681127,1613.7353753340872,1596.8376227127878,1605.2864990234375,61200
2013-10-22 00:00:00+09:00,1609.511207217262,1609.511207217262,1592.6134517609128,1596.837890625,47200
2013-10-23 00:00:00+09:00,1596.83762109375,1605.2864973958333,1584.164306640625,1584.164306640625,46000
2013-10-24 00:00:00+09:00,1579.9401602237783,1592.6134770170172,1579.9401602237783,1588.3890380859375,41000
2013-10-25 00:00:00+09:00,1588.3892126596102,1596.8380914503527,1571.491455078125,1571.491455078125,58800
2013-10-28 00:00:00+09:00,1575.7152860525116,1596.8374748735907,1575.7152860525116,1592.613037109375,33400
2013-10-29 00:00:00+09:00,1592.6132069605605,1592.6132069605605,1571.491015886813,1575.7154541015625,63800
2013-10-30 00:00:00+09:00,1575.7157212926986,1596.8379159480967,1575.7157212926986,1588.3890380859375,72800
2013-10-31 00:00:00+09:00,1592.6134770170172,1596.8379159480967,1584.1645991548578,1588.3890380859375,44800
2013-11-01 00:00:00+09:00,1588.3892126596102,1592.6136520549815,1571.491455078125,1571.491455078125,32800
2013-11-05 00:00:00+09:00,1584.1645991548578,1601.0623548791764,1575.7157212926986,1588.3890380859375,84800
2013-11-06 00:00:00+09:00,1588.388794906496,1613.7354246124507,1579.9399183378443,1609.510986328125,56200
2013-11-07 00:00:00+09:00,1613.7353753340872,1622.1842516447368,1601.0620608681127,1605.2864990234375,71600
2013-11-08 00:00:00+09:00,1601.0621097594733,1617.9598628967765,1592.6132331908218,1609.510986328125,35600
2013-11-11 00:00:00+09:00,1626.4090092976887,1630.6334482828777,1609.5112533569336,1622.1845703125,28600
2013-11-12 00:00:00+09:00,1609.510987276858,1634.8576169977534,1609.510987276858,1630.6331787109375,63800
2013-11-13 00:00:00+09:00,1630.6332035015664,1643.3065185546875,1613.7354500974052,1643.3065185546875,123400
2013-11-14 00:00:00+09:00,1647.5311279296875,1655.980005508814,1639.0822503505608,1647.5311279296875,57200
2013-11-15 00:00:00+09:00,1647.5311763207321,1651.755615234375,1630.6334206661604,1651.755615234375,95000
2013-11-18 00:00:00+09:00,1651.7555667192507,1651.7555667192507,1634.8578115609976,1647.5311279296875,35200
2013-11-19 00:00:00+09:00,1639.0821044291022,1647.5309812560563,1626.4087891886709,1634.857666015625,52200
2013-11-20 00:00:00+09:00,1626.408935546875,1634.8578131341314,1617.9600579596186,1626.408935546875,74600
2013-11-21 00:00:00+09:00,1626.4087651505263,1647.5309569057279,1626.4087651505263,1643.3065185546875,77000
2013-11-22 00:00:00+09:00,1634.857666015625,1639.0821044291022,1630.633227602148,1634.857666015625,53200
2013-11-25 00:00:00+09:00,1630.633227602148,1639.0821044291022,1626.4087891886709,1634.857666015625,39000
2013-11-26 00:00:00+09:00,1626.4090092976887,1634.8578872680664,1617.9601313273113,1622.1845703125,45200
2013-11-27 00:00:00+09:00,1617.9595947265625,1622.1840323107049,1609.5107195582775,1617.9595947265625,58400
2013-11-28 00:00:00+09:00,1622.1845958769634,1622.1845958769634,1609.5112787216747,1613.7357177734375,38000
2013-11-29 00:00:00+09:00,1613.7351571424201,1626.4084698948475,1613.7351571424201,1617.9595947265625,69400
2013-12-02 00:00:00+09:00,1626.4084698948475,1626.4084698948475,1617.9595947265625,1617.9595947265625,57800
2013-12-03 00:00:00+09:00,1617.9595947265625,1622.1840323107049,1613.7351571424201,1617.9595947265625,59800
2013-12-04 00:00:00+09:00,1613.7353753340872,1617.959813489412,1605.2864990234375,1605.2864990234375,61600
2013-12-05 00:00:00+09:00,1609.5112327413356,1609.5112327413356,1588.3890380859375,1588.3890380859375,55400
2013-12-06 00:00:00+09:00,1584.164574032738,1605.2867683531745,1584.164574032738,1596.837890625,59600
2013-12-09 00:00:00+09:00,1609.5109371787623,1609.5109371787623,1588.3887464021382,1605.2864990234375,40800
2013-12-10 00:00:00+09:00,1605.286572136791,1605.286572136791,1596.837695441334,1601.0621337890625,41400
2013-12-11 00:00:00+09:00,1596.8374748735907,1605.2863504020224,1592.613037109375,1592.613037109375,32600
2013-12-12 00:00:00+09:00,1592.6134770170172,1596.8379159480967,1588.3890380859375,1588.3890380859375,31200
2013-12-13 00:00:00+09:00,1584.164306640625,1588.3887447916668,1584.164306640625,1584.164306640625,182600
2013-12-16 00:00:00+09:00,1592.6130103452958,1596.8374480385194,1575.7152595724012,1579.939697265625,86600
2013-12-17 00:00:00+09:00,1584.1647732642389,1596.8380914503527,1567.2670156827537,1571.491455078125,156600
2013-12-18 00:00:00+09:00,1571.4912574404761,1596.837890625,1571.4912574404761,1596.837890625,92200
2013-12-19 00:00:00+09:00,1605.2863504020224,1605.2863504020224,1588.388599345159,1592.613037109375,74000
2013-12-20 00:00:00+09:00,1592.6134517609128,1601.0623294890872,1579.9401351686508,1596.837890625,107400
2013-12-24 00:00:00+09:00,1588.3887447916668,1596.83762109375,1579.9398684895834,1584.164306640625,64000
2013-12-25 00:00:00+09:00,1575.7152595724012,1579.939697265625,1571.4908218791777,1579.939697265625,86000
2013-12-26 00:00:00+09:00,1575.7154800535186,1613.7354246124507,1575.7154800535186,1609.510986328125,81800
2013-12-27 00:00:00+09:00,1609.5112787216747,1617.9601568252006,1605.2868396699116,1613.7357177734375,72800
2013-12-30 00:00:00+09:00,1626.4087651505263,1647.5309569057279,1626.4087651505263,1643.3065185546875,80800
2014-01-06 00:00:00+09:00,1643.3065185546875,1655.9798336078084,1639.0820802036471,1643.3065185546875,64600
2014-01-07 00:00:00+09:00,1643.3064935713853,1643.3064935713853,1630.6331787109375,1630.6331787109375,51200
2014-01-08 00:00:00+09:00,1647.5311763207321,1651.755615234375,1630.6334206661604,1651.755615234375,55200
2014-01-09 00:00:00+09:00,1647.5309569057279,1647.5309569057279,1639.0820802036471,1643.3065185546875,45200
2014-01-10 00:00:00+09:00,1643.3065431555922,1655.9798583984375,1639.0821047413106,1655.9798583984375,92400
2014-01-14 00:00:00+09:00,1630.6332035015664,1647.5309569057279,1630.6332035015664,1643.3065185546875,102800
2014-01-15 00:00:00+09:00,1651.7554199841557,1655.9798583984375,1634.8576663270287,1655.9798583984375,94400
2014-01-16 00:00:00+09:00,1655.9800519846906,1685.5511243415601,1655.9800519846906,1672.8778076171875,134400
2014-01-17 00:00:00+09:00,1668.652904529862,1677.101779995836,1664.428466796875,1664.428466796875,37400
2014-01-20 00:00:00+09:00,1664.428929800939,1681.3266854334358,1664.428929800939,1672.8778076171875,59200
2014-01-21 00:00:00+09:00,1677.101856020827,1685.5507318697983,1672.8774180963412,1681.3262939453125,28200
2014-01-22 00:00:00+09:00,1681.326392211914,1689.7752685546875,1668.6530776977538,1689.7752685546875,56200
2014-01-23 00:00:00+09:00,1689.7754890192066,1689.7754890192066,1677.1021728515625,1677.1021728515625,75800
2014-01-24 00:00:00+09:00,1672.8776613191794,1672.8776613191794,1655.9799071644402,1660.204345703125,72800
2014-01-27 00:00:00+09:00,1643.3065428425791,1651.7554196695332,1630.633227602148,1634.857666015625,99200
2014-01-28 00:00:00+09:00,1634.857666015625,1647.5309812560563,1634.857666015625,1634.857666015625,92000
2014-01-29 00:00:00+09:00,1634.8574026659662,1664.428466796875,1634.8574026659662,1664.428466796875,54800
2014-01-30 00:00:00+09:00,1647.530981569874,1660.2042968127191,1639.0821047413106,1655.9798583984375,78600
2014-01-31 00:00:00+09:00,1651.7555667192507,1664.4288830879407,1639.0822503505608,1647.5311279296875,85400
2014-02-03 00:00:00+09:00,1647.5309812560563,1651.7554196695332,1630.633227602148,1634.857666015625,59800
2014-02-04 00:00:00+09:00,1626.4085392231018,1630.6329769873175,1592.613037109375,1592.613037109375,158600
2014-02-05 00:00:00+09:00,1592.613522514623,1617.9601568252006,1592.613522514623,1613.7357177734375,128800
2014-02-06 00:00:00+09:00,1609.5112787216747,1622.1845958769634,1605.2868396699116,1613.7357177734375,73200
2014-02-07 00:00:00+09:00,1630.6333228089754,1689.775464050752,1626.4088841488488,1685.551025390625,111200
2014-02-10 00:00:00+09:00,1681.3262939453125,1685.5507318697983,1668.6529801718555,1681.3262939453125,68600
2014-02-12 00:00:00+09:00,1685.5508303833008,1693.999706726074,1677.1019540405273,1689.7752685546875,95200
2014-02-13 00:00:00+09:00,1685.5507318697983,1698.2240456432555,1672.8774180963412,1681.3262939453125,89400
2014-02-14 00:00:00+09:00,1681.3266854334358,1689.7755632496842,1660.2044908928149,1672.8778076171875,94400
2014-02-17 00:00:00+09:00,1681.326610356421,1698.224365234375,1677.1021716369326,1698.224365234375,96600
2014-02-18 00:00:00+09:00,1693.9999253181627,1719.3465576171875,1689.7754866016585,1719.3465576171875,136000
2014-02-19 00:00:00+09:00,1715.1221201123292,1715.1221201123292,1689.775487795398,1698.224365234375,60400
2014-02-20 00:00:00+09:00,1689.775169794284,1706.6729214922268,1672.8774180963412,1681.3262939453125,79200
2014-02-21 00:00:00+09:00,1689.775390625,1715.122021484375,1689.775390625,1710.8975830078125,76600
2014-02-24 00:00:00+09:00,1715.1218497399054,1727.7951639005453,1689.7752214186262,1706.6729736328125,76200
2014-02-25 00:00:00+09:00,1710.8972664067312,1715.1217041015625,1702.4483910170684,1715.1217041015625,72400
2014-02-26 00:00:00+09:00,1698.2240975257193,1715.1218497399054,1693.9996594721727,1706.6729736328125,47000
2014-02-27 00:00:00+09:00,1706.673070741116,1706.673070741116,1693.999755859375,1693.999755859375,32800
2014-02-28 00:00:00+09:00,1698.2241448974607,1698.2241448974607,1677.1019540405273,1689.7752685546875,70000
2014-03-03 00:00:00+09:00,1677.1021480703712,1685.551025390625,1664.4288320899905,1685.551025390625,74800
2014-03-04 00:00:00+09:00,1685.5508792715477,1698.2241941532886,1685.5508792715477,1693.999755859375,32800
2014-03-05 00:00:00+09:00,1693.999755859375,1710.8975090350295,1689.7753175654614,1693.999755859375,54400
2014-03-06 00:00:00+09:00,1689.7752214186262,1706.6729736328125,1689.7752214186262,1706.6729736328125,82200
2014-03-07 00:00:00+09:00,1715.1221189006835,1719.3465576171875,1702.448802751171,1719.3465576171875,77000
2014-03-10 00:00:00+09:00,1715.1218497399054,1715.1218497399054,1706.6729736328125,1706.6729736328125,32000
2014-03-11 00:00:00+09:00,1702.4487060546874,1710.8975830078125,1702.4487060546874,1710.8975830078125,48000
2014-03-12 00:00:00+09:00,1693.9999027108788,1698.2243413710057,1685.551025390625,1685.551025390625,104200
2014-03-13 00:00:00+09:00,1681.3266115741105,1689.7754890192066,1668.6532954064664,1677.1021728515625,100800
2014-03-14 00:00:00+09:00,1660.2044696611229,1668.6533473693219,1639.082275390625,1639.082275390625,256600
2014-03-17 00:00:00+09:00,1647.5312301875408,1651.7556692393039,1596.8379615663857,1613.7357177734375,258400
2014-03-18 00:00:00+09:00,1626.4087404241216,1643.3064935713853,1617.95986385049,1630.6331787109375,88800
2014-03-19 00:00:00+09:00,1630.6334482828777,1634.8578872680664,1617.9601313273113,1622.1845703125,116200
2014-03-20 00:00:00+09:00,1622.1843011811022,1630.633177749754,1605.286548043799,1609.510986328125,163800
2014-03-24 00:00:00+09:00,1634.8578595798033,1664.4289319753036,1626.4089817525175,1651.755615234375,212800
2014-03-25 00:00:00+09:00,1681.3262939453125,1702.448483567741,1668.6529801718555,1681.3262939453125,589200
2014-03-26 00:00:00+09:00,1715.121970522373,1715.121970522373,1626.4087651505263,1643.3065185546875,837200
2014-03-27 00:00:00+09:00,1651.8211669921875,1656.0784380411365,1613.505727551647,1651.8211669921875,506400
2014-03-28 00:00:00+09:00,1660.3358154296875,1668.8503580729168,1639.0494588216147,1660.3358154296875,177400
2014-03-31 00:00:00+09:00,1668.8503580729168,1677.364900716146,1634.7921875000002,1660.3358154296875,192000
2014-04-01 00:00:00+09:00,1668.8503946008268,1673.107666015625,1651.8213089416347,1673.107666015625,139800
2014-04-02 00:00:00+09:00,1673.1073386452415,1702.908232717803,1668.850068063447,1685.879150390625,161800
2014-04-03 00:00:00+09:00,1685.8790966178797,1694.3936375098892,1677.36455572587,1681.621826171875,93400
2014-04-04 00:00:00+09:00,1681.621826171875,1694.3936375098892,1673.1072852798654,1681.621826171875,56600
2014-04-07 00:00:00+09:00,1668.8499755859375,1681.621786623585,1660.3354348941725,1668.8499755859375,78800
2014-04-08 00:00:00+09:00,1660.3357410430908,1668.8502833048503,1630.5348431269329,1634.7921142578125,126800
2014-04-09 00:00:00+09:00,1626.2776201843585,1626.2776201843585,1609.24853515625,1609.24853515625,136400
2014-04-10 00:00:00+09:00,1617.7630776703043,1626.2776201843585,1609.24853515625,1609.24853515625,81400
2014-04-11 00:00:00+09:00,1609.2485513890044,1609.2485513890044,1600.7340087890625,1600.7340087890625,110800
2014-04-14 00:00:00+09:00,1596.4767374890916,1609.2485513890044,1596.4767374890916,1600.7340087890625,72000
2014-04-15 00:00:00+09:00,1604.9909273035387,1609.248197667739,1592.2191162109375,1592.2191162109375,99800
2014-04-16 00:00:00+09:00,1600.7336675688975,1622.02001953125,1600.7336675688975,1622.02001953125,78800
2014-04-17 00:00:00+09:00,1617.7627491387796,1630.534560316191,1613.505478746309,1622.02001953125,54800
2014-04-18 00:00:00+09:00,1622.02001953125,1622.02001953125,1609.2482083538387,1622.02001953125,43600
2014-04-21 00:00:00+09:00,1630.534560316191,1634.7918307086613,1617.7627491387796,1622.02001953125,35200
2014-04-22 00:00:00+09:00,1630.5348914413855,1630.5348914413855,1609.24853515625,1609.24853515625,43800
2014-04-23 00:00:00+09:00,1617.762855948107,1639.0492093158452,1617.762855948107,1630.53466796875,52600
2014-04-24 00:00:00+09:00,1634.7921142578125,1643.306656519572,1630.5348431269329,1634.7921142578125,50400
2014-04-25 00:00:00+09:00,1626.2776448567708,1660.3358154296875,1626.2776448567708,1660.3358154296875,103200
2014-04-28 00:00:00+09:00,1647.5640014648438,1664.5930867513023,1647.5640014648438,1660.3358154296875,48200
2014-04-30 00:00:00+09:00,1660.3358517712309,1677.364937430423,1660.3358517712309,1673.107666015625,43600
2014-05-01 00:00:00+09:00,1673.107666015625,1677.364937430423,1664.5931231860288,1673.107666015625,63400
2014-05-02 00:00:00+09:00,1668.8501663403133,1668.8501663403133,1656.0783538428109,1664.5928955078125,48800
2014-05-07 00:00:00+09:00,1647.5641037185471,1656.078646890219,1630.5350173752029,1639.049560546875,98200
2014-05-08 00:00:00+09:00,1630.53466796875,1647.5637506629405,1626.2773972952023,1630.53466796875,68800
2014-05-09 00:00:00+09:00,1630.5350173752029,1647.5641037185471,1630.5350173752029,1639.049560546875,25000
2014-05-12 00:00:00+09:00,1639.0492783791108,1651.821090937909,1622.0201949673797,1626.2774658203125,68000
2014-05-13 00:00:00+09:00,1639.0493009503189,1656.078384596556,1630.5347591272005,1647.5638427734375,72400
2014-05-14 00:00:00+09:00,1647.5638427734375,1651.8211136849968,1643.3065718618782,1647.5638427734375,37400
2014-05-15 00:00:00+09:00,1639.0493009503189,1647.5638427734375,1617.7629463925225,1647.5638427734375,85800
2014-05-16 00:00:00+09:00,1626.2774658203125,1634.792007526178,1617.762924114447,1626.2774658203125,78000
2014-05-19 00:00:00+09:00,1630.534560316191,1639.0491011011318,1622.02001953125,1622.02001953125,32600
2014-05-20 00:00:00+09:00,1639.049560546875,1651.821375304383,1634.7922889610388,1639.049560546875,55600
2014-05-21 00:00:00+09:00,1634.7922889610388,1651.821375304383,1634.7922889610388,1639.049560546875,24000
2014-05-22 00:00:00+09:00,1651.821098268798,1656.078369140625,1639.0492856533178,1656.078369140625,46600
2014-05-23 00:00:00+09:00,1656.078544108073,1668.8503580729168,1651.8212727864584,1660.3358154296875,57200
2014-05-26 00:00:00+09:00,1660.3355415460424,1677.3646240234375,1660.3355415460424,1677.3646240234375,51000
2014-05-27 00:00:00+09:00,1677.3646240234375,1681.6218946427864,1673.1073534040888,1677.3646240234375,26000
2014-05-28 00:00:00+09:00,1677.3646624586745,1694.3937453262752,1673.1073917417743,1690.136474609375,84600
2014-05-29 00:00:00+09:00,1690.136435881484,1690.136435881484,1660.3355415460424,1677.3646240234375,96600
2014-05-30 00:00:00+09:00,1677.364609227036,1698.6509621360085,1668.850068063447,1685.879150390625,129600
2014-06-02 00:00:00+09:00,1694.3936085330515,1698.65087890625,1690.1363381598528,1698.65087890625,40400
2014-06-03 00:00:00+09:00,1702.9082867600755,1702.9082867600755,1681.6219331755747,1690.136474609375,43200
2014-06-04 00:00:00+09:00,1698.65087890625,1698.65087890625,1690.1363381598528,1698.65087890625,40400
2014-06-05 00:00:00+09:00,1702.908203125,1711.4227441406251,1698.6509326171874,1702.908203125,69000
2014-06-06 00:00:00+09:00,1698.65087890625,1702.9081492794487,1677.364527040257,1698.65087890625,62400
2014-06-09 00:00:00+09:00,1702.908203125,1707.1654736328126,1698.6509326171874,1702.908203125,35600
2014-06-10 00:00:00+09:00,1702.908203125,1707.1654736328126,1698.6509326171874,1702.908203125,37600
2014-06-11 00:00:00+09:00,1698.6511603967467,1711.4229736328125,1698.6511603967467,1711.4229736328125,85000
2014-06-12 00:00:00+09:00,1702.9084314754352,1715.680244711501,1694.393889318058,1711.4229736328125,59000
2014-06-13 00:00:00+09:00,1707.1657025541238,1719.9375157901895,1702.9084314754352,1711.4229736328125,130600
2014-06-16 00:00:00+09:00,1715.680244711501,1715.680244711501,1698.6511603967467,1711.4229736328125,54200
2014-06-17 00:00:00+09:00,1711.422957920792,1724.194771039604,1707.165686881188,1719.9375,72000
2014-06-18 00:00:00+09:00,1719.9369984894552,1728.4515380859375,1719.9369984894552,1728.4515380859375,50800
2014-06-19 00:00:00+09:00,1724.194861019359,1741.2239460664637,1724.194861019359,1736.9666748046875,109000
2014-06-20 00:00:00+09:00,1732.7094035429113,1736.9666748046875,1724.194861019359,1736.9666748046875,69800
2014-06-23 00:00:00+09:00,1736.9662546068796,1736.9662546068796,1724.1944439112408,1732.708984375,50600
2014-06-24 00:00:00+09:00,1732.708807884179,1732.708807884179,1719.9369984894552,1728.4515380859375,62000
2014-06-25 00:00:00+09:00,1724.1947021484375,1728.4519730179397,1724.1947021484375,1724.1947021484375,27000
2014-06-26 00:00:00+09:00,1732.7095059756903,1732.7095059756903,1715.680419921875,1715.680419921875,31400
2014-06-27 00:00:00+09:00,1715.680419921875,1724.1949629487826,1702.9086053815138,1715.680419921875,58000
2014-06-30 00:00:00+09:00,1719.9372803331296,1745.480903308374,1715.6800098372555,1741.2236328125,81800
2014-07-01 00:00:00+09:00,1745.4813590061287,1771.024988650121,1741.2240873987969,1758.253173828125,134000
2014-07-02 00:00:00+09:00,1745.4810791015625,1766.7674337247524,1741.2238081769246,1745.4810791015625,66600
2014-07-03 00:00:00+09:00,1745.4810791015625,1753.9956209508384,1736.9665372522866,1745.4810791015625,72800
2014-07-04 00:00:00+09:00,1753.99560546875,1753.99560546875,1745.48106369463,1753.99560546875,22800
2014-07-07 00:00:00+09:00,1745.4810791015625,1753.9956209508384,1745.4810791015625,1745.4810791015625,21200
2014-07-08 00:00:00+09:00,1741.2240873987969,1766.767717042789,1736.9668157914648,1758.253173828125,47800
2014-07-09 00:00:00+09:00,1745.4813590061287,1758.253173828125,1745.4813590061287,1758.253173828125,31800
2014-07-10 00:00:00+09:00,1766.7673642791972,1766.7673642791972,1749.73828125,1749.73828125,42800
2014-07-11 00:00:00+09:00,1736.9665219205096,1753.99560546875,1736.9665219205096,1753.99560546875,63200
2014-07-14 00:00:00+09:00,1736.9665067368658,1762.5101318359373,1732.7092358870207,1762.5101318359375,76000
2014-07-15 00:00:00+09:00,1766.7674026857826,1766.7674026857826,1753.9955901362468,1762.5101318359375,41600
2014-07-16 00:00:00+09:00,1753.9955219314759,1775.2818753529743,1753.9955219314759,1766.767333984375,96600
2014-07-17 00:00:00+09:00,1771.0246046686748,1779.5391460372741,1762.5100633000752,1766.767333984375,42000
2014-07-18 00:00:00+09:00,1758.2527926157757,1771.0246046686748,1749.738251247176,1766.767333984375,44400
2014-07-22 00:00:00+09:00,1779.5389264787946,1788.053466796875,1775.2816563197543,1788.053466796875,53600
2014-07-23 00:00:00+09:00,1788.0534263995053,1788.0534263995053,1771.0243461480816,1775.2816162109375,32200
2014-07-24 00:00:00+09:00,1775.2819290161133,1775.2819290161133,1766.7673873901367,1771.024658203125,23000
2014-07-25 00:00:00+09:00,1771.0248859898325,1779.5394287109375,1766.76761462928,1779.5394287109375,31400
2014-07-28 00:00:00+09:00,1783.7961563366493,1783.7961563366493,1766.7670760852254,1775.2816162109375,34600
2014-07-29 00:00:00+09:00,1775.2816162109375,1775.2816162109375,1762.5098060223695,1775.2816162109375,24400
2014-07-30 00:00:00+09:00,1762.5098060223695,1775.2816162109375,1762.5098060223695,1775.2816162109375,29400
2014-07-31 00:00:00+09:00,1775.2819290161133,1779.5391998291016,1771.024658203125,1771.024658203125,26600
2014-08-01 00:00:00+09:00,1766.7670760852254,1779.5388862737934,1766.7670760852254,1775.2816162109375,52600
2014-08-04 00:00:00+09:00,1775.2819290161133,1779.5391998291016,1766.7673873901367,1771.024658203125,31800
2014-08-05 00:00:00+09:00,1766.767717042789,1771.024988650121,1758.253173828125,1758.253173828125,57000
2014-08-06 00:00:00+09:00,1753.9955520072992,1762.510093521898,1745.4810104927008,1749.73828125,43200
2014-08-07 00:00:00+09:00,1745.4809805628765,1766.767333984375,1745.4809805628765,1766.767333984375,22000
2014-08-08 00:00:00+09:00,1753.99544921875,1762.509990234375,1702.908203125,1702.908203125,122400
2014-08-11 00:00:00+09:00,1732.7095059756903,1732.7095059756903,1707.1658768949674,1715.680419921875,83000
2014-08-12 00:00:00+09:00,1715.6801604094328,1728.4519730179397,1715.6801604094328,1724.1947021484375,44400
2014-08-13 00:00:00+09:00,1724.1945508290037,1741.2236328125,1724.1945508290037,1741.2236328125,44600
2014-08-14 00:00:00+09:00,1736.9665372522866,1745.4810791015625,1736.9665372522866,1745.4810791015625,31200
2014-08-15 00:00:00+09:00,1753.99560546875,1762.51014724287,1741.2237928075697,1753.99560546875,41200
2014-08-18 00:00:00+09:00,1749.73828125,1758.2528227645985,1745.4810104927008,1749.73828125,27400
2014-08-19 00:00:00+09:00,1758.2527926157757,1766.767333984375,1749.738251247176,1766.767333984375,38400
2014-08-20 00:00:00+09:00,1766.767333984375,1771.0246046686748,1758.2527926157757,1766.767333984375,29800
2014-08-21 00:00:00+09:00,1766.7673873901367,1775.2819290161133,1753.9955749511719,1771.024658203125,61800
2014-08-22 00:00:00+09:00,1775.2818753529743,1779.5391460372741,1766.767333984375,1766.767333984375,30400
2014-08-25 00:00:00+09:00,1762.5101318359373,1766.7674026857826,1753.9955901362468,1762.5101318359375,23000
2014-08-26 00:00:00+09:00,1766.7673642791972,1766.7673642791972,1745.4810104927008,1749.73828125,54000
2014-08-27 00:00:00+09:00,1753.9955520072992,1758.2528227645985,1745.4810104927008,1749.73828125,38600
2014-08-28 00:00:00+09:00,1745.4810791015625,1749.7383500262006,1745.4810791015625,1745.4810791015625,30400
2014-08-29 00:00:00+09:00,1745.480903308374,1753.9954443001222,1736.966362316626,1741.2236328125,62400
2014-09-01 00:00:00+09:00,1736.966362316626,1745.480903308374,1736.966362316626,1741.2236328125,32200
2014-09-02 00:00:00+09:00,1745.4810484365564,1766.7674026857826,1736.9665067368658,1762.5101318359375,52800
2014-09-03 00:00:00+09:00,1775.2819443854733,1775.2819443854733,1758.2528609860922,1762.5101318359375,59800
2014-09-04 00:00:00+09:00,1762.5104454354569,1771.024988650121,1758.253173828125,1758.253173828125,35400
2014-09-05 00:00:00+09:00,1766.7674026857826,1779.5392152353184,1762.5101318359373,1762.5101318359375,50200
2014-09-08 00:00:00+09:00,1775.2819290161133,1783.7964706420898,1766.7673873901367,1771.024658203125,78400
2014-09-09 00:00:00+09:00,1779.5391998291016,1783.7964706420898,1771.024658203125,1771.024658203125,58800
2014-09-10 00:00:00+09:00,1775.2816563197543,1788.053466796875,1775.2816563197543,1788.053466796875,89800
2014-09-11 00:00:00+09:00,1792.3107369559152,1796.5680071149552,1783.7961966378348,1788.053466796875,56800
2014-09-12 00:00:00+09:00,1788.053938879221,1796.5684814453125,1783.7966675961752,1796.5684814453125,125800
2014-09-16 00:00:00+09:00,1800.8255463005517,1817.8546294806986,1796.5682755055147,1809.340087890625,151200
2014-09-17 00:00:00+09:00,1809.3403650859188,1809.3403650859188,1788.054007849614,1792.311279296875,150200
2014-09-18 00:00:00+09:00,1805.082954713357,1822.1120391917848,1800.82568359375,1800.82568359375,245400
2014-09-19 00:00:00+09:00,1796.568328427597,1822.1119539502643,1792.3110575071523,1813.597412109375,250400
2014-09-22 00:00:00+09:00,1817.8547735169877,1834.883858046421,1817.8547735169877,1830.6265869140625,328800
2014-09-24 00:00:00+09:00,1822.112044649346,1834.883858046421,1822.112044649346,1830.6265869140625,552600
2014-09-25 00:00:00+09:00,1826.3690575493706,1843.398139671043,1826.3690575493706,1839.140869140625,763200
2014-09-26 00:00:00+09:00,1817.7056617373512,1821.992703392392,1800.5574951171875,1800.5574951171875,525400
2014-09-29 00:00:00+09:00,1804.8444549048263,1804.8444549048263,1779.122206141337,1787.6962890625,106200
2014-09-30 00:00:00+09:00,1783.4094108544687,1783.4094108544687,1766.2612434424063,1774.8353271484375,131600
2014-10-01 00:00:00+09:00,1783.409395412708,1813.4186881239793,1779.122353596812,1804.8446044921875,199400
2014-10-02 00:00:00+09:00,1787.6962890625,1796.2703719836632,1779.122206141337,1787.6962890625,214000
2014-10-03 00:00:00+09:00,1787.6965077841253,1796.270591754313,1770.54833984375,1770.54833984375,208800
2014-10-06 00:00:00+09:00,1787.6964527074842,1791.9834945604998,1770.548285295422,1774.8353271484375,114000
2014-10-07 00:00:00+09:00,1779.122461578442,1800.5576719589053,1779.122461578442,1796.2706298828125,124600
2014-10-08 00:00:00+09:00,1774.8353528474506,1796.270562422903,1774.8353528474506,1791.9835205078125,124000
2014-10-09 00:00:00+09:00,1800.5577146089995,1800.5577146089995,1779.122503720797,1783.4095458984375,109600
2014-10-10 00:00:00+09:00,1770.54833984375,1774.8353818288438,1753.4001719033747,1770.54833984375,125200
2014-10-14 00:00:00+09:00,1740.539160277713,1744.826202544407,1719.1039489442437,1723.3909912109375,118600
2014-10-15 00:00:00+09:00,1736.2522525598506,1740.539295158764,1723.391124763111,1731.9652099609375,75400
2014-10-16 00:00:00+09:00,1714.816949600564,1727.678076722568,1701.9558224785596,1710.5299072265625,156000
2014-10-17 00:00:00+09:00,1710.529472926154,1723.3905967827418,1697.6683490695666,1706.242431640625,135200
2014-10-20 00:00:00+09:00,1736.2521541819854,1753.400323606005,1736.2521541819854,1749.11328125,81600
2014-10-21 00:00:00+09:00,1753.4004229555035,1753.4004229555035,1719.104082164198,1731.9652099609375,90800
2014-10-22 00:00:00+09:00,1744.8260879331872,1770.54833984375,1744.8260879331872,1770.54833984375,70200
2014-10-23 00:00:00+09:00,1770.54833984375,1779.1224238139378,1753.4001719033747,1770.54833984375,91600
2014-10-24 00:00:00+09:00,1796.2703719836632,1796.2703719836632,1766.2610817595923,1787.6962890625,96800
2014-10-27 00:00:00+09:00,1796.2702919529402,1817.7054983008272,1783.409168144208,1813.41845703125,70600
2014-10-28 00:00:00+09:00,1809.1316050403523,1821.9927301946675,1804.8445633222473,1817.7056884765625,75200
2014-10-29 00:00:00+09:00,1821.9926892175608,1834.8538140826258,1817.7056475958725,1830.5667724609375,107600
2014-10-30 00:00:00+09:00,1821.992998925325,1843.4282106773876,1821.992998925325,1834.8541259765625,158600
2014-10-31 00:00:00+09:00,1843.427712380349,1912.0203714456643,1834.8536299971847,1903.4462890625,265400
2014-11-04 00:00:00+09:00,1907.7339330677428,1967.7525287148178,1907.7339330677428,1942.0302734375,413400
2014-11-05 00:00:00+09:00,1937.7429956896551,2019.1967941810344,1937.7429956896551,1989.1875,378800
2014-11-06 00:00:00+09:00,1984.900543079626,2006.335754128002,1959.1782898215747,1963.46533203125,190800
2014-11-07 00:00:00+09:00,1997.7614451090494,2074.9281962076825,1993.4744033813477,2057.780029296875,526600
2014-11-10 00:00:00+09:00,2023.4829954769737,2053.492277189556,1997.760754009046,2036.3441162109375,253600
2014-11-11 00:00:00+09:00,2053.4933646427644,2074.928577217324,2027.7711095532936,2066.3544921875,302600
2014-11-12 00:00:00+09:00,2066.3541127522785,2074.9281962076825,2053.4929875691732,2057.780029296875,186600
2014-11-13 00:00:00+09:00,2062.067472732607,2092.0767706725824,2044.9193024811923,2083.502685546875,251600
2014-11-14 00:00:00+09:00,2096.3632410561163,2109.224365234375,2079.2150754851054,2109.224365234375,189600
2014-11-17 00:00:00+09:00,2113.511571756999,2113.511571756999,2057.780029296875,2057.780029296875,170600
2014-11-18 00:00:00+09:00,2070.640685662233,2109.224052475815,2062.0666041481036,2104.93701171875,146400
2014-11-19 00:00:00+09:00,2113.51154231639,2134.9467506563133,2083.5022506404985,2117.798583984375,181200
2014-11-20 00:00:00+09:00,2130.659600042528,2143.520724388861,2126.37255859375,2126.37255859375,141400
2014-11-21 00:00:00+09:00,2130.6598701171874,2152.095080078125,2113.5117021484375,2143.52099609375,322200
2014-11-25 00:00:00+09:00,2160.6689453125,2220.687527126736,2139.233737521701,2160.6689453125,1437600
2014-11-26 00:00:00+09:00,2160.669096004509,2169.243179718813,2134.9468448615985,2139.23388671875,136600
2014-11-27 00:00:00+09:00,2139.2336549836446,2139.2336549836446,2100.6502824488693,2109.224365234375,107800
2014-11-28 00:00:00+09:00,2109.224726328593,2152.0951475954344,2109.224726328593,2147.80810546875,150600
2014-12-01 00:00:00+09:00,2152.0948072864167,2173.530014530305,2117.7984756961946,2126.37255859375,178400
2014-12-02 00:00:00+09:00,2126.372667320344,2130.6597089883285,2113.51154231639,2117.798583984375,104600
2014-12-03 00:00:00+09:00,2117.7983508726898,2117.7983508726898,2079.214980107803,2087.7890625,147400
2014-12-04 00:00:00+09:00,2109.224052475815,2126.372215504073,2096.3629302046206,2104.93701171875,150400
2014-12-05 00:00:00+09:00,2113.5119394251665,2113.5119394251665,2083.502642110813,2096.36376953125,121600
2014-12-08 00:00:00+09:00,2100.6508557982897,2100.6508557982897,2079.2156429840215,2083.502685546875,96600
2014-12-09 00:00:00+09:00,2057.7795712809916,2092.0758974690084,2057.7795712809916,2074.927734375,92200
2014-12-10 00:00:00+09:00,2057.780029296875,2066.3541127522785,2044.9189041137695,2057.780029296875,103000
2014-12-11 00:00:00+09:00,2040.6314461246102,2066.353691243828,2023.4832827117982,2062.066650390625,116200
2014-12-12 00:00:00+09:00,2036.3446185673808,2066.3539076831107,2036.3446185673808,2044.918701171875,192600
2014-12-15 00:00:00+09:00,2027.770819426589,2066.3541965404143,2027.770819426589,2032.057861328125,85000
2014-12-16 00:00:00+09:00,2019.1966009624934,2036.3447674250199,2010.6225177312303,2023.483642578125,93600
2014-12-17 00:00:00+09:00,2023.4829954769737,2053.492277189556,2014.9089149876645,2036.3441162109375,127200
2014-12-18 00:00:00+09:00,2066.354802544319,2096.3641046559587,2062.067759385514,2070.641845703125,118200
2014-12-19 00:00:00+09:00,2113.5118529040406,2122.0859375,2096.363683712121,2122.0859375,74600
2014-12-22 00:00:00+09:00,2122.0854894126333,2122.0854894126333,2096.3632410561163,2109.224365234375,64200
2014-12-24 00:00:00+09:00,2122.0857861328127,2143.52099609375,2122.0857861328127,2143.52099609375,90000
2014-12-25 00:00:00+09:00,2122.0855171449725,2139.2336829400833,2113.511434247417,2126.37255859375,73600
2014-12-26 00:00:00+09:00,2134.946220290493,2143.5203014964786,2117.798057878521,2130.6591796875,62200
2014-12-29 00:00:00+09:00,2126.372937060743,2139.234063696191,2109.224768213479,2134.947021484375,90400
2014-12-30 00:00:00+09:00,2143.5212605381594,2143.5212605381594,2113.511962890625,2113.511962890625,39600
2015-01-05 00:00:00+09:00,2104.937458980421,2134.9467506563133,2092.0763339764676,2117.798583984375,72200
2015-01-06 00:00:00+09:00,2092.0757208440723,2096.362761255638,2074.9275591978094,2079.214599609375,94400
2015-01-07 00:00:00+09:00,2057.7804071576766,2079.2156197322356,2057.7804071576766,2066.3544921875,41200
2015-01-08 00:00:00+09:00,2083.502642110813,2109.2248969516872,2066.3544722168967,2096.36376953125,90400
2015-01-09 00:00:00+09:00,2096.3632132108096,2104.9372958824283,2079.2150478675717,2092.076171875,62800
2015-01-13 00:00:00+09:00,2070.6409926996,2109.224365234375,2062.066909914094,2109.224365234375,82800
2015-01-14 00:00:00+09:00,2096.363683712121,2130.6600220959594,2092.0766414141412,2122.0859375,53400
2015-01-15 00:00:00+09:00,2130.6598701171874,2152.095080078125,2126.372828125,2143.52099609375,137000
2015-01-16 00:00:00+09:00,2113.511962890625,2130.6601329749305,2083.5026652430906,2113.511962890625,71800
2015-01-19 00:00:00+09:00,2126.372937060743,2139.234063696191,2109.224768213479,2134.947021484375,73200
2015-01-20 00:00:00+09:00,2139.2340212153817,2147.80810546875,2126.3728948353296,2147.80810546875,53000
2015-01-21 00:00:00+09:00,2139.23388671875,2143.520928575902,2126.3727611472946,2139.23388671875,73200
2015-01-22 00:00:00+09:00,2134.946220290493,2139.2332608934857,2109.223976672535,2130.6591796875,59200
2015-01-23 00:00:00+09:00,2143.521373490413,2152.095458984375,2126.37320250249,2152.095458984375,53200
2015-01-26 00:00:00+09:00,2126.3728948353296,2147.80810546875,2126.3728948353296,2147.80810546875,45400
2015-01-27 00:00:00+09:00,2152.095063640286,2177.817315396943,2143.5209797214,2173.5302734375,119400
2015-01-28 00:00:00+09:00,2134.946472997573,2212.113212985437,2134.946472997573,2207.826171875,169000
2015-01-29 00:00:00+09:00,2212.113212985437,2224.9743363167477,2194.9650485436896,2207.826171875,110800
2015-01-30 00:00:00+09:00,2224.9745549091854,2224.9745549091854,2190.67822265625,2190.67822265625,66800
2015-02-02 00:00:00+09:00,2177.8173243695705,2224.97478611773,2173.530282392465,2220.687744140625,96000
2015-02-03 00:00:00+09:00,2207.82633301752,2216.40041586419,2147.80775309083,2156.3818359375,129000
2015-02-04 00:00:00+09:00,2186.3910055160522,2224.9743762016296,2186.3910055160522,2194.965087890625,100600
2015-02-05 00:00:00+09:00,2173.529961265594,2186.3910852967515,2169.242919921875,2169.242919921875,59600
2015-02-06 00:00:00+09:00,2182.1040439530325,2186.3910852967515,2160.668837234437,2169.242919921875,74600
2015-02-09 00:00:00+09:00,2182.10408447751,2182.10408447751,2143.520711667495,2156.3818359375,92200
2015-02-10 00:00:00+09:00,2156.3822144763303,2177.817425355817,2147.8081301245356,2164.956298828125,75400
2015-02-12 00:00:00+09:00,2190.678169704445,2237.8356254123682,2190.678169704445,2233.548583984375,147200
2015-02-13 00:00:00+09:00,2229.2624303536822,2242.1235597595687,2190.679042136022,2212.1142578125,115200
2015-02-16 00:00:00+09:00,2229.2624303536822,2237.836516624273,2190.679042136022,2212.1142578125,92400
2015-02-17 00:00:00+09:00,2199.2525342550975,2224.97478611773,2199.2525342550975,2220.687744140625,62400
2015-02-18 00:00:00+09:00,2237.8364027055763,2272.1327460420603,2233.549359788516,2267.845703125,134600
2015-02-19 00:00:00+09:00,2259.2708474066026,2293.5671790560386,2259.2708474066026,2280.7060546875,103800
2015-02-20 00:00:00+09:00,2293.56760258504,2293.56760258504,2259.2712646024597,2276.41943359375,80200
2015-02-23 00:00:00+09:00,2280.706433242626,2306.428686249122,2272.132348907128,2289.280517578125,101800
2015-02-24 00:00:00+09:00,2293.5675597458744,2302.1416440813728,2280.706433242626,2289.280517578125,96400
2015-02-25 00:00:00+09:00,2297.8546019136234,2310.7157284168716,2280.706433242626,2289.280517578125,88000
2015-02-26 00:00:00+09:00,2284.9934998693075,2306.4287109375,2284.9934998693075,2306.4287109375,72000
2015-02-27 00:00:00+09:00,2302.14124916657,2319.28941489593,2272.1319591401902,2310.71533203125,235000
2015-03-02 00:00:00+09:00,2306.42829059891,2336.4375806252897,2297.85420773423,2310.71533203125,121200
2015-03-03 00:00:00+09:00,2310.7154406897407,2310.7154406897407,2289.280232520077,2302.141357421875,71800
2015-03-04 00:00:00+09:00,2315.001763720529,2422.1777713001834,2310.714723417343,2409.316650390625,342600
2015-03-05 00:00:00+09:00,2409.317618534483,2409.317618534483,2362.16015625,2362.16015625,115200
2015-03-06 00:00:00+09:00,2357.8721714878943,2396.45553429406,2357.8721714878943,2379.307373046875,81000
2015-03-09 00:00:00+09:00,2366.4471148451526,2400.7434498429084,2366.4471148451526,2387.88232421875,52800
2015-03-10 00:00:00+09:00,2396.4564841862093,2443.6139463079417,2396.4564841862093,2439.326904296875,138400
2015-03-11 00:00:00+09:00,2422.1784535654774,2465.048868672831,2422.1784535654774,2452.187744140625,90000
2015-03-12 00:00:00+09:00,2469.3363159602077,2507.919695897086,2465.049273744999,2477.910400390625,151000
2015-03-13 00:00:00+09:00,2520.780694340928,2525.067736338107,2499.345484355036,2516.49365234375,305400
2015-03-16 00:00:00+09:00,2507.9190529353828,2525.067217399898,2495.057929586996,2499.344970703125,102600
2015-03-17 00:00:00+09:00,2507.919901255015,2546.503284351246,2499.345816122519,2537.92919921875,141800
2015-03-18 00:00:00+09:00,2546.5032639033807,2567.9384765625,2537.9291788397327,2567.9384765625,127800
2015-03-19 00:00:00+09:00,2550.789306640625,2572.224510898109,2529.354102383141,2550.789306640625,144200
2015-03-20 00:00:00+09:00,2563.651454616237,2563.651454616237,2525.0680715200065,2537.92919921875,147400
2015-03-23 00:00:00+09:00,2546.502685546875,2550.7897271050347,2512.206353081597,2546.502685546875,209400
2015-03-24 00:00:00+09:00,2546.50335127266,2546.50335127266,2516.4940525202887,2542.21630859375,165400
2015-03-25 00:00:00+09:00,2550.7903064352045,2567.9384765625,2529.355093776085,2567.9384765625,460000
2015-03-26 00:00:00+09:00,2546.5026024887243,2550.7896439070555,2490.7710640504188,2495.05810546875,607200
2015-03-27 00:00:00+09:00,2495.0582708126653,2495.0582708126653,2434.6243334573414,2447.574462890625,383400
2015-03-30 00:00:00+09:00,2447.573916153169,2473.474169234155,2438.940498459507,2451.890625,133000
2015-03-31 00:00:00+09:00,2451.8908943965516,2460.524313038793,2369.8734172952586,2378.5068359375,198800
2015-04-01 00:00:00+09:00,2343.973027164564,2378.506699756307,2335.3396090166284,2352.6064453125,208200
2015-04-02 00:00:00+09:00,2369.8739086254222,2417.357721002252,2369.8739086254222,2395.774169921875,200800
2015-04-03 00:00:00+09:00,2408.7238690207582,2417.357287906137,2374.1901934792418,2391.45703125,70400
2015-04-06 00:00:00+09:00,2387.140313831676,2391.457023259943,2361.240057262074,2374.190185546875,61000
2015-04-07 00:00:00+09:00,2369.873653879113,2382.8237831352835,2348.29010511883,2361.240234375,160600
2015-04-08 00:00:00+09:00,2391.4569639008623,2404.407091864224,2369.8734172952586,2378.5068359375,112400
2015-04-09 00:00:00+09:00,2404.406954200115,2404.406954200115,2339.6563180905964,2352.6064453125,95400
2015-04-10 00:00:00+09:00,2361.240281115677,2361.240281115677,2322.389892578125,2322.389892578125,149400
2015-04-13 00:00:00+09:00,2331.0233660442073,2331.0233660442073,2279.22284679878,2300.806396484375,100200
2015-04-14 00:00:00+09:00,2287.8562138780785,2339.656731928148,2287.8562138780785,2322.389892578125,72200
2015-04-15 00:00:00+09:00,2309.4401290328415,2339.6571026837387,2300.8067079897282,2331.023681640625,126400
2015-04-16 00:00:00+09:00,2331.0230166609113,2348.2898538213626,2326.7063073707986,2343.97314453125,114000
2015-04-17 00:00:00+09:00,2339.65673828125,2365.5569973766146,2322.3898988843403,2339.65673828125,171000
2015-04-20 00:00:00+09:00,2322.389892578125,2348.2901516031598,2318.073182740619,2322.389892578125,91800
2015-04-21 00:00:00+09:00,2322.39002272662,2361.2404134413773,2313.7566025677847,2348.290283203125,106600
2015-04-22 00:00:00+09:00,2348.289776702425,2348.289776702425,2300.8059760705746,2313.756103515625,119000
2015-04-23 00:00:00+09:00,2318.0730499038123,2331.0231786742247,2283.5393731827126,2296.489501953125,101800
2015-04-24 00:00:00+09:00,2283.5390039983786,2300.8058395673647,2279.222295106132,2287.855712890625,79800
2015-04-27 00:00:00+09:00,2287.856266673018,2313.7565262957314,2283.539556735899,2300.806396484375,53200
2015-04-28 00:00:00+09:00,2296.4895612641244,2305.1229806673728,2279.2227224576272,2292.1728515625,64400
2015-04-30 00:00:00+09:00,2274.905634765625,2287.85576171875,2244.688671875,2266.272216796875,137800
2015-05-01 00:00:00+09:00,2270.5897160456734,2279.2231370192308,2231.7393216646637,2244.689453125,124400
2015-05-07 00:00:00+09:00,2253.3225631271152,2279.222822473404,2223.1055938897784,2231.739013671875,86600
2015-05-08 00:00:00+09:00,2236.056273467781,2253.323117278343,2214.4727187045787,2227.4228515625,87000
2015-05-11 00:00:00+09:00,2257.6396027741607,2451.891576244213,2257.6396027741607,2331.023681640625,343600
2015-05-12 00:00:00+09:00,2318.0732480540955,2348.290217768022,2292.172988299301,2335.340087890625,128000
2015-05-13 00:00:00+09:00,2313.7564000706216,2322.38981947387,2279.2227224576272,2292.1728515625,100800
2015-05-14 00:00:00+09:00,2279.222894799618,2318.0732850518843,2249.005924603411,2261.9560546875,98000
2015-05-15 00:00:00+09:00,2279.222295106132,2300.8058395673647,2253.3220417526536,2287.855712890625,56400
2015-05-18 00:00:00+09:00,2300.8063370493915,2313.7564665262175,2287.856207572566,2305.123046875,48000
2015-05-19 00:00:00+09:00,2305.1230532281015,2335.3400220906424,2305.1230532281015,2322.389892578125,47200
2015-05-20 00:00:00+09:00,2343.973027164564,2356.923154386468,2322.389481794725,2352.6064453125,82600
2015-05-21 00:00:00+09:00,2343.9738132052953,2348.290523726852,2313.756839554398,2331.023681640625,72800
2015-05-22 00:00:00+09:00,2331.0233779314926,2343.9735078088897,2313.756538094963,2335.340087890625,30400
2015-05-25 00:00:00+09:00,2348.290157979705,2352.606867828932,2326.706608733568,2339.65673828125,59800
2015-05-26 00:00:00+09:00,2326.70654296875,2331.023252695965,2322.3898332415356,2326.70654296875,33800
2015-05-27 00:00:00+09:00,2322.3900719188086,2322.3900719188086,2300.8065210645445,2309.43994140625,64000
2015-05-28 00:00:00+09:00,2300.806396484375,2326.7066561070883,2296.489686547256,2300.806396484375,64200
2015-05-29 00:00:00+09:00,2313.7565262957314,2335.340075981326,2300.806396484375,2300.806396484375,74600
2015-06-01 00:00:00+09:00,2296.489692446462,2318.0732421875,2292.172982498254,2318.0732421875,56200
2015-06-02 00:00:00+09:00,2322.3898861774346,2326.706596003043,2296.489627223783,2305.123046875,62000
2015-06-03 00:00:00+09:00,2305.122548459611,2305.122548459611,2270.5888773216393,2287.855712890625,77400
2015-06-04 00:00:00+09:00,2287.856749911389,2300.8068824580578,2266.2731956669422,2283.5400390625,59200
2015-06-05 00:00:00+09:00,2270.5894269245427,2305.123106421494,2270.5894269245427,2300.806396484375,97800
2015-06-08 00:00:00+09:00,2305.1226852189247,2318.072812663975,2283.5391394771746,2313.756103515625,50400
2015-06-09 00:00:00+09:00,2296.4892669222245,2331.022940109025,2296.4892669222245,2313.756103515625,82800
2015-06-10 00:00:00+09:00,2318.0733617479555,2331.023492260514,2300.8065210645445,2309.43994140625,80200
2015-06-11 00:00:00+09:00,2318.072772720757,2365.5565725344036,2318.072772720757,2352.6064453125,76400
2015-06-12 00:00:00+09:00,2374.1901095620397,2374.1901095620397,2331.0230166609113,2343.97314453125,153400
2015-06-15 00:00:00+09:00,2335.340087890625,2335.340087890625,2313.756538094963,2335.340087890625,54800
2015-06-16 00:00:00+09:00,2339.656502189217,2369.8734680846496,2326.7063739483174,2356.92333984375,114600
2015-06-17 00:00:00+09:00,2361.240234375,2365.556944127057,2326.7065563585465,2361.240234375,90000
2015-06-18 00:00:00+09:00,2348.2901516031598,2348.2901516031598,2313.7564729031133,2322.389892578125,65000
2015-06-19 00:00:00+09:00,2331.022940109025,2331.022940109025,2313.756103515625,2313.756103515625,132800
2015-06-22 00:00:00+09:00,2335.3396090166284,2352.6064453125,2318.072772720757,2352.6064453125,81600
2015-06-23 00:00:00+09:00,2369.8739086254222,2395.774169921875,2352.6070677611206,2395.774169921875,132600
2015-06-24 00:00:00+09:00,2438.9404881254154,2438.9404881254154,2395.77339984001,2434.623779296875,162200
2015-06-25 00:00:00+09:00,2425.991455078125,2438.9415874006063,2400.091190433163,2425.991455078125,127200
2015-06-26 00:00:00+09:00,2425.99115109486,2434.62457156139,2391.457469228741,2430.307861328125,70600
2015-06-29 00:00:00+09:00,2326.706806464668,2434.624561866554,2326.706806464668,2395.774169921875,151600
2015-06-30 00:00:00+09:00,2413.041322755644,2438.9415874006063,2404.4079012073234,2425.991455078125,93200
2015-07-01 00:00:00+09:00,2425.9910149186258,2425.9910149186258,2382.8239150090417,2387.140625,93600
2015-07-02 00:00:00+09:00,2425.990841238839,2425.990841238839,2400.0905831473215,2417.357421875,72800
2015-07-03 00:00:00+09:00,2417.35773062833,2434.62457156139,2404.4075999285355,2430.307861328125,47000
2015-07-06 00:00:00+09:00,2387.1406306980757,2425.9910207094367,2378.507210695551,2404.407470703125,74200
2015-07-07 00:00:00+09:00,2438.9415328097634,2473.4752182300786,2434.624822132224,2464.841796875,123000
2015-07-08 00:00:00+09:00,2460.524465915376,2469.1578850940264,2434.6242083794245,2438.94091796875,164200
2015-07-09 00:00:00+09:00,2382.8239206968133,2413.0408907056494,2343.9735306854523,2404.407470703125,152200
2015-07-10 00:00:00+09:00,2413.0406531131625,2464.8411680279355,2408.7239435369315,2421.674072265625,106400
2015-07-13 00:00:00+09:00,2430.3074987900995,2456.207756326051,2421.674079611449,2438.94091796875,91600
2015-07-14 00:00:00+09:00,2469.158137906415,2482.1082680003296,2443.2578777185854,2456.2080078125,89600
2015-07-15 00:00:00+09:00,2495.058135061553,2568.442197857481,2490.741425485322,2564.12548828125,246800
2015-07-16 00:00:00+09:00,2581.392822265625,2624.5599263168897,2555.4925598348664,2581.392822265625,158200
2015-07-17 00:00:00+09:00,2581.392882380653,2585.7095928863064,2559.809329852387,2577.076171875,73800
2015-07-21 00:00:00+09:00,2577.0757429903783,2585.7091625648854,2572.759033203125,2572.759033203125,38800
2015-07-22 00:00:00+09:00,2546.8588394394305,2602.9760681050448,2542.5421295420756,2585.709228515625,112000
2015-07-23 00:00:00+09:00,2585.709719631012,2624.5601160862357,2585.709719631012,2602.9765625,164200
2015-07-24 00:00:00+09:00,2628.8763995784343,2641.8265296256186,2594.3427194526093,2615.92626953125,152400
2015-07-27 00:00:00+09:00,2620.243215911763,2633.1933471271427,2564.125980645119,2581.392822265625,86000
2015-07-28 00:00:00+09:00,2546.859075466124,2581.392757845326,2533.9089445739232,2568.442626953125,101000
2015-07-29 00:00:00+09:00,2568.4428767620234,2602.9765625,2538.2259017412935,2602.9765625,96600
2015-07-30 00:00:00+09:00,2607.292843840843,2663.41007392351,2590.026003815407,2598.659423828125,126200
2015-07-31 00:00:00+09:00,2611.609330068582,2654.776426433352,2611.609330068582,2650.459716796875,109000
2015-08-03 00:00:00+09:00,2641.8269074675322,2659.09375,2620.243354301948,2659.09375,114400
2015-08-04 00:00:00+09:00,2663.409996322439,2728.16064453125,2663.409996322439,2728.16064453125,148400
2015-08-05 00:00:00+09:00,2723.8439346506625,2754.0609038147745,2702.2603852477255,2728.16064453125,138800
2015-08-06 00:00:00+09:00,2745.4275440149563,2784.2779337887528,2715.210574190892,2723.843994140625,98600
2015-08-07 00:00:00+09:00,2784.278224257172,2939.6797995645493,2762.694672131148,2896.5126953125,425400
2015-08-10 00:00:00+09:00,2857.6619552186585,2939.679443359375,2857.6619552186585,2939.679443359375,142600
2015-08-11 00:00:00+09:00,2974.213194381359,2987.163324400436,2909.4625442859738,2969.896484375,128800
2015-08-12 00:00:00+09:00,2956.946282967947,2969.896412674376,2913.779183946517,2939.679443359375,107400
2015-08-13 00:00:00+09:00,2918.0960123458212,2939.6795627329943,2896.512461958648,2931.046142578125,101800
2015-08-14 00:00:00+09:00,2896.512155024963,2939.6792512250368,2896.512155024963,2918.095703125,74400
2015-08-17 00:00:00+09:00,2926.7293786835253,2961.2630586679916,2905.145828693234,2952.629638671875,75200
2015-08-18 00:00:00+09:00,2943.9956552344906,2948.3123644063885,2913.778691031204,2922.412109375,68000
2015-08-19 00:00:00+09:00,2909.4620229755333,2931.0455691400402,2879.2450583452237,2883.561767578125,84000
2015-08-20 00:00:00+09:00,2866.295350681391,2909.462449336231,2861.978640815907,2870.612060546875,76800
2015-08-21 00:00:00+09:00,2823.1277156359693,2840.394551817229,2762.69378900156,2767.010498046875,128400
2015-08-24 00:00:00+09:00,2654.7757514747414,2667.7258770916915,2555.491455078125,2555.491455078125,228200
2015-08-25 00:00:00+09:00,2482.1082078364857,2568.442406369929,2438.9411085697643,2460.524658203125,234200
2015-08-26 00:00:00+09:00,2460.524623682389,2542.542111138469,2460.524623682389,2533.90869140625,169600
2015-08-27 00:00:00+09:00,2568.442502206735,2611.609603084159,2546.8589517680225,2559.80908203125,154200
2015-08-28 00:00:00+09:00,2641.8267881523057,2667.72705078125,2590.0262628944174,2667.72705078125,152800
2015-08-31 00:00:00+09:00,2667.7267411394814,2676.3601610137193,2615.926221894055,2654.776611328125,123000
2015-09-01 00:00:00+09:00,2628.876697942839,2672.0438029993716,2577.076171875,2577.076171875,151800
2015-09-02 00:00:00+09:00,2490.7420838515754,2667.7272232587065,2490.7420838515754,2602.9765625,179600
2015-09-03 00:00:00+09:00,2624.5598608193277,2650.460122603729,2559.809206358325,2568.442626953125,83600
2015-09-04 00:00:00+09:00,2607.2934503879674,2607.2934503879674,2516.6425191658695,2538.22607421875,102600
2015-09-07 00:00:00+09:00,2533.90869140625,2555.492240736797,2486.424882879046,2533.90869140625,83400
2015-09-08 00:00:00+09:00,2546.8592997482488,2546.8592997482488,2460.5250861974605,2464.841796875,80800
2015-09-09 00:00:00+09:00,2525.274495305242,2555.491455078125,2512.324369688292,2555.491455078125,90600
2015-09-10 00:00:00+09:00,2512.3252604166664,2538.225520833333,2486.4249999999997,2525.275390625,115200
2015-09-11 00:00:00+09:00,2482.1074099154084,2564.1248721560914,2477.790701376425,2555.491455078125,177000
2015-09-14 00:00:00+09:00,2559.808778705019,2598.6591648910985,2551.1753595525565,2564.12548828125,117800
2015-09-15 00:00:00+09:00,2585.709036162405,2633.192841500947,2564.12548828125,2564.12548828125,128800
2015-09-16 00:00:00+09:00,2585.709142397528,2585.709142397528,2503.691657079409,2520.95849609375,159600
2015-09-17 00:00:00+09:00,2542.5419255279435,2542.5419255279435,2503.6915395691126,2529.591796875,192400
2015-09-18 00:00:00+09:00,2611.609122328671,2637.5093780873026,2590.0255758631447,2594.34228515625,469800
2015-09-24 00:00:00+09:00,2581.3918241856463,2615.9254940744177,2546.858154296875,2546.858154296875,581000
2015-09-25 00:00:00+09:00,2546.858635078925,2590.025730588737,2503.6915395691126,2529.591796875,666000
2015-09-28 00:00:00+09:00,2562.1621241714015,2605.5886008522725,2505.707704486269,2579.53271484375,451200
2015-09-29 00:00:00+09:00,2549.13374463483,2553.4763915592507,2505.707275390625,2505.707275390625,171000
2015-09-30 00:00:00+09:00,2518.7350093482905,2553.4761818910256,2479.6511902377138,2540.4482421875,124200
2015-10-01 00:00:00+09:00,2553.4766033261913,2609.93101802558,2518.7354250496446,2596.903076171875,143000
2015-10-02 00:00:00+09:00,2570.847192464465,2649.0148435866954,2553.4766033261913,2596.903076171875,99600
2015-10-05 00:00:00+09:00,2605.5882947198274,2649.0147662984914,2605.5882947198274,2644.672119140625,94600
2015-10-06 00:00:00+09:00,2649.014683201861,2701.1264474615696,2644.672036180218,2683.755859375,177200
2015-10-07 00:00:00+09:00,2705.4689668380265,2705.4689668380265,2640.3292645867095,2679.4130859375,88200
2015-10-08 00:00:00+09:00,2670.727240444215,2670.727240444215,2627.30078125,2627.30078125,77600
2015-10-09 00:00:00+09:00,2649.0146745954244,2675.070556640625,2631.6440865652903,2675.070556640625,62600
2015-10-13 00:00:00+09:00,2631.6440951152913,2696.783800439927,2631.6440951152913,2683.755859375,149400
2015-10-14 00:00:00+09:00,2653.3573878653606,2657.7000349813434,2605.588269589552,2618.6162109375,103800
2015-10-15 00:00:00+09:00,2627.3011904042396,2670.7276563613345,2618.6158972128205,2666.385009765625,95400
2015-10-16 00:00:00+09:00,2675.0709415257647,2722.8400654815823,2666.3856462610706,2696.7841796875,159600
2015-10-19 00:00:00+09:00,2692.441035503332,2696.783682334789,2644.671920357305,2688.098388671875,90000
2015-10-20 00:00:00+09:00,2679.413566676194,2701.126804655742,2649.0150335048274,2670.728271484375,86000
2015-10-21 00:00:00+09:00,2675.0705995407347,2718.4970703125,2653.3573641548523,2718.4970703125,103600
2015-10-22 00:00:00+09:00,2718.497061704978,2744.552944085537,2709.811767578125,2709.811767578125,86000
2015-10-23 00:00:00+09:00,2753.2379102179602,2770.6084964023003,2744.5526171257898,2748.895263671875,83000
2015-10-26 00:00:00+09:00,2774.951280126032,2796.664513929835,2735.8674592791863,2761.92333984375,106800
2015-10-27 00:00:00+09:00,2748.895634118691,2774.9515169065457,2718.497104199527,2753.23828125,101000
2015-10-28 00:00:00+09:00,2735.8673939597566,2735.8673939597566,2688.098280731888,2701.126220703125,114400
2015-10-29 00:00:00+09:00,2718.497061704978,2731.5250028952573,2701.126473451272,2709.811767578125,70600
2015-10-30 00:00:00+09:00,2696.784567668939,2744.553698497213,2688.0992711547074,2727.18310546875,87600
2015-11-02 00:00:00+09:00,2701.126329166246,2718.496916492074,2666.3851545145903,2688.098388671875,137000
2015-11-04 00:00:00+09:00,2714.154122318429,2722.839415509848,2666.385009765625,2666.385009765625,101200
2015-11-05 00:00:00+09:00,2662.042304469448,2731.5246484686504,2657.699657969498,2722.83935546875,82000
2015-11-06 00:00:00+09:00,2731.524976613066,2766.2661527862056,2670.7279183100727,2683.755859375,153000
2015-11-09 00:00:00+09:00,2683.7560020189608,2718.497180038624,2679.413354766503,2705.46923828125,90400
2015-11-10 00:00:00+09:00,2683.7560020189608,2709.811885533708,2683.7560020189608,2705.46923828125,57600
2015-11-11 00:00:00+09:00,2688.0984333080783,2748.8954899580185,2688.0984333080783,2731.52490234375,62800
2015-11-12 00:00:00+09:00,2727.1823815724206,2744.5529699900794,2722.839734468006,2735.86767578125,62800
2015-11-13 00:00:00+09:00,2727.18226432498,2748.895498913555,2705.4690297364054,2740.210205078125,72000
2015-11-16 00:00:00+09:00,2696.783943776334,2718.497180038624,2696.783943776334,2705.46923828125,95600
2015-11-17 00:00:00+09:00,2748.895498913555,2761.9234396667,2727.18226432498,2740.210205078125,83000
2015-11-18 00:00:00+09:00,2766.265869140625,2770.608515716984,2748.8952828351894,2766.265869140625,71400
2015-11-19 00:00:00+09:00,2792.322257626633,2822.7207892026618,2779.2943155226208,2783.636962890625,95800
2015-11-20 00:00:00+09:00,2792.3221724759615,2822.720703125,2783.636878004808,2822.720703125,81000
2015-11-24 00:00:00+09:00,2796.665179001348,2827.063713555711,2792.322531207868,2818.37841796875,79400
2015-11-25 00:00:00+09:00,2809.693352940286,2809.693352940286,2770.609519591812,2801.008056640625,63400
2015-11-26 00:00:00+09:00,2801.008056640625,2818.3786492399468,2796.6654084907946,2801.008056640625,36200
2015-11-27 00:00:00+09:00,2874.8325436529285,2931.286959162729,2853.1193069183896,2900.888427734375,219000
2015-11-30 00:00:00+09:00,2926.9438287080225,2952.999708488806,2896.5453022971083,2909.5732421875,123400
2015-12-01 00:00:00+09:00,2909.5734687324043,2935.629350541948,2887.860233891118,2892.202880859375,101800
2015-12-02 00:00:00+09:00,2918.258762668919,2918.258762668919,2879.174939954603,2892.202880859375,82400
2015-12-03 00:00:00+09:00,2874.8322929863457,2909.5734687324043,2866.1469990498313,2892.202880859375,102800
2015-12-04 00:00:00+09:00,2835.7486531076256,2866.1471838453795,2822.7207113628738,2831.406005859375,84600
2015-12-07 00:00:00+09:00,2853.119157615119,2896.545628811696,2848.7765104954615,2870.48974609375,85600
2015-12-08 00:00:00+09:00,2866.146728515625,2887.85996130741,2844.4334957238398,2866.146728515625,97400
2015-12-09 00:00:00+09:00,2844.434097591047,2883.517924886191,2844.434097591047,2861.8046875,119800
2015-12-10 00:00:00+09:00,2861.804434812595,2874.832376093988,2844.433846437405,2853.119140625,98800
2015-12-11 00:00:00+09:00,2874.831924048402,2922.6010345688437,2870.4892776374527,2887.85986328125,200200
2015-12-14 00:00:00+09:00,2840.0910108078756,2905.230712890625,2818.3777767802926,2905.230712890625,126000
2015-12-15 00:00:00+09:00,2905.2311622723823,2944.3149895675265,2857.462040022762,2861.8046875,111400
2015-12-16 00:00:00+09:00,2909.573612582666,2922.6015541315437,2870.4897879360333,2913.916259765625,96000
2015-12-17 00:00:00+09:00,2952.999686256331,3018.139385217868,2939.971746464024,3000.768798828125,173400
2015-12-18 00:00:00+09:00,3000.7693576869005,3048.5384791551437,2944.31494140625,2944.31494140625,201800
2015-12-21 00:00:00+09:00,2922.6019395455805,2953.0004738350594,2879.1754619891826,2935.6298828125,112400
2015-12-22 00:00:00+09:00,2948.656924561958,3035.509853120484,2948.656924561958,3005.111328125,134800
2015-12-24 00:00:00+09:00,3005.111435844521,3035.5099619296534,2983.3982029265694,2992.08349609375,75600
2015-12-25 00:00:00+09:00,2992.08349609375,2992.08349609375,2992.08349609375,2992.08349609375,0
2015-12-28 00:00:00+09:00,2983.398347442363,3022.482168587896,2983.398347442363,3013.796875,50800
2015-12-29 00:00:00+09:00,3009.4544061339725,3074.5941118944484,2974.7132297283856,3070.25146484375,131400
2015-12-30 00:00:00+09:00,3096.3072465189384,3113.6778341571935,3061.5660712424287,3091.964599609375,121600
2016-01-04 00:00:00+09:00,3039.8525292688932,3087.621640443119,3005.1113575058203,3031.167236328125,137800
2016-01-05 00:00:00+09:00,3044.195556640625,3083.279379764399,3018.1396745581087,3044.195556640625,134800
2016-01-06 00:00:00+09:00,3074.594246533891,3113.6780717016945,3035.510421366087,3083.279541015625,193800
2016-01-07 00:00:00+09:00,3070.251599293024,3148.419249628631,3061.5663048112897,3083.279541015625,305200
2016-01-08 00:00:00+09:00,3074.593994140625,3122.3631098687983,3057.2234066031074,3074.593994140625,232400
2016-01-12 00:00:00+09:00,3061.5664935934133,3144.076796257633,3018.140018506982,3022.482666015625,246600
2016-01-13 00:00:00+09:00,3052.8801695317993,3104.9919220700376,3052.8801695317993,3087.621337890625,173000
2016-01-14 00:00:00+09:00,3065.909276086373,3074.5945714860513,2979.056322089592,3035.5107421875,225000
2016-01-15 00:00:00+09:00,3078.936658880684,3118.0204810667574,3070.251365061556,3091.964599609375,175200
2016-01-18 00:00:00+09:00,3044.195377035074,3104.992431640625,3026.824790004917,3104.992431640625,183200
2016-01-19 00:00:00+09:00,3122.3633992399677,3165.7898721083957,3091.964868232068,3118.020751953125,250800
2016-01-20 00:00:00+09:00,3118.020135251084,3118.020135251084,3005.111328125,3005.111328125,194800
2016-01-21 00:00:00+09:00,3005.111964060161,3039.853142835423,2892.2031330405594,2900.888427734375,271200
2016-01-22 00:00:00+09:00,2970.3701857427473,3035.5098827985094,2905.230488686985,3031.167236328125,193800
2016-01-25 00:00:00+09:00,3065.9089520521566,3096.307482738226,3039.8530686069544,3083.279541015625,166600
2016-01-26 00:00:00+09:00,3065.9088177930516,3126.7058765028287,3039.8529354888615,3070.25146484375,279200
2016-01-27 00:00:00+09:00,3104.992927753443,3148.4194022674774,3083.279690496426,3113.67822265625,228600
2016-01-28 00:00:00+09:00,3122.363064385776,3165.789532596983,3100.6498302801724,3148.4189453125,173200
2016-01-29 00:00:00+09:00,3126.7064062500003,3270.013783203125,3126.7064062500003,3256.98583984375,300400
2016-02-01 00:00:00+09:00,3283.0416157263835,3426.3489878414243,3270.0136728068346,3413.321044921875,268800
2016-02-02 00:00:00+09:00,3395.9503748186557,3478.46067804315,3391.6077272805246,3461.090087890625,181800
2016-02-03 00:00:00+09:00,3439.3769382534897,3443.7195859027997,3374.2372235138405,3422.00634765625,203400
2016-02-04 00:00:00+09:00,3369.894135037386,3387.2647233623215,3322.125017143815,3339.49560546875,111200
2016-02-05 00:00:00+09:00,3378.5796537999845,3495.8311327879014,3365.5517116902156,3448.06201171875,439000
2016-02-08 00:00:00+09:00,3387.2648964915998,3539.2575521034023,3382.922249188405,3521.886962890625,222000
2016-02-09 00:00:00+09:00,3569.655573783161,3691.249680919327,3556.6276337328572,3621.767333984375,705800
2016-02-10 00:00:00+09:00,3643.48087058341,3686.9073410313645,3508.8588121947496,3556.6279296875,459600
2016-02-12 00:00:00+09:00,3430.6909621856807,3474.117430061449,3343.8380264341445,3356.865966796875,443600
2016-02-15 00:00:00+09:00,3478.460845404248,3682.565289516607,3474.1181976571766,3660.85205078125,359200
2016-02-16 00:00:00+09:00,3630.452929449023,3643.48087058341,3552.2852826427047,3556.6279296875,300200
2016-02-17 00:00:00+09:00,3530.571572455942,3582.683329982967,3508.8583401530145,3565.312744140625,253000
2016-02-18 00:00:00+09:00,3630.4532913507196,3630.4532913507196,3521.8871044084135,3543.600341796875,227600
2016-02-19 00:00:00+09:00,3495.8308879717874,3595.711770485267,3495.8308879717874,3573.99853515625,198200
2016-02-22 00:00:00+09:00,3552.2854819650584,3647.8237223113065,3543.6001873881264,3639.138427734375,147400
2016-02-23 00:00:00+09:00,3647.8229174567655,3673.8787954386,3552.2846981900407,3578.340576171875,204600
2016-02-24 00:00:00+09:00,3543.5994055294295,3665.193502777988,3543.5994055294295,3578.340576171875,353800
2016-02-25 00:00:00+09:00,3621.767495622306,3795.473370712105,3608.739554990571,3778.102783203125,505200
2016-02-26 00:00:00+09:00,3743.361892718126,3795.4736592060813,3691.2501262301707,3695.5927734375,227200
2016-02-29 00:00:00+09:00,3695.5926618726326,3712.963250177557,3573.998543738163,3582.683837890625,386400
2016-03-01 00:00:00+09:00,3547.9425447847307,3613.082248789346,3534.9146039838074,3587.0263671875,206000
2016-03-02 00:00:00+09:00,3626.1104777212918,3652.1663613935407,3587.0266522129186,3630.453125,224000
2016-03-03 00:00:00+09:00,3582.6839137721704,3595.7118552767965,3500.1736175762053,3534.914794921875,416600
2016-03-04 00:00:00+09:00,3491.4881191037734,3491.4881191037734,3382.921946246069,3452.404296875,404600
2016-03-07 00:00:00+09:00,3417.662949854014,3417.662949854014,3369.8938361965884,3404.635009765625,205200
2016-03-08 00:00:00+09:00,3369.89404296875,3382.921983856516,3300.4116915673326,3369.89404296875,268000
2016-03-09 00:00:00+09:00,3374.2368759996307,3382.922170403748,3300.4118735646325,3309.09716796875,185000
2016-03-10 00:00:00+09:00,3322.1251095749262,3339.495698383161,3291.726579160515,3309.09716796875,239400
2016-03-11 00:00:00+09:00,3287.384219620579,3391.607761590056,3278.698924456456,3361.209228515625,295600
2016-03-14 00:00:00+09:00,3369.8940073649087,3382.921948115031,3309.096950531006,3335.15283203125,230400
2016-03-15 00:00:00+09:00,3313.4394438213494,3339.4953241135227,3291.7262102445384,3304.754150390625,176600
2016-03-16 00:00:00+09:00,3291.7267045687254,3348.1811203462894,3287.3840572012205,3313.43994140625,107000
2016-03-17 00:00:00+09:00,3317.782901539522,3339.496140423943,3222.2446504480695,3248.300537109375,232800
2016-03-18 00:00:00+09:00,3230.9296716638514,3248.300261296453,3183.160550174198,3213.55908203125,271400
2016-03-22 00:00:00+09:00,3213.5590205918875,3283.0413777938743,3213.5590205918875,3278.69873046875,190200
2016-03-23 00:00:00+09:00,3287.3839069346272,3304.754495610636,3256.985376751612,3283.041259765625,174600
2016-03-24 00:00:00+09:00,3287.384182116124,3348.181247571376,3287.384182116124,3317.78271484375,243200
2016-03-25 00:00:00+09:00,3326.468009908786,3365.551837701448,3309.097419778714,3317.78271484375,261800
2016-03-28 00:00:00+09:00,3339.49551423063,3391.607277781693,3317.782279417687,3369.89404296875,528200
2016-03-29 00:00:00+09:00,3398.249328453084,3398.249328453084,3280.4666174540685,3324.08984375,309800
2016-03-30 00:00:00+09:00,3302.278147501141,3341.5390501794905,3276.1042123822417,3284.828857421875,178400
2016-03-31 00:00:00+09:00,3311.002890438735,3332.814503682732,3197.5825015699506,3201.94482421875,297000
2016-04-01 00:00:00+09:00,3171.4080601628802,3184.49502602325,3075.4369771868373,3084.16162109375,270600
2016-04-04 00:00:00+09:00,3079.799609919805,3140.8721234309623,3079.799609919805,3127.78515625,197400
2016-04-05 00:00:00+09:00,3105.9732106673273,3119.0601764426106,3023.0890940905306,3027.451416015625,249200
2016-04-06 00:00:00+09:00,2983.8281967646794,3031.8137379407194,2931.4803336635446,3027.451416015625,370600
2016-04-07 00:00:00+09:00,3053.625384538775,3114.6978922295502,3023.0891306933872,3079.79931640625,252600
2016-04-08 00:00:00+09:00,3049.26373351276,3114.6985775795574,3010.0028270726816,3092.886962890625,205600
2016-04-11 00:00:00+09:00,3084.1616905505425,3101.6109787573346,3027.4515038784675,3066.71240234375,132800
2016-04-12 00:00:00+09:00,3057.987739540874,3062.3500615658963,2992.5529091655344,3010.002197265625,220800
2016-04-13 00:00:00+09:00,3010.002595970099,3040.5388541900857,2957.654724735836,3031.814208984375,240400
2016-04-14 00:00:00+09:00,3066.7124890959662,3105.973388671875,3018.7269451698558,3105.973388671875,208000
2016-04-15 00:00:00+09:00,3071.0754265320334,3149.5972414149546,3053.6261343358287,3132.14794921875,156600
2016-04-18 00:00:00+09:00,2957.6544015066966,2966.379045758929,2839.8717041015625,2870.407958984375,708200
2016-04-19 00:00:00+09:00,2922.7563548053167,3049.263719416293,2922.7563548053167,2979.466552734375,454000
2016-04-20 00:00:00+09:00,3053.6251526320552,3119.0599773313133,2992.552649579414,3014.3642578125,327000
2016-04-21 00:00:00+09:00,3079.799209376119,3084.161531202431,3018.7267038077543,3044.900634765625,172000
2016-04-22 00:00:00+09:00,3153.9588433777117,3153.9588433777117,3018.7268597750713,3066.71240234375,315800
2016-04-25 00:00:00+09:00,3079.7997576157823,3079.7997576157823,2988.190982955823,3031.814208984375,236200
2016-04-26 00:00:00+09:00,2996.9151796283145,3057.987686927873,2996.9151796283145,3023.089111328125,90600
2016-04-27 00:00:00+09:00,3023.089340030446,3044.900951430377,2944.5675389906937,2966.379150390625,122400
2016-04-28 00:00:00+09:00,2988.1907459356257,2996.9153904493064,2900.9443007988193,2909.6689453125,178600
2016-05-02 00:00:00+09:00,2726.451416015625,2748.26302734375,2687.190515625,2726.451416015625,460600
2016-05-06 00:00:00+09:00,2748.263116651966,2791.8863407258063,2661.0166685042846,2704.639892578125,404000
2016-05-09 00:00:00+09:00,2682.828090179295,2709.0020227664104,2665.378801787885,2691.552734375,310600
2016-05-10 00:00:00+09:00,2556.3212271796333,2556.3212271796333,2390.552956475152,2512.697998046875,846000
2016-05-11 00:00:00+09:00,2556.3208738515073,2560.683196161834,2469.0744276449714,2477.799072265625,300000
2016-05-12 00:00:00+09:00,2460.3497830243177,2490.8860391966055,2447.2628160933373,2477.799072265625,232800
2016-05-13 00:00:00+09:00,2473.4365234375,2499.610454902447,2455.9872357942018,2473.4365234375,253600
2016-05-16 00:00:00+09:00,2482.161730371614,2499.6110219735233,2451.6254700682725,2455.98779296875,215000
2016-05-17 00:00:00+09:00,2460.350017115013,2543.234148897256,2460.350017115013,2538.871826171875,345000
2016-05-18 00:00:00+09:00,2525.7843893711006,2556.3206427831865,2503.972779791039,2534.509033203125,198200
2016-05-19 00:00:00+09:00,2543.234211689717,2595.5820856867613,2534.5095660235434,2582.4951171875,357000
2016-05-20 00:00:00+09:00,2573.7706413525066,2613.0315494409347,2560.683671989697,2599.944580078125,316000
2016-05-23 00:00:00+09:00,2591.219255572829,2595.5815775519077,2556.320679740198,2586.85693359375,183200
2016-05-24 00:00:00+09:00,2578.132341598252,2591.2193077992583,2565.0453753972456,2573.77001953125,185000
2016-05-25 00:00:00+09:00,2599.9435260238906,2613.030490081058,2547.595669795222,2556.3203125,140600
2016-05-26 00:00:00+09:00,2569.4076456774346,2604.3062215100654,2560.683001719277,2586.85693359375,154800
2016-05-27 00:00:00+09:00,2643.567261353558,2678.4658390611958,2595.581717005556,2613.031005859375,287000
2016-05-30 00:00:00+09:00,2656.654227993922,2661.016550207377,2595.581717005556,2613.031005859375,225000
2016-05-31 00:00:00+09:00,2538.87193552653,2547.5965813530815,2482.1617376539443,2512.697998046875,633000
2016-06-01 00:00:00+09:00,2486.5235756087477,2486.5235756087477,2373.103201984489,2390.552490234375,709000
2016-06-02 00:00:00+09:00,2377.4653086267917,2381.8276302939967,2316.39280528592,2320.755126953125,301400
2016-06-03 00:00:00+09:00,2325.117862215909,2421.088955965909,2325.117862215909,2399.27734375,324000
2016-06-06 00:00:00+09:00,2377.4654413993608,2482.161167259149,2377.4654413993608,2473.4365234375,433000
2016-06-07 00:00:00+09:00,2482.161324454354,2512.697579763986,2464.712035705993,2495.248291015625,278200
2016-06-08 00:00:00+09:00,2495.2481329916227,2495.2481329916227,2451.6249138833773,2473.4365234375,200800
2016-06-09 00:00:00+09:00,2477.7994258785584,2482.1617488114434,2434.1761965497108,2451.62548828125,181200
2016-06-10 00:00:00+09:00,2451.6251231700453,2451.6251231700453,2408.001900337838,2421.0888671875,240800
2016-06-13 00:00:00+09:00,2390.5530092049717,2394.91533221447,2316.3935180435037,2325.1181640625,297800
2016-06-14 00:00:00+09:00,2329.4797702875353,2355.653700290766,2294.5811969498945,2320.755126953125,242400
2016-06-15 00:00:00+09:00,2312.0304836187147,2329.4797702875353,2290.218875282689,2320.755126953125,134200
2016-06-16 00:00:00+09:00,2333.8425896250606,2338.2049122224903,2250.95846027389,2259.68310546875,254200
2016-06-17 00:00:00+09:00,2277.132561164661,2298.9441757352038,2220.42236328125,2220.42236328125,331600
2016-06-20 00:00:00+09:00,2255.320694349008,2298.9439186110776,2250.9583719228012,2281.49462890625,147400
2016-06-21 00:00:00+09:00,2281.494506375295,2316.3930839106724,2255.320573223762,2312.03076171875,160200
2016-06-22 00:00:00+09:00,2303.306205357143,2312.0308500744045,2281.494593563988,2290.21923828125,140400
2016-06-23 00:00:00+09:00,2281.494575993643,2303.3061876188212,2268.4076090185363,2294.58154296875,113000
2016-06-24 00:00:00+09:00,2294.5816811990835,2307.6686489625763,2115.7264550980144,2141.900390625,329800
2016-06-27 00:00:00+09:00,2176.798808650748,2250.9582871017756,2176.798808650748,2242.233642578125,196600
2016-06-28 00:00:00+09:00,2207.3354370117186,2303.30654296875,2181.1614990234375,2268.407958984375,207000
2016-06-29 00:00:00+09:00,2298.9437777704215,2325.117710724164,2272.7698448166784,2316.39306640625,131000
2016-06-30 00:00:00+09:00,2333.842355042079,2346.92932151895,2312.030744247293,2316.39306640625,149800
2016-07-01 00:00:00+09:00,2355.6539836379716,2355.6539836379716,2307.668439526828,2312.03076171875,126600
2016-07-04 00:00:00+09:00,2294.581560639881,2307.668527715774,2272.769948846726,2290.21923828125,138600
2016-07-05 00:00:00+09:00,2281.494506375295,2312.03076171875,2272.7698619914504,2312.03076171875,85200
2016-07-06 00:00:00+09:00,2281.4944891345926,2320.7553885652073,2272.7698448166784,2316.39306640625,118600
2016-07-07 00:00:00+09:00,2281.49462890625,2312.0308858896988,2272.7699840538357,2281.49462890625,126000
2016-07-08 00:00:00+09:00,2307.668821563421,2329.480436133964,2207.3353945389244,2220.42236328125,204200
2016-07-11 00:00:00+09:00,2220.42236328125,2220.42236328125,2220.42236328125,2220.42236328125,0
2016-07-12 00:00:00+09:00,2312.0308858896988,2316.3932083159057,2272.7699840538357,2281.49462890625,173800
2016-07-13 00:00:00+09:00,2316.392942938186,2320.7552648646233,2277.1320456002504,2285.856689453125,158800
2016-07-14 00:00:00+09:00,2307.6684386309457,2381.8279158648324,2307.6684386309457,2373.103271484375,192800
2016-07-15 00:00:00+09:00,2381.828071635929,2421.0889739156423,2368.741104209358,2394.9150390625,242000
2016-07-19 00:00:00+09:00,2408.00236763714,2425.45166015625,2364.3791363393657,2425.45166015625,176200
2016-07-20 00:00:00+09:00,2399.2770308621953,2429.8132839822597,2381.8277433650155,2416.726318359375,143800
2016-07-21 00:00:00+09:00,2416.726318359375,2425.4509621079646,2386.1900652393106,2416.726318359375,113000
2016-07-22 00:00:00+09:00,2403.6396661931817,2416.7266335227273,2381.8280539772727,2399.27734375,129200
2016-07-25 00:00:00+09:00,2394.915398247808,2447.2632758051373,2394.915398247808,2425.45166015625,114000
2016-07-26 00:00:00+09:00,2386.1903764204544,2425.4512784090907,2381.8280539772727,2399.27734375,144400
2016-07-27 00:00:00+09:00,2442.900532155797,2460.349821671196,2399.277308367301,2408.001953125,160600
2016-07-28 00:00:00+09:00,2373.1035697781886,2390.55286073244,2351.2919560853743,2360.0166015625,202200
2016-07-29 00:00:00+09:00,2364.3787507637917,2386.190362855709,2281.4946248145075,2342.567138671875,233600
2016-08-01 00:00:00+09:00,2303.3065490150093,2333.8428100814963,2255.3209959105297,2325.1181640625,183200
2016-08-02 00:00:00+09:00,2281.4939292863783,2294.5808925518836,2259.68232384387,2272.769287109375,152400
2016-08-03 00:00:00+09:00,2250.958037109375,2268.40732421875,2181.160888671875,2181.160888671875,153600
2016-08-04 00:00:00+09:00,2202.9731814192965,2211.6978276823434,2159.349950104063,2194.24853515625,184200
2016-08-05 00:00:00+09:00,2194.248795888956,2303.3068871359224,2194.248795888956,2246.5966796875,347600
2016-08-08 00:00:00+09:00,2290.2185714633815,2298.9432136403852,2246.5953605783648,2272.769287109375,188200
2016-08-09 00:00:00+09:00,2242.233642578125,2272.769898410901,2233.508998054475,2242.233642578125,195600
2016-08-10 00:00:00+09:00,2229.1472730261135,2237.8719198872723,2207.335655873216,2216.060302734375,168600
2016-08-12 00:00:00+09:00,2216.059181243775,2224.783823689617,2176.7982902374874,2189.88525390625,274600
2016-08-15 00:00:00+09:00,2172.4363835032395,2176.7987055584667,2137.53780706142,2146.262451171875,138000
2016-08-16 00:00:00+09:00,2150.624631277328,2154.9869530446244,2111.3637353716563,2120.08837890625,197600
2016-08-17 00:00:00+09:00,2111.364386792453,2120.089033018868,2067.7411556603774,2080.828125,181800
2016-08-18 00:00:00+09:00,2063.378453216229,2076.465420149947,2054.65380859375,2054.65380859375,127600
2016-08-19 00:00:00+09:00,2050.291171603733,2067.740458170573,2028.4795633951824,2041.5665283203125,173800
2016-08-22 00:00:00+09:00,2032.8419217841572,2076.465138989826,2032.8419217841572,2063.378173828125,101800
2016-08-23 00:00:00+09:00,2063.3780729098708,2115.7259309963792,2059.015751402662,2089.552001953125,171800
2016-08-24 00:00:00+09:00,2085.190097090127,2111.364031363225,2076.4654523324275,2107.001708984375,97200
2016-08-25 00:00:00+09:00,2098.2766449675432,2111.3636094891704,2076.465037431498,2089.552001953125,88600
2016-08-26 00:00:00+09:00,2076.46543799867,2080.8277603474066,2045.9291815575132,2050.29150390625,108800
2016-08-29 00:00:00+09:00,2115.7267099056603,2115.7267099056603,2059.0165094339623,2080.828125,120000
2016-08-30 00:00:00+09:00,2072.1035714876857,2080.8282181044756,2059.0166015625,2059.0166015625,88200
2016-08-31 00:00:00+09:00,2063.3790934586727,2076.466064453125,2045.9297987994025,2076.466064453125,99000
2016-09-01 00:00:00+09:00,2059.016419216805,2111.364294281639,2059.016419216805,2102.6396484375,118400
2016-09-02 00:00:00+09:00,2107.001827566964,2141.900408561862,2102.639504942602,2137.5380859375,99200
2016-09-05 00:00:00+09:00,2150.6255641695425,2159.3502114886887,2128.813945871677,2133.17626953125,64200
2016-09-06 00:00:00+09:00,2133.1761756310098,2159.3501164362983,2124.4515286959136,2154.98779296875,69800
2016-09-07 00:00:00+09:00,2154.9872166207415,2189.885795027555,2150.62489431989,2176.798828125,175200
2016-09-08 00:00:00+09:00,2159.3501164362983,2163.712439903846,2146.263146033654,2154.98779296875,116000
2016-09-09 00:00:00+09:00,2154.98779296875,2159.3501164362983,2124.4515286959136,2154.98779296875,136400
2016-09-12 00:00:00+09:00,2137.538250389813,2146.2628963097713,2076.465728950104,2098.27734375,207800
2016-09-13 00:00:00+09:00,2098.2769075657034,2107.001551672006,2076.465297299948,2085.18994140625,167600
2016-09-14 00:00:00+09:00,2076.465604188012,2150.62509005187,2067.7409587922643,2128.8134765625,213800
2016-09-15 00:00:00+09:00,2128.813303041064,2133.1756253833614,2107.0016913295776,2111.364013671875,222800
2016-09-16 00:00:00+09:00,2128.813352272727,2168.0742542613634,2111.3640625,2159.349609375,321000
2016-09-20 00:00:00+09:00,2141.9009168503962,2168.074858807835,2128.813945871677,2133.17626953125,284600
2016-09-21 00:00:00+09:00,2120.0891872616266,2216.060302734375,2120.0891872616266,2216.060302734375,356200
2016-09-23 00:00:00+09:00,2207.335766838592,2255.321326987257,2185.524148589199,2246.5966796875,537400
2016-09-26 00:00:00+09:00,2255.321058997577,2255.321058997577,2189.8862120247263,2194.24853515625,436800
2016-09-27 00:00:00+09:00,2154.986979166667,2242.2334155701756,2146.262335526316,2237.87109375,747600
2016-09-28 00:00:00+09:00,2231.283250188253,2231.283250188253,2174.183481974774,2187.3603515625,524800
2016-09-29 00:00:00+09:00,2204.929109375,2204.929109375,2182.9676640625,2196.14453125,116400
2016-09-30 00:00:00+09:00,2134.6524981033704,2143.4370762848657,2103.906474468137,2125.867919921875,222000
2016-10-03 00:00:00+09:00,2125.8679448341836,2165.398547114158,2125.8679448341836,2152.2216796875,109000
2016-10-04 00:00:00+09:00,2152.221699822809,2156.613989006121,2121.475675539626,2130.26025390625,111400
2016-10-05 00:00:00+09:00,2134.6526985879273,2143.4372775944616,2112.6912510715906,2121.475830078125,172800
2016-10-06 00:00:00+09:00,2134.6524981033704,2143.4370762848657,2121.4756308311275,2125.867919921875,87200
2016-10-07 00:00:00+09:00,2130.2602289315305,2139.044807195166,2090.7296267451725,2103.906494140625,137000
2016-10-11 00:00:00+09:00,2103.9063403472583,2130.2600732117335,2099.5140515365124,2112.69091796875,121200
2016-10-12 00:00:00+09:00,2099.5144927978517,2125.868231201172,2099.5144927978517,2108.299072265625,147800
2016-10-13 00:00:00+09:00,2112.6909819469015,2112.6909819469015,2081.9449593406052,2095.121826171875,154000
2016-10-14 00:00:00+09:00,2095.122203063965,2117.0836517333987,2081.945333862305,2108.299072265625,86000
2016-10-17 00:00:00+09:00,2112.691206682767,2130.2603643266984,2108.298917271784,2117.08349609375,116200
2016-10-18 00:00:00+09:00,2121.4754955902417,2121.4754955902417,2086.337185104275,2112.69091796875,163200
2016-10-19 00:00:00+09:00,2108.2987635588843,2134.6524981033704,2103.906474468137,2125.867919921875,75000
2016-10-20 00:00:00+09:00,2121.4750699242522,2178.5748130070997,2117.082781994802,2165.39794921875,114400
2016-10-21 00:00:00+09:00,2174.182678346964,2174.182678346964,2147.8289489124554,2156.613525390625,118000
2016-10-24 00:00:00+09:00,2161.005707157768,2174.1825712258033,2143.4365550670545,2169.790283203125,104800
2016-10-25 00:00:00+09:00,2182.96826171875,2209.322003308916,2169.7913909236668,2182.96826171875,204000
2016-10-26 00:00:00+09:00,2174.183481974774,2191.752641425075,2161.006612387048,2187.3603515625,110000
2016-10-27 00:00:00+09:00,2169.79099409757,2222.498467638402,2169.79099409757,2191.75244140625,172000
2016-10-28 00:00:00+09:00,2187.3603515625,2196.1449312876507,2169.7911921121986,2187.3603515625,370600
2016-10-31 00:00:00+09:00,2187.3603515625,2196.1449312876507,2161.006612387048,2187.3603515625,154400
2016-11-01 00:00:00+09:00,2187.3605519837774,2191.7528422488053,2165.3991006586393,2182.96826171875,83000
2016-11-02 00:00:00+09:00,2165.3986580787987,2174.1832368133983,2130.2603431404004,2139.044921875,142400
2016-11-04 00:00:00+09:00,2112.690936433167,2117.0832252823,2086.3372033383666,2090.7294921875,117200
2016-11-07 00:00:00+09:00,2139.0449880911947,2152.2218566009965,2121.475830078125,2121.475830078125,137000
2016-11-08 00:00:00+09:00,2125.868231201172,2139.0451004028323,2095.122203063965,2108.299072265625,146200
2016-11-09 00:00:00+09:00,2108.299249387255,2130.2606999017057,2002.8842869178923,2016.0611572265625,239600
2016-11-10 00:00:00+09:00,2086.337248284362,2108.2986930031448,2073.160381453092,2095.121826171875,196600
2016-11-11 00:00:00+09:00,2125.8680269281913,2134.6526055518616,2059.983687250665,2064.3759765625,173000
2016-11-14 00:00:00+09:00,2081.94482421875,2108.298556170886,2077.5525355600607,2081.94482421875,106800
2016-11-15 00:00:00+09:00,2086.337130613673,2099.513996701759,2059.9833984375,2059.9833984375,134200
2016-11-16 00:00:00+09:00,2081.945023454017,2081.945023454017,2059.9835780589324,2077.552734375,161800
2016-11-17 00:00:00+09:00,2077.553044128418,2130.2605209350586,2077.553044128418,2108.299072265625,148400
2016-11-18 00:00:00+09:00,2139.0446593742063,2169.7906811721928,2130.2600817176385,2161.006103515625,122200
2016-11-21 00:00:00+09:00,2156.6133733598504,2178.5748130070997,2152.2210854304008,2165.39794921875,99600
2016-11-22 00:00:00+09:00,2165.39794921875,2178.5748130070997,2156.6133733598504,2165.39794921875,100200
2016-11-24 00:00:00+09:00,2174.182906612273,2182.967484012727,2165.3983292118196,2178.5751953125,83600
2016-11-25 00:00:00+09:00,2178.57570499253,2204.929443359375,2169.791125536915,2204.929443359375,160600
2016-11-28 00:00:00+09:00,2204.9294875279575,2218.1063569753355,2196.144907896372,2209.32177734375,115800
2016-11-29 00:00:00+09:00,2196.14486390376,2213.71402281499,2196.14486390376,2204.929443359375,123200
2016-11-30 00:00:00+09:00,2200.5371747354825,2240.067782664862,2196.1448849655512,2231.283203125,139400
2016-12-01 00:00:00+09:00,2275.2057403146405,2279.598029388607,2235.675138648942,2244.459716796875,130000
2016-12-02 00:00:00+09:00,2248.8519345238096,2253.2442234584264,2209.3213341122582,2213.713623046875,137200
2016-12-05 00:00:00+09:00,2222.498265625,2222.498265625,2191.7522421875,2196.14453125,110800
2016-12-06 00:00:00+09:00,2209.3213341122582,2218.1059119814918,2187.359889439174,2213.713623046875,142800
2016-12-07 00:00:00+09:00,2240.067782664862,2244.4600724347933,2213.714044045276,2231.283203125,120800
2016-12-08 00:00:00+09:00,2257.637050894804,2266.421630859375,2235.6756009833757,2266.421630859375,105000
2016-12-09 00:00:00+09:00,2257.6365265936906,2310.343994140625,2257.6365265936906,2310.343994140625,205200
2016-12-12 00:00:00+09:00,2341.090466889881,2349.875046502976,2275.206119791667,2305.9521484375,188200
2016-12-13 00:00:00+09:00,2314.736083984375,2314.736083984375,2292.774641062322,2314.736083984375,121000
2016-12-14 00:00:00+09:00,2314.736728050595,2323.5213076636905,2292.775279017857,2305.9521484375,98200
2016-12-15 00:00:00+09:00,2314.7359157376522,2349.874221858907,2314.7359157376522,2345.48193359375,118000
2016-12-16 00:00:00+09:00,2363.0517362310084,2393.7977625388467,2358.65944675846,2385.01318359375,153400
2016-12-19 00:00:00+09:00,2402.582296561491,2402.582296561491,2349.874823876413,2380.620849609375,103000
2016-12-20 00:00:00+09:00,2371.8362499285877,2406.9745647423447,2367.4439605768684,2402.582275390625,75400
2016-12-21 00:00:00+09:00,2402.5816497802734,2406.9739379882812,2376.2279205322266,2389.40478515625,74200
2016-12-22 00:00:00+09:00,2376.2281808941616,2385.012758272698,2354.26673744782,2367.443603515625,102200
2016-12-26 00:00:00+09:00,2358.659313964844,2389.405338541667,2358.659313964844,2371.836181640625,68600
2016-12-27 00:00:00+09:00,2385.01318359375,2393.7977625388467,2371.836315176105,2385.01318359375,65600
2016-12-28 00:00:00+09:00,2398.190052011395,2402.5823414839433,2376.2286046486533,2385.01318359375,50400
2016-12-29 00:00:00+09:00,2385.013205375813,2385.013205375813,2345.4825997618495,2363.0517578125,79400
2016-12-30 00:00:00+09:00,2358.6587983892205,2363.0510866543773,2327.9127805331227,2345.48193359375,62800
2017-01-04 00:00:00+09:00,2389.404950271248,2437.720123898056,2389.404950271248,2428.935546875,151000
2017-01-05 00:00:00+09:00,2450.8971981502555,2481.643220349273,2446.5049092646814,2472.858642578125,178800
2017-01-06 00:00:00+09:00,2455.2892897585607,2486.0353094872007,2442.112424160572,2477.250732421875,71000
2017-01-10 00:00:00+09:00,2490.427798120421,2499.2123758915686,2464.0740648069773,2472.858642578125,121400
2017-01-11 00:00:00+09:00,2464.07502174035,2468.467312331688,2446.505859375,2446.505859375,82600
2017-01-12 00:00:00+09:00,2450.8974582595406,2450.8974582595406,2385.0131179837467,2402.582275390625,91400
2017-01-13 00:00:00+09:00,2398.189527294304,2428.935546875,2398.189527294304,2428.935546875,76000
2017-01-16 00:00:00+09:00,2415.7592997419724,2415.7592997419724,2380.6209826548165,2393.7978515625,97200
2017-01-17 00:00:00+09:00,2376.228400654462,2385.012978845421,2327.9132206041863,2341.090087890625,126400
2017-01-18 00:00:00+09:00,2336.697998046875,2349.874866456914,2297.167392816759,2336.697998046875,100400
2017-01-19 00:00:00+09:00,2371.8362472306435,2380.6208259240907,2336.6979324568565,2354.26708984375,71200
2017-01-20 00:00:00+09:00,2349.874755859375,2367.443912912529,2332.3055988062206,2349.874755859375,98400
2017-01-23 00:00:00+09:00,2336.6980646306815,2349.874933416193,2305.9520374644885,2319.12890625,99600
2017-01-24 00:00:00+09:00,2305.9522406999454,2305.9522406999454,2248.8524709302324,2266.421630859375,221400
2017-01-25 00:00:00+09:00,2297.1675030918195,2314.736661815275,2266.421475325772,2275.2060546875,112400
2017-01-26 00:00:00+09:00,2283.9905894886365,2292.775168678977,2266.4214311079545,2270.813720703125,106600
2017-01-27 00:00:00+09:00,2283.9901892160406,2292.7747668668712,2270.813322739794,2279.597900390625,111200
2017-01-30 00:00:00+09:00,2266.4210069444443,2266.4210069444443,2244.4595630787035,2253.244140625,133400
2017-01-31 00:00:00+09:00,2244.4597109375,2248.852,2196.14453125,2196.14453125,207000
2017-02-01 00:00:00+09:00,2187.3603515625,2196.1449312876507,2169.7911921121986,2187.3603515625,141400
2017-02-02 00:00:00+09:00,2209.3212806267466,2209.3212806267466,2161.006103515625,2161.006103515625,100000
2017-02-03 00:00:00+09:00,2174.183481974774,2244.460119775979,2174.183481974774,2187.3603515625,195200
2017-02-06 00:00:00+09:00,2209.32177734375,2235.6755162385066,2200.5371977121645,2209.32177734375,191800
2017-02-07 00:00:00+09:00,2191.752276776977,2191.752276776977,2103.906494140625,2103.906494140625,326800
2017-02-08 00:00:00+09:00,2103.906627860801,2117.08349609375,2077.552891394904,2117.08349609375,222600
2017-02-09 00:00:00+09:00,2108.2986475840335,2112.690936433167,2086.3372033383666,2090.7294921875,127800
2017-02-10 00:00:00+09:00,2108.2987635588843,2152.221654466361,2108.2987635588843,2125.867919921875,191400
2017-02-13 00:00:00+09:00,2161.0066598360654,2165.398949795082,2139.0452100409834,2143.4375,150800
2017-02-14 00:00:00+09:00,2161.0064584930983,2174.183327142446,2147.82958984375,2147.82958984375,212200
2017-02-15 00:00:00+09:00,2169.7913909236668,2182.96826171875,2161.0068103936114,2182.96826171875,212800
2017-02-16 00:00:00+09:00,2178.57525882876,2182.967547657044,2147.8292370307736,2161.006103515625,107600
2017-02-17 00:00:00+09:00,2156.6141689433152,2156.6141689433152,2143.4373002939674,2147.82958984375,127800
2017-02-20 00:00:00+09:00,2143.4373002939674,2156.6141689433152,2134.6527211944017,2147.82958984375,105600
2017-02-21 00:00:00+09:00,2147.8292370307736,2161.006103515625,2134.652370545922,2161.006103515625,83000
2017-02-22 00:00:00+09:00,2161.005707157768,2178.5748592484815,2156.6134191350898,2169.790283203125,117200
2017-02-23 00:00:00+09:00,2169.7906179120464,2182.967484012727,2161.006040511593,2178.5751953125,94000
2017-02-24 00:00:00+09:00,2169.7906179120464,2191.7520614131804,2169.7906179120464,2178.5751953125,111600
2017-02-27 00:00:00+09:00,2165.3983923439087,2169.7906811721928,2143.43694820249,2161.006103515625,131200
2017-02-28 00:00:00+09:00,2169.790283203125,2204.928587384552,2161.005707157768,2169.790283203125,136400
2017-03-01 00:00:00+09:00,2165.3981018687946,2182.9672548251338,2152.22123715154,2156.613525390625,143200
2017-03-02 00:00:00+09:00,2174.18359375,2178.575883838384,2161.0067234848484,2174.18359375,122600
2017-03-03 00:00:00+09:00,2174.1825250776496,2187.359388865999,2152.2210854304008,2165.39794921875,187600
2017-03-06 00:00:00+09:00,2161.006257971939,2165.398547114158,2152.2216796875,2152.2216796875,106800
2017-03-07 00:00:00+09:00,2156.614520128584,2196.145132513833,2156.614520128584,2182.96826171875,187600
2017-03-08 00:00:00+09:00,2187.3604640151516,2196.145044191919,2161.0067234848484,2174.18359375,181800
2017-03-09 00:00:00+09:00,2187.360305425689,2240.067782664862,2178.575725885827,2231.283203125,231400
2017-03-10 00:00:00+09:00,2248.8520058708414,2248.8520058708414,2222.4982714270427,2244.459716796875,163000
2017-03-13 00:00:00+09:00,2240.0677156448364,2248.852294921875,2231.283136367798,2248.852294921875,118600
2017-03-14 00:00:00+09:00,2253.2442949448077,2253.2442949448077,2240.0674277229086,2244.459716796875,66000
2017-03-15 00:00:00+09:00,2235.6754039417615,2235.6754039417615,2213.713955965909,2222.49853515625,160000
2017-03-16 00:00:00+09:00,2209.3213341122582,2226.8904898507253,2191.7521783737907,2213.713623046875,127600
2017-03-17 00:00:00+09:00,2213.7136875,2226.8905546875,2191.7522421875,2196.14453125,240400
2017-03-21 00:00:00+09:00,2191.7522421875,2209.3213984375,2182.9676640625,2196.14453125,314400
2017-03-22 00:00:00+09:00,2174.183125398597,2178.5754145408164,2152.2216796875,2152.2216796875,247000
2017-03-23 00:00:00+09:00,2147.8292284547165,2152.2215172654624,2108.298629158004,2112.69091796875,569400
2017-03-24 00:00:00+09:00,2108.2988963039015,2139.044921875,2090.7297388347024,2139.044921875,430600
2017-03-27 00:00:00+09:00,2112.691206682767,2130.2603643266984,2099.5143384498183,2117.08349609375,612600
2017-03-28 00:00:00+09:00,2125.868340163934,2143.4375,2103.9068903688526,2143.4375,856000
2017-03-29 00:00:00+09:00,2145.649307914402,2145.649307914402,2119.1051927649455,2136.80126953125,542400
2017-03-30 00:00:00+09:00,2145.6490140435058,2150.0730326291623,2083.7127538443115,2092.560791015625,184200
2017-03-31 00:00:00+09:00,2114.6809139292377,2114.6809139292377,2074.86474609375,2074.86474609375,211800
2017-04-03 00:00:00+09:00,2066.016708796975,2083.712783390525,2061.5926901485873,2074.86474609375,151800
2017-04-04 00:00:00+09:00,2088.137154160032,2101.4092123432524,2066.0170571879976,2083.713134765625,212200
2017-04-05 00:00:00+09:00,2105.8329543585523,2114.680991981908,2083.7128603001643,2101.408935546875,115600
2017-04-06 00:00:00+09:00,2083.7132547312767,2092.5612940294986,2052.7451171875,2052.7451171875,185000
2017-04-07 00:00:00+09:00,2052.744735783262,2079.2888487459763,2039.4726793019047,2061.5927734375,218400
2017-04-10 00:00:00+09:00,2057.1691537832285,2066.017193154339,2026.201015984341,2043.8970947265625,199600
2017-04-11 00:00:00+09:00,2035.0487437567494,2052.744819789417,2026.2007057404157,2048.32080078125,184600
2017-04-12 00:00:00+09:00,2035.0490553554516,2048.321114412118,2026.201015984341,2043.8970947265625,126000
2017-04-13 00:00:00+09:00,2039.4730750410072,2052.745134097673,2030.6250356698963,2043.8970947265625,107200
2017-04-14 00:00:00+09:00,2035.0487215133735,2043.8967594329968,2012.928626714315,2026.20068359375,144000
2017-04-17 00:00:00+09:00,2026.200999292834,2074.865215433055,2026.200999292834,2052.7451171875,252000
2017-04-18 00:00:00+09:00,2061.5927734375,2079.2888487459763,2057.168754610381,2061.5927734375,135800
2017-04-19 00:00:00+09:00,2052.7447817595107,2061.5928196119226,2035.0487060546873,2035.0487060546875,115800
2017-04-20 00:00:00+09:00,2035.048544985982,2039.4725635620384,2008.5044335296432,2021.7764892578125,137800
2017-04-21 00:00:00+09:00,2035.0487060546873,2035.0487060546873,2017.352630349864,2035.0487060546875,98600
2017-04-24 00:00:00+09:00,2052.7450314507496,2070.4411093080835,2043.8969925220824,2066.01708984375,136000
2017-04-25 00:00:00+09:00,2074.8647697867223,2105.8329006790614,2074.8647697867223,2096.98486328125,155200
2017-04-26 00:00:00+09:00,2110.256889566717,2114.680908203125,2101.4088522939005,2114.680908203125,127800
2017-04-27 00:00:00+09:00,2114.680365156578,2123.5284001572327,2110.25634765625,2110.25634765625,92600
2017-04-28 00:00:00+09:00,2110.2572511320664,2114.681270526473,2083.713134765625,2083.713134765625,83800
2017-05-01 00:00:00+09:00,2070.4410239361705,2079.2890625,2052.7449468085106,2079.2890625,111400
2017-05-02 00:00:00+09:00,2079.288894268645,2114.6810456604517,2079.288894268645,2105.8330078125,122600
2017-05-08 00:00:00+09:00,2127.952798638462,2141.224853515625,2119.1047620536865,2141.224853515625,194200
2017-05-09 00:00:00+09:00,2145.6489547126753,2158.9210101026506,2123.52886239605,2127.952880859375,160600
2017-05-10 00:00:00+09:00,2123.529309315287,2132.3773481041003,2074.8650959768115,2083.713134765625,280200
2017-05-11 00:00:00+09:00,2096.984510518737,2105.832546428099,2083.712456654694,2088.136474609375,255400
2017-05-12 00:00:00+09:00,2092.5611203457447,2096.9851396276595,2066.0170046542553,2079.2890625,145000
2017-05-15 00:00:00+09:00,2079.288841488487,2101.408935546875,2079.288841488487,2101.408935546875,124200
2017-05-16 00:00:00+09:00,2105.8329006790614,2110.256919377967,2083.712807184533,2096.98486328125,154600
2017-05-17 00:00:00+09:00,2092.5611203457447,2092.5611203457447,2066.0170046542553,2079.2890625,154600
2017-05-18 00:00:00+09:00,2066.0172289776547,2070.441248739919,2048.3211499285953,2057.169189453125,181200
2017-05-19 00:00:00+09:00,2074.8650959768115,2083.713134765625,2052.744999004777,2083.713134765625,141800
2017-05-22 00:00:00+09:00,2083.7127538443115,2101.4088281869385,2066.016679501685,2092.560791015625,123400
2017-05-23 00:00:00+09:00,2092.5608979235194,2119.1050107935853,2092.5608979235194,2101.408935546875,121600
2017-05-24 00:00:00+09:00,2110.25634765625,2114.680365156578,2101.408312655595,2110.25634765625,83000
2017-05-25 00:00:00+09:00,2110.2571018583053,2141.225235428553,2105.8330827768414,2132.377197265625,110600
2017-05-26 00:00:00+09:00,2136.801001385166,2141.2250200215744,2110.256889566717,2114.680908203125,96000
2017-05-29 00:00:00+09:00,2110.2566998507637,2123.528754566806,2105.8326816120825,2119.104736328125,81200
2017-05-30 00:00:00+09:00,2119.1043826569053,2119.1043826569053,2101.408312655595,2110.25634765625,95000
2017-05-31 00:00:00+09:00,2110.257026736476,2110.257026736476,2096.9849699645483,2105.8330078125,93400
2017-06-01 00:00:00+09:00,2119.105161443628,2176.6174100840603,2119.105161443628,2154.497314453125,301000
2017-06-02 00:00:00+09:00,2167.7687181082024,2189.88880706849,2163.3447003161446,2181.040771484375,227200
2017-06-05 00:00:00+09:00,2181.040771484375,2189.88880706849,2167.7687181082024,2181.040771484375,112200
2017-06-06 00:00:00+09:00,2167.7694038722825,2172.1934230638585,2132.377250339674,2136.80126953125,125000
2017-06-07 00:00:00+09:00,2127.953178184161,2136.801216347089,2092.5610255324495,2132.377197265625,193200
2017-06-08 00:00:00+09:00,2141.2250200215744,2141.2250200215744,2110.256889566717,2114.680908203125,98400
2017-06-09 00:00:00+09:00,2092.560791015625,2110.256865358252,2083.7127538443115,2092.560791015625,185200
2017-06-12 00:00:00+09:00,2092.560791015625,2096.984809601282,2079.288735258655,2092.560791015625,75400
2017-06-13 00:00:00+09:00,2092.561161295573,2127.9533162434896,2092.561161295573,2123.529296875,103800
2017-06-14 00:00:00+09:00,2141.2253097784323,2167.769425188909,2136.801290543353,2158.92138671875,126000
2017-06-15 00:00:00+09:00,2158.921439640849,2181.0415363584802,2154.497420297322,2163.345458984375,132200
2017-06-16 00:00:00+09:00,2172.1933909578734,2172.1933909578734,2136.8012379483766,2154.497314453125,167400
2017-06-19 00:00:00+09:00,2150.0725391022784,2176.6166445232943,2145.648521532109,2172.192626953125,70400
2017-06-20 00:00:00+09:00,2185.4647892764324,2203.160860444663,2176.6167536923176,2181.040771484375,142800
2017-06-21 00:00:00+09:00,2181.040933916646,2212.009060767389,2181.040933916646,2194.31298828125,145200
2017-06-22 00:00:00+09:00,2203.1609700520835,2203.1609700520835,2181.0408799913193,2189.888916015625,101400
2017-06-23 00:00:00+09:00,2198.7378454246677,2207.5858850440827,2194.31382561496,2203.161865234375,102800
2017-06-26 00:00:00+09:00,2207.585015136719,2229.70510546875,2198.736979003906,2212.009033203125,105800
2017-06-27 00:00:00+09:00,2225.281087402344,2234.1291235351564,2203.1609970703125,2212.009033203125,98600
2017-06-28 00:00:00+09:00,2220.8570693359375,2234.1291235351564,2207.585015136719,2212.009033203125,112800
2017-06-29 00:00:00+09:00,2229.705619585396,2234.129638671875,2216.433562325959,2234.129638671875,83800
2017-06-30 00:00:00+09:00,2234.129638671875,2234.129638671875,2220.857581412438,2234.129638671875,109400
2017-07-03 00:00:00+09:00,2234.129638671875,2247.4016959313117,2220.857581412438,2234.129638671875,127200
2017-07-04 00:00:00+09:00,2251.8258748692792,2260.6739136703372,2234.129797267163,2247.40185546875,114000
2017-07-05 00:00:00+09:00,2247.40185546875,2251.8258748692792,2225.2817584661047,2247.40185546875,96600
2017-07-06 00:00:00+09:00,2234.129691745924,2251.825768512228,2225.2816533627715,2238.5537109375,107200
2017-07-07 00:00:00+09:00,2225.2811151319934,2234.129151375063,2194.31298828125,2194.31298828125,169000
2017-07-10 00:00:00+09:00,2220.857097010459,2220.857097010459,2194.31298828125,2194.31298828125,103200
2017-07-11 00:00:00+09:00,2189.889510402257,2203.1615680410587,2167.769414337588,2198.737548828125,90000
2017-07-12 00:00:00+09:00,2181.0406620934637,2194.3127148039716,2172.192626953125,2172.192626953125,59600
2017-07-13 00:00:00+09:00,2176.6174636590677,2181.041482894147,2158.92138671875,2158.92138671875,42400
2017-07-14 00:00:00+09:00,2158.920682524087,2185.4647892764324,2158.920682524087,2181.040771484375,61600
2017-07-17 00:00:00+09:00,2181.040771484375,2181.040771484375,2181.040771484375,2181.040771484375,0
2017-07-18 00:00:00+09:00,2181.0410983338647,2181.0410983338647,2154.4969876036353,2167.76904296875,60200
2017-07-19 00:00:00+09:00,2167.7686093829557,2176.6166445232943,2163.3445918127863,2172.192626953125,49600
2017-07-20 00:00:00+09:00,2181.040771484375,2185.4647892764324,2158.920682524087,2181.040771484375,75200
2017-07-21 00:00:00+09:00,2167.7690177996133,2167.7690177996133,2136.8008889739044,2145.64892578125,162600
2017-07-24 00:00:00+09:00,2141.2249073775774,2145.64892578125,2127.9528521665593,2145.64892578125,84600
2017-07-25 00:00:00+09:00,2150.073327105978,2150.073327105978,2132.377250339674,2136.80126953125,68600
2017-07-26 00:00:00+09:00,2141.225288722826,2141.225288722826,2127.9532311480975,2136.80126953125,73000
2017-07-27 00:00:00+09:00,2141.2254472897375,2172.193583924093,2141.2254472897375,2150.073486328125,93200
2017-07-28 00:00:00+09:00,2141.2254472897375,2158.9215253665125,2141.2254472897375,2150.073486328125,64000
2017-07-31 00:00:00+09:00,2145.6494668089313,2167.7695644048995,2145.6494668089313,2150.073486328125,77600
2017-08-01 00:00:00+09:00,2163.3453951246543,2198.737548828125,2163.3453951246543,2198.737548828125,91800
2017-08-02 00:00:00+09:00,2198.7369520399307,2207.5849880642363,2185.464898003472,2189.888916015625,82000
2017-08-03 00:00:00+09:00,2176.616915795111,2194.31298828125,2176.616915795111,2194.31298828125,64000
2017-08-04 00:00:00+09:00,2203.161865234375,2207.5858850440827,2185.4657859955446,2203.161865234375,93000
2017-08-07 00:00:00+09:00,2207.585015136719,2220.8570693359375,2203.1609970703125,2212.009033203125,75000
2017-08-08 00:00:00+09:00,2220.8572852725074,2234.129340762184,2203.161211286272,2229.705322265625,131800
2017-08-09 00:00:00+09:00,2220.857421875,2238.553496949701,2198.7373280316233,2220.857421875,121200
2017-08-10 00:00:00+09:00,2225.281632048403,2229.7056511976048,2207.585555451597,2216.43359375,105200
2017-08-11 00:00:00+09:00,2216.43359375,2216.43359375,2216.43359375,2216.43359375,0
2017-08-14 00:00:00+09:00,2198.7378454246677,2212.0099048537904,2181.0417661858373,2203.161865234375,153200
2017-08-15 00:00:00+09:00,2247.401468795159,2304.913711106846,2242.9774501557986,2296.065673828125,365800
2017-08-16 00:00:00+09:00,2300.4896924674854,2304.913711106846,2269.521561991962,2296.065673828125,150200
2017-08-17 00:00:00+09:00,2296.065375486396,2318.185465809001,2291.641357421875,2291.641357421875,114000
2017-08-18 00:00:00+09:00,2265.097678916828,2296.065811245769,2260.6736600126937,2287.2177734375,88800
2017-08-21 00:00:00+09:00,2309.337429679959,2318.185465809001,2287.217339357354,2291.641357421875,91400
2017-08-22 00:00:00+09:00,2291.6416551887646,2313.761748385567,2278.3695992706826,2296.065673828125,84800
2017-08-23 00:00:00+09:00,2309.3383264230447,2309.3383264230447,2278.3701879461073,2304.914306640625,101200
2017-08-24 00:00:00+09:00,2304.913411615438,2309.337429679959,2282.793321292833,2291.641357421875,76000
2017-08-25 00:00:00+09:00,2291.6417387733163,2296.065757574037,2273.9456635704337,2282.793701171875,65200
2017-08-28 00:00:00+09:00,2278.3695992706826,2300.4896924674854,2278.3695992706826,2296.065673828125,65000
2017-08-29 00:00:00+09:00,2304.914306640625,2304.914306640625,2273.9461681636876,2304.914306640625,118000
2017-08-30 00:00:00+09:00,2327.03371623411,2358.001845537606,2327.03371623411,2349.15380859375,229600
2017-08-31 00:00:00+09:00,2353.5774470860692,2371.273518116792,2353.5774470860692,2358.00146484375,104600
2017-09-01 00:00:00+09:00,2358.0016826282845,2366.849718960849,2331.457573630593,2335.881591796875,160200
2017-09-04 00:00:00+09:00,2344.729957217262,2349.1539760044643,2309.337806919643,2322.60986328125,106800
2017-09-05 00:00:00+09:00,2322.610000989633,2327.0340200391374,2287.2178485936006,2313.761962890625,111600
2017-09-06 00:00:00+09:00,2304.9135179141067,2344.729682331049,2304.9135179141067,2340.3056640625,90800
2017-09-07 00:00:00+09:00,2358.00146484375,2402.2416424205558,2344.729411570708,2358.00146484375,162200
2017-09-08 00:00:00+09:00,2358.002036961969,2362.4260557930425,2335.881942806604,2344.72998046875,108800
2017-09-11 00:00:00+09:00,2344.7296267603583,2380.1217720699487,2344.7296267603583,2375.69775390625,72600
2017-09-12 00:00:00+09:00,2402.242163902765,2402.242163902765,2371.274032876394,2380.1220703125,77800
2017-09-13 00:00:00+09:00,2393.394096571581,2402.242133897169,2384.5460592459926,2397.818115234375,68000
2017-09-14 00:00:00+09:00,2397.81816873849,2406.66620626151,2388.97013121547,2402.2421875,180800
2017-09-15 00:00:00+09:00,2406.6656601782365,2415.5136956935976,2353.5774470860692,2358.00146484375,296200
2017-09-18 00:00:00+09:00,2358.00146484375,2358.00146484375,2358.00146484375,2358.00146484375,0
2017-09-19 00:00:00+09:00,2384.545923569623,2406.666015625,2362.4258315142465,2406.666015625,176000
2017-09-20 00:00:00+09:00,2402.24175396276,2459.7539874830472,2402.24175396276,2446.48193359375,333400
2017-09-21 00:00:00+09:00,2464.1783594629783,2486.2984524563626,2450.906303666948,2455.330322265625,257200
2017-09-22 00:00:00+09:00,2455.33037583605,2481.8744880072504,2450.9063571408497,2459.75439453125,189200
2017-09-25 00:00:00+09:00,2477.45073668672,2495.1468133773396,2455.3306408234457,2481.874755859375,480600
2017-09-26 00:00:00+09:00,2481.875139321752,2517.2672981712603,2459.7550400408095,2473.027099609375,170800
2017-09-27 00:00:00+09:00,2517.9911888744214,2517.9911888744214,2386.2151294849536,2404.022705078125,575200
2017-09-28 00:00:00+09:00,2407.583338560675,2439.636962890625,2370.187443509067,2439.636962890625,232200
2017-09-29 00:00:00+09:00,2426.281697696366,2438.746998161595,2395.118446533293,2410.2548828125,113900
2017-10-02 00:00:00+09:00,2411.145509975429,2414.707024761213,2387.1052851713903,2412.035888671875,89200
2017-10-03 00:00:00+09:00,2414.7070484834558,2430.73386517693,2404.9128827263326,2421.830078125,83500
2017-10-04 00:00:00+09:00,2435.1848665411826,2453.8828125,2415.596542203374,2453.8828125,161200
2017-10-05 00:00:00+09:00,2452.102249128771,2457.44451982404,2422.7197603047875,2435.18505859375,106200
2017-10-06 00:00:00+09:00,2430.733393783793,2442.3083147065727,2421.8296084585777,2428.95263671875,106200
2017-10-09 00:00:00+09:00,2428.95263671875,2428.95263671875,2428.95263671875,2428.95263671875,0
2017-10-10 00:00:00+09:00,2441.4180329140345,2469.9101470837095,2441.4180329140345,2466.3486328125,240600
2017-10-11 00:00:00+09:00,2466.3486144268195,2473.4716429161385,2443.1987718365317,2459.2255859375,184000
2017-10-12 00:00:00+09:00,2468.1288790151893,2493.0594737527167,2449.430932962044,2458.334716796875,260500
2017-10-13 00:00:00+09:00,2468.129237217426,2526.0038405432315,2457.4446950649694,2501.0732421875,258600
2017-10-16 00:00:00+09:00,2505.525707630629,2574.9752475009877,2505.525707630629,2535.798583984375,244800
2017-10-17 00:00:00+09:00,2542.0305247537067,2554.495823298909,2508.196142988158,2544.70166015625,134900
2017-10-18 00:00:00+09:00,2550.044216957145,2561.6191383329983,2536.688538446546,2560.728759765625,115300
2017-10-19 00:00:00+09:00,2562.509530633295,2573.194073499035,2551.8249877675553,2566.071044921875,140700
2017-10-20 00:00:00+09:00,2561.6196500476276,2580.31760369761,2553.606241340492,2570.5234375,135400
2017-10-23 00:00:00+09:00,2599.0148263704978,2613.260882287568,2574.084228515625,2574.084228515625,124500
2017-10-24 00:00:00+09:00,2574.084280143028,2598.1244999852493,2566.961252041629,2593.672607421875,143200
2017-10-25 00:00:00+09:00,2596.3439394369166,2610.5899967177775,2571.4133391954097,2574.974853515625,167400
2017-10-26 00:00:00+09:00,2567.8518248751943,2587.4401536363785,2564.290310554979,2574.974853515625,116900
2017-10-27 00:00:00+09:00,2587.4406926725987,2604.357889217946,2574.975389954974,2595.4541015625,213800
2017-10-30 00:00:00+09:00,2594.5628883128047,2594.5628883128047,2524.222988458065,2557.1669921875,780400
2017-10-31 00:00:00+09:00,2586.549597268853,2693.39501953125,2586.549597268853,2693.39501953125,389700
2017-11-01 00:00:00+09:00,2680.0393183820484,2688.943103492952,2663.122126671331,2684.4912109375,176600
2017-11-02 00:00:00+09:00,2680.0395734168046,2688.943359375,2639.972536604925,2688.943359375,125800
2017-11-03 00:00:00+09:00,2688.943359375,2688.943359375,2688.943359375,2688.943359375,0
2017-11-06 00:00:00+09:00,2668.4643977378732,2693.3949960484038,2656.889477093698,2684.4912109375,183500
2017-11-07 00:00:00+09:00,2669.3549391778524,2675.587589135906,2635.5205536912754,2653.328125,208900
2017-11-08 00:00:00+09:00,2627.5070893315087,2637.301253337828,2603.4668685887264,2631.068603515625,199500
2017-11-09 00:00:00+09:00,2631.069063748088,2664.903454415576,2601.68656658948,2619.494140625,225100
2017-11-10 00:00:00+09:00,2587.4404579572947,2614.1518185005566,2585.659700587744,2599.015380859375,126400
2017-11-13 00:00:00+09:00,2572.3036207339637,2572.3036207339637,2536.688478875411,2537.578857421875,180100
2017-11-14 00:00:00+09:00,2538.46899893273,2566.961109759053,2534.9074850794395,2540.249755859375,134100
2017-11-15 00:00:00+09:00,2510.867518935093,2531.3462256498115,2444.979506026867,2450.32177734375,293600
2017-11-16 00:00:00+09:00,2440.526967326358,2492.168909721443,2429.842427520478,2479.70361328125,171200
2017-11-17 00:00:00+09:00,2515.319516533479,2528.675195382329,2479.7043729365446,2490.388916015625,181700
2017-11-20 00:00:00+09:00,2475.252493491906,2505.525365714469,2470.8006005179996,2495.731201171875,85800
2017-11-21 00:00:00+09:00,2495.7310060495697,2527.7846329556646,2480.5945711216914,2514.428955078125,127900
2017-11-22 00:00:00+09:00,2515.319778507684,2515.319778507684,2486.8276606626414,2496.621826171875,156900
2017-11-23 00:00:00+09:00,2496.621826171875,2496.621826171875,2496.621826171875,2496.621826171875,0
2017-11-24 00:00:00+09:00,2472.5813621915386,2502.854234469001,2469.910226402351,2497.511962890625,87800
2017-11-27 00:00:00+09:00,2516.209683978541,2516.209683978541,2479.704164855002,2503.744384765625,177700
2017-11-28 00:00:00+09:00,2509.0868800935937,2525.1136947996565,2493.0600653875313,2495.731201171875,125200
2017-11-29 00:00:00+09:00,2505.5246807751064,2513.5380859375,2493.059383855827,2513.5380859375,122400
2017-11-30 00:00:00+09:00,2521.5522006100173,2600.7958961800355,2507.306142979452,2599.905517578125,152500
2017-12-01 00:00:00+09:00,2599.9052593621313,2599.9052593621313,2572.3035254442457,2594.56298828125,94700
2017-12-04 00:00:00+09:00,2615.932832104726,2621.275104736662,2599.9060142089174,2603.467529296875,91400
2017-12-05 00:00:00+09:00,2591.0020897255376,2649.767085574983,2584.769438650597,2647.986328125,94800
2017-12-06 00:00:00+09:00,2635.5206935391107,2651.547508567389,2602.5766848698718,2612.370849609375,84300
2017-12-07 00:00:00+09:00,2612.371166465739,2650.657451454841,2599.9058643762637,2642.64404296875,92700
2017-12-08 00:00:00+09:00,2613.2612115649454,2702.299072265625,2613.2612115649454,2702.299072265625,260200
2017-12-11 00:00:00+09:00,2711.2028242704882,2724.5585032077815,2670.2454088627896,2688.943359375,104500
2017-12-12 00:00:00+09:00,2693.394823497152,2711.202392578125,2693.394823497152,2711.202392578125,82700
2017-12-13 00:00:00+09:00,2715.654027838456,2720.1059196873716,2693.394568593879,2706.750244140625,94900
2017-12-14 00:00:00+09:00,2724.5584183479973,2760.173561071501,2724.5584183479973,2751.269775390625,140200
2017-12-15 00:00:00+09:00,2733.4615952341182,2742.365378931949,2693.394568593879,2706.750244140625,148100
2017-12-18 00:00:00+09:00,2733.461937842431,2760.173292283888,2720.1062606217024,2742.36572265625,103200
2017-12-19 00:00:00+09:00,2746.817530740071,2755.7213152805575,2711.202392578125,2711.202392578125,74100
2017-12-20 00:00:00+09:00,2680.0392759295755,2688.943060899441,2666.6835984747768,2668.46435546875,90800
2017-12-21 00:00:00+09:00,2657.780074793963,2680.039539406978,2653.3281818713604,2675.587646484375,56600
2017-12-22 00:00:00+09:00,2680.039306640625,2697.8468767844165,2675.587414104677,2680.039306640625,50600
2017-12-25 00:00:00+09:00,2684.4907848960474,2715.654027838456,2670.244730979518,2706.750244140625,72000
2017-12-26 00:00:00+09:00,2711.2024522216,2751.26948353522,2706.7505598534203,2733.4619140625,74300
2017-12-27 00:00:00+09:00,2751.269435194672,2751.269435194672,2711.2024045850408,2715.654296875,33600
2017-12-28 00:00:00+09:00,2720.106375096849,2724.558267691116,2688.9431269369834,2693.39501953125,47100
2017-12-29 00:00:00+09:00,2693.394568593879,2720.1059196873716,2688.942676744963,2706.750244140625,48400
2018-01-01 00:00:00+09:00,2706.750244140625,2706.750244140625,2706.750244140625,2706.750244140625,0
2018-01-02 00:00:00+09:00,2706.750244140625,2706.750244140625,2706.750244140625,2706.750244140625,0
2018-01-03 00:00:00+09:00,2706.750244140625,2706.750244140625,2706.750244140625,2706.750244140625,0
2018-01-04 00:00:00+09:00,2733.462204028873,2755.7216682310627,2720.1065255075596,2751.269775390625,103300
2018-01-05 00:00:00+09:00,2760.173095703125,2777.9806640624997,2733.461743164062,2760.173095703125,84100
2018-01-08 00:00:00+09:00,2760.173095703125,2760.173095703125,2760.173095703125,2760.173095703125,0
2018-01-09 00:00:00+09:00,2755.721203613281,2777.9806640624997,2746.8174194335934,2760.173095703125,72400
2018-01-10 00:00:00+09:00,2764.6258086186303,2795.7890625,2764.6258086186303,2795.7890625,96400
2018-01-11 00:00:00+09:00,2786.8852756767515,2800.240955911624,2764.6258086186303,2795.7890625,58100
2018-01-12 00:00:00+09:00,2782.4333714145982,2818.048518568705,2764.6257978375447,2791.337158203125,110000
2018-01-15 00:00:00+09:00,2809.144564751947,2840.3078166588625,2804.692671622388,2822.500244140625,72800
2018-01-16 00:00:00+09:00,2822.500422969745,2826.952316381369,2786.8852756767515,2795.7890625,61600
2018-01-17 00:00:00+09:00,2773.5295846260715,2804.692838385915,2764.6257978375447,2791.337158203125,57800
2018-01-18 00:00:00+09:00,2804.6920166015625,2813.5958007812496,2760.173095703125,2760.173095703125,92500
2018-01-19 00:00:00+09:00,2773.529595441879,2804.6928493232485,2764.6258086186303,2795.7890625,56000
2018-01-22 00:00:00+09:00,2795.788772974259,2813.5963447766426,2769.077415270683,2777.981201171875,56100
2018-01-23 00:00:00+09:00,2822.500422969745,2822.500422969745,2786.8852756767515,2795.7890625,55500
2018-01-24 00:00:00+09:00,2795.787892788271,2822.499242082427,2791.3360012392454,2813.595458984375,56700
2018-01-25 00:00:00+09:00,2804.6923828125,2818.048060825893,2795.788597470238,2804.6923828125,61600
2018-01-26 00:00:00+09:00,2786.884987073067,2822.5001306778345,2773.5293082212793,2777.981201171875,74800
2018-01-29 00:00:00+09:00,2800.2406429769144,2800.2406429769144,2755.721713835787,2769.077392578125,68100
2018-01-30 00:00:00+09:00,2769.077603588197,2782.433283348268,2751.2700305747676,2755.721923828125,65100
2018-01-31 00:00:00+09:00,2751.26916262978,2764.6248381765267,2702.2983522917098,2706.750244140625,112900
2018-02-01 00:00:00+09:00,2720.10655932342,2782.433059864382,2711.202773531854,2764.62548828125,119400
2018-02-02 00:00:00+09:00,2746.818115234375,2755.7219016694944,2711.202969493897,2746.818115234375,87100
2018-02-05 00:00:00+09:00,2711.2027898651986,2724.5584686330076,2671.135753561772,2675.587646484375,114200
2018-02-06 00:00:00+09:00,2613.260920484902,2613.260920484902,2546.4825323975533,2588.330322265625,257800
2018-02-07 00:00:00+09:00,2617.7132578937394,2634.630452417542,2564.2905383448874,2568.742431640625,191300
2018-02-08 00:00:00+09:00,2568.7419551862563,2615.041636874189,2563.399684222264,2573.19384765625,100800
2018-02-09 00:00:00+09:00,2578.5358984375,2680.039038085937,2555.386059570312,2671.13525390625,229600
2018-02-12 00:00:00+09:00,2671.13525390625,2671.13525390625,2671.13525390625,2671.13525390625,0
2018-02-13 00:00:00+09:00,2675.587675428882,2684.491461370409,2582.097923042848,2591.001708984375,142500
2018-02-14 00:00:00+09:00,2588.3305092255,2593.67278065837,2552.7153663397003,2566.071044921875,91300
2018-02-15 00:00:00+09:00,2599.0147319863254,2599.905110448808,2533.1267257626228,2539.359375,87000
2018-02-16 00:00:00+09:00,2558.947739605125,2574.0841736946477,2542.9209270397487,2553.60546875,96500
2018-02-19 00:00:00+09:00,2592.7822289092,2602.5763925486235,2581.2073082444267,2593.672607421875,79600
2018-02-20 00:00:00+09:00,2595.453139543125,2605.247302333854,2574.974435526147,2600.79541015625,91300
2018-02-21 00:00:00+09:00,2607.0280348248025,2616.8221975239394,2582.9878172905574,2591.8916015625,47400
2018-02-22 00:00:00+09:00,2574.084946123142,2583.879112296561,2566.0715374357987,2567.852294921875,65100
2018-02-23 00:00:00+09:00,2566.961650044037,2577.646193852753,2550.934834330963,2558.9482421875,83200
2018-02-26 00:00:00+09:00,2582.988549368722,2601.68650163923,2574.084762573242,2592.78271484375,82500
2018-02-27 00:00:00+09:00,2609.6996042485544,2616.8226328510755,2554.496132579018,2569.632568359375,103600
2018-02-28 00:00:00+09:00,2561.6188389791173,2584.768679025505,2539.3593773960524,2540.249755859375,97400
2018-03-01 00:00:00+09:00,2520.661727789635,2520.661727789635,2461.0063636914697,2467.239013671875,134500
2018-03-02 00:00:00+09:00,2436.9664921723597,2438.7472495652514,2401.3513443145243,2412.035888671875,111000
2018-03-05 00:00:00+09:00,2404.0222772277225,2433.404771727173,2401.3511413641363,2428.0625,85500
2018-03-06 00:00:00+09:00,2428.95263671875,2466.3485350846545,2408.4739304707546,2428.95263671875,155700
2018-03-07 00:00:00+09:00,2446.759834575378,2485.0461056404224,2436.0752938130404,2471.6904296875,109600
2018-03-08 00:00:00+09:00,2472.581189546131,2474.3619466145833,2408.4739350818454,2430.7333984375,148900
2018-03-09 00:00:00+09:00,2446.7604891496217,2485.046770457276,2432.514430988634,2443.198974609375,182300
2018-03-12 00:00:00+09:00,2471.6909065150217,2480.594692201315,2452.9929565738057,2467.239013671875,70300
2018-03-13 00:00:00+09:00,2449.4316561161563,2458.335442579683,2429.8433258963983,2455.664306640625,123800
2018-03-14 00:00:00+09:00,2461.006141454024,2483.2656036596504,2452.9927350599987,2475.252197265625,110000
2018-03-15 00:00:00+09:00,2457.4445512929856,2463.6772005172797,2422.7197913290634,2446.760009765625,114700
2018-03-16 00:00:00+09:00,2455.6640486606334,2461.0063199775163,2425.391177864962,2450.32177734375,173400
2018-03-19 00:00:00+09:00,2436.966064453125,2453.8832567164095,2420.9392507300136,2436.966064453125,103400
2018-03-20 00:00:00+09:00,2433.4050866168477,2464.568342391304,2422.7205417798914,2457.4453125,171400
2018-03-21 00:00:00+09:00,2457.4453125,2457.4453125,2457.4453125,2457.4453125,0
2018-03-22 00:00:00+09:00,2421.8296476548267,2446.7602469689205,2411.145105091644,2444.089111328125,262700
2018-03-23 00:00:00+09:00,2430.734068467882,2430.734068467882,2396.009296061198,2404.022705078125,267400
2018-03-26 00:00:00+09:00,2404.0224868639384,2421.830060840708,2381.763019392976,2414.70703125,520400
2018-03-27 00:00:00+09:00,2404.912647139555,2521.55224609375,2404.022268521584,2521.55224609375,723300
2018-03-28 00:00:00+09:00,2506.769368489583,2506.769368489583,2444.951253255208,2499.60205078125,450600
2018-03-29 00:00:00+09:00,2494.226480292997,2518.416176761356,2424.3451349399606,2469.140869140625,173000
2018-03-30 00:00:00+09:00,2476.308430052833,2495.122640266693,2465.5574527877698,2490.64306640625,98200
2018-04-02 00:00:00+09:00,2497.8106325321673,2506.7697811423973,2469.141356979431,2471.8291015625,70800
2018-04-03 00:00:00+09:00,2465.5579340713516,2513.9373412079262,2455.702869654642,2498.706787109375,96500
2018-04-04 00:00:00+09:00,2513.9369270764655,2554.253093048825,2495.1227162893647,2547.981689453125,111800
2018-04-05 00:00:00+09:00,2567.6918109561398,2599.0488288847737,2551.5653445928424,2590.985595703125,109400
2018-04-06 00:00:00+09:00,2586.5061847549396,2608.0081412613886,2581.130695628327,2587.402099609375,71900
2018-04-09 00:00:00+09:00,2587.4021758039994,2628.614260321653,2584.714431161544,2615.175537109375,120300
2018-04-10 00:00:00+09:00,2579.338460286458,2609.799560546875,2559.6283365885415,2566.795654296875,159100
2018-04-11 00:00:00+09:00,2574.859050562336,2574.859050562336,2536.3347154286616,2557.836669921875,80800
2018-04-12 00:00:00+09:00,2553.3571782494396,2568.5877298389973,2538.1266266598814,2547.981689453125,74100
2018-04-13 00:00:00+09:00,2563.2119139770766,2589.1934398440235,2547.9813643309353,2560.524169921875,55800
2018-04-16 00:00:00+09:00,2565.0039054897006,2592.777262482429,2557.8365875560935,2589.193603515625,119800
2018-04-17 00:00:00+09:00,2609.800055454071,2623.2387787056364,2574.859375,2574.859375,60300
2018-04-18 00:00:00+09:00,2570.3795543492,2606.2161462536856,2566.7958951587516,2601.736572265625,61200
2018-04-19 00:00:00+09:00,2622.3420403469754,2642.0521615931775,2607.111492111274,2616.966552734375,97800
2018-04-20 00:00:00+09:00,2630.405598958333,2660.86669921875,2630.405598958333,2639.36474609375,104800
2018-04-23 00:00:00+09:00,2639.365564619164,2658.1797794382414,2616.967689834548,2624.135009765625,65900
2018-04-24 00:00:00+09:00,2629.5100889396604,2644.7406414139273,2607.112217653973,2643.8447265625,99300
2018-04-25 00:00:00+09:00,2619.654622395833,2696.7032877604165,2616.966878255208,2685.056396484375,117400
2018-04-26 00:00:00+09:00,2696.703449180138,2723.5808921952225,2659.970943726189,2719.101318359375,99800
2018-04-27 00:00:00+09:00,2728.059895164088,2768.3760512502568,2710.1416035702355,2723.580322265625,154600
2018-04-30 00:00:00+09:00,2723.580322265625,2723.580322265625,2723.580322265625,2723.580322265625,0
2018-05-01 00:00:00+09:00,2728.0604636452413,2786.294923460329,2710.142168317522,2759.41748046875,70600
2018-05-02 00:00:00+09:00,2763.8970550985164,2763.8970550985164,2719.1013167662877,2745.978759765625,50100
2018-05-03 00:00:00+09:00,2745.978759765625,2745.978759765625,2745.978759765625,2745.978759765625,0
2018-05-04 00:00:00+09:00,2745.978759765625,2745.978759765625,2745.978759765625,2745.978759765625,0
2018-05-07 00:00:00+09:00,2763.89705430068,2768.3766281326098,2723.580889813312,2759.41748046875,67500
2018-05-08 00:00:00+09:00,2759.4176427015805,2790.7746613686436,2750.458494510991,2763.897216796875,107000
2018-05-09 00:00:00+09:00,2777.3355292648566,2781.815102699155,2710.141927750384,2732.539794921875,96500
2018-05-10 00:00:00+09:00,2750.4580886590675,2750.4580886590675,2679.680828397157,2732.539794921875,152700
2018-05-11 00:00:00+09:00,2714.6221554778344,2737.0200280477834,2685.0569636855016,2696.703857421875,117500
2018-05-14 00:00:00+09:00,2692.223714192708,2714.62158203125,2685.056396484375,2701.182861328125,75400
2018-05-15 00:00:00+09:00,2719.100992300491,2728.0601388978566,2692.223552508394,2710.141845703125,131200
2018-05-16 00:00:00+09:00,2719.101319984271,2719.101319984271,2683.264729276076,2692.223876953125,80800
2018-05-17 00:00:00+09:00,2705.662434895833,2705.662434895833,2674.305419921875,2679.680908203125,117600
2018-05-18 00:00:00+09:00,2692.224372463303,2692.224372463303,2646.532710900698,2662.6591796875,134000
2018-05-21 00:00:00+09:00,2662.658776964087,2670.7220101379353,2617.863037109375,2617.863037109375,84700
2018-05-22 00:00:00+09:00,2606.2162276617632,2623.238609348107,2580.2346977194493,2602.632568359375,132900
2018-05-23 00:00:00+09:00,2590.0901675016985,2601.7370620632764,2566.796378378542,2596.361572265625,128300
2018-05-24 00:00:00+09:00,2586.5059408680404,2614.279298736731,2580.2345374783363,2584.714111328125,102900
2018-05-25 00:00:00+09:00,2580.2346181275934,2608.0079768643836,2577.5468737337105,2590.985595703125,67600
2018-05-28 00:00:00+09:00,2574.85872367468,2590.985187497277,2566.795491763381,2570.379150390625,74600
2018-05-29 00:00:00+09:00,2571.275470147984,2606.2161472684616,2571.275470147984,2590.985595703125,106500
2018-05-30 00:00:00+09:00,2562.315999034749,2578.4424633643384,2547.981364075114,2552.4609375,105600
2018-05-31 00:00:00+09:00,2552.461018880208,2574.85888671875,2537.23046875,2566.795654296875,210000
2018-06-01 00:00:00+09:00,2511.2490218155867,2579.3385422073043,2510.3531070735903,2562.316162109375,132600
2018-06-04 00:00:00+09:00,2586.506258454222,2631.3020024523903,2583.818513814332,2628.6142578125,113200
2018-06-05 00:00:00+09:00,2673.409505208333,2692.223714192708,2635.781087239583,2685.056396484375,181900
2018-06-06 00:00:00+09:00,2685.056555633794,2745.978759765625,2664.4505160009685,2745.978759765625,181100
2018-06-07 00:00:00+09:00,2710.1416035702355,2741.4986138594777,2705.6620306717723,2723.580322265625,91300
2018-06-08 00:00:00+09:00,2705.662596851833,2745.9787613744593,2705.662596851833,2719.101318359375,159900
2018-06-11 00:00:00+09:00,2723.5805679967425,2772.855874325631,2714.62142139149,2750.4580078125,85400
2018-06-12 00:00:00+09:00,2777.3356119791665,2795.25390625,2763.8968912760415,2768.37646484375,101400
2018-06-13 00:00:00+09:00,2777.3356119791665,2826.610921223958,2777.3356119791665,2822.13134765625,148600
2018-06-14 00:00:00+09:00,2822.131592965012,2831.090740879187,2804.2132971366627,2808.69287109375,82300
2018-06-15 00:00:00+09:00,2826.6113320312497,2826.6113320312497,2795.2543124999997,2799.73388671875,112500
2018-06-18 00:00:00+09:00,2799.733559916339,2857.9680179625984,2786.2948388287405,2844.529296875,147800
2018-06-19 00:00:00+09:00,2835.570316021259,2844.5294639391777,2790.7745764316655,2795.254150390625,129600
2018-06-20 00:00:00+09:00,2781.815673828125,2817.6522686600497,2763.897376412163,2781.815673828125,89900
2018-06-21 00:00:00+09:00,2754.937744140625,2786.294759114583,2750.4581705729165,2754.937744140625,95800
2018-06-22 00:00:00+09:00,2737.0196105266814,2772.856201171875,2728.0604628653828,2772.856201171875,96400
2018-06-25 00:00:00+09:00,2714.6214190018077,2754.9375786899536,2705.6622724044423,2710.141845703125,72300
2018-06-26 00:00:00+09:00,2687.744301508443,2728.0604660310696,2686.8483867412738,2719.101318359375,69000
2018-06-27 00:00:00+09:00,2714.622058518267,2786.2952481821158,2714.622058518267,2781.815673828125,94800
2018-06-28 00:00:00+09:00,2781.8150209308833,2795.253740838762,2737.0192879046213,2750.4580078125,74000
2018-06-29 00:00:00+09:00,2732.539876302083,2732.539876302083,2692.223714192708,2701.182861328125,103100
2018-07-02 00:00:00+09:00,2705.662770186733,2719.10149255521,2624.1345211513044,2626.822265625,167200
2018-07-03 00:00:00+09:00,2616.070717292746,2629.509436730894,2573.0668150906736,2593.6728515625,108900
2018-07-04 00:00:00+09:00,2577.5461491086353,2622.3418764132693,2577.5461491086353,2612.48681640625,95000
2018-07-05 00:00:00+09:00,2607.1122276886504,2607.1122276886504,2566.7960592192385,2579.3388671875,100200
2018-07-06 00:00:00+09:00,2590.0898399849802,2642.948816311204,2590.0898399849802,2614.279541015625,132800
2018-07-09 00:00:00+09:00,2614.278727909575,2633.0929339706104,2605.319582166225,2618.75830078125,93100
2018-07-10 00:00:00+09:00,2627.7175211048093,2633.093008703387,2563.211669921875,2563.211669921875,114200
2018-07-11 00:00:00+09:00,2563.2123276992565,2568.5878166773045,2506.769693429752,2511.249267578125,189800
2018-07-12 00:00:00+09:00,2523.791748046875,2546.1896158854165,2499.60205078125,2507.665283203125,143900
2018-07-13 00:00:00+09:00,2504.0817862405474,2525.583740755672,2487.0594055827405,2517.5205078125,105900
2018-07-16 00:00:00+09:00,2517.5205078125,2517.5205078125,2517.5205078125,2517.5205078125,0
2018-07-17 00:00:00+09:00,2562.3164795423877,2623.238689545494,2537.2308636587563,2614.279541015625,176500
2018-07-18 00:00:00+09:00,2659.074952340012,2667.138185012202,2611.591471048226,2621.446533203125,170200
2018-07-19 00:00:00+09:00,2625.9259428844366,2625.9259428844366,2581.1302086148285,2590.08935546875,129500
2018-07-20 00:00:00+09:00,2579.3394334686795,2608.9046301704743,2575.755773262402,2588.298583984375,116300
2018-07-23 00:00:00+09:00,2588.297850301443,2632.1976753844374,2588.297850301443,2601.736572265625,94200
2018-07-24 00:00:00+09:00,2610.6954752604165,2616.0709635416665,2547.9814453125,2556.044677734375,145400
2018-07-25 00:00:00+09:00,2556.0443507234813,2570.378984306228,2539.02197334397,2544.3974609375,120400
2018-07-26 00:00:00+09:00,2589.194005565637,2619.6551115134675,2581.13077163827,2615.175537109375,87700
2018-07-27 00:00:00+09:00,2631.3019965277776,2667.138591645623,2618.759188236532,2660.8671875,120300
2018-07-30 00:00:00+09:00,2649.219807942708,2674.305419921875,2631.301513671875,2663.554443359375,74800
2018-07-31 00:00:00+09:00,2652.8036306084296,2659.0750339904826,2615.1752103161116,2635.78125,132400
2018-08-01 00:00:00+09:00,2647.428467790326,2651.0121273067934,2628.614255328872,2642.052978515625,105700
2018-08-02 00:00:00+09:00,2669.8263397682476,2686.848722471468,2639.3652338782745,2642.052978515625,181800
2018-08-03 00:00:00+09:00,2678.785399982772,2750.4585879421775,2663.5548475413984,2681.47314453125,263600
2018-08-06 00:00:00+09:00,2675.2013346354165,2696.7032877604165,2652.803466796875,2663.554443359375,152800
2018-08-07 00:00:00+09:00,2654.595706447771,2676.993577747533,2625.926431184076,2633.09375,175800
2018-08-08 00:00:00+09:00,2633.093760218652,2642.0529087733257,2565.900146058598,2568.587890625,173500
2018-08-09 00:00:00+09:00,2563.2116675148545,2567.691240509463,2531.8546565525967,2544.3974609375,171400
2018-08-10 00:00:00+09:00,2544.3978672694493,2580.2344569493007,2528.271401913516,2562.316162109375,172100
2018-08-13 00:00:00+09:00,2544.397949390862,2558.732585725458,2530.0633130562655,2541.710205078125,123900
2018-08-14 00:00:00+09:00,2536.334952079599,2595.4653324530545,2536.334952079599,2592.777587890625,107900
2018-08-15 00:00:00+09:00,2598.152833560847,2611.5915551137477,2565.003987063691,2573.963134765625,81000
2018-08-16 00:00:00+09:00,2543.501789699901,2556.0445952848954,2512.144775737416,2522.895751953125,134800
2018-08-17 00:00:00+09:00,2526.4796550056535,2529.1673993194895,2499.6022118672954,2525.583740234375,112800
2018-08-20 00:00:00+09:00,2521.9999186197915,2521.9999186197915,2496.914306640625,2499.60205078125,108500
2018-08-21 00:00:00+09:00,2495.1227211789674,2505.8736987926645,2480.7880843607036,2496.91455078125,89800
2018-08-22 00:00:00+09:00,2489.7475629312735,2499.6026270522684,2463.7660302486515,2470.933349609375,95100
2018-08-23 00:00:00+09:00,2477.2041017387114,2502.289712895559,2471.8286136336724,2482.57958984375,88200
2018-08-24 00:00:00+09:00,2506.7694500738985,2518.416341728995,2487.9552404772035,2500.498046875,96900
2018-08-27 00:00:00+09:00,2513.937249237738,2556.94116511921,2504.082185181567,2543.50244140625,94800
2018-08-28 00:00:00+09:00,2553.3571741887645,2599.944743682735,2553.3571741887645,2590.985595703125,143800
2018-08-29 00:00:00+09:00,2598.1534783301554,2631.302333053678,2591.882073382462,2613.384033203125,174800
2018-08-30 00:00:00+09:00,2623.2384420878334,2668.0341805114645,2616.967038708525,2654.595458984375,862400
2018-08-31 00:00:00+09:00,2631.3016746780536,2663.5546063390716,2625.030271299522,2659.970947265625,147800
2018-09-03 00:00:00+09:00,2649.219807942708,2659.970784505208,2632.1974283854165,2650.11572265625,106600
2018-09-04 00:00:00+09:00,2663.554524548422,2677.889160402029,2642.052570768011,2669.825927734375,105200
2018-09-05 00:00:00+09:00,2660.8669438535867,2665.346517833138,2622.342607629444,2655.491455078125,91600
2018-09-06 00:00:00+09:00,2643.8445669868906,2643.8445669868906,2598.152912321919,2609.7998046875,123000
2018-09-07 00:00:00+09:00,2598.152908867386,2651.907796637056,2596.3610792750637,2647.42822265625,97000
2018-09-10 00:00:00+09:00,2649.220134900964,2660.8670276144276,2635.7814125392747,2637.5732421875,82600
2018-09-11 00:00:00+09:00,2638.468911804609,2676.097330920328,2638.468911804609,2669.825927734375,106900
2018-09-12 00:00:00+09:00,2669.8258463541665,2684.160481770833,2642.9484049479165,2679.680908203125,116400
2018-09-13 00:00:00+09:00,2680.5767430840165,2750.4580886590675,2666.242108094262,2732.539794921875,154300
2018-09-14 00:00:00+09:00,2728.0600549316405,2741.498774414062,2672.51334773763,2687.743896484375,218200
2018-09-17 00:00:00+09:00,2687.743896484375,2687.743896484375,2687.743896484375,2687.743896484375,0
2018-09-18 00:00:00+09:00,2679.681146838618,2745.978841544756,2668.034254525378,2741.499267578125,169700
2018-09-19 00:00:00+09:00,2759.417639571629,2799.7338063835523,2723.58104684992,2790.774658203125,339100
2018-09-20 00:00:00+09:00,2799.7336441557704,2799.7336441557704,2750.458332018629,2772.856201171875,285200
2018-09-21 00:00:00+09:00,2777.336017571845,2804.2134629031852,2754.938146462395,2786.295166015625,476300
2018-09-24 00:00:00+09:00,2786.295166015625,2786.295166015625,2786.295166015625,2786.295166015625,0
2018-09-25 00:00:00+09:00,2772.8563618422704,2804.213380473766,2768.3767877520568,2790.774658203125,775200
2018-09-26 00:00:00+09:00,2761.492922288343,2793.0270992149635,2734.4636277798113,2788.522216796875,494200
2018-09-27 00:00:00+09:00,2793.0270992149635,2815.551511305407,2775.007569542609,2788.522216796875,147200
2018-09-28 00:00:00+09:00,2793.026851498984,2811.0463795731707,2765.9975593877034,2770.50244140625,141100
2018-10-01 00:00:00+09:00,2743.4733858330305,2747.9782682399814,2702.0284676890833,2711.939208984375,117700
2018-10-02 00:00:00+09:00,2729.9585008808212,2770.5024390127146,2720.9487368515115,2756.98779296875,173200
2018-10-03 00:00:00+09:00,2752.4826624017014,2775.007070440995,2720.9484911466902,2738.968017578125,100800
2018-10-04 00:00:00+09:00,2747.9782698728854,2747.9782698728854,2720.9489754151195,2729.958740234375,97500
2018-10-05 00:00:00+09:00,2716.4438508739186,2747.978024930498,2711.9389688658357,2734.46337890625,129000
2018-10-08 00:00:00+09:00,2734.46337890625,2734.46337890625,2734.46337890625,2734.46337890625,0
2018-10-09 00:00:00+09:00,2720.94873046875,2770.5024325137106,2711.938966460575,2720.94873046875,137800
2018-10-10 00:00:00+09:00,2720.94849825682,2775.0070776923862,2720.94849825682,2765.997314453125,100800
2018-10-11 00:00:00+09:00,2694.8206006904625,2711.939153486557,2641.6629893762743,2651.57373046875,172600
2018-10-12 00:00:00+09:00,2606.5249487858587,2641.663031399978,2560.575148444317,2581.297607421875,190900
2018-10-15 00:00:00+09:00,2590.3072195080117,2603.8218658706624,2543.4564454508236,2544.357421875,141900
2018-10-16 00:00:00+09:00,2540.7532194903365,2548.8620063610506,2515.525882559227,2529.04052734375,130700
2018-10-17 00:00:00+09:00,2553.3668074802035,2588.5048828125,2536.248257959341,2588.5048828125,114000
2018-10-18 00:00:00+09:00,2602.019728181112,2624.54413718545,2602.019728181112,2609.2275390625,82100
2018-10-19 00:00:00+09:00,2579.495557593037,2608.326803783389,2559.67407583717,2586.703369140625,60900
2018-10-22 00:00:00+09:00,2569.5845762105173,2627.2470631942033,2563.2777416966765,2595.712890625,54700
2018-10-23 00:00:00+09:00,2585.8022842570595,2587.6042370683886,2522.733935860546,2524.535888671875,133800
2018-10-24 00:00:00+09:00,2527.238869815643,2553.3671861167672,2511.922270604639,2544.357421875,142900
2018-10-25 00:00:00+09:00,2498.407417189204,2511.9220624318427,2477.6849611504904,2478.5859375,140800
2018-10-26 00:00:00+09:00,2479.487598119752,2491.2002938957535,2460.567089558518,2467.77490234375,129100
2018-10-29 00:00:00+09:00,2484.893116292024,2517.328269369077,2484.893116292024,2495.704833984375,66600
2018-10-30 00:00:00+09:00,2502.0115237186264,2526.337887110921,2493.001759499258,2503.8134765625,148500
2018-10-31 00:00:00+09:00,2493.9027860197957,2518.2291499007692,2483.091068739363,2514.625244140625,164800
2018-11-01 00:00:00+09:00,2520.9324707205824,2539.852978899686,2505.615868861308,2520.031494140625,151600
2018-11-02 00:00:00+09:00,2513.724560069727,2514.625536614555,2455.161084655916,2489.398193359375,134500
2018-11-05 00:00:00+09:00,2470.4771954968783,2482.189888254522,2451.5566918114537,2462.368408203125,87000
2018-11-06 00:00:00+09:00,2470.4774952915736,2537.1497544642857,2470.4774952915736,2522.734130859375,64600
2018-11-07 00:00:00+09:00,2541.6541007307933,2567.78241300346,2529.040432737092,2538.951171875,132200
2018-11-08 00:00:00+09:00,2584.000246006884,2601.1187971484915,2573.188529496395,2593.010009765625,66400
2018-11-09 00:00:00+09:00,2568.6842278233867,2653.37602628547,2568.6842278233867,2605.624267578125,165500
2018-11-12 00:00:00+09:00,2616.435742389061,2633.5542958000087,2602.9210949593653,2619.138671875,74000
2018-11-13 00:00:00+09:00,2585.802243528349,2591.208101877189,2544.357329520578,2572.28759765625,92600
2018-11-14 00:00:00+09:00,2571.386381036313,2603.82152809914,2565.079546885208,2585.802001953125,104200
2018-11-15 00:00:00+09:00,2590.3070434237698,2649.77148337715,2588.5050906979095,2645.2666015625,133500
2018-11-16 00:00:00+09:00,2639.8609386961975,2658.78144371757,2623.643362963593,2647.9697265625,105900
2018-11-19 00:00:00+09:00,2637.1575156102544,2646.167278219104,2608.326275261936,2625.44482421875,70200
2018-11-20 00:00:00+09:00,2620.940578746147,2657.8806144039645,2620.940578746147,2648.870849609375,73600
2018-11-21 00:00:00+09:00,2603.821680901459,2620.9402317447557,2592.108988219203,2609.2275390625,99100
2018-11-22 00:00:00+09:00,2609.227980903957,2653.375830028368,2599.317239263783,2652.474853515625,72300
2018-11-23 00:00:00+09:00,2652.474853515625,2652.474853515625,2652.474853515625,2652.474853515625,0
2018-11-26 00:00:00+09:00,2620.940383561854,2645.2667466956354,2582.1983978302765,2637.157958984375,101400
2018-11-27 00:00:00+09:00,2656.9796349740477,2657.8806114525064,2615.534716964958,2617.336669921875,109500
2018-11-28 00:00:00+09:00,2633.5540525839806,2661.4843213592467,2611.0296422813462,2632.653076171875,179300
2018-11-29 00:00:00+09:00,2643.4644076780487,2691.216150557032,2643.4644076780487,2654.276123046875,139800
2018-11-30 00:00:00+09:00,2654.2766613447643,2682.206931711936,2644.3659202467356,2665.08837890625,118800
2018-12-03 00:00:00+09:00,2702.929192620355,2707.434074608055,2660.5833019359693,2666.89013671875,93500
2018-12-04 00:00:00+09:00,2665.9893482662633,2666.8903247273197,2600.2180666091367,2602.02001953125,98000
2018-12-05 00:00:00+09:00,2549.7633827879836,2593.010252884741,2544.357524025889,2584.00048828125,105000
2018-12-06 00:00:00+09:00,2568.6839337352308,2594.8122515459363,2537.1497570671377,2549.763427734375,112200
2018-12-07 00:00:00+09:00,2541.655126607439,2558.773682936947,2520.031687033324,2545.259033203125,168700
2018-12-10 00:00:00+09:00,2540.753467108323,2559.673971650619,2537.1495614812193,2542.555419921875,95800
2018-12-11 00:00:00+09:00,2526.337543831351,2539.852188324029,2501.1102074450177,2509.218994140625,112600
2018-12-12 00:00:00+09:00,2525.4371587757364,2561.4762191935133,2525.4371587757364,2535.347900390625,106200
2018-12-13 00:00:00+09:00,2541.6541007307933,2555.168745009759,2534.446290448678,2538.951171875,97600
2018-12-14 00:00:00+09:00,2533.545702707814,2556.0701132937656,2527.238867743748,2530.8427734375,126500
2018-12-17 00:00:00+09:00,2539.8523452013665,2549.7630851081476,2528.139652584262,2546.1591796875,107600
2018-12-18 00:00:00+09:00,2527.238717428068,2552.466055783856,2511.922119140625,2511.922119140625,150800
2018-12-19 00:00:00+09:00,2534.446290448678,2547.0599584423794,2524.53555131077,2538.951171875,135600
2018-12-20 00:00:00+09:00,2523.6349984186245,2550.6642915112907,2438.042236958514,2442.547119140625,203700
2018-12-21 00:00:00+09:00,2453.358979523429,2453.358979523429,2360.5584011573205,2393.89453125,254300
2018-12-24 00:00:00+09:00,2393.89453125,2393.89453125,2393.89453125,2393.89453125,0
2018-12-25 00:00:00+09:00,2360.557991963936,2364.1618972951783,2255.143761025088,2298.390625,164500
2018-12-26 00:00:00+09:00,2298.3907318584734,2391.191298452524,2298.3907318584734,2342.53857421875,121900
2018-12-27 00:00:00+09:00,2429.032669100626,2483.992236168556,2419.1219274982127,2481.289306640625,89900
2018-12-28 00:00:00+09:00,2480.387990400373,2500.209470890314,2460.5665099104317,2491.19970703125,84900
2018-12-31 00:00:00+09:00,2491.19970703125,2491.19970703125,2491.19970703125,2491.19970703125,0
2019-01-04 00:00:00+09:00,2478.5865714625884,2543.4568852195152,2468.675829083058,2520.031494140625,152800
2019-01-07 00:00:00+09:00,2549.7633308012496,2590.3072706903154,2529.040872635727,2555.169189453125,128800
2019-01-08 00:00:00+09:00,2556.069721295023,2571.386318144517,2526.3375038812987,2538.951171875,95500
2019-01-09 00:00:00+09:00,2541.654491910363,2567.782808204372,2530.8427748231866,2539.8525390625,65700
2019-01-10 00:00:00+09:00,2539.8528812715717,2572.288036903277,2527.2392096370195,2561.476318359375,80000
2019-01-11 00:00:00+09:00,2578.594674973774,2578.594674973774,2538.050733543369,2549.763427734375,56300
2019-01-15 00:00:00+09:00,2524.5354962655915,2553.3667367654125,2509.2188997500616,2519.129638671875,111000
2019-01-16 00:00:00+09:00,2504.714306253937,2525.436762744527,2494.80356619322,2502.912353515625,64900
2019-01-17 00:00:00+09:00,2498.407175633671,2515.5257246192605,2483.0905791728806,2492.100341796875,92100
2019-01-18 00:00:00+09:00,2486.6948796339666,2537.149558351178,2486.6948796339666,2524.535888671875,95900
2019-01-21 00:00:00+09:00,2531.7434611420013,2556.069821800661,2520.030768973017,2547.06005859375,74200
2019-01-22 00:00:00+09:00,2550.6642561496765,2565.9808553565094,2529.9417983992553,2539.8525390625,57800
2019-01-23 00:00:00+09:00,2521.832857267903,2540.753361020181,2500.209424408157,2502.912353515625,71300
2019-01-24 00:00:00+09:00,2500.209522590116,2521.832956299004,2482.1899944993766,2506.516357421875,77000
2019-01-25 00:00:00+09:00,2486.694533507948,2529.0404186800038,2486.694533507948,2493.90234375,63400
2019-01-28 00:00:00+09:00,2485.793892952052,2493.0017041675706,2465.972412109375,2465.972412109375,65000
2019-01-29 00:00:00+09:00,2465.972030187291,2500.20912815847,2465.972030187291,2492.100341796875,66800
2019-01-30 00:00:00+09:00,2497.50703125,2509.2197265625,2474.081640625,2477.685546875,112800
2019-01-31 00:00:00+09:00,2522.733931907184,2537.1495543752253,2491.1997577583443,2502.011474609375,67400
2019-02-01 00:00:00+09:00,2484.8929703017784,2508.3183572589382,2484.8929703017784,2494.8037109375,50400
2019-02-04 00:00:00+09:00,2519.129931063708,2546.159222169542,2511.021143731958,2516.427001953125,106300
2019-02-05 00:00:00+09:00,2525.4374023089226,2540.7540044634898,2514.625683140993,2526.33837890625,89000
2019-02-06 00:00:00+09:00,2537.149301777294,2537.149301777294,2482.189746589647,2483.99169921875,81800
2019-02-07 00:00:00+09:00,2477.68559684796,2478.586573428632,2418.221142523609,2420.924072265625,103700
2019-02-08 00:00:00+09:00,2330.826220533058,2340.736962096979,2256.045170550745,2328.123291015625,420300
2019-02-12 00:00:00+09:00,2354.251283508074,2442.546968844389,2354.251283508074,2423.62646484375,148600
2019-02-13 00:00:00+09:00,2436.240476872195,2443.448288933947,2404.70629910203,2409.211181640625,82000
2019-02-14 00:00:00+09:00,2411.9140116488643,2422.7257292954037,2385.78569400306,2392.092529296875,71800
2019-02-15 00:00:00+09:00,2385.7849579782196,2385.7849579782196,2346.1420055042613,2378.5771484375,81300
2019-02-18 00:00:00+09:00,2419.1218744163243,2419.1218744163243,2383.9837913242436,2411.9140625,83200
2019-02-19 00:00:00+09:00,2416.4186537958876,2430.8342758916124,2409.2108427480252,2423.62646484375,60800
2019-02-20 00:00:00+09:00,2424.527785242849,2458.764892578125,2420.0229026987336,2458.764892578125,66900
2019-02-21 00:00:00+09:00,2468.67583058225,2477.685596387295,2429.0328610400534,2443.448486328125,70000
2019-02-22 00:00:00+09:00,2450.655401517287,2450.655401517287,2397.497802734375,2397.497802734375,84600
2019-02-25 00:00:00+09:00,2397.49838994962,2410.112060546875,2386.6866722948307,2410.112060546875,74300
2019-02-26 00:00:00+09:00,2410.1121087891356,2421.8248031496064,2400.201367407199,2402.904296875,55400
2019-02-27 00:00:00+09:00,2418.2207528422286,2431.7353993745064,2407.4090356164065,2424.527587890625,97900
2019-02-28 00:00:00+09:00,2423.626804932834,2437.141452543984,2395.696533203125,2395.696533203125,113800
2019-03-01 00:00:00+09:00,2386.686280492741,2396.5970200493357,2378.5774935827994,2391.191162109375,87400
2019-03-04 00:00:00+09:00,2418.2210444442485,2418.2210444442485,2388.488818487967,2394.795654296875,62800
2019-03-05 00:00:00+09:00,2373.171828330126,2397.498191035105,2367.765969951242,2384.884521484375,93200
2019-03-06 00:00:00+09:00,2384.8847179900436,2402.003270933682,2380.3798356364546,2396.597412109375,95200
2019-03-07 00:00:00+09:00,2398.399464630603,2431.7355954312534,2392.9936055818484,2427.230712890625,116700
2019-03-08 00:00:00+09:00,2428.1315405574846,2440.745210898043,2408.31005859375,2408.31005859375,140600
2019-03-11 00:00:00+09:00,2410.1117661689177,2420.0225061419487,2395.696144389963,2403.804931640625,96800
2019-03-12 00:00:00+09:00,2422.725494731938,2465.0713847477064,2422.725494731938,2455.16064453125,54400
2019-03-13 00:00:00+09:00,2423.626707615362,2436.2403782126166,2400.2013193633175,2410.112060546875,93200
2019-03-14 00:00:00+09:00,2429.032909867326,2444.349512043789,2418.2211906839407,2436.24072265625,42300
2019-03-15 00:00:00+09:00,2413.716354632718,2462.36909190415,2413.716354632718,2460.567138671875,180900
2019-03-18 00:00:00+09:00,2465.972558700751,2470.4774409782462,2450.655958957268,2466.87353515625,88900
2019-03-19 00:00:00+09:00,2459.666113496352,2463.2700198897533,2435.3397453408934,2454.26025390625,110600
2019-03-20 00:00:00+09:00,2449.7549318918536,2471.3783663771073,2438.0422382123415,2451.556884765625,177000
2019-03-22 00:00:00+09:00,2438.0422382123415,2456.061766950053,2434.4383324647993,2451.556884765625,406100
2019-03-25 00:00:00+09:00,2422.7257792689943,2429.0326146929,2378.577931301653,2398.3994140625,630600
2019-03-26 00:00:00+09:00,2420.9238805168334,2508.3186019199347,2420.9238805168334,2481.289306640625,713800
2019-03-27 00:00:00+09:00,2446.3796414451836,2488.99633645924,2446.3796414451836,2474.488525390625,404800
2019-03-28 00:00:00+09:00,2475.3945010090165,2475.3945010090165,2399.228516362585,2401.0419921875,94100
2019-03-29 00:00:00+09:00,2422.8046875,2429.15185546875,2406.4833984375,2428.2451171875,123200
2019-04-01 00:00:00+09:00,2446.3798828125,2498.970703125,2445.47314453125,2487.18310546875,117400
2019-04-02 00:00:00+09:00,2488.08984375,2493.5302734375,2446.3798828125,2454.54052734375,74200
2019-04-03 00:00:00+09:00,2431.8720703125,2481.74267578125,2424.6181640625,2459.07421875,98500
2019-04-04 00:00:00+09:00,2440.0322229063318,2448.1928657923063,2418.2705085437337,2421.8974609375,77000
2019-04-05 00:00:00+09:00,2418.27099609375,2425.52490234375,2406.4833984375,2418.27099609375,125400
2019-04-08 00:00:00+09:00,2445.4726481518564,2445.4726481518564,2404.669433777799,2405.576171875,39100
2019-04-09 00:00:00+09:00,2384.7211882295255,2392.88183107898,2362.052735869929,2369.306640625,72800
2019-04-10 00:00:00+09:00,2357.5192863558545,2369.3068827876336,2343.9182135499555,2350.265380859375,40200
2019-04-11 00:00:00+09:00,2327.5969262761223,2354.79907188901,2322.1564971535445,2351.172119140625,44700
2019-04-12 00:00:00+09:00,2359.3322751090327,2382.000725100472,2357.5187991097173,2358.425537109375,67700
2019-04-15 00:00:00+09:00,2380.1875020375924,2407.389644918022,2379.2807639415782,2390.16162109375,105900
2019-04-16 00:00:00+09:00,2362.959473777876,2388.348140418621,2362.959473777876,2368.39990234375,78600
2019-04-17 00:00:00+09:00,2346.638671875,2364.7734375,2343.91845703125,2356.61279296875,72300
2019-04-18 00:00:00+09:00,2348.451653661116,2361.145986924149,2316.7158205035335,2317.62255859375,90600
2019-04-19 00:00:00+09:00,2331.22412109375,2342.10498046875,2313.08935546875,2332.130859375,127200
2019-04-22 00:00:00+09:00,2316.716067938157,2354.7990717946745,2308.5554242546173,2350.265380859375,71700
2019-04-23 00:00:00+09:00,2350.2653834685116,2384.721434615041,2350.2653834685116,2375.654052734375,64300
2019-04-24 00:00:00+09:00,2378.3742641807294,2386.5349078626305,2336.664307584346,2345.731689453125,84200
2019-04-25 00:00:00+09:00,2361.14624172531,2381.0944818627745,2348.4519070923784,2375.654052734375,80000
2019-04-26 00:00:00+09:00,2375.653807285687,2382.000973946374,2344.824712076636,2369.306640625,84200
2019-05-07 00:00:00+09:00,2367.49365234375,2376.56103515625,2349.35888671875,2352.98583984375,83700
2019-05-08 00:00:00+09:00,2339.38452120016,2356.612546743882,2318.5295429103912,2336.664306640625,149600
2019-05-09 00:00:00+09:00,2312.1821265975914,2320.3427693973476,2294.0473648203556,2301.30126953125,153300
2019-05-10 00:00:00+09:00,2255.9645891725168,2288.60716361392,2145.3425313433177,2163.477294921875,363800
2019-05-13 00:00:00+09:00,2158.036367287277,2158.036367287277,2112.6994688148548,2129.927490234375,182100
2019-05-14 00:00:00+09:00,2128.114990234375,2138.0891124723717,2100.912838676202,2128.114990234375,119900
2019-05-15 00:00:00+09:00,2130.834719671533,2156.223388671875,2118.140385171362,2156.223388671875,100400
2019-05-16 00:00:00+09:00,2148.06298828125,2210.6279296875,2146.24951171875,2209.72119140625,111800
2019-05-17 00:00:00+09:00,2231.48291015625,2231.48291015625,2203.3740234375,2226.94921875,92600
2019-05-20 00:00:00+09:00,2222.415043014594,2252.3373997748886,2216.0678764290774,2240.5498046875,47900
2019-05-21 00:00:00+09:00,2240.55029296875,2249.61767578125,2186.14599609375,2197.02685546875,114600
2019-05-22 00:00:00+09:00,2198.8400824355435,2198.8400824355435,2147.1560062710796,2150.782958984375,117500
2019-05-23 00:00:00+09:00,2150.783203125,2191.58642578125,2150.783203125,2187.052734375,69100
2019-05-24 00:00:00+09:00,2184.33251953125,2237.830078125,2176.171875,2221.5087890625,128300
2019-05-27 00:00:00+09:00,2218.787836672936,2218.787836672936,2196.1193871768905,2203.373291015625,63600
2019-05-28 00:00:00+09:00,2204.28076171875,2217.8818359375,2193.39990234375,2193.39990234375,168100
2019-05-29 00:00:00+09:00,2178.89208984375,2201.560546875,2153.50341796875,2193.39990234375,96700
2019-05-30 00:00:00+09:00,2171.6379390446923,2179.798582656969,2144.4357936704373,2168.010986328125,78000
2019-05-31 00:00:00+09:00,2157.1296362006074,2161.6633260623153,2138.994876753776,2149.875732421875,113900
2019-06-03 00:00:00+09:00,2130.8349609375,2170.7314453125,2122.67431640625,2168.91796875,99100
2019-06-04 00:00:00+09:00,2177.984859388114,2181.6118116935063,2147.1557647922787,2160.7568359375,79900
2019-06-05 00:00:00+09:00,2192.492921027493,2202.467041015625,2181.6120628586223,2202.467041015625,78500
2019-06-06 00:00:00+09:00,2202.4670405120346,2216.974851400545,2197.026611428843,2197.933349609375,63500
2019-06-07 00:00:00+09:00,2197.9333474758114,2202.4670383740704,2166.1975111880006,2178.891845703125,65100
2019-06-10 00:00:00+09:00,2205.1872567595246,2218.7883294780254,2184.332278591158,2213.347900390625,68200
2019-06-11 00:00:00+09:00,2212.4411608016585,2212.4411608016585,2193.3996590078737,2200.653564453125,55200
2019-06-12 00:00:00+09:00,2200.653563443027,2207.000730704709,2191.586181640625,2191.586181640625,56800
2019-06-13 00:00:00+09:00,2176.171137662542,2185.2385174028027,2145.342046545656,2161.663330078125,103400
2019-06-14 00:00:00+09:00,2168.010986634066,2177.0783684267635,2144.435793973051,2170.731201171875,76600
2019-06-17 00:00:00+09:00,2157.13037109375,2157.13037109375,2131.74169921875,2132.6484375,89300
2019-06-18 00:00:00+09:00,2132.6484375,2144.43603515625,2091.84521484375,2096.37890625,100900
2019-06-19 00:00:00+09:00,2108.1662621571218,2137.181883829822,2098.192142207131,2129.021240234375,90700
2019-06-20 00:00:00+09:00,2132.6484375,2152.5966796875,2129.92822265625,2131.74169921875,48100
2019-06-21 00:00:00+09:00,2131.741449120881,2133.554925470622,2069.1765150548067,2080.964111328125,222300
2019-06-24 00:00:00+09:00,2080.057128053357,2086.404294529544,2061.922366692822,2076.43017578125,82400
2019-06-25 00:00:00+09:00,2076.4306640625,2107.259765625,2076.4306640625,2088.21826171875,70000
2019-06-26 00:00:00+09:00,2077.33740234375,2101.8193359375,2074.6171875,2074.6171875,83500
2019-06-27 00:00:00+09:00,2082.77783203125,2092.751953125,2071.89697265625,2092.751953125,74700
2019-06-28 00:00:00+09:00,2092.7517081351903,2104.539304411515,2078.2438973335597,2085.497802734375,95200
2019-07-01 00:00:00+09:00,2113.6064473982806,2126.3007804156878,2100.9121143808734,2122.673828125,84500
2019-07-02 00:00:00+09:00,2125.39453125,2152.5966796875,2122.67431640625,2146.24951171875,78300
2019-07-03 00:00:00+09:00,2146.24951171875,2189.77294921875,2139.90234375,2184.33251953125,139300
2019-07-04 00:00:00+09:00,2193.39990234375,2226.94921875,2193.39990234375,2221.5087890625,100300
2019-07-05 00:00:00+09:00,2221.50854382079,2230.575925632303,2189.772707480493,2211.534423828125,77100
2019-07-08 00:00:00+09:00,2207.0007290663393,2207.0007290663393,2177.078369140625,2177.078369140625,67600
2019-07-09 00:00:00+09:00,2177.0783666755956,2193.3996538893234,2147.156006783761,2155.316650390625,71100
2019-07-10 00:00:00+09:00,2155.316650287872,2158.943603001861,2128.1145049329557,2154.409912109375,91500
2019-07-11 00:00:00+09:00,2154.410399265553,2168.9182134020216,2154.410399265553,2164.384521484375,66800
2019-07-12 00:00:00+09:00,2172.544677019019,2177.078367914301,2165.2907715865686,2166.197509765625,48000
2019-07-16 00:00:00+09:00,2162.57080078125,2163.4775390625,2138.99560546875,2157.13037109375,54300
2019-07-17 00:00:00+09:00,2147.1560068860385,2178.8918431364655,2147.1560068860385,2156.223388671875,72100
2019-07-18 00:00:00+09:00,2127.2080078125,2134.4619140625,2063.736328125,2067.36328125,167200
2019-07-19 00:00:00+09:00,2138.088622839625,2138.9953610172497,2085.4978085373778,2136.275146484375,137200
2019-07-22 00:00:00+09:00,2113.6064425740806,2123.5805613507064,2100.005371515045,2101.81884765625,114000
2019-07-23 00:00:00+09:00,2101.8190933665746,2116.3269041922285,2085.4978061877146,2115.420166015625,136600
2019-07-24 00:00:00+09:00,2115.4199214560545,2119.046873743163,2100.005374235843,2113.6064453125,113500
2019-07-25 00:00:00+09:00,2117.2333996889683,2130.8344707790475,2108.166018962249,2122.673828125,50300
2019-07-26 00:00:00+09:00,2097.2851600205117,2117.2333975996085,2095.4716838769573,2113.6064453125,56500
2019-07-29 00:00:00+09:00,2117.2341301296638,2130.835205912081,2113.6071765876854,2123.581298828125,49300
2019-07-30 00:00:00+09:00,2134.461670439341,2138.995361328125,2123.5808123062607,2138.995361328125,70600
2019-07-31 00:00:00+09:00,2096.378661580245,2108.1662578607566,2089.124756176853,2091.844970703125,131900
2019-08-01 00:00:00+09:00,2079.150636667196,2096.378662003732,2061.015873155053,2095.471923828125,106800
2019-08-02 00:00:00+09:00,2062.8298352789784,2080.057864672517,2038.3478987723709,2051.948974609375,190900
2019-08-05 00:00:00+09:00,2033.8140883456495,2040.1612566998267,1974.8760964854323,2010.2388916015625,156300
2019-08-06 00:00:00+09:00,1955.8341174777463,2019.305785638823,1951.3004268948123,2016.5855712890625,113200
2019-08-07 00:00:00+09:00,2003.8918399852935,2056.482666555043,1998.4514096504918,2051.948974609375,92000
2019-08-08 00:00:00+09:00,2032.0002473657323,2075.5236797055604,2015.6789602382967,2059.202392578125,129100
2019-08-09 00:00:00+09:00,2059.2025117878443,2090.938349706195,2000.2645270823357,2012.0521240234375,132200
2019-08-13 00:00:00+09:00,1991.1970233598338,2016.5856921458426,1963.0881400610383,2006.611572265625,101800
2019-08-14 00:00:00+09:00,2037.440794358118,2043.7879619417881,2002.9847417610515,2012.0521240234375,65100
2019-08-15 00:00:00+09:00,1956.7408505712422,1988.4766845703125,1953.1138981142058,1988.4766845703125,102500
2019-08-16 00:00:00+09:00,1981.2226600196552,2015.6787062808667,1975.782231662622,1996.63720703125,60100
2019-08-19 00:00:00+09:00,2015.67919921875,2034.720703125,2007.5185546875,2019.30615234375,88300
2019-08-20 00:00:00+09:00,2022.0261276654614,2062.829345488307,2022.0261276654614,2061.015869140625,72800
2019-08-21 00:00:00+09:00,2051.041869411579,2065.5496810431373,2037.4407960069925,2039.2542724609375,84000
2019-08-22 00:00:00+09:00,2047.4150390625,2047.4150390625,2012.05224609375,2033.81396484375,93700
2019-08-23 00:00:00+09:00,2053.76220703125,2084.59130859375,2053.76220703125,2071.89697265625,110900
2019-08-26 00:00:00+09:00,2032.00048828125,2099.09912109375,2029.2802734375,2082.77783203125,168800
2019-08-27 00:00:00+09:00,2100.9121147934006,2151.6894468729993,2095.471686356301,2124.4873046875,179400
2019-08-28 00:00:00+09:00,2131.741454453458,2135.3684071620137,2109.073000024987,2126.301025390625,84300
2019-08-29 00:00:00+09:00,2133.55493461295,2164.384032690655,2127.2077673616577,2159.850341796875,86700
2019-08-30 00:00:00+09:00,2176.171875,2233.29638671875,2165.291015625,2212.44140625,199600
2019-09-02 00:00:00+09:00,2194.306640625,2205.1875,2167.1044921875,2168.91796875,153000
2019-09-03 00:00:00+09:00,2163.4775390625,2199.7470703125,2160.75732421875,2187.052734375,83100
2019-09-04 00:00:00+09:00,2163.477294100544,2170.731199529213,2151.6896977789565,2156.223388671875,98300
2019-09-05 00:00:00+09:00,2174.3583984375,2210.6279296875,2170.7314453125,2184.33251953125,130700
2019-09-06 00:00:00+09:00,2197.0266074382534,2197.0266074382534,2160.757080282855,2162.570556640625,103100
2019-09-09 00:00:00+09:00,2159.8508285503362,2176.172119446183,2148.9699679531054,2173.451904296875,74100
2019-09-10 00:00:00+09:00,2172.544678141276,2199.746823527018,2165.290772705078,2176.171630859375,87100
2019-09-11 00:00:00+09:00,2176.1713992082823,2242.3632792675344,2176.1713992082823,2233.2958984375,185500
2019-09-12 00:00:00+09:00,2241.45703125,2245.99072265625,2213.34814453125,2237.830078125,185300
2019-09-13 00:00:00+09:00,2239.6435546875,2274.099609375,2226.04248046875,2266.845703125,209900
2019-09-17 00:00:00+09:00,2248.7111811493965,2268.6594254983024,2244.177489251918,2253.244873046875,181600
2019-09-18 00:00:00+09:00,2237.830078125,2247.80419921875,2206.09423828125,2220.60205078125,194800
2019-09-19 00:00:00+09:00,2207.907474648832,2259.5915510574496,2193.399663727115,2244.177001953125,364600
2019-09-20 00:00:00+09:00,2244.1767560304515,2259.5913034456103,2235.109375198005,2236.01611328125,301900
2019-09-24 00:00:00+09:00,2226.9489787142215,2284.073484275702,2226.9489787142215,2265.031982421875,532800
2019-09-25 00:00:00+09:00,2266.845215818363,2289.513667976547,2253.244144523453,2271.37890625,651900
2019-09-26 00:00:00+09:00,2293.14111328125,2322.15673828125,2199.7470703125,2209.72119140625,1400400
2019-09-27 00:00:00+09:00,2186.431894073039,2224.790348355022,2159.032998157337,2180.038818359375,767400
2019-09-30 00:00:00+09:00,2153.5532041295583,2186.431879001765,2145.3335354115065,2166.33935546875,159800
2019-10-01 00:00:00+09:00,2167.252833337688,2208.351180366848,2167.252833337688,2184.60546875,97100
2019-10-02 00:00:00+09:00,2190.998188728254,2225.703453910277,2190.998188728254,2214.743896484375,111200
2019-10-03 00:00:00+09:00,2179.1257725942933,2182.778959136782,2133.460940813189,2153.553466796875,110200
2019-10-04 00:00:00+09:00,2141.6802919107727,2161.772814905245,2126.154251415044,2158.11962890625,92400
2019-10-07 00:00:00+09:00,2177.298981149958,2178.212277702454,2152.6399742325716,2168.166015625,80500
2019-10-08 00:00:00+09:00,2183.6920044814688,2210.1776038666476,2155.379812035243,2180.038818359375,170800
2019-10-09 00:00:00+09:00,2165.425889462581,2195.564672403224,2158.1195178406065,2188.25830078125,120000
2019-10-10 00:00:00+09:00,2191.9122422071787,2194.652132509938,2141.6809199899308,2175.472900390625,139600
2019-10-11 00:00:00+09:00,2189.17195175324,2192.825138155832,2167.252833337688,2184.60546875,89600
2019-10-15 00:00:00+09:00,2217.484354205057,2239.403474674959,2207.4380906563524,2230.2705078125,126500
2019-10-16 00:00:00+09:00,2242.1427292079816,2278.67458630302,2235.74965421635,2259.495361328125,172300
2019-10-17 00:00:00+09:00,2259.4961596102667,2273.195610860935,2241.230224609375,2241.230224609375,100400
2019-10-18 00:00:00+09:00,2254.0162216548933,2268.628968634828,2216.5710575188114,2230.2705078125,92400
2019-10-21 00:00:00+09:00,2256.755849719721,2274.108484743871,2250.362773658192,2263.14892578125,77600
2019-10-23 00:00:00+09:00,2271.368147272341,2285.06759327519,2256.7554048693023,2284.154296875,114900
2019-10-24 00:00:00+09:00,2302.420394276393,2309.7267660154694,2282.3278719939335,2288.720947265625,77300
2019-10-25 00:00:00+09:00,2288.7212152959055,2298.7674776136446,2281.414842701186,2296.027587890625,92500
2019-10-28 00:00:00+09:00,2301.507088918872,2302.4203853827285,2281.4145667140247,2295.114013671875,71400
2019-10-29 00:00:00+09:00,2309.7265287954597,2329.819049014321,2307.8999360482903,2308.813232421875,130400
2019-10-30 00:00:00+09:00,2296.0273593889015,2326.1661433426934,2296.0273593889015,2309.726806640625,122600
2019-10-31 00:00:00+09:00,2313.380145755539,2319.7732215629962,2286.8945459817883,2300.593994140625,104500
2019-11-01 00:00:00+09:00,2283.2413980287424,2321.599853515625,2275.9350255550503,2321.599853515625,105900
2019-11-05 00:00:00+09:00,2358.1321811244366,2393.7507539609405,2339.866246336486,2380.964599609375,174800
2019-11-06 00:00:00+09:00,2393.750210594585,2393.750210594585,2370.9177972924617,2392.8369140625,85800
2019-11-07 00:00:00+09:00,2392.8369622237765,2415.669375985454,2388.270479471441,2407.44970703125,110000
2019-11-08 00:00:00+09:00,2414.7557876653177,2414.7557876653177,2296.027250450306,2313.3798828125,229900
2019-11-11 00:00:00+09:00,2327.0795043945313,2330.7326904296874,2261.322155761719,2264.975341796875,142900
2019-11-12 00:00:00+09:00,2269.5424030104796,2275.935480202058,2242.143500760856,2274.10888671875,133600
2019-11-13 00:00:00+09:00,2263.14892578125,2286.894636866929,2259.495739460376,2263.14892578125,119000
2019-11-14 00:00:00+09:00,2255.842476889725,2285.0679664688632,2243.9696217482,2267.71533203125,153500
2019-11-15 00:00:00+09:00,2278.6749575642007,2341.692421320485,2278.6749575642007,2316.1201171875,140000
2019-11-18 00:00:00+09:00,2307.900614588714,2329.819733999133,2304.247428020311,2320.686767578125,95300
2019-11-19 00:00:00+09:00,2312.4667027023715,2346.2586726865693,2312.4667027023715,2329.8193359375,79200
2019-11-20 00:00:00+09:00,2313.3806818794687,2335.2998040133443,2303.334417568109,2315.207275390625,100600
2019-11-21 00:00:00+09:00,2315.207353071733,2330.7333984375,2303.3344948508525,2330.7333984375,85500
2019-11-22 00:00:00+09:00,2338.039540319439,2365.4384411825577,2338.039540319439,2344.4326171875,69200
2019-11-25 00:00:00+09:00,2359.0450604615335,2390.0971441067877,2359.0450604615335,2382.790771484375,108900
2019-11-26 00:00:00+09:00,2382.7909118841308,2388.270691673822,2357.218606198904,2359.95849609375,139900
2019-11-27 00:00:00+09:00,2380.964332078594,2391.010595083145,2369.0914758004883,2373.657958984375,87600
2019-11-28 00:00:00+09:00,2392.836813309013,2397.40329577716,2367.2645114873903,2390.096923828125,112900
2019-11-29 00:00:00+09:00,2383.7044659260405,2383.7044659260405,2348.085893446686,2353.565673828125,100800
2019-12-02 00:00:00+09:00,2370.9183364932005,2401.970425646039,2367.2651495340433,2401.05712890625,84700
2019-12-03 00:00:00+09:00,2374.5709106257223,2382.7905791625035,2360.87146306442,2370.917724609375,82600
2019-12-04 00:00:00+09:00,2343.5192689067303,2376.39794921875,2339.866082205395,2376.39794921875,81800
2019-12-05 00:00:00+09:00,2374.5711022841606,2391.0104406845894,2368.1780262395496,2382.790771484375,105800
2019-12-06 00:00:00+09:00,2371.8308865582503,2379.1372581764504,2359.0447362264,2367.264404296875,74900
2019-12-09 00:00:00+09:00,2384.6172452737355,2392.8369140625,2373.657686888717,2392.8369140625,73500
2019-12-10 00:00:00+09:00,2392.837390160149,2403.7969507257676,2379.137939453125,2379.137939453125,84300
2019-12-11 00:00:00+09:00,2375.484413713321,2375.484413713321,2346.2589230409544,2349.912109375,97200
2019-12-12 00:00:00+09:00,2360.87192635632,2370.00489318942,2350.82566283991,2363.61181640625,80800
2019-12-13 00:00:00+09:00,2400.143329413136,2410.1895914464485,2373.657729507131,2387.357177734375,157700
2019-12-16 00:00:00+09:00,2407.4499787589184,2417.496241947973,2368.17822265625,2368.17822265625,121000
2019-12-17 00:00:00+09:00,2394.6638153545673,2394.6638153545673,2350.8255761718747,2374.5712890625,95000
2019-12-18 00:00:00+09:00,2364.524676596632,2366.351269626062,2338.039077669903,2351.738525390625,66400
2019-12-19 00:00:00+09:00,2347.172171749731,2348.9987648794977,2327.992943887185,2335.29931640625,32900
2019-12-20 00:00:00+09:00,2331.646063172701,2354.4784766389434,2317.946615092955,2333.47265625,51200
2019-12-23 00:00:00+09:00,2338.039468464895,2338.039468464895,2297.8544151006545,2302.4208984375,78700
2019-12-24 00:00:00+09:00,2310.640376576206,2315.2068595338665,2286.8946651963715,2290.5478515625,51900
2019-12-25 00:00:00+09:00,2279.58804304103,2279.58804304103,2256.7556307509553,2270.455078125,63900
2019-12-26 00:00:00+09:00,2267.715119756174,2295.114013671875,2265.8885268284607,2295.114013671875,65500
2019-12-27 00:00:00+09:00,2300.5942514806443,2327.9931508631053,2299.6809548345623,2314.293701171875,42800
2019-12-30 00:00:00+09:00,2318.859958806114,2333.472703721788,2299.6807311042908,2301.50732421875,60600
2020-01-06 00:00:00+09:00,2246.7100051096427,2256.7562693601326,2229.3573668587956,2241.230224609375,92700
2020-01-07 00:00:00+09:00,2253.102475213322,2306.0736724416856,2253.102475213322,2297.85400390625,83500
2020-01-08 00:00:00+09:00,2262.235528626105,2282.3280524976326,2233.9233358980428,2260.408935546875,71300
2020-01-09 00:00:00+09:00,2292.374258363441,2301.507223536204,2285.9811827425074,2298.767333984375,27400
2020-01-10 00:00:00+09:00,2290.547941927497,2315.2069508716927,2287.8080520448084,2299.680908203125,28800
2020-01-14 00:00:00+09:00,2299.6807112584324,2301.5073043571283,2249.4494010442886,2267.71533203125,81700
2020-01-15 00:00:00+09:00,2265.888577734375,2292.37417578125,2265.888577734375,2283.2412109375,98700
2020-01-16 00:00:00+09:00,2297.854500826171,2299.6810942290535,2266.802412977169,2271.368896484375,38500
2020-01-17 00:00:00+09:00,2289.634608181206,2295.114387857747,2275.021862377098,2278.675048828125,75000
2020-01-20 00:00:00+09:00,2292.37480109208,2338.039637767221,2292.37480109208,2306.987548828125,127600
2020-01-21 00:00:00+09:00,2306.987103562128,2323.426441592262,2296.9408414326017,2301.50732421875,56800
2020-01-22 00:00:00+09:00,2302.4201578067828,2331.64564176149,2299.680268686029,2308.813232421875,64700
2020-01-23 00:00:00+09:00,2296.027821765916,2311.553865111191,2282.3283717553795,2302.4208984375,103700
2020-01-24 00:00:00+09:00,2319.7732081702543,2345.345511252446,2312.466835861057,2333.47265625,76900
2020-01-27 00:00:00+09:00,2287.807842525711,2310.640256123772,2283.2413598060984,2300.593994140625,197200
2020-01-28 00:00:00+09:00,2283.241469153827,2313.3802565466576,2271.368613514227,2296.94091796875,160400
2020-01-29 00:00:00+09:00,2297.8539589254215,2344.4320797144505,2290.5475870369464,2329.8193359375,124300
2020-01-30 00:00:00+09:00,2342.605897200418,2355.3920502455667,2296.941064896316,2314.293701171875,152200
2020-01-31 00:00:00+09:00,2344.432537434896,2372.744734030331,2324.3400108187807,2328.906494140625,171500
2020-02-03 00:00:00+09:00,2280.501607011297,2338.952589329568,2274.108530820236,2324.33984375,189000
2020-02-04 00:00:00+09:00,2310.6406723450277,2347.1725406824985,2296.9412217184763,2345.345947265625,134000
2020-02-05 00:00:00+09:00,2373.658280677766,2397.403996452149,2358.1322357483614,2369.091796875,168100
2020-02-06 00:00:00+09:00,2383.704281651022,2414.7563680786598,2371.8314250757485,2401.97021484375,173200
2020-02-07 00:00:00+09:00,2443.9813734571576,2472.293564255802,2351.7384292422203,2395.57666015625,255000
2020-02-10 00:00:00+09:00,2400.14331589033,2430.28210182046,2370.0045299602007,2420.23583984375,195600
2020-02-12 00:00:00+09:00,2443.981948171996,2530.7451339254862,2422.9761242527297,2477.77392578125,256300
2020-02-13 00:00:00+09:00,2467.7276792019775,2484.1670197740114,2416.583064088983,2424.802734375,152300
2020-02-14 00:00:00+09:00,2411.1027862887786,2421.149047898315,2371.83103636059,2384.6171875,222800
2020-02-17 00:00:00+09:00,2359.9580750314194,2375.484114998731,2348.9985174074345,2361.78466796875,153000
2020-02-18 00:00:00+09:00,2368.1778260098026,2399.2299070295994,2359.04486100398,2377.310791015625,167200
2020-02-19 00:00:00+09:00,2402.88355524947,2408.3633353070513,2390.09740178178,2396.490478515625,116200
2020-02-20 00:00:00+09:00,2400.143595252404,2416.582934945913,2371.8313991135815,2374.5712890625,113800
2020-02-21 00:00:00+09:00,2365.4378538434116,2379.1373008733926,2358.1314820940884,2361.78466796875,153100
2020-02-25 00:00:00+09:00,2275.021542578125,2314.29329140625,2264.97528125,2283.2412109375,346500
2020-02-26 00:00:00+09:00,2279.5884123448136,2304.2474216129667,2264.062369472273,2280.501708984375,264100
2020-02-27 00:00:00+09:00,2260.409176403097,2290.5479654218047,2230.270387384389,2240.316650390625,299000
2020-02-28 00:00:00+09:00,2176.3861412694573,2218.3977914995853,2160.8600966191925,2167.253173828125,501300
2020-03-02 00:00:00+09:00,2107.888375666469,2152.6399053058353,2090.535741724674,2119.76123046875,308500
2020-03-03 00:00:00+09:00,2178.21266290164,2178.21266290164,2105.14892578125,2105.14892578125,208500
2020-03-04 00:00:00+09:00,2096.929061983755,2099.668951873107,2063.1370866817524,2073.183349609375,168100
2020-03-05 00:00:00+09:00,2094.1886279874343,2113.367852229796,2080.489182100033,2085.0556640625,159900
2020-03-06 00:00:00+09:00,2052.1774525813917,2052.1774525813917,1994.6397669949977,2031.171630859375,240800
2020-03-09 00:00:00+09:00,1980.0271566493968,1986.4202332621946,1899.657050659938,1911.5299072265625,188400
2020-03-10 00:00:00+09:00,1887.7840704637672,2050.350865114251,1848.5123166998862,2004.68603515625,312700
2020-03-11 00:00:00+09:00,1998.2929492364894,2048.5242619458163,1992.8131696681994,2011.0791015625,223900
2020-03-12 00:00:00+09:00,1983.6804489697681,1990.9868226307985,1906.9635255289484,1934.3624267578125,280200
2020-03-13 00:00:00+09:00,1843.032501294811,1917.0095243893995,1786.4081132471013,1880.4776611328125,367900
2020-03-16 00:00:00+09:00,1878.6511600200947,1975.4606023935173,1857.6453376183144,1899.656982421875,232200
2020-03-17 00:00:00+09:00,1874.0843825120194,2165.4259604951258,1843.0323021000268,2137.11376953125,395300
2020-03-18 00:00:00+09:00,2160.8597222613944,2368.1780472628047,2160.8597222613944,2276.848388671875,548700
2020-03-19 00:00:00+09:00,2322.513315984876,2510.652420622267,2322.513315984876,2506.0859375,545400
2020-03-23 00:00:00+09:00,2369.0915987562857,2443.9819268588362,2268.628963496767,2383.704345703125,534600
2020-03-24 00:00:00+09:00,2420.236402282113,2457.6815692608175,2306.0743078348432,2315.207275390625,417000
2020-03-25 00:00:00+09:00,2285.9815390699264,2425.7159279942966,2232.0970361513782,2401.97021484375,440700
2020-03-26 00:00:00+09:00,2385.5311635409107,2522.525679058191,2337.1264347248048,2517.0458984375,517300
2020-03-27 00:00:00+09:00,2512.4786744091853,2538.0509764387953,2461.334070349965,2523.438232421875,902800
2020-03-30 00:00:00+09:00,2431.986358498261,2526.655517578125,2401.6554628707313,2526.655517578125,594500
2020-03-31 00:00:00+09:00,2539.523193818804,2564.3393813805515,2432.905499109075,2442.0966796875,284100
2020-04-01 00:00:00+09:00,2396.140347023876,2417.280058562637,2298.713850366979,2307.905029296875,212800
2020-04-02 00:00:00+09:00,2316.177591851814,2358.45702408403,2253.6775615954953,2254.5966796875,266300
2020-04-03 00:00:00+09:00,2394.302837816108,2417.2807921137673,2262.8689392334963,2288.604248046875,150300
2020-04-06 00:00:00+09:00,2286.765583230198,2338.2361912128713,2238.0523292465964,2320.77294921875,183700
2020-04-07 00:00:00+09:00,2343.750685841787,2422.794826619196,2308.824205033164,2355.69921875,167500
2020-04-08 00:00:00+09:00,2379.596764854948,2500.001236155063,2365.809993332034,2468.751220703125,271700
2020-04-09 00:00:00+09:00,2447.6114823634384,2512.86886698522,2352.942318757192,2396.140869140625,178900
2020-04-10 00:00:00+09:00,2360.2953716673105,2387.8689157288445,2312.501228627318,2378.677734375,191700
2020-04-13 00:00:00+09:00,2371.3242279556166,2374.0815817090534,2303.30950203751,2340.07421875,116700
2020-04-14 00:00:00+09:00,2360.294808330082,2365.8095158261804,2307.905087117148,2355.69921875,132000
2020-04-15 00:00:00+09:00,2354.7801967292353,2394.3022687274233,2336.397837660311,2369.486083984375,175600
2020-04-16 00:00:00+09:00,2356.6188721169933,2419.1189046068357,2347.427690868487,2403.493896484375,168700
2020-04-17 00:00:00+09:00,2403.493377576512,2403.493377576512,2308.8242311557165,2315.258056640625,216900
2020-04-20 00:00:00+09:00,2286.765317758114,2323.530033477698,2281.250610400177,2307.905029296875,142900
2020-04-21 00:00:00+09:00,2289.522972804391,2304.228861027944,2265.6259044411177,2302.390625,113800
2020-04-22 00:00:00+09:00,2311.581646016359,2372.243430762713,2311.581646016359,2347.42724609375,143000
2020-04-23 00:00:00+09:00,2352.942528735632,2404.413146551724,2350.18517420977,2398.8984375,154600
2020-04-24 00:00:00+09:00,2396.1404182050874,2440.258078379174,2379.596295639805,2415.44189453125,173800
2020-04-27 00:00:00+09:00,2436.5818883968595,2458.6407210341754,2419.118645892318,2434.74365234375,155400
2020-04-28 00:00:00+09:00,2425.5523592996524,2443.015600992223,2396.1405838174287,2430.14794921875,122100
2020-04-30 00:00:00+09:00,2449.449210522618,2460.4786253542397,2403.4933153908614,2427.390380859375,203100
2020-05-01 00:00:00+09:00,2407.1701844501604,2440.2584344082384,2395.221649743077,2397.97900390625,132100
2020-05-07 00:00:00+09:00,2401.655523751574,2401.655523751574,2318.0157791433103,2326.287841796875,172300
2020-05-08 00:00:00+09:00,2363.971500965251,2402.574457046332,2350.1847309362934,2380.515625,133100
2020-05-11 00:00:00+09:00,2380.515850360577,2455.8835336538464,2380.515850360577,2449.44970703125,118100
2020-05-12 00:00:00+09:00,2463.236197189246,2514.7068042946926,2453.1258993649617,2467.831787109375,177900
2020-05-13 00:00:00+09:00,2448.5305445040713,2489.890857755829,2438.420245709197,2483.45703125,86100
2020-05-14 00:00:00+09:00,2500.0011290587463,2512.8687819289016,2448.530517578125,2448.530517578125,87500
2020-05-15 00:00:00+09:00,2467.831787109375,2473.34649501353,2414.522944035876,2467.831787109375,119300
2020-05-18 00:00:00+09:00,2480.6996172365443,2497.243742138455,2459.5599020841028,2488.9716796875,80800
2020-05-19 00:00:00+09:00,2519.302827477974,2542.280781030309,2447.61161239469,2533.089599609375,240200
2020-05-20 00:00:00+09:00,2534.008533558239,2542.2805962357957,2518.383526278409,2527.57470703125,124100
2020-05-21 00:00:00+09:00,2536.765708797442,2550.55247895395,2500.920106390522,2506.434814453125,124600
2020-05-22 00:00:00+09:00,2506.4346714628728,2523.897912664851,2483.4567225129013,2504.596435546875,108100
2020-05-25 00:00:00+09:00,2535.846743953541,2568.9349943277084,2525.7364452281013,2552.390869140625,189200
2020-05-26 00:00:00+09:00,2573.5298693426726,2665.441650390625,2546.8754528387663,2665.441650390625,220600
2020-05-27 00:00:00+09:00,2656.2507790097106,2659.92725067616,2619.4860623452164,2644.30224609375,198600
2020-05-28 00:00:00+09:00,2649.817086122554,2679.228860925163,2614.890603544456,2677.390625,207100
2020-05-29 00:00:00+09:00,2664.5229614005775,2717.831802987757,2648.8979561077836,2670.956787109375,286500
2020-06-01 00:00:00+09:00,2640.6254695076777,2674.63282849542,2614.890170814251,2665.441650390625,111100
2020-06-02 00:00:00+09:00,2668.19958776667,2703.1260722086727,2668.19958776667,2679.22900390625,118500
2020-06-03 00:00:00+09:00,2699.449443819764,2702.206797694963,2651.6553099829825,2670.956787109375,108500
2020-06-04 00:00:00+09:00,2706.8026582900793,2706.8026582900793,2660.846755772421,2683.82470703125,103100
2020-06-05 00:00:00+09:00,2682.905280654705,2721.50823433319,2670.9567473732695,2704.964111328125,166400
2020-06-08 00:00:00+09:00,2720.5895701237923,2721.508688221807,2644.3027679885645,2663.604248046875,136000
2020-06-09 00:00:00+09:00,2685.6627285564687,2694.853908325656,2661.765661156582,2681.067138671875,106400
2020-06-10 00:00:00+09:00,2716.912919855442,2716.912919855442,2680.1481983418366,2702.20703125,131100
2020-06-11 00:00:00+09:00,2701.2879198918063,2707.7217461725963,2676.471732808758,2686.58203125,96900
2020-06-12 00:00:00+09:00,2660.846489566979,2697.611207902965,2642.464130398986,2670.956787109375,168000
2020-06-15 00:00:00+09:00,2668.1997093344635,2697.6114870467277,2629.596751087117,2630.515869140625,82300
2020-06-16 00:00:00+09:00,2665.442439376597,2707.721871173605,2636.9497788177437,2697.611572265625,154900
2020-06-17 00:00:00+09:00,2666.361454615686,2681.98646141626,2636.949677108722,2639.70703125,79500
2020-06-18 00:00:00+09:00,2649.8169832169883,2649.8169832169883,2591.9125538230687,2641.544921875,87900
2020-06-19 00:00:00+09:00,2656.2505598935813,2680.1476237542156,2626.8387889881856,2657.169677734375,107700
2020-06-22 00:00:00+09:00,2659.0087257982336,2659.0087257982336,2629.5969459069292,2642.464599609375,55100
2020-06-23 00:00:00+09:00,2639.7071774984906,2684.7439643012153,2617.648343146135,2663.604248046875,77900
2020-06-24 00:00:00+09:00,2679.2292971778625,2681.9866515145804,2649.8175175862016,2667.28076171875,91400
2020-06-25 00:00:00+09:00,2650.736627885192,2700.3690057998247,2634.192501913648,2682.90576171875,90700
2020-06-26 00:00:00+09:00,2682.904893608171,2731.6181376510735,2666.3607729898263,2718.75048828125,163900
2020-06-29 00:00:00+09:00,2672.795153899877,2716.912818063286,2672.795153899877,2704.045166015625,81900
2020-06-30 00:00:00+09:00,2741.7292287023993,2757.354236039959,2684.74390782424,2691.177734375,111800
2020-07-01 00:00:00+09:00,2705.8835327622746,2705.8835327622746,2600.1849572637484,2602.023193359375,118200
2020-07-02 00:00:00+09:00,2613.9716079013524,2681.9863403151007,2613.9716079013524,2650.736328125,120300
2020-07-03 00:00:00+09:00,2670.0377221034532,2692.0965535425175,2628.677413155207,2643.38330078125,95000
2020-07-06 00:00:00+09:00,2622.2436871850878,2681.986357941145,2622.2436871850878,2679.22900390625,58000
2020-07-07 00:00:00+09:00,2684.7436097294963,2684.7436097294963,2630.515649108462,2643.38330078125,63200
2020-07-08 00:00:00+09:00,2643.383635101478,2687.5013035593606,2625.001273244027,2635.111572265625,79600
2020-07-09 00:00:00+09:00,2640.6258631750134,2659.0082221250655,2603.8611452749087,2636.0302734375,120400
2020-07-10 00:00:00+09:00,2635.111050931756,2635.111050931756,2599.265452401467,2600.1845703125,103700
2020-07-13 00:00:00+09:00,2639.706858575531,2643.3833305234075,2602.942139096763,2640.6259765625,81800
2020-07-14 00:00:00+09:00,2627.7584685094776,2627.7584685094776,2584.5599207585346,2604.780517578125,88400
2020-07-15 00:00:00+09:00,2607.537458691891,2607.537458691891,2557.9050925412525,2590.07421875,160500
2020-07-16 00:00:00+09:00,2576.2879152347837,2653.49383206665,2576.2879152347837,2636.94970703125,169600
2020-07-17 00:00:00+09:00,2636.9494684548395,2649.8171200959578,2610.295047198238,2621.324462890625,58000
2020-07-20 00:00:00+09:00,2632.3541167436388,2637.868825088772,2606.6188111330166,2636.94970703125,46400
2020-07-21 00:00:00+09:00,2632.3538555053838,2654.41268669677,2618.5670860107675,2646.140625,93200
2020-07-22 00:00:00+09:00,2646.140513420105,2646.140513420105,2588.236083984375,2588.236083984375,63200
2020-07-27 00:00:00+09:00,2573.530357417076,2618.567138671875,2546.8759358581137,2618.567138671875,106500
2020-07-28 00:00:00+09:00,2599.2656845211727,2643.3833481905563,2585.4789146244907,2593.7509765625,76700
2020-07-29 00:00:00+09:00,2590.074582263732,2603.861352573865,2562.5010416434648,2579.045166015625,54500
2020-07-30 00:00:00+09:00,2575.36845244695,2585.4787497263633,2522.0596122464067,2525.736083984375,124000
2020-07-31 00:00:00+09:00,2509.192546376519,2514.7072552696545,2414.5233770443647,2420.0380859375,151800
2020-08-03 00:00:00+09:00,2427.3905360038325,2466.9126083431606,2402.5743510465804,2435.66259765625,114500
2020-08-04 00:00:00+09:00,2465.993546672251,2559.743580872985,2465.993546672251,2558.824462890625,135700
2020-08-05 00:00:00+09:00,2554.229011891739,2556.986365988779,2478.861333239302,2500.920166015625,112100
2020-08-06 00:00:00+09:00,2486.2139266280233,2500.9198130701852,2427.390380859375,2427.390380859375,147400
2020-08-07 00:00:00+09:00,2445.7731152015435,2478.8613647871334,2377.7583799422746,2460.47900390625,273700
2020-08-11 00:00:00+09:00,2465.074550001418,2532.170166015625,2458.6407238082747,2532.170166015625,119500
2020-08-12 00:00:00+09:00,2534.927575869006,2608.4570196940676,2530.3319856299395,2602.023193359375,171800
2020-08-13 00:00:00+09:00,2614.890492687199,2675.5522756458477,2598.3463700621132,2672.794921875,205800
2020-08-14 00:00:00+09:00,2672.7955006036564,2680.1484455846844,2646.14107504743,2664.5234375,118900
2020-08-17 00:00:00+09:00,2653.4929820075135,2666.3606306906117,2616.728271484375,2616.728271484375,109100
2020-08-18 00:00:00+09:00,2637.8682287744728,2684.7432391115804,2634.191757375484,2670.037353515625,117900
2020-08-19 00:00:00+09:00,2640.626254616232,2679.2292141337684,2635.111546113727,2659.927734375,108900
2020-08-20 00:00:00+09:00,2644.302290710825,2702.2067204344203,2625.9199320684143,2685.66259765625,99500
2020-08-21 00:00:00+09:00,2702.2066690088286,2718.750791472148,2693.01548986254,2713.236083984375,84400
2020-08-24 00:00:00+09:00,2725.18461687455,2753.6772722280443,2713.236083984375,2713.236083984375,84900
2020-08-25 00:00:00+09:00,2756.4347551444207,2784.9274118331427,2748.1626935251143,2761.949462890625,151800
2020-08-26 00:00:00+09:00,2761.9491856598656,2784.927132295971,2727.0227067729857,2780.33154296875,70500
2020-08-27 00:00:00+09:00,2780.3320324772485,2780.3320324772485,2739.8908392775793,2742.648193359375,57900
2020-08-28 00:00:00+09:00,2775.736459305037,2821.6923609491605,2736.214383891091,2771.140869140625,156000
2020-08-31 00:00:00+09:00,2821.6919910795687,2876.8390658237945,2812.500811955531,2835.478759765625,153500
2020-09-01 00:00:00+09:00,2812.5009505641638,2830.883309718178,2757.3538731021213,2761.949462890625,77700
2020-09-02 00:00:00+09:00,2755.5154731977104,2789.5228356087564,2755.5154731977104,2784.92724609375,84300
2020-09-03 00:00:00+09:00,2840.0749330724875,2840.0749330724875,2780.3322564868204,2789.5234375,59800
2020-09-04 00:00:00+09:00,2757.3539683360927,2803.309867808361,2757.3539683360927,2775.736328125,61100
2020-09-07 00:00:00+09:00,2789.523097966681,2803.309867808361,2747.243670452194,2775.736328125,82400
2020-09-08 00:00:00+09:00,2798.714301876905,2826.287841796875,2771.140761956936,2826.287841796875,78600
2020-09-09 00:00:00+09:00,2780.332125613564,2803.3100770649157,2766.545354742753,2794.118896484375,95800
2020-09-10 00:00:00+09:00,2803.309632831493,2844.6699388896627,2794.1184537074555,2835.478759765625,90000
2020-09-11 00:00:00+09:00,2849.265738224638,2863.052507925725,2830.8833786231885,2853.861328125,130600
2020-09-14 00:00:00+09:00,2863.052437835354,2913.6039255017886,2863.052437835354,2890.6259765625,94400
2020-09-15 00:00:00+09:00,2849.265625,2867.6479838709674,2826.2876764112902,2849.265625,73800
2020-09-16 00:00:00+09:00,2853.862020703125,2876.83997578125,2849.2664296875,2872.244384765625,102900
2020-09-17 00:00:00+09:00,2853.861328125,2886.0304574275365,2844.6701483242755,2853.861328125,135200
2020-09-18 00:00:00+09:00,2867.648273218458,2954.964486665815,2867.648273218458,2950.368896484375,258800
2020-09-23 00:00:00+09:00,2950.368695096486,2996.3245937740016,2941.1775153609833,2991.72900390625,258200
2020-09-24 00:00:00+09:00,2982.537763323103,3028.493661063058,2913.60391671317,2959.559814453125,438900
2020-09-25 00:00:00+09:00,2954.964600725872,3042.280817543588,2954.964600725872,3014.707275390625,661600
2020-09-28 00:00:00+09:00,3028.4937547019676,3102.023193359375,3028.4937547019676,3102.023193359375,777700
2020-09-29 00:00:00+09:00,3035.1392304625692,3039.751904065096,2864.4703071690815,2915.209716796875,685200
2020-09-30 00:00:00+09:00,2915.20990802032,2929.0479297356064,2809.118408203125,2809.118408203125,198300
2020-10-02 00:00:00+09:00,2813.7315438196424,2855.245615777637,2730.703399903653,2752.84423828125,175300
2020-10-05 00:00:00+09:00,2781.4423529421133,2901.3718739644933,2781.4423529421133,2827.569091796875,129400
2020-10-06 00:00:00+09:00,2827.568709047379,2882.920788180443,2813.7306892641127,2859.857421875,67400
2020-10-07 00:00:00+09:00,2832.1819040398846,2850.6326004831412,2799.893185264186,2804.505859375,73200
2020-10-08 00:00:00+09:00,2813.7313198457955,2841.4073656147707,2772.217251192333,2818.343994140625,79500
2020-10-09 00:00:00+09:00,2813.7309797420057,2818.3436534792877,2767.604242369186,2776.82958984375,70200
2020-10-12 00:00:00+09:00,2781.4422750313547,2799.892970056438,2755.6113019962377,2758.37890625,80600
2020-10-13 00:00:00+09:00,2743.618869831468,2754.6892889430947,2723.323101460153,2746.386474609375,74100
2020-10-14 00:00:00+09:00,2721.4782259048284,2728.8585058394856,2691.0345711743676,2717.7880859375,86600
2020-10-15 00:00:00+09:00,2712.2521795007146,2721.4775270500368,2658.745163714646,2662.435302734375,109800
2020-10-16 00:00:00+09:00,2666.1251218122356,2666.1251218122356,2618.1533203125,2618.1533203125,69100
2020-10-19 00:00:00+09:00,2619.0761922057545,2657.822652252476,2619.0761922057545,2625.533935546875,64100
2020-10-20 00:00:00+09:00,2610.773394276831,2610.773394276831,2550.8086343376103,2563.72412109375,94800
2020-10-21 00:00:00+09:00,2564.647125200104,2599.7034528107524,2548.964031269024,2557.266845703125,110400
2020-10-22 00:00:00+09:00,2549.885420275545,2556.3431619332614,2487.1530727434406,2496.37841796875,75700
2020-10-23 00:00:00+09:00,2518.5197493954106,2533.280304703222,2501.914124674122,2521.287353515625,56200
2020-10-26 00:00:00+09:00,2550.8087452641853,2562.801697773565,2524.055235820185,2543.428466796875,64600
2020-10-27 00:00:00+09:00,2512.0624596358907,2533.28076171875,2487.1540180603606,2533.28076171875,70600
2020-10-28 00:00:00+09:00,2512.0624912743965,2555.421630859375,2512.0624912743965,2555.421630859375,50100
2020-10-29 00:00:00+09:00,2528.6679360383478,2561.8791894850388,2518.5200530407474,2540.660888671875,43100
2020-10-30 00:00:00+09:00,2528.6679360383478,2560.0341198491114,2515.7524485868566,2540.660888671875,70800
2020-11-02 00:00:00+09:00,2554.499215206994,2631.992149146101,2554.499215206994,2619.07666015625,93000
2020-11-04 00:00:00+09:00,2665.203330417799,2666.1258653192936,2616.308980638587,2652.287841796875,88700
2020-11-05 00:00:00+09:00,2666.125725189926,2715.020072399291,2631.991935628671,2709.48486328125,104900
2020-11-06 00:00:00+09:00,2704.8721560513773,2728.858061937235,2684.576389532574,2721.477783203125,82600
2020-11-09 00:00:00+09:00,2766.6819444264797,2799.8931981775145,2715.94252897351,2786.05517578125,83100
2020-11-10 00:00:00+09:00,2869.083251953125,2905.984644261204,2846.019881760576,2869.083251953125,149600
2020-11-11 00:00:00+09:00,2947.498891099591,2975.1749370254092,2892.1467992479556,2961.3369140625,201500
2020-11-12 00:00:00+09:00,2952.111459968603,2952.111459968603,2846.0199543759813,2938.2734375,140400
2020-11-13 00:00:00+09:00,2915.2101543320373,2915.2101543320373,2799.8932969613084,2818.343994140625,132600
2020-11-16 00:00:00+09:00,2855.2454588283745,2910.5975517297325,2804.5060403354632,2887.5341796875,121600
2020-11-17 00:00:00+09:00,2905.9848773212857,2905.9848773212857,2822.956737969249,2887.5341796875,102100
2020-11-18 00:00:00+09:00,2850.632568359375,2882.9212867712126,2818.3438499475374,2850.632568359375,57600
2020-11-19 00:00:00+09:00,2841.407305743243,2905.984744510135,2822.9566089527025,2901.3720703125,71100
2020-11-20 00:00:00+09:00,2864.4704299660757,2924.4351893695525,2859.8577561658085,2910.59716796875,65800
2020-11-24 00:00:00+09:00,2975.1748111422285,3039.7522489034554,2956.724114639021,2965.949462890625,110300
2020-11-25 00:00:00+09:00,2998.2378416423558,2998.2378416423558,2896.7590223867683,2915.209716796875,110700
2020-11-26 00:00:00+09:00,2905.984391432542,2915.209738706931,2859.8576550605967,2878.308349609375,109000
2020-11-27 00:00:00+09:00,2892.1466348888803,2910.597331124216,2836.794546182873,2850.632568359375,170200
2020-11-30 00:00:00+09:00,2822.956281418976,2827.568955081425,2729.7802734375,2729.7802734375,225200
2020-12-01 00:00:00+09:00,2757.456373986605,2799.8929725825847,2680.8859895634237,2715.019775390625,131600
2020-12-02 00:00:00+09:00,2727.9356513429534,2781.4426746023014,2693.8018606430246,2750.9990234375,158600
2020-12-03 00:00:00+09:00,2749.1537034957805,2786.0550954890123,2738.0832858978106,2760.22412109375,69700
2020-12-04 00:00:00+09:00,2750.998271102853,2767.603894469671,2678.118035215152,2691.9560546875,103300
2020-12-07 00:00:00+09:00,2709.4849569748326,2709.4849569748326,2676.273701118144,2682.7314453125,61700
2020-12-08 00:00:00+09:00,2675.3508009448055,2679.963474739538,2643.0620843816782,2643.984619140625,94400
2020-12-09 00:00:00+09:00,2631.0694986979165,2673.506103515625,2621.8441498245015,2673.506103515625,97100
2020-12-10 00:00:00+09:00,2662.4355795948777,2705.794717585508,2662.4355795948777,2684.576416015625,74600
2020-12-11 00:00:00+09:00,2693.8011987419923,2736.23779296875,2675.350505599924,2736.23779296875,96000
2020-12-14 00:00:00+09:00,2748.230884071539,2841.4068892045457,2748.230884071539,2790.66748046875,94900
2020-12-15 00:00:00+09:00,2762.0692702943916,2786.05517578125,2732.5481558490274,2786.05517578125,55500
2020-12-16 00:00:00+09:00,2832.182222724481,2832.182222724481,2741.7737999795304,2746.386474609375,71000
2020-12-17 00:00:00+09:00,2727.012591016273,2790.667485732147,2726.090056310246,2781.442138671875,91300
2020-12-18 00:00:00+09:00,2767.6043901287144,2772.217064112262,2689.1889324084004,2701.181884765625,150600
2020-12-21 00:00:00+09:00,2723.3224837404823,2759.301337692338,2679.9633520549123,2726.090087890625,90600
2020-12-22 00:00:00+09:00,2703.027152545475,2723.322919561175,2673.506036886275,2697.491943359375,92100
2020-12-23 00:00:00+09:00,2714.0974978885133,2731.625659839527,2685.4989178631754,2730.703125,61600
2020-12-24 00:00:00+09:00,2736.238406742074,2754.68910402287,2704.8722213647206,2731.625732421875,87900
2020-12-25 00:00:00+09:00,2731.625254600237,2755.6111568696074,2702.1041441148577,2713.174560546875,87200
2020-12-28 00:00:00+09:00,2698.414132958344,2742.69580078125,2673.505694807959,2742.69580078125,121800
2020-12-29 00:00:00+09:00,2739.9284155673668,2813.731201171875,2734.393206647029,2813.731201171875,113200
2020-12-30 00:00:00+09:00,2818.343756013316,2841.407125538793,2786.055038677648,2809.118408203125,116400
2021-01-04 00:00:00+09:00,2809.118073943477,2809.118073943477,2727.0124882026007,2749.1533203125,93900
2021-01-05 00:00:00+09:00,2749.1538888090063,2767.604586049335,2706.71728515625,2706.71728515625,62400
2021-01-06 00:00:00+09:00,2706.7172910928,2733.4708021499546,2693.8018029962427,2731.625732421875,59000
2021-01-07 00:00:00+09:00,2763.914114757525,2795.2802963001673,2741.7732807274247,2758.37890625,96300
2021-01-08 00:00:00+09:00,2754.6886321970874,2781.442138671875,2717.7872439560015,2781.442138671875,86500
2021-01-12 00:00:00+09:00,2790.667611055596,2799.89295853016,2746.3859431776887,2776.82958984375,66700
2021-01-13 00:00:00+09:00,2761.1463751392776,2786.054812202011,2742.6956810187344,2781.442138671875,70500
2021-01-14 00:00:00+09:00,2776.8298275170737,2795.2805240454263,2757.4565961623034,2786.05517578125,85500
2021-01-15 00:00:00+09:00,2790.6678370425575,2832.1819040398846,2781.442488820929,2804.505859375,94000
2021-01-18 00:00:00+09:00,2799.892832792418,2822.9562004430973,2781.442138671875,2781.442138671875,40200
2021-01-19 00:00:00+09:00,2772.2167916116036,2804.505506322554,2749.1534239609246,2781.442138671875,48900
2021-01-20 00:00:00+09:00,2764.8366757250164,2766.68174524502,2729.780354844953,2755.611328125,55400
2021-01-21 00:00:00+09:00,2755.6116122144113,2786.0552624330508,2725.167961995772,2734.393310546875,71300
2021-01-22 00:00:00+09:00,2707.6398337631904,2715.9426475634864,2686.421531829101,2688.2666015625,90900
2021-01-25 00:00:00+09:00,2682.731745716328,2702.10498046875,2667.971185904959,2702.10498046875,86700
2021-01-26 00:00:00+09:00,2681.8084483581647,2693.801399795611,2667.047892742846,2679.96337890625,68200
2021-01-27 00:00:00+09:00,2679.0410945595854,2701.1819300518137,2664.2805375647667,2670.73828125,95000
2021-01-28 00:00:00+09:00,2639.371861798635,2681.8084593668764,2633.836653420169,2661.5126953125,131100
2021-01-29 00:00:00+09:00,2647.675062534265,2678.1187130790845,2629.224365234375,2629.224365234375,121900
2021-02-01 00:00:00+09:00,2608.005845299989,2619.9987975422596,2552.653758027969,2592.32275390625,166100
2021-02-02 00:00:00+09:00,2585.8652945560584,2591.4005038915334,2550.8089687647166,2571.104736328125,185000
2021-02-03 00:00:00+09:00,2596.93577829909,2679.04138549931,2596.93577829909,2674.4287109375,172000
2021-02-04 00:00:00+09:00,2655.9778753795304,2683.653921319574,2645.829991868181,2663.358154296875,110000
2021-02-05 00:00:00+09:00,2687.34375580286,2696.5691034025954,2662.435317283575,2678.118408203125,131700
2021-02-08 00:00:00+09:00,2697.491870777027,2795.2805637668916,2691.9566617398646,2730.703125,170800
2021-02-09 00:00:00+09:00,2734.3931653153486,2758.3790702742554,2711.329795162554,2732.548095703125,114000
2021-02-10 00:00:00+09:00,2759.301776555421,2832.1820307673497,2735.3158701059256,2799.893310546875,171100
2021-02-12 00:00:00+09:00,2832.1816132374297,2901.371717795347,2827.5689396002354,2878.308349609375,122500
2021-02-15 00:00:00+09:00,2905.984744510135,2933.660789695946,2882.921373521959,2901.3720703125,97300
2021-02-16 00:00:00+09:00,2915.2099923382234,2915.2099923382234,2864.470577914615,2869.083251953125,57900
2021-02-17 00:00:00+09:00,2864.4708076452675,2896.759528504393,2864.4708076452675,2887.5341796875,67700
2021-02-18 00:00:00+09:00,2887.5335769775784,2901.3715973145318,2864.470209749323,2873.695556640625,49000
2021-02-19 00:00:00+09:00,2859.8580627940873,2869.083411383746,2818.343994140625,2818.343994140625,62600
2021-02-22 00:00:00+09:00,2859.857588684183,2878.3082828047263,2781.442138671875,2781.442138671875,54100
2021-02-24 00:00:00+09:00,2781.442138671875,2813.7308533828254,2764.836513963386,2781.442138671875,71600
2021-02-25 00:00:00+09:00,2818.343868878932,2832.1818911483865,2786.0551502502044,2822.95654296875,58300
2021-02-26 00:00:00+09:00,2799.892922750832,2799.892922750832,2754.688720703125,2754.688720703125,100900
2021-03-01 00:00:00+09:00,2790.667380518561,2790.667380518561,2717.7871414901424,2749.1533203125,98800
2021-03-02 00:00:00+09:00,2764.8370061941037,2781.442633858933,2728.85814625364,2772.21728515625,94300
2021-03-03 00:00:00+09:00,2790.667830670466,2813.731201171875,2745.4636244877047,2813.731201171875,83000
2021-03-04 00:00:00+09:00,2781.4426132780322,2799.893310546875,2749.1538930575575,2799.893310546875,84100
2021-03-05 00:00:00+09:00,2795.279996219758,2859.857421875,2776.8293031754033,2859.857421875,147000
2021-03-08 00:00:00+09:00,2887.5344160529457,2915.210464769108,2864.4710421228106,2896.759765625,96000
2021-03-09 00:00:00+09:00,2942.8857054915165,3021.3011553243628,2910.5969908544625,3007.463134765625,140000
2021-03-10 00:00:00+09:00,3002.8508429077715,3035.1395616487152,2947.498753637582,2984.400146484375,98800
2021-03-11 00:00:00+09:00,2993.62548828125,3007.4635105691445,2970.5621178014253,2993.62548828125,91300
2021-03-12 00:00:00+09:00,2993.6253752811776,2993.6253752811776,2938.273288218968,2979.787353515625,106600
2021-03-15 00:00:00+09:00,3007.4632484494273,3030.526616919132,2984.399879979723,3021.30126953125,102400
2021-03-16 00:00:00+09:00,3012.0760468182575,3044.3647640123277,2989.012677393922,3016.688720703125,112900
2021-03-17 00:00:00+09:00,3021.3018323704155,3081.2666015625,2998.238459604229,3081.2666015625,112400
2021-03-18 00:00:00+09:00,3081.2661309832893,3095.1041525296214,3030.526718646738,3053.590087890625,114600
2021-03-19 00:00:00+09:00,3053.590111782062,3053.590111782062,2965.9493079695862,3016.688720703125,219500
2021-03-22 00:00:00+09:00,2993.6256343092873,2993.6256343092873,2952.111565420561,2961.3369140625,142800
2021-03-23 00:00:00+09:00,2956.7237792196156,2970.5618000271957,2915.209716796875,2915.209716796875,100900
2021-03-24 00:00:00+09:00,2887.5338645897477,2887.5338645897477,2795.2803864878388,2809.118408203125,321300
2021-03-25 00:00:00+09:00,2873.6958185872923,2873.6958185872923,2813.7310583278463,2846.019775390625,302500
2021-03-26 00:00:00+09:00,2864.4703286977915,2896.759044158153,2841.406960511819,2878.308349609375,473900
2021-03-29 00:00:00+09:00,2924.435574955072,2929.048249363518,2841.407435603035,2887.5341796875,662900
2021-03-30 00:00:00+09:00,2862.0622401732394,2880.586914866917,2797.2258787453666,2811.119384765625,634900
2021-03-31 00:00:00+09:00,2778.7013436073303,2815.750694855428,2738.873291015625,2738.873291015625,210300
2021-04-01 00:00:00+09:00,2713.864971854589,2724.053543421279,2675.8893869242006,2694.4140625,124000
2021-04-02 00:00:00+09:00,2717.5703224339977,2729.611363399111,2672.1848603347253,2686.078369140625,81600
2021-04-05 00:00:00+09:00,2683.2996119845197,2716.6440324303057,2673.1110390705294,2703.6767578125,57500
2021-04-06 00:00:00+09:00,2703.6765866597493,2712.9389250861273,2650.8812576293944,2667.553466796875,92400
2021-04-07 00:00:00+09:00,2663.848605482082,2714.7914682433875,2653.6600329298208,2713.865234375,117700
2021-04-08 00:00:00+09:00,2690.7091564335747,2699.0452605326805,2648.1024021492562,2650.881103515625,157800
2021-04-09 00:00:00+09:00,2653.6602522405074,2697.193247652481,2637.914275176602,2687.930908203125,102600
2021-04-12 00:00:00+09:00,2729.61122114762,2740.726027613101,2716.643946937893,2726.83251953125,96600
2021-04-13 00:00:00+09:00,2709.2338807783854,2728.684790691666,2693.487906086682,2702.750244140625,76600
2021-04-14 00:00:00+09:00,2690.709569333913,2698.119440781304,2665.7012531989676,2680.52099609375,56900
2021-04-15 00:00:00+09:00,2694.413942286912,2713.8648507736857,2674.0368000626727,2678.66796875,57400
2021-04-16 00:00:00+09:00,2687.9306969020677,2738.873559868854,2681.447059797204,2726.83251953125,77900
2021-04-19 00:00:00+09:00,2708.3078897403093,2719.42269640135,2653.6600903235244,2658.291259765625,78600
2021-04-20 00:00:00+09:00,2636.061296402269,2636.061296402269,2603.6431146123605,2617.53662109375,82600
2021-04-21 00:00:00+09:00,2593.454643394912,2593.454643394912,2497.1263280688154,2575.856201171875,194900
2021-04-22 00:00:00+09:00,2587.897063483149,2624.9464129961507,2586.044596007499,2609.200439453125,66400
2021-04-23 00:00:00+09:00,2605.495877040906,2649.955102813378,2597.1597722085676,2637.9140625,59200
2021-04-26 00:00:00+09:00,2651.8076225466843,2672.184768091926,2623.094372005662,2658.291259765625,77700
2021-04-27 00:00:00+09:00,2658.291081240456,2671.2583548074826,2632.3565341064027,2653.659912109375,70000
2021-04-28 00:00:00+09:00,2647.1760227039513,2649.9547239174267,2605.4955045018246,2609.200439453125,57200
2021-04-30 00:00:00+09:00,2602.7174322810506,2631.430685092692,2602.7174322810506,2612.906005859375,78700
2021-05-06 00:00:00+09:00,2602.717041015625,2650.8811997817506,2602.717041015625,2602.717041015625,103000
2021-05-07 00:00:00+09:00,2614.758468920742,2624.9470424801216,2588.8239180423216,2606.42236328125,84500
2021-05-10 00:00:00+09:00,2608.2746138996135,2661.069945217894,2608.2746138996135,2638.84033203125,52600
2021-05-11 00:00:00+09:00,2619.3896550950844,2637.9143344097597,2579.5615945685327,2581.4140625,100800
2021-05-12 00:00:00+09:00,2565.667901425559,2567.5203692244227,2502.68399626421,2525.83984375,146600
2021-05-13 00:00:00+09:00,2505.462223307292,2541.5853385416667,2500.8310546875,2500.8310546875,72300
2021-05-14 00:00:00+09:00,2501.7575331017592,2540.659353312894,2438.7736337123038,2462.855712890625,199800
2021-05-17 00:00:00+09:00,2484.159013116639,2523.060832113991,2484.159013116639,2492.4951171875,74900
2021-05-18 00:00:00+09:00,2500.831609010436,2546.2170715443285,2500.831609010436,2540.65966796875,103000
2021-05-19 00:00:00+09:00,2500.8311135428294,2508.240983508882,2486.9376073564804,2489.71630859375,78900
2021-05-20 00:00:00+09:00,2473.044153687301,2502.683634180931,2472.117919921875,2472.117919921875,65200
2021-05-21 00:00:00+09:00,2472.117792821066,2484.1588311525284,2449.88818359375,2449.88818359375,92100
2021-05-24 00:00:00+09:00,2454.5197808118887,2486.011732716645,2454.5197808118887,2461.00341796875,57100
2021-05-25 00:00:00+09:00,2457.29833984375,2490.6427575725006,2451.7409368889585,2457.29833984375,68200
2021-05-26 00:00:00+09:00,2447.10983882121,2468.413217433204,2436.921266441561,2459.15087890625,77200
2021-05-27 00:00:00+09:00,2454.519681275346,2493.421502638955,2426.732666015625,2426.732666015625,170000
2021-05-28 00:00:00+09:00,2457.2983091146307,2549.921690536215,2457.2983091146307,2538.806884765625,125500
2021-05-31 00:00:00+09:00,2565.667544461557,2598.085726431288,2518.4296221628065,2523.060791015625,99100
2021-06-01 00:00:00+09:00,2551.774158164647,2566.5938991921003,2519.355974667092,2538.806884765625,67900
2021-06-02 00:00:00+09:00,2557.331472342355,2609.2005641392298,2516.5771859305246,2593.45458984375,128600
2021-06-03 00:00:00+09:00,2610.127046392205,2640.6927641107795,2606.422110911166,2637.9140625,83000
2021-06-04 00:00:00+09:00,2639.766790747685,2645.3241945176796,2604.569900204382,2612.906005859375,82400
2021-06-07 00:00:00+09:00,2638.840340790825,2644.3977441059337,2582.3400737538855,2607.348388671875,80100
2021-06-08 00:00:00+09:00,2607.3483447814256,2645.323933462079,2601.7909415598665,2637.9140625,53700
2021-06-09 00:00:00+09:00,2637.914059795777,2693.488091954396,2635.135358187846,2675.8896484375,75200
2021-06-10 00:00:00+09:00,2677.7417350125343,2686.077838649723,2647.1760216761754,2678.66796875,73600
2021-06-11 00:00:00+09:00,2661.0694823531753,2664.774417239849,2602.7167578880694,2633.282470703125,173900
2021-06-14 00:00:00+09:00,2654.5863331524374,2663.848672067833,2614.7582758162353,2626.79931640625,60100
2021-06-15 00:00:00+09:00,2615.6842963228796,2639.766375538317,2600.864555267226,2621.24169921875,64800
2021-06-16 00:00:00+09:00,2617.536945099991,2641.619025982015,2586.971227057422,2587.8974609375,73500
2021-06-17 00:00:00+09:00,2599.0122979272214,2622.168145200272,2581.413853999703,2582.340087890625,75400
2021-06-18 00:00:00+09:00,2572.151595550943,2583.266402589694,2508.241455078125,2508.241455078125,158100
2021-06-21 00:00:00+09:00,2457.2980015843477,2475.822675550306,2434.1421591269004,2467.486572265625,153800
2021-06-22 00:00:00+09:00,2538.8070438189175,2566.5940599862165,2525.839769607511,2561.962890625,122900
2021-06-23 00:00:00+09:00,2561.9628934919724,2561.9628934919724,2519.356135321101,2523.9873046875,81400
2021-06-24 00:00:00+09:00,2505.4628194511884,2514.725158894631,2491.5693102860246,2503.6103515625,51100
2021-06-25 00:00:00+09:00,2520.282309161776,2542.511921590987,2500.831398286217,2535.10205078125,57600
2021-06-28 00:00:00+09:00,2523.0605894119467,2536.027861163697,2513.7982524464105,2530.470458984375,43600
2021-06-29 00:00:00+09:00,2501.7578481000764,2508.2414856182922,2475.8232980272137,2502.68408203125,89900
2021-06-30 00:00:00+09:00,2539.733076665235,2539.733076665235,2493.42138671875,2493.42138671875,96600
2021-07-01 00:00:00+09:00,2493.4215483843655,2505.462588551155,2474.89687120469,2478.601806640625,86600
2021-07-02 00:00:00+09:00,2512.8723742906272,2528.6183493599015,2494.34769773854,2501.757568359375,85400
2021-07-05 00:00:00+09:00,2503.6101130073803,2521.2085562730626,2486.937903597786,2510.09375,101900
2021-07-06 00:00:00+09:00,2527.691966048094,2542.5117064133447,2509.16729059153,2529.54443359375,51400
2021-07-07 00:00:00+09:00,2498.9792882858696,2534.1761796701776,2491.569416415489,2506.38916015625,78400
2021-07-08 00:00:00+09:00,2496.2001060440157,2511.019846933331,2474.896728515625,2474.896728515625,121000
2021-07-09 00:00:00+09:00,2459.1507361583513,2496.200088115539,2435.068657386179,2493.42138671875,185100
2021-07-12 00:00:00+09:00,2547.143315594396,2558.258122789717,2518.43006367315,2553.626953125,95000
2021-07-13 00:00:00+09:00,2570.2991124350146,2574.0040480925786,2523.061182801074,2533.249755859375,77000
2021-07-14 00:00:00+09:00,2533.2495474118236,2548.0692888226426,2519.356039839181,2534.17578125,54800
2021-07-15 00:00:00+09:00,2519.3558846189767,2523.987053524526,2474.8966631257003,2479.52783203125,81300
2021-07-16 00:00:00+09:00,2465.634765625,2495.274251913505,2463.7822977319684,2465.634765625,61900
2021-07-19 00:00:00+09:00,2442.4782445343944,2449.8881140665426,2413.7650000973194,2416.543701171875,118000
2021-07-20 00:00:00+09:00,2402.6504977949317,2414.6915372981443,2375.7897173646875,2405.42919921875,144100
2021-07-21 00:00:00+09:00,2434.142928885761,2459.1512466482864,2425.80682296492,2436.921630859375,92300
2021-07-26 00:00:00+09:00,2483.232981496634,2498.978957134621,2476.7493444692277,2485.08544921875,62700
2021-07-27 00:00:00+09:00,2510.0941283958146,2551.774658203125,2494.3481504686083,2551.774658203125,89900
2021-07-28 00:00:00+09:00,2528.6184712242407,2568.446527730703,2517.503664757321,2561.962890625,66900
2021-07-29 00:00:00+09:00,2522.134803661072,2543.4381824654074,2474.8968767471115,2485.08544921875,87500
2021-07-30 00:00:00+09:00,2465.634342111943,2465.634342111943,2416.543951378685,2423.027587890625,146000
2021-08-02 00:00:00+09:00,2423.0279794263897,2457.298635098705,2404.5033006845974,2433.216552734375,141200
2021-08-03 00:00:00+09:00,2437.847848035412,2473.0447394584157,2433.216678111333,2461.929931640625,72100
2021-08-04 00:00:00+09:00,2451.741015792666,2453.593483503881,2423.9540001244454,2427.658935546875,57900
2021-08-05 00:00:00+09:00,2414.6914603899713,2435.068603515625,2400.7979537133892,2435.068603515625,105100
2021-08-06 00:00:00+09:00,2435.9952999695424,2457.2986809198464,2430.437896243376,2447.110107421875,52000
2021-08-10 00:00:00+09:00,2471.1920121915737,2511.9463032472067,2464.7083749781773,2486.93798828125,154200
2021-08-11 00:00:00+09:00,2518.429476159677,2558.2575259849314,2509.1671389910134,2550.84765625,139000
2021-08-12 00:00:00+09:00,2554.552660278545,2555.478894020488,2508.2409731813996,2514.724609375,92100
2021-08-13 00:00:00+09:00,2498.0525617836165,2539.733082836736,2497.126327982436,2537.880615234375,68200
2021-08-16 00:00:00+09:00,2521.208400867293,2536.9543754502265,2503.609958686368,2531.39697265625,80600
2021-08-17 00:00:00+09:00,2536.0284324323943,2571.225320829922,2487.864269362093,2545.290771484375,114300
2021-08-18 00:00:00+09:00,2536.9546663375922,2570.2990869247237,2529.5447950960074,2545.290771484375,110500
2021-08-19 00:00:00+09:00,2525.8399404713964,2540.659683429791,2502.684092098905,2515.6513671875,84200
2021-08-20 00:00:00+09:00,2511.9462858699603,2574.0039559117326,2511.02005198874,2549.921875,90600
2021-08-23 00:00:00+09:00,2568.4464375287635,2591.6022835216304,2564.741502169905,2578.635009765625,79700
2021-08-24 00:00:00+09:00,2578.6349913070612,2598.0859018018346,2571.2251206423857,2597.15966796875,83900
2021-08-25 00:00:00+09:00,2589.7495411206314,2613.8316183985776,2579.5609699645775,2584.192138671875,65900
2021-08-26 00:00:00+09:00,2578.6350139036017,2623.09423828125,2577.708780062401,2623.09423828125,77800
2021-08-27 00:00:00+09:00,2617.536513682253,2634.2087207757704,2600.8643065887354,2614.7578125,74700
2021-08-30 00:00:00+09:00,2631.4302533951973,2642.545059111756,2584.1923290998243,2601.790771484375,119000
2021-08-31 00:00:00+09:00,2573.0777308192924,2573.0777308192924,2516.5774638718567,2518.429931640625,137300
2021-09-01 00:00:00+09:00,2501.757669835697,2514.724943948137,2475.823121610818,2498.052734375,110600
2021-09-02 00:00:00+09:00,2464.7085259000414,2503.6103515625,2436.9215075697143,2503.6103515625,146700
2021-09-03 00:00:00+09:00,2516.5776057055778,2577.7090455202883,2504.536564529953,2566.59423828125,134200
2021-09-06 00:00:00+09:00,2586.971043104849,2592.5284459901436,2516.5772732244445,2538.806884765625,79800
2021-09-07 00:00:00+09:00,2551.774210147613,2597.15966796875,2538.806936484431,2597.15966796875,95500
2021-09-08 00:00:00+09:00,2602.7169276646205,2622.167837088449,2575.856147984096,2593.45458984375,88800
2021-09-09 00:00:00+09:00,2592.5283141040527,2624.0202621853455,2575.8561062963095,2586.044677734375,96700
2021-09-10 00:00:00+09:00,2578.6345556935084,2614.7576690814562,2578.6345556935084,2611.052734375,134600
2021-09-13 00:00:00+09:00,2599.938108449617,2621.2414844718264,2580.4871999076004,2615.68408203125,126200
2021-09-14 00:00:00+09:00,2628.6510865660916,2661.0692641664486,2614.7575818802247,2659.216796875,111900
2021-09-15 00:00:00+09:00,2619.38906794105,2619.38906794105,2551.774003598866,2560.110107421875,148000
2021-09-16 00:00:00+09:00,2579.56136676321,2612.9057865849245,2572.1514956917176,2600.86474609375,118800
2021-09-17 00:00:00+09:00,2601.790835930635,2643.471358400154,2589.749796106107,2635.13525390625,195900
2021-09-21 00:00:00+09:00,2616.6100491716734,2672.184067915143,2600.8640771943574,2659.216796875,133000
2021-09-22 00:00:00+09:00,2646.2500727743522,2653.6599434716554,2603.6433162648595,2610.126953125,206600
2021-09-24 00:00:00+09:00,2666.626666040796,2669.405366977969,2620.3149837545716,2659.216796875,646800
2021-09-27 00:00:00+09:00,2686.0781493548666,2717.570100071441,2671.2584078411846,2674.037109375,756500
2021-09-28 00:00:00+09:00,2680.52064504523,2686.0780479029604,2594.380900750411,2639.766357421875,777300
2021-09-29 00:00:00+09:00,2601.158555703944,2617.904211641952,2549.0609594523626,2574.179443359375,715900
2021-09-30 00:00:00+09:00,2574.1795555506687,2665.3503529644618,2574.1795555506687,2643.953125,216500
2021-10-01 00:00:00+09:00,2610.461425605356,2610.461425605356,2563.015405396563,2582.552001953125,171300
2021-10-04 00:00:00+09:00,2637.4405838235375,2678.37440593579,2629.998070712219,2677.444091796875,138200
2021-10-05 00:00:00+09:00,2673.7235080028818,2702.5632535658915,2636.5109330828695,2653.256591796875,150900
2021-10-06 00:00:00+09:00,2681.1654226998203,2696.0504493352114,2641.1619136172067,2652.32568359375,188300
2021-10-07 00:00:00+09:00,2629.0678516704074,2631.858794188104,2524.8726643430596,2525.802978515625,167900
2021-10-08 00:00:00+09:00,2553.7125181827832,2572.318802468268,2525.803091754556,2533.24560546875,120500
2021-10-11 00:00:00+09:00,2529.5240727973287,2563.9456949722094,2521.151245781817,2563.015380859375,94000
2021-10-12 00:00:00+09:00,2536.9662490010787,2539.757190969177,2491.380863522145,2519.290283203125,108200
2021-10-13 00:00:00+09:00,2504.405032315474,2526.7325660359684,2483.0078125,2483.0078125,96400
2021-10-14 00:00:00+09:00,2469.053807572699,2492.311661826398,2437.423125787668,2491.38134765625,93900
2021-10-15 00:00:00+09:00,2507.1966950643127,2534.1758060687157,2507.1966950643127,2525.802978515625,112300
2021-10-18 00:00:00+09:00,2539.757363028535,2556.5030159715807,2506.266057142445,2516.49951171875,40900
2021-10-19 00:00:00+09:00,2509.0571372128097,2528.5937333868806,2496.032739763429,2515.5693359375,48500
2021-10-20 00:00:00+09:00,2519.2904646614015,2560.224283141867,2509.987324097659,2550.921142578125,62600
2021-10-21 00:00:00+09:00,2550.9214846962377,2572.3187108625443,2536.036457797937,2545.339599609375,71300
2021-10-22 00:00:00+09:00,2534.175812477289,2563.945866074673,2529.524241602698,2560.224609375,47700
2021-10-25 00:00:00+09:00,2558.363745462294,2599.2975653896906,2550.921232748222,2566.736572265625,53600
2021-10-26 00:00:00+09:00,2581.621728462952,2617.9039797818905,2576.0398436446535,2587.20361328125,55900
2021-10-27 00:00:00+09:00,2604.879368702771,2620.694707727038,2570.457748473484,2585.3427734375,63700
2021-10-28 00:00:00+09:00,2582.5521390374333,2639.3013034759356,2549.0608288770054,2609.53125,128900
2021-10-29 00:00:00+09:00,2595.5766676628978,2612.3223235833034,2570.458183782289,2602.0888671875,64700
2021-11-01 00:00:00+09:00,2628.1373066718315,2678.374267578125,2614.1825953089724,2678.374267578125,141100
2021-11-02 00:00:00+09:00,2670.931770583195,2690.4683666062697,2637.440463115067,2663.4892578125,114800
2021-11-04 00:00:00+09:00,2696.0500751742356,2734.1929506339125,2682.0953646402077,2715.586669921875,286400
2021-11-05 00:00:00+09:00,2697.911060600693,2703.49294555366,2665.350065041719,2667.210693359375,76900
2021-11-08 00:00:00+09:00,2697.9108379302616,2718.3777477352496,2657.9073324023298,2658.837646484375,80500
2021-11-09 00:00:00+09:00,2651.395255426813,2652.325569551524,2610.461433939522,2616.9736328125,75500
2021-11-10 00:00:00+09:00,2629.0679076618467,2634.649792816118,2571.388427734375,2571.388427734375,48400
2021-11-11 00:00:00+09:00,2554.6429607453892,2571.3886174436475,2516.500076043801,2553.712646484375,80100
2021-11-12 00:00:00+09:00,2551.851846975357,2614.1828982868224,2538.827448193857,2556.50341796875,102000
2021-11-15 00:00:00+09:00,2555.5730788072124,2576.03999097822,2546.2699369112997,2564.876220703125,62900
2021-11-16 00:00:00+09:00,2559.2942966346263,2585.3430935469382,2528.5939288451164,2532.315185546875,79000
2021-11-17 00:00:00+09:00,2511.8481527391905,2511.8481527391905,2489.520613603731,2490.450927734375,122600
2021-11-18 00:00:00+09:00,2474.635708087621,2509.9876467745867,2468.1235088558115,2504.40576171875,120500
2021-11-19 00:00:00+09:00,2491.3811609977524,2529.5240391160896,2482.0780199932797,2509.05712890625,93900
2021-11-22 00:00:00+09:00,2509.057226347161,2542.5485352639193,2497.8934567082415,2531.384765625,79700
2021-11-24 00:00:00+09:00,2548.1303955078124,2565.806363932292,2481.1477783203127,2483.938720703125,111100
2021-11-25 00:00:00+09:00,2483.938648194174,2511.848071207592,2467.1929943861237,2509.05712890625,70600
2021-11-26 00:00:00+09:00,2488.5906384583213,2488.5906384583213,2447.656811134147,2450.44775390625,130200
2021-11-29 00:00:00+09:00,2421.607833049065,2421.607833049065,2347.1826979572766,2356.48583984375,192600
2021-11-30 00:00:00+09:00,2389.047024708874,2441.1446233785377,2366.719482421875,2366.719482421875,165200
2021-12-01 00:00:00+09:00,2362.998021972465,2407.653102702653,2356.4858226993124,2371.370849609375,116900
2021-12-02 00:00:00+09:00,2353.694726601008,2382.534464357779,2345.3218995103325,2359.276611328125,182000
2021-12-03 00:00:00+09:00,2384.3950694712107,2456.959570219847,2369.510043676619,2451.377685546875,115100
2021-12-06 00:00:00+09:00,2459.7502314981302,2479.286825621224,2419.7467292460806,2425.32861328125,79100
2021-12-07 00:00:00+09:00,2465.332662961595,2501.61491724669,2438.353550800883,2498.823974609375,103500
2021-12-08 00:00:00+09:00,2498.8236146679096,2498.8236146679096,2460.6807374522045,2463.4716796875,96500
2021-12-09 00:00:00+09:00,2455.098726979687,2464.4018672865445,2404.8617693226565,2421.607421875,140600
2021-12-10 00:00:00+09:00,2421.6078545065484,2423.46848290033,2388.1165434184827,2403.931884765625,125800
2021-12-13 00:00:00+09:00,2427.189591483836,2443.93524600538,2409.513622822206,2426.25927734375,57500
2021-12-14 00:00:00+09:00,2413.2350267345323,2432.7716248692373,2387.186229221592,2403.931884765625,91000
2021-12-15 00:00:00+09:00,2388.116548878052,2445.79602921714,2387.1862346790344,2438.353515625,62900
2021-12-16 00:00:00+09:00,2439.2837073365185,2453.2384196210523,2433.701822422705,2452.30810546875,113100
2021-12-17 00:00:00+09:00,2447.6566076535264,2458.820377813862,2412.3046688124646,2455.09912109375,134000
2021-12-20 00:00:00+09:00,2412.3046312547044,2422.538087075685,2386.2558346194824,2394.628662109375,95100
2021-12-21 00:00:00+09:00,2431.841202827509,2460.680941652166,2424.3986895824364,2430.910888671875,99800
2021-12-22 00:00:00+09:00,2437.4233104564523,2446.7264528627747,2408.583568996853,2411.37451171875,60000
2021-12-23 00:00:00+09:00,2428.1201171875,2440.21420206238,2417.886660754909,2428.1201171875,67200
2021-12-24 00:00:00+09:00,2428.1195843446603,2428.1195843446603,2383.4645115291264,2395.55859375,85300
2021-12-27 00:00:00+09:00,2391.837898011722,2411.3744969453064,2386.2560126021262,2398.35009765625,65800
2021-12-28 00:00:00+09:00,2393.6983713609407,2426.2593674735067,2393.6983713609407,2414.165283203125,81700
2021-12-29 00:00:00+09:00,2417.886425725276,2435.5623942088387,2416.025797463848,2434.632080078125,85700
2021-12-30 00:00:00+09:00,2418.8168696399484,2444.8656666976094,2418.8168696399484,2427.189697265625,74300
2022-01-04 00:00:00+09:00,2423.4679852695267,2437.422695357451,2383.464483017477,2425.32861328125,163000
2022-01-05 00:00:00+09:00,2438.3532961571786,2461.6111490392577,2417.886385620949,2457.889892578125,91300
2022-01-06 00:00:00+09:00,2421.607872128115,2445.7960414232866,2386.2559323890187,2389.046875,112200
2022-01-07 00:00:00+09:00,2381.6042728341827,2402.0711845538513,2362.9979894526655,2373.2314453125,131700
2022-01-11 00:00:00+09:00,2373.2316750183227,2380.6741890912926,2336.0191046534724,2360.207275390625,147500
2022-01-12 00:00:00+09:00,2352.764484142789,2422.5380453569883,2351.8341699932666,2417.886474609375,122700
2022-01-13 00:00:00+09:00,2416.9563342218553,2421.607905303884,2387.186279296875,2387.186279296875,91100
2022-01-14 00:00:00+09:00,2368.5797198981727,2374.161604548365,2332.2974696719243,2361.13720703125,126900
2022-01-17 00:00:00+09:00,2347.182381635221,2372.300861343565,2330.4367284963255,2353.694580078125,106700
2022-01-18 00:00:00+09:00,2387.186396184957,2389.047024708874,2348.113197182709,2366.719482421875,136000
2022-01-19 00:00:00+09:00,2335.088663332505,2370.440603255467,2331.367406498509,2339.740234375,151600
2022-01-20 00:00:00+09:00,2330.43691371661,2375.0919923027964,2330.43691371661,2363.92822265625,110300
2022-01-21 00:00:00+09:00,2359.2768033148704,2411.3743983407508,2345.3220903615093,2403.931884765625,91500
2022-01-24 00:00:00+09:00,2412.304793193879,2425.329192385824,2389.0469374939767,2413.235107421875,91000
2022-01-25 00:00:00+09:00,2386.255535428252,2404.86181640625,2364.858312303554,2404.86181640625,89400
2022-01-26 00:00:00+09:00,2401.140911263479,2406.7227963729642,2364.8586580518263,2377.883056640625,89000
2022-01-27 00:00:00+09:00,2374.161785927548,2384.3952419013735,2327.6460769556134,2336.94921875,117200
2022-01-28 00:00:00+09:00,2367.6492607360888,2404.86182279088,2367.6492607360888,2383.464599609375,87300
2022-01-31 00:00:00+09:00,2366.7193916210404,2383.4650476938305,2350.904049774516,2378.8134765625,94400
2022-02-01 00:00:00+09:00,2376.0224685639155,2389.977181574275,2362.9980697542464,2382.53466796875,67400
2022-02-02 00:00:00+09:00,2372.300850201458,2434.631892147928,2372.300850201458,2424.3984375,106400
2022-02-03 00:00:00+09:00,2412.3046736120477,2429.980643067747,2362.998021972465,2371.370849609375,90200
2022-02-04 00:00:00+09:00,2369.510467741716,2419.7474387892435,2347.1829250539263,2405.792724609375,91200
2022-02-07 00:00:00+09:00,2375.0919186567303,2392.767886715672,2361.13720703125,2361.13720703125,71800
2022-02-08 00:00:00+09:00,2376.9526039738666,2437.4230224702665,2376.9526039738666,2434.632080078125,85300
2022-02-09 00:00:00+09:00,2446.725992217319,2446.725992217319,2408.5831155325623,2437.4228515625,96300
2022-02-10 00:00:00+09:00,2446.7260417532416,2454.168554427776,2429.9803882355386,2448.586669921875,90900
2022-02-14 00:00:00+09:00,2452.3079671501705,2487.659902943686,2441.1441979522183,2453.23828125,194600
2022-02-15 00:00:00+09:00,2468.12337251671,2505.3359375,2446.726147651318,2505.3359375,138400
2022-02-16 00:00:00+09:00,2521.1514154415986,2558.363982459187,2519.2907870907193,2532.315185546875,100900
2022-02-17 00:00:00+09:00,2521.1515229474685,2616.0435728886646,2501.6149244301632,2595.57666015625,249800
2022-02-18 00:00:00+09:00,2567.6671729265727,2580.6915716298236,2532.3152335891778,2543.47900390625,104300
2022-02-21 00:00:00+09:00,2524.872276214232,2524.872276214232,2460.680608174887,2470.9140625,83000
2022-02-22 00:00:00+09:00,2450.4473709662907,2450.4473709662907,2404.8619794790666,2423.46826171875,150100
2022-02-24 00:00:00+09:00,2404.8622824063355,2417.8866816147256,2344.391857510238,2385.32568359375,151700
2022-02-25 00:00:00+09:00,2376.952700757186,2416.9562100067196,2376.952700757186,2401.140869140625,89800
2022-02-28 00:00:00+09:00,2401.1406503335775,2428.119758764292,2392.767823579218,2420.67724609375,135900
2022-03-01 00:00:00+09:00,2456.0289754746836,2465.3321155333,2418.8164152402187,2425.32861328125,90200
2022-03-02 00:00:00+09:00,2395.558747507055,2407.652830504178,2376.0221518963176,2379.743408203125,114000
2022-03-03 00:00:00+09:00,2410.444010826563,2431.8412367042206,2380.673957431561,2401.140869140625,140700
2022-03-04 00:00:00+09:00,2401.140911263479,2437.423164475132,2370.4405431613113,2377.883056640625,155300
2022-03-07 00:00:00+09:00,2362.9978678128696,2368.5797525399867,2315.551847632375,2359.276611328125,169100
2022-03-08 00:00:00+09:00,2324.8548660921506,2348.1127178937927,2302.5273283625743,2317.412353515625,202500
2022-03-09 00:00:00+09:00,2324.85489736761,2332.297410044257,2280.199821307728,2287.642333984375,139700
2022-03-10 00:00:00+09:00,2349.04350428117,2369.5104179818377,2333.2281618761085,2360.207275390625,210100
2022-03-11 00:00:00+09:00,2335.088468369732,2363.9282064252943,2319.2731281457136,2350.90380859375,129400
2022-03-14 00:00:00+09:00,2362.9980391642816,2368.5799242961657,2350.903954711866,2356.48583984375,116300
2022-03-15 00:00:00+09:00,2352.764601925629,2439.2838221625143,2352.764601925629,2431.84130859375,166800
2022-03-16 00:00:00+09:00,2458.819951193673,2534.1753867013117,2454.168381100609,2500.68408203125,175700
2022-03-17 00:00:00+09:00,2547.200015457424,2561.154727010332,2472.7748871752497,2515.5693359375,148500
2022-03-18 00:00:00+09:00,2505.335871681811,2513.7086985830874,2457.889852574581,2481.147705078125,197100
2022-03-22 00:00:00+09:00,2514.6386857765688,2533.2449653605613,2488.5898943589796,2499.753662109375,147800
2022-03-23 00:00:00+09:00,2508.126936560887,2531.384790201103,2492.3115960855403,2523.011962890625,189300
2022-03-24 00:00:00+09:00,2519.2906334143395,2548.13037109375,2511.8481204648137,2548.13037109375,421200
2022-03-25 00:00:00+09:00,2564.8760580021753,2564.8760580021753,2530.4544351708078,2546.269775390625,407900
2022-03-28 00:00:00+09:00,2566.7365296933795,2566.7365296933795,2484.868891196454,2534.175537109375,448900
2022-03-29 00:00:00+09:00,2539.757336589512,2540.6876506322187,2460.6806429594358,2496.962890625,577400
2022-03-30 00:00:00+09:00,2500.24102609974,2554.553377977562,2484.321888480378,2540.507080078125,522000
2022-03-31 00:00:00+09:00,2496.495170146816,2552.680357772025,2496.495170146816,2512.414306640625,192200
2022-04-01 00:00:00+09:00,2473.0845093837333,2476.8301883074496,2430.009201760995,2471.211669921875,144500
2022-04-04 00:00:00+09:00,2450.6103578297116,2454.3560366341894,2418.7720879916487,2444.055419921875,84800
2022-04-05 00:00:00+09:00,2452.4834444390253,2487.130976872872,2446.864925665969,2474.95751953125,108000
2022-04-06 00:00:00+09:00,2447.8009828544964,2480.575670842219,2441.2460452569517,2456.228759765625,114100
2022-04-07 00:00:00+09:00,2416.899267332947,2432.8184023754343,2390.679515498262,2424.390625,120800
2022-04-08 00:00:00+09:00,2417.8356567004885,2428.1362733634264,2399.1072627678745,2419.70849609375,159300
2022-04-11 00:00:00+09:00,2418.7721931519836,2418.7721931519836,2390.6796008970246,2407.53515625,71700
2022-04-12 00:00:00+09:00,2392.5523865176256,2419.708558419391,2381.3153498686193,2391.615966796875,92600
2022-04-13 00:00:00+09:00,2411.280573150258,2434.691064151717,2391.6157607090327,2427.19970703125,135700
2022-04-14 00:00:00+09:00,2436.563989313851,2471.211517217238,2430.0090516023993,2447.801025390625,111900
2022-04-15 00:00:00+09:00,2438.43701171875,2449.6740486391127,2423.4542958249326,2438.43701171875,107600
2022-04-18 00:00:00+09:00,2416.898987593774,2433.7545403937306,2396.297756393827,2426.26318359375,100800
2022-04-19 00:00:00+09:00,2440.3097107050744,2448.7374879101185,2420.644897226637,2439.373291015625,68400
2022-04-20 00:00:00+09:00,2466.5296145363,2489.0036884728493,2444.9919603471067,2462.783935546875,134700
2022-04-21 00:00:00+09:00,2467.4660146303872,2493.685767347522,2460.9110764511033,2482.44873046875,78100
2022-04-22 00:00:00+09:00,2462.7838685406355,2465.5931277062714,2432.8184374405214,2459.974609375,82300
2022-04-25 00:00:00+09:00,2416.8994140625,2428.136451245278,2406.5987966449534,2416.8994140625,78300
2022-04-26 00:00:00+09:00,2436.563802268921,2473.0841667149193,2425.3267670547675,2463.719970703125,99400
2022-04-27 00:00:00+09:00,2425.327014273534,2445.92824759941,2398.170843071244,2419.70849609375,265500
2022-04-28 00:00:00+09:00,2445.928332828689,2451.546851204252,2420.6450001386524,2440.309814453125,123200
2022-05-02 00:00:00+09:00,2443.1189635950063,2472.1479738945254,2430.0090879758686,2445.92822265625,61500
2022-05-06 00:00:00+09:00,2455.2924191574166,2510.541180686893,2453.419579783536,2483.385009765625,118300
2022-05-09 00:00:00+09:00,2461.8475491856334,2468.4024875060213,2420.6450797431958,2430.00927734375,96900
2022-05-10 00:00:00+09:00,2413.1534606744044,2426.2633358973153,2396.297906816376,2412.217041015625,116500
2022-05-11 00:00:00+09:00,2392.5522341195506,2421.5812436137603,2383.188037508515,2405.662109375,108000
2022-05-12 00:00:00+09:00,2396.29780935127,2418.7718802478826,2375.696577696043,2404.7255859375,126900
2022-05-13 00:00:00+09:00,2433.7549314819203,2627.593819830038,2430.0092524800243,2592.9462890625,406900
2022-05-16 00:00:00+09:00,2588.264086772941,2600.4375430421333,2563.9171742345557,2592.009765625,188200
2022-05-17 00:00:00+09:00,2599.5007725046644,2637.8939755567862,2594.8186745714784,2635.084716796875,167700
2022-05-18 00:00:00+09:00,2631.3395657128735,2667.8599369096005,2598.564873613247,2664.1142578125,250500
2022-05-19 00:00:00+09:00,2604.1832017787315,2652.8770264793766,2604.1832017787315,2649.13134765625,119400
2022-05-20 00:00:00+09:00,2649.131132351132,2650.0675519808074,2592.94595457062,2616.3564453125,108600
2022-05-23 00:00:00+09:00,2650.067823414113,2665.986958749109,2619.165972469708,2627.59375,94900
2022-05-24 00:00:00+09:00,2626.657164973486,2626.657164973486,2577.9633423073105,2579.836181640625,86900
2022-05-25 00:00:00+09:00,2585.454662988529,2609.801573976469,2575.154046801324,2581.708984375,84900
2022-05-26 00:00:00+09:00,2580.7723356651995,2651.9402230057494,2580.7723356651995,2606.0556640625,116900
2022-05-27 00:00:00+09:00,2641.640221683213,2641.640221683213,2577.963676105596,2593.8828125,99900
2022-05-30 00:00:00+09:00,2594.8190184227196,2621.9751900337837,2575.1542044974663,2598.564697265625,298800
2022-05-31 00:00:00+09:00,2599.5011118993893,2608.865308988364,2567.662841796875,2567.662841796875,146000
2022-06-01 00:00:00+09:00,2571.4085194020713,2613.5474062822946,2562.9807420260267,2605.11962890625,106800
2022-06-02 00:00:00+09:00,2600.437334768167,2612.6107900623642,2582.6453616458784,2590.13671875,64700
2022-06-03 00:00:00+09:00,2620.102381161477,2624.7844797697,2599.5011472852966,2603.246826171875,114700
2022-06-06 00:00:00+09:00,2580.773047910225,2659.432313521422,2580.773047910225,2650.068115234375,116300
2022-06-07 00:00:00+09:00,2658.4954650878904,2673.4781799316406,2646.3220092773436,2659.431884765625,108800
2022-06-08 00:00:00+09:00,2671.605443327512,2720.2992684424894,2659.431987048768,2697.8251953125,129800
2022-06-09 00:00:00+09:00,2686.5879884679407,2717.489837063076,2682.8423098503486,2694.079345703125,97200
2022-06-10 00:00:00+09:00,2677.2239566760118,2686.5881537962496,2654.7498835874408,2666.92333984375,77500
2022-06-13 00:00:00+09:00,2637.894178128684,2680.969482421875,2637.894178128684,2680.969482421875,73100
2022-06-14 00:00:00+09:00,2637.893892191224,2668.795737573656,2631.3389552919207,2651.940185546875,75000
2022-06-15 00:00:00+09:00,2634.148670515451,2645.3857071475827,2607.9289183738115,2609.8017578125,89600
2022-06-16 00:00:00+09:00,2649.1312435374543,2652.876922213364,2595.7553224057347,2610.738037109375,53500
2022-06-17 00:00:00+09:00,2579.836343995011,2641.64004588382,2550.8073325017817,2627.59375,176600
2022-06-20 00:00:00+09:00,2621.0385800774256,2667.859562215286,2606.05586579331,2614.483642578125,77200
2022-06-21 00:00:00+09:00,2633.212012065049,2648.194726216201,2624.7842353550254,2640.703369140625,70800
2022-06-22 00:00:00+09:00,2642.5764829922564,2669.7326552129425,2623.8480883573006,2645.3857421875,75600
2022-06-23 00:00:00+09:00,2652.877183888056,2696.888912671233,2651.940764126712,2665.987060546875,76500
2022-06-24 00:00:00+09:00,2666.9232977236425,2675.351074998752,2622.9115719536244,2637.894287109375,68800
2022-06-27 00:00:00+09:00,2651.940551931454,2674.4146244054496,2606.9924069834638,2633.212158203125,110200
2022-06-28 00:00:00+09:00,2633.2121817306434,2685.6516846385084,2629.46650295151,2681.906005859375,149100
2022-06-29 00:00:00+09:00,2652.8771740663606,2729.663594212298,2647.258655519097,2709.998779296875,303500
2022-06-30 00:00:00+09:00,2739.027785071419,2752.1376616495386,2710.93519240402,2716.5537109375,158000
2022-07-01 00:00:00+09:00,2743.709883849319,2751.201241893959,2694.0796368035803,2716.5537109375,122100
2022-07-04 00:00:00+09:00,2717.4896532408206,2756.8192760651195,2680.9692891896866,2703.443359375,110900
2022-07-05 00:00:00+09:00,2718.4263430552364,2718.4263430552364,2659.431902954486,2677.223876953125,66400
2022-07-06 00:00:00+09:00,2648.1945910097947,2674.4143394356342,2631.3390384503264,2635.084716796875,85100
2022-07-07 00:00:00+09:00,2658.495390931482,2665.986748144392,2595.7552742733596,2625.720703125,85400
2022-07-08 00:00:00+09:00,2632.276023804152,2636.9581227436825,2589.2007135604695,2593.8828125,132600
2022-07-11 00:00:00+09:00,2634.148126791105,2684.714781198044,2630.4024486868875,2675.3505859375,109600
2022-07-12 00:00:00+09:00,2666.9231053149606,2668.7959445743113,2599.5008919783463,2616.3564453125,69100
2022-07-13 00:00:00+09:00,2622.9119021302254,2649.1316569533765,2614.4841237942123,2621.0390625,72600
2022-07-14 00:00:00+09:00,2620.102100958983,2649.131109225505,2616.35642247298,2642.576171875,82200
2022-07-15 00:00:00+09:00,2644.448829090528,2667.8593180166126,2628.52969662079,2651.940185546875,85300
2022-07-19 00:00:00+09:00,2668.796149807405,2668.796149807405,2622.9115844247513,2624.784423828125,70700
2022-07-20 00:00:00+09:00,2671.6055724284993,2686.5882885725077,2645.385819176485,2672.5419921875,99600
2022-07-21 00:00:00+09:00,2664.1142143564953,2678.160510741503,2648.195078453486,2672.5419921875,61800
2022-07-22 00:00:00+09:00,2671.6055724284993,2688.4611280905087,2658.495695802492,2672.5419921875,100900
2022-07-25 00:00:00+09:00,2661.304477777537,2709.0618769213283,2652.8767014580444,2703.443359375,70400
2022-07-26 00:00:00+09:00,2697.8249877208887,2718.4262198381603,2692.2064698707236,2695.9521484375,63800
2022-07-27 00:00:00+09:00,2715.617120418213,2726.854156778564,2701.570824967774,2712.807861328125,74200
2022-07-28 00:00:00+09:00,2725.9177550013665,2730.599853515625,2690.333806293001,2730.599853515625,77100
2022-07-29 00:00:00+09:00,2742.7735779975933,2742.7735779975933,2724.9816019026957,2741.837158203125,49800
2022-08-01 00:00:00+09:00,2706.2528686523438,2771.80224609375,2705.316448974609,2771.80224609375,155900
2022-08-02 00:00:00+09:00,2759.62880266246,2773.675097891485,2712.80781856571,2721.235595703125,112900
2022-08-03 00:00:00+09:00,2709.9987014956914,2745.582651273451,2670.669072793957,2682.842529296875,111000
2022-08-04 00:00:00+09:00,2696.8885857680193,2717.489818020414,2673.4780945721163,2676.287353515625,74200
2022-08-05 00:00:00+09:00,2668.7961178077767,2702.507226664296,2665.9868587364,2695.015869140625,92000
2022-08-08 00:00:00+09:00,2674.414538871951,2687.5244140625,2670.66886024608,2687.5244140625,65900
2022-08-09 00:00:00+09:00,2703.4436219156164,2717.489917145521,2672.5417724098265,2683.77880859375,52300
2022-08-10 00:00:00+09:00,2683.779039340549,2704.3802741156683,2664.114224327935,2696.888916015625,110200
2022-08-12 00:00:00+09:00,2763.3743655149015,2800.8311512216437,2743.709553018862,2770.86572265625,231200
2022-08-15 00:00:00+09:00,2759.628752836165,2759.628752836165,2672.5417239886037,2698.761474609375,125800
2022-08-16 00:00:00+09:00,2696.8885064482397,2696.8885064482397,2677.223694422055,2686.587890625,85000
2022-08-17 00:00:00+09:00,2710.934814453125,2729.6632069536645,2694.0792612026394,2710.934814453125,69000
2022-08-18 00:00:00+09:00,2687.5244081223386,2715.6169977542795,2686.5879884679407,2694.079345703125,63000
2022-08-19 00:00:00+09:00,2703.4434747344185,2703.4434747344185,2679.0965643280815,2691.27001953125,56000
2022-08-22 00:00:00+09:00,2686.5879520205585,2714.6805412713834,2676.2873359619225,2695.9521484375,62100
2022-08-23 00:00:00+09:00,2674.4146975399403,2684.715314372202,2646.3221061792265,2666.92333984375,112400
2022-08-24 00:00:00+09:00,2680.969469599544,2685.651567869889,2630.402808279818,2656.62255859375,87400
2022-08-25 00:00:00+09:00,2654.749444218005,2657.5587028891355,2638.830311748268,2651.940185546875,48800
2022-08-26 00:00:00+09:00,2665.9870739905523,2669.732753054817,2646.322258903161,2652.877197265625,53800
2022-08-29 00:00:00+09:00,2620.1025390625,2628.530317065203,2610.738341281719,2620.1025390625,111400
2022-08-30 00:00:00+09:00,2636.021281521027,2793.3397807379124,2636.021281521027,2746.518798828125,216300
2022-08-31 00:00:00+09:00,2715.6170899112853,2734.3454836348114,2687.524499325996,2708.125732421875,111400
2022-09-01 00:00:00+09:00,2669.7328202821977,2686.588376495835,2643.5130661720955,2655.6865234375,96200
2022-09-02 00:00:00+09:00,2666.923138098802,2666.923138098802,2647.2583256338885,2658.495361328125,59300
2022-09-05 00:00:00+09:00,2650.067589002899,2651.004008645656,2614.483642578125,2614.483642578125,94800
2022-09-06 00:00:00+09:00,2616.3569316484063,2622.9118702745836,2585.455078125,2585.455078125,135800
2022-09-07 00:00:00+09:00,2569.5357353207687,2583.58203125,2542.3795631909206,2583.58203125,121400
2022-09-08 00:00:00+09:00,2615.4201721498116,2633.2121461100146,2599.501037553841,2608.865234375,139800
2022-09-09 00:00:00+09:00,2608.865234375,2630.4028870636666,2599.501037553841,2608.865234375,173900
2022-09-12 00:00:00+09:00,2637.894250219291,2682.842395057958,2624.7843746413464,2677.223876953125,103200
2022-09-13 00:00:00+09:00,2677.2240216134123,2721.2357491460566,2676.287601878675,2707.189453125,108700
2022-09-14 00:00:00+09:00,2660.3683165439093,2703.4436219156164,2659.4318968619154,2683.77880859375,103500
2022-09-15 00:00:00+09:00,2685.651690123943,2730.599835565348,2685.651690123943,2712.807861328125,101300
2022-09-16 00:00:00+09:00,2712.808090823585,2799.8951299836103,2712.808090823585,2794.276611328125,364200
2022-09-20 00:00:00+09:00,2790.5302316132734,2790.5302316132734,2714.680248807678,2754.9462890625,173900
2022-09-21 00:00:00+09:00,2726.854187306168,2742.7733223282166,2709.062212869761,2717.489990234375,157600
2022-09-22 00:00:00+09:00,2717.4898624543894,2744.64603268567,2660.3682630023845,2742.773193359375,394200
2022-09-26 00:00:00+09:00,2695.9524794481554,2721.2358128782007,2674.4148250447834,2679.096923828125,474900
2022-09-27 00:00:00+09:00,2662.2408575377326,2677.223570770446,2616.356298262548,2667.859375,433500
2022-09-28 00:00:00+09:00,2629.466589451176,2652.877082590877,2588.264121525303,2627.59375,696200
2022-09-29 00:00:00+09:00,2654.8960111435144,2750.9241647380672,2560.750762521404,2749.041259765625,529800
2022-09-30 00:00:00+09:00,2713.265776868336,2741.5093484526697,2701.026895848458,2715.148681640625,167900
2022-10-03 00:00:00+09:00,2676.5492240704634,2683.139390995716,2636.0667701010543,2678.43212890625,116800
2022-10-04 00:00:00+09:00,2733.036254303103,2793.289206516468,2722.680278141431,2775.401611328125,236800
2022-10-05 00:00:00+09:00,2782.933162098016,2804.5865662686024,2741.509258467328,2751.865234375,130600
2022-10-06 00:00:00+09:00,2749.0408825948143,2772.5771915211394,2732.09474016786,2736.802001953125,123700
2022-10-07 00:00:00+09:00,2719.8563495073163,2766.928975840084,2719.8563495073163,2756.572998046875,97500
2022-10-11 00:00:00+09:00,2758.4555050541926,2781.9918148242796,2711.3828855140187,2719.85595703125,116000
2022-10-12 00:00:00+09:00,2723.6216959412227,2758.4554334973323,2708.5584580791215,2746.216552734375,125900
2022-10-13 00:00:00+09:00,2743.392614180599,2744.334066690613,2702.91015625,2702.91015625,78200
2022-10-14 00:00:00+09:00,2752.8067598642137,2782.9332360323583,2727.3875455973416,2760.33837890625,107300
2022-10-17 00:00:00+09:00,2758.455520260257,2787.640544536048,2748.099543904331,2759.39697265625,97400
2022-10-18 00:00:00+09:00,2791.406586589421,2814.942898449365,2769.753179678272,2789.523681640625,140000
2022-10-19 00:00:00+09:00,2791.406487506814,2817.7671558542647,2779.167605774069,2806.4697265625,92600
2022-10-20 00:00:00+09:00,2779.167855448988,2808.352883741305,2777.284950397871,2791.40673828125,62900
2022-10-21 00:00:00+09:00,2772.577345327808,2784.81622664844,2717.031653180324,2738.68505859375,126600
2022-10-24 00:00:00+09:00,2739.6266972370227,2746.216864549964,2692.5540735731565,2700.085693359375,117900
2022-10-25 00:00:00+09:00,2720.797607421875,2735.860846770923,2694.4369385610403,2720.797607421875,80300
2022-10-26 00:00:00+09:00,2734.919448039941,2746.216877773669,2704.79296875,2704.79296875,96200
2022-10-27 00:00:00+09:00,2708.558892011309,2718.914869700612,2692.55419921875,2692.55419921875,98700
2022-10-28 00:00:00+09:00,2686.9052145799055,2736.8021929866104,2684.0808573116014,2717.97314453125,220300
2022-10-31 00:00:00+09:00,2718.9143428560724,2748.099365234375,2715.1485335169364,2748.099365234375,98100
2022-11-01 00:00:00+09:00,2758.4556258187945,2768.8116025710156,2737.7436723143533,2762.221435546875,70900
2022-11-02 00:00:00+09:00,2739.626388976028,2749.9823650168305,2689.729413506705,2696.319580078125,186900
2022-11-04 00:00:00+09:00,2696.3198183022987,2696.3198183022987,2635.1254090182033,2641.715576171875,147300
2022-11-07 00:00:00+09:00,2669.017596783756,2669.017596783756,2616.296261538645,2623.827880859375,122500
2022-11-08 00:00:00+09:00,2633.242411288231,2645.4812927135963,2608.7646484375,2608.7646484375,143600
2022-11-09 00:00:00+09:00,2625.7108923753335,2625.7108923753335,2556.98486328125,2556.98486328125,176900
2022-11-10 00:00:00+09:00,2556.9848103961885,2569.223692036524,2534.389951983262,2538.15576171875,164700
2022-11-11 00:00:00+09:00,2679.3735534798852,2690.6709823772003,2589.935574709474,2634.183837890625,389300
2022-11-14 00:00:00+09:00,2600.291502114392,2613.4718355791283,2560.7505017201834,2565.457763671875,252800
2022-11-15 00:00:00+09:00,2570.165257173426,2583.3455918255972,2549.4533027200137,2560.750732421875,147000
2022-11-16 00:00:00+09:00,2551.336062732756,2551.336062732756,2514.6194182875242,2543.804443359375,142300
2022-11-17 00:00:00+09:00,2540.038452637965,2592.7597844940533,2540.038452637965,2582.40380859375,121100
2022-11-18 00:00:00+09:00,2597.467418340094,2599.350323318956,2569.2238436571643,2574.87255859375,94500
2022-11-21 00:00:00+09:00,2584.2868518690125,2598.4086379447995,2556.984732122491,2579.57958984375,112100
2022-11-22 00:00:00+09:00,2598.4084559567154,2627.5934784692727,2598.4084559567154,2618.178955078125,126000
2022-11-24 00:00:00+09:00,2636.066914664754,2650.1887017076015,2625.7109375,2625.7109375,121700
2022-11-25 00:00:00+09:00,2641.71528593416,2649.246904710879,2627.593500727812,2642.65673828125,70100
2022-11-28 00:00:00+09:00,2642.6571081119932,2649.2472754638934,2626.652415971664,2635.12548828125,97400
2022-11-29 00:00:00+09:00,2630.4178354866167,2630.4178354866167,2606.881527008748,2618.178955078125,128800
2022-11-30 00:00:00+09:00,2605.9403830519423,2654.895910479219,2603.1160257003685,2641.715576171875,197800
2022-12-01 00:00:00+09:00,2662.4275634765627,2669.0177307128906,2629.476727294922,2636.06689453125,153400
2022-12-02 00:00:00+09:00,2617.2377328917946,2617.2377328917946,2565.457849687101,2578.63818359375,182500
2022-12-05 00:00:00+09:00,2574.87204697089,2574.87204697089,2529.6823364573243,2550.394287109375,163900
2022-12-06 00:00:00+09:00,2547.5701471465127,2553.2188614417373,2528.7410994957622,2540.97998046875,120100
2022-12-07 00:00:00+09:00,2523.092270121197,2584.2866721950318,2521.209365442002,2568.281982421875,130300
2022-12-08 00:00:00+09:00,2568.282496205031,2577.697021484375,2533.4487526714584,2577.697021484375,88000
2022-12-09 00:00:00+09:00,2530.624267578125,2558.8678419930593,2512.7366704486667,2530.624267578125,307600
2022-12-12 00:00:00+09:00,2527.799342095536,2527.799342095536,2473.1951104971968,2487.31689453125,218600
2022-12-13 00:00:00+09:00,2509.9119299951135,2515.5606440161077,2491.0828832584657,2498.614501953125,137700
2022-12-14 00:00:00+09:00,2489.200147757501,2489.200147757501,2431.771551307725,2455.307861328125,305000
2022-12-15 00:00:00+09:00,2457.19084559651,2492.024585553242,2457.19084559651,2483.551513671875,172600
2022-12-16 00:00:00+09:00,2468.4881755396264,2482.6099614408827,2457.190746818621,2465.663818359375,175300
2022-12-19 00:00:00+09:00,2444.951963712875,2461.898107473688,2440.2447015570933,2448.7177734375,118700
2022-12-20 00:00:00+09:00,2452.4837522198104,2461.898277180347,2364.9286700868192,2385.640625,226100
2022-12-21 00:00:00+09:00,2363.045919539691,2369.6360874427896,2331.9779851393682,2352.68994140625,284100
2022-12-22 00:00:00+09:00,2362.1038380233313,2373.4012657061853,2347.04060111286,2355.513671875,141400
2022-12-23 00:00:00+09:00,2343.274981133694,2347.0407906654473,2335.7433620701863,2336.684814453125,122400
2022-12-26 00:00:00+09:00,2364.9288712219777,2364.9288712219777,2336.6852939382757,2351.74853515625,177100
2022-12-27 00:00:00+09:00,2360.2211720146197,2395.0549108915807,2360.2211720146197,2370.5771484375,76400
2022-12-28 00:00:00+09:00,2373.4016312678973,2379.050345979364,2350.806772422031,2363.045654296875,115500
2022-12-29 00:00:00+09:00,2357.3967340107515,2363.0454482296273,2337.626234244687,2342.33349609375,119900
2022-12-30 00:00:00+09:00,2337.6260407840323,2354.5721820382055,2326.32861328125,2326.32861328125,123000
2023-01-04 00:00:00+09:00,2325.3874563233735,2328.2118135577743,2275.490478515625,2275.490478515625,141600
2023-01-05 00:00:00+09:00,2268.900146484375,2275.490312884952,2253.8369089973417,2268.900146484375,145000
2023-01-06 00:00:00+09:00,2260.427186509993,2268.900258012946,2249.129757839389,2256.661376953125,161200
2023-01-10 00:00:00+09:00,2262.3101705511244,2287.7293859505753,2250.0712890625,2250.0712890625,115600
2023-01-11 00:00:00+09:00,2256.6615355472027,2264.193155190247,2241.598296261114,2243.481201171875,106000
2023-01-12 00:00:00+09:00,2247.247238631768,2259.486121791472,2216.1793044571355,2219.003662109375,169700
2023-01-13 00:00:00+09:00,2220.88618433031,2249.1297559835143,2213.3545652227886,2221.82763671875,135900
2023-01-16 00:00:00+09:00,2220.8862633597732,2234.066597266953,2208.647381874535,2215.237548828125,202200
2023-01-17 00:00:00+09:00,2218.0615694665603,2253.83675607086,2215.237212629379,2217.1201171875,133000
2023-01-18 00:00:00+09:00,2216.179145674623,2244.4227201734498,2198.2915484920327,2232.183837890625,187400
2023-01-19 00:00:00+09:00,2221.8275445200043,2235.9493297605973,2217.12028277314,2223.71044921875,95900
2023-01-20 00:00:00+09:00,2233.125547055845,2239.7157151963975,2214.2964952256943,2236.891357421875,160200
2023-01-23 00:00:00+09:00,2254.778956660518,2254.778956660518,2222.769568549262,2236.891357421875,189300
2023-01-24 00:00:00+09:00,2244.4228768535922,2262.3104752848917,2227.4767309713084,2253.83740234375,199400
2023-01-25 00:00:00+09:00,2267.017353234512,2276.4318771266817,2247.2468530609553,2256.661376953125,180700
2023-01-26 00:00:00+09:00,2259.485906092965,2260.4273585538367,2226.5350699624423,2248.1884765625,310900
2023-01-27 00:00:00+09:00,2248.1887885199653,2250.07169370298,2232.1840944643372,2236.891357421875,119400
2023-01-30 00:00:00+09:00,2232.183699366016,2243.481128464452,2228.417889666537,2235.008056640625,145100
2023-01-31 00:00:00+09:00,2251.954345703125,2258.544513102758,2237.8325584181976,2251.954345703125,127700
2023-02-01 00:00:00+09:00,2265.134211895481,2267.017116477273,2223.7103110960625,2226.53466796875,147300
2023-02-02 00:00:00+09:00,2249.1297229757174,2254.7784372234587,2226.5348659847514,2227.476318359375,174200
2023-02-03 00:00:00+09:00,2224.6520863566184,2224.6520863566184,2205.823037805145,2219.94482421875,247300
2023-02-06 00:00:00+09:00,2225.5935652449325,2243.4811615815033,2224.6521128061654,2229.359375,119000
2023-02-07 00:00:00+09:00,2227.4765232464247,2236.891047858624,2213.354736328125,2213.354736328125,128200
2023-02-08 00:00:00+09:00,2217.1205722755517,2229.3594544155017,2210.530404969425,2222.769287109375,136300
2023-02-09 00:00:00+09:00,2219.003371791176,2229.3593484944868,2211.4717523705867,2219.94482421875,190400
2023-02-10 00:00:00+09:00,2314.090081178511,2330.09477254549,2271.7247216776836,2294.319580078125,570700
2023-02-13 00:00:00+09:00,2288.6708383727773,2290.553743217181,2250.0712890625,2250.0712890625,235100
2023-02-14 00:00:00+09:00,2260.4275030197946,2269.842028230206,2250.071525288342,2265.134765625,105900
2023-02-15 00:00:00+09:00,2271.724668869757,2287.729359864695,2261.3686923436208,2275.490478515625,181700
2023-02-16 00:00:00+09:00,2283.963411391077,2287.729220808045,2267.017269014721,2278.314697265625,159400
2023-02-17 00:00:00+09:00,2262.310374701201,2283.96378236584,2262.310374701201,2270.783447265625,129200
2023-02-20 00:00:00+09:00,2271.7245958904887,2279.2562149402706,2261.3686196970384,2267.017333984375,135300
2023-02-21 00:00:00+09:00,2263.251502971505,2264.1929553437894,2242.53955078125,2242.53955078125,127100
2023-02-22 00:00:00+09:00,2229.359495243694,2238.774020139149,2195.4672056200566,2202.057373046875,288800
2023-02-24 00:00:00+09:00,2216.178922388109,2225.593446272511,2196.408422230866,2221.82763671875,163200
2023-02-27 00:00:00+09:00,2211.4713399328657,2228.41748046875,2194.525199396982,2228.41748046875,222300
2023-02-28 00:00:00+09:00,2235.008102834953,2239.715365056594,2222.7692210586874,2234.066650390625,203400
2023-03-01 00:00:00+09:00,2223.710476391231,2236.8908094435074,2223.710476391231,2233.125,131900
2023-03-02 00:00:00+09:00,2240.656699657837,2261.36865234375,2238.773794868209,2261.36865234375,193900
2023-03-03 00:00:00+09:00,2263.2517350772837,2282.0807844539663,2260.427377670781,2272.666259765625,174900
2023-03-06 00:00:00+09:00,2272.6660810815206,2285.8464146089195,2255.7199379748645,2261.36865234375,116600
2023-03-07 00:00:00+09:00,2262.3102038075044,2286.787967144581,2256.6614891912564,2279.25634765625,100300
2023-03-08 00:00:00+09:00,2283.022398362808,2314.09033203125,2280.1980407565857,2314.09033203125,165400
2023-03-09 00:00:00+09:00,2329.1532280202446,2336.684847189267,2315.9728944744547,2331.0361328125,182400
2023-03-10 00:00:00+09:00,2289.6123111548013,2303.734097613404,2269.8418101127572,2274.549072265625,186100
2023-03-13 00:00:00+09:00,2252.895448029216,2282.0804705486084,2228.4176872065,2249.129638671875,231500
2023-03-14 00:00:00+09:00,2226.5348604524165,2264.1929553437894,2219.0032414741418,2242.53955078125,259600
2023-03-15 00:00:00+09:00,2255.7197030755538,2256.66115537233,2219.9445157980617,2231.241943359375,201200
2023-03-16 00:00:00+09:00,2196.4084546292547,2219.9447646874337,2186.993930605983,2216.178955078125,220200
2023-03-17 00:00:00+09:00,2243.4814243045766,2266.076285480955,2229.35963606934,2253.83740234375,379300
2023-03-20 00:00:00+09:00,2230.3010626519845,2230.3010626519845,2188.87715097757,2189.818603515625,284800
2023-03-22 00:00:00+09:00,2239.7154184545443,2250.0713955890546,2210.5303919845605,2218.06201171875,303500
2023-03-23 00:00:00+09:00,2195.4668702944787,2207.705750789259,2185.110894491203,2203.93994140625,331300
2023-03-24 00:00:00+09:00,2188.8770456104717,2194.5257605668858,2170.9894482484933,2186.994140625,555300
2023-03-27 00:00:00+09:00,2204.8816901356017,2229.3594544155017,2196.4086178848675,2222.769287109375,538300
2023-03-28 00:00:00+09:00,2223.7106010320826,2242.539649305005,2214.296076895622,2225.593505859375,391000
2023-03-29 00:00:00+09:00,2234.0666307262622,2279.25634765625,2234.0666307262622,2279.25634765625,711700
2023-03-30 00:00:00+09:00,2267.864544584068,2292.5462014108516,2260.270188637365,2288.7490234375,589500
2023-03-31 00:00:00+09:00,2288.7492435927375,2291.5971273466894,2264.06758439182,2270.712646484375,218700
2023-04-03 00:00:00+09:00,2277.357465720663,2325.771484375,2276.408171237245,2325.771484375,234800
2023-04-04 00:00:00+09:00,2332.4164378876253,2349.5037377988897,2324.8220823715073,2348.554443359375,167600
2023-04-05 00:00:00+09:00,2333.365993138629,2333.365993138629,2290.6477385856438,2296.343505859375,102900
2023-04-06 00:00:00+09:00,2278.306784010784,2294.444790397527,2265.965955597392,2288.7490234375,122700
2023-04-07 00:00:00+09:00,2297.293054797901,2302.9888227023584,2279.2564564337854,2284.0029296875,91700
2023-04-10 00:00:00+09:00,2297.2926738775404,2314.3799747576213,2284.951845464149,2288.7490234375,123500
2023-04-11 00:00:00+09:00,2293.4956904402584,2303.9379307526933,2277.357682684677,2280.20556640625,127000
2023-04-12 00:00:00+09:00,2292.5466144618704,2300.140971776858,2288.7494358043764,2289.69873046875,131000
2023-04-13 00:00:00+09:00,2293.495588673332,2293.495588673332,2278.3068761655613,2290.647705078125,104500
2023-04-14 00:00:00+09:00,2296.343320454031,2305.8362651437956,2284.002492357337,2292.546142578125,114100
2023-04-17 00:00:00+09:00,2292.5463276768874,2302.988567678728,2285.901265857534,2296.343505859375,116500
2023-04-18 00:00:00+09:00,2309.633946801089,2328.6198403218546,2307.735357449013,2322.924072265625,147700
2023-04-19 00:00:00+09:00,2326.7211484978898,2333.3662109375,2309.6338450817484,2333.3662109375,115100
2023-04-20 00:00:00+09:00,2334.3151686478905,2344.7574081172384,2328.6194016646095,2331.46728515625,96400
2023-04-21 00:00:00+09:00,2331.46728515625,2343.808113620025,2320.0757511896886,2331.46728515625,89700
2023-04-24 00:00:00+09:00,2335.2644886363637,2360.8954403409093,2335.2644886363637,2349.50390625,81500
2023-04-25 00:00:00+09:00,2363.7434583208283,2386.5265277986196,2358.9969855129552,2372.287109375,135000
2023-04-26 00:00:00+09:00,2354.250649721095,2364.6928905061486,2330.5182843005196,2340.01123046875,133700
2023-04-27 00:00:00+09:00,2316.2786402278084,2328.619469048694,2306.785694980973,2315.329345703125,134000
2023-04-28 00:00:00+09:00,2345.707204935252,2361.84521484375,2328.6199003262536,2361.84521484375,144600
2023-05-01 00:00:00+09:00,2368.4900047263,2406.4617883692063,2368.4900047263,2398.867431640625,153300
2023-05-02 00:00:00+09:00,2411.2083406337606,2416.904108367541,2359.946431029736,2370.388671875,148600
2023-05-08 00:00:00+09:00,2370.388544471989,2407.411032751688,2370.388544471989,2390.32373046875,142300
2023-05-09 00:00:00+09:00,2404.563189841443,2419.751903239573,2392.222360205463,2411.208251953125,141500
2023-05-10 00:00:00+09:00,2420.7010630014784,2420.7010630014784,2378.9321034830214,2388.425048828125,130200
2023-05-11 00:00:00+09:00,2387.475754293615,2400.76587777676,2374.1856308104693,2388.425048828125,115000
2023-05-12 00:00:00+09:00,2340.960164680755,2375.134765625,2331.4672199740207,2375.134765625,271500
2023-05-15 00:00:00+09:00,2394.1209752501236,2409.3096888123764,2370.388610309103,2401.71533203125,198000
2023-05-16 00:00:00+09:00,2402.6644075908357,2406.4615856352307,2375.134866768973,2392.22216796875,146400
2023-05-17 00:00:00+09:00,2390.323595770474,2396.9686573949352,2372.286999932651,2395.070068359375,119800
2023-05-18 00:00:00+09:00,2408.3601489091866,2411.208032412035,2374.185546875,2374.185546875,130500
2023-05-19 00:00:00+09:00,2380.8308891684323,2381.780183781338,2342.859104652189,2352.35205078125,149400
2023-05-22 00:00:00+09:00,2345.7068033008827,2376.084228515625,2337.1631524592362,2376.084228515625,112000
2023-05-23 00:00:00+09:00,2381.779790995041,2388.424852189527,2330.5178903518636,2341.909423828125,138600
2023-05-24 00:00:00+09:00,2336.2138509047577,2336.2138509047577,2300.140658570592,2305.83642578125,102500
2023-05-25 00:00:00+09:00,2283.053628706034,2290.6479858909192,2264.0677357438217,2268.814208984375,140900
2023-05-26 00:00:00+09:00,2268.8138558198916,2296.3433963298403,2263.1180888178333,2291.596923828125,117600
2023-05-29 00:00:00+09:00,2295.3941187260807,2300.140591262735,2281.1547011161174,2294.44482421875,83100
2023-05-30 00:00:00+09:00,2288.7488206301673,2295.3938814947096,2265.0164603996595,2282.103759765625,154600
2023-05-31 00:00:00+09:00,2249.828065970211,2263.1181895666596,2227.9942914903313,2253.625244140625,234500
2023-06-01 00:00:00+09:00,2247.9293426860027,2273.5602938061556,2241.2842812844815,2258.37158203125,137500
2023-06-02 00:00:00+09:00,2247.9297267259412,2272.6113875768174,2243.1832534853884,2268.814208984375,123800
2023-06-05 00:00:00+09:00,2312.956050085844,2313.4306973360153,2285.426509575895,2291.596923828125,136300
2023-06-06 00:00:00+09:00,2278.7812635239725,2288.7488549703385,2267.864377654143,2287.799560546875,121800
2023-06-07 00:00:00+09:00,2300.140812228778,2312.0069947103543,2271.1873269737316,2276.408447265625,167600
2023-06-08 00:00:00+09:00,2287.324954880212,2300.1404298297375,2267.864418845746,2281.154541015625,122800
2023-06-09 00:00:00+09:00,2296.343472268539,2296.343472268539,2278.7815234314294,2290.647705078125,160000
2023-06-12 00:00:00+09:00,2292.071765314368,2292.071765314368,2277.357699312143,2283.053466796875,87200
2023-06-13 00:00:00+09:00,2280.205402504126,2309.158884925598,2279.256107998504,2300.615234375,137900
2023-06-14 00:00:00+09:00,2312.4816515269085,2316.2788299366407,2300.1408216952786,2312.956298828125,99200
2023-06-15 00:00:00+09:00,2303.9376001421188,2309.158719549116,2293.495361328125,2293.495361328125,94800
2023-06-16 00:00:00+09:00,2284.0030326445067,2284.0030326445067,2257.422781225535,2273.560791015625,254100
2023-06-19 00:00:00+09:00,2273.560223217189,2289.698228976977,2264.067278652608,2280.679931640625,162200
2023-06-20 00:00:00+09:00,2268.8138558198916,2293.495512828811,2267.389914069377,2291.596923828125,122900
2023-06-21 00:00:00+09:00,2283.528149760183,2311.5323403309276,2280.2056186755185,2310.1083984375,141700
2023-06-22 00:00:00+09:00,2320.5505570261103,2350.927983012952,2313.430847810444,2344.757568359375,132800
2023-06-23 00:00:00+09:00,2346.6561574835528,2364.6927541632404,2337.1632118626644,2344.757568359375,145200
2023-06-26 00:00:00+09:00,2340.011178199481,2344.2830038797642,2306.7858673528353,2310.1083984375,97300
2023-06-27 00:00:00+09:00,2328.144620285437,2338.1122119319193,2316.2784397539112,2336.213623046875,103800
2023-06-28 00:00:00+09:00,2340.0108366746167,2369.43896484375,2335.264364389273,2369.43896484375,129400
2023-06-29 00:00:00+09:00,2377.033578923127,2387.9504663662647,2346.1815057142608,2350.927978515625,111600
2023-06-30 00:00:00+09:00,2349.504268191348,2350.4535628451627,2301.564888173706,2320.55078125,128600
2023-07-03 00:00:00+09:00,2321.0251001587285,2348.554641224006,2321.0251001587285,2333.840576171875,91500
2023-07-04 00:00:00+09:00,2333.3661018555085,2337.6379275098416,2321.0252721874363,2328.61962890625,143400
2023-07-05 00:00:00+09:00,2314.3800259672316,2328.6194436823703,2300.1406082520925,2324.822265625,107500
2023-07-06 00:00:00+09:00,2313.4305579712945,2320.075619073387,2291.1221385571275,2302.513671875,114900
2023-07-07 00:00:00+09:00,2301.090191791983,2319.6014371467454,2280.6803571700657,2312.007080078125,119700
2023-07-10 00:00:00+09:00,2325.7715601393425,2330.5180327110556,2312.0067896813753,2324.822265625,123800
2023-07-11 00:00:00+09:00,2330.517956792092,2339.5362543845663,2322.4489536830356,2325.771484375,87100
2023-07-12 00:00:00+09:00,2338.1128635359705,2338.1128635359705,2314.3804958589917,2321.974853515625,74100
2023-07-13 00:00:00+09:00,2312.4818033252463,2329.569107290704,2292.546615365546,2311.057861328125,112800
2023-07-14 00:00:00+09:00,2321.9743266061273,2327.19544631027,2290.172961135438,2294.91943359375,77500
2023-07-18 00:00:00+09:00,2279.2564564337854,2305.3620593292158,2272.6113938785847,2284.0029296875,102300
2023-07-19 00:00:00+09:00,2310.5833116319445,2318.177669270833,2290.1734754774307,2306.7861328125,86500
2023-07-20 00:00:00+09:00,2311.5322522350193,2316.2787250322162,2297.7674811231477,2302.039306640625,59600
2023-07-21 00:00:00+09:00,2311.057570513557,2328.6195196014605,2300.140683242698,2323.873046875,71600
2023-07-24 00:00:00+09:00,2340.010973651306,2340.4856209076247,2329.568734012294,2330.99267578125,54300
2023-07-25 00:00:00+09:00,2341.4346973406086,2352.351583219148,2338.1121668558358,2349.029052734375,86600
2023-07-26 00:00:00+09:00,2351.8772054411784,2367.5405652352365,2330.5180784492804,2367.06591796875,92300
2023-07-27 00:00:00+09:00,2367.0661963781226,2394.12109375,2359.4718392211043,2394.12109375,105800
2023-07-28 00:00:00+09:00,2373.236624076204,2424.49853515625,2369.914092802497,2424.49853515625,153700
2023-07-31 00:00:00+09:00,2455.8250023396413,2464.368653294824,2423.074340344776,2436.839111328125,146100
2023-08-01 00:00:00+09:00,2425.9222977066775,2464.3687281731695,2425.9222977066775,2463.41943359375,112600
2023-08-02 00:00:00+09:00,2436.839153766632,2454.875750541687,2424.97297167778,2430.194091796875,147500
2023-08-03 00:00:00+09:00,2429.7192242390483,2429.7192242390483,2390.7981505161333,2393.17138671875,114300
2023-08-04 00:00:00+09:00,2404.5631797679207,2404.5631797679207,2368.489985598485,2374.660400390625,73300
2023-08-07 00:00:00+09:00,2374.660244617234,2394.5954295610527,2369.439124750996,2382.729248046875,57000
2023-08-08 00:00:00+09:00,2385.577177013756,2425.9221949298267,2382.2546461265506,2424.972900390625,97500
2023-08-09 00:00:00+09:00,2424.4984611799828,2448.705474006956,2412.6322784216627,2446.806884765625,93100
2023-08-10 00:00:00+09:00,2463.4196681283856,2501.3914549203455,2448.230953411602,2497.11962890625,161400
2023-08-14 00:00:00+09:00,2544.583925167106,2544.583925167106,2490.9487855394464,2520.8515625,152000
2023-08-15 00:00:00+09:00,2525.1235759373835,2559.298180724506,2495.695444037361,2546.008056640625,161000
2023-08-16 00:00:00+09:00,2525.598127082897,2555.5009051333054,2518.003770752635,2550.27978515625,103300
2023-08-17 00:00:00+09:00,2552.653095821766,2552.653095821766,2479.5574140150434,2500.44189453125,90100
2023-08-18 00:00:00+09:00,2468.165657883673,2492.372667220609,2453.451593384751,2469.589599609375,103500
2023-08-21 00:00:00+09:00,2484.778493089661,2508.510856920508,2477.658783940407,2479.557373046875,104800
2023-08-22 00:00:00+09:00,2479.5572094675576,2502.3402772421446,2468.1656755802637,2499.967041015625,67000
2023-08-23 00:00:00+09:00,2496.644699578048,2508.0362343289744,2489.999637640007,2497.593994140625,61300
2023-08-24 00:00:00+09:00,2493.3219843485267,2529.8698223068054,2488.5755118864126,2521.326171875,91600
2023-08-25 00:00:00+09:00,2516.5797792751205,2527.496666284424,2502.8150086981723,2514.20654296875,65500
2023-08-28 00:00:00+09:00,2538.4135405441807,2562.620550747575,2515.630472117457,2560.247314453125,136100
2023-08-29 00:00:00+09:00,2560.2474403592882,2583.0305099064235,2551.7037892791127,2567.841796875,105000
2023-08-30 00:00:00+09:00,2579.233348401294,2592.5234723901117,2562.1460461299566,2570.689697265625,114200
2023-08-31 00:00:00+09:00,2583.979736328125,2601.067038037863,2580.1825581704056,2583.979736328125,140200
2023-09-01 00:00:00+09:00,2596.3206247269363,2605.3389230577977,2571.6389661372104,2580.1826171875,109700
2023-09-04 00:00:00+09:00,2578.7584182319547,2579.233065465202,2562.6204123015505,2571.1640625,90500
2023-09-05 00:00:00+09:00,2564.0447251998544,2576.860202352834,2537.4644762899707,2551.229248046875,130600
2023-09-06 00:00:00+09:00,2550.754617856551,2552.17855977199,2504.7138292573536,2505.1884765625,148000
2023-09-07 00:00:00+09:00,2508.036103425628,2529.869877225321,2505.6628671430526,2523.699462890625,162500
2023-09-08 00:00:00+09:00,2512.3081166704414,2520.3771206348088,2471.01380226456,2472.437744140625,184200
2023-09-11 00:00:00+09:00,2491.4238426363595,2504.713967916188,2439.687283511314,2451.553466796875,158400
2023-09-12 00:00:00+09:00,2467.2163255766295,2475.2853285652413,2457.7233808841456,2470.064208984375,111000
2023-09-13 00:00:00+09:00,2477.658779515049,2499.0179069246615,2470.5390703785115,2485.727783203125,125500
2023-09-14 00:00:00+09:00,2485.728047684878,2494.271699557769,2456.299913456033,2461.04638671875,163900
2023-09-15 00:00:00+09:00,2482.405176601421,2492.847416350031,2462.4699916268014,2486.677001953125,169400
2023-09-19 00:00:00+09:00,2471.9630635011786,2475.7602417861267,2444.908168220924,2466.741943359375,219200
2023-09-20 00:00:00+09:00,2448.2306931471203,2459.6222279737067,2421.6504452184195,2424.023681640625,276600
2023-09-21 00:00:00+09:00,2433.5167178497736,2433.5167178497736,2400.2914067030047,2404.563232421875,432000
2023-09-22 00:00:00+09:00,2394.5955966739207,2423.074434295414,2394.120949380229,2411.208251953125,458500
2023-09-25 00:00:00+09:00,2410.733386130294,2444.4333409275473,2401.7150883676486,2429.24462890625,516400
2023-09-26 00:00:00+09:00,2429.244679388599,2445.3826862465926,2411.2080834884882,2437.788330078125,541500
2023-09-27 00:00:00+09:00,2421.650466452206,2421.650466452206,2384.1533306525735,2420.701171875,934900
2023-09-28 00:00:00+09:00,2395.3712392915954,2423.0910181980025,2354.7474253770333,2376.254150390625,682200
2023-09-29 00:00:00+09:00,2395.8487495454647,2413.532053701296,2359.5262869551084,2371.952392578125,198800
2023-10-02 00:00:00+09:00,2388.2018969849246,2407.3189824120604,2362.393831658291,2377.6875,174600
2023-10-03 00:00:00+09:00,2382.945026608371,2403.9738234737474,2327.5054712360143,2327.9833984375,209400
2023-10-04 00:00:00+09:00,2327.027317309874,2336.5858604082923,2292.1386350006483,2303.60888671875,217400
2023-10-05 00:00:00+09:00,2318.424940442825,2351.401918569099,2314.1235954698327,2344.7109375,182300
2023-10-06 00:00:00+09:00,2360.4821522751986,2381.0330193632394,2350.445682301969,2355.702880859375,117800
2023-10-10 00:00:00+09:00,2377.2095911109395,2381.033008225714,2359.0483598157616,2371.952392578125,102900
2023-10-11 00:00:00+09:00,2368.1291241055033,2368.1291241055033,2326.071533203125,2326.071533203125,151800
2023-10-12 00:00:00+09:00,2329.8948501982027,2329.8948501982027,2298.829585528893,2325.593505859375,140000
2023-10-13 00:00:00+09:00,2314.6012493334733,2321.2922296123643,2300.741361612914,2310.77783203125,111100
2023-10-16 00:00:00+09:00,2311.7337287728114,2312.2116559443584,2249.603196471702,2253.904541015625,207600
2023-10-17 00:00:00+09:00,2271.1100950271225,2287.837547326354,2255.3384971449896,2268.720458984375,110400
2023-10-18 00:00:00+09:00,2270.632309830525,2288.7935448912617,2250.081438577586,2286.8818359375,96800
2023-10-19 00:00:00+09:00,2257.7280579949816,2305.0428500655794,2257.7280579949816,2291.660888671875,103700
2023-10-20 00:00:00+09:00,2288.7930999826044,2295.0061528746014,2270.1539413066134,2285.925537109375,56900
2023-10-23 00:00:00+09:00,2284.0140099158652,2288.7932817508013,2269.6761944110576,2273.9775390625,100600
2023-10-24 00:00:00+09:00,2268.2423943265558,2303.131078436509,2249.1253071430197,2298.351806640625,139300
2023-10-25 00:00:00+09:00,2300.741593429575,2310.300137648227,2287.359631523462,2289.749267578125,79400
2023-10-26 00:00:00+09:00,2308.3880429892015,2308.3880429892015,2262.029111276996,2282.10205078125,107400
2023-10-27 00:00:00+09:00,2308.388176789498,2308.388176789498,2285.44767316923,2297.873779296875,85400
2023-10-30 00:00:00+09:00,2282.1022014602013,2292.138671875,2269.6760952323552,2292.138671875,101200
2023-10-31 00:00:00+09:00,2300.741709470847,2321.7705078125,2297.396218825584,2321.7705078125,115300
2023-11-01 00:00:00+09:00,2346.6223649649783,2370.0407958984374,2334.6741859172953,2356.180908203125,187300
2023-11-02 00:00:00+09:00,2327.9832484275926,2366.6953492534262,2323.2039767206998,2336.5859375,128900
2023-11-06 00:00:00+09:00,2346.6224141739467,2346.6224141739467,2320.8143468897524,2328.461181640625,146700
2023-11-07 00:00:00+09:00,2319.3806088149845,2330.3729339752454,2290.22705078125,2290.22705078125,143400
2023-11-08 00:00:00+09:00,2291.6607361879624,2298.351716439606,2241.000457139803,2244.345947265625,241800
2023-11-09 00:00:00+09:00,2236.6990521853286,2280.1904226444876,2227.1405092272717,2269.676025390625,175200
2023-11-10 00:00:00+09:00,2260.117476821496,2285.447615597461,2238.132828072545,2277.80078125,142600
2023-11-13 00:00:00+09:00,2254.8603898309802,2293.572490631385,2254.8603898309802,2280.66845703125,156900
2023-11-14 00:00:00+09:00,2288.793088818329,2312.689445978679,2270.631857376463,2302.175048828125,133100
2023-11-15 00:00:00+09:00,2326.549548198137,2326.549548198137,2292.138790706299,2305.520751953125,140700
2023-11-16 00:00:00+09:00,2296.440122928528,2308.3883025483437,2287.837433602261,2303.131103515625,92500
2023-11-17 00:00:00+09:00,2302.1753907047846,2339.931640625,2295.0064824920855,2339.931640625,108000
2023-11-20 00:00:00+09:00,2333.2406495104406,2341.8433393283813,2296.918181390245,2300.263671875,119600
2023-11-21 00:00:00+09:00,2284.4918995549715,2290.70495283828,2264.896885353768,2285.44775390625,133500
2023-11-22 00:00:00+09:00,2278.278934089965,2287.83747797119,2259.161846327515,2264.89697265625,173800
2023-11-24 00:00:00+09:00,2274.9334122649334,2280.668538514341,2239.566800393588,2268.242431640625,168200
2023-11-27 00:00:00+09:00,2276.8450452498805,2276.8450452498805,2247.213560613967,2253.904541015625,116000
2023-11-28 00:00:00+09:00,2253.9044351456837,2261.55126953125,2237.1769849272573,2261.55126953125,99600
2023-11-29 00:00:00+09:00,2260.5955842219732,2266.3307104398727,2247.213623046875,2247.213623046875,82900
2023-11-30 00:00:00+09:00,2242.4344814215947,2297.396110868202,2219.971902430372,2262.9853515625,425500
2023-12-01 00:00:00+09:00,2285.4480542221786,2301.697580329154,2270.154382592085,2286.8818359375,185600
2023-12-04 00:00:00+09:00,2290.226932142021,2317.468780041039,2283.535951956297,2295.484130859375,214300
2023-12-05 00:00:00+09:00,2286.8817521242754,2325.1159297982445,2286.8817521242754,2317.947021484375,175400
2023-12-06 00:00:00+09:00,2308.388376688606,2339.9315718980156,2304.0870318873226,2336.108154296875,120500
2023-12-07 00:00:00+09:00,2313.167394372056,2358.092546246224,2313.167394372056,2333.71826171875,119500
2023-12-08 00:00:00+09:00,2327.5053773318373,2359.048571357279,2306.476581314876,2319.380615234375,199800
2023-12-11 00:00:00+09:00,2329.4168792448772,2331.8065149437334,2309.8218665142576,2326.54931640625,121500
2023-12-12 00:00:00+09:00,2326.549098191177,2339.4531297546864,2322.7256814316193,2331.328369140625,109300
2023-12-13 00:00:00+09:00,2327.0274188006365,2335.63010796441,2309.8220404730905,2322.72607421875,73200
2023-12-14 00:00:00+09:00,2332.7624232584467,2341.843039124439,2285.447635325116,2290.704833984375,168100
2023-12-15 00:00:00+09:00,2296.917793885672,2306.476336515242,2275.4110729691392,2300.7412109375,178000
2023-12-18 00:00:00+09:00,2275.4111892354276,2299.7854741862798,2238.132871075301,2276.844970703125,199100
2023-12-19 00:00:00+09:00,2276.8453414504593,2285.9259588911727,2256.2944704004235,2263.46337890625,113300
2023-12-20 00:00:00+09:00,2261.551669971363,2276.8453414504593,2255.816543166702,2263.46337890625,104100
2023-12-21 00:00:00+09:00,2263.4628289473685,2278.278569592928,2255.3380679481907,2270.15380859375,132300
2023-12-22 00:00:00+09:00,2279.7125336385193,2297.3958384067846,2270.153990520538,2276.844970703125,77700
2023-12-25 00:00:00+09:00,2284.492132880105,2290.227259573528,2260.117844433058,2264.419189453125,69800
2023-12-26 00:00:00+09:00,2277.8009122926483,2277.8009122926483,2252.470772059432,2256.294189453125,96900
2023-12-27 00:00:00+09:00,2265.375036967666,2274.933581427445,2262.985400852721,2272.5439453125,88300
2023-12-28 00:00:00+09:00,2264.4190514605975,2275.411376953125,2254.382580358725,2275.411376953125,53600
2023-12-29 00:00:00+09:00,2285.9258690159745,2289.271359520493,2274.4556158576256,2284.01416015625,80700
2024-01-04 00:00:00+09:00,2274.933511723647,2287.359619140625,2250.5592240980363,2287.359619140625,89100
2024-01-05 00:00:00+09:00,2316.990966796875,2316.990966796875,2316.990966796875,2316.990966796875,120500
2024-01-09 00:00:00+09:00,2321.7704569519556,2351.4019448751797,2320.8146025028195,2330.85107421875,124100
2024-01-10 00:00:00+09:00,2323.6817623733577,2365.739350832604,2322.725908090193,2355.702880859375,123400
2024-01-11 00:00:00+09:00,2370.9967134385247,2375.2980580103745,2353.7913351511256,2368.129150390625,122700
2024-01-12 00:00:00+09:00,2370.040532333269,2373.8639492033367,2352.3572293092056,2361.915771484375,85400
2024-01-15 00:00:00+09:00,2369.563133534497,2369.563133534497,2349.490190491244,2350.446044921875,17300
2024-01-16 00:00:00+09:00,2369.5630649667673,2375.2981913845974,2327.9833984375,2327.9833984375,93900
2024-01-17 00:00:00+09:00,2337.541779239289,2357.614720300023,2328.93909021326,2334.1962890625,84900
2024-01-18 00:00:00+09:00,2325.5936622690697,2329.4170797162856,2306.954502213892,2308.8662109375,63800
2024-01-19 00:00:00+09:00,2313.1676864624023,2333.240629196167,2308.3884143829346,2324.637939453125,91000
2024-01-22 00:00:00+09:00,2324.6376112009702,2363.82763671875,2322.7259026391275,2363.82763671875,80200
2024-01-23 00:00:00+09:00,2375.298070351396,2378.6435605913275,2343.2769494834797,2351.879638671875,91000
2024-01-24 00:00:00+09:00,2351.4019432719692,2353.313652168938,2321.770455368948,2349.490234375,132600
2024-01-25 00:00:00+09:00,2348.056320697928,2376.254025342988,2348.056320697928,2370.996826171875,114800
2024-01-26 00:00:00+09:00,2370.0409478979464,2370.0409478979464,2309.8221216355664,2310.300048828125,140400
2024-01-29 00:00:00+09:00,2327.0274313696364,2342.7990282550745,2323.68194112121,2325.11572265625,94600
2024-01-30 00:00:00+09:00,2332.284536654472,2356.1808946119972,2327.0273379038163,2335.152099609375,87800
2024-01-31 00:00:00+09:00,2332.2844690614197,2349.9677734375,2309.8218932323443,2349.9677734375,88900
2024-02-01 00:00:00+09:00,2336.586068498657,2364.305845952722,2336.586068498657,2352.357666015625,101600
2024-02-02 00:00:00+09:00,2354.747389859715,2364.7838613813415,2337.0640828930395,2350.446044921875,125200
2024-02-05 00:00:00+09:00,2360.960097779388,2368.6069321041796,2344.2326476939065,2349.9677734375,93500
2024-02-06 00:00:00+09:00,2350.446001055958,2393.4594496316054,2342.3212385472243,2351.40185546875,115400
2024-02-07 00:00:00+09:00,2351.4015238658867,2360.482139506832,2344.7105439199267,2353.313232421875,92200
2024-02-08 00:00:00+09:00,2365.7395898676314,2374.342279285332,2326.5495602981073,2345.188720703125,132500
2024-02-09 00:00:00+09:00,2375.2982148933756,2382.9450501928313,2338.01989280853,2370.041015625,157500
2024-02-13 00:00:00+09:00,2386.7685176177447,2411.142805643076,2371.4748466998894,2379.599609375,198200
2024-02-14 00:00:00+09:00,2377.209906918746,2377.209906918746,2307.4325353043237,2319.858642578125,175600
2024-02-15 00:00:00+09:00,2337.0638072881743,2344.7106418314484,2305.5206147971685,2316.512939453125,159800
2024-02-16 00:00:00+09:00,2308.388234429331,2365.2615677413582,2306.4765257465738,2336.5859375,180000
2024-02-19 00:00:00+09:00,2326.549629242719,2335.152318915351,2305.9987594692116,2330.373046875,141500
2024-02-20 00:00:00+09:00,2327.5052631397216,2334.6741705210557,2297.873779296875,2297.873779296875,173400
2024-02-21 00:00:00+09:00,2299.7858272159624,2307.4326628841786,2283.5363014210034,2287.837646484375,147200
2024-02-22 00:00:00+09:00,2293.094469738584,2299.785449850368,2284.013853872591,2290.704833984375,108500
2024-02-26 00:00:00+09:00,2303.60899943017,2313.16754299627,2295.4842373989845,2306.4765625,82900
2024-02-27 00:00:00+09:00,2305.520645822572,2345.666527715005,2296.9179568456225,2313.16748046875,160800
2024-02-28 00:00:00+09:00,2308.3882147757163,2325.1156656074245,2295.9621084435903,2305.042724609375,229700
2024-02-29 00:00:00+09:00,2305.520683009759,2307.9103188752338,2259.1617472195544,2301.697265625,335200
2024-03-01 00:00:00+09:00,2307.43241685661,2317.9468147793204,2295.0063102206796,2306.4765625,96100
2024-03-04 00:00:00+09:00,2295.006523250091,2306.9547038167825,2284.4921243514027,2291.18310546875,159800
2024-03-05 00:00:00+09:00,2294.050348315491,2296.4399840949864,2273.4994806118316,2276.844970703125,179000
2024-03-06 00:00:00+09:00,2274.4554975987785,2298.351857102863,2267.7645169376347,2270.632080078125,247000
2024-03-07 00:00:00+09:00,2265.3750476173423,2293.57275390625,2265.3750476173423,2293.57275390625,194000
2024-03-08 00:00:00+09:00,2272.5437826897537,2272.5437826897537,2235.2654619642435,2260.11767578125,341500
2024-03-11 00:00:00+09:00,2264.419296891545,2277.801259811123,2239.089152793771,2256.7724609375,227800
2024-03-12 00:00:00+09:00,2257.2503055871384,2271.110195246683,2234.309798564445,2269.198486328125,220100
2024-03-13 00:00:00+09:00,2267.286245888158,2287.8371119449016,2257.7277035361844,2270.15380859375,114900
2024-03-14 00:00:00+09:00,2277.8009254779545,2298.3517940880156,2270.1540906463038,2295.962158203125,156200
2024-03-15 00:00:00+09:00,2287.3594452942057,2352.8354678611313,2272.5437029615437,2347.100341796875,388500
2024-03-18 00:00:00+09:00,2361.4382641925754,2362.394118580024,2332.7626325691076,2339.45361328125,274800
2024-03-19 00:00:00+09:00,2362.871826171875,2362.871826171875,2362.871826171875,2362.871826171875,27200
2024-03-21 00:00:00+09:00,2381.9888921725646,2394.414997950351,2349.4898462922006,2349.9677734375,544600
2024-03-22 00:00:00+09:00,2369.5628406568435,2417.3555562812253,2364.7835690944053,2415.44384765625,445200
2024-03-25 00:00:00+09:00,2392.025701087857,2445.075621731364,2392.025701087857,2433.12744140625,590000
2024-03-26 00:00:00+09:00,2427.3925446012126,2427.3925446012126,2371.4750553871268,2401.58447265625,496900
2024-03-27 00:00:00+09:00,2402.539926352289,2430.2597027056677,2397.2827273887174,2399.67236328125,697000
2024-03-28 00:00:00+09:00,2399.672174870532,2404.494667183375,2359.1632394426533,2374.59521484375,700900
2024-03-29 00:00:00+09:00,2405.4592556854877,2448.3794388763476,2398.225516945455,2426.67822265625,160100
2024-04-01 00:00:00+09:00,2434.394044041467,2445.0035268007605,2410.2815832248916,2414.621826171875,160500
2024-04-02 00:00:00+09:00,2423.784624002643,2426.6781193755073,2359.1632273420073,2377.970947265625,177400
2024-04-03 00:00:00+09:00,2363.9857007987266,2410.281626395764,2363.9857007987266,2392.920654296875,147000
2024-04-04 00:00:00+09:00,2420.8915052208913,2429.089743385982,2394.8500428141324,2400.15478515625,129500
2024-04-05 00:00:00+09:00,2375.559816804399,2404.4947719420898,2370.2550750291557,2403.5302734375,113700
2024-04-08 00:00:00+09:00,2392.921007758572,2413.6577274952947,2377.9712795762835,2410.281982421875,88600
2024-04-09 00:00:00+09:00,2413.1750375298666,2417.515280403122,2384.7223342496386,2396.778564453125,98400
2024-04-10 00:00:00+09:00,2397.7433956994378,2415.10436960233,2396.778897149277,2401.119140625,67200
2024-04-11 00:00:00+09:00,2387.1338310195424,2404.0125550772564,2368.808359185453,2385.204833984375,126000
2024-04-12 00:00:00+09:00,2398.2254324663845,2398.2254324663845,2372.6662231519426,2382.79345703125,89100
2024-04-15 00:00:00+09:00,2379.4180530047834,2379.4180530047834,2354.341089333067,2375.56005859375,85100
2024-04-16 00:00:00+09:00,2364.4678391580574,2370.2548295863453,2339.8731298378325,2355.787353515625,114100
2024-04-17 00:00:00+09:00,2362.0565878214343,2362.0565878214343,2319.6186581096567,2327.81689453125,141000
2024-04-18 00:00:00+09:00,2324.441381603615,2351.92958881345,2324.441381603615,2331.19287109375,76400
2024-04-19 00:00:00+09:00,2342.766917231251,2348.0716591187656,2311.902964431169,2342.28466796875,174400
2024-04-22 00:00:00+09:00,2375.5598554430767,2429.0895233184688,2364.950371720026,2421.37353515625,215000
2024-04-23 00:00:00+09:00,2414.139786687575,2414.139786687575,2391.474071550876,2404.97705078125,133200
2024-04-24 00:00:00+09:00,2401.6011946371314,2401.6011946371314,2369.772745069651,2387.615966796875,97100
2024-04-25 00:00:00+09:00,2396.7788788879557,2396.7788788879557,2363.021429889534,2368.326171875,86900
2024-04-26 00:00:00+09:00,2377.0068024172756,2381.8292954227886,2347.5895950836475,2367.36181640625,93000
2024-04-30 00:00:00+09:00,2377.4888658960135,2380.8646107360278,2339.873423392993,2370.255126953125,125500
2024-05-01 00:00:00+09:00,2368.326298206187,2370.7375446918377,2352.894320698022,2362.539306640625,65900
2024-05-02 00:00:00+09:00,2370.7373917695063,2370.7373917695063,2342.766934340167,2347.107177734375,74300
2024-05-07 00:00:00+09:00,2358.1987969158904,2358.1987969158904,2341.8023226633054,2349.518310546875,89600
2024-05-08 00:00:00+09:00,2366.397113741022,2381.8290900279003,2335.533161167265,2337.462158203125,101200
2024-05-09 00:00:00+09:00,2336.980052022865,2348.554034946627,2324.9238198106136,2336.497802734375,108000
2024-05-10 00:00:00+09:00,2343.7314014220506,2354.3408851321915,2313.3496980702835,2317.68994140625,120700
2024-05-13 00:00:00+09:00,2338.908967532294,2401.6013728475923,2324.923738654266,2396.296630859375,205400
2024-05-14 00:00:00+09:00,2387.6159751518667,2429.5716588194514,2372.6662487875547,2423.78466796875,157700
2024-05-15 00:00:00+09:00,2409.3172969239663,2416.068786547052,2371.701854738204,2385.204833984375,120400
2024-05-16 00:00:00+09:00,2373.630934418225,2379.9001750008006,2334.086493820441,2353.37646484375,124700
2024-05-17 00:00:00+09:00,2334.0863935494826,2376.0420787227895,2334.0863935494826,2352.411865234375,71400
2024-05-20 00:00:00+09:00,2352.411928947058,2379.4178879509604,2345.6604391960823,2363.503662109375,75800
2024-05-21 00:00:00+09:00,2372.666186848171,2403.530137246196,2372.666186848171,2392.920654296875,110900
2024-05-22 00:00:00+09:00,2387.615973882751,2398.707706340699,2371.701749051781,2376.0419921875,131000
2024-05-23 00:00:00+09:00,2376.0420980673302,2404.97705359484,2367.843860667869,2385.204833984375,83100
2024-05-24 00:00:00+09:00,2367.8436007260116,2395.331805459491,2367.8436007260116,2380.382080078125,125300
2024-05-27 00:00:00+09:00,2381.347054270243,2391.4742896164717,2366.3973259020013,2383.75830078125,84400
2024-05-28 00:00:00+09:00,2375.5599744755777,2390.0274530046613,2375.5599744755777,2379.41796875,60800
2024-05-29 00:00:00+09:00,2368.3260732758895,2388.098292580372,2342.7668629554614,2347.58935546875,120600
2024-05-30 00:00:00+09:00,2347.589301326476,2357.7165353708174,2334.568571840893,2352.89404296875,97600
2024-05-31 00:00:00+09:00,2359.6455111163623,2389.0627145044878,2359.163261880491,2387.615966796875,158000
2024-06-03 00:00:00+09:00,2405.4591937226373,2418.9621723562045,2384.24022729846,2395.814208984375,139600
2024-06-04 00:00:00+09:00,2395.8145493975753,2416.55126953125,2372.666582736729,2416.55126953125,133400
2024-06-05 00:00:00+09:00,2407.3880758875152,2419.4443062355094,2400.1543376787185,2417.99755859375,83700
2024-06-06 00:00:00+09:00,2417.9976790723736,2417.9976790723736,2399.1899587923926,2404.012451171875,72000
2024-06-07 00:00:00+09:00,2403.530137246196,2415.1041186454554,2387.1336635972452,2392.920654296875,87100
2024-06-10 00:00:00+09:00,2392.9208595248856,2454.6487656150075,2391.474111725898,2450.790771484375,171300
2024-06-11 00:00:00+09:00,2453.6843468830334,2463.81158180531,2438.734619140625,2438.734619140625,132600
2024-06-12 00:00:00+09:00,2440.1811349396658,2455.6131104965966,2426.6781563273516,2435.358642578125,86000
2024-06-13 00:00:00+09:00,2435.3586444790003,2441.145635317366,2412.2106811255367,2415.58642578125,93500
2024-06-14 00:00:00+09:00,2405.4590910615766,2423.784561282174,2401.6010973309244,2414.621826171875,171400
2024-06-17 00:00:00+09:00,2444.5216016577647,2444.5216016577647,2417.033392682722,2422.338134765625,150000
2024-06-18 00:00:00+09:00,2433.42987703848,2455.131094729073,2427.1606363723085,2438.734619140625,167800
2024-06-19 00:00:00+09:00,2422.3381063033858,2452.2375613284325,2411.2463729876426,2448.86181640625,188300
2024-06-20 00:00:00+09:00,2454.6485857538564,2483.1012903824376,2441.1456072860556,2461.88232421875,167400
2024-06-21 00:00:00+09:00,2480.208015777236,2501.9092331036945,2462.364792642148,2468.634033203125,367600
2024-06-24 00:00:00+09:00,2468.6337551299457,2471.0450012279434,2435.8408081971784,2439.216552734375,134700
2024-06-25 00:00:00+09:00,2449.8266014547203,2471.0455720185014,2439.2171161728297,2446.93310546875,99600
2024-06-26 00:00:00+09:00,2446.45021303587,2458.506443141507,2438.2519765640372,2451.272705078125,82500
2024-06-27 00:00:00+09:00,2451.273197428385,2469.598670869715,2450.7909481272977,2459.471435546875,82200
2024-06-28 00:00:00+09:00,2469.116149369544,2487.92387003857,2461.4001614027643,2485.994873046875,126100
2024-07-01 00:00:00+09:00,2501.9092719268206,2514.9300025247435,2482.137051389234,2486.477294921875,152100
2024-07-02 00:00:00+09:00,2481.654649554334,2493.2286315965616,2453.201943700524,2471.045166015625,124400
2024-07-03 00:00:00+09:00,2461.4002445295805,2490.817449646411,2456.577751887477,2482.136962890625,143200
2024-07-04 00:00:00+09:00,2483.583764177272,2500.4624887881855,2442.592575836482,2448.86181640625,164200
2024-07-05 00:00:00+09:00,2445.003625865513,2454.6486105829313,2383.2757236740367,2387.615966796875,201800
2024-07-08 00:00:00+09:00,2382.311531979442,2388.580772853072,2363.02156006058,2370.737548828125,168500
2024-07-09 00:00:00+09:00,2363.0213661006546,2365.432612392594,2338.90890318126,2357.234375,202100
2024-07-10 00:00:00+09:00,2357.234413864213,2380.3823786484772,2353.8586689998415,2375.07763671875,170800
2024-07-11 00:00:00+09:00,2389.5451240208777,2415.1043352364386,2389.5451240208777,2391.47412109375,168000
2024-07-12 00:00:00+09:00,2397.743103600272,2416.550823037201,2391.4738637879627,2414.621826171875,124300
2024-07-16 00:00:00+09:00,2411.2461440535644,2411.2461440535644,2377.006448808004,2377.970947265625,135200
2024-07-17 00:00:00+09:00,2382.7934553160912,2413.175156932143,2377.9709629960826,2402.565673828125,152900
2024-07-18 00:00:00+09:00,2397.7433662046574,2422.3380789312137,2397.7433662046574,2399.67236328125,89100
2024-07-19 00:00:00+09:00,2402.5655670319743,2411.246052822134,2375.5596112403664,2393.40283203125,113900
2024-07-22 00:00:00+09:00,2393.4028672094496,2409.3170913919826,2389.5448734682295,2403.0478515625,76500
2024-07-23 00:00:00+09:00,2403.048369222887,2418.962596833634,2395.332380078282,2404.4951171875,127700
2024-07-24 00:00:00+09:00,2405.941585027793,2405.941585027793,2363.021400408135,2366.87939453125,128000
2024-07-25 00:00:00+09:00,2363.021304455807,2384.2402712713283,2348.5538270815878,2374.113037109375,135000
2024-07-26 00:00:00+09:00,2387.133794077714,2390.509538837016,2344.695859960777,2347.58935546875,120600
2024-07-29 00:00:00+09:00,2354.341089333067,2381.829299511679,2353.858840031688,2375.56005859375,98900
2024-07-30 00:00:00+09:00,2375.559762393727,2375.559762393727,2349.5183033662684,2361.09228515625,132500
2024-07-31 00:00:00+09:00,2387.1340287517532,2412.693241584853,2356.2700736325387,2406.90625,212900
2024-08-01 00:00:00+09:00,2367.8440363415007,2367.8440363415007,2328.299594186714,2337.944580078125,184300
2024-08-02 00:00:00+09:00,2298.399646496664,2298.399646496664,2207.736798502251,2222.6865234375,394100
2024-08-05 00:00:00+09:00,2178.3200105579654,2183.1425033862984,2008.5682630006477,2029.7872314453125,411000
2024-08-06 00:00:00+09:00,2039.9142899289368,2229.92049092941,2039.9142899289368,2198.092041015625,347000
2024-08-07 00:00:00+09:00,2166.2637152682305,2232.8141143570583,2161.441222580634,2192.30517578125,195400
2024-08-08 00:00:00+09:00,2191.340642951834,2241.494566117985,2167.2281798911845,2182.66015625,196100
2024-08-09 00:00:00+09:00,2195.1984512046283,2208.701429375483,2156.136264353228,2185.553466796875,245400
2024-08-13 00:00:00+09:00,2199.5387024345987,2250.1748707651477,2199.5387024345987,2241.494384765625,207600
2024-08-14 00:00:00+09:00,2251.621784219185,2280.074490423711,2242.9412975805158,2253.55078125,114100
2024-08-15 00:00:00+09:00,2253.5506626629212,2261.2666503801493,2235.707441066831,2247.763671875,138100
2024-08-16 00:00:00+09:00,2285.379344340813,2303.7048170322987,2269.465118056102,2298.88232421875,195500
2024-08-19 00:00:00+09:00,2295.5067055237905,2315.761176454883,2283.932722134595,2293.095458984375,161200
2024-08-20 00:00:00+09:00,2303.7048511170506,2340.3557970422958,2301.7758539630904,2336.497802734375,124300
2024-08-21 00:00:00+09:00,2332.157462866512,2361.0924189814814,2328.29946871785,2343.7314453125,114700
2024-08-22 00:00:00+09:00,2360.1278877180416,2368.32612517027,2338.4266709327308,2362.056884765625,74000
2024-08-23 00:00:00+09:00,2362.0568800138612,2377.9711056244078,2346.6249036642403,2353.858642578125,114500
2024-08-26 00:00:00+09:00,2361.092453253074,2363.021450355405,2343.731479332095,2353.37646484375,90000
2024-08-27 00:00:00+09:00,2364.468413949966,2370.7376551046364,2344.696191846774,2351.929931640625,95200
2024-08-28 00:00:00+09:00,2353.376324138866,2353.376324138866,2324.9236185806294,2334.568603515625,140900
2024-08-29 00:00:00+09:00,2326.370435764978,2333.1219254210123,2295.9887323128232,2306.115966796875,147400
2024-08-30 00:00:00+09:00,2306.1162531434766,2317.207987527061,2293.5777707968164,2304.187255859375,163400
2024-09-02 00:00:00+09:00,2324.441391506343,2324.441391506343,2288.754946906453,2299.8466796875,141000
2024-09-03 00:00:00+09:00,2295.9886783032384,2327.817128790114,2295.9886783032384,2311.420654296875,119700
2024-09-04 00:00:00+09:00,2276.216319480963,2300.3287804924144,2272.3583257191312,2292.61279296875,179300
2024-09-05 00:00:00+09:00,2274.769507202329,2304.1867088006634,2271.393762756619,2281.52099609375,169200
2024-09-06 00:00:00+09:00,2281.521238196822,2285.861481516157,2244.388045353627,2253.55078125,182700
2024-09-09 00:00:00+09:00,2221.7222962042297,2247.763755721275,2211.595061947601,2243.90576171875,245300
2024-09-10 00:00:00+09:00,2243.9054878617244,2251.1392257336192,2209.18354607663,2222.6865234375,341800
2024-09-11 00:00:00+09:00,2216.4178096543874,2216.4178096543874,2166.7461311525594,2184.58935546875,346100
2024-09-12 00:00:00+09:00,2201.9500400230536,2214.9707695632687,2183.142319576076,2206.290283203125,346300
2024-09-13 00:00:00+09:00,2190.858267651722,2200.021003087642,2173.9795444802917,2188.447021484375,275700
2024-09-17 00:00:00+09:00,2188.4471521262108,2204.8436270429784,2168.19268311138,2190.8583984375,301700
2024-09-18 00:00:00+09:00,2194.7166036892168,2206.772836405594,2166.263894478568,2181.213623046875,262500
2024-09-19 00:00:00+09:00,2196.6455707408395,2210.630800499672,2182.6603409820063,2207.7373046875,424200
2024-09-20 00:00:00+09:00,2208.7015068436676,2213.523999216689,2193.26953125,2193.26953125,681000
2024-09-24 00:00:00+09:00,2182.6603120200425,2191.8230486370067,2173.0153261074483,2178.320068359375,831500
2024-09-25 00:00:00+09:00,2169.1571279198233,2207.25481869476,2159.0298936631943,2196.1630859375,925400
2024-09-26 00:00:00+09:00,2206.290393598528,2223.6513671875,2190.8584170749973,2223.6513671875,1121100
2024-09-27 00:00:00+09:00,2240.1732947111855,2262.0404960695378,2196.4388919944813,2234.342041015625,1006800
2024-09-30 00:00:00+09:00,2195.4672159048228,2234.828181927021,2190.121899531438,2223.651611328125,271200
2024-10-01 00:00:00+09:00,2234.827959080712,2291.6826821101627,2224.1373273999607,2265.927978515625,446000
2024-10-02 00:00:00+09:00,2265.927933214967,2286.3373205611024,2249.406048220477,2260.0966796875,319400
2024-10-03 00:00:00+09:00,2279.048104881344,2287.309046839336,2255.2371545318374,2262.040283203125,409400
2024-10-04 00:00:00+09:00,2276.1326479275813,2283.9076527027396,2222.1935522999206,2226.0810546875,265700
2024-10-07 00:00:00+09:00,2243.5748020276023,2262.040438258282,2225.595103592467,2247.9482421875,223900
2024-10-08 00:00:00+09:00,2224.6232250829107,2253.2935549824065,2221.7075983134705,2252.8076171875,215800
2024-10-09 00:00:00+09:00,2261.0683207763195,2262.040196263436,2224.137052265896,2240.658935546875,132400
2024-10-10 00:00:00+09:00,2239.68715793833,2251.8356020581955,2230.454340407233,2240.173095703125,131700
2024-10-11 00:00:00+09:00,2230.454351045371,2243.574670757402,2216.3621557991146,2220.735595703125,150300
2024-10-15 00:00:00+09:00,2216.8482814583676,2232.398291323924,2201.298271592811,2231.912353515625,178500
2024-10-16 00:00:00+09:00,2228.5106026632743,2242.602797926518,2214.904345167729,2215.876220703125,115300
2024-10-17 00:00:00+09:00,2227.0529831654135,2227.0529831654135,2207.1295329559916,2219.763916015625,84400
2024-10-18 00:00:00+09:00,2228.024622818084,2232.8840004032927,2197.896481789792,2202.755859375,249300
2024-10-21 00:00:00+09:00,2209.5594366873165,2217.3344424025127,2190.607860256526,2192.065673828125,157800
2024-10-22 00:00:00+09:00,2187.691969642933,2191.0935342336707,2144.929443359375,2144.929443359375,212500
2024-10-23 00:00:00+09:00,2144.9292643079534,2153.1902061958635,2107.512056933302,2114.315185546875,200500
2024-10-24 00:00:00+09:00,2107.026322018097,2108.4841354327773,2088.0747476272513,2101.195068359375,179500
2024-10-25 00:00:00+09:00,2103.138821106593,2105.568510132825,2085.645060117721,2098.765380859375,193200
2024-10-28 00:00:00+09:00,2094.877920239072,2129.3795051003513,2093.4201067942295,2109.4560546875,202400
2024-10-29 00:00:00+09:00,2117.716790190794,2129.865234375,2110.913661447639,2129.865234375,115800
2024-10-30 00:00:00+09:00,2132.295175763323,2141.0420566119424,2117.717041015625,2117.717041015625,460000
2024-10-31 00:00:00+09:00,2138.6123015880044,2151.7326224566427,2119.6607269999718,2143.4716796875,144000
2024-11-01 00:00:00+09:00,2134.2388643916156,2145.4154340366536,2125.491983799847,2138.6123046875,106700
2024-11-05 00:00:00+09:00,2147.359340696485,2151.732781308902,2120.1468213303383,2126.949951171875,123300
2024-11-06 00:00:00+09:00,2127.435606391309,2137.154362016669,2108.969970703125,2108.969970703125,108900
2024-11-07 00:00:00+09:00,2125.4918807507206,2158.0497124860426,2124.5200051765323,2148.81689453125,195200
2024-11-08 00:00:00+09:00,2156.591893388043,2170.684089176293,2156.1059556022415,2158.53564453125,181800
2024-11-11 00:00:00+09:00,2133.266737655333,2164.3667538762766,2129.3792356277154,2153.190185546875,307000
2024-11-12 00:00:00+09:00,2167.2823791228725,2182.346449471036,2153.190184281042,2155.619873046875,238100
2024-11-13 00:00:00+09:00,2152.7043484648966,2168.2543573025664,2139.584028508113,2147.844970703125,166600
2024-11-14 00:00:00+09:00,2138.1262220918657,2169.2262398677476,2133.2668443143843,2135.696533203125,150900
2024-11-15 00:00:00+09:00,2201.784087795971,2283.9075728627377,2194.980958855529,2276.132568359375,597800
2024-11-18 00:00:00+09:00,2283.42171983025,2308.20454760453,2274.188901639832,2297.513916015625,251700
2024-11-19 00:00:00+09:00,2302.859306313206,2342.2202693457803,2292.65461219365,2333.473388671875,230800
2024-11-20 00:00:00+09:00,2333.473265644858,2346.1076481743803,2282.4497977371716,2294.1123046875,127500
2024-11-21 00:00:00+09:00,2297.514015595219,2312.09215021194,2279.0483784140392,2294.598388671875,162900
2024-11-22 00:00:00+09:00,2294.598194197493,2307.232576461181,2277.1044341400784,2293.140380859375,103800
2024-11-25 00:00:00+09:00,2293.1404541647566,2307.7185880119578,2246.9763636486196,2252.8076171875,277300
2024-11-26 00:00:00+09:00,2253.779475301453,2293.62637417483,2252.807599719176,2281.9638671875,190300
2024-11-27 00:00:00+09:00,2272.24491154992,2281.477728769648,2189.635494320774,2196.924560546875,215700
2024-11-28 00:00:00+09:00,2206.1576079153906,2233.8560624641077,2195.952914134284,2221.2216796875,116900
2024-11-29 00:00:00+09:00,2205.6715673785593,2240.1731495076356,2205.6715673785593,2231.42626953125,153800
2024-12-02 00:00:00+09:00,2212.4746576671414,2225.5949774029227,2194.9808980194325,2213.446533203125,218300
2024-12-03 00:00:00+09:00,2228.0247433279833,2269.329455036354,2221.7075521255265,2249.406005859375,171000
2024-12-04 00:00:00+09:00,2236.285671290839,2249.405991396196,2186.7200175594908,2190.12158203125,205600
2024-12-05 00:00:00+09:00,2190.6074688105623,2198.3824731364202,2180.8887134032393,2194.009033203125,151700
2024-12-06 00:00:00+09:00,2202.27036882932,2207.1297474013177,2188.6641088277265,2192.065673828125,85400
2024-12-09 00:00:00+09:00,2196.4387746071193,2202.270027991032,2176.0293877634244,2187.69189453125,141700
2024-12-10 00:00:00+09:00,2187.691563997337,2193.5228165002177,2161.450927734375,2161.450927734375,197200
2024-12-11 00:00:00+09:00,2159.507571332671,2161.9372603193187,2148.3310019940905,2154.648193359375,128000
2024-12-12 00:00:00+09:00,2161.451467483108,2176.5155402106207,2153.1905243744723,2157.56396484375,130900
2024-12-13 00:00:00+09:00,2138.1262304911224,2162.9090572536334,2109.4559014913552,2121.118408203125,302800
2024-12-16 00:00:00+09:00,2118.2027999523075,2118.2027999523075,2089.532470703125,2089.532470703125,192500
2024-12-17 00:00:00+09:00,2089.532372785762,2111.3995720358457,2084.6729951746324,2090.018310546875,199200
2024-12-18 00:00:00+09:00,2099.251122786971,2118.202695423242,2088.560492069074,2099.737060546875,202600
2024-12-19 00:00:00+09:00,2089.532561041932,2111.8857000670314,2089.532561041932,2101.195068359375,179800
2024-12-20 00:00:00+09:00,2110.427973641776,2117.717041015625,2088.074833695305,2117.717041015625,677800
2024-12-23 00:00:00+09:00,2126.4636700034225,2134.238674281314,2104.1105327044834,2129.865234375,170700
2024-12-24 00:00:00+09:00,2138.1263141779,2153.1903859368804,2133.752873989809,2144.929443359375,101000
2024-12-25 00:00:00+09:00,2132.7809518459626,2141.52783203125,2119.1746937799594,2141.52783203125,122000
2024-12-26 00:00:00+09:00,2141.5278728314765,2155.134131156705,2141.0419350341467,2154.648193359375,201800
2024-12-27 00:00:00+09:00,2172.1419561540242,2239.201372250054,2172.1419561540242,2230.9404296875,321600
2024-12-30 00:00:00+09:00,2244.0607669029705,2251.349833924093,2204.2138671875,2204.2138671875,149100
2025-01-06 00:00:00+09:00,2224.137226748842,2230.4544179106806,2185.748141996131,2190.12158203125,166800
2025-01-07 00:00:00+09:00,2190.1215283472893,2203.7277859008113,2179.430897412379,2198.868408203125,109900
2025-01-08 00:00:00+09:00,2186.720073063601,2195.4669533558554,2178.945068359375,2178.945068359375,134000
2025-01-09 00:00:00+09:00,2177.0012847300654,2177.0012847300654,2142.499701869388,2151.24658203125,151600
2025-01-10 00:00:00+09:00,2146.3872142576347,2160.479410140241,2134.23876953125,2134.23876953125,111700
2025-01-14 00:00:00+09:00,2126.463886193814,2126.463886193814,2089.5326121191497,2097.3076171875,208400
2025-01-15 00:00:00+09:00,2094.391844288637,2104.5965377294865,2086.6168397622755,2096.821533203125,183000
2025-01-16 00:00:00+09:00,2097.7936632830733,2105.082730910881,2078.842087450773,2082.24365234375,161600
2025-01-17 00:00:00+09:00,2079.813818667475,2084.187258940374,2063.777871000179,2079.327880859375,132500
2025-01-20 00:00:00+09:00,2078.355758713242,2092.4479534765533,2078.355758713242,2084.18701171875,93600
2025-01-21 00:00:00+09:00,2099.737155665867,2115.773102469147,2097.307466756279,2104.110595703125,134200
2025-01-22 00:00:00+09:00,2108.969884549217,2113.829262163386,2079.813618864205,2087.588623046875,152700
2025-01-23 00:00:00+09:00,2087.588812858571,2100.709133609777,2080.299745774568,2096.335693359375,83800
2025-01-24 00:00:00+09:00,2096.33544426158,2128.407335620241,2096.33544426158,2106.05419921875,133900
2025-01-27 00:00:00+09:00,2125.0058513903873,2141.527735439615,2108.969905107313,2139.583984375,87500
2025-01-28 00:00:00+09:00,2143.9575138023183,2173.5997187755597,2139.5840737242993,2153.67626953125,128900
2025-01-29 00:00:00+09:00,2142.0137569842204,2170.1981485234865,2137.640316917783,2163.39501953125,118700
2025-01-30 00:00:00+09:00,2170.1982330648075,2186.720118403859,2157.0779123543844,2184.7763671875,133200
2025-01-31 00:00:00+09:00,2179.9167950492433,2190.6074257873356,2150.7605293999,2183.318359375,145300
2025-02-03 00:00:00+09:00,2159.5074815107123,2172.1418637157703,2138.126219317537,2140.555908203125,168000
2025-02-04 00:00:00+09:00,2152.704463297899,2159.9935303293814,2110.427874515299,2120.632568359375,143700
2025-02-05 00:00:00+09:00,2122.5762299956746,2135.2106123170774,2099.251216479239,2106.540283203125,132200
2025-02-06 00:00:00+09:00,2114.8014140660853,2128.407673163937,2106.0545332174665,2117.717041015625,90200
2025-02-07 00:00:00+09:00,2113.8295432979435,2120.146735036535,2101.681097646806,2110.427978515625,108800
2025-02-10 00:00:00+09:00,2110.4275857701023,2119.174465011148,2102.652582000284,2114.801025390625,83100
2025-02-12 00:00:00+09:00,2124.520026832442,2125.0059646244895,2108.9700174869163,2112.37158203125,94500
2025-02-13 00:00:00+09:00,2130.3511049006956,2165.338623046875,2099.2510887707585,2165.338623046875,225500
2025-02-14 00:00:00+09:00,2262.5264447628233,2269.3295741070415,2108.484158897313,2141.0419921875,417500
2025-02-17 00:00:00+09:00,2128.893268380189,2138.126085567869,2107.9979452712305,2115.77294921875,184600
2025-02-18 00:00:00+09:00,2111.885632666472,2134.238770978174,2104.1106280363147,2131.80908203125,133600
2025-02-19 00:00:00+09:00,2126.463726589409,2138.612171096889,2115.2871576425264,2116.259033203125,143900
2025-02-20 00:00:00+09:00,2108.9701152999887,2117.231058147938,2094.391980862431,2111.8857421875,192000
2025-02-21 00:00:00+09:00,2111.8859006071357,2133.753103903804,2094.878075820838,2095.364013671875,210900
2025-02-25 00:00:00+09:00,2095.3637564192677,2124.520023901911,2095.3637564192677,2117.23095703125,175300
2025-02-26 00:00:00+09:00,2117.7167982210544,2126.4636780668507,2097.307411914197,2115.287109375,147400
2025-02-27 00:00:00+09:00,2108.9699567999005,2133.266845703125,2108.9699567999005,2133.266845703125,221800
2025-02-28 00:00:00+09:00,2131.3233050355816,2131.3233050355816,2104.1107867770334,2110.427978515625,182100
2025-03-03 00:00:00+09:00,2118.6886630719328,2142.499613643154,2103.6245923023844,2134.724609375,217500
2025-03-04 00:00:00+09:00,2131.323104392401,2132.780917733299,2107.512153157739,2116.259033203125,225400
2025-03-05 00:00:00+09:00,2107.512391282001,2131.323345207022,2107.0264534467965,2123.54833984375,124200
2025-03-06 00:00:00+09:00,2124.0341254525697,2136.1825704620214,2120.6325608499233,2132.781005859375,170500
2025-03-07 00:00:00+09:00,2125.005790866431,2181.374570134784,2115.2870358201635,2162.908935546875,270300
2025-03-10 00:00:00+09:00,2184.2905128243738,2213.932720006195,2164.3670620956086,2206.15771484375,321800
2025-03-11 00:00:00+09:00,2186.7199720609706,2204.2137318374585,2163.3949590256534,2184.290283203125,227100
2025-03-12 00:00:00+09:00,2157.5638025179405,2191.093510259773,2144.929419890583,2183.804443359375,177100
2025-03-13 00:00:00+09:00,2173.599696057908,2194.9809584380887,2170.198131588334,2192.55126953125,196900
2025-03-14 00:00:00+09:00,2197.410790702555,2202.270168833255,2182.346718497385,2197.896728515625,270500
2025-03-17 00:00:00+09:00,2196.4389845501682,2200.3264871776905,2167.28271484375,2167.28271484375,318500
2025-03-18 00:00:00+09:00,2169.71195900137,2203.727600015949,2166.3103948999124,2177.972900390625,312500
2025-03-19 00:00:00+09:00,2170.684125861135,2195.4669533558554,2168.740374685078,2178.945068359375,378000
2025-03-21 00:00:00+09:00,2168.2542597452803,2192.5511474609375,2145.901123046875,2145.901123046875,1587100
2025-03-24 00:00:00+09:00,2157.5635157818774,2205.185413202288,2150.760387578962,2177.972900390625,903100
2025-03-25 00:00:00+09:00,2161.451307774866,2195.9528911498696,2154.162240864654,2178.945068359375,560500
2025-03-26 00:00:00+09:00,2177.9731913035685,2194.4950762889143,2168.740373223522,2181.374755859375,632900
2025-03-27 00:00:00+09:00,2162.423078129326,2198.8684109067867,2160.9652648182278,2194.009033203125,1023000
2025-03-28 00:00:00+09:00,2189.1008226465615,2200.389907606398,2167.0134825077507,2176.830078125,744900
2025-03-31 00:00:00+09:00,2160.141924452671,2161.6144138353925,2102.2240087322857,2110.568115234375,395500
2025-04-01 00:00:00+09:00,2132.1645505512543,2132.1645505512543,2084.063232421875,2084.063232421875,292000
2025-04-02 00:00:00+09:00,2088.4806851367935,2088.4806851367935,2049.7051330508225,2059.521728515625,297800
2025-04-03 00:00:00+09:00,2015.8379715191822,2054.613525390625,2007.4938649898843,2054.613525390625,255100
2025-04-04 00:00:00+09:00,2017.3104902119896,2056.5768744496927,2015.3471710001045,2055.59521484375,239300
2025-04-07 00:00:00+09:00,1957.4291244380413,1987.860570204129,1890.6762756608161,1954.9749755859375,539400
2025-04-08 00:00:00+09:00,1986.3881583594996,2013.8746265750003,1963.3191582500613,2001.6038818359375,286200
2025-04-09 00:00:00+09:00,1978.0440299061422,2002.0946893268372,1948.594242860393,1988.84228515625,255800
2025-04-10 00:00:00+09:00,2041.8519058660208,2081.6091184562006,2016.8195868277594,2077.191650390625,195800
2025-04-11 00:00:00+09:00,2060.0125236021936,2070.8107784316544,2028.1085888787857,2066.393310546875,198000
2025-04-14 00:00:00+09:00,2094.370808758291,2112.5315118105655,2080.136744203805,2109.095703125,202400
2025-04-15 00:00:00+09:00,2104.678199663651,2116.458114960276,2101.733220839495,2115.96728515625,110800
2025-04-16 00:00:00+09:00,2126.2747521296865,2132.6555397053294,2092.898324810938,2101.242431640625,108600
2025-04-17 00:00:00+09:00,2112.531481919383,2116.948950166891,2093.8799493187935,2108.114013671875,94400
2025-04-18 00:00:00+09:00,2120.8756671186247,2127.747284646896,2110.0774110027696,2126.765625,93400
2025-04-21 00:00:00+09:00,2130.2013402785697,2151.7978515625,2126.765531665217,2151.7978515625,83500
2025-04-22 00:00:00+09:00,2156.7060867113546,2177.811767578125,2151.7977888353616,2177.811767578125,146600
2025-04-23 00:00:00+09:00,2177.811698026753,2202.3531866229528,2168.4859323601977,2191.554931640625,212400
2025-04-24 00:00:00+09:00,2196.9542306343515,2196.9542306343515,2161.61448429707,2165.05029296875,120300
2025-04-25 00:00:00+09:00,2149.834430299053,2166.031812993087,2135.1095369408404,2144.435302734375,134800
2025-04-28 00:00:00+09:00,2146.88947647613,2163.577689141925,2142.962838201825,2153.270263671875,118800
2025-04-30 00:00:00+09:00,2167.995265085731,2167.995265085731,2130.2013698148226,2152.779541015625,143800
2025-05-01 00:00:00+09:00,2166.5227102962285,2166.5227102962285,2142.4720503948884,2158.66943359375,103100
2025-05-02 00:00:00+09:00,2157.196963478942,2177.32098520878,2138.054601345682,2175.357666015625,151700
2025-05-07 00:00:00+09:00,2169.4676838344612,2192.0458542997067,2163.5777263217888,2166.522705078125,150900
2025-05-08 00:00:00+09:00,2161.123530128688,2173.3942746785897,2146.398636668806,2168.976806640625,119200
2025-05-09 00:00:00+09:00,2178.302746453016,2183.2110446649426,2164.5595114596217,2182.72021484375,114400
2025-05-12 00:00:00+09:00,2191.064144185657,2209.7156758789934,2146.889463859333,2196.9541015625,318000
2025-05-13 00:00:00+09:00,2192.045773466065,2192.045773466065,2135.6003493844264,2147.87109375,235800
2025-05-14 00:00:00+09:00,2140.9994219314954,2168.9767183666386,2124.802039784833,2138.054443359375,166600
2025-05-15 00:00:00+09:00,2130.2013017514773,2153.761131816931,2116.458067546629,2118.42138671875,146500
2025-05-16 00:00:00+09:00,2120.8754284478514,2138.0544703353025,2112.5313223882326,2118.912109375,114000
2025-05-19 00:00:00+09:00,2132.1645632322534,2150.3252650829886,2118.421329399265,2136.58203125,122400
2025-05-20 00:00:00+09:00,2135.109539421237,2139.5270074338328,2112.5313695790815,2116.4580078125,131800
2025-05-21 00:00:00+09:00,2116.9488777399397,2132.65543097149,2100.751494719903,2101.733154296875,155700
2025-05-22 00:00:00+09:00,2093.879863082799,2099.7698205035667,2068.356714259474,2077.191650390625,116900
2025-05-23 00:00:00+09:00,2085.044879465866,2088.9715176569507,2072.774135118727,2079.645751953125,108700
2025-05-26 00:00:00+09:00,2097.315686200501,2110.0772607011363,2087.008260642296,2101.733154296875,99000
2025-05-27 00:00:00+09:00,2092.898237481175,2123.329684649053,2092.898237481175,2118.42138671875,111100
2025-05-28 00:00:00+09:00,2135.1097263065144,2146.8896420378605,2127.2564491522835,2134.618896484375,158100
2025-05-29 00:00:00+09:00,2135.1097263065144,2149.8346209706974,2126.2747895080047,2134.618896484375,129900
2025-05-30 00:00:00+09:00,2120.384520647704,2159.1600709095487,2118.421201647104,2148.36181640625,256800
2025-06-02 00:00:00+09:00,2131.1827714645556,2149.8343019379904,2110.5679219939175,2128.23779296875,187100
2025-06-03 00:00:00+09:00,2134.127899801901,2138.5453678557687,2120.384665856535,2133.146240234375,145100
2025-06-04 00:00:00+09:00,2120.875577823929,2140.017940132453,2117.4397692044504,2123.820556640625,186900
2025-06-05 00:00:00+09:00,2116.458124410099,2126.7655503406677,2080.13671875,2080.13671875,161600
2025-06-06 00:00:00+09:00,2087.9900675943895,2110.077409635233,2086.517578125,2086.517578125,150500
2025-06-09 00:00:00+09:00,2082.590780899139,2087.4990787565494,2037.4344406109656,2049.21435546875,416100
2025-06-10 00:00:00+09:00,2047.7417614254064,2055.595037595782,2037.4343364517886,2045.7784423828125,359700
2025-06-11 00:00:00+09:00,2053.141036003102,2076.7008662034723,2053.141036003102,2054.613525390625,377700
2025-06-12 00:00:00+09:00,2060.503574541678,2060.503574541678,2031.0537854820066,2033.5079345703125,199300
2025-06-13 00:00:00+09:00,2027.1270381547229,2028.1086977373645,2012.892974206421,2013.8746337890625,153900
2025-06-16 00:00:00+09:00,2017.3104049787437,2023.2003623655428,1998.1680434716461,2000.6221923828125,129200
2025-06-17 00:00:00+09:00,1995.7138721305942,1999.6405103443287,1986.8789361496913,1987.860595703125,138000
2025-06-18 00:00:00+09:00,1986.3882365333343,1991.2965346221242,1971.172512458085,1976.080810546875,186400
2025-06-19 00:00:00+09:00,1976.0807183577265,1985.8973140773376,1969.6999311399793,1977.0623779296875,128900
2025-06-20 00:00:00+09:00,1973.1358099365234,1976.0807887573242,1963.3192138671875,1963.3192138671875,443000
2025-06-23 00:00:00+09:00,1959.392564251966,1962.337543055952,1930.9244358134354,1934.85107421875,262000
2025-06-24 00:00:00+09:00,1959.3924435197243,1961.8465923718281,1945.6492099479428,1954.9749755859375,212300
2025-06-25 00:00:00+09:00,1963.3191292342258,1963.3191292342258,1937.795980554181,1952.5208740234375,247400
2025-06-26 00:00:00+09:00,1949.5759149553294,1982.461510701051,1945.6492766573326,1969.2091064453125,181200
2025-06-27 00:00:00+09:00,1971.1723340781134,2014.3653533507415,1971.1723340781134,1994.2413330078125,285900
2025-06-30 00:00:00+09:00,2002.5855290189543,2013.3837843224878,1997.1864013671875,1997.1864013671875,204900
2025-07-01 00:00:00+09:00,1992.7689788841117,2005.0397238279793,1972.154127378414,1974.6082763671875,172500
2025-07-02 00:00:00+09:00,1979.5165068772415,1991.2964216218618,1972.1540601618537,1984.4248046875,183900
2025-07-03 00:00:00+09:00,1976.571572817144,1990.8056367882632,1968.2274663513153,1985.8973388671875,132000
2025-07-04 00:00:00+09:00,1983.9340119682895,1998.6589056741402,1971.6632672134137,1997.67724609375,113100
2025-07-07 00:00:00+09:00,1997.6771987634204,2002.5854965490798,1987.8606031921013,2000.13134765625,125200
2025-07-08 00:00:00+09:00,1990.8056065615074,2012.4021170863364,1976.0807130218514,2008.96630859375,244100
2025-07-09 00:00:00+09:00,2008.475526216212,2027.1270584733518,2006.51220703125,2006.51220703125,197700
2025-07-10 00:00:00+09:00,2006.5122123073736,2008.9663612950294,1991.2964885839076,1998.658935546875,236300
2025-07-11 00:00:00+09:00,1999.6405179072767,2032.526113071682,1999.6405179072767,2024.1820068359375,316100
2025-07-14 00:00:00+09:00,2024.1820291321537,2037.9252630835845,2012.4021143166417,2036.943603515625,395200
2025-07-15 00:00:00+09:00,2024.1820118582932,2026.1453309774574,1992.278076171875,1992.278076171875,170900
2025-07-16 00:00:00+09:00,1992.7689409668571,1996.695579274181,1973.1357494302379,1985.406494140625,141300
2025-07-17 00:00:00+09:00,1974.1173891264816,1998.1680485166353,1974.1173891264816,1992.7689208984375,115300
2025-07-18 00:00:00+09:00,1993.2597109768967,2020.255348530142,1988.8422430136384,2007.4937744140625,166000
2025-07-22 00:00:00+09:00,2007.493866623731,2029.0903776583139,2005.0397176425283,2006.51220703125,156900
2025-07-23 00:00:00+09:00,2021.7279195037497,2052.6501964954314,2021.7279195037497,2046.2694091796875,334400
2025-07-24 00:00:00+09:00,2046.2694674681172,2072.283447265625,2043.3244886231164,2072.283447265625,252700
2025-07-25 00:00:00+09:00,2061.485055192786,2079.645756869484,2055.595097892235,2071.79248046875,161500
2025-07-28 00:00:00+09:00,2067.374997941189,2100.7514224093757,2064.4300193116433,2095.352294921875,171900
2025-07-29 00:00:00+09:00,2083.0815630569923,2104.1872433612925,2076.2099462137317,2099.769775390625,117100
2025-07-30 00:00:00+09:00,2098.2971872095727,2126.7653127904277,2095.8430384526023,2112.53125,146400
2025-07-31 00:00:00+09:00,2129.71041688262,2144.9261400730697,2107.132246987114,2108.604736328125,260500
2025-08-01 00:00:00+09:00,2108.6046899863604,2160.1418157891,2098.7880945953625,2159.16015625,294800
2025-08-04 00:00:00+09:00,2124.8021018061413,2166.5226327956357,2123.3296124771005,2160.141845703125,216100
2025-08-05 00:00:00+09:00,2161.123530128688,2177.8117427165544,2152.288594052759,2168.976806640625,167500
2025-08-06 00:00:00+09:00,2181.2475956161934,2207.7524043838066,2180.7567658242006,2194.5,182700
2025-08-07 00:00:00+09:00,2194.499845673896,2207.2614193682643,2179.284123192149,2197.44482421875,195700
2025-08-08 00:00:00+09:00,2060.9942848557694,2092.407391364645,2032.0353272928994,2073.755859375,614400
2025-08-12 00:00:00+09:00,2090.935015660275,2095.843313819102,2061.9760565231963,2065.411865234375,388700
2025-08-13 00:00:00+09:00,2068.356787428364,2107.623171622543,2068.356787428364,2103.696533203125,340900
2025-08-14 00:00:00+09:00,2110.077173547168,2146.889406163134,2088.9714935140146,2118.912109375,275900
2025-08-15 00:00:00+09:00,2109.0957513558737,2130.201433764136,2097.8066654165705,2126.765625,260100
2025-08-18 00:00:00+09:00,2126.7654134412132,2165.050135861803,2125.2929241173447,2147.87109375,222500
2025-08-19 00:00:00+09:00,2148.8529146890996,2168.4861071485707,2146.8895954431528,2157.197021484375,171300
2025-08-20 00:00:00+09:00,2177.3208979565425,2198.9174082158047,2177.3208979565425,2192.53662109375,282700
2025-08-21 00:00:00+09:00,2174.866836217336,2180.756793796801,2148.362027109745,2175.357666015625,272900
2025-08-22 00:00:00+09:00,2175.3578034197585,2201.371784372206,2175.3578034197585,2195.97265625,213900
2025-08-25 00:00:00+09:00,2195.9723774031095,2206.770632276348,2185.6649522968364,2202.843994140625,151100
2025-08-26 00:00:00+09:00,2202.8440897902397,2202.8440897902397,2148.8528130796944,2149.83447265625,248000
2025-08-27 00:00:00+09:00,2149.834568851309,2166.52278239947,2144.4354409386688,2165.05029296875,135000
2025-08-28 00:00:00+09:00,2165.0500694249154,2190.082387162542,2165.0500694249154,2181.73828125,143100
2025-08-29 00:00:00+09:00,2173.394318944308,2197.444978751957,2170.9401699843434,2194.5,211000
2025-09-01 00:00:00+09:00,2198.9174032455944,2219.5322539010217,2192.536616137962,2200.389892578125,203400
2025-09-02 00:00:00+09:00,2203.334868873899,2228.3671875,2192.045784003304,2228.3671875,214400
2025-09-03 00:00:00+09:00,2222.4772672843224,2261.252820313355,2222.4772672843224,2241.61962890625,322100
2025-09-04 00:00:00+09:00,2231.802909355789,2256.3443972528175,2231.802909355789,2245.546142578125,197700
2025-09-05 00:00:00+09:00,2253.890559669581,2259.780517578125,2237.202345595372,2259.780517578125,225100
2025-09-08 00:00:00+09:00,2267.6335822758633,2282.8493054469786,2257.8169866815956,2280.885986328125,214200
2025-09-09 00:00:00+09:00,2283.3402021292236,2301.500904510733,2271.0694572768525,2295.1201171875,180100
2025-09-10 00:00:00+09:00,2292.666069699208,2308.372623805475,2287.7577715409993,2302.482666015625,146500
2025-09-11 00:00:00+09:00,2298.5557538775092,2310.8264978123666,2277.940904066949,2301.500732421875,238500
2025-09-12 00:00:00+09:00,2302.4825193939737,2303.4641789631037,2268.1244344744305,2269.596923828125,169400
2025-09-16 00:00:00+09:00,2272.5418529762856,2312.299064659024,2267.633555237676,2300.0283203125,197600
2025-09-17 00:00:00+09:00,2286.776031785288,2297.0834575563745,2263.70703125,2263.70703125,176500
2025-09-18 00:00:00+09:00,2258.307987139047,2279.4136692618417,2257.817157322238,2274.50537109375,340800
2025-09-19 00:00:00+09:00,2267.1427851022327,2279.4135297715457,2246.527934057787,2253.890380859375,444700
2025-09-22 00:00:00+09:00,2257.8169274479055,2280.885926489221,2255.8536083805593,2278.922607421875,714600
2025-09-24 00:00:00+09:00,2278.4318817002286,2306.4091796875,2267.6336263367207,2306.4091796875,660400
2025-09-25 00:00:00+09:00,2315.7350125127236,2328.9874172049326,2308.863395264911,2320.643310546875,697400
2025-09-26 00:00:00+09:00,2321.624707968685,2363.8360662953883,2320.643048472715,2352.05615234375,1349100
2025-09-29 00:00:00+09:00,2373.880567891914,2373.880567891914,2314.85595703125,2314.85595703125,964600
2025-09-30 00:00:00+09:00,2313.863923326788,2327.7520669180317,2290.5516822986297,2318.823974609375,192100
2025-10-01 00:00:00+09:00,2318.8239108863118,2318.8239108863118,2282.615537518461,2308.90380859375,317000
2025-10-02 00:00:00+09:00,2303.447742993742,2303.447742993742,2231.5270016642644,2263.767333984375,242400
2025-10-03 00:00:00+09:00,2264.263377665127,2284.5995876288225,2257.319305970206,2283.111572265625,126800
2025-10-06 00:00:00+09:00,2332.7119894379553,2349.57616286787,2287.0795201570086,2298.983642578125,276800
2025-10-07 00:00:00+09:00,2304.9357568607024,2347.09619140625,2296.5036699515927,2347.09619140625,206900
2025-10-08 00:00:00+09:00,2345.6081634069906,2363.464347353417,2309.399790404514,2312.871826171875,140700
2025-10-09 00:00:00+09:00,2318.3278195079743,2318.3278195079743,2289.559523929998,2297.49560546875,162400
2025-10-10 00:00:00+09:00,2269.2234861985216,2275.6715529352605,2235.991142247636,2242.439208984375,184900
2025-10-14 00:00:00+09:00,2227.559035120715,2236.9831325750224,2202.262773532838,2235.4951171875,166600
2025-10-15 00:00:00+09:00,2257.3194085417645,2260.2954394033886,2232.519151361565,2239.959228515625,111900
2025-10-16 00:00:00+09:00,2239.463217738016,2270.7115417064533,2239.463217738016,2256.327392578125,97600
2025-10-17 00:00:00+09:00,2245.4151648125207,2274.1834616004876,2239.4631034081135,2270.71142578125,95300
2025-10-20 00:00:00+09:00,2301.463758445946,2303.4477789273647,2284.10357923353,2294.023681640625,138600
2025-10-21 00:00:00+09:00,2304.935839685217,2318.823983328683,2291.543701171875,2291.543701171875,154600
2025-10-22 00:00:00+09:00,2304.439847465864,2330.2321143768036,2302.951832067156,2320.31201171875,226100
2025-10-23 00:00:00+09:00,2330.2320145288836,2358.00830078125,2320.3119122958956,2358.00830078125,214400
2025-10-24 00:00:00+09:00,2341.1442036451663,2355.0323472261125,2324.280029296875,2324.280029296875,112400
2025-10-27 00:00:00+09:00,2351.064173838167,2352.5521891380645,2314.8558015406593,2315.351806640625,187100
2025-10-28 00:00:00+09:00,2324.7759298609985,2338.168067711702,2297.4956490540103,2300.4716796875,204100
2025-10-29 00:00:00+09:00,2296.50373272404,2301.463783982623,2208.2148203212587,2212.182861328125,227600
2025-10-30 00:00:00+09:00,2211.1907842440332,2220.1188762396346,2203.7507075810317,2213.1748046875,176200
2025-10-31 00:00:00+09:00,2230.534960118236,2230.534960118236,2211.1907609977975,2217.142822265625,145700
2025-11-04 00:00:00+09:00,2204.246829815765,2219.126983932433,2189.366675699097,2193.334716796875,198600
2025-11-05 00:00:00+09:00,2208.7107414042202,2213.174787367085,2174.9823941292398,2195.318603515625,156700
2025-11-06 00:00:00+09:00,2192.34265967391,2204.7427878394865,2186.3905981544335,2201.270751953125,124500
2025-11-07 00:00:00+09:00,2211.68671984934,2225.078857421875,2199.286592467364,2225.078857421875,119700
2025-11-10 00:00:00+09:00,2232.022998900437,2235.9910397873714,2209.702768911433,2213.1748046875,132200
2025-11-11 00:00:00+09:00,2220.6149650383672,2230.0390625,2201.2707649855424,2230.0390625,122700
2025-11-12 00:00:00+09:00,2245.9112485066125,2263.7674333445625,2227.0630533998874,2231.527099609375,117400
2025-11-13 00:00:00+09:00,2251.8631986929922,2252.8552089126806,2213.6708052349836,2229.54296875,127800
2025-11-14 00:00:00+09:00,2380.824585325762,2489.44970703125,2342.6321909361614,2489.44970703125,830100
2025-11-17 00:00:00+09:00,2461.6733123754902,2493.417638789359,2412.07280235382,2482.009521484375,422300
2025-11-18 00:00:00+09:00,2531.6100215570264,2540.53811332584,2472.5854148632006,2520.201904296875,408900
2025-11-19 00:00:00+09:00,2506.809918924987,2598.5708676786717,2492.921775329835,2597.578857421875,431600
2025-11-20 00:00:00+09:00,2562.8583343547366,2578.7304974473145,2537.56207442594,2552.938232421875,297500
2025-11-21 00:00:00+09:00,2589.146638421666,2596.5867149688547,2567.818418986392,2594.106689453125,282600
2025-11-25 00:00:00+09:00,2595.594745274686,2618.410980375514,2581.706602169834,2607.994873046875,225100
2025-11-26 00:00:00+09:00,2618.906933558148,2721.083984375,2615.9309029518317,2721.083984375,425500
2025-11-27 00:00:00+09:00,2706.699912374334,2713.6439839838704,2680.9076463960555,2687.355712890625,162500
2025-11-28 00:00:00+09:00,2687.3556634002416,2712.651923797697,2675.451540860263,2706.203857421875,200400
2025-12-01 00:00:00+09:00,2721.084073007791,2761.7564926189175,2697.2758273817662,2721.580078125,236000
2025-12-02 00:00:00+09:00,2728.0281009823707,2747.372300243882,2708.18789661159,2718.60400390625,194400
2025-12-03 00:00:00+09:00,2704.7158919144663,2727.0361220879763,2677.435610591287,2687.355712890625,272800
2025-12-04 00:00:00+09:00,2736.9563314966736,2772.668701171875,2718.604141524695,2772.668701171875,457400
2025-12-05 00:00:00+09:00,2778.6207109830125,2813.837074867303,2723.0681369683575,2724.55615234375,262700
2025-12-08 00:00:00+09:00,2748.8603468329597,2782.092689531951,2735.4682087303813,2765.228515625,213100
2025-12-09 00:00:00+09:00,2760.268448913839,2768.7005358197753,2721.084045056841,2741.916259765625,250800
2025-12-10 00:00:00+09:00,2767.7085005830854,2775.6445823051877,2737.4521890175715,2751.34033203125,178000
2025-12-11 00:00:00+09:00,2755.8045024840403,2756.300507614077,2705.2119792202943,2709.676025390625,141500
2025-12-12 00:00:00+09:00,2734.476293115623,2750.844462474015,2723.564180210028,2743.900390625,136900
2025-12-15 00:00:00+09:00,2754.8124465969563,2794.492856342681,2727.53216489677,2784.57275390625,157100
2025-12-16 00:00:00+09:00,2792.5089377158383,2792.5089377158383,2746.87646484375,2746.87646484375,121700
2025-12-17 00:00:00+09:00,2746.8764101433794,2752.82847170382,2694.2998663594863,2709.676025390625,115900
2025-12-18 00:00:00+09:00,2732.4922043630945,2770.6845985790974,2718.1080558921326,2750.348388671875,136900
2025-12-19 00:00:00+09:00,2749.852267513429,2775.644532648836,2744.8922165258505,2770.1884765625,163700
2025-12-22 00:00:00+09:00,2786.5566916538537,2792.0127478318873,2758.2844005494985,2762.25244140625,122500
2025-12-23 00:00:00+09:00,2762.7484592033134,2800.940852624975,2758.2844132189634,2796.476806640625,127200
2025-12-24 00:00:00+09:00,2796.476940454301,2813.3411149799213,2790.0288737239166,2794.492919921875,86700
2025-12-25 00:00:00+09:00,2807.3888927559324,2818.797010164658,2789.5327089857533,2811.35693359375,96500
2025-12-26 00:00:00+09:00,2808.381054807661,2832.1893011218194,2801.932988097576,2821.773193359375,120900
2025-12-29 00:00:00+09:00,2801.436856219021,2826.237111674218,2778.62062120024,2801.932861328125,187300
2025-12-30 00:00:00+09:00,2820.2851260380344,2820.2851260380344,2773.66064453125,2773.66064453125,154700
2026-01-05 00:00:00+09:00,2776.140614156955,2820.2850691614162,2767.7085272459904,2814.3330078125,165500
2026-01-06 00:00:00+09:00,2825.2452635869568,2852.029541015625,2817.8051865234374,2852.029541015625,184600
2026-01-07 00:00:00+09:00,2822.269206010759,2890.717914346345,2807.389052024762,2866.90966796875,232200
2026-01-08 00:00:00+09:00,2856.9894366197186,2873.3576052670187,2840.1252628618936,2852.525390625,149000
2026-01-09 00:00:00+09:00,2861.9496437669836,2866.909695142663,2820.285212211277,2852.029541015625,149400
2026-01-13 00:00:00+09:00,2866.909468851461,2879.3095963118913,2839.1331833400973,2864.429443359375,225100
2026-01-14 00:00:00+09:00,2860.461569307358,2899.1499692390335,2853.02149239742,2898.157958984375,163600
2026-01-15 00:00:00+09:00,2896.66979104045,2906.5898930645612,2864.9254645632946,2887.74169921875,125200
2026-01-16 00:00:00+09:00,2884.2696721525635,2887.7417078714057,2855.00537109375,2855.00537109375,133300
2026-01-19 00:00:00+09:00,2861.9494861945723,2866.9095372971624,2847.0693328868015,2857.9814453125,121600
2026-01-20 00:00:00+09:00,2853.021385177162,2892.7017938722547,2850.0453545250302,2890.7177734375,145600
2026-01-21 00:00:00+09:00,2884.7656977767547,2890.221753945177,2846.0772994915783,2861.949462890625,89000
2026-01-22 00:00:00+09:00,2875.8377463373913,2916.0141619036776,2872.365710424255,2910.55810546875,147700
2026-01-23 00:00:00+09:00,2918.493993444159,2925.934069906032,2878.8135856475014,2886.253662109375,158300
2026-01-26 00:00:00+09:00,2877.3256851960546,2902.621946176058,2870.381613554485,2871.86962890625,160100
2026-01-27 00:00:00+09:00,2844.093306805289,2849.5493630269243,2813.3409899197068,2841.61328125,127200
2026-01-28 00:00:00+09:00,2812.8449722128285,2837.149222545826,2804.9088904714417,2807.388916015625,102100
2026-01-29 00:00:00+09:00,2786.5566337393134,2814.8289242560704,2758.2843432225563,2813.8369140625,137500
2026-01-30 00:00:00+09:00,2839.133394800268,2839.133394800268,2789.0368761289146,2823.26123046875,269400
2026-02-02 00:00:00+09:00,2851.5333042202155,2861.4534061656677,2802.9248046875,2802.9248046875,204000
2026-02-03 00:00:00+09:00,2803.420915434632,2840.125294016048,2797.468854043051,2821.277099609375,185900
2026-02-04 00:00:00+09:00,2827.229284137228,2859.965623216712,2808.8770940472145,2852.029541015625,163100
2026-02-05 00:00:00+09:00,2901.6300166179335,2917.9981859424447,2880.79780111401,2899.64599609375,215400
2026-02-06 00:00:00+09:00,2900.1418861785237,2916.5100548537234,2880.797686835106,2914.030029296875,191500
2026-02-09 00:00:00+09:00,2963.6304815470685,2979.9986498970356,2935.3581907607618,2965.614501953125,218500
2026-02-10 00:00:00+09:00,2973.5506302946947,2985.9507580273666,2934.8622317687586,2957.678466796875,126700
2026-02-12 00:00:00+09:00,2985.9508308659347,3029.5992815496893,2957.1825338243693,3012.735107421875,262400
2026-02-13 00:00:00+09:00,3207.1689676694155,3245.857365361685,3076.223621634042,3119.8720703125,354100
2026-02-16 00:00:00+09:00,3109.951974638608,3185.344749781362,3104.9919236423743,3181.376708984375,283200
2026-02-17 00:00:00+09:00,3169.472597974258,3190.304812233244,3137.728271484375,3137.728271484375,199400
2026-02-18 00:00:00+09:00,3153.600582570043,3178.4008388028997,3128.8003263371866,3164.5126953125,141900
2026-02-19 00:00:00+09:00,3143.6805501353297,3158.5607042066554,3114.912252264101,3152.608642578125,199700
2026-02-20 00:00:00+09:00,3149.632379060805,3172.448613617781,3080.1916651917477,3108.9599609375,167700
2026-02-24 00:00:00+09:00,3132.768347440259,3171.45674691783,3105.9840708788633,3157.568603515625,136300
2026-02-25 00:00:00+09:00,3149.6323826084786,3183.3607293828686,3131.776199022037,3181.376708984375,155500
2026-02-26 00:00:00+09:00,3174.432663690476,3195.264878045945,3163.5205514090403,3166.49658203125,125400
2026-02-27 00:00:00+09:00,3169.4726183609355,3240.8973534225906,3147.648393758763,3228.001220703125,193400
2026-03-02 00:00:00+09:00,3174.432735167538,3243.8734512493274,3166.4966533296188,3227.00927734375,170500
2026-03-03 00:00:00+09:00,3208.1610560624094,3208.1610560624094,3083.1677681638744,3086.143798828125,219500
2026-03-04 00:00:00+09:00,2986.942728745178,3036.5432390199235,2981.9826777177036,3021.6630859375,292900
2026-03-05 00:00:00+09:00,3067.2957246854708,3095.0720119724024,3042.4954681792815,3055.3916015625,185600
2026-03-06 00:00:00+09:00,3017.695258140564,3058.3676794370012,2989.9189704259234,3047.45556640625,159900
2026-03-09 00:00:00+09:00,2907.085997925115,2951.2304534472673,2889.72581878719,2927.918212890625,233300
2026-03-10 00:00:00+09:00,2978.014606191018,2995.8707897058207,2949.7423156259133,2969.58251953125,161400
2026-03-11 00:00:00+09:00,3005.790975150758,3038.5273125038852,2991.90283203125,2991.90283203125,160400
2026-03-12 00:00:00+09:00,2978.0146381978793,2980.9906688156657,2916.5100054303016,2932.878173828125,256600
2026-03-13 00:00:00+09:00,2906.5898817549705,2974.5425803557264,2902.621840960766,2931.39013671875,202700
2026-03-16 00:00:00+09:00,2931.3902821816164,2979.006774074922,2926.926236066619,2963.630615234375,247800
2026-03-17 00:00:00+09:00,2990.9109321124038,3022.655260413431,2985.9508808153682,2993.886962890625,208200
2026-03-18 00:00:00+09:00,3021.663177039429,3096.0639446947002,3015.711115627007,3089.119873046875,274000
2026-03-19 00:00:00+09:00,3061.3436605303077,3066.3037118273432,2993.886962890625,2993.886962890625,315700
2026-03-23 00:00:00+09:00,2956.686408703634,2988.9267402865453,2947.2623117793983,2971.070556640625,402500
2026-03-24 00:00:00+09:00,3020.6710960370688,3045.47135134115,3006.7829530667836,3028.607177734375,208200
2026-03-25 00:00:00+09:00,3083.1678818604933,3096.0640152144783,3061.343656184518,3077.2158203125,313600
2026-03-26 00:00:00+09:00,3092.095940576841,3115.90418651006,3072.2557356324915,3113.920166015625,419500
2026-03-27 00:00:00+09:00,3118.8801534036434,3133.7603068072867,3089.1198465963566,3104.0,867600
2026-03-30 00:00:00+09:00,3003.0,3071.0,2980.5,3056.0,642000
2026-03-31 00:00:00+09:00,3041.0,3052.0,2993.0,3009.0,233100
2026-04-01 00:00:00+09:00,3055.0,3074.0,3036.0,3071.0,140600
2026-04-02 00:00:00+09:00,3082.0,3165.0,3076.0,3076.0,301100
2026-04-03 00:00:00+09:00,3090.0,3104.0,3071.0,3084.0,152600
2026-04-06 00:00:00+09:00,3088.0,3119.0,3076.0,3092.0,153000
2026-04-07 00:00:00+09:00,3107.0,3161.0,3106.0,3151.0,183200
2026-04-08 00:00:00+09:00,3212.0,3237.0,3193.0,3235.0,306900
2026-04-09 00:00:00+09:00,3218.0,3299.0,3210.0,3210.0,249200
2026-04-10 00:00:00+09:00,3224.0,3235.0,3165.0,3165.0,173700
2026-04-13 00:00:00+09:00,3164.0,3209.0,3139.0,3155.0,174300
2026-04-14 00:00:00+09:00,3188.0,3218.0,3155.0,3159.0,171800
2026-04-15 00:00:00+09:00,3190.0,3212.0,3179.0,3191.0,149600
2026-04-16 00:00:00+09:00,3196.0,3212.0,3131.0,3131.0,131500
2026-04-17 00:00:00+09:00,3131.0,3140.0,3101.0,3102.0,117300
2026-04-20 00:00:00+09:00,3123.0,3129.0,3075.0,3075.0,143200
2026-04-21 00:00:00+09:00,3087.0,3108.0,3077.0,3084.0,131300
2026-04-22 00:00:00+09:00,3071.0,3095.0,2986.5,2991.0,113900
2026-04-23 00:00:00+09:00,2979.0,2987.5,2928.0,2959.0,174000
2026-04-24 00:00:00+09:00,2975.0,2992.5,2952.0,2952.0,200600
2026-04-27 00:00:00+09:00,2940.0,2943.0,2913.0,2923.0,133200
2026-04-28 00:00:00+09:00,2930.5,2938.0,2911.0,2938.0,159300
2026-04-30 00:00:00+09:00,2861.0,2875.0,2830.0,2855.5,247300
2026-05-01 00:00:00+09:00,2861.5,2869.5,2823.0,2846.0,153300
